generation,mean_fitness_mean,mean_fitness_std,distance_from_optimum_mean,distance_from_optimum_std,phenotype_variance_mean,phenotype_variance_std,population_size_mean,population_size_std,n_parents_mean,n_parents_std,median_offspring_mean,median_offspring_std,max_offspring_mean,max_offspring_std,extinct_count
0,0.6735759407880908,0.03327190827842944,0.017150382811648112,0.007381453416787,0.004638958459681004,0.0006847424499837608,100.0,0.0,63.0,2.9154759474226504,1.15,0.3570714214271425,4.25,0.6224949798994366,0
1,0.7353799489459313,0.03328605532280396,0.018737886660454183,0.006972426112791361,0.00338615618819567,0.0004947965422191016,100.0,0.0,63.8,1.9899748742132402,1.0,0.0,4.35,0.6538348415311012,0
2,0.7793110667403684,0.03638816428409861,0.018228617495290214,0.008474291398479912,0.002624244652467294,0.0005035158832407361,100.0,0.0,63.75,2.947456530637899,1.05,0.2179449471770337,4.05,0.4974937185533099,0
3,0.818759136695349,0.04518445351545233,0.018387527270241222,0.007230899513933847,0.002012311995805303,0.0004973158488617587,100.0,0.0,62.2,3.1080540535840107,1.125,0.3112474899497183,4.2,0.6782329983125269,0
4,0.834235278308704,0.04777669351852793,0.01598531045694323,0.006687249478274341,0.0018168664642826203,0.0005566009422053942,100.0,0.0,63.1,2.3853720883753127,1.05,0.21794494717703372,4.2,0.9797958971132711,0
5,0.8526489348052907,0.046173630988238304,0.013591898772678173,0.00677792504047523,0.0016140012810784738,0.0005375885569960745,100.0,0.0,63.6,2.8530685235374214,1.05,0.21794494717703372,4.55,0.9733961166965892,0
6,0.8634832573624538,0.05108859140117919,0.013747733137541157,0.006343434615703759,0.0014683843591494522,0.0006122210862340467,100.0,0.0,63.55,2.4181604578687494,1.075,0.23848480035423641,4.15,0.6538348415311012,0
7,0.8693693631200403,0.04443543405111849,0.014626494229782067,0.006136802585315426,0.0013772955376068889,0.0005341970425853094,100.0,0.0,64.05,2.9744747435471695,1.05,0.2179449471770337,4.0,0.5477225575051661,0
8,0.878097565573357,0.04248942679925629,0.015063475602316532,0.007369716831970462,0.0012449431523887723,0.0005309908160557038,100.0,0.0,64.25,2.118372016431486,1.025,0.10897247358851683,4.3,0.9,0
9,0.8816585897446612,0.042662678304520286,0.014789149568503846,0.006527214789006943,0.0012288583047659874,0.0005397535277196194,100.0,0.0,63.7,2.5317977802344327,1.025,0.10897247358851683,4.4,0.9695359714832658,0
10,0.8807912712178867,0.03820666989592832,0.015881055050742842,0.009116288389967833,0.001205209674696023,0.00044485795236551794,100.0,0.0,63.1,2.681417535558384,1.125,0.3112474899497183,4.25,0.698212002188447,0
11,0.8889420177872435,0.032291554484096964,0.017199719873559,0.008011367021443866,0.0010686405581233458,0.0003821838499983017,100.0,0.0,64.7,2.3473389188611007,1.0,0.0,4.25,1.0428326807307104,0
12,0.887377420411957,0.037326327253169804,0.015402018043940396,0.007267621471088787,0.0011421038087372137,0.0004982867074440799,100.0,0.0,63.15,3.902242944769072,1.2,0.3674234614174767,3.95,0.49749371855331004,0
13,0.8915325456382881,0.030359249429296943,0.01578438569852828,0.005918593359901939,0.0010770992929547778,0.0003998705544992881,100.0,0.0,62.4,3.916631205513228,1.15,0.3570714214271425,4.45,0.5894913061275798,0
14,0.8955363563536294,0.02864873197776889,0.017305672074565116,0.007396462712871028,0.001000251566439386,0.0003547270135469673,100.0,0.0,62.5,3.427827300200522,1.075,0.23848480035423641,4.15,0.6538348415311012,0
15,0.9006203187147428,0.028030376590267022,0.01575129578870902,0.0069684873514910565,0.0009559801071890375,0.0003724655737368662,100.0,0.0,62.7,2.8653097563788807,1.1,0.2549509756796392,4.4,0.6633249580710799,0
16,0.8960728942999394,0.036304469091821154,0.01668476025476482,0.00811187538619875,0.000991819157219509,0.0004866457526552056,100.0,0.0,64.15,3.2905166767545793,1.05,0.21794494717703372,4.0,0.8366600265340756,0
17,0.8976720384843464,0.032117930539471165,0.01722470324012077,0.008655022201276596,0.0009694947998028023,0.00040963887192713914,100.0,0.0,63.65,2.5937424698685874,1.05,0.21794494717703372,3.85,0.3570714214271425,0
18,0.8987070334400235,0.03303694355593715,0.01562976887698072,0.008831315976326892,0.0009777880114511714,0.0004703251059221472,100.0,0.0,63.75,2.662235902394827,1.05,0.21794494717703372,4.2,0.8717797887081348,0
19,0.9036053543299782,0.027437677707148434,0.01549580844883459,0.009749916005594696,0.0008970586651100363,0.0003742443949739441,100.0,0.0,63.1,3.766961640367472,1.1,0.3,4.4,0.6633249580710799,0
20,0.9045057976568984,0.027645804854086985,0.018162795353154865,0.007802869802102027,0.0008730114724722975,0.0004009865785665096,100.0,0.0,62.5,2.5592967784139455,1.0,0.0,4.25,0.6224949798994366,0
21,0.9077386298522019,0.025262214412939923,0.017266232990982934,0.008138170723186176,0.0008451392005659466,0.00032268434698087817,100.0,0.0,64.4,2.615339366124404,1.025,0.10897247358851683,4.15,0.653834841531101,0
22,0.9088431236208413,0.026238360532672287,0.017429445579640858,0.006056022613997788,0.0008432420966797514,0.0003403115116237378,100.0,0.0,64.3,3.287856444554719,1.0,0.0,4.1,0.7000000000000001,0
23,0.9095005084848216,0.028951459771441215,0.01544522155507034,0.00697087640646705,0.000863443673329505,0.0003926992565108308,100.0,0.0,63.6,3.32264954516723,1.1,0.3,4.4,0.7999999999999999,0
24,0.9145872143354922,0.025491106561250282,0.01639280082529657,0.008259457318067575,0.0007738012742998311,0.00027966776518524795,100.0,0.0,62.1,2.022374841615669,1.1,0.3,4.35,0.8529361054615991,0
25,0.9139799285443242,0.02699852413184653,0.017897911433606726,0.008055823359548632,0.0007537768831634133,0.0003006999721385153,100.0,0.0,63.9,2.5475478405713994,1.05,0.21794494717703372,4.15,0.7262919523166976,0
26,0.9186918446545558,0.0266527838286168,0.016404632341984426,0.008825481702858793,0.0007197938312454623,0.00028817861095396536,100.0,0.0,64.15,2.4550967394381837,1.0,0.0,4.05,0.5894913061275798,0
27,0.9174066110772718,0.02730487035754492,0.01664867742742817,0.00845178525508985,0.0007383691571863975,0.0003249656569794978,100.0,0.0,63.0,1.8973665961010275,1.0,0.0,4.25,0.7664854858377946,0
28,0.9146280784167825,0.023687580044505066,0.017422275010107926,0.00895423790907645,0.0007537252338684921,0.00028333958069666894,100.0,0.0,63.45,3.0573681492420897,1.075,0.23848480035423641,4.05,0.49749371855331,0
29,0.9137102642821715,0.022307707686231876,0.017138008220720147,0.006463332302450062,0.0007845930740514321,0.0002696513790304997,100.0,0.0,63.55,3.169779172119093,1.0,0.0,4.4,0.7999999999999999,0
30,0.9118838747727,0.024020812481991907,0.018157714451967573,0.0071213573696428485,0.0007925409883252335,0.00027259812683414516,100.0,0.0,63.85,2.7069355367278325,1.05,0.21794494717703372,4.3,0.6403124237432849,0
31,0.9158810795263503,0.0220402684913359,0.017689873159473284,0.007256800641786645,0.0007473159261858613,0.00023340123192967124,100.0,0.0,63.25,3.5899164335677787,1.05,0.15,4.1,0.8306623862918074,0
32,0.9169951274666761,0.02443156292198195,0.018283104696744837,0.006627648492064144,0.0007266635749509309,0.0002613552374971678,100.0,0.0,62.8,2.6381811916545836,1.05,0.21794494717703372,4.05,0.5894913061275798,0
33,0.9198457156422439,0.023021183179222318,0.01708269238075749,0.006217244033701831,0.0007153636726187435,0.00026549873866675425,100.0,0.0,63.9,3.8327535793473597,1.0,0.0,4.1,0.8888194417315588,0
34,0.9194085559434125,0.027890752019759886,0.01723469808697726,0.005722047204952561,0.0007224458348854559,0.0003320695937812971,100.0,0.0,62.85,3.4536212878658255,1.075,0.23848480035423641,4.35,0.7262919523166975,0
35,0.9192812192313188,0.026120419595864804,0.015888585591995626,0.007728377339801858,0.0007400719758652079,0.0003019511122011009,100.0,0.0,63.95,3.3537292675468007,1.075,0.23848480035423641,4.15,0.4769696007084728,0
36,0.9254007527122317,0.027372571311795806,0.01644689793352637,0.006993316947771567,0.0006647063096258605,0.0002996210388320326,100.0,0.0,63.55,3.089902911096076,1.1,0.3,4.35,0.792148975887743,0
37,0.9284326409075234,0.0251052437942292,0.016629933184116357,0.0077176914637588955,0.0006119816690092525,0.0002469748203802445,100.0,0.0,63.5,2.8548204847240397,1.125,0.3112474899497183,4.3,0.714142842854285,0
38,0.9266102898089326,0.02970736627739091,0.016560002939946677,0.007589110043555466,0.0006389949188700375,0.0003087501852088917,100.0,0.0,63.55,2.854382595238418,1.0,0.0,4.3,0.6403124237432849,0
39,0.9242221305346865,0.029156833225981272,0.01615582493639229,0.00781315558843433,0.0006734007219643902,0.0002993222660586329,100.0,0.0,63.5,2.5592967784139455,1.025,0.10897247358851683,4.15,0.653834841531101,0
40,0.9286666752597833,0.03137911523218016,0.016943191257800715,0.008830397379234309,0.000598073006480903,0.0003083737385518092,100.0,0.0,63.75,3.672533185690771,1.025,0.10897247358851683,3.9,0.6244997998398398,0
41,0.926719903867587,0.025608516513762055,0.017364974761727804,0.008599304805022169,0.0006152951864823692,0.0002686038267003735,100.0,0.0,63.35,2.554897258208243,1.0,0.0,4.05,0.6689544080129826,0
42,0.9320586996408778,0.024041106328504248,0.017270827060388662,0.008542253474845628,0.0005519548670692716,0.00028746038593285644,100.0,0.0,62.85,3.5535193822462827,1.025,0.10897247358851683,4.15,0.7921489758877431,0
43,0.9298713795346861,0.023861050692742535,0.018338158822136547,0.00804031688165325,0.0005686718422227806,0.00024205550118217432,100.0,0.0,63.15,3.5252659474144643,1.05,0.21794494717703372,4.35,0.9096702699330126,0
44,0.9298779768869185,0.021900313173731745,0.01776990944838927,0.00793956252105116,0.0005785182798752147,0.00023909496053232322,100.0,0.0,64.35,3.4391132578035286,1.05,0.21794494717703372,4.2,1.0770329614269007,0
45,0.9271394455516111,0.026819119867769962,0.018220273254981417,0.008319218619252567,0.0006158420070057532,0.000365619843077557,100.0,0.0,64.0,3.271085446759225,1.05,0.21794494717703372,4.4,0.66332495807108,0
46,0.9322798409664699,0.01813174005650429,0.017688686492900306,0.00898764578404447,0.0005423875271783458,0.0001795765649381113,100.0,0.0,64.0,2.32379000772445,1.025,0.10897247358851683,4.05,0.5894913061275798,0
47,0.936747497971479,0.01694505494188632,0.01743433378360626,0.007425765523519399,0.0005126209496424132,0.00017833755648355957,100.0,0.0,62.95,3.3387872049593095,1.075,0.23848480035423641,4.25,0.7664854858377946,0
48,0.9356722670428942,0.019122179203511325,0.01774516803464127,0.007959085496225317,0.0005128503297245795,0.00018961380413908655,100.0,0.0,63.8,3.3406586176980126,1.05,0.21794494717703372,4.0,0.5477225575051661,0
49,0.937130634392531,0.021377839640610775,0.01704430046283506,0.0088669130254273,0.0005067335710862109,0.00018842233272405116,100.0,0.0,63.2,2.6758176320519302,1.05,0.2179449471770337,4.1,0.6244997998398398,0
50,0.9371708102825383,0.017435039499884137,0.017105912044490575,0.008503614058089373,0.000503598894662831,0.00016569591841820696,100.0,0.0,64.4,2.8,1.05,0.15,4.0,0.8366600265340756,0
51,0.9336973059856328,0.017484815866235244,0.01833955565465636,0.008804665247553667,0.0005252368836845921,0.00017663282792464404,100.0,0.0,62.7,3.874274125562103,1.125,0.3112474899497183,4.5,0.5916079783099616,0
52,0.9350482252735348,0.022661871453180424,0.016650395831829326,0.008448595002208452,0.0005543738192879614,0.00020510975024619116,100.0,0.0,64.45,3.2935543110748915,1.0,0.0,4.5,0.9746794344808963,0
53,0.9364036620067804,0.02444004448538287,0.016818706508027848,0.008578344862936729,0.000521644517203633,0.00021450304741935084,100.0,0.0,62.95,2.376446927663229,1.075,0.23848480035423641,4.35,0.47696960070847283,0
54,0.9340910078143188,0.02437072882688001,0.01684182059087408,0.00766703768661552,0.0005548382774421328,0.0002407103835278148,100.0,0.0,62.55,3.5563323804166562,1.1,0.2549509756796392,4.55,0.5894913061275798,0
55,0.9328853734515381,0.027687532071663478,0.016883804289295378,0.007853928873177443,0.0005740744654630591,0.0002442855933877168,100.0,0.0,64.05,3.57036412708844,1.05,0.21794494717703372,4.1,0.6244997998398398,0
56,0.9317225079553676,0.030080318356541364,0.016212645340403266,0.007918182838489595,0.0006053551456875323,0.0003154110945617919,100.0,0.0,63.5,3.0083217912982647,1.0,0.0,3.95,0.3840572873934304,0
57,0.9338575265144149,0.0307398317552125,0.015951666836163045,0.006711002280924004,0.0005923018054869014,0.0003036134150866445,100.0,0.0,62.4,3.2619012860600183,1.075,0.23848480035423641,4.35,0.5722761571129799,0
58,0.9379014177146547,0.02549380643246457,0.015970427438766317,0.005791168655643309,0.0005375771341943824,0.00024281644878202776,100.0,0.0,63.25,2.9979159427842537,1.125,0.3112474899497183,4.2,0.6,0
59,0.936881061817102,0.019734055267133694,0.015821577084761018,0.006486791242801473,0.000553814714853986,0.00019519628494161194,100.0,0.0,62.95,2.4181604578687494,1.1,0.3,4.35,0.7262919523166975,0
60,0.9399169928485402,0.02080986014913007,0.015068583514908862,0.006545687487959794,0.0005187496199161358,0.00020892044533340703,100.0,0.0,64.3,2.685144316419511,1.05,0.2179449471770337,4.2,0.6,0
61,0.9392886464126498,0.02038519558340917,0.01527457298923213,0.007046084832818087,0.0005335368737487079,0.00022171413076001008,100.0,0.0,63.6,2.817800560721074,1.05,0.21794494717703372,4.1,0.5385164807134504,0
62,0.9388343388018349,0.023139566957973774,0.015253023969187476,0.007012864065926538,0.0005294716949433861,0.00023977270960765497,100.0,0.0,63.85,2.7253440149823285,1.05,0.21794494717703372,4.05,0.739932429347437,0
63,0.9362472871248197,0.01987103205460694,0.015460679065320082,0.00701816675572435,0.0005575528354402903,0.00022964602324583854,100.0,0.0,62.0,2.6457513110645907,1.1,0.3,4.5,1.0723805294763609,0
64,0.935893990306891,0.022923323227297464,0.017021074116922805,0.007364454932173104,0.0005317577421435286,0.00022677289226894398,100.0,0.0,63.1,3.576310948449533,1.0,0.0,4.25,0.7664854858377946,0
65,0.9338816962834204,0.022920180226559225,0.017751764807454752,0.007668014703145914,0.0005412029733695374,0.00020811784130716232,100.0,0.0,63.95,2.8892040426387333,1.0,0.0,4.25,0.8874119674649424,0
66,0.9337155335432668,0.020035032564360133,0.018956944418579397,0.007170511380422296,0.0005274703760583363,0.00020262459203755184,100.0,0.0,63.45,2.5782746168707473,1.1,0.3,4.05,0.739932429347437,0
67,0.9344751439631149,0.02227351973190899,0.01779994800840312,0.008242359832874736,0.0005305884227347656,0.00023771297484685773,100.0,0.0,62.65,3.7719358425084595,1.1,0.3,4.1,0.5385164807134504,0
68,0.9356779422847377,0.021857143219407456,0.01710762947332842,0.008830261406423347,0.000518154906956955,0.0002266972147483062,100.0,0.0,63.15,2.7436289836637897,1.075,0.23848480035423641,4.25,0.6224949798994366,0
69,0.93826854146207,0.021178488288229623,0.017284697596581498,0.009775071454735875,0.0004788156303328573,0.00018969432153258142,100.0,0.0,63.7,2.4919871588754225,1.05,0.21794494717703372,3.95,0.5894913061275798,0
70,0.9383933829021283,0.022529716550877942,0.01734072192522962,0.008520639954792566,0.00048744691758245495,0.0002105576924657333,100.0,0.0,64.6,3.3823069050575523,1.05,0.21794494717703372,4.1,0.8306623862918076,0
71,0.9398690987981609,0.02171775687246824,0.017745260944726372,0.007891974416747752,0.0004682484590525512,0.00022018845074020188,100.0,0.0,63.8,2.1587033144922905,1.0,0.0,4.2,0.7483314773547883,0
72,0.9357336073885459,0.023354633576741134,0.017380718200667996,0.008600438047592671,0.0005224210088685136,0.00020618885301583939,100.0,0.0,63.4,2.7459060435491964,1.075,0.23848480035423641,4.15,0.7262919523166976,0
73,0.9390856809425083,0.02121948171683187,0.017433303375995017,0.008924972669395034,0.0004653115197572503,0.00015196397000290083,100.0,0.0,62.95,2.747271373563231,1.1,0.3,4.5,0.806225774829855,0
74,0.9379130681219596,0.022362460397854958,0.016518862641292854,0.007645297890201555,0.0005099955000018556,0.00018617743737835406,100.0,0.0,63.7,1.8734993995195195,1.125,0.3112474899497183,4.15,0.5722761571129799,0
75,0.9358617349326858,0.02614895143182922,0.014862247293279543,0.008466731892604223,0.0005610746543982649,0.0002816263724835487,100.0,0.0,63.35,2.372235232855292,1.2,0.4,4.25,0.7664854858377946,0
76,0.938038951824101,0.02398889151108386,0.013658325719284279,0.007873554432467109,0.000560423370102,0.00026585263023157343,100.0,0.0,63.85,3.1980462785894765,1.125,0.3112474899497183,4.05,0.49749371855331004,0
77,0.9378327286490391,0.0196440971362101,0.014516395121307295,0.008042275556961168,0.0005515208401163849,0.000208627952504132,100.0,0.0,62.45,2.5975950415721076,1.025,0.10897247358851683,4.45,0.8046738469715541,0
78,0.9390377871067255,0.021482275651766084,0.01498865997857519,0.007343616824600997,0.0005308840933396443,0.00021950169433550905,100.0,0.0,63.4,3.2155870381627056,1.125,0.3112474899497183,4.25,0.698212002188447,0
79,0.9341543505668447,0.024515304697733574,0.014621324962763855,0.00876649877935259,0.0005874090803979996,0.00024021093691843368,100.0,0.0,62.65,3.7453304260105007,1.025,0.10897247358851683,4.25,0.698212002188447,0
80,0.9326984455631294,0.0223866951557118,0.014550938046446088,0.008223669331157793,0.0006086188958840633,0.0002107460939341867,100.0,0.0,62.65,3.785168424258028,1.05,0.21794494717703372,4.1,0.5385164807134504,0
81,0.9315805406901425,0.026685645481364,0.014233747539245773,0.007909037139528069,0.0006332185460546274,0.00025895780534033764,100.0,0.0,63.4,3.1208973068654475,1.0,0.0,4.45,0.5894913061275798,0
82,0.9307038037727182,0.02414261017302275,0.013978520283330454,0.008182020692893904,0.00065085253886148,0.0002668646431655104,100.0,0.0,63.35,3.1666228067138023,1.025,0.10897247358851683,4.3,0.9539392014169457,0
83,0.9334815009338833,0.019738249277675597,0.012210527534324995,0.008987080180129118,0.0006168745887618487,0.0001995276716723225,100.0,0.0,62.5,3.170173496829472,1.0,0.0,4.45,0.6689544080129827,0
84,0.9320876076722439,0.025456135124770417,0.012659326304282677,0.008693402257570048,0.0006439675020210263,0.0003098198797473645,100.0,0.0,64.3,2.5709920264364885,1.025,0.10897247358851683,4.15,0.792148975887743,0
85,0.9301815728040269,0.025668550008484455,0.013448337534729737,0.00784528220910198,0.000658181266382794,0.0003147382236937091,100.0,0.0,62.4,3.4263683398023628,1.125,0.3112474899497183,4.45,0.9205976319760985,0
86,0.9308150694731013,0.021663202842784723,0.01396907462375491,0.008089514286838606,0.0006435685174361041,0.000281333246189175,100.0,0.0,64.35,2.95423424934449,1.0,0.0,4.15,1.0136567466356647,0
87,0.9251431265826688,0.02051942579475636,0.013957327890594826,0.008232211628635218,0.0007110437494034342,0.00027452640439957566,100.0,0.0,62.75,2.7179955849853767,1.0,0.0,4.25,0.698212002188447,0
88,0.9280734923219951,0.02237210204642004,0.01402297509418321,0.007682782846114096,0.0006767082410780968,0.0002973440433722295,100.0,0.0,63.5,2.9748949561287032,1.0,0.0,4.25,0.698212002188447,0
89,0.930447260617807,0.021865118079245852,0.0158492984142739,0.00766550168049159,0.0006176522406322073,0.0002411354136076599,100.0,0.0,64.35,2.393219588754864,1.05,0.21794494717703372,4.2,0.7483314773547883,0
90,0.9361694299760656,0.021411289801333198,0.01512544375088427,0.008053977147725915,0.0005556144262028803,0.0002118417451883645,100.0,0.0,65.3,3.1638584039112754,1.0,0.0,4.0,0.7745966692414834,0
91,0.9343479326042375,0.023624796333128795,0.015430721311967144,0.007286900807924029,0.0005793145228981573,0.00025259513797403627,100.0,0.0,62.15,3.811495769379785,1.2,0.3674234614174767,4.2,0.8717797887081347,0
92,0.9347279389841484,0.024785087911953864,0.016028864018971595,0.00875679673416311,0.0005609564380348146,0.00028316803974136616,100.0,0.0,63.3,3.116087290176577,1.025,0.10897247358851683,4.35,0.6538348415311012,0
93,0.9379066258230141,0.024230589353045704,0.01528881157448933,0.007864321228460348,0.0005333630296213397,0.00026502503281864093,100.0,0.0,64.7,2.8478061731796287,1.05,0.21794494717703372,4.1,0.8306623862918074,0
94,0.9408048779649579,0.025838720967401384,0.014625804367194812,0.008916402374642637,0.0004969521445479434,0.0002620143033733428,100.0,0.0,62.3,3.0182776545573144,1.1,0.3,4.45,0.6689544080129827,0
95,0.936811109948229,0.029632493282095093,0.01548345785367632,0.00818416682220709,0.0005422172975043124,0.0003170809640254903,100.0,0.0,63.65,2.903015673398957,1.0,0.0,4.3,0.5567764362830022,0
96,0.9368235108288182,0.025285625144593878,0.01590548836499705,0.007418298873397693,0.0005355212367053649,0.00027373173890338204,100.0,0.0,64.35,3.3507461855533016,1.075,0.23848480035423641,4.0,0.6324555320336759,0
97,0.9343815183772145,0.022043940652580665,0.01445501965652439,0.007993283280876859,0.0005869132758620786,0.0002530618913405219,100.0,0.0,63.7,3.3481338085566414,1.15,0.3570714214271425,4.4,0.7348469228349535,0
98,0.9340123871188062,0.02222608798511702,0.01500486667908161,0.007774146909540796,0.0005881177205823933,0.00024133296336492337,100.0,0.0,63.25,2.6995369973386176,1.1,0.2549509756796392,4.3,0.7810249675906654,0
99,0.9327919224972815,0.017054549416300507,0.014425224351031668,0.00738122480275222,0.0006137211059117222,0.00018163712003797873,100.0,0.0,62.7,3.536947836765479,1.2,0.4,4.1,0.7681145747868608,0
100,0.9296352439472967,0.024437355269410044,0.01474454972386779,0.0075755670509913215,0.0006804706440193118,0.0003943848162208071,100.0,0.0,64.1,2.773084924772409,1.0,0.0,4.25,0.8874119674649424,0
101,0.9284401808357924,0.02251733271352615,0.015577429221837724,0.007480887293079564,0.0006703822158162145,0.000302926734628563,100.0,0.0,64.75,1.894069692487581,1.025,0.10897247358851683,4.1,0.7681145747868608,0
102,0.9242517647713087,0.023010736402373097,0.016490956803517184,0.00811218779680304,0.000699703074607748,0.00032041257220122895,100.0,0.0,63.35,3.758656674930553,1.1,0.3,3.9,0.6244997998398398,0
103,0.9278336703444534,0.024720737924138293,0.015266542078485042,0.008270907730786713,0.0006668866579387539,0.0003181059791294044,100.0,0.0,63.95,3.0736785778607367,1.05,0.21794494717703372,4.2,0.6,0
104,0.9312211850047115,0.021973115820262522,0.015047343101980961,0.00856739777217972,0.0006234838786815833,0.00031364948670531314,100.0,0.0,64.15,3.5815499438092444,1.15,0.3570714214271425,4.25,0.698212002188447,0
105,0.9306003065588465,0.02246964941388899,0.015853796263271675,0.007615962922475654,0.0006308891058904809,0.00030168971608551007,100.0,0.0,64.3,2.3473389188611007,1.05,0.21794494717703372,4.05,0.804673846971554,0
106,0.9313699026944547,0.019729351770294435,0.015657853068018476,0.007186350025924096,0.0006262818993543828,0.00029240403298395597,100.0,0.0,62.15,1.8241436346954694,1.1,0.3,4.4,0.6633249580710799,0
107,0.9358156430618825,0.01939177278052858,0.01680559796755401,0.0069593634657650625,0.0005451616248921545,0.0002252659244384349,100.0,0.0,64.3,3.6891733491393435,1.0,0.0,4.1,0.5385164807134504,0
108,0.93381414506354,0.02111168238225629,0.01689389353579039,0.007914084247002634,0.0005573962499361392,0.00021244363801892037,100.0,0.0,63.05,3.4709508783617204,1.05,0.15,4.2,0.6,0
109,0.9373204559169714,0.020390878902425306,0.017351645654770396,0.009037919017868589,0.0004955294363257174,0.0001893645585784734,100.0,0.0,61.95,2.6358110706194404,1.025,0.10897247358851683,4.5,1.0723805294763609,0
110,0.9399587487739461,0.021343147981547333,0.01658281890847786,0.009539688697687955,0.00047628679253382917,0.00022266029153225131,100.0,0.0,63.9,2.754995462791182,1.05,0.21794494717703372,4.15,0.8529361054615991,0
111,0.938431105623259,0.02224330531215424,0.017220929939012634,0.007967876266021585,0.0004961719244100974,0.00021964932396527885,100.0,0.0,63.2,3.325657829663178,1.025,0.10897247358851683,4.1,0.8306623862918076,0
112,0.9392812682636917,0.019672976528327727,0.01669371636221419,0.007572329083729301,0.000492075144613113,0.00018686813515021527,100.0,0.0,64.15,3.118894034750139,1.05,0.21794494717703372,4.25,0.7664854858377946,0
113,0.9422388629643761,0.021419241825008824,0.016172933924523257,0.0073998909934308126,0.0004729872163829642,0.0001891719653327234,100.0,0.0,63.05,2.7290108097990378,1.125,0.3112474899497183,4.3,0.6403124237432849,0
114,0.9383057076267315,0.02158062078269096,0.015950192215233836,0.007902350936365016,0.0005235782979023972,0.00017580654497679674,100.0,0.0,62.9,3.254228019054596,1.05,0.21794494717703372,4.35,0.7262919523166975,0
115,0.9402759491832949,0.019182038105098213,0.016267203858655578,0.007600023069646351,0.0004906090873987167,0.00016087271330318787,100.0,0.0,63.75,2.6433879775772606,1.025,0.10897247358851683,4.55,0.9733961166965892,0
116,0.941598172343196,0.020703821683175205,0.015590328949743304,0.008433717943433366,0.0004765511939757904,0.00018002122055386056,100.0,0.0,63.4,2.7820855486487113,1.075,0.23848480035423641,4.15,0.5722761571129799,0
117,0.9412119852067287,0.01648090573342658,0.01485803641080255,0.008067830908581304,0.0005112055079638363,0.00015969768319550235,100.0,0.0,63.55,2.957617284234051,1.05,0.21794494717703372,4.1,0.43588989435406733,0
118,0.9331473878020711,0.02383801615050046,0.016188277409449225,0.008764558911162637,0.0005857206114352742,0.00020574087036802997,100.0,0.0,63.55,3.2167530212933664,1.075,0.23848480035423641,4.0,0.6324555320336759,0
119,0.9353889253367276,0.022982231216353576,0.015671784615944005,0.00821510782094993,0.0005554905228440249,0.00024318400830154358,100.0,0.0,62.95,2.246664193866097,1.025,0.10897247358851683,4.25,0.7664854858377946,0
120,0.9395733744770391,0.021372689729308614,0.01548636479951417,0.008080064172156377,0.0005119367603060455,0.00021590255815536011,100.0,0.0,63.1,3.176476034853718,1.075,0.23848480035423641,4.1,0.6244997998398398,0
121,0.9400424125935583,0.022100151789957608,0.015235887229700689,0.0074320586615356145,0.0005237036037339245,0.0002460285659461412,100.0,0.0,62.85,2.5937424698685874,1.025,0.10897247358851683,4.4,0.58309518948453,0
122,0.9416081625633215,0.02590613889426258,0.015372480568991664,0.007247090634916866,0.0005066145003988767,0.00026508954963679065,100.0,0.0,63.95,2.3973944189473704,1.025,0.10897247358851683,4.05,0.5894913061275798,0
123,0.9410325053764627,0.021105776437021537,0.0152890137122317,0.00661676708236102,0.0005134300408684993,0.0002098553040673635,100.0,0.0,62.9,3.548238999842034,1.1,0.3,4.2,0.5099019513592784,0
124,0.9406826099952996,0.027179311705974117,0.015454171430921562,0.007268512876082013,0.0005250447786269948,0.0002784479244444267,100.0,0.0,64.0,3.8340579025361627,1.175,0.36314597615834876,4.0,0.6324555320336759,0
125,0.9463092666277456,0.02600241312868337,0.014860492455823085,0.0067025078031121964,0.000459466164526982,0.0002374630719810092,100.0,0.0,63.35,3.5535193822462823,1.15,0.3570714214271425,4.0,0.8366600265340756,0
126,0.944068626953884,0.022052679399095332,0.015478686392313482,0.007508161776775509,0.00046951797131345737,0.0002134308003724149,100.0,0.0,62.85,3.7050641020095725,1.15,0.3570714214271425,4.05,0.739932429347437,0
127,0.9433912212771596,0.021258573773127013,0.014996607054712192,0.007849002280655128,0.0004780770820184673,0.00023385220634804919,100.0,0.0,63.55,3.2167530212933664,1.075,0.23848480035423641,3.95,0.49749371855331004,0
128,0.9448741611380145,0.016837020435157765,0.015341644214494585,0.007747655601658811,0.0004549703835773584,0.0001712356601503608,100.0,0.0,63.95,2.9576172842340505,1.0,0.0,4.0,0.7071067811865476,0
129,0.9428020251974211,0.019342882039917225,0.015791041702051783,0.008870022531645547,0.0004688059609944973,0.00017369887196777922,100.0,0.0,63.8,2.541653005427767,1.05,0.21794494717703372,4.45,0.5894913061275798,0
130,0.9380194259953303,0.0173439715414046,0.01618192084968647,0.009608682795010358,0.0005161189363778196,0.00016116618642452742,100.0,0.0,63.1,2.6814175355583845,1.05,0.21794494717703372,4.3,0.7810249675906654,0
131,0.9376918429136873,0.02155523103417001,0.015534108420715,0.00992067240831686,0.0005174129613642654,0.0001847413128106655,100.0,0.0,64.25,2.680951323690902,1.0,0.0,4.25,0.7664854858377946,0
132,0.9367777672683545,0.024715452075430574,0.014675521317540218,0.009828035088569956,0.0005469183749561293,0.00026531758879276454,100.0,0.0,62.5,2.5199206336708304,1.075,0.23848480035423641,4.55,0.8046738469715541,0
133,0.9398435139286118,0.027774631246728198,0.01435441148868688,0.009685404594755162,0.0005260594710822356,0.0002426239158484582,100.0,0.0,64.0,3.146426544510455,1.05,0.21794494717703372,3.9,0.7681145747868608,0
134,0.9423016241607318,0.02614440730721519,0.013395313406753848,0.009648994588264407,0.0005030811264510218,0.0002070548901617033,100.0,0.0,64.4,2.9899832775452104,1.05,0.15,4.05,0.804673846971554,0
135,0.9402325858760658,0.0277400363009561,0.013496938917643026,0.009531540053085492,0.0005314856584747906,0.00024055075738619339,100.0,0.0,64.1,2.605762844159076,1.025,0.10897247358851683,4.2,0.6782329983125268,0
136,0.9377375242245435,0.03011220191367324,0.014380506421588784,0.009303325469561917,0.0005513968471923624,0.00024179029183717666,100.0,0.0,63.8,2.3151673805580453,1.1,0.3,4.15,0.7262919523166975,0
137,0.9403995471579887,0.0295791118365613,0.01297194140187207,0.009522726466764976,0.0005330159439819835,0.00025591675708595363,100.0,0.0,64.35,3.7453304260105007,1.1,0.3,4.2,0.5099019513592785,0
138,0.9378664066824465,0.03309549356768277,0.013872921717591611,0.009633305669857584,0.0005540574170105142,0.000240951432666429,100.0,0.0,63.6,2.353720459187964,1.0,0.0,4.15,0.7262919523166976,0
139,0.9349663474795266,0.027662615116040873,0.015153918203709232,0.008541645994673825,0.000579763489416719,0.00023253685806817281,100.0,0.0,63.1,3.5482389998420345,1.05,0.15,4.35,0.9096702699330126,0
140,0.9320331834922453,0.03427224552190857,0.016221446023661323,0.009532770472682727,0.0005914577240319727,0.00023259967722786501,100.0,0.0,63.25,3.1284980421921316,1.025,0.10897247358851683,3.8,0.6,0
141,0.9362963546611436,0.028631753214453583,0.014298475208250522,0.009777987581200288,0.0005567762523596974,0.00020734873220635335,100.0,0.0,62.05,2.654712790491657,1.15,0.3570714214271425,4.5,0.7416198487095663,0
142,0.9377542738762786,0.030756245738879407,0.014561725944952508,0.010418967172079173,0.0005319078924770881,0.00021477349469177908,100.0,0.0,63.35,2.2197972880423116,1.05,0.21794494717703372,4.25,0.8874119674649424,0
143,0.939931334720802,0.029897063806220325,0.0149727359744419,0.011112865686931742,0.00048746270672049243,0.00020762737329161813,100.0,0.0,62.7,3.3926390907374753,1.075,0.23848480035423641,4.55,0.5894913061275798,0
144,0.9353458130548589,0.027866326208322863,0.015758544331253198,0.011058857396850445,0.0005333061035880099,0.00022344212955372684,100.0,0.0,62.95,3.007906248539007,1.025,0.10897247358851683,4.3,0.714142842854285,0
145,0.9367114538591361,0.027148250940138032,0.0148801184811859,0.01101590427490997,0.0005310906053999716,0.00023322875607176835,100.0,0.0,63.25,3.2384409829422554,1.1,0.3,4.35,0.5722761571129799,0
146,0.9453101139314617,0.02159179847321061,0.014093799817919792,0.010868697076811122,0.00043577779258404574,0.00015792386853071336,100.0,0.0,62.75,2.56661255354212,1.0,0.0,4.25,0.698212002188447,0
147,0.944108347687812,0.02316100533938951,0.014161779598204716,0.010123841598910052,0.0004833097189724107,0.0002881041396527708,100.0,0.0,63.45,2.6167728216259047,1.05,0.15,4.0,0.8944271909999159,0
148,0.9447634434493605,0.02233304415930622,0.014082077801994067,0.009619963734164632,0.0004511927857852602,0.00017266456866838584,100.0,0.0,63.6,2.8000000000000003,1.0,0.0,4.25,0.6224949798994366,0
149,0.9443869485062416,0.022535986834022415,0.015734129015716948,0.009640899343307524,0.00043565955735552574,0.00015506573883175843,100.0,0.0,63.5,3.7349698793966195,1.05,0.15,4.2,0.5099019513592784,0
150,0.944804333616055,0.021275626715935095,0.01444575024098232,0.009899137157339841,0.00044830641810443496,0.00013727791080050408,100.0,0.0,63.4,2.764054992217051,1.125,0.3112474899497183,4.25,0.8874119674649424,0
151,0.9430912985375057,0.023088343673284877,0.015393916352094153,0.009666685264477545,0.00046188406493519635,0.00017874396555488765,100.0,0.0,63.75,2.5273503912200224,1.1,0.3,4.05,0.804673846971554,0
152,0.9418124749226964,0.02173621470055763,0.01604664299775237,0.009357909417155556,0.0004615968295494011,0.00018228036582057603,100.0,0.0,64.35,3.9909272105614755,1.05,0.21794494717703372,4.05,0.5894913061275798,0
153,0.941307116689061,0.021728034954176578,0.015394648980031133,0.008318787126875605,0.0004928737299417987,0.00020683557630951077,100.0,0.0,62.75,2.6052830940226053,1.05,0.21794494717703372,4.15,0.7262919523166975,0
154,0.9364038310170697,0.021745541785948886,0.016794063202922177,0.007033723840491403,0.0005386565144170181,0.00020121531432827744,100.0,0.0,63.55,2.3973944189473704,1.05,0.21794494717703372,4.15,0.6538348415311012,0
155,0.937586267127515,0.022371353244111672,0.016570284398311527,0.00794434073930307,0.0005197797157917868,0.0001940640698509507,100.0,0.0,63.2,2.5219040425836985,1.0,0.0,4.45,0.8645808232895291,0
156,0.9357461915284422,0.021520064805461973,0.017428782999161164,0.007945482853147825,0.0005339922637654256,0.00017869951013488227,100.0,0.0,62.8,3.370459909270543,1.1,0.2549509756796392,4.4,0.7348469228349533,0
157,0.9343131248066004,0.02259577001762637,0.016533498848018954,0.008810302598880883,0.0005711763355862728,0.000238484150361463,100.0,0.0,63.0,2.8809720581775866,1.05,0.21794494717703372,4.35,0.5722761571129799,0
158,0.936975692931372,0.01734306955736578,0.016002115915839568,0.006409056832063949,0.0005561036601882694,0.0001988900102619228,100.0,0.0,63.35,3.2446109165815247,1.025,0.10897247358851683,4.15,0.9096702699330127,0
159,0.9357710833589181,0.015275473603802733,0.015619619311467357,0.007028908691864195,0.0005676859916859559,0.0001672136439909062,100.0,0.0,63.25,3.031088913245535,1.1,0.2549509756796392,4.05,0.864580823289529,0
160,0.9297504751698821,0.024127492117954074,0.016080226506974993,0.00853182775666755,0.0006231171877018958,0.00025897130359430484,100.0,0.0,62.65,2.7436289836637897,1.1,0.3,4.25,0.5361902647381804,0
161,0.9290835924549343,0.018915893723267102,0.016188060058612758,0.008287180948925398,0.0006355337500039771,0.00022304694092986654,100.0,0.0,62.95,3.694252292413175,1.1,0.3,4.15,0.5722761571129799,0
162,0.9332062116315569,0.017344728390107204,0.01540105485240922,0.007826765083485104,0.0006044867270773611,0.00021875735352543243,100.0,0.0,63.9,3.6318039594669758,1.15,0.3570714214271425,4.1,0.7000000000000001,0
163,0.935251365912318,0.016040799119286134,0.01621685142797387,0.007287565191549291,0.0005671938769695484,0.00017638964098207045,100.0,0.0,61.95,3.800986713999406,1.15,0.3570714214271425,4.2,0.6,0
164,0.937334995818205,0.02027904238400998,0.015891188522733336,0.007543672201762458,0.0005501524561182991,0.00019895676592181517,100.0,0.0,64.05,3.1220986531498327,1.05,0.2179449471770337,4.2,0.7483314773547883,0
165,0.9390220204481585,0.015420182460504866,0.014927350718628957,0.007446449579959751,0.00054088975315743,0.00017917868086519522,100.0,0.0,63.05,2.692118125194361,1.1,0.3,4.3,0.6403124237432849,0
166,0.9384697885590265,0.01659358835147886,0.014043256613615374,0.007784922495142098,0.0005637202342865801,0.00018427658884611492,100.0,0.0,63.1,2.8442925306655784,1.025,0.10897247358851683,3.95,0.6689544080129826,0
167,0.9402737618688588,0.021179938513369887,0.013446117721819056,0.0086063414344962,0.000531946927294546,0.0001785744914956429,100.0,0.0,63.65,2.6129485260907837,1.05,0.21794494717703372,4.45,0.7399324293474372,0
168,0.9438503727810001,0.019918155302897637,0.013083867089058576,0.007215343013303439,0.0004986155831535416,0.00020031121364649145,100.0,0.0,62.05,3.232259271778797,1.125,0.3112474899497183,4.5,0.6708203932499369,0
169,0.9458357627721933,0.02161114701536051,0.012312239849979015,0.006435182810350227,0.0004967063857871294,0.0002296554286030883,100.0,0.0,64.25,2.1418449990603894,1.0,0.0,4.05,0.5894913061275798,0
170,0.9470583587552474,0.01997694476972121,0.012013791680842507,0.006619886105869269,0.0004851054952180794,0.00021744829359589577,100.0,0.0,63.85,3.5954832776693593,1.025,0.10897247358851683,4.1,0.7000000000000001,0
171,0.9458582081003131,0.016596928118704987,0.012059129917914333,0.0066074343485741675,0.0004995665474384087,0.00018213420695745007,100.0,0.0,66.3,2.98496231131986,1.0,0.0,4.15,0.7262919523166976,0
172,0.9480136443358045,0.015906632300347334,0.012875660325880209,0.006847873973175581,0.00045908631070295484,0.00016336973089248487,100.0,0.0,63.15,2.8857408061016154,1.05,0.21794494717703367,4.3,0.714142842854285,0
173,0.9491017094314195,0.018908821418040567,0.013583049415173359,0.006727026299201564,0.0004414852105440991,0.00017850462262883498,100.0,0.0,63.0,2.949576240750525,1.1,0.3,4.15,0.7262919523166975,0
174,0.9467324377251163,0.017632929591272155,0.01298186767490645,0.0054578691718156335,0.0004945931692671369,0.00019520498711385082,100.0,0.0,62.95,1.9615045245933032,1.125,0.3112474899497183,4.0,0.5477225575051661,0
175,0.9490051425019033,0.017491763412549013,0.012963585178406647,0.005106775034623089,0.0004683546854562821,0.0001912081201414122,100.0,0.0,63.75,3.3893214660164652,1.1,0.3,4.15,0.7921489758877431,0
176,0.9449643491916794,0.017573025938040665,0.013300067000928293,0.0053535813815915505,0.0005100694808334637,0.0002048098904780563,100.0,0.0,63.15,3.4245437652335533,1.05,0.21794494717703372,4.7,0.9539392014169457,0
177,0.9402869542810531,0.018996129939524316,0.012645667889633953,0.006701929402541039,0.000565359206276262,0.0002174875268943975,100.0,0.0,62.4,3.9799497484264803,1.2,0.4,4.35,0.7921489758877431,0
178,0.9394387859225721,0.02317390017210958,0.013453277166996389,0.0068703471147242325,0.0005596275742465427,0.00028742764096305486,100.0,0.0,62.55,2.558808316384797,1.1,0.3,4.0,0.7745966692414834,0
179,0.9358379235221299,0.02244887985537693,0.013753690538316396,0.006450232114766287,0.0005959290140625949,0.0002791022136645952,100.0,0.0,63.85,3.0540956108150903,1.025,0.10897247358851683,4.15,0.7262919523166976,0
180,0.9360874425760995,0.02235046803162864,0.013835551391724044,0.007296802491160143,0.0005866125387977709,0.0002563129986822186,100.0,0.0,62.65,3.395217224272992,1.125,0.3112474899497183,4.25,0.7664854858377946,0
181,0.9368320177761232,0.02726372833458622,0.014544827258252888,0.007048675238622436,0.0005697454394494273,0.0002932330965001632,100.0,0.0,63.3,2.666458325194677,1.1,0.3,4.05,0.5894913061275797,0
182,0.9383230842706617,0.023622439760961893,0.013163915563902052,0.006176173907463693,0.0005737383937128313,0.00023183247904432793,100.0,0.0,63.3,2.7766886753829643,1.0,0.0,4.3,0.7810249675906654,0
183,0.9395328882621765,0.024352109952385088,0.012651520165458254,0.004954943710302064,0.0005847952576667037,0.0002593958874422323,100.0,0.0,63.0,3.3763886032268267,1.075,0.23848480035423641,4.3,0.7810249675906654,0
184,0.9358663318550511,0.02255850071376415,0.01409916376927671,0.007333912667288967,0.000590246905943115,0.00022797087357131408,100.0,0.0,63.65,2.5548972582082436,1.075,0.17853571071357124,3.8,0.6,0
185,0.9363818516532818,0.02538669620112813,0.014256281292481804,0.00703836067303983,0.0005831505080706651,0.00026725318097034864,100.0,0.0,63.75,3.4478254016118624,1.0,0.0,4.15,0.6538348415311009,0
186,0.9367988997381381,0.01808728885118031,0.01470868200918716,0.007313464477248102,0.0005728821544583439,0.00016306323177351265,100.0,0.0,62.95,2.9236107812087435,1.05,0.2179449471770337,4.1,0.7000000000000001,0
187,0.940642598300195,0.022106916130071617,0.014943415664445436,0.0063417288990096,0.0005168917090081546,0.00019404480157942888,100.0,0.0,63.4,2.3958297101421877,1.05,0.21794494717703372,4.2,0.7483314773547883,0
188,0.9378148358049678,0.02474607429779321,0.014199343944136036,0.0072282322150773615,0.0005538663152455171,0.00022048382859027465,100.0,0.0,63.15,2.104162541250081,1.0,0.0,4.05,0.5894913061275797,0
189,0.9376414669386491,0.021521163482312592,0.013554321420765725,0.006994469849975204,0.0005699695552066917,0.00019064169105343872,100.0,0.0,64.3,3.303028912982749,1.1,0.3,3.8,0.6782329983125268,0
190,0.9365484894023723,0.025056927210472237,0.014031328273973364,0.0069461043680165355,0.000582344936604859,0.00024617063995260966,100.0,0.0,62.55,3.4128433893163046,1.1,0.3,4.05,0.49749371855331004,0
191,0.9324137138496239,0.023747522441297932,0.014395968520465563,0.006853494045849061,0.0006327768721659198,0.0002160701076775201,100.0,0.0,64.15,4.269367634673781,1.1,0.3,4.1,0.7,0
192,0.930403345370664,0.028206028696875416,0.014518561337322308,0.0065171184944885765,0.0006539525463223762,0.0002860287182220015,100.0,0.0,64.3,3.661966684720111,1.1,0.3,4.05,0.6689544080129826,0
193,0.9310513220648315,0.03133961510851019,0.01423734164505618,0.006199260647329146,0.0006496317796191898,0.00034888286080661025,100.0,0.0,62.15,3.1823733281939126,1.05,0.21794494717703372,4.4,0.8,0
194,0.9357392527871895,0.026319116254052966,0.014241677468826592,0.00742777214109555,0.000583256899457738,0.0002492812739465286,100.0,0.0,63.9,3.014962686336267,1.025,0.10897247358851683,3.9,0.7681145747868608,0
195,0.9356702688358285,0.023868245090738018,0.015403639776810524,0.008999774961433813,0.0005573339918857497,0.00022988075553986566,100.0,0.0,63.25,3.686122624113311,1.1,0.3,4.15,0.852936105461599,0
196,0.9401230606386897,0.0208059467262666,0.015498696965807237,0.008885175352722164,0.0004938286061147827,0.00017994313142687647,100.0,0.0,63.45,2.991237202229205,1.0,0.0,4.55,0.8645808232895291,0
197,0.9389895782613868,0.020196392108082686,0.01692797332280315,0.007920425329464032,0.000492614906475821,0.00019272509583541774,100.0,0.0,63.85,3.2752862470324637,1.0,0.0,4.3,1.0049875621120892,0
198,0.938004198791532,0.019524535652732725,0.016485372834377784,0.007996294844871566,0.0005111923249482414,0.0001653737748989446,100.0,0.0,63.2,2.5612496949731396,1.075,0.23848480035423641,4.15,0.9096702699330127,0
199,0.9339415325785934,0.020340624387250792,0.01857140837569696,0.008011909564180224,0.0005280601953496373,0.00017472624391176266,100.0,0.0,63.65,3.1823733281939126,1.0,0.0,4.4,0.7348469228349535,0
200,0.933251654580382,0.018520690604029263,0.016786762417069164,0.00786219300633056,0.0005737126394858179,0.00022077550821758,100.0,0.0,63.4,2.7640549922170505,1.05,0.21794494717703372,4.2,0.7483314773547883,0
201,0.9344661698959099,0.020639616289242494,0.01699216924426942,0.007421916717731689,0.0005587224869118737,0.0002004057312451994,100.0,0.0,63.05,2.2907422377910613,1.075,0.23848480035423641,4.15,0.5722761571129799,0
202,0.9340672386649095,0.02123344206196428,0.016711008946573073,0.006107570907968611,0.0005843899810630447,0.00023291288271631662,100.0,0.0,62.6,3.6523964735499352,1.15,0.3570714214271425,4.35,0.5722761571129799,0
203,0.9383983778192049,0.022195285594775425,0.016399278320611794,0.006688379880008543,0.0005310217217165772,0.00020103402885285508,100.0,0.0,64.15,3.259984662540608,1.05,0.21794494717703372,4.05,0.739932429347437,0
204,0.9413443452991856,0.022046139788821136,0.016107785526836147,0.006196269790004363,0.0004921145866076634,0.00018950062991150913,100.0,0.0,63.6,3.1368774282716245,1.1,0.3,4.45,0.8046738469715541,0
205,0.9411707703797305,0.023845979341114484,0.015692260603517146,0.006408863968127956,0.000498688478548894,0.0002254914695718124,100.0,0.0,64.95,3.4565155865408737,1.05,0.15,4.15,0.3570714214271425,0
206,0.9417556816870898,0.024598602926343652,0.01391059577863355,0.006232983247058743,0.0005209664734768876,0.0002752111005628031,100.0,0.0,62.9,2.808914381037628,1.05,0.21794494717703372,4.35,0.963068014212911,0
207,0.9415771043235026,0.02331488468282211,0.013626045583989254,0.006537894597666708,0.0005275164648374552,0.00026055503013430086,100.0,0.0,63.3,2.471841418861655,1.0,0.0,4.25,0.4330127018922193,0
208,0.9402608912040021,0.025217923804174557,0.014653972395666261,0.006051198772869165,0.0005436932422217752,0.000296427901275539,100.0,0.0,62.65,2.669737814842499,1.1,0.3,4.35,0.653834841531101,0
209,0.943928130011377,0.02269828011849763,0.013446225391143322,0.005461690672045774,0.0005089891892002076,0.000258398760385156,100.0,0.0,62.5,2.1330729007701543,1.075,0.23848480035423641,4.05,0.6689544080129826,0
210,0.9415378045414753,0.02406621407948251,0.01283910021673135,0.006148998686238945,0.0005351491011964416,0.0002559152831268833,100.0,0.0,62.6,2.1071307505705477,1.125,0.3112474899497183,4.4,0.58309518948453,0
211,0.9411907960766376,0.022028853401893894,0.014089489970646902,0.006803244315011493,0.0005197592106123917,0.0002249368182839061,100.0,0.0,63.6,2.5377155080899043,1.0,0.0,4.05,0.9733961166965892,0
212,0.9401964023059272,0.021187464822154535,0.013322081262606904,0.005926955240795721,0.0005519696032438763,0.00021806079454889972,100.0,0.0,63.95,2.3339880033967613,1.0,0.0,4.0,0.6324555320336759,0
213,0.9372884284769241,0.024772948342089526,0.012976444560743964,0.006968458682784745,0.0005947730713875175,0.0002892464379436767,100.0,0.0,63.5,3.057776970284131,1.025,0.10897247358851683,4.35,0.8529361054615991,0
214,0.9356046221091534,0.024733232534034737,0.012607292258358726,0.005938957192282137,0.0006150650340563419,0.0002744037097295569,100.0,0.0,62.9,1.8411952639521971,1.025,0.10897247358851683,4.2,0.812403840463596,0
215,0.934973464950011,0.024277294993491606,0.012692300315356975,0.005993167635719618,0.0006196006553747604,0.0002625978817406022,100.0,0.0,63.65,3.6093628246547893,1.0,0.0,4.1,0.5385164807134504,0
216,0.9362505653047928,0.023982972716224318,0.013047138985181742,0.005688918246939046,0.0006026418397174942,0.0002514553484503754,100.0,0.0,62.75,3.476708213238494,1.05,0.21794494717703372,4.75,0.8874119674649424,0
217,0.9352005977994929,0.021514924457030002,0.013405608032709043,0.006270280872696499,0.0006243459931922265,0.00023191154881648337,100.0,0.0,62.55,2.5975950415721085,1.0,0.0,4.35,0.653834841531101,0
218,0.9396013496131813,0.018863334263241337,0.013175584011083648,0.004577646664226026,0.0005767805985062378,0.00023618145217460507,100.0,0.0,63.0,3.40587727318528,1.075,0.23848480035423641,4.25,0.6224949798994366,0
219,0.9382505746750198,0.01750262612014733,0.012824006977591002,0.005269621248654882,0.0006036420693007839,0.0002187282157201445,100.0,0.0,63.0,3.924283374069717,1.1,0.3,4.05,0.9733961166965893,0
220,0.9424193011024906,0.014948256285534207,0.012163729445281792,0.005722967636779601,0.0005463092345428493,0.0001966301513649829,100.0,0.0,64.2,2.420743687382041,1.0,0.0,4.45,0.8645808232895292,0
221,0.946156678098488,0.01232573883098019,0.013328965356876044,0.005309519315577155,0.0004816104613162706,0.00015300632834917342,100.0,0.0,62.85,2.7977669667075564,1.075,0.23848480035423641,4.05,0.6689544080129826,0
222,0.9461610804202554,0.015524249312056,0.01281762784000812,0.005171678289335826,0.0004957194967636238,0.0001976666841457068,100.0,0.0,63.2,3.9949968710876362,1.15,0.3570714214271425,4.2,0.9273618495495703,0
223,0.943693544760607,0.015624553897216063,0.013685758385450419,0.005208273531659523,0.0005122070756995218,0.00020046397891934644,100.0,0.0,63.85,3.2752862470324637,1.1,0.3,4.45,0.7399324293474372,0
224,0.946575206405093,0.012832942424571621,0.013720656456459373,0.0055414637845800875,0.0004674216691141423,0.000162670983538275,100.0,0.0,62.95,3.412843389316304,1.05,0.21794494717703372,4.0,0.7071067811865476,0
225,0.9467625498061624,0.010841439900099057,0.014197531627288559,0.0060491809513190204,0.0004561714979302884,0.00012495864079598644,100.0,0.0,64.2,2.694438717061496,1.025,0.10897247358851683,4.1,0.6244997998398398,0
226,0.9444728299947809,0.016503394965787805,0.013336884127488707,0.006775262711875036,0.000496157593974609,0.00019609005080125234,100.0,0.0,63.35,3.6779749863205975,1.25,0.4330127018922193,4.3,0.7810249675906654,0
227,0.942747900906203,0.017392207410215393,0.012756270352244728,0.00633478995143501,0.0005268738714327801,0.00021470768077778095,100.0,0.0,64.15,3.409912022325503,1.075,0.23848480035423641,4.2,0.9273618495495703,0
228,0.9419956839624446,0.01688796763703532,0.012026538595950218,0.00582049228933373,0.0005488448189843264,0.00018956818018084213,100.0,0.0,64.65,3.15079355083763,1.1,0.3,4.3,0.9,0
229,0.9405132813390764,0.02020637948518311,0.011277385942258512,0.006601544338607936,0.0005739173189536793,0.00023509655424527266,100.0,0.0,64.15,3.539420856580918,1.075,0.23848480035423641,3.85,0.653834841531101,0
230,0.9391241634622706,0.01642406441546067,0.010717488963298593,0.007142895468773804,0.0005914326394044825,0.00014107684438532814,100.0,0.0,62.75,2.56661255354212,1.1,0.3,4.2,0.6,0
231,0.9425699491120169,0.02001818593839234,0.011071845878072256,0.005744650234087067,0.0005553723684364161,0.00020502611632245695,100.0,0.0,62.2,3.0757112998459393,1.075,0.23848480035423641,4.5,0.7416198487095663,0
232,0.9425019947957681,0.024603158239292936,0.01111913914902975,0.0060620308547262945,0.0005601116206967385,0.00028951852785765977,100.0,0.0,63.65,3.320767983464066,1.05,0.21794494717703372,4.25,0.82915619758885,0
233,0.9418562188997978,0.02450431614192671,0.01165768274404598,0.00560152689173291,0.000556785872528202,0.0002858532908264817,100.0,0.0,63.7,2.968164415931166,1.125,0.3112474899497183,4.1,0.7,0
234,0.9449556198215843,0.025453338493160366,0.010814155065012997,0.005626125116656141,0.0005342799819902584,0.00031389288976045517,100.0,0.0,63.8,3.2341923257592455,1.0,0.0,4.4,0.7348469228349535,0
235,0.9431605280285738,0.0215503400395707,0.010410956228211164,0.006129200428343847,0.0005531933957874944,0.0002508355884219801,100.0,0.0,63.05,3.2476914878109957,1.15,0.3570714214271425,4.2,0.6782329983125268,0
236,0.9387093370931284,0.020754865130958648,0.011759487913611083,0.006577001079777977,0.0005971793326413641,0.0002451561891081355,100.0,0.0,63.45,3.368605052540295,1.0,0.0,4.25,0.8874119674649424,0
237,0.942762094907074,0.02149214448045527,0.011421875864182805,0.006751726527769651,0.0005443225459910461,0.000262074605139445,100.0,0.0,62.2,2.5612496949731396,1.05,0.21794494717703372,4.0,0.6324555320336759,0
238,0.9418444426408087,0.01944131029417912,0.011089065132548481,0.006485111188062481,0.0005499715194627368,0.0002200245106565635,100.0,0.0,63.7,2.666458325194677,1.05,0.21794494717703372,4.15,0.5722761571129799,0
239,0.9413892030428883,0.01797724082764012,0.01147702099694832,0.0067062829134686055,0.000545480513657348,0.00019392242486706407,100.0,0.0,63.65,2.535251466817444,1.0,0.0,4.1,0.6244997998398398,0
240,0.9388759641430742,0.02140005793361877,0.012375394774126412,0.006747645736813709,0.0005737165121454967,0.00024826637319930005,100.0,0.0,63.75,3.0639027399707057,1.05,0.21794494717703372,4.15,0.7262919523166976,0
241,0.938437719499747,0.021872126953505565,0.01240698800979104,0.0062772025993454,0.0005776591291093845,0.0002317566876400714,100.0,0.0,62.75,2.680951323690902,1.125,0.3112474899497183,4.25,0.6224949798994366,0
242,0.9411453980681734,0.022024401703824126,0.011855040225702647,0.007077193776327954,0.0005478907003549519,0.00020708428277156112,100.0,0.0,64.1,2.913760456866693,1.0,0.0,4.45,0.8046738469715541,0
243,0.9357614834836239,0.025673563526344007,0.012188045711866467,0.0055708865649062335,0.0006173427596844675,0.00028557206860300863,100.0,0.0,62.35,3.1823733281939126,1.05,0.21794494717703372,4.65,0.7921489758877431,0
244,0.9337511001554628,0.0249680301475708,0.01132674942631225,0.005412031291006689,0.000662454016925193,0.00028483630530225115,100.0,0.0,63.8,2.580697580112788,1.05,0.21794494717703372,3.9,0.6244997998398398,0
245,0.9341781720921138,0.023215470312417996,0.01010935853867968,0.006139893222858822,0.0006690287585894644,0.0002752973844635546,100.0,0.0,62.9,2.964793416074719,1.075,0.23848480035423641,4.3,0.8426149773176358,0
246,0.9374225782810013,0.023717896280681657,0.010595798518509149,0.00640917695896883,0.0006222598080054146,0.0002856484271781321,100.0,0.0,62.7,2.8301943396169813,1.1,0.3,4.35,0.9630680142129111,0
247,0.9377066855778287,0.024287454958292563,0.01202462810309875,0.00661517265862687,0.0005932248906857247,0.000278082381482678,100.0,0.0,62.55,3.353729267546801,1.05,0.2179449471770337,4.15,0.6538348415311009,0
248,0.9376794612590155,0.021948222822260218,0.012494305362077854,0.006458117888155421,0.0005889013149690801,0.00025211703325103186,100.0,0.0,63.15,2.3932195887548637,1.05,0.21794494717703372,4.25,0.7664854858377946,0
249,0.9345409099749121,0.02208280781561166,0.01206444646671313,0.00636753685568777,0.0006524154435493736,0.00025973843691221666,100.0,0.0,63.65,2.885740806101615,1.075,0.23848480035423641,4.05,0.804673846971554,0
250,0.9374263480486051,0.022465136806089286,0.012776911790805973,0.005897845780504979,0.0006255788515804712,0.00026473505371600353,100.0,0.0,63.0,1.8439088914585775,1.025,0.10897247358851683,4.35,0.7262919523166975,0
251,0.9388897637184563,0.019770531006289713,0.01252374689592784,0.005133677887606801,0.0005899025384862193,0.00021738341184806195,100.0,0.0,63.3,2.7766886753829643,1.05,0.2179449471770337,4.05,0.49749371855331004,0
252,0.9399397783826391,0.01937710671902443,0.012155953622938778,0.005385297556587496,0.0005819268129525189,0.00020385314123431462,100.0,0.0,63.6,3.2924155266308657,1.05,0.21794494717703372,4.35,0.7262919523166976,0
253,0.942011107683852,0.020373685262264383,0.012254171922772283,0.004876237580068081,0.0005598898792381441,0.00022845182795616138,100.0,0.0,63.7,3.2572994949804666,1.075,0.23848480035423641,4.35,0.7262919523166976,0
254,0.9380236378346245,0.02436755139507151,0.012212193802955813,0.005976310344978067,0.0005942290714255717,0.00027030049627985246,100.0,0.0,63.15,2.632014437650371,1.025,0.10897247358851683,4.45,0.6689544080129827,0
255,0.943856239632276,0.022821848547639592,0.011255411907712558,0.006043074228354006,0.0005361262352368181,0.00025881198728290816,100.0,0.0,64.7,3.241913015489466,1.025,0.10897247358851683,4.1,0.6244997998398398,0
256,0.9422675396629779,0.02661108845771101,0.012031750188210141,0.005714243187992328,0.0005459965411204945,0.0003083469538557376,100.0,0.0,63.15,3.0376800358168077,1.0,0.0,4.15,0.6538348415311012,0
257,0.9397396647072856,0.027744533370708768,0.012852426135356834,0.005578587730162059,0.0005764880659519648,0.00033561355095562386,100.0,0.0,62.8,3.370459909270543,1.1,0.2549509756796392,4.2,0.6782329983125269,0
258,0.9406378082122078,0.025259013733456275,0.012366351629318402,0.005743824738142834,0.0005737273500739197,0.000283302334738177,100.0,0.0,63.95,2.558808316384797,1.0,0.0,4.15,0.6538348415311009,0
259,0.9414138885631012,0.029294516833982598,0.011938381423670647,0.005756303954356008,0.0005742528677338701,0.0003370172571274793,100.0,0.0,63.3,2.491987158875423,1.05,0.21794494717703372,3.95,0.5894913061275798,0
260,0.941325262374694,0.02573892668921201,0.012445131734443787,0.0064491999559132,0.0005478768416949119,0.0002520744846635521,100.0,0.0,62.95,2.8892040426387333,1.0,0.0,4.45,0.8645808232895292,0
261,0.9402430250617776,0.026666253170425765,0.012553499347175492,0.006413480723670742,0.0005548300178617205,0.00027393901692192177,100.0,0.0,62.15,3.0540956108150903,1.05,0.15,4.2,0.8717797887081347,0
262,0.9421524564680711,0.026617541328679516,0.012676545688729302,0.007143632983390587,0.000523847604408992,0.00024001303735579272,100.0,0.0,62.25,4.345975149491768,1.15,0.3570714214271425,4.1,0.7,0
263,0.9390433604761457,0.026151120782514064,0.012553546448777384,0.0071861415915026195,0.0005683788102749566,0.00024060472288731717,100.0,0.0,63.75,2.7363296585024255,1.025,0.10897247358851683,3.95,0.6689544080129826,0
264,0.9392601116501575,0.029535072963372728,0.01264749534393082,0.006087501011925389,0.0005752725514994234,0.00029583581024078255,100.0,0.0,62.0,3.271085446759225,1.05,0.21794494717703372,4.3,1.004987562112089,0
265,0.9422776316130695,0.025794447541752256,0.012892441984427511,0.006344730213632663,0.0005294183146146257,0.0002681630133605397,100.0,0.0,63.2,2.7495454169735036,1.15,0.3570714214271425,4.35,1.0136567466356645,0
266,0.943987801018293,0.02231251413185093,0.011964178529369433,0.0062163409265126824,0.0005225851776493233,0.00023763793390271256,100.0,0.0,63.9,3.3451457367355464,1.025,0.10897247358851683,4.25,0.9937303457175896,0
267,0.9427013562423682,0.022063811706752912,0.012648394037637659,0.005638866364974172,0.000533424506284927,0.0002405353551432705,100.0,0.0,64.25,2.6052830940226053,1.0,0.0,4.35,0.653834841531101,0
268,0.9414020842654498,0.025408490447916085,0.012712016737008138,0.005573403932807075,0.000547847636862722,0.0002733534263451898,100.0,0.0,63.7,3.551056180912941,1.05,0.21794494717703372,4.15,0.4769696007084728,0
269,0.9428455969477604,0.023261202122314185,0.012012153429449534,0.005741670456023314,0.0005476977596926249,0.0002735362743648803,100.0,0.0,63.95,2.4181604578687494,1.1,0.3,4.1,0.5385164807134504,0
270,0.942402590532214,0.0261482680834267,0.01275409553757335,0.006734394637939476,0.0005355927179442503,0.00025815069216733843,100.0,0.0,63.35,2.4550967394381837,1.05,0.21794494717703372,4.4,0.8602325267042626,0
271,0.9415326288234513,0.02747806727299225,0.012467776392459594,0.00510002722595952,0.0005593984542491721,0.0003050782075581018,100.0,0.0,64.4,3.4263683398023628,1.05,0.15,3.95,0.5894913061275798,0
272,0.9377100538683927,0.03478415749783335,0.012794725531643384,0.005711128858716431,0.0005993635922070261,0.0003779631085912157,100.0,0.0,63.8,3.558089374931439,1.075,0.23848480035423641,4.35,0.6538348415311012,0
273,0.9391558876465806,0.03360129024828393,0.012770329267769864,0.00658343469025539,0.0005819580935640897,0.0003556165077574323,100.0,0.0,64.4,2.5573423705088847,1.0,0.0,4.05,0.3840572873934304,0
274,0.9375316890470484,0.030895890675966743,0.013612648721709485,0.00601846018491152,0.0005974751784880389,0.0003135910029571437,100.0,0.0,63.15,2.4753787588973126,1.05,0.21794494717703372,4.4,0.9165151389911681,0
275,0.9396144047340748,0.026843197032111365,0.013326260019996147,0.006537436525051381,0.0005661751687549577,0.0003023877523687121,100.0,0.0,62.25,2.680951323690902,1.075,0.23848480035423641,4.25,0.698212002188447,0
276,0.9359761488776822,0.025210050548247584,0.014018081811546693,0.006565180275578343,0.000605030130964992,0.00031029799521096536,100.0,0.0,62.45,2.4591665254715873,1.1,0.2549509756796392,4.45,0.9205976319760986,0
277,0.9371645838960131,0.02600157612978473,0.013854131361355942,0.006212785050683292,0.0005907624397140331,0.00031583829532298735,100.0,0.0,64.1,3.0149626863362666,1.0,0.0,4.0,0.4472135954999579,0
278,0.93749724885542,0.027446940403153212,0.01409725519840628,0.006100391629078121,0.0005815461447804656,0.0003205782880338223,100.0,0.0,64.75,3.533765696816924,1.05,0.21794494717703372,4.0,0.7071067811865476,0
279,0.9408697745186153,0.025567530115037256,0.014028403023149259,0.0061098305454612796,0.0005331290070782751,0.0002725225831091212,100.0,0.0,62.95,2.9406631905065224,1.125,0.3112474899497183,4.0,0.6324555320336759,0
280,0.9410689153523031,0.024127604676316347,0.012833066372581478,0.006215610609881673,0.0005535701176207733,0.00026498535722788516,100.0,0.0,63.65,2.7436289836637897,1.05,0.21794494717703372,4.15,0.6538348415311012,0
281,0.940758045448186,0.026560467464093386,0.013351094572975028,0.006319882570305543,0.0005637783331720722,0.00028106267372305906,100.0,0.0,63.7,2.6476404589747453,1.05,0.21794494717703372,4.25,0.7664854858377946,0
282,0.9400178042683429,0.024722225152129993,0.014512791768064276,0.005469346064277445,0.0005525926523344504,0.0002841148935301829,100.0,0.0,63.35,3.1980462785894765,1.025,0.10897247358851683,4.25,0.698212002188447,0
283,0.9415487332803076,0.021206652769261432,0.013069054332145313,0.005321682522717971,0.0005514220865167374,0.0002329585869356932,100.0,0.0,62.4,2.7820855486487113,1.025,0.10897247358851683,4.15,0.3570714214271425,0
284,0.9375877195590346,0.02181885583812912,0.013349895075031542,0.006490201413835503,0.0005854339089502584,0.00025671054239157913,100.0,0.0,63.1,4.253234063627348,1.15,0.32015621187164245,4.05,0.6689544080129826,0
285,0.9369374130486265,0.022700266546962656,0.013537470810141426,0.007323932914075358,0.0005788063424981176,0.0002438627864942996,100.0,0.0,64.3,2.7766886753829643,1.05,0.21794494717703367,4.2,0.6782329983125268,0
286,0.9341801497364317,0.024555154822429634,0.015619968336669277,0.008087716449948355,0.000581253575694964,0.0002168349959674438,100.0,0.0,62.6,2.764054992217051,1.125,0.3112474899497183,4.25,1.0428326807307104,0
287,0.9395517500751636,0.024005807905399374,0.014816170569350435,0.006999831475782569,0.0005362317219476786,0.0002128148116588705,100.0,0.0,62.4,3.583294573433783,1.1,0.2549509756796392,4.1,0.7681145747868608,0
288,0.9391786846276522,0.025713225774166182,0.015095517928790127,0.007581322512702291,0.0005341798539547262,0.00024033075912485382,100.0,0.0,62.95,1.883480820183736,1.025,0.10897247358851683,4.0,0.7745966692414834,0
289,0.9393284506209778,0.022932037959449536,0.014098010148228275,0.007568427903934329,0.0005439850824008526,0.0002034633211035594,100.0,0.0,64.0,3.2093613071762426,1.125,0.3112474899497183,4.4,0.9695359714832658,0
290,0.9414532140765107,0.018787452102804754,0.013251511142696227,0.006681589342988147,0.0005391021478412373,0.0001817254089684139,100.0,0.0,64.1,3.4770677301427417,1.1,0.3,4.0,0.6324555320336759,0
291,0.9452872381197579,0.021254048663824382,0.011544597797950033,0.005833211817842676,0.0005207557935533609,0.00023229311589640725,100.0,0.0,63.35,2.8857408061016145,1.0,0.0,4.2,0.7483314773547883,0
292,0.9483180810681852,0.02540637325450166,0.012513365192440359,0.005636879321440306,0.0004671395884295229,0.0002566688432698283,100.0,0.0,64.6,2.3748684174075834,1.05,0.2179449471770337,4.4,0.9165151389911679,0
293,0.9511494572514809,0.025016333000718125,0.011924459403037605,0.007009343058510683,0.00043027755578033675,0.0002692081282903944,100.0,0.0,62.75,3.404041715373065,1.1,0.3,4.2,0.5099019513592784,0
294,0.9462479881681544,0.028589308506707732,0.012474830969471955,0.0070677856580502185,0.0004875653277476476,0.0003093269620408552,100.0,0.0,63.95,2.4794152536434875,1.05,0.21794494717703372,3.9,0.5385164807134504,0
295,0.9439215314047459,0.025730956439620107,0.012989597820934973,0.007508593623898006,0.0005042868277084584,0.0002705715753696442,100.0,0.0,62.4,1.9078784028338913,1.1,0.3,4.45,0.9205976319760986,0
296,0.9420818703400782,0.02502475404473115,0.012847435007999512,0.007108862754732687,0.000530566828112824,0.0002772086235726723,100.0,0.0,61.8,3.171750305430741,1.2,0.4,4.3,0.6403124237432849,0
297,0.941405492656877,0.02486635544186222,0.012618171193129102,0.006813377018442729,0.0005415225272109511,0.0002718703645740366,100.0,0.0,63.45,2.765411361804967,1.075,0.23848480035423641,4.3,0.8426149773176358,0
298,0.9396373824841288,0.026057603143331196,0.012884216073736326,0.007590320470563112,0.0005503852220052417,0.0002509625094791492,100.0,0.0,65.05,2.4591665254715873,1.025,0.10897247358851683,4.0,0.5477225575051661,0
299,0.9414648963874592,0.02204106116622212,0.01252455924425215,0.007229162201151103,0.0005346151097500163,0.00021655056314651865,100.0,0.0,63.95,3.1220986531498327,1.0,0.0,4.35,0.7262919523166976,0
300,0.9385328152892081,0.02163931973853187,0.012433658811361091,0.007117785486031256,0.0005792260861882402,0.00020315768164533857,100.0,0.0,64.05,2.011839953873071,1.0,0.0,4.2,0.6782329983125269,0
301,0.93949497599223,0.019759576423752943,0.013731571179316702,0.0075560617900884254,0.0005451981636769406,0.00020031927400225268,100.0,0.0,63.0,2.4698178070456938,1.0,0.0,4.15,0.7262919523166975,0
302,0.9392612670056325,0.023123701117406834,0.014027320265323056,0.006867217941709194,0.0005438030976454738,0.00022415432150837007,100.0,0.0,62.55,2.0365411854416298,1.15,0.3570714214271425,4.6,1.019803902718557,0
303,0.9356344739348026,0.02810990048254156,0.01569951843151684,0.008014045129349862,0.000551474999062674,0.00024925674480697017,100.0,0.0,62.05,4.06786184622831,1.175,0.36314597615834876,4.15,0.5722761571129799,0
304,0.9352887651830721,0.02512411653212797,0.016149609645277018,0.008027921588026052,0.0005484650434679917,0.0002087186166012167,100.0,0.0,65.0,3.082207001484488,1.0,0.0,4.0,0.9486832980505138,0
305,0.937526876422757,0.02203107845608795,0.01604038094336014,0.007935238202249206,0.0005206560035252547,0.00017639564291924327,100.0,0.0,64.5,2.0371548787463363,1.05,0.21794494717703372,4.05,0.4974937185533099,0
306,0.9365700671442815,0.020409672253741802,0.01573557874660176,0.007988262937514543,0.0005550699743837857,0.00015045659561911353,100.0,0.0,64.4,2.6532998322843193,1.0,0.0,4.3,0.714142842854285,0
307,0.9378172263312747,0.02530261730572544,0.016785532680061124,0.008333003806308708,0.0005120491524507159,0.00019580311026918987,100.0,0.0,62.75,2.7363296585024255,1.05,0.2179449471770337,4.2,0.6,0
308,0.9364326249218313,0.024468539491640462,0.01742455710099539,0.007957322964887879,0.0005212623098787984,0.00019478004680018187,100.0,0.0,62.9,3.1606961258558215,1.025,0.10897247358851683,4.2,0.7483314773547883,0
309,0.9344106329153059,0.025385191667821442,0.017146678013039023,0.0079236762926473,0.0005583978140343228,0.00025409462341076773,100.0,0.0,62.3,2.882707061079915,1.05,0.21794494717703372,4.75,0.82915619758885,0
310,0.93691433550003,0.02643747807442093,0.015617852777176002,0.00872876923533929,0.0005430173560986607,0.00025090051815160206,100.0,0.0,64.2,3.385262175962151,1.0,0.0,4.1,0.6244997998398398,0
311,0.934281400407262,0.02550382452991108,0.015829084842626403,0.007329754075031482,0.0005818006314705652,0.000267440193448507,100.0,0.0,64.45,2.15580611373101,1.0,0.0,4.1,0.6244997998398398,0
312,0.9350948096467772,0.021742877962520238,0.01479915518697266,0.007719273253985773,0.0005851477412348524,0.00025509135522888715,100.0,0.0,63.8,3.325657829663178,1.0,0.0,4.15,0.8529361054615991,0
313,0.9384738081870736,0.022027757324331553,0.014945319271112525,0.008471303363200015,0.0005387855294006889,0.00024275276708197,100.0,0.0,63.7,2.5317977802344327,1.075,0.23848480035423641,4.35,0.7262919523166976,0
314,0.9393729440833356,0.024404241085999957,0.014138949448718302,0.008589363245527904,0.0005414006611652457,0.00023870200115915557,100.0,0.0,63.15,3.9531632903283924,1.15,0.3570714214271425,4.2,0.812403840463596,0
315,0.9410012197859203,0.023202533683844128,0.014631212472015879,0.007848069371123182,0.0005153548879821237,0.0002237784268685688,100.0,0.0,63.15,2.286372673034735,1.075,0.23848480035423641,4.1,0.6244997998398398,0
316,0.9409381796853713,0.024124624750260025,0.01463086134694241,0.007313781703061571,0.0005205966128038643,0.0002013275212383331,100.0,0.0,63.55,2.8892040426387338,1.0,0.0,4.25,0.698212002188447,0
317,0.9398705364211033,0.022270948796174507,0.015004765035024736,0.006338320085262696,0.0005334575416468885,0.00018523304569419057,100.0,0.0,63.1,2.9137604568666933,1.025,0.10897247358851683,4.4,0.9165151389911679,0
318,0.9374225071416002,0.019986360263196064,0.015255051957229171,0.006498006926086641,0.0005575444813477094,0.00016065615465356807,100.0,0.0,63.75,2.878801834096956,1.0,0.0,4.35,0.5722761571129799,0
319,0.938695081116299,0.0215929824852704,0.015348003262267021,0.006017082916602337,0.0005485011808996128,0.00018910883706135155,100.0,0.0,63.15,2.5548972582082436,1.05,0.2179449471770337,4.3,0.6403124237432849,0
320,0.9390887310188146,0.020986846508222776,0.014822869326259962,0.0063522979222165946,0.0005399885834008701,0.00017435154643430573,100.0,0.0,62.9,2.2781571499789037,1.025,0.10897247358851683,4.45,0.9733961166965891,0
321,0.9352882885121723,0.01897639420579933,0.015933079815449135,0.006700500163362654,0.0005658917592004294,0.00015218337611253913,100.0,0.0,63.05,3.1220986531498327,1.125,0.3112474899497183,4.1,0.7,0
322,0.93741571137575,0.023668406448545575,0.015592669975375072,0.007634065935823346,0.0005391227099973679,0.00019866353610104674,100.0,0.0,62.55,2.3973944189473704,1.05,0.21794494717703372,4.65,0.653834841531101,0
323,0.9378626290526215,0.025904819310618103,0.015951022099694286,0.007040136794516748,0.0005408817833284426,0.00023740248920423507,100.0,0.0,63.7,2.3895606290697042,1.075,0.23848480035423641,4.3,0.6403124237432849,0
324,0.9383886356249077,0.026297676744649296,0.015712628582489684,0.007373181610113915,0.0005399157965239227,0.0002502567922487398,100.0,0.0,63.65,2.286372673034735,1.1,0.2549509756796392,4.2,0.6782329983125268,0
325,0.9348979934126737,0.030412614331590183,0.01483667554573367,0.007530406601711289,0.000606029437214097,0.00029914691505317025,100.0,0.0,63.15,2.372235232855292,1.05,0.21794494717703372,4.35,0.7921489758877431,0
326,0.9357367715768163,0.028548865011124205,0.01308062313891282,0.006907220572278296,0.0006065464500635064,0.00028041996515698776,100.0,0.0,63.5,2.958039891549808,1.1,0.3,4.0,0.6324555320336759,0
327,0.9329700372153088,0.028726068468639124,0.014036619404749876,0.006730998005474943,0.0006327627715786875,0.00028791752890516717,100.0,0.0,63.55,2.836811590500857,1.0,0.0,4.0,0.7071067811865476,0
328,0.9329545167162591,0.03545006208184584,0.01487249770555483,0.00858232979448336,0.0006159053811191877,0.00036507949444230674,100.0,0.0,62.95,2.67348087705897,1.075,0.23848480035423641,4.1,0.5385164807134504,0
329,0.9318157445946256,0.03075714556773655,0.015189072553985489,0.009535637969970433,0.0006211843147834789,0.00031042685543683865,100.0,0.0,63.65,4.2340878592679205,1.15,0.3570714214271425,4.25,0.6224949798994366,0
330,0.9298315966445291,0.026529720071897554,0.014177503813945938,0.008575202894227581,0.0006516156355041833,0.000258128615450621,100.0,0.0,63.9,2.947880594596735,1.025,0.10897247358851683,4.35,0.8529361054615991,0
331,0.937316063013163,0.020299018483672666,0.01448274682093934,0.008159121726779616,0.0005604784328463495,0.00019140724583616283,100.0,0.0,63.45,2.801338965566288,1.1,0.3,4.35,0.5722761571129799,0
332,0.9354965493508816,0.022239213139494608,0.015274409056707957,0.008187134761191381,0.0005737740283366622,0.0002227873143158232,100.0,0.0,62.8,2.6191601707417593,1.025,0.10897247358851683,4.3,0.6403124237432849,0
333,0.9325537897593584,0.026222882938359365,0.014407451249128034,0.008971221134885406,0.0006147312178323846,0.00026840568986389956,100.0,0.0,63.7,2.7946377224964243,1.075,0.23848480035423641,4.3,0.8426149773176358,0
334,0.9362401256327338,0.023883980096800046,0.014293756573659283,0.009335329187444275,0.0005611460616092919,0.00017989322483552767,100.0,0.0,64.1,3.6041642581880198,1.0,0.0,4.4,1.0198039027185568,0
335,0.9319186269252789,0.0242638936650392,0.015523054354790839,0.009038460043891888,0.0006048708150854735,0.00023985473806744986,100.0,0.0,62.9,3.7403208418530087,1.175,0.36314597615834876,4.3,0.45825756949558405,0
336,0.9379262161309218,0.025985817211802428,0.015123865512093668,0.010161927737517357,0.0005202784158336669,0.00024656242502814715,100.0,0.0,63.95,3.7212229172679243,1.175,0.36314597615834876,4.45,0.6689544080129827,0
337,0.9361776188847252,0.02834289383173669,0.014999600061867027,0.00971472827835089,0.0005493256861941212,0.0002859062289100118,100.0,0.0,64.6,2.9051678092667896,1.025,0.10897247358851683,4.15,0.6538348415311009,0
338,0.9340676999733212,0.02696338435493888,0.016215235559643625,0.008603270769068262,0.0005802905408548634,0.00027302709114464653,100.0,0.0,63.5,2.5199206336708304,1.0,0.0,4.2,0.6,0
339,0.9363291953986408,0.02264011709754567,0.016510830124939042,0.008606835759137526,0.0005367359888385757,0.0002145514355735485,100.0,0.0,64.15,2.688401011754013,1.025,0.10897247358851683,4.1,0.6244997998398398,0
340,0.9376866325759459,0.022272256800881133,0.01610985794151087,0.009482386558546725,0.000514611331836162,0.00019084079469460953,100.0,0.0,62.75,2.8262165522125158,1.05,0.21794494717703372,4.05,0.6689544080129826,0
341,0.9387385206957155,0.02470634843283901,0.016336615030649093,0.009377270975713418,0.0005017366868862368,0.00020834617421481758,100.0,0.0,63.35,3.365635155509284,1.125,0.3112474899497183,4.25,0.7664854858377946,0
342,0.9403863424113018,0.02895361408593296,0.01657890969599749,0.009557130688472935,0.0004763473204499219,0.0002358569575066788,100.0,0.0,62.25,3.6314597615834874,1.1,0.3,4.25,0.7664854858377946,0
343,0.9413452608364142,0.029013491732805933,0.015774829197475096,0.009690359979805257,0.0004769068561582255,0.00022709135762077637,100.0,0.0,63.95,2.5782746168707478,1.025,0.10897247358851683,4.05,0.8645808232895291,0
344,0.9397941334982342,0.030206984103390497,0.015369913900038695,0.009504227732101777,0.0005094756207365387,0.00027231497174144963,100.0,0.0,62.4,2.4166091947189146,1.0,0.0,4.3,0.45825756949558405,0
345,0.9416366882983661,0.03025160169751995,0.015545748279549094,0.009127338157101839,0.00048432102333989736,0.0002506225276259704,100.0,0.0,63.15,3.48245602987317,1.1,0.3,4.4,0.8602325267042626,0
346,0.9438861653176612,0.02839338789467825,0.015412926371895532,0.009333014561835535,0.00044926617580303747,0.00021760750319182936,100.0,0.0,63.8,3.4727510708370675,1.15,0.3570714214271425,3.85,0.5722761571129799,0
347,0.9455004274801493,0.025948350315932713,0.016370321181078566,0.009888095129332102,0.00040901089558319416,0.00015030330523690188,100.0,0.0,64.1,3.064310689208912,1.0,0.0,4.3,0.7810249675906654,0
348,0.9416029236680415,0.029203881885748063,0.01630055444573259,0.008603733778424478,0.00047011996348084693,0.0002327158869466448,100.0,0.0,63.65,2.43464576478797,1.05,0.21794494717703372,4.05,0.5894913061275798,0
349,0.9386715030798023,0.031690473550553135,0.016126080005827718,0.00841117994542108,0.0005100091633536868,0.0003083992827129171,100.0,0.0,63.55,2.940663190506523,1.0,0.0,4.3,1.0049875621120892,0
350,0.9376379304538902,0.02938628323955308,0.016219940009905356,0.008360814319040932,0.0005202285832495409,0.0002679419690489903,100.0,0.0,62.9,2.5278449319529077,1.05,0.21794494717703372,4.45,0.9205976319760986,0
351,0.9332179947591049,0.02946102057246119,0.016241170253878605,0.007284876887933353,0.0005891724142516553,0.0003284867636284834,100.0,0.0,63.1,1.9723082923316022,1.05,0.21794494717703372,4.2,0.8124038404635961,0
352,0.9374778023834593,0.026194934180777372,0.014836343321560896,0.007161170922614968,0.0005542340801387438,0.00026618314879432904,100.0,0.0,63.8,3.171750305430741,1.075,0.23848480035423641,4.55,0.6689544080129827,0
353,0.9370812494053936,0.022668291028166254,0.016364251313607955,0.007126646796891363,0.000538992808670284,0.0002523029549103104,100.0,0.0,63.9,3.047950130825634,1.025,0.10897247358851683,4.15,0.7262919523166975,0
354,0.9411039543330075,0.023602482763177588,0.016059768450260026,0.007390410751022635,0.0004913634958629281,0.00021666011554622843,100.0,0.0,63.0,2.9832867780352594,1.1,0.3,4.2,0.8124038404635961,0
355,0.9416331062503753,0.025108193828025704,0.016611181976083654,0.0074820649040675,0.00047518798540615225,0.00019698378519306543,100.0,0.0,63.1,2.930870177950569,1.05,0.21794494717703372,4.5,0.8660254037844386,0
356,0.941057874256525,0.026174958506748995,0.015633388172330485,0.00732594588147405,0.0005084460342848809,0.00021389570521850254,100.0,0.0,63.35,2.903015673398957,1.05,0.21794494717703372,4.35,0.653834841531101,0
357,0.9391871035891499,0.025752948809820403,0.015594963349085828,0.007432537947638827,0.0005366670315276945,0.00023981760148366927,100.0,0.0,63.1,2.3430749027719964,1.05,0.21794494717703372,4.3,0.5567764362830021,0
358,0.9389992297935985,0.028406796934265788,0.015238208176550496,0.0075891802123086265,0.000545977829797936,0.0002531837907453555,100.0,0.0,63.45,2.836811590500857,1.1,0.3,4.15,0.47696960070847283,0
359,0.9366755007580301,0.024346276264871812,0.016062900820438215,0.007991410765894227,0.0005489649405096276,0.0001993729216614802,100.0,0.0,62.95,2.3973944189473704,1.05,0.21794494717703372,4.1,0.6244997998398398,0
360,0.9360669869708305,0.028427452262820476,0.014842347735669892,0.008489250558694485,0.000571317229838107,0.0002558564023916684,100.0,0.0,64.2,2.0639767440550294,1.05,0.21794494717703372,4.0,0.6324555320336759,0
361,0.9348209982282286,0.026424111770048688,0.015227103479031275,0.007909244287691793,0.0005860219547538116,0.0002495782014114455,100.0,0.0,63.7,3.716180835212409,1.15,0.3570714214271425,4.05,0.804673846971554,0
362,0.9404398356857046,0.029682326215655926,0.015058714729201842,0.007094696282258166,0.0005246619622502505,0.00026614690246455934,100.0,0.0,62.5,2.247220505424423,1.025,0.10897247358851683,4.2,0.6,0
363,0.9383105801865698,0.0332978291980354,0.014734299657659137,0.00807273837661581,0.0005525687602564181,0.0003475257638926361,100.0,0.0,62.3,3.7696153649941526,1.15,0.3570714214271425,4.05,0.5894913061275798,0
364,0.9383218786874752,0.02640180976216981,0.014511996906480367,0.007675019836060087,0.0005615854829475745,0.0002784318122882162,100.0,0.0,64.7,3.132091952673165,1.0,0.0,4.15,0.6538348415311012,0
365,0.937750958298416,0.027104032855510243,0.015262456760198115,0.007827503677463698,0.0005497644234644292,0.00025813897725671065,100.0,0.0,63.45,2.9912372022292053,1.05,0.21794494717703372,4.45,0.8645808232895291,0
366,0.9317262327369946,0.030516635417675683,0.015014027796467225,0.008056593326790125,0.0006386232982429766,0.0003166380393428036,100.0,0.0,62.75,2.878801834096956,1.1,0.3,4.05,0.739932429347437,0
367,0.9329358850967635,0.0358716733091909,0.015073168220972464,0.007947123359379114,0.0006186529487633754,0.0003738139777933472,100.0,0.0,63.75,3.2384409829422554,1.075,0.23848480035423641,4.1,0.7000000000000001,0
368,0.939626633311665,0.02935030844531124,0.014811001815692329,0.007236694578143097,0.0005346972611440644,0.00031189573436078477,100.0,0.0,63.45,3.6670833096617805,1.075,0.23848480035423641,4.2,0.7483314773547883,0
369,0.9390842701640582,0.02645621324295233,0.01611851657953232,0.006893681952734015,0.0005258101072633799,0.00029813657002566464,100.0,0.0,63.45,3.2011716605018234,1.05,0.2179449471770337,4.05,0.49749371855331004,0
370,0.9376227711633837,0.030737668667139877,0.015812427168666814,0.007386086567968553,0.0005381451972779042,0.00030708845572273934,100.0,0.0,64.1,2.844292530665578,1.05,0.15,4.25,0.698212002188447,0
371,0.9349724467194429,0.030395524343305374,0.016619203825038367,0.0075713213127355065,0.0005580493298350862,0.00028716790848898175,100.0,0.0,63.85,3.1666228067138023,1.0,0.0,4.15,0.6538348415311009,0
372,0.9269893045806858,0.030367851400713804,0.018057486354291476,0.007895706672161114,0.0006313380827404295,0.00027386627338741237,100.0,0.0,63.75,1.8131464364468746,1.05,0.21794494717703372,3.95,0.5894913061275798,0
373,0.9302103773585453,0.030250837934923752,0.01885021429345166,0.008768286047582834,0.0005696462430015716,0.0002647990872001312,100.0,0.0,63.25,2.5273503912200224,1.05,0.21794494717703372,4.15,0.653834841531101,0
374,0.9358212090085034,0.0253199142190446,0.018125575295213532,0.007408662193366567,0.0005194992617926232,0.00023268658521832407,100.0,0.0,64.4,3.307567081708245,1.05,0.21794494717703372,4.0,0.5477225575051661,0
375,0.9385616092594168,0.02546875939975694,0.018066464723420047,0.007610452787806907,0.000479237681126867,0.00021796455230702473,100.0,0.0,64.85,3.5252659474144643,1.075,0.23848480035423641,4.35,1.1947803145348521,0
376,0.941494679537818,0.023532218857866237,0.01684213875846768,0.008153971925080649,0.0004585748656180164,0.0002001229468688056,100.0,0.0,63.8,3.2186953878862163,1.05,0.21794494717703372,4.15,0.7921489758877431,0
377,0.936205979559316,0.023737419319452183,0.01793880534398987,0.008098348140038776,0.0005117234832971325,0.00019765541117578445,100.0,0.0,62.75,3.2384409829422554,1.025,0.10897247358851683,4.3,0.7810249675906654,0
378,0.9342617596327528,0.023018899785189607,0.017105424526594713,0.008511868972507181,0.0005432695285017303,0.00018631122609771275,100.0,0.0,64.05,3.667083309661781,1.05,0.21794494717703372,4.15,0.7262919523166975,0
379,0.9365358307516978,0.024051273665052903,0.016814167831365846,0.008317777784602836,0.0005155714616606811,0.00017579350000377562,100.0,0.0,63.95,3.3834154341434335,1.075,0.23848480035423641,4.3,0.8426149773176358,0
380,0.9364709163951617,0.022697085825138,0.015788969075810563,0.008151795495903917,0.0005433413625254779,0.0002111400248416971,100.0,0.0,63.05,2.8543825952384165,1.0,0.0,4.2,0.7483314773547882,0
381,0.9379134582722554,0.024018430679127723,0.01651151230885943,0.00837220694983379,0.0005098767083314903,0.00019545148642762582,100.0,0.0,63.4,2.6720778431774774,1.15,0.3570714214271425,4.2,0.812403840463596,0
382,0.9392879338681098,0.019757276228333516,0.016025685495764823,0.008089229099769425,0.0004972728098191193,0.0001919380158676953,100.0,0.0,62.85,2.8155816450602176,1.075,0.23848480035423641,4.25,0.82915619758885,0
383,0.9371641975213016,0.025158120554452566,0.015398050873016461,0.00848274074441222,0.0005341447743910245,0.00024186295897966466,100.0,0.0,62.0,2.792848008753788,1.05,0.21794494717703372,4.25,0.7664854858377946,0
384,0.9369528577641898,0.022668333643155136,0.016488681039971788,0.008572300313381461,0.0005162676026563141,0.00023411732998209283,100.0,0.0,62.3,2.968164415931166,1.1,0.3,4.5,0.7416198487095663,0
385,0.9398441210434173,0.019134438411357216,0.016144328897503408,0.008247631847885099,0.000491068497367365,0.00015750569565405417,100.0,0.0,64.1,3.491418050019218,1.15,0.3570714214271425,3.9,0.7681145747868608,0
386,0.9401755547749355,0.01737602403283381,0.017141756284078605,0.0075123275446593455,0.00048598092310818826,0.0001474035534881867,100.0,0.0,63.25,3.222964473896664,1.1,0.3,4.25,0.82915619758885,0
387,0.9416870769087314,0.015153631566561805,0.016177151136865662,0.007434242290926886,0.0004824016032167035,0.0001560943399886811,100.0,0.0,63.95,2.4387496796514396,1.0,0.0,4.15,0.7262919523166976,0
388,0.9416325479657331,0.014709507298575496,0.015221164554536487,0.007495379664365854,0.0004952715045149597,0.00018595721408620864,100.0,0.0,63.5,2.80178514522438,1.05,0.21794494717703367,4.25,0.82915619758885,0
389,0.9431158717930905,0.013784313387850428,0.014762399312510185,0.006603978748818313,0.0004899390770403661,0.00012894624340214944,100.0,0.0,63.75,2.7726341266023544,1.1,0.2549509756796392,4.35,0.5722761571129799,0
390,0.9411382450040199,0.01671906221134371,0.016063020590687357,0.006996234591756193,0.0004923763344905522,0.0001464317553879269,100.0,0.0,63.45,2.81913107180209,1.05,0.2179449471770337,4.1,0.6244997998398398,0
391,0.9440038772170253,0.019673797974697194,0.01525712802950952,0.007410528381368689,0.0004712666971110514,0.00018480259906781022,100.0,0.0,63.3,3.0512292604784714,1.0,0.0,4.35,0.6538348415311012,0
392,0.9444175960034681,0.020649870559717187,0.01501568106446407,0.00791628259505031,0.0004746401728390315,0.0001731456325193662,100.0,0.0,63.8,2.9933259094191524,1.1,0.3,4.1,1.1789826122551597,0
393,0.9454024081900221,0.02128787869530728,0.014934882996037336,0.007733702719355904,0.0004644139339442086,0.00018991019907034788,100.0,0.0,63.8,2.5999999999999996,1.05,0.21794494717703372,4.9,1.1789826122551597,0
394,0.9440846844648909,0.02137589974276938,0.014448962482922429,0.008402266634215139,0.0004841446758914395,0.00020773165975296678,100.0,0.0,63.05,3.761316258971054,1.05,0.15,4.15,0.7262919523166976,0
395,0.9417794974989903,0.023913652408764623,0.015258144794314138,0.008304483684058952,0.0004896083600841114,0.0002396886993751692,100.0,0.0,62.85,2.5937424698685874,1.125,0.3112474899497183,4.15,0.5722761571129799,0
396,0.9401475938773339,0.022285251357023167,0.014995224168677995,0.007983063651187398,0.0005219990800858301,0.000224390054510766,100.0,0.0,63.4,3.246536616149586,1.125,0.3112474899497183,4.35,0.6538348415311012,0
397,0.9441502460473334,0.02224667188028312,0.016044974705424223,0.007574875377159361,0.0004547180207852162,0.0002133845368648708,100.0,0.0,62.9,3.047950130825634,1.05,0.21794494717703372,4.65,0.7921489758877431,0
398,0.9439636077978435,0.023178283383979585,0.016523435302644572,0.008026322869382435,0.0004477606767876772,0.0002015412040104459,100.0,0.0,63.35,2.4550967394381837,1.05,0.21794494717703367,4.05,0.5894913061275798,0
399,0.9449426936013495,0.021207595905484627,0.015644702457978544,0.00887056348692633,0.0004381535048861347,0.00019018309348282325,100.0,0.0,62.85,2.4550967394381833,1.05,0.2179449471770337,4.4,0.8,0
400,0.9462526716070154,0.02038352352617741,0.016337008688225775,0.007620051930365776,0.00041752536312064366,0.00019438518821975577,100.0,0.0,62.55,3.0736785778607367,1.05,0.21794494717703372,4.2,0.5099019513592784,0
401,0.9449368740975628,0.016049666025952914,0.015748388636587025,0.006960936072487808,0.00044838252752047255,0.00016442167210499055,100.0,0.0,63.85,2.414021540914662,1.1,0.3,3.95,0.804673846971554,0
402,0.9437969410342524,0.016787442940364494,0.015354216360603237,0.0075976524862441655,0.00047056749900209965,0.00017501797759771276,100.0,0.0,63.75,3.5899164335677787,1.1,0.3,4.15,0.9630680142129111,0
403,0.9465188217240721,0.015849877648634256,0.0170679764465315,0.007224031890255936,0.0004113773064003953,0.00013658510518369893,100.0,0.0,62.85,2.5352514668174435,1.1,0.3,4.15,0.4769696007084728,0
404,0.9480389728197152,0.015106475225107587,0.01691432590930956,0.006792668606852901,0.0004033706618564988,0.00015640087357194824,100.0,0.0,63.65,2.6884010117540127,1.05,0.21794494717703372,4.2,0.6,0
405,0.9454796781198546,0.016841860515356508,0.01781535549705815,0.007885572188230447,0.0004053625758662552,0.00016150128761305762,100.0,0.0,63.4,2.8000000000000003,1.05,0.21794494717703372,4.15,0.7262919523166975,0
406,0.9411153104438039,0.01601535322574617,0.017399638981299866,0.007151528453531473,0.00047592001456641926,0.0001895410647473299,100.0,0.0,62.65,4.162631379308046,1.15,0.32015621187164245,4.1,0.8888194417315588,0
407,0.9407258466359287,0.02150747970027663,0.01782335373837886,0.007419543845538395,0.00046723036290978085,0.00021362169913384944,100.0,0.0,63.95,2.8892040426387333,1.0,0.0,4.35,0.7262919523166976,0
408,0.9432505918023573,0.025423984253671886,0.017111247661508122,0.007446462946737502,0.0004551559517713591,0.0002798835079440376,100.0,0.0,63.05,3.0736785778607367,1.15,0.3570714214271425,4.25,0.4330127018922193,0
409,0.9456491236442007,0.020573667938119895,0.01684972853224779,0.008032599934806843,0.00041162434844036546,0.0001941181528843833,100.0,0.0,63.25,3.031088913245535,1.075,0.23848480035423641,4.3,0.45825756949558405,0
410,0.9398412505789594,0.024111225369512466,0.017007941976521217,0.008647099313244044,0.0004809932334747721,0.00026357849861448243,100.0,0.0,64.15,2.7798381247835278,1.0,0.0,4.25,0.9420721840708386,0
411,0.9389872690376976,0.024088620718643837,0.01672212541681988,0.008644103600904682,0.0005037261656734189,0.00028070639608834564,100.0,0.0,62.55,2.7290108097990378,1.15,0.3570714214271425,4.15,0.7262919523166975,0
412,0.9415637899610042,0.018713012992248666,0.01652786101128758,0.006834206607019848,0.0004844372345538762,0.00020055888146675417,100.0,0.0,62.95,3.0244834269673224,1.075,0.23848480035423641,4.2,0.8717797887081348,0
413,0.9375627209048961,0.02055744539973418,0.01664441694534205,0.006797178591021254,0.0005393242233903855,0.00020471177716177872,100.0,0.0,64.65,2.903015673398957,1.0,0.0,4.3,0.5567764362830021,0
414,0.941771650067252,0.02026673785821162,0.015621593612840014,0.005897209773156693,0.0004980705716853562,0.0002397922611954865,100.0,0.0,63.75,2.5074887836239665,1.0,0.0,4.35,0.7262919523166975,0
415,0.9379823086653791,0.026201980515761586,0.01732816727732516,0.005349899318462429,0.0005222996330530459,0.0002917863520885089,100.0,0.0,63.85,2.286372673034735,1.05,0.21794494717703367,4.2,0.5099019513592784,0
416,0.9356203533287296,0.024387586896785024,0.017505498644545127,0.005684392509398851,0.0005457334674063192,0.0003020273539740692,100.0,0.0,63.05,3.169779172119093,1.075,0.23848480035423641,4.25,0.698212002188447,0
417,0.9372058895211675,0.022875239312099203,0.01692825457139552,0.006699573067376964,0.0005339614512964175,0.0002659953615779231,100.0,0.0,65.4,2.672077843177477,1.0,0.0,4.25,0.698212002188447,0
418,0.9408937881967697,0.021058555058573465,0.016074709078601847,0.006987436379277569,0.0004939599067943021,0.00020175261312044583,100.0,0.0,62.55,3.5843409436045564,1.05,0.21794494717703372,4.3,0.8426149773176358,0
419,0.9416395717098155,0.02168898500562737,0.017407384364762534,0.006839878415696923,0.0004632927689474195,0.00020911429476081002,100.0,0.0,61.8,3.043024810940588,1.2,0.4,3.95,0.5894913061275798,0
420,0.9452736841459872,0.01943469990682638,0.01614850126187469,0.006160153605559924,0.0004540399411127723,0.000192422021169749,100.0,0.0,64.25,2.624404694402142,1.05,0.21794494717703372,4.05,0.6689544080129826,0
421,0.9393444647483896,0.01863915488893776,0.016664778298491098,0.00608681489935139,0.0005257319715106649,0.00019104628972695014,100.0,0.0,63.75,2.299456457513384,1.0,0.0,4.25,0.5361902647381804,0
422,0.9380700356364982,0.01704569145596466,0.01627982781058166,0.006051337140991452,0.0005453496445936923,0.0001936909952046084,100.0,0.0,63.9,3.7403208418530087,1.125,0.3112474899497183,3.95,0.4974937185533099,0
423,0.9375755733400295,0.020872745714562827,0.015446504308600667,0.007037963880952848,0.0005624556074056745,0.0002648197197186414,100.0,0.0,62.6,4.1521078984053394,1.2,0.4,4.15,0.9096702699330127,0
424,0.9362039568383977,0.021955164265762956,0.01602481679108278,0.0064044690581850795,0.0005711867016728172,0.00029890392557494063,100.0,0.0,63.9,2.5670995305986875,1.025,0.10897247358851683,4.1,0.43588989435406733,0
425,0.9353389635657698,0.02264077164509374,0.015065805303438169,0.00609387628636352,0.0005861233366508964,0.0002856826481440625,100.0,0.0,62.5,3.0413812651491097,1.1,0.3,4.65,0.9096702699330126,0
426,0.9332833040957157,0.02332066254664876,0.0150105691005599,0.006001180280475908,0.0006112836469207016,0.0002767336158879619,100.0,0.0,63.0,2.569046515733026,1.05,0.15,4.1,0.7,0
427,0.9377746666366612,0.023719866314724,0.014800005456368143,0.005595031354389749,0.000558888674279507,0.0002745001881783331,100.0,0.0,63.95,3.528101472463625,1.05,0.21794494717703372,4.25,0.5361902647381804,0
428,0.9400669142194813,0.023729075242661622,0.015233721284661546,0.006914361303199524,0.0005173507208468999,0.0002458088958442006,100.0,0.0,63.6,3.023243291566195,1.05,0.21794494717703372,4.3,0.6403124237432849,0
429,0.9411737073517947,0.02097293281605309,0.014629994254778404,0.006529380279681944,0.0005185337424055771,0.000227813320860595,100.0,0.0,62.45,2.836811590500857,1.15,0.3570714214271425,4.2,0.6782329983125269,0
430,0.943272719929098,0.019575731603564503,0.014616302016924317,0.006567606139428092,0.00048780202680302244,0.00019425412679758812,100.0,0.0,63.55,2.132486811213612,1.1,0.2549509756796392,4.2,0.6782329983125268,0
431,0.9388139484426578,0.018154983717286736,0.013554432055250651,0.007220267771014403,0.0005515786094390447,0.00019127024377954704,100.0,0.0,62.55,3.169779172119093,1.125,0.3112474899497183,4.1,0.5385164807134504,0
432,0.9371887093171928,0.02039469300817383,0.01426065733151094,0.007899617955920212,0.0005570631679051015,0.00019234518814742645,100.0,0.0,63.95,2.4994999499899975,1.05,0.21794494717703372,4.05,0.6689544080129826,0
433,0.9348088717560504,0.019677719084510856,0.014359818536823504,0.008104828808121958,0.0005874714935243904,0.0002036361748889359,100.0,0.0,63.4,3.6660605559646724,1.1,0.3,4.25,0.5361902647381804,0
434,0.9334581372450682,0.0228974329565817,0.014092643858148072,0.007212021690201544,0.000618935871912178,0.00026694377684577196,100.0,0.0,63.2,3.3105890714493693,1.075,0.23848480035423641,4.15,0.6538348415311012,0
435,0.9347634736508036,0.024253450456123354,0.014394655471634274,0.006804523616328072,0.0006072300517597636,0.0002887389405308065,100.0,0.0,64.0,3.40587727318528,1.05,0.21794494717703372,4.15,0.6538348415311012,0
436,0.935599777658884,0.024488622992897113,0.014899701443850916,0.00723294946789764,0.0005671155856810052,0.00023510513031322963,100.0,0.0,64.65,2.2863726730347356,1.05,0.21794494717703372,4.2,0.39999999999999997,0
437,0.9282464513357075,0.026388145178381058,0.01515087974051962,0.007648511348159782,0.0006561823118318046,0.0002694822903076599,100.0,0.0,62.75,3.1444395367060247,1.05,0.21794494717703372,4.3,0.7810249675906654,0
438,0.9311837882129398,0.024614965977399633,0.015667654334788682,0.008171751148525808,0.0006130407810393761,0.0002496072381046277,100.0,0.0,63.1,2.826658805020514,1.0,0.0,4.55,0.6689544080129827,0
439,0.9343823056079165,0.01978723688548776,0.01566266132259274,0.008472792899864731,0.0005744081836616176,0.0001964195668342106,100.0,0.0,63.85,2.868361901852694,1.025,0.10897247358851683,4.25,0.5361902647381804,0
440,0.9316107652703385,0.026649182770335653,0.016240604562633838,0.00891146968099161,0.0005993325271205863,0.00028435357263568366,100.0,0.0,63.2,2.712931993250107,1.1,0.3,4.05,0.804673846971554,0
441,0.9336098660527588,0.027894229474154462,0.016811913392604544,0.008561484310860954,0.0005779703954062096,0.0003371994169231898,100.0,0.0,63.25,2.1880356487041066,1.025,0.10897247358851683,4.55,0.6689544080129827,0
442,0.9396995548377014,0.02543766283286983,0.015716565983643047,0.009064922511092744,0.000496972473301332,0.0002520694384450079,100.0,0.0,62.85,3.365635155509284,1.1,0.3,4.15,0.47696960070847283,0
443,0.942589395392865,0.023728633793988044,0.016424033247239636,0.00804038198133937,0.00045774102561812113,0.00021544783165872405,100.0,0.0,62.15,3.335790760824186,1.1,0.25495097567963926,4.5,1.118033988749895,0
444,0.9439304220284249,0.024113747359871058,0.015753317851555933,0.008118033487119744,0.0004502843134846471,0.0002307955585075244,100.0,0.0,65.35,2.903015673398957,1.0,0.0,4.05,0.6689544080129826,0
445,0.9396568756857651,0.02655220008238623,0.015149640284338666,0.007984750901890601,0.0005187540377664752,0.0002723892269807316,100.0,0.0,62.85,3.5815499438092444,1.05,0.15,4.3,0.8426149773176358,0
446,0.9393618144714193,0.024791118379072517,0.016223235669307924,0.008167808682384243,0.0005055988358429015,0.00022763457593823685,100.0,0.0,62.95,2.9406631905065224,1.025,0.10897247358851683,4.3,0.5567764362830021,0
447,0.9429722251792606,0.021715255569651367,0.015464868204967303,0.007865341744559872,0.0004692195032861608,0.00016133936634619888,100.0,0.0,61.85,3.1348843678834477,1.125,0.3112474899497183,3.85,0.3570714214271425,0
448,0.9435474151585683,0.022025608514404185,0.014058173329562601,0.007940540551736527,0.00048455750830343254,0.00013371958102325192,100.0,0.0,64.05,3.3537292675468007,1.0,0.0,4.2,0.812403840463596,0
449,0.9405357644886558,0.024490901913523263,0.013804227477567033,0.00838388846411398,0.0005289944790242151,0.00020191174847914716,100.0,0.0,62.85,2.8508770580296865,1.1,0.3,4.25,0.82915619758885,0
450,0.9388818004677273,0.022449981536127914,0.013784144404651024,0.008561750459368763,0.0005505131863603851,0.00016522378296467336,100.0,0.0,63.65,2.937260628544903,1.05,0.21794494717703372,4.2,0.812403840463596,0
451,0.9418103474657687,0.0233669755846061,0.01375803020962853,0.007847435152973882,0.0005203225444698047,0.00023695823349539221,100.0,0.0,62.55,2.923610781208744,1.025,0.10897247358851683,4.35,0.8529361054615991,0
452,0.9426874200599797,0.027915288356200205,0.01460130928955051,0.0081786380256381,0.0004943372317704126,0.0003025790843975701,100.0,0.0,62.65,3.08666486681013,1.05,0.21794494717703372,4.35,0.9630680142129111,0
453,0.9414139700939744,0.027448843213057687,0.014912982472530423,0.008374161681433318,0.000497745581908367,0.00028961794453810175,100.0,0.0,64.05,3.201171660501823,1.05,0.21794494717703372,4.1,0.7000000000000001,0
454,0.9364230423878478,0.02956278558087642,0.01610192411102223,0.007783133019104071,0.0005606321387660738,0.00033690884909933394,100.0,0.0,63.55,2.97447474354717,1.0,0.0,3.95,0.5894913061275798,0
455,0.9381941320833794,0.02663217405581497,0.015325668682221344,0.007033942010767274,0.00054621258660031,0.00030587686869208816,100.0,0.0,62.8,3.501428280002319,1.05,0.21794494717703372,4.4,0.9165151389911681,0
456,0.9364331850099449,0.0280342112766963,0.01610329736981177,0.007124282494785287,0.0005531708194552637,0.00034828293270538786,100.0,0.0,62.55,2.7106272336859605,1.0,0.0,4.15,0.47696960070847283,0
457,0.9371531973395306,0.02426551146875525,0.01580933366284234,0.007072582722718242,0.0005425717461818712,0.0002525825618489077,100.0,0.0,63.65,4.138538389335056,1.025,0.10897247358851683,4.35,0.7262919523166975,0
458,0.9360844274142044,0.020684867100445897,0.016412651736702,0.007331223759995612,0.0005506403413873469,0.00023850458172506724,100.0,0.0,62.65,3.118894034750139,1.05,0.21794494717703372,4.7,0.9539392014169458,0
459,0.9388213210577623,0.021874393741192977,0.016948834171201018,0.006808401529883881,0.0005136484280639528,0.00027293354591951895,100.0,0.0,64.65,2.5743931323712004,1.0,0.0,4.25,0.82915619758885,0
460,0.9378246231889793,0.024825574735456383,0.017291830870630145,0.006658204520351199,0.0005235633649346273,0.0003228547054521285,100.0,0.0,63.65,3.380458548777074,1.025,0.10897247358851683,4.2,0.7483314773547883,0
461,0.9381097914466456,0.023636880935099813,0.01734598343525609,0.007072246954622837,0.0005243698065048792,0.000256188538506995,100.0,0.0,63.75,2.48746859276655,1.025,0.10897247358851683,4.2,0.7483314773547883,0
462,0.9407239340186309,0.023633569188469802,0.01709562190908264,0.007064832933541232,0.0004906140885384999,0.00024935292537128,100.0,0.0,64.15,3.380458548777074,1.1,0.3,4.05,0.6689544080129826,0
463,0.9384471245507997,0.02424661491891196,0.017561337169077307,0.007793698082562104,0.0005028439459440031,0.0002643038415188557,100.0,0.0,63.45,2.9064583258667245,1.1,0.3,4.05,0.6689544080129826,0
464,0.9368213941919364,0.023124744940429518,0.017787278118382367,0.007679610378608072,0.000518583583432405,0.00021701593376701972,100.0,0.0,65.25,3.222964473896664,1.05,0.21794494717703372,3.95,0.49749371855331004,0
465,0.938976652783176,0.02198895213804251,0.017889929939820116,0.007381589665970361,0.00048368485306084274,0.00018895542406106318,100.0,0.0,65.2,2.976575213227443,1.0,0.0,4.0,1.0488088481701516,0
466,0.9402997401851589,0.024324901426469075,0.01764015288152665,0.007340320038060935,0.0004699738310823834,0.0002088270922903534,100.0,0.0,64.05,3.1220986531498327,1.075,0.23848480035423641,4.1,0.7000000000000001,0
467,0.9363074349799543,0.024218439913402178,0.017364660950260145,0.00683442176249748,0.0005281653165009953,0.0002057305829936351,100.0,0.0,63.15,3.8114957693797855,1.15,0.3570714214271425,4.15,0.7921489758877431,0
468,0.9373207342498461,0.025702244105251727,0.017318324083662486,0.007022080010518705,0.0005157559995463969,0.0002127873005254135,100.0,0.0,64.95,3.040970239906994,1.025,0.10897247358851683,4.0,0.5477225575051661,0
469,0.9316617952003918,0.026486518371496393,0.01748352210212,0.008392812604405248,0.0005684261394364573,0.0002357591726511091,100.0,0.0,63.35,2.6509432283623124,1.05,0.2179449471770337,4.05,0.49749371855331004,0
470,0.9305314658928883,0.024272430898274223,0.017666206698917133,0.008465325777603798,0.0005847210244472605,0.0002688988199707644,100.0,0.0,62.45,2.7290108097990378,1.1,0.3,4.2,0.6,0
471,0.9290703359907788,0.02380158203399871,0.017785904449506944,0.008571273976191496,0.0005989071489528634,0.00025622416110281907,100.0,0.0,63.2,3.709447398198282,1.025,0.10897247358851683,4.45,0.9733961166965892,0
472,0.9333294998008025,0.023174017390082572,0.016298934833067026,0.007905666622445011,0.0005747293643507949,0.0002458343847037459,100.0,0.0,61.85,3.7719358425084595,1.075,0.23848480035423641,4.4,0.9695359714832658,0
473,0.9259319648107865,0.02488741680492448,0.017982729430822235,0.008569325325205735,0.0006387343069902185,0.0002847436476508832,100.0,0.0,63.55,3.2935543110748915,1.05,0.21794494717703372,4.15,0.47696960070847283,0
474,0.9276131939212245,0.027252006082400068,0.018198489633456792,0.008138781604668978,0.0006183032246588045,0.00029401380671063425,100.0,0.0,63.2,3.009983388658482,1.1,0.3,4.4,0.5830951894845301,0
475,0.9262493097047937,0.03296209697016639,0.01743360893602803,0.008070944935632499,0.0006423813691868853,0.00036941138072614656,100.0,0.0,63.8,3.443835071544512,1.0,0.0,4.35,0.7921489758877431,0
476,0.9300586550349648,0.031073815614115825,0.017165195486297333,0.007379248727366238,0.000606499355508016,0.0003469979869220762,100.0,0.0,64.5,3.263433774416144,1.025,0.10897247358851683,4.1,0.7681145747868608,0
477,0.932514365561091,0.0285866783243844,0.01723365105184741,0.00832114954317538,0.0005671733151823182,0.00029771947378877986,100.0,0.0,63.25,3.207413287993925,1.05,0.21794494717703372,4.4,0.5830951894845301,0
478,0.9345730011569412,0.028211127367571382,0.017525788854543065,0.007841536282284688,0.0005504293075936147,0.00031630907703049366,100.0,0.0,63.9,2.7367864366808017,1.0,0.0,4.2,0.6,0
479,0.9365864508199715,0.023457521087723653,0.01642271111302281,0.0075369238758934125,0.0005410611090936729,0.00025542447307420717,100.0,0.0,63.55,2.7834331319433563,1.05,0.21794494717703372,4.45,0.8046738469715541,0
480,0.9372266038610999,0.02394168787344698,0.0152712765887413,0.00840658951077232,0.0005451083817429198,0.0002718050392742084,100.0,0.0,63.65,3.134884367883447,1.0,0.0,4.3,0.5567764362830022,0
481,0.9374415407376138,0.02108258749404076,0.01506045920121372,0.008268930200179804,0.000547114836849875,0.0002739892584908276,100.0,0.0,62.55,3.6534230524263136,1.15,0.3570714214271425,4.3,0.7810249675906654,0
482,0.9414102309663992,0.017623721861741434,0.014269440669677527,0.007482820542850188,0.0005188264682095628,0.0002385724026634303,100.0,0.0,63.2,2.803569153775237,1.025,0.10897247358851683,4.1,0.5385164807134504,0
483,0.9411554235618114,0.012908442036470989,0.015402759054962082,0.007506619695279311,0.0004922665295239889,0.00018184943848751874,100.0,0.0,63.9,3.2848135411313684,1.0,0.0,4.15,0.7921489758877431,0
484,0.9403384710776528,0.018232237159332896,0.015676660120203682,0.007304332093772522,0.0004991306010358195,0.00022236990941970302,100.0,0.0,64.5,2.539685019840059,1.0,0.0,4.2,0.6782329983125269,0
485,0.9387502706002773,0.01827751684329514,0.01590531926402345,0.006094401821135871,0.0005238879678744288,0.0002333376196826251,100.0,0.0,63.35,3.4245437652335533,1.1,0.2549509756796392,4.1,0.8888194417315588,0
486,0.9376543509903866,0.017954188786293093,0.015051876700802425,0.006206149319139414,0.0005552939477741029,0.0002390464229951884,100.0,0.0,63.55,2.5782746168707473,1.05,0.21794494717703367,4.25,0.5361902647381804,0
487,0.9384569182205007,0.0190444321435694,0.01431877990109133,0.0064194471815123,0.0005523523879484622,0.00023440062636657935,100.0,0.0,63.55,3.694252292413175,1.1,0.3,4.15,0.5722761571129799,0
488,0.9346876670164613,0.02334231378879571,0.014665407959769085,0.006660080051027728,0.0006020048557136019,0.00029400687253166365,100.0,0.0,62.4,3.786819245752298,1.05,0.15,4.45,1.2031209415515964,0
489,0.9389675746153475,0.01648977808743375,0.015041223642587555,0.006008914773234838,0.0005433967553180607,0.00020056108068223602,100.0,0.0,63.35,3.623189202898463,1.05,0.15,4.45,1.023474474522936,0
490,0.9375128027389146,0.014717272017170992,0.014552567444069797,0.007003272765739908,0.0005598291539703312,0.00018666007325030226,100.0,0.0,62.6,3.0397368307141326,1.075,0.23848480035423641,4.05,0.6689544080129826,0
491,0.9401951606407492,0.014696182034725584,0.013924933951472318,0.006512385193070723,0.0005436492008307005,0.00016734122919760287,100.0,0.0,63.65,3.1666228067138023,1.0,0.0,4.25,0.6224949798994366,0
492,0.9439246201962967,0.0168249054004425,0.014210960535384584,0.005593894273957584,0.000502143296306661,0.00019580803273276,100.0,0.0,64.3,2.5317977802344327,1.0,0.0,4.2,0.6,0
493,0.9464193941080878,0.018754539240897428,0.013373789355691173,0.005100322618725613,0.00048216063314579255,0.00020160029788230654,100.0,0.0,63.8,2.712931993250107,1.05,0.21794494717703372,4.15,0.7262919523166975,0
494,0.9432476051062775,0.017129910342504474,0.012781341433660526,0.005163433662488664,0.0005323173976616196,0.00017403655116022423,100.0,0.0,64.0,2.5298221281347035,1.05,0.21794494717703367,4.25,1.0428326807307104,0
495,0.9427710488235362,0.015835600949149643,0.013921332478590332,0.00510296339552825,0.0005151832108363987,0.0001817331768545187,100.0,0.0,64.15,2.2197972880423116,1.0,0.0,4.3,0.7810249675906654,0
496,0.9402270748059914,0.01745591864750366,0.014316102213972129,0.005559825940663721,0.0005366770505112029,0.00019740356730039014,100.0,0.0,63.45,2.871846096154876,1.1,0.3,4.05,0.6689544080129826,0
497,0.944893032676488,0.015333484692619009,0.013052807127582422,0.00588554049234707,0.0004979592057395472,0.00017071432739865976,100.0,0.0,64.3,2.3259406699226015,1.0,0.0,4.3,0.7810249675906654,0
498,0.945026373294042,0.015663208926659733,0.013255971278901591,0.005360945690045048,0.0004970120270036489,0.00017510093981090399,100.0,0.0,63.05,2.9744747435471695,1.1,0.3,4.5,1.02469507659596,0
499,0.94015966450269,0.019340548397810423,0.015014942932208949,0.006246199967003149,0.0005407463904335528,0.00020033038126905268,100.0,0.0,62.5,3.2326459750489227,1.1,0.3,4.3,0.6403124237432849,0
500,0.9451574569087177,0.019940155466233147,0.013809723415522623,0.007019589219259074,0.0004958816244033083,0.0002012616571873828,100.0,0.0,63.5,3.640054944640259,1.075,0.23848480035423641,4.2,0.7483314773547883,0
501,0.946374196748283,0.021240235024007105,0.012877268893540125,0.006692485584458404,0.000485510994151408,0.0002222204113012645,100.0,0.0,63.6,3.7202150475476548,1.15,0.3570714214271425,4.2,0.8124038404635961,0
502,0.9459698636325686,0.021451982525638617,0.013847010103857877,0.006112392684224736,0.00048471855952269817,0.00022263985407820097,100.0,0.0,63.55,2.836811590500857,1.075,0.23848480035423641,4.0,0.7071067811865476,0
503,0.9435539769433587,0.021224441751496466,0.012756963581050978,0.0052553096338950585,0.0005270677763947191,0.00021942132701198346,100.0,0.0,62.3,2.282542442102666,1.1,0.3,4.25,0.8874119674649424,0
504,0.9408259488829408,0.02150759980464239,0.012670239171553244,0.0067398240387647294,0.0005520303022602241,0.00021741342989522252,100.0,0.0,63.35,3.5954832776693593,1.1,0.3,4.2,0.8124038404635961,0
505,0.9390501875063638,0.02253431969089967,0.01448026077543843,0.008045976976447619,0.0005348403223168097,0.00019192768168355148,100.0,0.0,63.75,3.329789783154486,1.1,0.3,4.15,0.5722761571129799,0
506,0.9414064307852653,0.020654596868778918,0.014718326106842903,0.007362979260548478,0.0005053841080782622,0.00018654180128354315,100.0,0.0,63.8,2.9257477676655586,1.05,0.2179449471770337,4.35,0.5722761571129799,0
507,0.9382858055276684,0.01812799746225879,0.014215126701944072,0.0075407702442318114,0.0005445735980655027,0.00015266352457250562,100.0,0.0,63.6,3.120897306865447,1.1,0.3,4.35,1.1079259903080168,0
508,0.9354441308080469,0.023983991763420018,0.014932253918819475,0.007845134741999491,0.0005745365461348676,0.0002119110315930963,100.0,0.0,63.1,2.5670995305986875,1.075,0.23848480035423641,4.4,0.7348469228349535,0
509,0.9297789898766899,0.03040342778649131,0.015515270697918759,0.008197137361516125,0.000634516283803156,0.000309171575886957,100.0,0.0,63.75,3.672533185690771,1.1,0.3,4.1,0.8888194417315588,0
510,0.934114130923937,0.026201576018857448,0.015222868111664484,0.0070966395845451155,0.0006053557343684102,0.00026748464371321984,100.0,0.0,62.45,2.9744747435471703,1.125,0.3112474899497183,4.25,0.6224949798994366,0
511,0.9397138704407848,0.019453243977527544,0.01333328072148258,0.006629807237834678,0.000560450147179407,0.00022174782581964637,100.0,0.0,63.45,3.456515586540874,1.05,0.15,4.2,0.6782329983125269,0
512,0.940053918967382,0.01618209213511392,0.013463412977279474,0.006617450482059429,0.0005480704917784629,0.00018366082686832252,100.0,0.0,62.0,3.449637662132068,1.1,0.3,4.5,0.8660254037844386,0
513,0.9364042618588476,0.014521307189531867,0.012411614466819466,0.00607119734281638,0.000612375771742302,0.00017599134549402503,100.0,0.0,63.75,1.9461500456028564,1.0,0.0,4.45,0.7399324293474372,0
514,0.9391970073779655,0.015270569207247535,0.013378429017913845,0.00700315480289868,0.0005540433021043337,0.000159614203141357,100.0,0.0,63.4,3.9924929555354263,1.05,0.21794494717703372,4.15,0.653834841531101,0
515,0.9380968071176831,0.018253547025759456,0.012386290095661386,0.0060854483320914796,0.0006003243273513168,0.0002181269677094521,100.0,0.0,64.2,3.6276714294434105,1.1,0.3,4.3,0.6403124237432849,0
516,0.9420439176533428,0.019895143951586564,0.01250874237254273,0.00513805701497392,0.0005566887685252241,0.00023853563309595628,100.0,0.0,63.65,4.138538389335056,1.15,0.3570714214271425,4.15,0.7262919523166976,0
517,0.9396441282976558,0.017920076608891333,0.013334132065086102,0.004801923273877299,0.000569772815653539,0.00024773801108526997,100.0,0.0,62.25,2.913331426391443,1.1,0.3,4.7,1.1,0
518,0.9405963078105766,0.014138646271413457,0.014838332550567582,0.005118734990072502,0.0005389697528928509,0.000181941451839861,100.0,0.0,62.9,3.2388269481403293,1.1,0.3,4.25,0.698212002188447,0
519,0.940931530009293,0.019494610181004374,0.01462731174490125,0.005974859039464866,0.0005287890731167842,0.00024101530208107117,100.0,0.0,62.85,3.8506492958980307,1.05,0.21794494717703372,4.35,0.8529361054615991,0
520,0.9396364850309281,0.014409397252962069,0.014541158913314135,0.0060700754079596915,0.0005427899747903289,0.00019214189559004698,100.0,0.0,63.05,2.7834331319433563,1.075,0.23848480035423641,4.25,0.7664854858377946,0
521,0.9366467735216274,0.016591672832780586,0.01563084176225161,0.006262762240618585,0.0005569438009512288,0.0002085538184656167,100.0,0.0,63.25,3.897114317029974,1.025,0.10897247358851683,4.25,0.8874119674649424,0
522,0.931588390997598,0.027664295078400226,0.015437356166484537,0.007450026631492675,0.0006266300418880411,0.00033537697873278906,100.0,0.0,63.5,2.8722813232690143,1.0,0.0,4.35,0.7262919523166976,0
523,0.9384936990987578,0.02326038023605663,0.014768746296105747,0.007622907530633975,0.0005500812412370552,0.00026131157493493155,100.0,0.0,63.6,3.1368774282716245,1.075,0.23848480035423641,4.05,0.6689544080129826,0
524,0.9444327695451108,0.01926486969479935,0.014731813089131702,0.006565426277377568,0.000476404457425378,0.0001913816956907959,100.0,0.0,62.2,2.5806975801127883,1.15,0.3570714214271425,4.2,0.8124038404635961,0
525,0.9417555469735108,0.020504355822546626,0.014836996472124933,0.005246005544306437,0.0005274087804094322,0.00022895300535110191,100.0,0.0,62.15,2.515452245621053,1.175,0.36314597615834876,4.2,0.5099019513592784,0
526,0.9422241711970676,0.017244034817153003,0.014949916955829682,0.006115827024220821,0.000505771243314433,0.00019589821310258136,100.0,0.0,63.45,3.0409702399069944,1.1,0.3,4.5,0.7416198487095663,0
527,0.9403167266812563,0.024761685516502093,0.014661542522925269,0.006893449563698883,0.0005357524140559022,0.0002862486819374383,100.0,0.0,64.15,2.7617928959282954,1.025,0.10897247358851683,4.25,0.82915619758885,0
528,0.9416137178501407,0.022126337744863705,0.01431480283235521,0.00783183173325082,0.0005181761334022049,0.0002516994778889391,100.0,0.0,63.4,2.6343879744638983,1.05,0.21794494717703367,4.15,0.7262919523166976,0
529,0.9427966593721916,0.021822842791598445,0.013911718335489171,0.007115923166580428,0.000508643412996544,0.00021901255486696722,100.0,0.0,63.9,3.031501278244824,1.0,0.0,4.0,0.5477225575051661,0
530,0.9432718278906821,0.02118267128015797,0.012690431866932755,0.006585211781073299,0.0005231439006552673,0.0002481229825960082,100.0,0.0,63.35,3.5110539728121526,1.1,0.3,4.15,0.5722761571129799,0
531,0.9440429259889755,0.02284009381261423,0.013687224163389664,0.0069067137989842105,0.0005019276402707253,0.00026404817228471077,100.0,0.0,63.25,3.6314597615834874,1.05,0.21794494717703367,4.85,1.107925990308017,0
532,0.9433604731464824,0.020172835712018486,0.014122049817559598,0.006488092080112186,0.0005039627346110486,0.00024675525362280817,100.0,0.0,63.3,2.5903667693977237,1.075,0.23848480035423641,3.95,0.6689544080129826,0
533,0.9395743708929626,0.02336249811225732,0.014574020158783185,0.0058955548731360425,0.0005487198842565837,0.0002638565252277551,100.0,0.0,63.6,2.90516780926679,1.1,0.3,4.1,0.6244997998398398,0
534,0.9384504270365349,0.02612065831514267,0.015354593084554415,0.006174366670293045,0.0005473924691842224,0.00029969681965079863,100.0,0.0,63.25,2.843853020111975,1.075,0.23848480035423641,4.2,0.6782329983125268,0
535,0.9361291855570408,0.022702524996741635,0.014729293906820507,0.005615116250966098,0.0005988634420970907,0.0003149588912777052,100.0,0.0,61.7,2.9512709126747416,1.1,0.3,4.05,0.5894913061275798,0
536,0.9385761391058496,0.023259372201110653,0.014415848313881402,0.006373535800032625,0.0005690510466126383,0.00026175829040486407,100.0,0.0,63.25,2.7179955849853767,1.075,0.23848480035423641,4.05,0.5894913061275798,0
537,0.9394257900144514,0.026944992667235237,0.013965316225493851,0.007050753876586,0.0005542764746129287,0.0002770095669888639,100.0,0.0,63.15,2.779838124783528,1.075,0.23848480035423641,4.0,0.7745966692414834,0
538,0.942911311443868,0.024445587099538875,0.012285857910189596,0.006745952262523299,0.0005402743754407443,0.0002707516629712902,100.0,0.0,63.8,2.6381811916545836,1.05,0.21794494717703372,4.0,0.7071067811865476,0
539,0.9460420073131808,0.01716220329530404,0.011279665828040788,0.006806047984268316,0.0005160382965610111,0.00021274284842698698,100.0,0.0,62.6,3.0066592756745814,1.175,0.36314597615834876,4.5,0.806225774829855,0
540,0.9457780840735808,0.019112579224813107,0.012434626317387863,0.0061355685439830505,0.0005094088242827335,0.00021730019389873566,100.0,0.0,63.2,3.9319206502675,1.125,0.3112474899497183,4.25,0.698212002188447,0
541,0.9464584054398817,0.019196122160599276,0.012738166258654746,0.005815869669840627,0.00048648672153703087,0.0002063622999859301,100.0,0.0,65.15,3.4245437652335533,1.05,0.21794494717703372,4.2,0.6782329983125269,0
542,0.9427071942300737,0.022172882542042596,0.012472979609020515,0.006599024017676307,0.000527957142048816,0.00025385258366078853,100.0,0.0,64.05,2.8718460961548757,1.05,0.21794494717703372,4.4,0.8,0
543,0.943744425706398,0.02036443940425435,0.013558220828739836,0.005977137275116107,0.0005075399708914113,0.0002216392573110928,100.0,0.0,63.65,3.1666228067138023,1.0,0.0,4.3,0.714142842854285,0
544,0.941510561840021,0.020838855013379273,0.014949978622348852,0.006282049752464437,0.0005175417347976741,0.00023145051604277976,100.0,0.0,63.65,2.3081377775167584,1.0,0.0,4.3,0.6403124237432849,0
545,0.9387725604352921,0.02043366411187808,0.014138119357901158,0.006914892956832789,0.0005623860249657122,0.00022964364720395473,100.0,0.0,63.5,3.122498999199199,1.05,0.21794494717703372,4.2,0.6782329983125269,0
546,0.9369514751290972,0.023515878423963504,0.014394960437626161,0.006316755022477905,0.0005980123026856754,0.0002561866859981309,100.0,0.0,63.35,2.920188350089768,1.075,0.23848480035423641,4.25,0.82915619758885,0
547,0.937029244905036,0.02400661325891796,0.01453278922292633,0.006382977334451601,0.0005758191002875863,0.0002424227682336198,100.0,0.0,63.75,3.672533185690771,1.025,0.10897247358851683,4.35,0.5722761571129799,0
548,0.9353695759919354,0.02110960843276918,0.014365968147949434,0.006235354363501191,0.0006015997161877245,0.00022201843078253225,100.0,0.0,64.25,2.5074887836239665,1.025,0.10897247358851683,4.1,0.7681145747868608,0
549,0.9332719748128371,0.022527870727114825,0.01529241105048118,0.00677327238430121,0.000606287074985649,0.00023932700769171213,100.0,0.0,63.45,2.635811070619441,1.025,0.10897247358851683,4.1,0.5385164807134504,0
550,0.9348970990269452,0.02234830570814739,0.014854706223491632,0.006904629755401308,0.0005891749864223988,0.00025631543429397206,100.0,0.0,63.45,3.694252292413175,1.125,0.3112474899497183,4.05,0.804673846971554,0
551,0.9347995162864209,0.019953503814979217,0.013480659265174158,0.007826600465206241,0.000619470803474646,0.00026747063983020207,100.0,0.0,64.4,3.307567081708245,1.05,0.21794494717703372,4.15,0.9096702699330127,0
552,0.9387669593185132,0.016681141360204318,0.012879790906898747,0.007134572369088048,0.000567054384098855,0.0001850977918817592,100.0,0.0,63.05,2.71062723368596,1.0,0.0,4.35,0.5722761571129799,0
553,0.9395669578483193,0.02136767655814868,0.011702212720500631,0.007032466956115588,0.0005819242013932131,0.0002784950202211381,100.0,0.0,63.0,3.8078865529319543,1.1,0.3,4.15,0.5722761571129799,0
554,0.9413310476548709,0.015881681880729887,0.012038524408882409,0.007540042301979055,0.000549421863513817,0.00020218053439790531,100.0,0.0,63.75,2.7179955849853767,1.0,0.0,4.3,0.714142842854285,0
555,0.9396497262937762,0.01656415293105953,0.01213954441489888,0.006834812075884716,0.0005723313837120902,0.00021701840198292248,100.0,0.0,62.9,2.487971060924946,1.075,0.23848480035423641,4.1,0.43588989435406733,0
556,0.941211745437939,0.020998902785260353,0.013809796982182751,0.006478359151031065,0.0005258646548579529,0.00024500071632714066,100.0,0.0,63.7,3.4799425282610637,1.0,0.0,3.9,0.6244997998398398,0
557,0.9450953837264027,0.017121498900473844,0.011846956287863312,0.006328334783141572,0.0005070966784554801,0.0002199871710725378,100.0,0.0,63.0,3.082207001484488,1.075,0.23848480035423641,4.15,0.47696960070847283,0
558,0.9409169700595894,0.017156522435901708,0.012670379472598959,0.007128699689673834,0.0005378962664432461,0.00021199439052410688,100.0,0.0,63.85,3.6915443922564446,1.05,0.21794494717703372,4.35,0.792148975887743,0
559,0.938209592951719,0.018020230455463516,0.014129327918822657,0.006851959122048501,0.0005571766197857259,0.00022889640280330067,100.0,0.0,62.85,3.4680686267719674,1.2,0.3674234614174767,4.0,0.6324555320336759,0
560,0.9387192047402282,0.01626537563474298,0.013808644365330977,0.007218964864041898,0.000560035564460729,0.0002224068760034361,100.0,0.0,62.95,3.2935543110748906,1.1,0.3,4.25,0.698212002188447,0
561,0.9392361996382552,0.018021673740508243,0.013370488240961884,0.007906984138123026,0.00054571580093299,0.00023038501150812922,100.0,0.0,63.2,2.4617067250182343,1.0,0.0,4.6,0.5830951894845301,0
562,0.941161513614397,0.01709547440925078,0.014046772746442912,0.007400364124436096,0.00051279168975266,0.0002202458762097599,100.0,0.0,64.7,3.8223029707232783,1.0,0.0,4.1,0.7681145747868608,0
563,0.9391163039201699,0.023403188769260785,0.014087526688839423,0.007378086376509271,0.0005511594663043217,0.0002901661825555949,100.0,0.0,63.25,3.1760824926314495,1.05,0.21794494717703372,4.15,0.7921489758877431,0
564,0.9434344246958266,0.016859443110297318,0.013023626760280248,0.006779143342970463,0.0005112216499197447,0.00019066429123226316,100.0,0.0,63.15,2.104162541250081,1.05,0.2179449471770337,4.2,0.5099019513592784,0
565,0.9438474993338964,0.021591207389975525,0.013342319754575746,0.0065007221202399955,0.0004986673390964726,0.0002685604564573546,100.0,0.0,63.7,2.9171904291629644,1.1,0.3,4.3,0.8426149773176358,0
566,0.9429003565314391,0.021732919208441514,0.013995493318129233,0.007290770571697135,0.0004991396692823105,0.0002667978514079569,100.0,0.0,63.1,3.3600595232822887,1.1,0.3,4.4,0.7999999999999999,0
567,0.9435689494773991,0.019853896753569293,0.015020094599153313,0.008108855665799846,0.0004720324688019278,0.00021696426714140139,100.0,0.0,63.45,3.470950878361721,1.2,0.4,4.25,0.9420721840708386,0
568,0.9419612972398307,0.022769232851816864,0.014991553751078714,0.007741874254597083,0.0004998253769325593,0.0002605722463375964,100.0,0.0,62.5,2.202271554554524,1.0,0.0,4.4,0.8602325267042626,0
569,0.9402711770415898,0.020400927750679365,0.015457906743934352,0.006819069861020768,0.0005196828046129285,0.00025008270436430066,100.0,0.0,62.3,2.685144316419511,1.15,0.3570714214271425,4.15,0.7262919523166975,0
570,0.9439234161290706,0.023269589223731103,0.013770147248335831,0.007017241260569745,0.0005098693950836749,0.0002859293770838948,100.0,0.0,64.05,2.67348087705897,1.0,0.0,4.0,0.6324555320336759,0
571,0.9471122529804074,0.020690706652919926,0.014500401980654965,0.007561057720990801,0.00045773350044695394,0.00023022831723209174,100.0,0.0,63.35,2.937260628544903,1.05,0.21794494717703372,4.35,0.6538348415311012,0
572,0.9486125197376902,0.019042918515714085,0.013522523341083448,0.007477045739438473,0.00045268352239730776,0.00020567235895914047,100.0,0.0,63.65,2.7617928959282954,1.05,0.21794494717703372,4.35,0.7262919523166975,0
573,0.9490275330147936,0.01981001093627258,0.013552387597250717,0.007541659018800858,0.00043999266625589973,0.00021941965844885885,100.0,0.0,63.85,3.66435533211505,1.1,0.3,4.1,0.8306623862918076,0
574,0.9474330937882144,0.01869355766703682,0.013833718021801744,0.006826757271580943,0.0004558073315321559,0.00019275147988377913,100.0,0.0,63.7,3.579106033634656,1.05,0.21794494717703372,4.45,0.8645808232895291,0
575,0.9474199299171785,0.02052463641085801,0.01455193285888159,0.0067990265556645705,0.00044344223876308846,0.00019132030031989493,100.0,0.0,63.2,2.694438717061496,1.05,0.21794494717703372,4.25,0.8874119674649424,0
576,0.9432185873378691,0.024380017079115333,0.0148875288131459,0.006362954188767037,0.0004979577085577311,0.00025704488471718287,100.0,0.0,63.45,3.866199684444661,1.1,0.3,4.15,0.6538348415311012,0
577,0.9426489137175358,0.020275546373822156,0.014582529270850329,0.006684824489035636,0.0005022011283993573,0.00020050493646894135,100.0,0.0,62.6,1.8547236990991405,1.0,0.0,4.05,0.5894913061275798,0
578,0.9467489594856071,0.01626116343974583,0.01394555523696383,0.006745809391158838,0.0004618775735193561,0.00017004203758718342,100.0,0.0,62.5,2.819574435974337,1.1,0.3,4.4,0.9165151389911681,0
579,0.9422690350479949,0.01416236278574428,0.01349334840321673,0.006401656059077386,0.0005219352188933334,0.00013381750253589947,100.0,0.0,64.2,2.959729717389748,1.0,0.0,3.9,0.6244997998398398,0
580,0.9439799377535977,0.016095947425694715,0.013416502432240065,0.006345862737934757,0.0005011789800396291,0.00011561687942112732,100.0,0.0,63.1,3.4336569426778794,1.05,0.21794494717703367,4.2,0.5099019513592784,0
581,0.9410046722603767,0.015397315199528309,0.013368599781807166,0.0057244174462011375,0.0005373701589973713,0.00014077609609326123,100.0,0.0,63.35,2.2643983748448506,1.05,0.2179449471770337,4.1,0.7,0
582,0.9410989813430177,0.015386297736363429,0.014269825581714007,0.005628870370034714,0.0005274751279394745,0.00014055682950449514,100.0,0.0,62.9,2.662705391138869,1.1,0.3,4.3,0.714142842854285,0
583,0.9409576523347335,0.018022043891923016,0.013931965225899918,0.0056306769794961485,0.0005391427149878939,0.00018786586700810618,100.0,0.0,63.3,2.590366769397724,1.0,0.0,4.1,0.7000000000000001,0
584,0.9404700323183537,0.021443731350327747,0.01254881701978118,0.006534282273544776,0.0005504335525593278,0.00021899254980574105,100.0,0.0,63.0,2.0,1.05,0.15,4.3,0.5567764362830021,0
585,0.9403169370313973,0.02260706529848528,0.01273717348992017,0.007472100007776504,0.0005457912333563867,0.00025079943896035164,100.0,0.0,63.55,3.0899029110960754,1.075,0.23848480035423641,4.0,0.6324555320336759,0
586,0.9413705610220278,0.01737556066269204,0.012763735692487626,0.006876318711430561,0.0005382419629674617,0.00018884174514228365,100.0,0.0,64.0,3.286335345030997,1.0,0.0,3.95,0.5894913061275798,0
587,0.9428063895154081,0.016561880544482,0.012443055395896073,0.006720985450104026,0.0005211353334405215,0.00018706554150767235,100.0,0.0,62.85,3.1188940347501393,1.075,0.23848480035423641,4.3,0.6403124237432849,0
588,0.9434963372597464,0.021945115161156756,0.012648127849926144,0.007199897357454274,0.0005052661335438869,0.00022508748069648602,100.0,0.0,63.5,2.7477263328068173,1.0,0.0,4.15,0.852936105461599,0
589,0.944155824225248,0.021382248447619757,0.01283509982915565,0.007102599657540609,0.0004976291712661029,0.0002152172237177339,100.0,0.0,63.25,3.6588932752951404,1.025,0.10897247358851683,4.25,0.9420721840708386,0
590,0.9423166710264448,0.023535167756830292,0.014274169424523798,0.0068742355892117,0.0005037052343957524,0.00023059044612683456,100.0,0.0,62.55,2.765411361804967,1.075,0.23848480035423641,4.35,0.653834841531101,0
591,0.9449594515078024,0.019202677879435453,0.014493069879491515,0.006658067737370851,0.000471789739818817,0.00017164993026609604,100.0,0.0,62.65,2.688401011754013,1.175,0.36314597615834876,4.0,0.6324555320336759,0
592,0.9468630883236557,0.01702490321513245,0.014131054899222211,0.0070078429343623395,0.0004616546304257116,0.00016127354732293513,100.0,0.0,62.1,3.9862262855989496,1.2,0.4,4.15,0.5722761571129799,0
593,0.9447041060828909,0.01971719869185974,0.014909398465350356,0.006715039795056582,0.00047716308858392574,0.00019613739158457941,100.0,0.0,62.25,3.6038174204584785,1.25,0.4330127018922193,4.3,0.5567764362830021,0
594,0.9455585824068133,0.01925627195030008,0.013457382747662065,0.006477129401859132,0.0004962523680793352,0.00019590663323507083,100.0,0.0,63.15,1.930673457630782,1.0,0.0,4.4,0.6633249580710799,0
595,0.9440152859926746,0.02258949482488597,0.012648552379053875,0.007192896532141459,0.0005195465384551255,0.0002542157456889543,100.0,0.0,62.85,2.351063589101749,1.05,0.21794494717703372,4.5,0.6708203932499369,0
596,0.943858797395613,0.025428834924541687,0.012701565022004918,0.006770491792616688,0.0005177942111167029,0.0003106914177298727,100.0,0.0,64.25,2.5470571253900056,1.0,0.0,4.2,0.6,0
597,0.9490435210166062,0.01816178658385805,0.012428267181510865,0.006545705323480246,0.00045656127460595405,0.00017885166114569545,100.0,0.0,62.65,3.2752862470324633,1.1,0.3,4.25,0.698212002188447,0
598,0.9431879826507045,0.02214209648394306,0.01369137570775884,0.006529450909203937,0.0005129506401976371,0.00024321659351940917,100.0,0.0,63.35,3.118894034750139,1.075,0.23848480035423641,4.35,0.9096702699330126,0
599,0.9451102417726174,0.022326957161881864,0.012399723021311777,0.007322899956755631,0.000499397572823691,0.00025674404416121407,100.0,0.0,64.45,3.0409702399069944,1.075,0.23848480035423641,4.1,0.7000000000000001,0
600,0.9434694410076796,0.01884255474179083,0.012669119288922379,0.006532137835063018,0.0005203398139195947,0.00022055972456016648,100.0,0.0,63.45,2.4387496796514396,1.025,0.10897247358851683,4.05,0.6689544080129826,0
601,0.9465377858932624,0.019312183322121198,0.012483936626272308,0.006807242765182578,0.00047931369080526475,0.00020088148689895472,100.0,0.0,63.25,3.2384409829422554,1.05,0.21794494717703372,4.55,0.9205976319760985,0
602,0.9460586225608075,0.018361503063901077,0.011728552143883828,0.0063946664421244675,0.0004980079454771486,0.00017838376342402233,100.0,0.0,62.6,3.4263683398023628,1.175,0.36314597615834876,4.35,0.7921489758877431,0
603,0.9477266173966304,0.01726578155703965,0.011196158567626813,0.007116168357223088,0.0004887718372830667,0.00022891622599596745,100.0,0.0,64.7,3.4510867853474796,1.1,0.3,3.85,0.47696960070847283,0
604,0.9472917499063364,0.021484209145903377,0.010498164318314893,0.006438939696696668,0.0005094564212091351,0.0002692440896271963,100.0,0.0,63.1,3.845776904605882,1.05,0.21794494717703372,4.25,0.698212002188447,0
605,0.944678636063732,0.02429720339673246,0.011122524835027483,0.0054730286422305955,0.0005365922482859256,0.00026981401972682396,100.0,0.0,64.35,2.725344014982329,1.0,0.0,4.0,0.6324555320336759,0
606,0.9471575477445884,0.01962023072469134,0.012142462943779776,0.005817241898756132,0.0004917635171490509,0.00020492814146843321,100.0,0.0,64.1,2.364318083507378,1.0,0.0,4.2,0.5099019513592784,0
607,0.9464814064131328,0.018292557399836262,0.011662439242478385,0.005640227086272145,0.000508646444285399,0.00020189886967196072,100.0,0.0,64.45,1.9868316486305526,1.0,0.0,4.05,0.5894913061275798,0
608,0.9477694857900069,0.016163605984957564,0.01334592034294215,0.004855284535468185,0.0004747420650921659,0.0001716276151444144,100.0,0.0,62.95,3.1697791721190924,1.175,0.36314597615834876,4.15,0.4769696007084728,0
609,0.9489978722386667,0.02103948688620904,0.013099073226693111,0.00606579204002727,0.0004568477155688022,0.00024190775136422445,100.0,0.0,64.65,3.395217224272992,1.05,0.21794494717703372,4.4,1.1575836902790224,0
610,0.9491374411584905,0.018029713737572582,0.013248574798346045,0.006385718396715394,0.00045358368906298595,0.0001750217076390627,100.0,0.0,62.8,3.171750305430741,1.125,0.3112474899497183,4.25,0.5361902647381804,0
611,0.9437147396601567,0.02088272929328605,0.014633112200178117,0.007453750560009054,0.00048706954836427653,0.00017965423561992593,100.0,0.0,63.1,3.40440890610984,1.1,0.3,4.4,0.7348469228349535,0
612,0.9418867696260671,0.021620695413540766,0.014553304137203803,0.007033084519690091,0.000519193759483267,0.00019887469237749435,100.0,0.0,63.1,2.964793416074719,1.05,0.21794494717703372,4.4,0.9165151389911679,0
613,0.9446561095219286,0.02128074687626782,0.014398506077069878,0.007802623225883371,0.0004791659324918195,0.0001694307439345584,100.0,0.0,64.2,3.009983388658482,1.0,0.0,4.25,0.8874119674649424,0
614,0.9409369494601985,0.021718206708797195,0.014574151522234343,0.008187207602724957,0.0005216403700915592,0.00019374711586061356,100.0,0.0,63.05,3.0736785778607363,1.1,0.3,3.9,0.43588989435406733,0
615,0.9441534450144908,0.023374451866705177,0.014249651679729674,0.007996901116426175,0.0004846731193537351,0.00020588627507240432,100.0,0.0,63.35,2.885740806101615,1.0,0.0,4.35,0.7921489758877431,0
616,0.9430922230083171,0.026163843898137945,0.014380329859361307,0.008118707082597588,0.0004928032517507583,0.00021255682109469552,100.0,0.0,63.5,3.8535697735995385,1.05,0.21794494717703372,4.4,0.5830951894845301,0
617,0.9432316889808279,0.026991965078650346,0.015030409156912233,0.008326045715620147,0.000483317157627995,0.00023495986647944407,100.0,0.0,63.1,3.080584360149872,1.05,0.21794494717703367,4.5,0.7416198487095663,0
618,0.944661650218259,0.023367982943480005,0.014847759911762539,0.008015151870528594,0.00046961033087505156,0.00020014859904445332,100.0,0.0,63.25,3.884263121880391,1.125,0.3112474899497183,4.35,0.7262919523166976,0
619,0.9424486065290274,0.02341351270333774,0.013938886586510268,0.008184811244513535,0.0005075573141003276,0.00024198394581176718,100.0,0.0,63.45,2.5975950415721076,1.05,0.21794494717703372,4.25,0.6224949798994366,0
620,0.9439043826827869,0.021076607584501313,0.013830392597554125,0.007105272986236864,0.000506603465070513,0.0002515172868773941,100.0,0.0,63.05,2.8368115905008566,1.0,0.0,4.1,0.5385164807134504,0
621,0.9455409465796617,0.021938003311296823,0.013132775603665848,0.0073116530130981185,0.000489313464525409,0.00025242865875255957,100.0,0.0,63.45,2.5391927851189244,1.05,0.21794494717703372,4.2,0.5099019513592784,0
622,0.9432694028172633,0.023899311521416482,0.015192373670625276,0.00724973347384712,0.0004887972111742335,0.0002705345894504433,100.0,0.0,63.9,3.8845849199110063,1.2,0.4,3.95,0.49749371855331004,0
623,0.9437846932094438,0.02320476094986858,0.014715075588677906,0.00675515380052319,0.0004916241518877558,0.0002747457763631221,100.0,0.0,62.55,2.2688102609076854,1.075,0.23848480035423641,4.4,0.7348469228349535,0
624,0.939596944396239,0.02658102358739012,0.015282892425344741,0.006935687953144254,0.0005346027266225561,0.00030262751824986536,100.0,0.0,63.7,3.179622619116929,1.1,0.3,4.3,0.5567764362830021,0
625,0.9418572707355253,0.03153219582607117,0.015126058920261126,0.006729511549117707,0.0005159373997316829,0.00034339820591153817,100.0,0.0,63.1,2.7730849247724096,1.1,0.3,4.55,0.8046738469715541,0
626,0.9486522097250953,0.021467040363475687,0.01379353368763287,0.00688472959592304,0.00044290967243713257,0.0002190429759389946,100.0,0.0,63.35,3.070423423568808,1.1,0.3,4.3,0.8426149773176358,0
627,0.9490237211559405,0.021784142200288247,0.012239934415783004,0.006856682448276654,0.0004560914239741933,0.00024107613858272595,100.0,0.0,62.65,2.815581645060217,1.275,0.40233692348577704,4.0,0.5477225575051661,0
628,0.9458501790937376,0.02436475931906745,0.011965143344072057,0.0072009671273990244,0.0004961048821706507,0.00029607178884485697,100.0,0.0,63.35,4.210403781111736,1.15,0.3570714214271425,4.35,0.6538348415311012,0
629,0.9426699633553264,0.021864209996044846,0.012527238854150862,0.007740094615995402,0.0005186015098893485,0.0002395228800506012,100.0,0.0,63.8,3.0594117081556704,1.025,0.10897247358851683,3.9,0.7000000000000001,0
630,0.9399141489963896,0.022676014771945092,0.013740974363324731,0.007243589714797089,0.0005464048332183035,0.000270899069714674,100.0,0.0,62.9,3.0967725134404045,1.025,0.10897247358851683,4.35,0.7921489758877431,0
631,0.9388588497856244,0.02409792908813596,0.01480303544981974,0.007338863625521443,0.0005392086703263113,0.000248242664023929,100.0,0.0,63.75,2.9643717715563276,1.05,0.15,4.25,0.82915619758885,0
632,0.9357802888479592,0.023148024507507487,0.014828609560066435,0.007036147278842041,0.0005864136337010468,0.0002573084766774139,100.0,0.0,64.0,3.0,1.05,0.21794494717703372,3.95,0.6689544080129826,0
633,0.9362443707276004,0.02096241968483363,0.014943120476828406,0.007371325336357346,0.0005579264235407819,0.00021316256174483576,100.0,0.0,63.95,2.9744747435471695,1.075,0.23848480035423641,4.1,0.9433981132056604,0
634,0.9339741000637638,0.022157936401793414,0.015282945191066367,0.0066729393710804035,0.0005895229788851994,0.00025473707815892155,100.0,0.0,62.4,3.039736830714133,1.05,0.21794494717703372,4.25,0.6224949798994366,0
635,0.9376438706405843,0.022605286630415923,0.01545964819701714,0.007049774747364198,0.0005365360444578338,0.00022956690768895037,100.0,0.0,62.9,2.896549671592048,1.15,0.32015621187164245,4.25,0.7664854858377946,0
636,0.9390416311000163,0.0222939108792754,0.01578931577143569,0.006886404615877946,0.0005134028625810745,0.00021331282794232972,100.0,0.0,64.65,2.725344014982329,1.0,0.0,4.3,1.0049875621120892,0
637,0.9388589164042053,0.024301255763122427,0.01510643671518323,0.0067291612556364105,0.0005350983730775538,0.00026063372731301594,100.0,0.0,60.35,2.903015673398957,1.25,0.4330127018922193,4.45,0.9205976319760985,0
638,0.9368982026314692,0.028391587125730467,0.01542824461010869,0.006700834313954424,0.000559752148241997,0.0003387995209732909,100.0,0.0,62.8,2.5019992006393608,1.1,0.3,4.15,0.7262919523166975,0
639,0.934018970481606,0.02012066321657003,0.01664133371366781,0.007400788140747356,0.0005777591596357182,0.00023854534133709257,100.0,0.0,63.7,3.4073450074801643,1.05,0.21794494717703372,4.15,0.7262919523166976,0
640,0.933963019512962,0.022026429733076384,0.01573451397380778,0.007380514440748303,0.0005836783077491058,0.00026552609322626767,100.0,0.0,62.9,3.448187929913334,1.0,0.0,4.35,0.6538348415311012,0
641,0.937426414708912,0.01815639126813457,0.01492005071157242,0.0073775771103190375,0.0005551821580055256,0.00023775951677440927,100.0,0.0,63.85,2.197157254271983,1.0,0.0,4.2,0.6782329983125268,0
642,0.9374101254361074,0.015377541695152364,0.014788823708456092,0.007289402584338402,0.0005555970981844093,0.00019201190540906807,100.0,0.0,63.85,3.1507935508376304,1.025,0.10897247358851683,4.05,0.49749371855331,0
643,0.9367594780744849,0.019504860807338376,0.015486730226504397,0.007061017882594596,0.0005602586805280508,0.0002488584580422915,100.0,0.0,64.4,3.352610922848042,1.075,0.23848480035423641,4.4,0.9695359714832659,0
644,0.9405663576302971,0.020890961568281217,0.015608646429335368,0.006986280972342324,0.0005096519471100552,0.00023332304484225558,100.0,0.0,62.4,3.0724582991474434,1.05,0.21794494717703372,4.25,0.5361902647381804,0
645,0.939049502322644,0.021930914494153908,0.015773767199813667,0.00660296148174124,0.0005259339254755686,0.000257757851404351,100.0,0.0,63.95,2.3553131426627756,1.05,0.21794494717703372,4.3,0.9539392014169457,0
646,0.9427025785672605,0.019139677206076344,0.015079864763721551,0.007949883539413479,0.0004737868375373637,0.00019355138546365178,100.0,0.0,62.45,2.4794152536434875,1.125,0.3112474899497183,4.2,0.6,0
647,0.938438386331908,0.0178991447999823,0.015389407602379881,0.008886309420238105,0.0005147149140174169,0.00017960293595968476,100.0,0.0,64.4,3.3970575502926055,1.025,0.10897247358851683,4.25,0.5361902647381804,0
648,0.9355694941674934,0.01932129540069081,0.016168729731730398,0.008494807266961724,0.0005415446706795712,0.00022674312447879018,100.0,0.0,64.4,2.2891046284519194,1.05,0.21794494717703367,4.05,0.5894913061275798,0
649,0.9369988276351435,0.021429288305554007,0.01667325980002925,0.008025467690920026,0.0005198766514069964,0.0002275679903769402,100.0,0.0,62.95,3.4565155865408737,1.2,0.4,4.0,0.7071067811865476,0
650,0.9379661175160645,0.022996853924352436,0.016306106599458945,0.007436028209047566,0.0005197398270200698,0.0002688287609785787,100.0,0.0,64.65,2.9372606285449034,1.0,0.0,4.3,0.5567764362830022,0
651,0.9337334722935922,0.021228254743117295,0.016383008553396715,0.007580415555438109,0.0005679281759456937,0.0002488947139826585,100.0,0.0,63.7,2.5903667693977237,1.025,0.10897247358851683,4.1,0.6244997998398398,0
652,0.9367026507810883,0.02109307528824313,0.016627334132894817,0.007743197202116356,0.0005325460427986038,0.00021384494795775386,100.0,0.0,63.45,3.5563323804166562,1.075,0.23848480035423641,4.45,0.6689544080129827,0
653,0.9345269064042613,0.024512135510411096,0.016512650726157062,0.0077164609540857215,0.0005620729678968725,0.00025881117539726264,100.0,0.0,63.6,3.7067505985701277,1.075,0.23848480035423641,4.3,0.6403124237432849,0
654,0.9402416727655216,0.024692343882169236,0.016021141214865045,0.008211248070340701,0.0004907711610569926,0.00024249698090523484,100.0,0.0,64.35,3.3507461855533016,1.05,0.21794494717703367,4.25,0.7664854858377946,0
655,0.938069325597127,0.02396963510041902,0.01726599978180932,0.008101920285520935,0.0005036008530872203,0.0002363882775155791,100.0,0.0,63.65,3.8376425054973526,1.0,0.0,4.2,0.6,0
656,0.9393725337396746,0.023253561834915944,0.01655021065986918,0.00857197086804373,0.0004956728534810767,0.0002048957225121098,100.0,0.0,63.3,3.018277654557314,1.0,0.0,4.2,0.812403840463596,0
657,0.9398176662526184,0.025144624661954825,0.015703223317495393,0.007817598421075255,0.0005116584203466695,0.00023944948737373258,100.0,0.0,64.15,2.95423424934449,1.025,0.10897247358851683,4.35,0.7262919523166975,0
658,0.9389744065461519,0.022324101003144026,0.017382057133586957,0.007388481519459668,0.0004962510904877957,0.00023404571773974985,100.0,0.0,62.85,2.7436289836637897,1.1,0.2549509756796392,4.25,0.6224949798994366,0
659,0.9370534771455539,0.023890024759428176,0.016709984724937572,0.007612441255262025,0.0005281301998586549,0.00023773193964003552,100.0,0.0,63.9,3.5763109484495335,1.15,0.3570714214271425,3.85,0.852936105461599,0
660,0.9309171473804823,0.02518188139370055,0.017449108025825957,0.006355661942936564,0.000606999383014227,0.00025683441401132343,100.0,0.0,62.5,3.4713109915419564,1.2,0.4,4.05,0.804673846971554,0
661,0.932498193714383,0.024288470922128446,0.016065508969601808,0.006551539229540978,0.0006044735936041991,0.00027453152897038947,100.0,0.0,61.9,2.808914381037628,1.1,0.3,4.35,0.852936105461599,0
662,0.9344616560477457,0.022238871873264805,0.01624635601630233,0.006770040339770235,0.0005767886669951571,0.0002730473884130568,100.0,0.0,62.25,2.56661255354212,1.0,0.0,4.4,0.9165151389911681,0
663,0.9386721553484103,0.0197844019528924,0.01544697722746947,0.0059427933305861765,0.0005351052142705832,0.00022500197066471422,100.0,0.0,64.25,2.9979159427842537,1.1,0.3,4.25,0.82915619758885,0
664,0.9401773806197953,0.01496207394859085,0.016553131002695277,0.005084726865799269,0.0005047058569730537,0.00014795723380206044,100.0,0.0,63.0,2.16794833886788,1.1,0.3,4.0,0.4472135954999579,0
665,0.9396434048634354,0.020464614351228184,0.01671232894989027,0.005798942811163035,0.0005078375200545101,0.00021480912270030873,100.0,0.0,64.05,2.4591665254715873,1.0,0.0,4.05,0.4974937185533099,0
666,0.9381415910243366,0.02181088817044023,0.016533651618410083,0.006379293532199732,0.0005261802597204635,0.0002589000126279447,100.0,0.0,64.0,2.8460498941515415,1.025,0.10897247358851683,4.3,0.714142842854285,0
667,0.9367028207860036,0.024987062950297,0.015404938048731423,0.006241959168352237,0.0005604583835299306,0.00030197143072782607,100.0,0.0,63.7,3.6619666847201113,1.125,0.3112474899497183,3.95,0.6689544080129826,0
668,0.9374277173144094,0.021992066102228643,0.015109773964832356,0.008471085988815847,0.0005335129839385566,0.0002494849866275003,100.0,0.0,63.85,2.920188350089768,1.0,0.0,4.25,0.9937303457175896,0
669,0.9391767004697726,0.021997560497222998,0.01644475143570392,0.008425859075633755,0.0004949616000326457,0.00021222163396817327,100.0,0.0,63.8,2.767670500619609,1.0,0.0,4.45,0.6689544080129827,0
670,0.936496752037353,0.0221547330325309,0.016004654232721467,0.009039675586699492,0.0005400401191427631,0.00020906318040243358,100.0,0.0,62.95,2.9236107812087435,1.05,0.21794494717703372,4.15,0.5722761571129799,0
671,0.9406572173710506,0.021625772454835972,0.016101529916622524,0.007314183036802298,0.0004956160635761371,0.00019910810371633482,100.0,0.0,63.0,2.23606797749979,1.0,0.0,4.25,0.6224949798994366,0
672,0.9412022716238164,0.019632635613050807,0.016231151964695635,0.006607325559151208,0.0004965252305292706,0.0002192795266396249,100.0,0.0,62.65,2.903015673398957,1.05,0.15,4.05,0.6689544080129826,0
673,0.9395618048929915,0.029090963843568463,0.015600995551435121,0.007076334533375984,0.000522554281788046,0.0003407506622866826,100.0,0.0,62.55,3.3981612675092396,1.1,0.3,4.35,0.5722761571129799,0
674,0.93764118149428,0.02726725562953495,0.01679430715008363,0.006887879034219227,0.0005315165362466677,0.00028908520125390597,100.0,0.0,64.05,2.8543825952384165,1.05,0.21794494717703372,4.5,0.7416198487095663,0
675,0.9390506119125831,0.021555359033181905,0.015497297583353872,0.0065738221641009065,0.0005328871772780637,0.0002483882335443974,100.0,0.0,62.75,2.5074887836239665,1.125,0.3112474899497183,4.5,0.7416198487095663,0
676,0.9354487116007117,0.01779349076285089,0.014194528142279946,0.006380986379763339,0.0005987249272642347,0.00020877639238781114,100.0,0.0,63.15,2.5743931323712,1.0,0.0,4.45,0.7399324293474372,0
677,0.9361995967436949,0.018038810162484695,0.014564457560526881,0.007557222575398132,0.0005625908714293273,0.000197202261427066,100.0,0.0,63.1,2.773084924772409,1.1,0.2549509756796392,4.15,0.6538348415311009,0
678,0.9355535622454989,0.01864511719281798,0.01578520343226068,0.008037424440664647,0.0005513366897544878,0.00017706554922496088,100.0,0.0,63.1,2.6438608132804573,1.05,0.21794494717703372,4.15,0.7262919523166976,0
679,0.9371189354594257,0.019577660705208017,0.01646585540603656,0.006870254898013667,0.0005313638894143789,0.0002142496668363418,100.0,0.0,62.4,3.5693136595149495,1.15,0.32015621187164245,4.25,0.5361902647381804,0
680,0.9353642359585767,0.019035291331071773,0.016330798116312193,0.00740565567015657,0.0005468149117213958,0.00016166243381633257,100.0,0.0,64.8,3.249615361854384,1.0,0.0,4.15,0.9630680142129111,0
681,0.9330427654887282,0.019593598430961725,0.017127818322276885,0.0071364216960196165,0.0005750011747995872,0.00019272544430126143,100.0,0.0,63.55,3.2630507198019467,1.05,0.21794494717703372,4.4,0.7348469228349535,0
682,0.9324234561301118,0.02256032873928315,0.01671867664228372,0.007650365773340892,0.000588914579594824,0.00022957375980785032,100.0,0.0,63.75,3.3893214660164652,1.05,0.21794494717703372,4.45,0.9733961166965893,0
683,0.9278407631949734,0.027342414902481495,0.017995840541951986,0.008264288584245867,0.0006127962936517287,0.00029066325417952344,100.0,0.0,63.7,2.685144316419511,1.0,0.0,4.35,0.7262919523166976,0
684,0.9308200894409696,0.019589356193041123,0.016894837031708902,0.007264550394368191,0.0005951556121642131,0.000215913632519811,100.0,0.0,64.05,2.836811590500857,1.05,0.2179449471770337,4.15,0.7921489758877431,0
685,0.9283833190753216,0.02023219828337351,0.016519968903350456,0.008785165652187664,0.0006324407362697905,0.00025191601018364134,100.0,0.0,64.4,1.772004514666935,1.0,0.0,4.2,0.5099019513592784,0
686,0.9285337336670132,0.02212477159696872,0.017584231072103437,0.008944863250316135,0.0005997547613213644,0.0002218928566751874,100.0,0.0,64.25,2.930443652418521,1.025,0.10897247358851683,4.05,0.6689544080129826,0
687,0.9343280203616244,0.021573491803503802,0.017509579012416628,0.007857848108248919,0.0005368940847929009,0.0001921099777008133,100.0,0.0,63.4,2.956349099818897,1.0,0.0,4.4,1.0677078252031311,0
688,0.9289940759293461,0.026228269099217917,0.01633685626322773,0.0076097318241893815,0.000630504481619832,0.00027316361147468397,100.0,0.0,64.05,3.0409702399069936,1.025,0.10897247358851683,4.05,0.739932429347437,0
689,0.9311224807714804,0.024508776339248688,0.016336787871993663,0.007689505282973852,0.0006108199420896746,0.00024230498790088644,100.0,0.0,62.95,3.9303307748839664,1.075,0.23848480035423641,4.35,1.0136567466356647,0
690,0.9320974524855077,0.022752022749743573,0.016820511733624657,0.005959955984573736,0.000590032020380397,0.00022417692021581463,100.0,0.0,63.7,2.72213151776324,1.05,0.21794494717703372,4.1,0.5385164807134504,0
691,0.9311994806574402,0.02647745629340663,0.01659410077308887,0.006007382689375488,0.0006130919302883447,0.0002899123560701706,100.0,0.0,63.2,3.5721142198983498,1.075,0.23848480035423641,4.25,0.9937303457175896,0
692,0.9276136454217079,0.027105015639517564,0.015609677098963081,0.005613545405221222,0.0006753949865826811,0.0002855539568546551,100.0,0.0,64.2,3.54400902933387,1.1,0.2549509756796392,4.05,0.804673846971554,0
693,0.9335513156787772,0.025987316320830442,0.014134684892432473,0.007038525390570676,0.0006065541816490633,0.00023879861885271015,100.0,0.0,64.05,3.3087006513131403,1.05,0.2179449471770337,4.35,0.7921489758877431,0
694,0.9369946856593939,0.02698492819601227,0.013737558961499854,0.00762757412479712,0.000566242755719201,0.0002437745698160199,100.0,0.0,64.05,2.1324868112136124,1.0,0.0,3.9,0.5385164807134504,0
695,0.9365545875167273,0.024847873342372352,0.01367302208276959,0.007779659372403646,0.0005816882684676776,0.00025154045074468037,100.0,0.0,62.75,2.6052830940226053,1.075,0.23848480035423641,4.25,0.5361902647381804,0
696,0.9348502018069889,0.022794669785909924,0.015504468135900997,0.007058355060923845,0.0005848729678018736,0.00025906027682873396,100.0,0.0,62.8,3.3105890714493693,1.15,0.3570714214271425,4.05,0.6689544080129826,0
697,0.9327076232023801,0.022336271447293807,0.015402555465289508,0.006982498656031464,0.0006237493463014134,0.00027700225586566306,100.0,0.0,63.55,2.2017038856303994,1.1,0.3,4.15,0.6538348415311012,0
698,0.9363525984673039,0.020513770062993486,0.014414042039849298,0.007117528781804344,0.0005838809029483723,0.00020154721998252002,100.0,0.0,62.95,3.0409702399069936,1.025,0.10897247358851683,4.5,0.8660254037844386,0
699,0.9379681728382072,0.019117369747709473,0.014575989009011903,0.0077850212243485315,0.0005430754399543258,0.00019038669550430632,100.0,0.0,63.5,3.0903074280724887,1.05,0.21794494717703372,4.0,0.8366600265340756,0
700,0.9375968866886486,0.022508894479657565,0.014729327124032545,0.007671879700778966,0.0005470691836820917,0.00020686473313659428,100.0,0.0,63.05,2.654712790491657,1.05,0.21794494717703372,4.4,0.7348469228349535,0
701,0.9396544170487469,0.01948815938774257,0.014465246213182573,0.007458508466832017,0.0005231623409889503,0.0001541215826098658,100.0,0.0,62.7,3.3331666624997918,1.1,0.3,4.35,0.8529361054615991,0
702,0.9384634126596634,0.02261349407145764,0.013292832984777328,0.006813702465836623,0.0005655617248095586,0.00024183373095774212,100.0,0.0,63.75,3.0639027399707057,1.0,0.0,4.35,1.0136567466356645,0
703,0.9425527105506937,0.022345017597909363,0.012716341707880417,0.0069344657066276495,0.0005226222091695236,0.00021198952965059272,100.0,0.0,63.95,2.1788758569500923,1.0,0.0,4.0,0.6324555320336759,0
704,0.9429073802658665,0.02009979820042228,0.011833919692943104,0.004790924314365772,0.0005386757108219911,0.00023886644726094525,100.0,0.0,62.75,2.913331426391443,1.1,0.3,4.45,0.8645808232895291,0
705,0.9427910962429433,0.02283617477836082,0.01215960185945651,0.005365740187827491,0.0005345325258813242,0.0002689861204949423,100.0,0.0,62.75,2.7363296585024255,1.025,0.10897247358851683,4.35,0.5722761571129799,0
706,0.9397494574595227,0.02467887573009354,0.011577312062294037,0.00503565038111281,0.0005833244459511645,0.0002798178119005258,100.0,0.0,62.6,2.764054992217051,1.0,0.0,4.25,0.6224949798994366,0
707,0.9369644595448066,0.022683564201547657,0.012448867068728525,0.006059391716534203,0.0006007381411426663,0.0002499089520035075,100.0,0.0,63.25,3.418698582794336,1.1,0.3,4.1,0.6244997998398398,0
708,0.9404737567465575,0.020395855901963675,0.01285647892767528,0.00568894998696191,0.0005554819498539223,0.0002326439660139568,100.0,0.0,63.25,2.5074887836239665,1.1,0.3,4.2,0.6,0
709,0.9404020748670512,0.022348979398106022,0.012119205469549903,0.005081486350237233,0.0005720665622866385,0.00024338011472068268,100.0,0.0,62.65,3.4967842369811724,1.1,0.3,4.1,0.7681145747868608,0
710,0.9378120335973608,0.02004140888874265,0.013228619382343649,0.00513451217538092,0.0005980396598494234,0.00021557914557159246,100.0,0.0,63.45,2.801338965566288,1.0,0.0,4.2,0.6,0
711,0.9367309551018577,0.023039663079539207,0.014863465884144444,0.005843280359646598,0.0005844626791262268,0.00024039456517003992,100.0,0.0,63.35,3.6093628246547893,1.1,0.3,4.1,0.7000000000000001,0
712,0.9370344168607134,0.02609916054677666,0.013819871388860433,0.0052989988837700355,0.0005919399600758063,0.0002910425795699201,100.0,0.0,63.05,2.479415253643488,1.075,0.23848480035423641,4.3,0.8426149773176358,0
713,0.9417127473215462,0.024910490507647612,0.013578816780167651,0.00647980255519735,0.0005269564117402548,0.0002695896104367443,100.0,0.0,62.6,2.870540018881465,1.075,0.23848480035423641,4.25,0.7664854858377946,0
714,0.9448976978739646,0.017341030885077085,0.013653730298707544,0.00611166787598312,0.00048655982645336,0.00018318755495457895,100.0,0.0,64.6,3.7067505985701277,1.05,0.21794494717703372,4.2,0.7483314773547883,0
715,0.9439414432441774,0.015693392995255732,0.013163467307731668,0.006425982913412241,0.0005050360433709754,0.00015667878064038837,100.0,0.0,64.1,2.4677925358506134,1.0,0.0,4.2,0.5099019513592784,0
716,0.9424886959022747,0.016824231619815874,0.013973798493635368,0.006569560605010458,0.0005131988583898083,0.00019659532081186555,100.0,0.0,63.9,2.364318083507378,1.025,0.10897247358851683,4.1,0.6244997998398398,0
717,0.9413195610240883,0.019700153151292005,0.013488126106918805,0.006372484419283793,0.0005348455169316362,0.0002484496102383802,100.0,0.0,62.75,2.913331426391443,1.05,0.21794494717703372,4.15,0.8529361054615991,0
718,0.9362416620597109,0.026479156504277786,0.014293847714147151,0.0066578054416079144,0.0005947280021909554,0.0003494412893807195,100.0,0.0,63.45,2.3553131426627756,1.05,0.21794494717703372,3.9,0.7681145747868608,0
719,0.938665439228837,0.024842845549895434,0.015467347619012953,0.006587749078869529,0.0005470431685069874,0.0002895336094963731,100.0,0.0,63.25,3.404041715373065,1.075,0.23848480035423641,4.2,0.5099019513592784,0
720,0.9390170079749878,0.023021874554860752,0.016106713508104834,0.006236319098807,0.0005429223218574872,0.00026375750130426355,100.0,0.0,63.55,1.8020821290940099,1.0,0.0,4.25,0.5361902647381804,0
721,0.9385474224697707,0.01699382853728632,0.01694253891608746,0.0051811175256833005,0.0005229150459696921,0.000175949342840889,100.0,0.0,63.55,2.1788758569500923,1.025,0.10897247358851683,4.4,0.58309518948453,0
722,0.9374421930403359,0.022617948710650815,0.016719859463016715,0.006189196049570219,0.0005430021731877156,0.00023364963143895294,100.0,0.0,63.2,3.0757112998459397,1.05,0.21794494717703372,4.3,0.6403124237432849,0
723,0.9380523386367757,0.024068850176494443,0.015622635638256124,0.005757275174864086,0.000555847462211246,0.00025433072570858875,100.0,0.0,63.6,2.615339366124404,1.05,0.21794494717703372,4.35,0.7921489758877431,0
724,0.9347870256300302,0.025368925222837405,0.01594477677170397,0.0064750606309399526,0.0005865926650803012,0.00026033955470281493,100.0,0.0,63.7,2.3895606290697042,1.1,0.3,4.2,0.9797958971132712,0
725,0.9347645255393688,0.024697667566124046,0.014468051925438897,0.005602159819953966,0.0006230323558581588,0.00025810091049213203,100.0,0.0,63.3,3.0675723300355937,1.075,0.23848480035423641,4.4,0.8602325267042626,0
726,0.9397370521916455,0.026345028742722154,0.01418816750369777,0.006921087763355475,0.0005494482541507237,0.00028983083365314476,100.0,0.0,62.75,3.191786333700926,1.2,0.3674234614174767,4.05,0.6689544080129826,0
727,0.9417041323649918,0.02507291978781152,0.014444749054984982,0.006566398348841812,0.0005180639168490104,0.00027710907305987184,100.0,0.0,62.6,2.8530685235374214,1.025,0.10897247358851683,4.05,0.739932429347437,0
728,0.9437919014343443,0.020322734237411846,0.013642918979083579,0.007251037353158152,0.0004993816960123798,0.00023389381093152155,100.0,0.0,62.95,3.3537292675468007,1.075,0.23848480035423641,4.25,0.5361902647381804,0
729,0.9448611855551592,0.022596857987029068,0.012475652406374747,0.007432024596798902,0.0005010269880312724,0.0002469787476817973,100.0,0.0,63.15,2.6509432283623124,1.075,0.23848480035423641,4.45,0.8046738469715541,0
730,0.9455071322658973,0.016297140484221186,0.012445725706308457,0.007274825171026669,0.0004951523943660306,0.00019174118128226683,100.0,0.0,63.3,2.8478061731796287,1.075,0.23848480035423641,4.3,0.9539392014169457,0
731,0.9461523110911167,0.019060753876328575,0.01297211902563005,0.00633853686714949,0.0004843345896164683,0.00019422111023123165,100.0,0.0,63.45,2.9406631905065233,1.0,0.0,4.1,0.7681145747868608,0
732,0.9431247991830272,0.01980373998393715,0.0138024248249429,0.005349983155824703,0.0005255297969390328,0.00024572261993783146,100.0,0.0,63.55,3.0736785778607367,1.05,0.21794494717703372,4.05,0.6689544080129826,0
733,0.9403732723282492,0.02540197085297752,0.013445921362585133,0.0057785046812788565,0.0005628203687190451,0.00033178411347947084,100.0,0.0,62.85,4.80910594601533,1.1,0.3,4.4,0.66332495807108,0
734,0.9406244051110928,0.02022677330978215,0.015357517864599327,0.005334240725418992,0.000526549739892514,0.00020567220687266974,100.0,0.0,62.95,3.3686050525402944,1.0,0.0,4.35,0.7262919523166975,0
735,0.93915095253165,0.023856964959499082,0.015446679898534274,0.006195481375630994,0.0005458914658465003,0.0002713969038962834,100.0,0.0,62.15,2.4753787588973126,1.225,0.40233692348577704,4.2,0.6782329983125269,0
736,0.9427765829281227,0.02164239467007843,0.0149556438003246,0.0069009241452683764,0.000498327507809688,0.0002531985065548476,100.0,0.0,64.1,2.844292530665578,1.0,0.0,3.85,0.47696960070847283,0
737,0.9471236546668484,0.020753795024124885,0.014316845283158325,0.006994338861345855,0.0004572260545328704,0.0002327782813384816,100.0,0.0,63.7,3.1480152477394387,1.025,0.10897247358851683,4.5,0.806225774829855,0
738,0.9435823781013346,0.0204220028373081,0.014746908263270783,0.00620956488571991,0.0004997457643148635,0.00023909761544462486,100.0,0.0,63.65,3.1666228067138023,1.0,0.0,4.15,0.653834841531101,0
739,0.9445707471284613,0.016036825611618264,0.014151208318484373,0.006753905481821786,0.0004907132333730674,0.0001832724626930289,100.0,0.0,63.9,3.345145736735546,1.05,0.21794494717703372,4.15,0.9096702699330127,0
740,0.9449326541132296,0.01771516793030629,0.014498010696762254,0.006759766778158219,0.0004865917899689187,0.000179712974776978,100.0,0.0,64.4,2.8178005607210737,1.0,0.0,4.25,0.5361902647381804,0
741,0.9456333122567399,0.020841060310937028,0.014434347536505226,0.0068062940450602984,0.0004761455089699054,0.0002731147645365368,100.0,0.0,63.6,3.8131351929875237,1.05,0.21794494717703372,4.55,0.7399324293474372,0
742,0.9432988162661285,0.02408105879033598,0.016304821516671886,0.007325120287804912,0.00047211263718129526,0.0002541054347706318,100.0,0.0,63.05,1.9868316486305526,1.075,0.23848480035423641,4.45,0.5894913061275798,0
743,0.945360995295083,0.022765286775066576,0.015470326189516645,0.0061881570458452734,0.0004756295605656723,0.00025030342284282575,100.0,0.0,64.8,2.803569153775237,1.0,0.0,4.3,0.9,0
744,0.9466736548662376,0.019238007474919487,0.014329547991567725,0.006483966834359621,0.0004658853637726806,0.00019572465073316783,100.0,0.0,62.95,2.6358110706194404,1.075,0.23848480035423641,4.3,0.714142842854285,0
745,0.9473797190649093,0.019319430567418753,0.013995988453566805,0.006848532983220879,0.0004556956217234206,0.00020294771256125973,100.0,0.0,63.75,3.0475399915341552,1.1,0.3,4.15,0.7262919523166975,0
746,0.9446318068383434,0.020228445930560824,0.012439752507665448,0.006876854936695274,0.0005171995959358352,0.00022635983224132732,100.0,0.0,63.4,2.4979991993593593,1.0,0.0,4.2,0.39999999999999997,0
747,0.9439772330620395,0.01729653811975065,0.014075621335648294,0.005178798175585194,0.0005084565050968936,0.00022864087883418222,100.0,0.0,62.6,3.4698703145794947,1.0,0.0,4.65,0.9096702699330126,0
748,0.9463168566840421,0.017095877715861324,0.014042882677495058,0.005993563747793003,0.0004709280352313882,0.00019536239342018687,100.0,0.0,62.35,3.1507935508376295,1.125,0.3112474899497183,4.45,0.7399324293474372,0
749,0.9478849167777407,0.0158870949189153,0.01443957606896403,0.005987621801062999,0.0004543585032647083,0.00015627748476673115,100.0,0.0,64.25,2.5074887836239665,1.0,0.0,4.25,0.5361902647381804,0
750,0.9493933110179691,0.01744309291739667,0.014059904641392293,0.005681825392426879,0.00043636110691296586,0.00017206753665657755,100.0,0.0,63.55,3.5422450508117027,1.125,0.3112474899497183,4.25,0.6224949798994366,0
751,0.9436815004399776,0.01837805466646561,0.014575902372249405,0.005703515274658544,0.0004991236031190624,0.00019650876212644344,100.0,0.0,64.8,3.1240998703626612,1.05,0.21794494717703372,3.95,0.6689544080129827,0
752,0.9458940579811095,0.018665910634114814,0.014640612640098893,0.0051091250728136,0.00047103108155038283,0.00019505277711120755,100.0,0.0,64.55,2.7834331319433563,1.0,0.0,4.2,0.5099019513592784,0
753,0.9433033515822743,0.024209486904624516,0.014799437419474232,0.006904781247582195,0.0004903179021755222,0.00023473337479855912,100.0,0.0,62.7,3.0838287890218554,1.125,0.3112474899497183,4.0,0.7071067811865476,0
754,0.945114566615659,0.021432322326476183,0.014000353990708356,0.007033590608885751,0.00048058243703054333,0.00020686663990218473,100.0,0.0,63.2,3.6687872655688283,1.175,0.36314597615834876,4.4,1.0198039027185568,0
755,0.9459365350596848,0.023501244570407535,0.014494459968672931,0.007342247106825896,0.0004598568755524009,0.000215333740206672,100.0,0.0,63.4,3.1048349392520045,1.0,0.0,4.3,0.6403124237432849,0
756,0.9438317241429559,0.020354112507341832,0.01506947357086778,0.006659083940836916,0.0004823254629465064,0.00018528894871458395,100.0,0.0,63.0,2.8809720581775866,1.0,0.0,4.6,0.8602325267042626,0
757,0.9463818432382827,0.02163980232524351,0.01505032175496071,0.007138051433825501,0.00044772456301426,0.00020562719083029677,100.0,0.0,63.85,2.7977669667075564,1.125,0.3112474899497183,4.0,0.7745966692414834,0
758,0.9498437729469315,0.021240965783348244,0.01441800532889311,0.006998899870436451,0.00042062338225495286,0.00020303247096925312,100.0,0.0,63.15,3.1348843678834477,1.15,0.32015621187164245,4.0,0.6324555320336759,0
759,0.9477510565612896,0.018547729701645133,0.013837792673180744,0.006537520343903463,0.0004553873948196234,0.00018666732416820387,100.0,0.0,64.05,2.5194245374688244,1.05,0.21794494717703367,4.2,1.0770329614269007,0
760,0.9485204438836311,0.021562594230669432,0.014061424977001736,0.006484631502054523,0.00044575452212803165,0.00020984682913909475,100.0,0.0,63.55,3.089902911096076,1.075,0.23848480035423641,4.3,0.714142842854285,0
761,0.9481348036059366,0.02271265554574799,0.01477921111754046,0.006925640053420911,0.00043903140555552904,0.00023167952298181087,100.0,0.0,62.05,4.684815898197067,1.175,0.36314597615834876,4.1,0.6244997998398398,0
762,0.9425593875446173,0.023287045153531884,0.014313174527323756,0.006422345205759198,0.0005177176006585871,0.00024987984218693233,100.0,0.0,62.25,3.7399866309921483,1.15,0.3570714214271425,4.1,0.8306623862918074,0
763,0.94247503414013,0.022728428970338634,0.014902169630652839,0.006138477414988274,0.0005060654245450972,0.00023577107930649523,100.0,0.0,63.75,3.476708213238494,1.15,0.3570714214271425,4.1,0.6244997998398398,0
764,0.9432606447322718,0.020259805961924587,0.014623928903193287,0.006092066124079227,0.0004962973328294959,0.00019078165588108718,100.0,0.0,63.05,2.1788758569500923,1.0,0.0,4.0,0.4472135954999579,0
765,0.9411582682487223,0.02578383903493969,0.01355630854608395,0.006027353407814028,0.0005407487753292166,0.0002500691636026619,100.0,0.0,63.7,2.5709920264364885,1.0,0.0,4.05,0.5894913061275798,0
766,0.9441968665260297,0.021395119978981435,0.012677258372243825,0.006820031281831102,0.0005048870424872464,0.00023272379060415427,100.0,0.0,63.55,2.3973944189473704,1.125,0.3112474899497183,4.15,0.5722761571129799,0
767,0.9416629866543081,0.022489251008018993,0.011271105806010564,0.006850503073024256,0.0005592762248213063,0.0002732893006101949,100.0,0.0,63.6,3.3376638536557275,1.1,0.3,4.25,0.698212002188447,0
768,0.9430100849188954,0.023970802531397852,0.011368591725888855,0.006573532622112296,0.0005466722086994865,0.0003068552368724526,100.0,0.0,63.2,2.249444375840399,1.0,0.0,4.2,0.812403840463596,0
769,0.94018298864859,0.02054901540215433,0.012666794932460724,0.007368986476871692,0.0005543559170910424,0.0002416817347417556,100.0,0.0,63.55,2.4387496796514396,1.0,0.0,4.4,0.7999999999999999,0
770,0.939225026296489,0.019406200281092675,0.013452910729049906,0.007872230889323649,0.0005495954973434045,0.00023431265931661444,100.0,0.0,63.55,3.4128433893163046,1.0,0.0,4.45,0.9205976319760985,0
771,0.9370438998215349,0.027390410880038078,0.012611990391100489,0.00824348748172641,0.0005820111744296332,0.0002899340862732462,100.0,0.0,64.1,3.6728735344413916,1.075,0.23848480035423641,4.3,0.8426149773176358,0
772,0.940961785479727,0.025689858735923776,0.01160622634088445,0.0076143195431720495,0.0005532301858369858,0.0002730947178845653,100.0,0.0,64.55,3.2011716605018234,1.075,0.23848480035423641,4.15,0.7921489758877431,0
773,0.942330944175346,0.02568180795043397,0.01125467922810083,0.007670591377157455,0.0005457876447411185,0.00024711860773689114,100.0,0.0,63.4,3.903844259188627,1.1,0.3,4.3,0.7810249675906654,0
774,0.940397387642329,0.02513376679477279,0.010699337774413124,0.007116630314464959,0.0005791705369100976,0.00026957816350992275,100.0,0.0,64.1,3.080584360149872,1.0,0.0,4.05,0.6689544080129826,0
775,0.9411879307568937,0.021637116521613816,0.012083691228699385,0.006264792477331698,0.0005598111714087536,0.0002322592724748674,100.0,0.0,63.5,2.7838821814150108,1.0,0.0,4.1,0.6244997998398398,0
776,0.9423759691505736,0.02924537651949912,0.011510071634747198,0.007247092944551519,0.0005505258394538649,0.00032726776764072205,100.0,0.0,63.0,2.345207879911715,1.0,0.0,4.05,0.6689544080129826,0
777,0.9375027649255646,0.025518628936321126,0.012403104687849375,0.007458087055682153,0.0006096294296943051,0.0003109995475202822,100.0,0.0,62.6,3.1208973068654475,1.15,0.3570714214271425,4.6,0.7348469228349535,0
778,0.9412823654829319,0.02147209033914599,0.012238290549809,0.007982589678393283,0.0005554960546165139,0.00026293823511635477,100.0,0.0,62.45,2.7654113618049667,1.125,0.3112474899497183,4.1,0.6244997998398398,0
779,0.9444511819329755,0.024461707074853116,0.01214197547267302,0.007785863331479503,0.000512965815945615,0.000276849052088148,100.0,0.0,64.25,2.342541355024496,1.05,0.21794494717703372,4.1,0.7681145747868608,0
780,0.9454977203062633,0.025552995101789808,0.010842306770582039,0.008084331755883913,0.0005195973382436826,0.00027345459554375885,100.0,0.0,63.65,3.424543765233553,1.1,0.3,4.2,0.6,0
781,0.9449350280009803,0.024941424366877612,0.011015965369798734,0.007718187569882511,0.0005321069873384964,0.0002850005773365872,100.0,0.0,63.6,3.1685959035509725,1.05,0.21794494717703372,4.1,0.7000000000000001,0
782,0.944122149854533,0.02581087912067108,0.010620774398959504,0.008008858288969816,0.0005411578483026016,0.00029228354166209013,100.0,0.0,63.1,2.6057628441590768,1.0,0.0,4.4,0.66332495807108,0
783,0.9414739123267267,0.02812141447720558,0.010775572916425188,0.006837033909034863,0.0005869966337011611,0.000351239712644395,100.0,0.0,63.3,3.4655446902326914,1.1,0.3,4.1,0.5385164807134504,0
784,0.944754682249426,0.022778674037634422,0.012180309861907688,0.006754448762210107,0.0005188794672672422,0.00024904660109172544,100.0,0.0,64.4,2.956349099818896,1.025,0.10897247358851683,3.95,0.6689544080129826,0
785,0.9405402593867966,0.022397587067076057,0.012406694559665253,0.005663552369435045,0.0005737366263476582,0.00028418680981176297,100.0,0.0,64.3,2.3473389188611007,1.0,0.0,4.15,0.6538348415311012,0
786,0.9395954694886554,0.024889377310702326,0.012851340793863941,0.006638853306624842,0.0005653574595565352,0.00026805705101378997,100.0,0.0,62.65,3.1666228067138023,1.025,0.10897247358851683,4.4,0.6633249580710799,0
787,0.9431904001793772,0.022630035229822768,0.01256466542275134,0.006279568131295395,0.0005250040566259253,0.0002713828272237521,100.0,0.0,63.95,2.0365411854416298,1.0,0.0,4.05,0.3840572873934304,0
788,0.9422361072920747,0.018865876027741535,0.01257154644922183,0.0055543305536220455,0.0005458840927163595,0.0002300603035208305,100.0,0.0,64.6,2.4779023386727737,1.0,0.0,4.1,0.7,0
789,0.9410063990174976,0.019249788748884184,0.012713750700336438,0.0057091951294313825,0.0005521474599431742,0.00023167523091782003,100.0,0.0,63.95,2.9236107812087435,1.025,0.10897247358851683,4.0,0.6324555320336759,0
790,0.9400344872034884,0.019294973437015698,0.012574505866914326,0.005593696227951246,0.0005663958247339453,0.00024290341492998752,100.0,0.0,64.35,3.118894034750139,1.075,0.23848480035423641,4.1,0.7681145747868608,0
791,0.9386546573380434,0.022465441367686093,0.011636407963875392,0.005986716967185832,0.0005881960210829862,0.00026586257002820466,100.0,0.0,62.95,2.7472713735632306,1.0,0.0,4.25,0.82915619758885,0
792,0.9364374667009396,0.020405437764854994,0.012088880573115754,0.005968926596572381,0.0006136117481190889,0.0002342581653702075,100.0,0.0,62.45,2.923610781208744,1.175,0.36314597615834876,4.35,0.9630680142129111,0
793,0.9350275285532899,0.023799038193858778,0.012834175200701986,0.006740761119870796,0.0006116652960346118,0.00025183526621559775,100.0,0.0,62.35,2.8857408061016154,1.15,0.3570714214271425,4.2,0.6782329983125269,0
794,0.9381342929851784,0.021697020447622235,0.010486983366997722,0.006079952908307127,0.0006066995739928048,0.00022740369202860303,100.0,0.0,64.6,3.4698703145794942,1.15,0.3570714214271425,4.15,0.653834841531101,0
795,0.9396594483275227,0.019028281304564278,0.010140386521375954,0.006221684537610466,0.0005946305186200489,0.00022598129854526413,100.0,0.0,63.65,2.669737814842499,1.05,0.21794494717703372,4.3,0.5567764362830021,0
796,0.9421851993666086,0.017540000757766138,0.010609377968706007,0.005624574017564509,0.0005649424097165557,0.00019778559267011347,100.0,0.0,64.15,4.304358256465184,1.1,0.3,4.2,0.6782329983125268,0
797,0.942386632005074,0.02027096912215264,0.010948810033429011,0.005975521105496721,0.0005538305972371008,0.00024378717766405014,100.0,0.0,63.05,3.1855140872392953,1.1,0.3,4.55,0.8645808232895291,0
798,0.9401896907109197,0.020606009174574936,0.011309548843657997,0.005849428244193456,0.0005898546454400962,0.00023009015642808748,100.0,0.0,62.4,3.184336665618132,1.05,0.21794494717703372,4.75,0.7664854858377946,0
799,0.9380105386216512,0.02387628272620655,0.010216770678882683,0.004972263566138327,0.000642203333599422,0.00027858971502173316,100.0,0.0,62.5,2.9410882339705484,1.05,0.21794494717703372,4.45,0.6689544080129827,0
800,0.940315689366729,0.025184820068495515,0.009801203201328944,0.004965785728783806,0.0006079060661745591,0.0002786829539819333,100.0,0.0,63.5,2.9916550603303182,1.025,0.10897247358851683,4.4,0.4898979485566356,0
801,0.9375154198095862,0.027868928116657154,0.010347844884401462,0.00626439781417147,0.0006279494539087279,0.0003317994568220916,100.0,0.0,63.05,2.4591665254715873,1.05,0.21794494717703372,4.15,0.6538348415311012,0
802,0.9394475074188643,0.02804818026983603,0.010943528653003683,0.006144491368556296,0.0005950498953266543,0.00031257519891553763,100.0,0.0,63.7,2.9342801502242426,1.1,0.3,4.1,0.8306623862918076,0
803,0.9376383442641834,0.02855725410891342,0.0093142906574066,0.004682075916577858,0.000642488878643483,0.0003327091652690823,100.0,0.0,63.45,3.2935543110748915,1.075,0.17853571071357124,4.15,0.5722761571129799,0
804,0.9385934476523541,0.029638699575691936,0.010534137233306817,0.005049523003469271,0.0006194654121367869,0.00030725218373965657,100.0,0.0,63.65,3.395217224272992,1.125,0.3112474899497183,3.8,0.5099019513592784,0
805,0.9381192428744546,0.02500970597799036,0.01080242281661557,0.006151350582956026,0.0006113352581430707,0.0002577475864632299,100.0,0.0,62.9,3.3000000000000003,1.075,0.23848480035423641,4.45,1.0712142642814275,0
806,0.934533100697714,0.022175783368405606,0.010962477058617923,0.006172810200870572,0.0006524684594524805,0.00024155012127596495,100.0,0.0,64.05,3.278337993557101,1.05,0.21794494717703372,4.0,0.6324555320336759,0
807,0.9344422356150272,0.020659808445997005,0.010876241910853335,0.00641783884047393,0.0006511512357033308,0.00023375287285644052,100.0,0.0,63.75,2.8262165522125158,1.0,0.0,4.4,0.6633249580710799,0
808,0.9343099867617296,0.023284066097051057,0.012571503995279574,0.0061698762612760845,0.0006317062790284082,0.00025360033089358514,100.0,0.0,63.4,2.4372115213907883,1.05,0.21794494717703372,4.15,0.7262919523166976,0
809,0.9319154109535746,0.02162769051518002,0.013720088109814139,0.0063087182756126955,0.0006430777731254386,0.00022484715519150287,100.0,0.0,63.7,3.407345007480164,1.0,0.0,4.35,0.5722761571129799,0
810,0.9347028560349491,0.021508674788243094,0.01331548061760969,0.005173467564736184,0.0006237875827254225,0.00021473273048282232,100.0,0.0,63.65,2.868361901852693,1.05,0.21794494717703372,4.25,0.8874119674649424,0
811,0.940756981903349,0.020138058709477984,0.013302335946045052,0.0055056153040445735,0.0005573309796107118,0.00018933821196750368,100.0,0.0,62.8,2.8913664589601917,1.0,0.0,4.25,0.7664854858377946,0
812,0.941295869735006,0.023531389714906092,0.01272281081814986,0.0062943994030029175,0.0005528147022750598,0.0002176131305536427,100.0,0.0,64.4,3.6110940170535573,1.05,0.2179449471770337,4.15,0.8529361054615991,0
813,0.9438517892997875,0.024497448271560664,0.0124905392525031,0.007820611103316751,0.0005081015385584739,0.00019255762168229995,100.0,0.0,63.25,2.662235902394827,1.0,0.0,4.3,0.9539392014169457,0
814,0.9449282450693517,0.02203366499801199,0.012147193957875385,0.0077425829256077845,0.0005002360421068492,0.00016056339408412434,100.0,0.0,63.05,3.3537292675468007,1.05,0.21794494717703372,4.3,0.714142842854285,0
815,0.942681586613778,0.02592107205272803,0.012326837772445493,0.00789332151910992,0.0005234953167647095,0.00022486349924902388,100.0,0.0,63.85,2.8857408061016154,1.0,0.0,4.15,0.7921489758877431,0
816,0.9442729885135966,0.025330462958036617,0.012776084081921334,0.007004314818241423,0.0005057923799708357,0.0002185936919321438,100.0,0.0,64.75,2.5074887836239665,1.075,0.17853571071357124,3.95,0.5894913061275798,0
817,0.9477645987107703,0.02452329178875282,0.011630967273119094,0.007368884020205799,0.0004791921300877027,0.00022471477722428007,100.0,0.0,64.05,3.7745860700214533,1.125,0.3112474899497183,4.05,0.5894913061275798,0
818,0.9483092205734562,0.023234906414663387,0.012667550908095567,0.006905699835723697,0.00046724206630598364,0.0002251226371563807,100.0,0.0,63.35,2.4550967394381837,1.0,0.0,3.95,0.49749371855331,0
819,0.9457755274825486,0.02186868040366454,0.012015293413737247,0.007197747861220657,0.0004968838105005923,0.0002218202510205373,100.0,0.0,62.25,2.913331426391443,1.05,0.21794494717703372,4.5,1.02469507659596,0
820,0.9455095132061194,0.021900984661329555,0.011996130139696136,0.0064850068005875075,0.0005052770745551978,0.00023226396934545863,100.0,0.0,64.3,3.4365680554879163,1.05,0.21794494717703372,4.1,0.6244997998398398,0
821,0.943670885003146,0.02437559694312153,0.012260094579704544,0.006182861277249182,0.0005308815468280747,0.00025651941176789395,100.0,0.0,62.65,3.08666486681013,1.05,0.21794494717703372,4.25,0.6224949798994366,0
822,0.946295063311337,0.021617952879672716,0.012473872072703064,0.006002013953549052,0.0005101095813129215,0.00025164970449844656,100.0,0.0,63.7,2.703701166919155,1.15,0.32015621187164245,4.2,0.6782329983125268,0
823,0.9452405345219473,0.02574640502220944,0.011304568437516326,0.006688531796596833,0.0005213634012259705,0.00027649572564495995,100.0,0.0,63.05,3.3387872049593095,1.2,0.4,3.95,0.5894913061275798,0
824,0.9447284830986943,0.03001075470898745,0.011082184414818957,0.008005786366794086,0.0005231490524382209,0.0003196907701165988,100.0,0.0,62.7,3.287856444554719,1.05,0.21794494717703372,4.25,0.698212002188447,0
825,0.9471212408725933,0.023324822386833477,0.012135351017346637,0.0070265459359686805,0.0004871024902922694,0.0002310550761541342,100.0,0.0,62.65,3.439113257803529,1.2,0.4,4.25,0.698212002188447,0
826,0.9459949445089283,0.021018517350049528,0.011615212468615767,0.007476425012489167,0.0005027135365520326,0.0001924932380861416,100.0,0.0,63.05,4.153010955921017,1.15,0.3570714214271425,4.2,0.812403840463596,0
827,0.9494729631802287,0.0190497380744704,0.010898389885682456,0.007130835717120444,0.0004656403671636611,0.0001860196723477035,100.0,0.0,63.8,2.1354156504062622,1.025,0.10897247358851683,4.35,0.6538348415311012,0
828,0.947277940910701,0.020515250050024355,0.011727468769697439,0.006625011915239992,0.00048533883372193414,0.00021574200250770888,100.0,0.0,63.15,3.08666486681013,1.025,0.10897247358851683,4.0,0.6324555320336759,0
829,0.9452047885388074,0.020940728697749236,0.011825453213616489,0.00559733958402819,0.0005154987204764927,0.00022780000388765342,100.0,0.0,63.2,3.5721142198983498,1.15,0.3570714214271425,4.4,0.6633249580710799,0
830,0.9441317499347699,0.020600959718270515,0.012800429172015043,0.005104350317148301,0.0005206709659653623,0.00022712186691524542,100.0,0.0,62.6,2.8530685235374214,1.1,0.3,4.3,0.7810249675906654,0
831,0.9475147027056824,0.02342281826796893,0.011406058596509356,0.0047000749902997106,0.0004932898501263399,0.000269496941921628,100.0,0.0,63.6,2.973213749463701,1.025,0.10897247358851683,4.5,0.9219544457292888,0
832,0.9513233738009284,0.02647882277208377,0.010975246003129846,0.005741045064311265,0.00044698617274608704,0.0003016894107676535,100.0,0.0,62.9,2.5865034312755126,1.05,0.21794494717703372,4.45,0.7399324293474372,0
833,0.9500025419204515,0.02618275034318543,0.010420823497096698,0.005226366350593356,0.0004802724162008055,0.00030353349862194477,100.0,0.0,63.1,2.4677925358506134,1.0,0.0,4.4,0.7999999999999999,0
834,0.947016070818427,0.028861950674551544,0.010124739483010044,0.0046261165413063006,0.000521312198035386,0.00032491948394495465,100.0,0.0,63.55,3.4128433893163046,1.075,0.23848480035423641,3.95,0.6689544080129827,0
835,0.9434671000964526,0.02994183610052718,0.010817762649153304,0.00482697696927181,0.0005503356274996782,0.00031640730149598475,100.0,0.0,64.5,3.263433774416144,1.05,0.21794494717703372,4.3,0.714142842854285,0
836,0.9440139121383883,0.023858534606894414,0.010015952911559831,0.0048129810594963246,0.0005540663480151582,0.00024736791737200396,100.0,0.0,63.25,3.222964473896664,1.0,0.0,4.25,0.6224949798994366,0
837,0.9489626721654707,0.02644287505345234,0.009609988602763315,0.004665041030320053,0.0005066127616662876,0.0003034787996494713,100.0,0.0,63.1,2.0712315177207983,1.125,0.3112474899497183,4.15,0.7262919523166975,0
838,0.9449967669168805,0.024639931255037013,0.010736981780608284,0.004516632799582362,0.0005401260210462317,0.00029029384495016936,100.0,0.0,63.25,2.9811910371527683,1.05,0.21794494717703372,4.15,0.5722761571129799,0
839,0.9497157880017004,0.024434282864478827,0.010472343333779536,0.004665694038006572,0.00048712601589049806,0.0002750788961247851,100.0,0.0,62.25,2.6433879775772606,1.1,0.3,4.35,0.7262919523166975,0
840,0.9442660458016237,0.029423431540510782,0.010557792017629894,0.004810536010896564,0.0005679459967355609,0.00037033262937509785,100.0,0.0,63.5,2.224859546128699,1.05,0.21794494717703372,4.35,0.5722761571129799,0
841,0.9454523890418182,0.02995666079987878,0.011418110832466608,0.0056414916773877225,0.0005305790468011944,0.00035257272746393436,100.0,0.0,62.5,2.224859546128699,1.05,0.21794494717703367,4.3,0.714142842854285,0
842,0.9435098212981179,0.03135654657368129,0.011450851817071684,0.00578076057989218,0.0005489314470897474,0.0003537645206435237,100.0,0.0,62.95,4.09237095092808,1.15,0.3570714214271425,4.3,0.9,0
843,0.9374368455944145,0.02735140126588897,0.013095571748422668,0.005715419614301301,0.0006008610246294888,0.0002971006784430659,100.0,0.0,63.1,3.1448370387032774,1.025,0.10897247358851683,4.3,0.7810249675906654,0
844,0.9400363565443213,0.023735965089893743,0.012329679093440817,0.005585796834491135,0.0005796399501374706,0.00025570463713669165,100.0,0.0,63.25,3.7399866309921483,1.15,0.3570714214271425,4.2,0.5099019513592784,0
845,0.9365913673045659,0.027459511674133054,0.013687815041458487,0.0049854388400338194,0.0006055375827238512,0.0002979466234395602,100.0,0.0,63.45,2.4794152536434875,1.125,0.3112474899497183,3.95,0.7399324293474371,0
846,0.9389655876656058,0.02824772812741895,0.013761996069716356,0.00427042567435247,0.000572341205359635,0.0003187823973872716,100.0,0.0,63.8,2.6,1.05,0.21794494717703372,4.0,0.6324555320336759,0
847,0.9362045547662531,0.02671638092011739,0.014821724202654563,0.004842655927678512,0.0005841141677456331,0.0002927289828905445,100.0,0.0,63.75,2.426417111710186,1.0,0.0,4.3,0.6403124237432849,0
848,0.9402609277547702,0.024425859262345192,0.014371465472977721,0.005477204420244445,0.0005429416401865562,0.0002839685423149394,100.0,0.0,63.8,2.9257477676655586,1.1,0.3,3.95,0.49749371855331004,0
849,0.9420756049854295,0.021879639567410156,0.013222752290110162,0.006067922802484745,0.0005314944238262102,0.00022815005753777876,100.0,0.0,62.9,2.7367864366808012,1.05,0.21794494717703372,4.55,0.8046738469715542,0
850,0.9409297345276558,0.022064223469404967,0.013096293707455247,0.005823489006657607,0.0005450195584702699,0.0002137041685747607,100.0,0.0,64.25,3.7798809505062456,1.0,0.0,4.1,0.7000000000000001,0
851,0.9400238383552756,0.020419450732680738,0.012787370321118074,0.006637632182172676,0.0005571291327190394,0.00019275360637654025,100.0,0.0,63.75,2.426417111710186,1.0,0.0,4.1,0.6244997998398398,0
852,0.9391746949827213,0.02362971382440577,0.012745164736450234,0.006330258234591013,0.0005692919434669413,0.0002412234388523212,100.0,0.0,63.5,3.442382895611701,1.0,0.0,4.2,0.6,0
853,0.9353830719603791,0.023797689564864645,0.013015340077428338,0.005767149944129972,0.0006171918469283609,0.0002573519926146568,100.0,0.0,64.4,2.0591260281974,1.0,0.0,4.0,0.5477225575051661,0
854,0.9352611166219477,0.02279597469871027,0.012730610968966416,0.006240448372674754,0.0006167836200931914,0.00023480696937999376,100.0,0.0,63.35,3.1666228067138023,1.1,0.3,3.95,0.9205976319760983,0
855,0.9333029962421213,0.02495314758787027,0.012730073238169413,0.006107407830871094,0.00064382637182783,0.00026849268926595356,100.0,0.0,63.75,3.4478254016118624,1.1,0.3,4.15,0.6538348415311009,0
856,0.9352065894182147,0.021499318168631893,0.013064258004316246,0.006061012120307713,0.0006164241424828192,0.00024572174605434223,100.0,0.0,63.9,1.8681541692269403,1.0,0.0,4.05,0.49749371855331004,0
857,0.9392514362016117,0.016903662727185693,0.013563337262683193,0.006052602906258313,0.0005564740984716537,0.00020783127132915994,100.0,0.0,63.05,3.3087006513131403,1.1,0.3,4.1,0.6244997998398398,0
858,0.9382951913432109,0.01899767124113148,0.013987487352094,0.004801617467525055,0.000571778699036893,0.00023641804168131548,100.0,0.0,63.6,3.813135192987524,1.075,0.23848480035423641,4.1,0.5385164807134504,0
859,0.9349071098094642,0.02194012981230008,0.013825272509330532,0.004164800333687099,0.0006226095418578292,0.0002951944943853703,100.0,0.0,62.6,3.2619012860600183,1.1,0.3,4.3,0.8426149773176358,0
860,0.9372713680380877,0.021092899079885364,0.012976526862057244,0.004547993398063307,0.0006064465050492593,0.0002623318111670676,100.0,0.0,61.85,2.5743931323712,1.15,0.32015621187164245,4.4,1.019803902718557,0
861,0.9353142353836859,0.017456851656259674,0.012496659864145887,0.005885495444593783,0.0006305826802749069,0.00021006442680130232,100.0,0.0,63.4,3.2465366161495854,1.1,0.3,4.3,0.6403124237432849,0
862,0.9357386024424172,0.018774278967529267,0.011258896476938852,0.006178627587579545,0.0006349783657556367,0.0002542813084241647,100.0,0.0,63.45,2.3764469276632285,1.075,0.23848480035423641,4.05,0.739932429347437,0
863,0.936999850264157,0.013667600335801234,0.01291405523542325,0.0056388130472086705,0.0006102458031992555,0.00021220708326504203,100.0,0.0,63.5,2.5,1.05,0.21794494717703372,4.15,0.653834841531101,0
864,0.9382921626864228,0.01568680548471009,0.011936463455922386,0.005313457234508128,0.000602214096130135,0.00020495534242285206,100.0,0.0,63.9,2.7184554438136375,1.1,0.3,4.1,0.30000000000000004,0
865,0.9440952193804399,0.013383149567758561,0.011707741802795062,0.00549747838728347,0.0005266299938457289,0.00016223890843971577,100.0,0.0,63.8,3.8026306683663087,1.05,0.21794494717703372,4.2,0.812403840463596,0
866,0.9418658314665596,0.014770882164010853,0.01161326026879081,0.005186604453619303,0.0005563762204223344,0.00016815739821322023,100.0,0.0,63.65,2.815581645060217,1.075,0.23848480035423641,4.35,0.963068014212911,0
867,0.9405089662149958,0.017434582840788606,0.011411651684932352,0.005081050725948642,0.0005776617512075023,0.00019991378774358122,100.0,0.0,64.0,2.449489742783178,1.0,0.0,4.0,0.5477225575051661,0
868,0.9388695415274828,0.01959095274442122,0.012253064110251458,0.006062117176638325,0.0005819289458580477,0.00019708183406613763,100.0,0.0,64.0,2.32379000772445,1.0,0.0,4.25,0.6224949798994366,0
869,0.9332459844891854,0.023521180345180893,0.013553718133437507,0.006544755828246009,0.0006312720727651687,0.00025153481010775755,100.0,0.0,63.35,3.453621287865825,1.1,0.2549509756796392,4.35,0.8529361054615991,0
870,0.9373606054039225,0.024222387660904534,0.013713338407708683,0.0077380676490721514,0.0005673871227005818,0.0002335997689112476,100.0,0.0,62.05,4.06786184622831,1.275,0.43229041164476456,4.2,0.7483314773547883,0
871,0.9377901883519556,0.023562174484686706,0.014037402498338392,0.007056575565129928,0.0005693638296898004,0.0002304789533651975,100.0,0.0,64.8,3.026549190084311,1.0,0.0,3.85,0.7262919523166975,0
872,0.9349375151958379,0.022468728263975016,0.015092712229634061,0.0068480900282996,0.0005870737008509123,0.00025131650368631446,100.0,0.0,62.9,2.8442925306655784,1.15,0.3570714214271425,4.15,0.5722761571129799,0
873,0.9351951571472237,0.022550149931472464,0.013720749016401721,0.0058713793678934305,0.0006163207257567987,0.000249795052581821,100.0,0.0,63.85,2.8508770580296865,1.05,0.21794494717703372,4.2,0.6782329983125269,0
874,0.9362087727440388,0.023129241312719134,0.013831210586215534,0.005164533388029942,0.0006057588575014404,0.00026722477260657056,100.0,0.0,64.35,3.365635155509284,1.025,0.10897247358851683,3.85,0.5722761571129799,0
875,0.9362440493891002,0.017904545581604325,0.014999750104622258,0.005306891993306461,0.0005859687823355187,0.0002071188878189653,100.0,0.0,63.95,2.654712790491657,1.0,0.0,4.35,0.653834841531101,0
876,0.9314743827685454,0.022006079693577683,0.015634498773885487,0.007007956410605929,0.0006244159471151735,0.00020878183333365954,100.0,0.0,62.9,3.345145736735546,1.15,0.3570714214271425,4.2,0.7483314773547883,0
877,0.9344948077969315,0.019556624949810853,0.015321129428345234,0.007553401607915642,0.0005810715362952496,0.0001793675580133292,100.0,0.0,63.5,3.52845575287547,1.05,0.21794494717703372,4.35,0.6538348415311012,0
878,0.9412749083219287,0.018078972918224096,0.014313511250114385,0.005760100863727312,0.0005260382163964693,0.00017963168176356913,100.0,0.0,62.15,3.5535193822462827,1.1,0.3,4.6,0.66332495807108,0
879,0.9368115142867035,0.024291832598130073,0.015058001576066354,0.005775851528405644,0.0005768350980642121,0.0002659805997561093,100.0,0.0,62.8,2.580697580112788,1.075,0.23848480035423641,4.6,1.0677078252031311,0
880,0.9376566727092609,0.025967261990833993,0.01405609688367516,0.005881263014906099,0.0005827782493495443,0.0002919824424673985,100.0,0.0,63.75,2.3637893307145625,1.05,0.21794494717703372,4.3,0.6403124237432849,0
881,0.9377604673690858,0.028413095308681222,0.014334367068338747,0.00605868950936307,0.0005700281812528737,0.0002996440115448235,100.0,0.0,63.15,3.1666228067138023,1.15,0.3570714214271425,4.4,0.9165151389911679,0
882,0.9318241994561272,0.029855472299609383,0.015128022719141135,0.007709295405463471,0.0006251628355524551,0.0003010616444639812,100.0,0.0,63.2,3.0594117081556704,1.075,0.23848480035423641,4.55,0.7399324293474372,0
883,0.9331511765710708,0.033613922751909,0.015479069818933645,0.0074377300982344415,0.0005939224448658282,0.00032003308846103017,100.0,0.0,64.7,3.287856444554719,1.1,0.3,4.1,0.7,0
884,0.9337598791124291,0.034523946530703654,0.015537457134143043,0.00816783046311531,0.0005888925138147333,0.0003273380827981603,100.0,0.0,63.05,2.8892040426387333,1.05,0.21794494717703372,4.3,0.714142842854285,0
885,0.9317214550269993,0.03868296895726627,0.015260202103366566,0.007639076544097819,0.0006266532853662564,0.0004008135305606367,100.0,0.0,62.9,2.896549671592048,1.15,0.3570714214271425,4.15,0.47696960070847283,0
886,0.9298260756125882,0.04278482646025856,0.015772704480208982,0.008319626071076216,0.000638244950371164,0.0004662506735145389,100.0,0.0,61.9,2.981610303175114,1.05,0.15,4.3,0.714142842854285,0
887,0.9307075000123307,0.0458154175481043,0.01545871620647718,0.009040277606772661,0.0006192097132942616,0.0005074499887500264,100.0,0.0,63.7,3.479942528261063,1.075,0.23848480035423641,3.8,0.7483314773547883,0
888,0.9337838736549303,0.038292997642962866,0.01603659640502706,0.009945935793261123,0.0005541575178207303,0.0003506457129751472,100.0,0.0,63.15,3.102821296820041,1.125,0.3112474899497183,3.95,0.5894913061275798,0
889,0.9305193236341317,0.0359026898782019,0.016756946056682855,0.010217549791600278,0.000586258995474593,0.00032021887316993603,100.0,0.0,63.55,3.4274626183227737,1.1,0.3,4.35,0.6538348415311009,0
890,0.9320840623593364,0.0354875062685692,0.016964619800334518,0.010956443964557182,0.0005777305293707285,0.00030974435224174443,100.0,0.0,63.1,2.826658805020514,1.025,0.10897247358851683,4.4,0.4898979485566356,0
891,0.9370185766226534,0.03265370677153495,0.016947771701702023,0.00981662020844373,0.0005099545138645535,0.00024300308904742014,100.0,0.0,63.9,3.047950130825634,1.0,0.0,4.3,0.6403124237432849,0
892,0.9376753005796786,0.03377103849531736,0.016028250037051085,0.010050485711638977,0.000516685494138707,0.0002727180319306191,100.0,0.0,64.55,3.6670833096617805,1.05,0.21794494717703372,4.2,0.7483314773547883,0
893,0.9362617658766721,0.030747007548058095,0.017163910325030517,0.008271055839389169,0.0005458495400573408,0.00031193327170930937,100.0,0.0,63.25,2.2555487137279924,1.05,0.21794494717703372,4.2,0.5099019513592784,0
894,0.9409685628366106,0.03368386057953792,0.016313690069976745,0.00812346775598486,0.0004896016540436078,0.0002705027940882981,100.0,0.0,63.4,3.120897306865447,1.15,0.3570714214271425,4.2,0.7483314773547883,0
895,0.9391896793413702,0.03144289388392065,0.0165225049646736,0.009133750826208148,0.0004978996861050198,0.00025088970073622807,100.0,0.0,62.75,3.080178566252288,1.15,0.32015621187164245,3.95,0.739932429347437,0
896,0.9382210164412523,0.03067422647017576,0.015939391657784817,0.0075742963473962735,0.0005281492815356352,0.0002785787343059382,100.0,0.0,63.5,3.5,1.075,0.23848480035423641,4.45,0.9733961166965893,0
897,0.9391718288850452,0.030382345527916015,0.01592641838130699,0.008001728608357973,0.0005205982956957979,0.0002774374555442351,100.0,0.0,63.2,3.5298725189445577,1.1,0.3,4.45,0.8645808232895291,0
898,0.9420249512666825,0.02957551679068628,0.01479459586410621,0.009382748933006602,0.0004874647256911939,0.0002277894602107958,100.0,0.0,63.8,3.295451410656816,1.05,0.21794494717703372,4.4,0.8602325267042626,0
899,0.94176153266705,0.030983542868857683,0.013961801014474449,0.00888991088456213,0.0005077291732874682,0.0002491287976637391,100.0,0.0,63.55,3.4420197558991443,1.0,0.0,4.1,0.5385164807134504,0
900,0.9422115827289455,0.02941496433699305,0.013801966266987395,0.006831766227304736,0.0005182929501623735,0.0003006539546864579,100.0,0.0,63.4,2.989983277545211,1.1,0.3,4.1,0.7681145747868608,0
901,0.9361702943879793,0.027319599649669502,0.013527467162949539,0.005746355555070684,0.0006175754005959648,0.0003085576847671653,100.0,0.0,64.2,2.6191601707417584,1.075,0.23848480035423641,4.15,0.5722761571129799,0
902,0.9394629800341573,0.027385585363330956,0.013930452702014073,0.007022499758669746,0.0005601201968492854,0.0002929134145150806,100.0,0.0,62.1,3.223352292257239,1.175,0.36314597615834876,4.3,0.5567764362830021,0
903,0.9407528206509246,0.023051530602260825,0.014719590372700434,0.006602573813521899,0.0005315759025004751,0.00025886326812947806,100.0,0.0,63.75,2.2332711434127295,1.025,0.10897247358851683,4.05,0.6689544080129826,0
904,0.9468511927025383,0.02296100031309263,0.013934461901046025,0.007246490384246304,0.0004563126381985904,0.0002130283278490915,100.0,0.0,63.7,4.026164427839479,1.15,0.3570714214271425,4.1,0.5385164807134504,0
905,0.943948975421584,0.028193509373430348,0.014177503064801932,0.007856034884896414,0.00048289394490917974,0.000254843547515887,100.0,0.0,63.5,2.819574435974337,1.0,0.0,4.25,0.6224949798994366,0
906,0.9428915289776129,0.024048059923252433,0.01412848035248002,0.007703004556369961,0.0005027017270323363,0.00023135017615336128,100.0,0.0,62.7,2.934280150224242,1.05,0.21794494717703372,4.25,1.0897247358851685,0
907,0.9395556250701713,0.023391589480885534,0.014477616302028826,0.008753481063924684,0.0005267841651798551,0.0002201888046243882,100.0,0.0,63.15,2.669737814842499,1.05,0.21794494717703372,4.25,0.5361902647381804,0
908,0.9377318249782437,0.02378426896806944,0.014766858852547218,0.008581525828832747,0.0005477024313140301,0.0002768354628609583,100.0,0.0,62.65,2.7436289836637897,1.1,0.3,4.15,0.4769696007084728,0
909,0.9411252712449782,0.021376030068399044,0.014857059980545779,0.008120001490432906,0.0005068553385078052,0.00023406969803571446,100.0,0.0,62.45,3.308700651313141,1.125,0.3112474899497183,4.25,0.9420721840708386,0
910,0.9395884718833377,0.023574431885765017,0.01338501256488927,0.008296061690995156,0.0005464752215570927,0.0002739167991294052,100.0,0.0,62.4,3.839270764090493,1.225,0.40233692348577704,4.2,0.7483314773547882,0
911,0.9388778546021432,0.01977447074369971,0.013089857976965122,0.008691331093826617,0.0005549329647818321,0.00023870195005014507,100.0,0.0,62.25,3.222964473896664,1.025,0.10897247358851683,4.55,0.8046738469715541,0
912,0.9402536399310861,0.019904239188442672,0.013977324109242842,0.00955212360820958,0.0005171254982205988,0.00021356444439411988,100.0,0.0,63.9,2.5278449319529077,1.05,0.21794494717703372,4.45,0.7399324293474372,0
913,0.9391821873237631,0.018950991033526505,0.014471829089987598,0.010028842878722712,0.0005150603122161121,0.00018631141071904622,100.0,0.0,63.65,2.4550967394381837,1.0,0.0,4.55,0.8046738469715541,0
914,0.9374960095693302,0.02289159119531304,0.014387423317596276,0.009324366424821304,0.0005527781971281039,0.000248494888785143,100.0,0.0,63.65,2.6697378148424984,1.05,0.21794494717703372,4.0,0.6324555320336759,0
915,0.9429285263220608,0.023957926052927098,0.013471902050268426,0.008951014878976121,0.000507872129216938,0.00025038283592672373,100.0,0.0,62.9,2.773084924772409,1.1,0.3,4.25,1.0428326807307104,0
916,0.9448531727453344,0.01966177489884476,0.013640258305924972,0.008000188592348117,0.000479196280364318,0.0002391968842972769,100.0,0.0,63.55,3.9808918598726084,1.05,0.21794494717703372,4.0,0.8366600265340756,0
917,0.9460286510037088,0.01873889744684368,0.013174417817989536,0.007285830644833734,0.00047475573410208223,0.00024022767552141813,100.0,0.0,63.8,2.8913664589601917,1.1,0.3,4.0,0.6324555320336759,0
918,0.9449684010361844,0.017760924268870347,0.013517854886251335,0.007219970330812596,0.0004896480352583222,0.00020554889360110162,100.0,0.0,63.05,3.323777970924051,1.1,0.3,4.35,0.5722761571129799,0
919,0.9430170726745807,0.017764865837788024,0.01319558373679738,0.0068488139427549605,0.0005133424906703051,0.00017887552174842856,100.0,0.0,64.0,2.6832815729997477,1.0,0.0,4.3,0.6403124237432849,0
920,0.9409413880225633,0.017851606077550736,0.014085959754235305,0.00736856841538773,0.000521533628579384,0.00016065196849007326,100.0,0.0,63.25,2.9979159427842537,1.025,0.10897247358851683,4.3,0.7810249675906654,0
921,0.9380236185545856,0.01665128911401586,0.014298119904550714,0.008578936666251546,0.0005437972364162422,0.00015643225712834333,100.0,0.0,62.95,3.840247387864485,1.1,0.3,4.3,0.8426149773176358,0
922,0.9410657039292479,0.01807153823068572,0.014959190416525242,0.009568535901729966,0.0004891274061227939,0.0001681852888110753,100.0,0.0,62.35,2.7436289836637897,1.1,0.3,4.25,0.82915619758885,0
923,0.9430513371837476,0.018896274250141575,0.014249724888351129,0.007795128888694685,0.0005005991329451887,0.00026059006701323236,100.0,0.0,63.7,3.083828789021855,1.05,0.2179449471770337,3.95,0.3840572873934304,0
924,0.9419428369204221,0.020069579998113565,0.01386498238201242,0.007585682451745583,0.0005168003220109191,0.00026517953368215727,100.0,0.0,64.6,2.9899832775452104,1.0,0.0,4.1,0.6244997998398398,0
925,0.9375524571999614,0.02065202154436441,0.01476812523276578,0.0074132742999808675,0.000554633192001458,0.00025663370823975003,100.0,0.0,64.6,2.8705400188814645,1.05,0.21794494717703372,4.1,0.6244997998398398,0
926,0.9373922751254702,0.019884964628483593,0.014215948445486595,0.00784295515456389,0.0005606760076042106,0.00025968121482889593,100.0,0.0,63.3,2.98496231131986,1.0,0.0,4.1,0.6244997998398398,0
927,0.9343341618645313,0.020936982012511478,0.01478114983044882,0.008654207330391312,0.0005896959162928962,0.0002464888573682054,100.0,0.0,63.65,2.4550967394381837,1.025,0.10897247358851683,4.2,0.6782329983125268,0
928,0.936902165333108,0.019690702986734965,0.014820221571622907,0.00877384589732181,0.0005590899432852792,0.00023086004841709083,100.0,0.0,63.75,3.491060010942235,1.1,0.3,3.75,0.6224949798994366,0
929,0.9393825351979809,0.02031777247256472,0.01521803119976888,0.0077878434708312265,0.0005265088027181284,0.00024021315835643717,100.0,0.0,63.75,2.7363296585024255,1.05,0.21794494717703372,4.2,0.6782329983125269,0
930,0.9404946037478352,0.019956797029060967,0.015655738509218226,0.0069924297891053285,0.0005169813820118283,0.0002593747139752003,100.0,0.0,62.6,3.1208973068654475,1.15,0.3570714214271425,4.1,0.6244997998398398,0
931,0.9391511440755161,0.0238578260095656,0.015997330115420517,0.007520119011418985,0.0005273354560305987,0.00028391752791915534,100.0,0.0,63.45,3.353729267546801,1.0,0.0,4.3,0.6403124237432849,0
932,0.9427477114961187,0.018270048518388947,0.01512266950486527,0.00676723176776773,0.0004997973969116101,0.0002188321343524125,100.0,0.0,63.25,3.207413287993925,1.05,0.21794494717703372,4.3,0.8426149773176358,0
933,0.9473112588249204,0.020519890383480725,0.01360923355879727,0.007846103126798915,0.00045778420830801063,0.0002238044990165831,100.0,0.0,63.4,3.541186241925155,1.05,0.21794494717703372,4.35,0.5722761571129799,0
934,0.9389277316476432,0.02487301567040814,0.014541205574774169,0.007641438314290158,0.0005492291110199781,0.00027279632052560655,100.0,0.0,62.4,3.2619012860600183,1.25,0.4330127018922193,4.2,0.6782329983125269,0
935,0.9410887446570811,0.025647605736144025,0.013980952243518724,0.007845226429469044,0.000520306233432638,0.0002714935267425502,100.0,0.0,63.6,2.9563490998188966,1.1,0.3,4.5,0.7416198487095663,0
936,0.9428925373218362,0.027017481762552423,0.013743885795055338,0.007862023635838196,0.0004980495894250356,0.00028938206448162466,100.0,0.0,63.5,3.248076353782343,1.125,0.3112474899497183,4.1,0.7681145747868608,0
937,0.93581842637022,0.026462843024088308,0.014358668605532792,0.007784232095401004,0.0005777824964315505,0.000300221512124586,100.0,0.0,63.3,3.333166662499792,1.05,0.21794494717703372,4.3,0.9539392014169458,0
938,0.9371122648220542,0.02540521270224519,0.014168967573214444,0.006786136998338414,0.0005652872348243922,0.00027269475645326556,100.0,0.0,64.15,3.08666486681013,1.0,0.0,4.4,0.66332495807108,0
939,0.9349279814324143,0.023985504277816837,0.014967239841789503,0.005307619638796918,0.0005931601999380638,0.00026502049486831807,100.0,0.0,64.75,2.277608394786075,1.0,0.0,4.15,0.4769696007084728,0
940,0.9331425704580953,0.023777900425270098,0.015242556825368084,0.005702802002935473,0.0006045677473431048,0.0002496173422468451,100.0,0.0,63.25,2.947456530637899,1.0,0.0,4.2,0.7483314773547883,0
941,0.9324763488670967,0.022762706931491405,0.01615003244857593,0.005343133289495215,0.0006046689286288079,0.00026157635743895774,100.0,0.0,64.85,3.4391132578035286,1.1,0.3,4.0,0.7071067811865476,0
942,0.9310140352939458,0.02375202815147082,0.016390210892826503,0.00552571291466061,0.0006141147880675006,0.0002615197512137885,100.0,0.0,63.25,3.2996211903792836,1.05,0.21794494717703372,4.35,0.6538348415311012,0
943,0.9315886196755996,0.023259149084687215,0.016358007805863342,0.006229108130936537,0.0006006056509681505,0.0002114479870317097,100.0,0.0,63.3,2.6286878856189833,1.05,0.21794494717703372,4.4,0.8602325267042626,0
944,0.9324826472565174,0.024329337280993537,0.015256603388610443,0.006044022569598373,0.0006160620016870266,0.0002214264430801741,100.0,0.0,63.85,3.0866648668101306,1.1,0.3,4.2,0.6782329983125269,0
945,0.9334045888357675,0.024688231870475637,0.014649908840474943,0.007208568910741928,0.0006121048103449849,0.0002522349631780115,100.0,0.0,65.0,3.1304951684997055,1.05,0.21794494717703372,4.3,0.9539392014169458,0
946,0.9354678232536486,0.023442698000972834,0.01416637372958705,0.007305073322365097,0.0005980985330712409,0.000235414830010318,100.0,0.0,63.5,2.9410882339705484,1.05,0.21794494717703372,4.05,0.6689544080129826,0
947,0.9371377160283089,0.022242542285828316,0.014399540428394465,0.006402221039614699,0.0005729020620277908,0.00021381837529578423,100.0,0.0,63.3,3.0182776545573144,1.075,0.23848480035423641,4.1,0.7681145747868608,0
948,0.9384625524936123,0.02145699197969496,0.014643886228377872,0.005842922633193456,0.0005561628655011859,0.000228399994905319,100.0,0.0,62.4,2.4979991993593593,1.1,0.3,4.1,0.8306623862918076,0
949,0.9374913292282073,0.022818495609329952,0.014441070067160866,0.005774115802346821,0.0005790230574791359,0.00022697506962538348,100.0,0.0,62.7,3.536947836765479,1.05,0.21794494717703372,4.15,0.5722761571129799,0
950,0.9373525934064215,0.02154984549820752,0.014276109108362207,0.0060403106770659425,0.0005836925416561913,0.00019756556059616177,100.0,0.0,62.3,3.083828789021855,1.15,0.3570714214271425,4.2,0.6782329983125269,0
951,0.9375032486851771,0.023759079381217824,0.014909335543081218,0.006582996054034678,0.0005642359979875478,0.0002409429551535641,100.0,0.0,63.95,2.8013389655662877,1.0,0.0,4.45,1.0712142642814273,0
952,0.9358643771246136,0.025777560077469185,0.014855384513557654,0.005912003186344501,0.0005862360930620705,0.00024816342517271694,100.0,0.0,63.85,3.259984662540608,1.075,0.23848480035423641,4.15,0.5722761571129799,0
953,0.9404900633466783,0.02009113185302608,0.014846043047624425,0.005622763744054625,0.0005264170959225418,0.0001979617522185307,100.0,0.0,62.2,2.803569153775237,1.15,0.3570714214271425,4.4,0.7999999999999999,0
954,0.9434158629963706,0.02038019982229802,0.014551236525279046,0.0060741756145575405,0.0004972757042070832,0.0002422575531902913,100.0,0.0,63.35,2.9542342493444895,1.125,0.3112474899497183,4.35,1.061838029079765,0
955,0.9437470832534147,0.015584717051191889,0.015121470865736472,0.006752135276712546,0.0004783879563901804,0.0001426813372412655,100.0,0.0,63.8,3.0430248109405875,1.1,0.3,4.2,0.5099019513592784,0
956,0.940114441829493,0.020447234632423004,0.015055743776897093,0.007081936402673572,0.0005288965887941499,0.00020836865955591,100.0,0.0,63.55,2.6734808770589704,1.0,0.0,4.25,0.7664854858377946,0
957,0.9396991501313746,0.022185201960338803,0.015854260831136502,0.006676663201713117,0.0005158677193268302,0.00024974088263032357,100.0,0.0,63.65,2.4753787588973126,1.05,0.21794494717703367,4.2,0.7483314773547882,0
958,0.9435884908874013,0.017290373622146412,0.014210439514274462,0.0063479873730335696,0.0004960589851169517,0.00021817036489796303,100.0,0.0,63.75,2.5273503912200224,1.05,0.21794494717703372,4.55,0.8046738469715541,0
959,0.9424778017866107,0.01551401618634038,0.015149384937490264,0.006392189212634902,0.0004987183668860332,0.00019060841980358498,100.0,0.0,63.35,3.8765319552404045,1.1,0.3,4.25,0.698212002188447,0
960,0.9424307315636481,0.019169900353604732,0.015490637138957323,0.006682502109070221,0.0004891943536543596,0.0001971565313100657,100.0,0.0,62.55,2.7106272336859605,1.05,0.21794494717703372,4.3,0.8426149773176358,0
961,0.9459639254012655,0.02038892509084085,0.01620002099561588,0.007467903605040835,0.00042957577341868545,0.0001704152150705861,100.0,0.0,63.85,2.632014437650371,1.1,0.3,4.35,0.7262919523166975,0
962,0.943920081578592,0.022821925416068336,0.016635947316330658,0.008329001439444431,0.0004382439740389893,0.0001701607829984646,100.0,0.0,62.9,2.0712315177207983,1.025,0.10897247358851683,4.15,0.6538348415311012,0
963,0.9413205999474608,0.024675351132574873,0.017685028048516516,0.00891194312728181,0.00044948387601234923,0.00020811679710914,100.0,0.0,64.6,3.1208973068654466,1.1,0.3,4.1,0.7681145747868608,0
964,0.9404313315010674,0.026022141571981783,0.018162205371899533,0.009058042640416684,0.00045391943246729803,0.0002294664717759622,100.0,0.0,63.6,3.7067505985701277,1.1,0.3,4.4,0.9165151389911679,0
965,0.938965107591104,0.02276903439519081,0.018348030897706615,0.008922259763573782,0.00046830210791774823,0.00016915902098555877,100.0,0.0,62.4,2.6907248094147422,1.1,0.3,4.1,0.7000000000000001,0
966,0.9368076401597044,0.02254035866321,0.018552393224426655,0.00907351122719089,0.00048359195744874264,0.00017042478372123778,100.0,0.0,63.7,3.0512292604784714,1.075,0.23848480035423641,4.05,0.49749371855331004,0
967,0.9375235845369657,0.022118513707327484,0.01877677784830435,0.008024787223140857,0.0004807367166862076,0.0002194076952545861,100.0,0.0,63.15,3.2291639784935047,1.05,0.21794494717703372,4.15,0.8529361054615991,0
968,0.939279597034251,0.02092793583742274,0.017517307140829046,0.007463652122593461,0.000491488948146041,0.000203864593825275,100.0,0.0,62.5,2.3345235059857505,1.0,0.0,4.15,0.7262919523166976,0
969,0.9327323379195297,0.02301237412417159,0.017121862676881566,0.0071904215401846225,0.000587507328679872,0.00021162756535562385,100.0,0.0,63.25,2.56661255354212,1.05,0.21794494717703372,4.35,0.7262919523166976,0
970,0.9299586581592145,0.02514406146343872,0.017150969662266195,0.007888727710512375,0.0006310651366308818,0.0002874406294584428,100.0,0.0,64.2,3.6414282912066254,1.075,0.23848480035423641,4.15,0.6538348415311009,0
971,0.9335890880472892,0.023342847920492304,0.017338653421680925,0.007608210316046657,0.0005719643766516734,0.000204648742503102,100.0,0.0,62.85,2.9372606285449034,1.15,0.3570714214271425,4.4,0.66332495807108,0
972,0.9329550107073343,0.024476659634213162,0.0152775878327332,0.008632143844023586,0.000596903286961093,0.00021693572273044566,100.0,0.0,64.15,3.070423423568808,1.025,0.10897247358851683,4.2,0.6782329983125268,0
973,0.9356711217969964,0.02214062765531015,0.014075523674104381,0.00782238508769307,0.0005935562527562661,0.0002659116266131452,100.0,0.0,62.5,2.819574435974337,1.025,0.10897247358851683,4.4,0.4898979485566356,0
974,0.9338085115814959,0.024413038551380287,0.014541425794444948,0.009219990545757227,0.0005879752819461213,0.0002424071983472845,100.0,0.0,64.3,2.7766886753829647,1.05,0.21794494717703372,4.2,0.8717797887081347,0
975,0.9337092553757168,0.022365005043509377,0.015234835402106633,0.008572981873638965,0.0005783002806059595,0.00021454336874529977,100.0,0.0,63.5,2.5,1.05,0.2179449471770337,4.2,0.812403840463596,0
976,0.9322385528123182,0.023318776319264458,0.015436994666710769,0.008239157118209594,0.0006066151677285522,0.00019026064794887875,100.0,0.0,63.95,3.2167530212933664,1.0,0.0,4.4,0.7348469228349533,0
977,0.9349666035058757,0.025529337720541338,0.01665805674889334,0.008956778808826116,0.0005465237705479043,0.00020920261600681687,100.0,0.0,62.9,2.861817604250837,1.075,0.23848480035423641,4.45,0.5894913061275798,0
978,0.933932079525424,0.022737586854889132,0.015681981773535834,0.008963784305559826,0.0005704885889600199,0.0001891393605084639,100.0,0.0,63.15,3.91503512117069,1.1,0.3,4.1,0.5385164807134504,0
979,0.9335904511079836,0.02144754137893912,0.017702448657012024,0.008140576416362042,0.0005440480857959581,0.00017599336008552197,100.0,0.0,63.6,3.8131351929875237,1.1,0.3,4.3,0.6403124237432849,0
980,0.9374164661157514,0.018790635629225692,0.016137450582211093,0.008229290540336985,0.0005218298267577346,0.00017958591718584342,100.0,0.0,62.85,2.495495942693556,1.1,0.3,4.3,0.9,0
981,0.9377091151991739,0.01862020914203763,0.015272210321222297,0.007942937482331994,0.0005358908983668316,0.00019274524402542882,100.0,0.0,63.85,2.706935536727833,1.075,0.23848480035423641,4.2,0.6,0
982,0.9405487217463071,0.023071996793940234,0.01484601275436206,0.008601634342195274,0.0005023575229658628,0.00020710323923706824,100.0,0.0,63.7,2.703701166919155,1.025,0.10897247358851683,4.35,0.7921489758877431,0
983,0.9390203082682687,0.024019755789775915,0.015263496915237217,0.007594100599481245,0.0005391322203955311,0.0002704572554202076,100.0,0.0,63.0,3.0,1.125,0.3112474899497183,4.25,0.7664854858377946,0
984,0.933296529011568,0.022213523460081194,0.015472524122386071,0.0070166668314084295,0.0006103935729317769,0.0002536489041327495,100.0,0.0,63.2,3.171750305430741,1.05,0.21794494717703372,4.25,0.8874119674649424,0
985,0.9352033798601731,0.01963169276277261,0.015705500444712268,0.006472619097798503,0.0005721493764314874,0.00018764355485907988,100.0,0.0,63.15,3.0376800358168077,1.1,0.2549509756796392,4.0,0.4472135954999579,0
986,0.9373850907208784,0.01891318559929807,0.014089948310052895,0.0052534584580101115,0.0005823345015062291,0.00020916672366210308,100.0,0.0,64.6,4.042276586281548,1.1,0.3,4.0,0.5477225575051661,0
987,0.9380305079011517,0.025240662370430145,0.014370726296775615,0.006582469695503219,0.0005643751424142335,0.0002504902715019761,100.0,0.0,63.4,2.5961509971494343,1.1,0.3,4.35,0.7262919523166975,0
988,0.9358076018906166,0.02557029316785614,0.013921357801717363,0.0060662039464403445,0.0005998915170853096,0.0002730611695210293,100.0,0.0,64.0,2.4289915602982237,1.0,0.0,4.1,0.7000000000000001,0
989,0.9364010410524756,0.02624547227410281,0.015848976087787264,0.006097381946788705,0.0005734260101560166,0.00028535119101115756,100.0,0.0,63.45,2.692118125194361,1.05,0.21794494717703372,4.35,0.7921489758877431,0
990,0.9311864597756305,0.021393020805505408,0.01643811538129541,0.0062291918922919125,0.0006188810378452818,0.00023350603036600376,100.0,0.0,62.95,2.1558061137310096,1.0,0.0,4.15,0.8529361054615991,0
991,0.9298665517340187,0.027903305133249668,0.015183781269829305,0.0061766803221939065,0.0006561518250359288,0.0003178169881457352,100.0,0.0,63.3,3.333166662499792,1.075,0.23848480035423641,4.35,0.9096702699330127,0
992,0.932408950304928,0.027543120480023824,0.014527351413298934,0.006314162466265171,0.0006361733613256739,0.000278417311222363,100.0,0.0,63.55,2.747271373563231,1.15,0.3570714214271425,4.3,0.714142842854285,0
993,0.9384486443025244,0.025704001686629327,0.015512252528298789,0.0058188903361892,0.0005394550865754817,0.00024151188333341062,100.0,0.0,63.65,3.305676935213119,1.0,0.0,4.35,0.9630680142129111,0
994,0.9353214837220809,0.024210686285830205,0.014992830639103505,0.006483576112258655,0.0005818219588764187,0.00023528788653015672,100.0,0.0,62.85,3.5110539728121526,1.125,0.3112474899497183,4.15,0.5722761571129799,0
995,0.9332214797057556,0.02400796673499897,0.014368995558475331,0.006829973743508098,0.0006128922316957856,0.00023062668803111607,100.0,0.0,64.0,3.605551275463989,1.025,0.10897247358851683,4.15,0.47696960070847283,0
996,0.9353045908742381,0.023014337872083762,0.014326680227556,0.0070908563542902165,0.0005932766973990178,0.0002403291072248192,100.0,0.0,63.2,3.2649655434629015,1.05,0.21794494717703372,4.25,0.5361902647381804,0
997,0.9391535628883514,0.020643040527421497,0.013825370585837252,0.006485780998008803,0.0005513107704085247,0.00018481023823125416,100.0,0.0,63.5,1.8303005217723127,1.0,0.0,4.05,0.6689544080129826,0
998,0.9391027927847633,0.023226607573330258,0.014142167917162838,0.006149907349583553,0.0005621979306708841,0.00021690974957232358,100.0,0.0,62.7,3.874274125562103,1.1,0.3,4.15,0.5722761571129799,0
999,0.9424706034200657,0.020868884524248836,0.013370575326000727,0.0066911768598562,0.0005255969590859013,0.00020308793363002072,100.0,0.0,63.15,3.2446109165815247,1.025,0.10897247358851683,4.2,0.7483314773547883,0
