generation,mean_fitness_mean,mean_fitness_std,distance_from_optimum_mean,distance_from_optimum_std,phenotype_variance_mean,phenotype_variance_std,population_size_mean,population_size_std,n_parents_mean,n_parents_std,median_offspring_mean,median_offspring_std,max_offspring_mean,max_offspring_std,extinct_count
0,0.6735759407880908,0.033271908278429435,0.01715038281164811,0.0073814534167869995,0.004638958459681004,0.0006847424499837606,100.0,0.0,63.0,2.9154759474226504,1.15,0.3570714214271425,4.25,0.6224949798994366,0
1,0.7353799489459313,0.03328605532280394,0.01873788666045419,0.006972426112791365,0.00338615618819567,0.0004947965422191016,100.0,0.0,63.8,1.9899748742132402,1.0,0.0,4.35,0.6538348415311012,0
2,0.7793110667403687,0.036388164284098655,0.018228617495290207,0.008474291398479923,0.002624244652467294,0.0005035158832407363,100.0,0.0,63.75,2.947456530637899,1.05,0.2179449471770337,4.05,0.4974937185533099,0
3,0.8187591366953493,0.04518445351545237,0.018387527270241195,0.007230899513933877,0.002012311995805303,0.0004973158488617589,100.0,0.0,62.2,3.1080540535840107,1.125,0.3112474899497183,4.2,0.6782329983125269,0
4,0.834235278308704,0.04777669351852797,0.0159853104569432,0.006687249478274383,0.0018168664642826203,0.000556600942205394,100.0,0.0,63.1,2.3853720883753127,1.05,0.21794494717703372,4.2,0.9797958971132711,0
5,0.8526489348052907,0.046173630988238366,0.013591898772678149,0.0067779250404752,0.0016140012810784738,0.0005375885569960742,100.0,0.0,63.6,2.8530685235374214,1.05,0.21794494717703372,4.55,0.9733961166965892,0
6,0.8634832573624539,0.05108859140117919,0.013747733137541046,0.006343434615703801,0.001468384359149452,0.0006122210862340468,100.0,0.0,63.55,2.4181604578687494,1.075,0.23848480035423641,4.15,0.6538348415311012,0
7,0.8693693631200408,0.04443543405111857,0.014626494229781826,0.0061368025853156555,0.0013772955376068889,0.0005341970425853094,100.0,0.0,64.05,2.9744747435471695,1.05,0.2179449471770337,4.0,0.5477225575051661,0
8,0.8780975655733572,0.04248942679925639,0.015063475602316249,0.007369716831970881,0.0012449431523887725,0.0005309908160557039,100.0,0.0,64.25,2.118372016431486,1.025,0.10897247358851683,4.3,0.9,0
9,0.8816585897446613,0.04266267830452019,0.014789149568503478,0.006527214789007298,0.0012288583047659874,0.0005397535277196194,100.0,0.0,63.7,2.5317977802344327,1.025,0.10897247358851683,4.4,0.9695359714832658,0
10,0.8807912712178869,0.03820666989592782,0.015881055050742568,0.009116288389967956,0.001205209674696023,0.000444857952365518,100.0,0.0,63.1,2.681417535558384,1.125,0.3112474899497183,4.25,0.698212002188447,0
11,0.8889420177872452,0.032291554484094424,0.01719971987355772,0.008011367021443883,0.0010686405581233458,0.0003821838499983018,100.0,0.0,64.7,2.3473389188611007,1.0,0.0,4.25,1.0428326807307104,0
12,0.8873774204119573,0.03732632725316932,0.015402018043940147,0.007267621471088582,0.001142103808737214,0.0004982867074440801,100.0,0.0,63.15,3.902242944769072,1.2,0.3674234614174767,3.95,0.49749371855331004,0
13,0.8915325456382872,0.030359249429297432,0.015784385698528813,0.005918593359902465,0.0010770992929547778,0.00039987055449928815,100.0,0.0,62.4,3.916631205513228,1.15,0.3570714214271425,4.45,0.5894913061275798,0
14,0.8955363563536298,0.028648731977768255,0.017305672074564946,0.007396462712870552,0.001000251566439386,0.00035472701354696725,100.0,0.0,62.5,3.427827300200522,1.075,0.23848480035423641,4.15,0.6538348415311012,0
15,0.900620318714745,0.02803037659026563,0.01575129578870841,0.0069684873514889115,0.0009559801071890377,0.0003724655737368663,100.0,0.0,62.7,2.8653097563788807,1.1,0.2549509756796392,4.4,0.6633249580710799,0
16,0.8960728942999399,0.03630446909182089,0.016684760254764598,0.008111875386198435,0.0009918191572195092,0.0004866457526552057,100.0,0.0,64.15,3.2905166767545793,1.05,0.21794494717703372,4.0,0.8366600265340756,0
17,0.8976720384843466,0.03211793053947102,0.017224703240120785,0.008655022201276648,0.0009694947998028023,0.00040963887192713903,100.0,0.0,63.65,2.5937424698685874,1.05,0.21794494717703372,3.85,0.3570714214271425,0
18,0.8987070334400235,0.033036943555937275,0.015629768876980744,0.008831315976326753,0.0009777880114511714,0.0004703251059221472,100.0,0.0,63.75,2.662235902394827,1.05,0.21794494717703372,4.2,0.8717797887081348,0
19,0.9036053543299787,0.027437677707148705,0.015495808448835052,0.009749916005593868,0.0008970586651100363,0.00037424439497394415,100.0,0.0,63.1,3.766961640367472,1.1,0.3,4.4,0.6633249580710799,0
20,0.9045057976568979,0.027645804854086582,0.018162795353155622,0.007802869802101482,0.0008730114724722973,0.00040098657856650974,100.0,0.0,62.5,2.5592967784139455,1.0,0.0,4.25,0.6224949798994366,0
21,0.9077386298522019,0.025262214412939018,0.01726623299098284,0.008138170723186434,0.0008451392005659466,0.00032268434698087817,100.0,0.0,64.4,2.615339366124404,1.025,0.10897247358851683,4.15,0.653834841531101,0
22,0.9088431236208413,0.02623836053267122,0.01742944557964139,0.006056022613996591,0.0008432420966797514,0.0003403115116237378,100.0,0.0,64.3,3.287856444554719,1.0,0.0,4.1,0.7000000000000001,0
23,0.9095005084848209,0.028951459771442818,0.015445221555070271,0.0069708764064682965,0.000863443673329505,0.00039269925651083085,100.0,0.0,63.6,3.32264954516723,1.1,0.3,4.4,0.7999999999999999,0
24,0.9145872143354913,0.025491106561253016,0.016392800825295716,0.008259457318070764,0.0007738012742998311,0.000279667765185248,100.0,0.0,62.1,2.022374841615669,1.1,0.3,4.35,0.8529361054615991,0
25,0.9139799285443233,0.026998524131848046,0.017897911433606802,0.008055823359549753,0.0007537768831634133,0.0003006999721385154,100.0,0.0,63.9,2.5475478405713994,1.05,0.21794494717703372,4.15,0.7262919523166976,0
26,0.9186918446545557,0.026652783828617427,0.016404632341984436,0.008825481702859064,0.0007197938312454623,0.00028817861095396536,100.0,0.0,64.15,2.4550967394381837,1.0,0.0,4.05,0.5894913061275798,0
27,0.917406611077271,0.02730487035755149,0.016648677427427823,0.008451785255092742,0.0007383691571863975,0.0003249656569794978,100.0,0.0,63.0,1.8973665961010275,1.0,0.0,4.25,0.7664854858377946,0
28,0.9146280784167814,0.02368758004450915,0.017422275010108127,0.008954237909077952,0.0007537252338684921,0.00028333958069666894,100.0,0.0,63.45,3.0573681492420897,1.075,0.23848480035423641,4.05,0.49749371855331,0
29,0.9137102642821706,0.02230770768623375,0.017138008220720233,0.006463332302451431,0.0007845930740514321,0.0002696513790304998,100.0,0.0,63.55,3.169779172119093,1.0,0.0,4.4,0.7999999999999999,0
30,0.9118838747726983,0.02402081248199609,0.018157714451967618,0.007121357369646438,0.0007925409883252337,0.0002725981268341452,100.0,0.0,63.85,2.7069355367278325,1.05,0.21794494717703372,4.3,0.6403124237432849,0
31,0.91588107952635,0.022040268491337476,0.017689873159472798,0.007256800641788487,0.0007473159261858614,0.00023340123192967124,100.0,0.0,63.25,3.5899164335677787,1.05,0.15,4.1,0.8306623862918074,0
32,0.916995127466677,0.024431562921981884,0.018283104696744115,0.006627648492064208,0.0007266635749509308,0.0002613552374971677,100.0,0.0,62.8,2.6381811916545836,1.05,0.21794494717703372,4.05,0.5894913061275798,0
33,0.9198457156422435,0.023021183179223213,0.017082692380757273,0.006217244033702863,0.0007153636726187435,0.0002654987386667543,100.0,0.0,63.9,3.8327535793473597,1.0,0.0,4.1,0.8888194417315588,0
34,0.9194085559434122,0.027890752019760268,0.01723469808697724,0.00572204720495367,0.000722445834885456,0.00033206959378129713,100.0,0.0,62.85,3.4536212878658255,1.075,0.23848480035423641,4.35,0.7262919523166975,0
35,0.9192812192313156,0.026120419595868673,0.015888585591994374,0.007728377339809187,0.0007400719758652079,0.0003019511122011009,100.0,0.0,63.95,3.3537292675468007,1.075,0.23848480035423641,4.15,0.4769696007084728,0
36,0.9254007527122295,0.027372571311799723,0.016446897933526054,0.0069933169477759335,0.0006647063096258605,0.0002996210388320326,100.0,0.0,63.55,3.089902911096076,1.1,0.3,4.35,0.792148975887743,0
37,0.9284326409075223,0.02510524379423309,0.01662993318411613,0.007717691463761107,0.0006119816690092526,0.0002469748203802445,100.0,0.0,63.5,2.8548204847240397,1.125,0.3112474899497183,4.3,0.714142842854285,0
38,0.9266102898089305,0.02970736627740293,0.016560002939945858,0.0075891100435606556,0.0006389949188700377,0.0003087501852088918,100.0,0.0,63.55,2.854382595238418,1.0,0.0,4.3,0.6403124237432849,0
39,0.9242221305346829,0.029156833225991472,0.016155824936392643,0.007813155588438885,0.0006734007219643902,0.0002993222660586329,100.0,0.0,63.5,2.5592967784139455,1.025,0.10897247358851683,4.15,0.653834841531101,0
40,0.9286666752597792,0.03137911523218936,0.016943191257802213,0.008830397379237038,0.000598073006480903,0.0003083737385518092,100.0,0.0,63.75,3.672533185690771,1.025,0.10897247358851683,3.9,0.6244997998398398,0
41,0.9267199038675795,0.025608516513778736,0.017364974761728814,0.00859930480503056,0.0006152951864823692,0.0002686038267003735,100.0,0.0,63.35,2.554897258208243,1.0,0.0,4.05,0.6689544080129826,0
42,0.9320586996408762,0.02404110632850618,0.01727082706038919,0.00854225347484648,0.0005519548670692717,0.0002874603859328566,100.0,0.0,62.85,3.5535193822462827,1.025,0.10897247358851683,4.15,0.7921489758877431,0
43,0.929871379534679,0.023861050692752243,0.018338158822139128,0.008040316881657319,0.0005686718422227806,0.0002420555011821743,100.0,0.0,63.15,3.5252659474144643,1.05,0.21794494717703372,4.35,0.9096702699330126,0
44,0.9298779768869088,0.02190031317374746,0.017769909448391345,0.007939562521060366,0.0005785182798752146,0.0002390949605323231,100.0,0.0,64.35,3.4391132578035286,1.05,0.21794494717703372,4.2,1.0770329614269007,0
45,0.9271394455516081,0.026819119867773543,0.018220273254982114,0.008319218619254791,0.0006158420070057531,0.0003656198430775571,100.0,0.0,64.0,3.271085446759225,1.05,0.21794494717703372,4.4,0.66332495807108,0
46,0.9322798409664615,0.018131740056518266,0.017688686492903682,0.008987645784047968,0.0005423875271783458,0.0001795765649381113,100.0,0.0,64.0,2.32379000772445,1.025,0.10897247358851683,4.05,0.5894913061275798,0
47,0.9367474979714789,0.016945054941886493,0.017434333783606308,0.0074257655235194595,0.0005126209496424132,0.00017833755648355957,100.0,0.0,62.95,3.3387872049593095,1.075,0.23848480035423641,4.25,0.7664854858377946,0
48,0.9356722670428889,0.019122179203517765,0.017745168034643488,0.00795908549622777,0.0005128503297245795,0.00018961380413908655,100.0,0.0,63.8,3.3406586176980126,1.05,0.21794494717703372,4.0,0.5477225575051661,0
49,0.9371306343925211,0.02137783964061887,0.01704430046284097,0.008866913025428146,0.0005067335710862109,0.00018842233272405118,100.0,0.0,63.2,2.6758176320519302,1.05,0.2179449471770337,4.1,0.6244997998398398,0
50,0.9371708102825366,0.017435039499885896,0.017105912044491394,0.00850361405809021,0.000503598894662831,0.00016569591841820696,100.0,0.0,64.4,2.8,1.05,0.15,4.0,0.8366600265340756,0
51,0.9336973059856261,0.017484815866239428,0.018339555654661076,0.008804665247553092,0.0005252368836845921,0.0001766328279246441,100.0,0.0,62.7,3.874274125562103,1.125,0.3112474899497183,4.5,0.5916079783099616,0
52,0.9350482252735357,0.02266187145317968,0.01665039583182889,0.00844859500220789,0.0005543738192879614,0.0002051097502461911,100.0,0.0,64.45,3.2935543110748915,1.0,0.0,4.5,0.9746794344808963,0
53,0.9364036620067775,0.02444004448538435,0.016818706508028552,0.008578344862939007,0.000521644517203633,0.00021450304741935078,100.0,0.0,62.95,2.376446927663229,1.075,0.23848480035423641,4.35,0.47696960070847283,0
54,0.9340910078143138,0.024370728826883608,0.016841820590877292,0.007667037686616292,0.0005548382774421328,0.00024071038352781475,100.0,0.0,62.55,3.5563323804166562,1.1,0.2549509756796392,4.55,0.5894913061275798,0
55,0.9328853734515379,0.027687532071663797,0.016883804289295527,0.007853928873177589,0.0005740744654630591,0.0002442855933877168,100.0,0.0,64.05,3.57036412708844,1.05,0.21794494717703372,4.1,0.6244997998398398,0
56,0.9317225079553643,0.030080318356545458,0.016212645340404445,0.007918182838491777,0.0006053551456875323,0.0003154110945617919,100.0,0.0,63.5,3.0083217912982647,1.0,0.0,3.95,0.3840572873934304,0
57,0.933857526514411,0.030739831755220968,0.015951666836163555,0.006711002280929669,0.0005923018054869016,0.0003036134150866445,100.0,0.0,62.4,3.2619012860600183,1.075,0.23848480035423641,4.35,0.5722761571129799,0
58,0.9379014177146537,0.025493806432466917,0.01597042743876647,0.005791168655644723,0.0005375771341943824,0.00024281644878202776,100.0,0.0,63.25,2.9979159427842537,1.125,0.3112474899497183,4.2,0.6,0
59,0.9368810618170972,0.01973405526713975,0.01582157708476287,0.0064867912428053145,0.0005538147148539861,0.00019519628494161194,100.0,0.0,62.95,2.4181604578687494,1.1,0.3,4.35,0.7262919523166975,0
60,0.939916992848531,0.02080986014914392,0.015068583514913155,0.006545687487966509,0.0005187496199161358,0.000208920445333407,100.0,0.0,64.3,2.685144316419511,1.05,0.2179449471770337,4.2,0.6,0
61,0.9392886464126475,0.020385195583412966,0.015274572989233386,0.007046084832819141,0.000533536873748708,0.00022171413076001,100.0,0.0,63.6,2.817800560721074,1.05,0.21794494717703372,4.1,0.5385164807134504,0
62,0.9388343388018322,0.02313956695797634,0.015253023969188487,0.007012864065928161,0.000529471694943386,0.00023977270960765483,100.0,0.0,63.85,2.7253440149823285,1.05,0.21794494717703372,4.05,0.739932429347437,0
63,0.9362472871248195,0.01987103205460732,0.015460679065320313,0.007018166755724226,0.0005575528354402903,0.00022964602324583867,100.0,0.0,62.0,2.6457513110645907,1.1,0.3,4.5,1.0723805294763609,0
64,0.9358939903068878,0.022923323227299505,0.017021074116925,0.007364454932172366,0.0005317577421435286,0.00022677289226894398,100.0,0.0,63.1,3.576310948449533,1.0,0.0,4.25,0.7664854858377946,0
65,0.9338816962834136,0.022920180226561646,0.0177517648074589,0.007668014703145632,0.0005412029733695374,0.0002081178413071623,100.0,0.0,63.95,2.8892040426387333,1.0,0.0,4.25,0.8874119674649424,0
66,0.9337155335432644,0.020035032564359557,0.01895694441858075,0.0071705113804216665,0.0005274703760583362,0.00020262459203755184,100.0,0.0,63.45,2.5782746168707473,1.1,0.3,4.05,0.739932429347437,0
67,0.9344751439631089,0.022273519731913542,0.017799948008406827,0.008242359832874153,0.0005305884227347656,0.00023771297484685762,100.0,0.0,62.65,3.7719358425084595,1.1,0.3,4.1,0.5385164807134504,0
68,0.9356779422847377,0.02185714321940731,0.01710762947332822,0.00883026140642347,0.000518154906956955,0.0002266972147483062,100.0,0.0,63.15,2.7436289836637897,1.075,0.23848480035423641,4.25,0.6224949798994366,0
69,0.938268541462066,0.021178488288233127,0.01728469759658445,0.009775071454734711,0.0004788156303328574,0.00018969432153258145,100.0,0.0,63.7,2.4919871588754225,1.05,0.21794494717703372,3.95,0.5894913061275798,0
70,0.9383933829021199,0.022529716550885752,0.017340721925234073,0.008520639954793883,0.00048744691758245495,0.00021055769246573324,100.0,0.0,64.6,3.3823069050575523,1.05,0.21794494717703372,4.1,0.8306623862918076,0
71,0.9398690987981597,0.02171775687247011,0.017745260944727066,0.007891974416748021,0.0004682484590525512,0.0002201884507402019,100.0,0.0,63.8,2.1587033144922905,1.0,0.0,4.2,0.7483314773547883,0
72,0.9357336073885396,0.02335463357675022,0.017380718200671434,0.008600438047593579,0.0005224210088685134,0.00020618885301583933,100.0,0.0,63.4,2.7459060435491964,1.075,0.23848480035423641,4.15,0.7262919523166976,0
73,0.9390856809424981,0.021219481716848766,0.017433303376000207,0.00892497266939755,0.0004653115197572502,0.00015196397000290078,100.0,0.0,62.95,2.747271373563231,1.1,0.3,4.5,0.806225774829855,0
74,0.9379130681219581,0.022362460397859225,0.016518862641293604,0.007645297890202116,0.0005099955000018557,0.00018617743737835404,100.0,0.0,63.7,1.8734993995195195,1.125,0.3112474899497183,4.15,0.5722761571129799,0
75,0.9358617349326839,0.026148951431838444,0.014862247293278275,0.008466731892608768,0.0005610746543982648,0.00028162637248354877,100.0,0.0,63.35,2.372235232855292,1.2,0.4,4.25,0.7664854858377946,0
76,0.9380389518241001,0.02398889151109459,0.013658325719284034,0.007873554432468132,0.0005604233701020002,0.00026585263023157343,100.0,0.0,63.85,3.1980462785894765,1.125,0.3112474899497183,4.05,0.49749371855331004,0
77,0.9378327286490391,0.019644097136215052,0.014516395121306475,0.008042275556962247,0.0005515208401163849,0.00020862795250413207,100.0,0.0,62.45,2.5975950415721076,1.025,0.10897247358851683,4.45,0.8046738469715541,0
78,0.9390377871067261,0.021482275651772912,0.014988659978572915,0.0073436168246036335,0.0005308840933396443,0.0002195016943355091,100.0,0.0,63.4,3.2155870381627056,1.125,0.3112474899497183,4.25,0.698212002188447,0
79,0.9341543505668444,0.02451530469773383,0.014621324962764148,0.008766498779352185,0.0005874090803979995,0.00024021093691843366,100.0,0.0,62.65,3.7453304260105007,1.025,0.10897247358851683,4.25,0.698212002188447,0
80,0.9326984455631259,0.022386695155714086,0.014550938046448253,0.008223669331158909,0.0006086188958840632,0.00021074609393418673,100.0,0.0,62.65,3.785168424258028,1.05,0.21794494717703372,4.1,0.5385164807134504,0
81,0.9315805406901371,0.02668564548136662,0.014233747539249613,0.007909037139529465,0.0006332185460546272,0.00025895780534033764,100.0,0.0,63.4,3.1208973068654475,1.0,0.0,4.45,0.5894913061275798,0
82,0.9307038037727136,0.024142610173018178,0.013978520283336274,0.008182020692889298,0.0006508525388614801,0.00026686464316551066,100.0,0.0,63.35,3.1666228067138023,1.025,0.10897247358851683,4.3,0.9539392014169457,0
83,0.9334815009338842,0.019738249277676007,0.012210527534324282,0.008987080180129023,0.0006168745887618487,0.00019952767167232243,100.0,0.0,62.5,3.170173496829472,1.0,0.0,4.45,0.6689544080129827,0
84,0.932087607672244,0.025456135124770782,0.012659326304282733,0.00869340225757013,0.0006439675020210263,0.00030981987974736444,100.0,0.0,64.3,2.5709920264364885,1.025,0.10897247358851683,4.15,0.792148975887743,0
85,0.9301815728040259,0.02566855000848766,0.013448337534730301,0.007845282209102647,0.000658181266382794,0.0003147382236937092,100.0,0.0,62.4,3.4263683398023628,1.125,0.3112474899497183,4.45,0.9205976319760985,0
86,0.9308150694730957,0.02166320284279195,0.013969074623760657,0.008089514286837716,0.0006435685174361041,0.000281333246189175,100.0,0.0,64.35,2.95423424934449,1.0,0.0,4.15,1.0136567466356647,0
87,0.9251431265826631,0.020519425794764446,0.013957327890595492,0.008232211628643215,0.0007110437494034342,0.0002745264043995756,100.0,0.0,62.75,2.7179955849853767,1.0,0.0,4.25,0.698212002188447,0
88,0.9280734923219901,0.02237210204642996,0.014022975094188515,0.00768278284611144,0.0006767082410780969,0.0002973440433722295,100.0,0.0,63.5,2.9748949561287032,1.0,0.0,4.25,0.698212002188447,0
89,0.9304472606178074,0.02186511807924516,0.01584929841427384,0.007665501680491282,0.0006176522406322073,0.00024113541360765994,100.0,0.0,64.35,2.393219588754864,1.05,0.21794494717703372,4.2,0.7483314773547883,0
90,0.9361694299760638,0.02141128980133565,0.0151254437508847,0.008053977147726986,0.0005556144262028803,0.00021184174518836454,100.0,0.0,65.3,3.1638584039112754,1.0,0.0,4.0,0.7745966692414834,0
91,0.9343479326042333,0.02362479633313236,0.015430721311969856,0.007286900807924842,0.0005793145228981573,0.0002525951379740363,100.0,0.0,62.15,3.811495769379785,1.2,0.3674234614174767,4.2,0.8717797887081347,0
92,0.9347279389841423,0.024785087911956234,0.016028864018971457,0.008756796734169266,0.0005609564380348147,0.00028316803974136616,100.0,0.0,63.3,3.116087290176577,1.025,0.10897247358851683,4.35,0.6538348415311012,0
93,0.9379066258230028,0.024230589353062014,0.015288811574495947,0.007864321228462545,0.0005333630296213396,0.0002650250328186409,100.0,0.0,64.7,2.8478061731796287,1.05,0.21794494717703372,4.1,0.8306623862918074,0
94,0.9408048779649594,0.02583872096739973,0.01462580436719447,0.008916402374641821,0.0004969521445479435,0.00026201430337334275,100.0,0.0,62.3,3.0182776545573144,1.1,0.3,4.45,0.6689544080129827,0
95,0.9368111099482274,0.02963249328209673,0.01548345785367689,0.008184166822208155,0.0005422172975043124,0.00031708096402549037,100.0,0.0,63.65,2.903015673398957,1.0,0.0,4.3,0.5567764362830022,0
96,0.9368235108288117,0.025285625144594957,0.015905488364999696,0.007418298873401283,0.0005355212367053649,0.00027373173890338204,100.0,0.0,64.35,3.3507461855533016,1.075,0.23848480035423641,4.0,0.6324555320336759,0
97,0.9343815183772064,0.022043940652582524,0.014455019656526406,0.007993283280883666,0.0005869132758620787,0.00025306189134052185,100.0,0.0,63.7,3.3481338085566414,1.15,0.3570714214271425,4.4,0.7348469228349535,0
98,0.9340123871187981,0.022226087985130913,0.015004866679083854,0.007774146909548024,0.0005881177205823933,0.00024133296336492348,100.0,0.0,63.25,2.6995369973386176,1.1,0.2549509756796392,4.3,0.7810249675906654,0
99,0.932791922497284,0.017054549416301037,0.014425224351030927,0.007381224802749809,0.0006137211059117222,0.0001816371200379787,100.0,0.0,62.7,3.536947836765479,1.2,0.4,4.1,0.7681145747868608,0
100,0.9296352439472964,0.024437355269409988,0.01474454972386757,0.007575567050992208,0.0006804706440193118,0.0003943848162208071,100.0,0.0,64.1,2.773084924772409,1.0,0.0,4.25,0.8874119674649424,0
101,0.9284401808357888,0.02251733271353045,0.015577429221839018,0.007480887293082026,0.0006703822158162146,0.000302926734628563,100.0,0.0,64.75,1.894069692487581,1.025,0.10897247358851683,4.1,0.7681145747868608,0
102,0.9242517647713022,0.023010736402377337,0.016490956803520137,0.008112187796806043,0.0006997030746077479,0.00032041257220122895,100.0,0.0,63.35,3.758656674930553,1.1,0.3,3.9,0.6244997998398398,0
103,0.9278336703444425,0.02472073792414107,0.01526654207849098,0.008270907730792188,0.000666886657938754,0.0003181059791294045,100.0,0.0,63.95,3.0736785778607367,1.05,0.21794494717703372,4.2,0.6,0
104,0.931221185004714,0.021973115820260628,0.015047343101979301,0.008567397772179259,0.0006234838786815833,0.00031364948670531314,100.0,0.0,64.15,3.5815499438092444,1.15,0.3570714214271425,4.25,0.698212002188447,0
105,0.9306003065588465,0.022469649413889042,0.01585379626327168,0.007615962922475695,0.0006308891058904808,0.00030168971608551007,100.0,0.0,64.3,2.3473389188611007,1.05,0.21794494717703372,4.05,0.804673846971554,0
106,0.9313699026944542,0.01972935177029904,0.01565785306801864,0.007186350025924673,0.0006262818993543826,0.0002924040329839559,100.0,0.0,62.15,1.8241436346954694,1.1,0.3,4.4,0.6633249580710799,0
107,0.9358156430618825,0.01939177278054112,0.016805597967552554,0.006959363465768849,0.0005451616248921544,0.0002252659244384349,100.0,0.0,64.3,3.6891733491393435,1.0,0.0,4.1,0.5385164807134504,0
108,0.9338141450635421,0.021111682382267512,0.016893893535785763,0.00791408424700949,0.0005573962499361392,0.00021244363801892042,100.0,0.0,63.05,3.4709508783617204,1.05,0.15,4.2,0.6,0
109,0.9373204559169709,0.020390878902439093,0.017351645654773186,0.00903791901786377,0.0004955294363257174,0.00018936455857847343,100.0,0.0,61.95,2.6358110706194404,1.025,0.10897247358851683,4.5,1.0723805294763609,0
110,0.9399587487739461,0.021343147981546972,0.016582818908478094,0.009539688697687718,0.00047628679253382917,0.00022266029153225134,100.0,0.0,63.9,2.754995462791182,1.05,0.21794494717703372,4.15,0.8529361054615991,0
111,0.938431105623259,0.022243305312157628,0.017220929939012686,0.007967876266022094,0.0004961719244100974,0.00021964932396527885,100.0,0.0,63.2,3.325657829663178,1.025,0.10897247358851683,4.1,0.8306623862918076,0
112,0.9392812682636935,0.0196729765283376,0.016693716362213323,0.007572329083728753,0.0004920751446131128,0.00018686813515021524,100.0,0.0,64.15,3.118894034750139,1.05,0.21794494717703372,4.25,0.7664854858377946,0
113,0.942238862964379,0.02141924182502868,0.01617293392452154,0.007399890993431982,0.0004729872163829643,0.0001891719653327233,100.0,0.0,63.05,2.7290108097990378,1.125,0.3112474899497183,4.3,0.6403124237432849,0
114,0.9383057076267336,0.021580620782710603,0.015950192215231924,0.0079023509363686,0.0005235782979023972,0.0001758065449767967,100.0,0.0,62.9,3.254228019054596,1.05,0.21794494717703372,4.35,0.7262919523166975,0
115,0.9402759491832942,0.01918203810509722,0.016267203858655904,0.007600023069646204,0.0004906090873987168,0.00016087271330318784,100.0,0.0,63.75,2.6433879775772606,1.025,0.10897247358851683,4.55,0.9733961166965892,0
116,0.9415981723431969,0.02070382168317612,0.01559032894974289,0.00843371794343303,0.00047655119397579037,0.0001800212205538605,100.0,0.0,63.4,2.7820855486487113,1.075,0.23848480035423641,4.15,0.5722761571129799,0
117,0.9412119852067301,0.016480905733427458,0.014858036410801575,0.00806783090858129,0.0005112055079638363,0.00015969768319550233,100.0,0.0,63.55,2.957617284234051,1.05,0.21794494717703372,4.1,0.43588989435406733,0
118,0.9331473878020716,0.023838016150504668,0.016188277409450155,0.008764558911159659,0.0005857206114352743,0.00020574087036803005,100.0,0.0,63.55,3.2167530212933664,1.075,0.23848480035423641,4.0,0.6324555320336759,0
119,0.935388925336731,0.022982231216365088,0.01567178461594406,0.008215107820944945,0.0005554905228440248,0.0002431840083015436,100.0,0.0,62.95,2.246664193866097,1.025,0.10897247358851683,4.25,0.7664854858377946,0
120,0.9395733744770475,0.02137268972930799,0.015486364799513808,0.008080064172144645,0.0005119367603060455,0.00021590255815536006,100.0,0.0,63.1,3.176476034853718,1.075,0.23848480035423641,4.1,0.6244997998398398,0
121,0.9400424125935588,0.02210015178995775,0.015235887229700488,0.007432058661535374,0.0005237036037339245,0.0002460285659461412,100.0,0.0,62.85,2.5937424698685874,1.025,0.10897247358851683,4.4,0.58309518948453,0
122,0.9416081625633236,0.025906138894262146,0.015372480568990576,0.0072470906349157435,0.0005066145003988767,0.00026508954963679065,100.0,0.0,63.95,2.3973944189473704,1.025,0.10897247358851683,4.05,0.5894913061275798,0
123,0.9410325053764694,0.021105776437019212,0.015289013712227639,0.006616767082358466,0.0005134300408684993,0.00020985530406736352,100.0,0.0,62.9,3.548238999842034,1.1,0.3,4.2,0.5099019513592784,0
124,0.9406826099953136,0.027179311705955122,0.015454171430916194,0.007268512876069567,0.0005250447786269948,0.0002784479244444267,100.0,0.0,64.0,3.8340579025361627,1.175,0.36314597615834876,4.0,0.6324555320336759,0
125,0.9463092666277643,0.026002413128658135,0.014860492455816995,0.006702507803094259,0.000459466164526982,0.00023746307198100917,100.0,0.0,63.35,3.5535193822462823,1.15,0.3570714214271425,4.0,0.8366600265340756,0
126,0.944068626953884,0.022052679399095502,0.015478686392313586,0.00750816177677572,0.00046951797131345737,0.00021343080037241504,100.0,0.0,62.85,3.7050641020095725,1.15,0.3570714214271425,4.05,0.739932429347437,0
127,0.9433912212771632,0.02125857377312255,0.014996607054710865,0.007849002280651989,0.0004780770820184673,0.00023385220634804919,100.0,0.0,63.55,3.2167530212933664,1.075,0.23848480035423641,3.95,0.49749371855331004,0
128,0.9448741611380246,0.016837020435149223,0.015341644214490574,0.0077476556016517475,0.0004549703835773584,0.00017123566015036078,100.0,0.0,63.95,2.9576172842340505,1.0,0.0,4.0,0.7071067811865476,0
129,0.9428020251974365,0.019342882039906133,0.015791041702045167,0.008870022531637616,0.00046880596099449734,0.00017369887196777922,100.0,0.0,63.8,2.541653005427767,1.05,0.21794494717703372,4.45,0.5894913061275798,0
130,0.9380194259953505,0.01734397154137797,0.016181920849675194,0.009608682795006405,0.0005161189363778197,0.00016116618642452745,100.0,0.0,63.1,2.6814175355583845,1.05,0.21794494717703372,4.3,0.7810249675906654,0
131,0.9376918429136853,0.021555231034171337,0.01553410842071574,0.009920672408317895,0.0005174129613642654,0.00018474131281066554,100.0,0.0,64.25,2.680951323690902,1.0,0.0,4.25,0.7664854858377946,0
132,0.9367777672683584,0.024715452075429,0.01467552131753834,0.009828035088568233,0.0005469183749561293,0.00026531758879276454,100.0,0.0,62.5,2.5199206336708304,1.075,0.23848480035423641,4.55,0.8046738469715541,0
133,0.9398435139286221,0.027774631246720773,0.014354411488681596,0.009685404594751429,0.0005260594710822354,0.00024262391584845813,100.0,0.0,64.0,3.146426544510455,1.05,0.21794494717703372,3.9,0.7681145747868608,0
134,0.9423016241607485,0.026144407307196305,0.013395313406743986,0.009648994588258877,0.0005030811264510218,0.0002070548901617033,100.0,0.0,64.4,2.9899832775452104,1.05,0.15,4.05,0.804673846971554,0
135,0.9402325858760925,0.02774003630092987,0.013496938917624223,0.00953154005307901,0.0005314856584747907,0.00024055075738619339,100.0,0.0,64.1,2.605762844159076,1.025,0.10897247358851683,4.2,0.6782329983125268,0
136,0.9377375242245382,0.030112201913676865,0.01438050642159217,0.009303325469563068,0.0005513968471923624,0.00024179029183717666,100.0,0.0,63.8,2.3151673805580453,1.1,0.3,4.15,0.7262919523166975,0
137,0.9403995471579915,0.02957911183655955,0.012971941401869996,0.00952272646676421,0.0005330159439819834,0.00025591675708595363,100.0,0.0,64.35,3.7453304260105007,1.1,0.3,4.2,0.5099019513592785,0
138,0.9378664066824577,0.03309549356767415,0.013872921717584159,0.009633305669854302,0.0005540574170105142,0.00024095143266642888,100.0,0.0,63.6,2.353720459187964,1.0,0.0,4.15,0.7262919523166976,0
139,0.9349663474795451,0.027662615116030964,0.015153918203699693,0.008541645994665094,0.0005797634894167191,0.00023253685806817284,100.0,0.0,63.1,3.5482389998420345,1.05,0.15,4.35,0.9096702699330126,0
140,0.9320331834922712,0.03427224552189063,0.016221446023648507,0.009532770472672517,0.0005914577240319727,0.00023259967722786501,100.0,0.0,63.25,3.1284980421921316,1.025,0.10897247358851683,3.8,0.6,0
141,0.9362963546611736,0.028631753214435368,0.014298475208240128,0.009777987581180616,0.0005567762523596973,0.00020734873220635332,100.0,0.0,62.05,2.654712790491657,1.15,0.3570714214271425,4.5,0.7416198487095663,0
142,0.9377542738762793,0.03075624573887911,0.014561725944952286,0.010418967172078745,0.000531907892477088,0.0002147734946917791,100.0,0.0,63.35,2.2197972880423116,1.05,0.21794494717703372,4.25,0.8874119674649424,0
143,0.9399313347208074,0.029897063806216484,0.014972735974440035,0.011112865686929017,0.0004874627067204923,0.00020762737329161807,100.0,0.0,62.7,3.3926390907374753,1.075,0.23848480035423641,4.55,0.5894913061275798,0
144,0.9353458130548707,0.02786632620831811,0.015758544331248923,0.011058857396845015,0.0005333061035880099,0.00022344212955372692,100.0,0.0,62.95,3.007906248539007,1.025,0.10897247358851683,4.3,0.714142842854285,0
145,0.9367114538591504,0.027148250940128665,0.0148801184811846,0.011015904274897499,0.0005310906053999716,0.0002332287560717684,100.0,0.0,63.25,3.2384409829422554,1.1,0.3,4.35,0.5722761571129799,0
146,0.94531011393148,0.021591798473192026,0.01409379981791931,0.010868697076793618,0.00043577779258404574,0.00015792386853071339,100.0,0.0,62.75,2.56661255354212,1.0,0.0,4.25,0.698212002188447,0
147,0.9441083476878115,0.023161005339389973,0.014161779598204605,0.010123841598910803,0.0004833097189724107,0.0002881041396527709,100.0,0.0,63.45,2.6167728216259047,1.05,0.15,4.0,0.8944271909999159,0
148,0.9447634434493632,0.02233304415930482,0.014082077801994445,0.009619963734160726,0.0004511927857852602,0.0001726645686683858,100.0,0.0,63.6,2.8000000000000003,1.0,0.0,4.25,0.6224949798994366,0
149,0.9443869485062487,0.022535986834015483,0.015734129015715678,0.009640899343301234,0.00043565955735552574,0.00015506573883175843,100.0,0.0,63.5,3.7349698793966195,1.05,0.15,4.2,0.5099019513592784,0
150,0.9448043336160676,0.02127562671592382,0.014445750240975452,0.009899137157335723,0.0004483064181044349,0.00013727791080050405,100.0,0.0,63.4,2.764054992217051,1.125,0.3112474899497183,4.25,0.8874119674649424,0
151,0.943091298537524,0.023088343673277455,0.015393916352082402,0.009666685264475642,0.00046188406493519635,0.0001787439655548876,100.0,0.0,63.75,2.5273503912200224,1.1,0.3,4.05,0.804673846971554,0
152,0.9418124749227192,0.021736214700535127,0.016046642997741684,0.00935790941714701,0.0004615968295494011,0.00018228036582057603,100.0,0.0,64.35,3.9909272105614755,1.05,0.21794494717703372,4.05,0.5894913061275798,0
153,0.9413071166890636,0.021728034954174094,0.015394648980030198,0.008318787126873596,0.0004928737299417989,0.00020683557630951077,100.0,0.0,62.75,2.6052830940226053,1.05,0.21794494717703372,4.15,0.7262919523166975,0
154,0.9364038310170765,0.021745541785943952,0.016794063202919287,0.007033723840487977,0.0005386565144170181,0.00020121531432827733,100.0,0.0,63.55,2.3973944189473704,1.05,0.21794494717703372,4.15,0.6538348415311012,0
155,0.9375862671275241,0.022371353244104022,0.016570284398308134,0.007944340739297073,0.0005197797157917868,0.00019406406985095068,100.0,0.0,63.2,2.5219040425836985,1.0,0.0,4.45,0.8645808232895291,0
156,0.9357461915284493,0.02152006480545563,0.01742878299915789,0.007945482853142984,0.0005339922637654255,0.00017869951013488224,100.0,0.0,62.8,3.370459909270543,1.1,0.2549509756796392,4.4,0.7348469228349533,0
157,0.9343131248066093,0.022595770017628573,0.01653349884801181,0.008810302598882599,0.0005711763355862729,0.00023848415036146304,100.0,0.0,63.0,2.8809720581775866,1.05,0.21794494717703372,4.35,0.5722761571129799,0
158,0.9369756929313725,0.017343069557365587,0.01600211591583926,0.00640905683206373,0.0005561036601882695,0.00019889001026192292,100.0,0.0,63.35,3.2446109165815247,1.025,0.10897247358851683,4.15,0.9096702699330127,0
159,0.9357710833589203,0.01527547360379949,0.01561961931146649,0.007028908691861973,0.0005676859916859559,0.00016721364399090622,100.0,0.0,63.25,3.031088913245535,1.1,0.2549509756796392,4.05,0.864580823289529,0
160,0.9297504751698874,0.02412749211794612,0.016080226506969362,0.008531827756670692,0.0006231171877018958,0.00025897130359430484,100.0,0.0,62.65,2.7436289836637897,1.1,0.3,4.25,0.5361902647381804,0
161,0.9290835924549363,0.018915893723262734,0.016188060058608997,0.008287180948930531,0.000635533750003977,0.00022304694092986648,100.0,0.0,62.95,3.694252292413175,1.1,0.3,4.15,0.5722761571129799,0
162,0.9332062116315548,0.017344728390108,0.015401054852408152,0.00782676508349156,0.0006044867270773612,0.00021875735352543249,100.0,0.0,63.9,3.6318039594669758,1.15,0.3570714214271425,4.1,0.7000000000000001,0
163,0.9352513659123186,0.016040799119283133,0.016216851427973543,0.007287565191549325,0.0005671938769695485,0.0001763896409820704,100.0,0.0,61.95,3.800986713999406,1.15,0.3570714214271425,4.2,0.6,0
164,0.9373349958182061,0.020279042384010303,0.01589118852273271,0.007543672201761954,0.0005501524561182991,0.00019895676592181517,100.0,0.0,64.05,3.1220986531498327,1.05,0.2179449471770337,4.2,0.7483314773547883,0
165,0.9390220204481607,0.015420182460508127,0.014927350718625203,0.007446449579962372,0.00054088975315743,0.00017917868086519522,100.0,0.0,63.05,2.692118125194361,1.1,0.3,4.3,0.6403124237432849,0
166,0.9384697885590263,0.016593588351466033,0.014043256613614144,0.007784922495146846,0.00056372023428658,0.00018427658884611494,100.0,0.0,63.1,2.8442925306655784,1.025,0.10897247358851683,3.95,0.6689544080129826,0
167,0.9402737618688581,0.02117993851336735,0.01344611772181937,0.008606341434496503,0.000531946927294546,0.0001785744914956429,100.0,0.0,63.65,2.6129485260907837,1.05,0.21794494717703372,4.45,0.7399324293474372,0
168,0.9438503727809973,0.01991815530289077,0.013083867089062017,0.007215343013301443,0.0004986155831535416,0.00020031121364649137,100.0,0.0,62.05,3.232259271778797,1.125,0.3112474899497183,4.5,0.6708203932499369,0
169,0.9458357627721948,0.021611147015354205,0.012312239849976552,0.006435182810351561,0.0004967063857871293,0.00022965542860308832,100.0,0.0,64.25,2.1418449990603894,1.0,0.0,4.05,0.5894913061275798,0
170,0.9470583587552488,0.019976944769713765,0.012013791680842233,0.006619886105866864,0.0004851054952180794,0.00021744829359589564,100.0,0.0,63.85,3.5954832776693593,1.025,0.10897247358851683,4.1,0.7000000000000001,0
171,0.9458582081003148,0.016596928118702444,0.01205912991791157,0.006607434348574756,0.0004995665474384087,0.00018213420695745004,100.0,0.0,66.3,2.98496231131986,1.0,0.0,4.15,0.7262919523166976,0
172,0.9480136443358047,0.01590663230034714,0.012875660325879825,0.0068478739731757604,0.0004590863107029547,0.0001633697308924848,100.0,0.0,63.15,2.8857408061016154,1.05,0.21794494717703367,4.3,0.714142842854285,0
173,0.9491017094314195,0.018908821418042347,0.013583049415173184,0.006727026299202196,0.00044148521054409933,0.00017850462262883498,100.0,0.0,63.0,2.949576240750525,1.1,0.3,4.15,0.7262919523166975,0
174,0.9467324377251163,0.01763292959127161,0.012981867674905459,0.0054578691718165,0.0004945931692671368,0.00019520498711385068,100.0,0.0,62.95,1.9615045245933032,1.125,0.3112474899497183,4.0,0.5477225575051661,0
175,0.9490051425019042,0.017491763412545675,0.012963585178406381,0.005106775034622646,0.0004683546854562821,0.00019120812014141218,100.0,0.0,63.75,3.3893214660164652,1.1,0.3,4.15,0.7921489758877431,0
176,0.9449643491916794,0.017573025938042573,0.013300067000931125,0.005353581381583115,0.0005100694808334637,0.00020480989047805636,100.0,0.0,63.15,3.4245437652335533,1.05,0.21794494717703372,4.7,0.9539392014169457,0
177,0.9402869542810508,0.018996129939521638,0.012645667889628587,0.006701929402556436,0.000565359206276262,0.00021748752689439748,100.0,0.0,62.4,3.9799497484264803,1.2,0.4,4.35,0.7921489758877431,0
178,0.9394387859225695,0.023173900172097795,0.013453277166992317,0.006870347114735934,0.0005596275742465426,0.00028742764096305486,100.0,0.0,62.55,2.558808316384797,1.1,0.3,4.0,0.7745966692414834,0
179,0.9358379235221236,0.022448879855361554,0.013753690538320174,0.006450232114768547,0.0005959290140625949,0.00027910221366459517,100.0,0.0,63.85,3.0540956108150903,1.025,0.10897247358851683,4.15,0.7262919523166976,0
180,0.9360874425760983,0.02235046803161241,0.01383555139172453,0.007296802491157894,0.0005866125387977709,0.00025631299868221854,100.0,0.0,62.65,3.395217224272992,1.125,0.3112474899497183,4.25,0.7664854858377946,0
181,0.9368320177761232,0.027263728334575157,0.014544827258250107,0.007048675238626436,0.0005697454394494271,0.0002932330965001631,100.0,0.0,63.3,2.666458325194677,1.1,0.3,4.05,0.5894913061275797,0
182,0.9383230842706618,0.02362243976095805,0.013163915563901266,0.006176173907464658,0.0005737383937128312,0.0002318324790443279,100.0,0.0,63.3,2.7766886753829643,1.0,0.0,4.3,0.7810249675906654,0
183,0.9395328882621767,0.02435210995238613,0.012651520165458513,0.004954943710301506,0.0005847952576667037,0.0002593958874422323,100.0,0.0,63.0,3.3763886032268267,1.075,0.23848480035423641,4.3,0.7810249675906654,0
184,0.9358663318550505,0.022558500713772,0.014099163769277242,0.007333912667288774,0.0005902469059431149,0.00022797087357131403,100.0,0.0,63.65,2.5548972582082436,1.075,0.17853571071357124,3.8,0.6,0
185,0.9363818516532796,0.025386696201139824,0.014256281292483741,0.00703836067304072,0.0005831505080706651,0.00026725318097034864,100.0,0.0,63.75,3.4478254016118624,1.0,0.0,4.15,0.6538348415311009,0
186,0.936798899738128,0.018087288851193623,0.014708682009194715,0.007313464477249062,0.0005728821544583439,0.00016306323177351268,100.0,0.0,62.95,2.9236107812087435,1.05,0.2179449471770337,4.1,0.7000000000000001,0
187,0.9406425983002105,0.022106916130041728,0.014943415664438658,0.006341728898997218,0.0005168917090081545,0.00019404480157942877,100.0,0.0,63.4,2.3958297101421877,1.05,0.21794494717703372,4.2,0.7483314773547883,0
188,0.9378148358049812,0.024746074297774222,0.014199343944131776,0.007228232215063478,0.0005538663152455173,0.00022048382859027465,100.0,0.0,63.15,2.104162541250081,1.0,0.0,4.05,0.5894913061275797,0
189,0.937641466938657,0.02152116348229729,0.013554321420760166,0.006994469849972077,0.0005699695552066916,0.0001906416910534387,100.0,0.0,64.3,3.303028912982749,1.1,0.3,3.8,0.6782329983125268,0
190,0.936548489402373,0.02505692721045948,0.014031328273977442,0.006946104368007196,0.0005823449366048593,0.00024617063995260977,100.0,0.0,62.55,3.4128433893163046,1.1,0.3,4.05,0.49749371855331004,0
191,0.9324137138496209,0.0237475224412887,0.014395968520468405,0.0068534940458489955,0.0006327768721659198,0.0002160701076775202,100.0,0.0,64.15,4.269367634673781,1.1,0.3,4.1,0.7,0
192,0.9304033453706635,0.02820602869687362,0.014518561337322211,0.006517118494490729,0.0006539525463223762,0.00028602871822200137,100.0,0.0,64.3,3.661966684720111,1.1,0.3,4.05,0.6689544080129826,0
193,0.9310513220648311,0.031339615108510195,0.014237341645056611,0.006199260647329385,0.0006496317796191898,0.0003488828608066103,100.0,0.0,62.15,3.1823733281939126,1.05,0.21794494717703372,4.4,0.8,0
194,0.9357392527871914,0.026319116254053625,0.014241677468824404,0.007427772141096571,0.000583256899457738,0.00024928127394652867,100.0,0.0,63.9,3.014962686336267,1.025,0.10897247358851683,3.9,0.7681145747868608,0
195,0.9356702688358325,0.023868245090732706,0.015403639776805464,0.008999774961435952,0.0005573339918857497,0.00022988075553986577,100.0,0.0,63.25,3.686122624113311,1.1,0.3,4.15,0.852936105461599,0
196,0.9401230606386941,0.020805946726259416,0.01549869696580205,0.00888517535272444,0.0004938286061147827,0.0001799431314268765,100.0,0.0,63.45,2.991237202229205,1.0,0.0,4.55,0.8645808232895291,0
197,0.9389895782613932,0.02019639210807872,0.01692797332279438,0.007920425329472219,0.000492614906475821,0.00019272509583541765,100.0,0.0,63.85,3.2752862470324637,1.0,0.0,4.3,1.0049875621120892,0
198,0.9380041987915206,0.019524535652732065,0.01648537283439263,0.007996294844858207,0.0005111923249482414,0.00016537377489894464,100.0,0.0,63.2,2.5612496949731396,1.075,0.23848480035423641,4.15,0.9096702699330127,0
199,0.9339415325785833,0.020340624387262488,0.01857140837570537,0.008011909564176356,0.0005280601953496373,0.00017472624391176266,100.0,0.0,63.65,3.1823733281939126,1.0,0.0,4.4,0.7348469228349535,0
200,0.9332516545803775,0.018520690604046538,0.016786762417071856,0.0078621930063315,0.0005737126394858179,0.00022077550821758,100.0,0.0,63.4,2.7640549922170505,1.05,0.21794494717703372,4.2,0.7483314773547883,0
201,0.9344661698959035,0.020639616289257652,0.01699216924427349,0.007421916717733471,0.0005587224869118737,0.00020040573124519936,100.0,0.0,63.05,2.2907422377910613,1.075,0.23848480035423641,4.15,0.5722761571129799,0
202,0.9340672386649042,0.021233442061974434,0.01671100894657623,0.00610757090797088,0.0005843899810630447,0.00023291288271631662,100.0,0.0,62.6,3.6523964735499352,1.15,0.3570714214271425,4.35,0.5722761571129799,0
203,0.9383983778192023,0.02219528559477867,0.016399278320613744,0.006688379880008056,0.0005310217217165772,0.00020103402885285508,100.0,0.0,64.15,3.259984662540608,1.05,0.21794494717703372,4.05,0.739932429347437,0
204,0.941344345299186,0.022046139788820602,0.01610778552683583,0.006196269790004245,0.0004921145866076634,0.00018950062991150905,100.0,0.0,63.6,3.1368774282716245,1.1,0.3,4.45,0.8046738469715541,0
205,0.9411707703797333,0.02384597934110957,0.015692260603515345,0.006408863968126452,0.000498688478548894,0.0002254914695718125,100.0,0.0,64.95,3.4565155865408737,1.05,0.15,4.15,0.3570714214271425,0
206,0.9417556816870929,0.024598602926339176,0.013910595778630044,0.006232983247059901,0.0005209664734768876,0.0002752111005628031,100.0,0.0,62.9,2.808914381037628,1.05,0.21794494717703372,4.35,0.963068014212911,0
207,0.941577104323505,0.023314884682817942,0.013626045583987459,0.006537894597664284,0.0005275164648374552,0.00026055503013430075,100.0,0.0,63.3,2.471841418861655,1.0,0.0,4.25,0.4330127018922193,0
208,0.9402608912040036,0.02521792380417932,0.014653972395665574,0.006051198772866407,0.0005436932422217752,0.000296427901275539,100.0,0.0,62.65,2.669737814842499,1.1,0.3,4.35,0.653834841531101,0
209,0.9439281300113755,0.02269828011850197,0.013446225391142161,0.005461690672050417,0.0005089891892002077,0.00025839876038515617,100.0,0.0,62.5,2.1330729007701543,1.075,0.23848480035423641,4.05,0.6689544080129826,0
210,0.9415378045414758,0.024066214079489938,0.012839100216731325,0.006148998686239015,0.0005351491011964416,0.0002559152831268833,100.0,0.0,62.6,2.1071307505705477,1.125,0.3112474899497183,4.4,0.58309518948453,0
211,0.9411907960766369,0.022028853401900177,0.01408948997064414,0.00680324431501913,0.0005197592106123917,0.00022493681828390615,100.0,0.0,63.6,2.5377155080899043,1.0,0.0,4.05,0.9733961166965892,0
212,0.9401964023059264,0.021187464822156294,0.013322081262606228,0.0059269552407990155,0.0005519696032438762,0.00021806079454889975,100.0,0.0,63.95,2.3339880033967613,1.0,0.0,4.0,0.6324555320336759,0
213,0.9372884284769217,0.0247729483420884,0.012976444560746436,0.0069684586827834785,0.0005947730713875175,0.0002892464379436767,100.0,0.0,63.5,3.057776970284131,1.025,0.10897247358851683,4.35,0.8529361054615991,0
214,0.935604622109153,0.024733232534033457,0.01260729225835942,0.005938957192281162,0.0006150650340563418,0.0002744037097295569,100.0,0.0,62.9,1.8411952639521971,1.025,0.10897247358851683,4.2,0.812403840463596,0
215,0.9349734649500109,0.02427729499349199,0.01269230031535643,0.005993167635721494,0.0006196006553747604,0.0002625978817406021,100.0,0.0,63.65,3.6093628246547893,1.0,0.0,4.1,0.5385164807134504,0
216,0.936250565304791,0.023982972716224096,0.013047138985180331,0.005688918246944443,0.0006026418397174941,0.00025145534845037536,100.0,0.0,62.75,3.476708213238494,1.05,0.21794494717703372,4.75,0.8874119674649424,0
217,0.935200597799489,0.021514924457034065,0.013405608032712412,0.006270280872695924,0.0006243459931922265,0.00023191154881648334,100.0,0.0,62.55,2.5975950415721085,1.0,0.0,4.35,0.653834841531101,0
218,0.9396013496131769,0.01886333426324458,0.013175584011085878,0.004577646664228011,0.0005767805985062378,0.000236181452174605,100.0,0.0,63.0,3.40587727318528,1.075,0.23848480035423641,4.25,0.6224949798994366,0
219,0.9382505746750235,0.01750262612014785,0.012824006977591104,0.005269621248652058,0.000603642069300784,0.0002187282157201445,100.0,0.0,63.0,3.924283374069717,1.1,0.3,4.05,0.9733961166965893,0
220,0.9424193011024888,0.01494825628553078,0.012163729445281723,0.005722967636785969,0.0005463092345428493,0.00019663015136498288,100.0,0.0,64.2,2.420743687382041,1.0,0.0,4.45,0.8645808232895292,0
221,0.9461566780984869,0.01232573883097372,0.013328965356878067,0.005309519315575828,0.0004816104613162707,0.0001530063283491734,100.0,0.0,62.85,2.7977669667075564,1.075,0.23848480035423641,4.05,0.6689544080129826,0
222,0.9461610804202559,0.015524249312040878,0.012817627840008802,0.005171678289333699,0.0004957194967636238,0.0001976666841457068,100.0,0.0,63.2,3.9949968710876362,1.15,0.3570714214271425,4.2,0.9273618495495703,0
223,0.9436935447606027,0.01562455389721014,0.013685758385453366,0.005208273531662419,0.0005122070756995218,0.00020046397891934644,100.0,0.0,63.85,3.2752862470324637,1.1,0.3,4.45,0.7399324293474372,0
224,0.946575206405092,0.012832942424568715,0.013720656456460667,0.0055414637845791715,0.0004674216691141422,0.0001626709835382749,100.0,0.0,62.95,3.412843389316304,1.05,0.21794494717703372,4.0,0.7071067811865476,0
225,0.9467625498061623,0.010841439900099366,0.01419753162728849,0.006049180951319104,0.0004561714979302884,0.00012495864079598644,100.0,0.0,64.2,2.694438717061496,1.025,0.10897247358851683,4.1,0.6244997998398398,0
226,0.9444728299947813,0.01650339496579084,0.013336884127487496,0.0067752627118765766,0.000496157593974609,0.0001960900508012523,100.0,0.0,63.35,3.6779749863205975,1.25,0.4330127018922193,4.3,0.7810249675906654,0
227,0.9427479009062025,0.01739220741022281,0.012756270352243687,0.006334789951438177,0.0005268738714327802,0.000214707680777781,100.0,0.0,64.15,3.409912022325503,1.075,0.23848480035423641,4.2,0.9273618495495703,0
228,0.9419956839624428,0.01688796763704447,0.012026538595948915,0.005820492289341022,0.0005488448189843264,0.00018956818018084213,100.0,0.0,64.65,3.15079355083763,1.1,0.3,4.3,0.9,0
229,0.9405132813390716,0.02020637948518888,0.011277385942254622,0.0066015443386218675,0.0005739173189536792,0.0002350965542452727,100.0,0.0,64.15,3.539420856580918,1.075,0.23848480035423641,3.85,0.653834841531101,0
230,0.9391241634622787,0.01642406441545831,0.010717488963287771,0.007142895468777243,0.0005914326394044824,0.0001410768443853279,100.0,0.0,62.75,2.56661255354212,1.1,0.3,4.2,0.6,0
231,0.9425699491120201,0.020018185938392368,0.011071845878073878,0.005744650234080018,0.000555372368436416,0.00020502611632245682,100.0,0.0,62.2,3.0757112998459393,1.075,0.23848480035423641,4.5,0.7416198487095663,0
232,0.9425019947957722,0.02460315823929714,0.01111913914903036,0.006062030854719119,0.0005601116206967387,0.0002895185278576599,100.0,0.0,63.65,3.320767983464066,1.05,0.21794494717703372,4.25,0.82915619758885,0
233,0.9418562188998008,0.024504316141923707,0.011657682744047574,0.005601526891724512,0.000556785872528202,0.0002858532908264817,100.0,0.0,63.7,2.968164415931166,1.125,0.3112474899497183,4.1,0.7,0
234,0.9449556198215857,0.02545333849315884,0.010814155065015062,0.005626125116648651,0.0005342799819902584,0.00031389288976045517,100.0,0.0,63.8,3.2341923257592455,1.0,0.0,4.4,0.7348469228349535,0
235,0.9431605280285742,0.0215503400395697,0.010410956228211001,0.006129200428342719,0.0005531933957874944,0.0002508355884219802,100.0,0.0,63.05,3.2476914878109957,1.15,0.3570714214271425,4.2,0.6782329983125268,0
236,0.9387093370931282,0.02075486513095784,0.011759487913610566,0.006577001079778902,0.0005971793326413641,0.0002451561891081355,100.0,0.0,63.45,3.368605052540295,1.0,0.0,4.25,0.8874119674649424,0
237,0.9427620949070741,0.021492144480454375,0.011421875864181882,0.006751726527771036,0.0005443225459910461,0.00026207460513944495,100.0,0.0,62.2,2.5612496949731396,1.05,0.21794494717703372,4.0,0.6324555320336759,0
238,0.9418444426408084,0.019441310294177262,0.011089065132549328,0.006485111188063413,0.0005499715194627368,0.00022002451065656346,100.0,0.0,63.7,2.666458325194677,1.05,0.21794494717703372,4.15,0.5722761571129799,0
239,0.9413892030428881,0.017977240827636146,0.011477020996949817,0.006706282913467635,0.000545480513657348,0.0001939224248670641,100.0,0.0,63.65,2.535251466817444,1.0,0.0,4.1,0.6244997998398398,0
240,0.9388759641430757,0.02140005793361602,0.012375394774126056,0.006747645736812326,0.0005737165121454967,0.00024826637319929994,100.0,0.0,63.75,3.0639027399707057,1.05,0.21794494717703372,4.15,0.7262919523166976,0
241,0.9384377194997497,0.02187212695348758,0.012406988009787501,0.0062772025993437,0.0005776591291093846,0.00023175668764007138,100.0,0.0,62.75,2.680951323690902,1.125,0.3112474899497183,4.25,0.6224949798994366,0
242,0.9411453980681757,0.02202440170381844,0.01185504022570311,0.007077193776322482,0.0005478907003549519,0.00020708428277156103,100.0,0.0,64.1,2.913760456866693,1.0,0.0,4.45,0.8046738469715541,0
243,0.9357614834836243,0.025673563526341234,0.012188045711866423,0.005570886564905089,0.0006173427596844674,0.00028557206860300863,100.0,0.0,62.35,3.1823733281939126,1.05,0.21794494717703372,4.65,0.7921489758877431,0
244,0.9337511001554617,0.024968030147565753,0.011326749426313044,0.00541203129100663,0.0006624540169251928,0.0002848363053022511,100.0,0.0,63.8,2.580697580112788,1.05,0.21794494717703372,3.9,0.6244997998398398,0
245,0.9341781720921143,0.023215470312414513,0.01010935853868055,0.006139893222856151,0.0006690287585894641,0.0002752973844635545,100.0,0.0,62.9,2.964793416074719,1.075,0.23848480035423641,4.3,0.8426149773176358,0
246,0.9374225782810012,0.023717896280681588,0.010595798518509178,0.006409176958968769,0.0006222598080054146,0.000285648427178132,100.0,0.0,62.7,2.8301943396169813,1.1,0.3,4.35,0.9630680142129111,0
247,0.9377066855778289,0.02428745495829438,0.012024628103095946,0.006615172658632479,0.0005932248906857248,0.000278082381482678,100.0,0.0,62.55,3.353729267546801,1.05,0.2179449471770337,4.15,0.6538348415311009,0
248,0.9376794612590164,0.021948222822265332,0.01249430536207182,0.0064581178881663,0.0005889013149690801,0.0002521170332510318,100.0,0.0,63.15,2.3932195887548637,1.05,0.21794494717703372,4.25,0.7664854858377946,0
249,0.9345409099749122,0.022082807815613063,0.01206444646670952,0.0063675368556960115,0.0006524154435493736,0.0002597384369122166,100.0,0.0,63.65,2.885740806101615,1.075,0.23848480035423641,4.05,0.804673846971554,0
250,0.9374263480486038,0.02246513680609517,0.012776911790801568,0.005897845780520866,0.0006255788515804712,0.0002647350537160034,100.0,0.0,63.0,1.8439088914585775,1.025,0.10897247358851683,4.35,0.7262919523166975,0
251,0.9388897637184576,0.019770531006283315,0.012523746895936392,0.005133677887580093,0.0005899025384862192,0.00021738341184806195,100.0,0.0,63.3,2.7766886753829643,1.05,0.2179449471770337,4.05,0.49749371855331004,0
252,0.9399397783826429,0.019377106719017795,0.012155953622940262,0.005385297556573896,0.0005819268129525189,0.0002038531412343145,100.0,0.0,63.6,3.2924155266308657,1.05,0.21794494717703372,4.35,0.7262919523166976,0
253,0.9420111076838543,0.020373685262251646,0.01225417192277548,0.004876237580052478,0.000559889879238144,0.00022845182795616138,100.0,0.0,63.7,3.2572994949804666,1.075,0.23848480035423641,4.35,0.7262919523166976,0
254,0.9380236378346277,0.024367551395062297,0.012212193802958465,0.005976310344966974,0.0005942290714255717,0.0002703004962798523,100.0,0.0,63.15,2.632014437650371,1.025,0.10897247358851683,4.45,0.6689544080129827,0
255,0.9438562396322784,0.022821848547633458,0.011255411907714164,0.006043074228347181,0.0005361262352368181,0.00025881198728290816,100.0,0.0,64.7,3.241913015489466,1.025,0.10897247358851683,4.1,0.6244997998398398,0
256,0.9422675396629788,0.026611088457710708,0.012031750188210243,0.005714243187990673,0.0005459965411204945,0.0003083469538557375,100.0,0.0,63.15,3.0376800358168077,1.0,0.0,4.15,0.6538348415311012,0
257,0.9397396647072848,0.027744533370708736,0.012852426135356924,0.005578587730163491,0.0005764880659519648,0.00033561355095562386,100.0,0.0,62.8,3.370459909270543,1.1,0.2549509756796392,4.2,0.6782329983125269,0
258,0.9406378082122057,0.02525901373345902,0.012366351629318338,0.005743824738145624,0.0005737273500739197,0.00028330233473817704,100.0,0.0,63.95,2.558808316384797,1.0,0.0,4.15,0.6538348415311009,0
259,0.9414138885630964,0.029294516833986043,0.011938381423673733,0.005756303954356549,0.0005742528677338701,0.00033701725712747925,100.0,0.0,63.3,2.491987158875423,1.05,0.21794494717703372,3.95,0.5894913061275798,0
260,0.9413252623746837,0.025738926689220242,0.012445131734450561,0.006449199955917706,0.0005478768416949118,0.00025207448466355205,100.0,0.0,62.95,2.8892040426387333,1.0,0.0,4.45,0.8645808232895292,0
261,0.9402430250617642,0.02666625317043687,0.01255349934718209,0.006413480723682883,0.0005548300178617205,0.00027393901692192177,100.0,0.0,62.15,3.0540956108150903,1.05,0.15,4.2,0.8717797887081347,0
262,0.9421524564680899,0.0266175413286732,0.01267654568872217,0.007143632983372202,0.000523847604408992,0.00024001303735579272,100.0,0.0,62.25,4.345975149491768,1.15,0.3570714214271425,4.1,0.7,0
263,0.9390433604761581,0.026151120782515507,0.012553546448773115,0.007186141591490838,0.0005683788102749567,0.0002406047228873171,100.0,0.0,63.75,2.7363296585024255,1.025,0.10897247358851683,3.95,0.6689544080129826,0
264,0.9392601116501671,0.029535072963367666,0.012647495343926082,0.0060875010119165055,0.0005752725514994233,0.00029583581024078255,100.0,0.0,62.0,3.271085446759225,1.05,0.21794494717703372,4.3,1.004987562112089,0
265,0.9422776316130761,0.02579444754174784,0.012892441984423297,0.006344730213629216,0.0005294183146146256,0.0002681630133605397,100.0,0.0,63.2,2.7495454169735036,1.15,0.3570714214271425,4.35,1.0136567466356645,0
266,0.9439878010182955,0.022312514131847743,0.01196417852936869,0.006216340926509385,0.0005225851776493233,0.00023763793390271253,100.0,0.0,63.9,3.3451457367355464,1.025,0.10897247358851683,4.25,0.9937303457175896,0
267,0.9427013562423683,0.022063811706752645,0.01264839403763766,0.00563886636497371,0.000533424506284927,0.00024053535514327056,100.0,0.0,64.25,2.6052830940226053,1.0,0.0,4.35,0.653834841531101,0
268,0.941402084265448,0.02540849044791727,0.012712016737007456,0.005573403932811126,0.000547847636862722,0.0002733534263451897,100.0,0.0,63.7,3.551056180912941,1.05,0.21794494717703372,4.15,0.4769696007084728,0
269,0.9428455969477575,0.023261202122317505,0.012012153429449479,0.005741670456027497,0.0005476977596926249,0.0002735362743648803,100.0,0.0,63.95,2.4181604578687494,1.1,0.3,4.1,0.5385164807134504,0
270,0.9424025905322158,0.026148268083418514,0.012754095537572525,0.006734394637936985,0.0005355927179442504,0.0002581506921673384,100.0,0.0,63.35,2.4550967394381837,1.05,0.21794494717703372,4.4,0.8602325267042626,0
271,0.9415326288234569,0.02747806727298087,0.012467776392453746,0.00510002722595904,0.0005593984542491721,0.00030507820755810175,100.0,0.0,64.4,3.4263683398023628,1.05,0.15,3.95,0.5894913061275798,0
272,0.9377100538683842,0.03478415749785225,0.0127947255316479,0.005711128858725752,0.0005993635922070261,0.00037796310859121565,100.0,0.0,63.8,3.558089374931439,1.075,0.23848480035423641,4.35,0.6538348415311012,0
273,0.939155887646576,0.0336012902482935,0.012770329267776792,0.006583434690248012,0.0005819580935640896,0.0003556165077574322,100.0,0.0,64.4,2.5573423705088847,1.0,0.0,4.05,0.3840572873934304,0
274,0.9375316890470394,0.03089589067597289,0.01361264872171875,0.006018460184909744,0.0005974751784880389,0.0003135910029571437,100.0,0.0,63.15,2.4753787588973126,1.05,0.21794494717703372,4.4,0.9165151389911681,0
275,0.9396144047340685,0.026843197032112645,0.013326260020002817,0.006537436525050606,0.0005661751687549576,0.000302387752368712,100.0,0.0,62.25,2.680951323690902,1.075,0.23848480035423641,4.25,0.698212002188447,0
276,0.9359761488776794,0.025210050548250408,0.014018081811550754,0.0065651802755746155,0.0006050301309649921,0.00031029799521096536,100.0,0.0,62.45,2.4591665254715873,1.1,0.2549509756796392,4.45,0.9205976319760986,0
277,0.9371645838960116,0.026001576129784824,0.013854131361357238,0.006212785050682763,0.0005907624397140331,0.0003158382953229873,100.0,0.0,64.1,3.0149626863362666,1.0,0.0,4.0,0.4472135954999579,0
278,0.9374972488554205,0.027446940403154495,0.014097255198405476,0.006100391629078886,0.0005815461447804656,0.00032057828803382234,100.0,0.0,64.75,3.533765696816924,1.05,0.21794494717703372,4.0,0.7071067811865476,0
279,0.9408697745186181,0.025567530115040125,0.014028403023146025,0.006109830545462732,0.0005331290070782751,0.0002725225831091212,100.0,0.0,62.95,2.9406631905065224,1.125,0.3112474899497183,4.0,0.6324555320336759,0
280,0.9410689153523079,0.024127604676323085,0.012833066372574285,0.0062156106098873645,0.0005535701176207736,0.00026498535722788526,100.0,0.0,63.65,2.7436289836637897,1.05,0.21794494717703372,4.15,0.6538348415311012,0
281,0.9407580454481901,0.026560467464108856,0.01335109457296799,0.006319882570313941,0.0005637783331720724,0.0002810626737230594,100.0,0.0,63.7,2.6476404589747453,1.05,0.21794494717703372,4.25,0.7664854858377946,0
282,0.9400178042683498,0.024722225152140787,0.014512791768058924,0.0054693460642781895,0.0005525926523344504,0.0002841148935301829,100.0,0.0,63.35,3.1980462785894765,1.025,0.10897247358851683,4.25,0.698212002188447,0
283,0.9415487332803044,0.02120665276924299,0.013069054332151045,0.005321682522711884,0.0005514220865167374,0.0002329585869356932,100.0,0.0,62.4,2.7820855486487113,1.025,0.10897247358851683,4.15,0.3570714214271425,0
284,0.9375877195590284,0.021818855838129713,0.013349895075036342,0.006490201413838804,0.0005854339089502585,0.00025671054239157913,100.0,0.0,63.1,4.253234063627348,1.15,0.32015621187164245,4.05,0.6689544080129826,0
285,0.9369374130486241,0.022700266546961497,0.013537470810146071,0.0073239329140719605,0.0005788063424981176,0.00024386278649429958,100.0,0.0,64.3,2.7766886753829643,1.05,0.21794494717703367,4.2,0.6782329983125268,0
286,0.934180149736431,0.024555154822433145,0.015619968336670707,0.008087716449947642,0.000581253575694964,0.00021683499596744367,100.0,0.0,62.6,2.764054992217051,1.125,0.3112474899497183,4.25,1.0428326807307104,0
287,0.9395517500751621,0.024005807905403756,0.014816170569350962,0.006999831475784364,0.0005362317219476786,0.00021281481165887048,100.0,0.0,62.4,3.583294573433783,1.1,0.2549509756796392,4.1,0.7681145747868608,0
288,0.9391786846276522,0.02571322577416688,0.015095517928790093,0.007581322512702422,0.0005341798539547262,0.0002403307591248539,100.0,0.0,62.95,1.883480820183736,1.025,0.10897247358851683,4.0,0.7745966692414834,0
289,0.9393284506209773,0.02293203795944733,0.014098010148229145,0.007568427903932878,0.0005439850824008525,0.0002034633211035594,100.0,0.0,64.0,3.2093613071762426,1.125,0.3112474899497183,4.4,0.9695359714832658,0
290,0.9414532140765093,0.018787452102804813,0.013251511142697648,0.006681589342987573,0.0005391021478412373,0.00018172540896841383,100.0,0.0,64.1,3.4770677301427417,1.1,0.3,4.0,0.6324555320336759,0
291,0.9452872381197587,0.021254048663821808,0.011544597797947866,0.005833211817843376,0.000520755793553361,0.00023229311589640725,100.0,0.0,63.35,2.8857408061016145,1.0,0.0,4.2,0.7483314773547883,0
292,0.9483180810681876,0.025406373254494824,0.012513365192435243,0.005636879321444219,0.0004671395884295229,0.0002566688432698283,100.0,0.0,64.6,2.3748684174075834,1.05,0.2179449471770337,4.4,0.9165151389911679,0
293,0.9511494572514776,0.025016333000708837,0.01192445940303926,0.007009343058511833,0.00043027755578033686,0.0002692081282903946,100.0,0.0,62.75,3.404041715373065,1.1,0.3,4.2,0.5099019513592784,0
294,0.9462479881681602,0.02858930850671265,0.012474830969462334,0.007067785658057727,0.00048756532774764757,0.00030932696204085525,100.0,0.0,63.95,2.4794152536434875,1.05,0.21794494717703372,3.9,0.5385164807134504,0
295,0.9439215314047497,0.025730956439618074,0.012989597820932935,0.007508593623896383,0.0005042868277084583,0.0002705715753696441,100.0,0.0,62.4,1.9078784028338913,1.1,0.3,4.45,0.9205976319760986,0
296,0.9420818703400784,0.025024754044734792,0.012847435008000271,0.0071088627547320595,0.0005305668281128241,0.0002772086235726723,100.0,0.0,61.8,3.171750305430741,1.2,0.4,4.3,0.6403124237432849,0
297,0.9414054926568765,0.024866355441863046,0.01261817119313085,0.006813377018440152,0.0005415225272109511,0.00027187036457403655,100.0,0.0,63.45,2.765411361804967,1.075,0.23848480035423641,4.3,0.8426149773176358,0
298,0.9396373824841291,0.026057603143331914,0.012884216073736207,0.007590320470562859,0.0005503852220052417,0.0002509625094791493,100.0,0.0,65.05,2.4591665254715873,1.025,0.10897247358851683,4.0,0.5477225575051661,0
299,0.941464896387459,0.022041061166221572,0.012524559244252257,0.007229162201151106,0.0005346151097500162,0.00021655056314651865,100.0,0.0,63.95,3.1220986531498327,1.0,0.0,4.35,0.7262919523166976,0
300,0.9385328152892066,0.021639319738529186,0.012433658811363182,0.007117785486030126,0.0005792260861882402,0.0002031576816453386,100.0,0.0,64.05,2.011839953873071,1.0,0.0,4.2,0.6782329983125269,0
301,0.9394949759922288,0.019759576423751844,0.013731571179318456,0.00755606179008781,0.0005451981636769405,0.00020031927400225255,100.0,0.0,63.0,2.4698178070456938,1.0,0.0,4.15,0.7262919523166975,0
302,0.939261267005634,0.023123701117405727,0.014027320265323554,0.006867217941706206,0.0005438030976454738,0.00022415432150837007,100.0,0.0,62.55,2.0365411854416298,1.15,0.3570714214271425,4.6,1.019803902718557,0
303,0.9356344739348049,0.028109900482539897,0.01569951843151725,0.008014045129345294,0.0005514749990626738,0.0002492567448069701,100.0,0.0,62.05,4.06786184622831,1.175,0.36314597615834876,4.15,0.5722761571129799,0
304,0.9352887651830786,0.02512411653211908,0.01614960964527873,0.008027921588011178,0.0005484650434679918,0.0002087186166012167,100.0,0.0,65.0,3.082207001484488,1.0,0.0,4.0,0.9486832980505138,0
305,0.9375268764227543,0.022031078456088586,0.016040380943360327,0.007935238202253442,0.0005206560035252547,0.0001763956429192432,100.0,0.0,64.5,2.0371548787463363,1.05,0.21794494717703372,4.05,0.4974937185533099,0
306,0.9365700671442759,0.02040967225374176,0.015735578746604754,0.007988262937516867,0.0005550699743837857,0.0001504565956191135,100.0,0.0,64.4,2.6532998322843193,1.0,0.0,4.3,0.714142842854285,0
307,0.9378172263312752,0.025302617305727724,0.01678553268006052,0.00833300380630934,0.0005120491524507159,0.00019580311026918987,100.0,0.0,62.75,2.7363296585024255,1.05,0.2179449471770337,4.2,0.6,0
308,0.936432624921833,0.024468539491641392,0.01742455710099461,0.007957322964887567,0.0005212623098787984,0.00019478004680018187,100.0,0.0,62.9,3.1606961258558215,1.025,0.10897247358851683,4.2,0.7483314773547883,0
309,0.9344106329153066,0.025385191667821654,0.01714667801303873,0.007923676292647362,0.0005583978140343229,0.0002540946234107677,100.0,0.0,62.3,2.882707061079915,1.05,0.21794494717703372,4.75,0.82915619758885,0
310,0.9369143355000285,0.02643747807442111,0.015617852777177001,0.00872876923533923,0.0005430173560986607,0.000250900518151602,100.0,0.0,64.2,3.385262175962151,1.0,0.0,4.1,0.6244997998398398,0
311,0.9342814004072599,0.02550382452991305,0.015829084842627468,0.007329754075030991,0.0005818006314705652,0.0002674401934485071,100.0,0.0,64.45,2.15580611373101,1.0,0.0,4.1,0.6244997998398398,0
312,0.9350948096467745,0.02174287796252363,0.014799155186973546,0.007719273253986337,0.0005851477412348524,0.00025509135522888715,100.0,0.0,63.8,3.325657829663178,1.0,0.0,4.15,0.8529361054615991,0
313,0.9384738081870699,0.022027757324334474,0.014945319271117882,0.008471303363195268,0.0005387855294006889,0.00024275276708197,100.0,0.0,63.7,2.5317977802344327,1.075,0.23848480035423641,4.35,0.7262919523166976,0
314,0.9393729440833274,0.024404241086003736,0.014138949448721705,0.008589363245533117,0.0005414006611652457,0.00023870200115915557,100.0,0.0,63.15,3.9531632903283924,1.15,0.3570714214271425,4.2,0.812403840463596,0
315,0.9410012197859257,0.023202533683825896,0.014631212472017579,0.007848069371111628,0.0005153548879821237,0.00022377842686856873,100.0,0.0,63.15,2.286372673034735,1.075,0.23848480035423641,4.1,0.6244997998398398,0
316,0.9409381796853704,0.024124624750256906,0.01463086134694579,0.007313781703056388,0.0005205966128038644,0.00020132752123833313,100.0,0.0,63.55,2.8892040426387338,1.0,0.0,4.25,0.698212002188447,0
317,0.9398705364210986,0.022270948796172266,0.01500476503503069,0.006338320085258257,0.0005334575416468886,0.0001852330456941906,100.0,0.0,63.1,2.9137604568666933,1.025,0.10897247358851683,4.4,0.9165151389911679,0
318,0.9374225071415996,0.019986360263192837,0.01525505195723266,0.006498006926080225,0.0005575444813477094,0.000160656154653568,100.0,0.0,63.75,2.878801834096956,1.0,0.0,4.35,0.5722761571129799,0
319,0.9386950811162983,0.0215929824852705,0.015348003262268723,0.0060170829165996555,0.0005485011808996126,0.00018910883706135155,100.0,0.0,63.15,2.5548972582082436,1.05,0.2179449471770337,4.3,0.6403124237432849,0
320,0.9390887310188152,0.020986846508222665,0.01482286932625955,0.006352297922216914,0.0005399885834008701,0.0001743515464343057,100.0,0.0,62.9,2.2781571499789037,1.025,0.10897247358851683,4.45,0.9733961166965891,0
321,0.9352882885121744,0.01897639420579822,0.015933079815446595,0.006700500163364386,0.0005658917592004294,0.00015218337611253921,100.0,0.0,63.05,3.1220986531498327,1.125,0.3112474899497183,4.1,0.7,0
322,0.9374157113757556,0.02366840644854736,0.015592669975369714,0.00763406593582505,0.0005391227099973679,0.00019866353610104674,100.0,0.0,62.55,2.3973944189473704,1.05,0.21794494717703372,4.65,0.653834841531101,0
323,0.9378626290526307,0.02590481931061856,0.01595102209968672,0.007040136794518178,0.0005408817833284424,0.00023740248920423498,100.0,0.0,63.7,2.3895606290697042,1.075,0.23848480035423641,4.3,0.6403124237432849,0
324,0.9383886356249166,0.026297676744662647,0.01571262858248049,0.007373181610120266,0.0005399157965239227,0.0002502567922487397,100.0,0.0,63.65,2.286372673034735,1.1,0.2549509756796392,4.2,0.6782329983125268,0
325,0.9348979934126829,0.03041261433160278,0.014836675545720743,0.007530406601721642,0.000606029437214097,0.0002991469150531703,100.0,0.0,63.15,2.372235232855292,1.05,0.21794494717703372,4.35,0.7921489758877431,0
326,0.9357367715768383,0.028548865011171886,0.01308062313888641,0.00690722057229588,0.0006065464500635064,0.0002804199651569877,100.0,0.0,63.5,2.958039891549808,1.1,0.3,4.0,0.6324555320336759,0
327,0.9329700372153094,0.028726068468657467,0.014036619404750117,0.006730998005476396,0.0006327627715786873,0.00028791752890516706,100.0,0.0,63.55,2.836811590500857,1.0,0.0,4.0,0.7071067811865476,0
328,0.9329545167162563,0.03545006208188592,0.014872497705554271,0.008582329794494107,0.0006159053811191877,0.0003650794944423068,100.0,0.0,62.95,2.67348087705897,1.075,0.23848480035423641,4.1,0.5385164807134504,0
329,0.9318157445946204,0.03075714556774455,0.01518907255398457,0.009535637969979803,0.0006211843147834788,0.00031042685543683854,100.0,0.0,63.65,4.2340878592679205,1.15,0.3570714214271425,4.25,0.6224949798994366,0
330,0.9298315966445457,0.026529720071869694,0.01417750381392322,0.008575202894236376,0.0006516156355041833,0.000258128615450621,100.0,0.0,63.9,2.947880594596735,1.025,0.10897247358851683,4.35,0.8529361054615991,0
331,0.9373160630131707,0.020299018483658608,0.01448274682092614,0.008159121726792937,0.0005604784328463495,0.0001914072458361628,100.0,0.0,63.45,2.801338965566288,1.1,0.3,4.35,0.5722761571129799,0
332,0.9354965493508807,0.022239213139496703,0.01527440905670999,0.008187134761188453,0.0005737740283366622,0.00022278731431582316,100.0,0.0,62.8,2.6191601707417593,1.025,0.10897247358851683,4.3,0.6403124237432849,0
333,0.9325537897593732,0.02622288293835141,0.014407451249113246,0.008971221134893721,0.0006147312178323846,0.0002684056898638996,100.0,0.0,63.7,2.7946377224964243,1.075,0.23848480035423641,4.3,0.8426149773176358,0
334,0.9362401256327356,0.02388398009679559,0.014293756573658958,0.009335329187442638,0.0005611460616092919,0.00017989322483552773,100.0,0.0,64.1,3.6041642581880198,1.0,0.0,4.4,1.0198039027185568,0
335,0.931918626925315,0.024263893665010913,0.015523054354765534,0.009038460043889881,0.0006048708150854735,0.00023985473806744986,100.0,0.0,62.9,3.7403208418530087,1.175,0.36314597615834876,4.3,0.45825756949558405,0
336,0.9379262161309307,0.025985817211799978,0.015123865512087506,0.010161927737516835,0.000520278415833667,0.0002465624250281471,100.0,0.0,63.95,3.7212229172679243,1.175,0.36314597615834876,4.45,0.6689544080129827,0
337,0.9361776188847702,0.02834289383174138,0.014999600061842542,0.00971472827833966,0.0005493256861941214,0.0002859062289100118,100.0,0.0,64.6,2.9051678092667896,1.025,0.10897247358851683,4.15,0.6538348415311009,0
338,0.9340676999733366,0.026963384354944525,0.016215235559635655,0.008603270769063143,0.0005802905408548634,0.00027302709114464653,100.0,0.0,63.5,2.5199206336708304,1.0,0.0,4.2,0.6,0
339,0.9363291953986923,0.022640117097560624,0.016510830124908022,0.008606835759127443,0.0005367359888385756,0.00021455143557354856,100.0,0.0,64.15,2.688401011754013,1.025,0.10897247358851683,4.1,0.6244997998398398,0
340,0.9376866325759636,0.022272256800894247,0.016109857941500428,0.009482386558542059,0.000514611331836162,0.00019084079469460953,100.0,0.0,62.75,2.8262165522125158,1.05,0.21794494717703372,4.05,0.6689544080129826,0
341,0.9387385206957692,0.02470634843282601,0.016336615030612966,0.009377270975705872,0.0005017366868862368,0.0002083461742148176,100.0,0.0,63.35,3.365635155509284,1.125,0.3112474899497183,4.25,0.7664854858377946,0
342,0.9403863424113172,0.02895361408592994,0.016578909695989894,0.00955713068846921,0.00047634732044992203,0.0002358569575066788,100.0,0.0,62.25,3.6314597615834874,1.1,0.3,4.25,0.7664854858377946,0
343,0.9413452608364137,0.02901349173280737,0.015774829197475387,0.009690359979805361,0.0004769068561582255,0.00022709135762077643,100.0,0.0,63.95,2.5782746168707478,1.025,0.10897247358851683,4.05,0.8645808232895291,0
344,0.9397941334982367,0.030206984103341415,0.015369913900034362,0.009504227732104164,0.0005094756207365388,0.0002723149717414497,100.0,0.0,62.4,2.4166091947189146,1.0,0.0,4.3,0.45825756949558405,0
345,0.941636688298366,0.030251601697514095,0.015545748279549318,0.009127338157101376,0.00048432102333989736,0.0002506225276259704,100.0,0.0,63.15,3.48245602987317,1.1,0.3,4.4,0.8602325267042626,0
346,0.9438861653176656,0.028393387894653458,0.015412926371882445,0.009333014561852994,0.00044926617580303747,0.00021760750319182936,100.0,0.0,63.8,3.4727510708370675,1.15,0.3570714214271425,3.85,0.5722761571129799,0
347,0.9455004274801514,0.02594835031593087,0.016370321181074555,0.00988809512933703,0.00040901089558319416,0.00015030330523690188,100.0,0.0,64.1,3.064310689208912,1.0,0.0,4.3,0.7810249675906654,0
348,0.9416029236680655,0.029203881885743264,0.016300554445717694,0.008603733778424761,0.00047011996348084704,0.0002327158869466448,100.0,0.0,63.65,2.43464576478797,1.05,0.21794494717703372,4.05,0.5894913061275798,0
349,0.9386715030798174,0.03169047355055789,0.016126080005819724,0.008411179945418073,0.0005100091633536868,0.00030839928271291715,100.0,0.0,63.55,2.940663190506523,1.0,0.0,4.3,1.0049875621120892,0
350,0.9376379304539428,0.029386283239534898,0.016219940009859175,0.00836081431906017,0.000520228583249541,0.0002679419690489903,100.0,0.0,62.9,2.5278449319529077,1.05,0.21794494717703372,4.45,0.9205976319760986,0
351,0.9332179947591188,0.029461020572466225,0.016241170253864137,0.007284876887943922,0.0005891724142516553,0.0003284867636284833,100.0,0.0,63.1,1.9723082923316022,1.05,0.21794494717703372,4.2,0.8124038404635961,0
352,0.937477802383477,0.026194934180775658,0.014836343321548063,0.00716117092262099,0.0005542340801387438,0.000266183148794329,100.0,0.0,63.8,3.171750305430741,1.075,0.23848480035423641,4.55,0.6689544080129827,0
353,0.9370812494054077,0.02266829102817268,0.016364251313600996,0.007126646796885535,0.000538992808670284,0.0002523029549103104,100.0,0.0,63.9,3.047950130825634,1.025,0.10897247358851683,4.15,0.7262919523166975,0
354,0.9411039543330076,0.02360248276317761,0.016059768450260116,0.007390410751022385,0.0004913634958629281,0.00021666011554622846,100.0,0.0,63.0,2.9832867780352594,1.1,0.3,4.2,0.8124038404635961,0
355,0.9416331062503863,0.0251081938279936,0.016611181976072927,0.007482064904071115,0.00047518798540615225,0.0001969837851930654,100.0,0.0,63.1,2.930870177950569,1.05,0.21794494717703372,4.5,0.8660254037844386,0
356,0.9410578742565299,0.02617495850674481,0.01563338817232691,0.00732594588147397,0.000508446034284881,0.00021389570521850265,100.0,0.0,63.35,2.903015673398957,1.05,0.21794494717703372,4.35,0.653834841531101,0
357,0.9391871035891818,0.02575294880980844,0.015594963349066538,0.0074325379476280675,0.0005366670315276945,0.00023981760148366924,100.0,0.0,63.1,2.3430749027719964,1.05,0.21794494717703372,4.3,0.5567764362830021,0
358,0.938999229793609,0.028406796934262592,0.015238208176543824,0.007589180212304685,0.000545977829797936,0.00025318379074535546,100.0,0.0,63.45,2.836811590500857,1.1,0.3,4.15,0.47696960070847283,0
359,0.936675500758056,0.024346276264825054,0.016062900820412725,0.007991410765904844,0.0005489649405096275,0.0001993729216614803,100.0,0.0,62.95,2.3973944189473704,1.05,0.21794494717703372,4.1,0.6244997998398398,0
360,0.9360669869708419,0.02842745226280421,0.01484234773566467,0.008489250558684871,0.000571317229838107,0.00025585640239166843,100.0,0.0,64.2,2.0639767440550294,1.05,0.21794494717703372,4.0,0.6324555320336759,0
361,0.9348209982282535,0.026424111770017963,0.015227103479006254,0.007909244287695598,0.0005860219547538116,0.0002495782014114455,100.0,0.0,63.7,3.716180835212409,1.15,0.3570714214271425,4.05,0.804673846971554,0
362,0.9404398356857226,0.029682326215632895,0.015058714729190643,0.007094696282250011,0.0005246619622502505,0.00026614690246455934,100.0,0.0,62.5,2.247220505424423,1.025,0.10897247358851683,4.2,0.6,0
363,0.9383105801865664,0.03329782919803919,0.01473429965766101,0.008072738376617837,0.0005525687602564181,0.00034752576389263605,100.0,0.0,62.3,3.7696153649941526,1.15,0.3570714214271425,4.05,0.5894913061275798,0
364,0.9383218786874918,0.026401809762145827,0.014511996906467633,0.007675019836053907,0.0005615854829475745,0.0002784318122882161,100.0,0.0,64.7,3.132091952673165,1.0,0.0,4.15,0.6538348415311012,0
365,0.937750958298416,0.027104032855509504,0.015262456760197681,0.007827503677464357,0.0005497644234644291,0.0002581389772567106,100.0,0.0,63.45,2.9912372022292053,1.05,0.21794494717703372,4.45,0.8645808232895291,0
366,0.9317262327369986,0.030516635417657017,0.015014027796454993,0.00805659332680571,0.0006386232982429766,0.0003166380393428036,100.0,0.0,62.75,2.878801834096956,1.1,0.3,4.05,0.739932429347437,0
367,0.9329358850967644,0.035871673309187634,0.015073168220970176,0.0079471233593824,0.0006186529487633754,0.0003738139777933472,100.0,0.0,63.75,3.2384409829422554,1.075,0.23848480035423641,4.1,0.7000000000000001,0
368,0.9396266333116767,0.02935030844530329,0.014811001815687319,0.0072366945781392345,0.0005346972611440645,0.00031189573436078477,100.0,0.0,63.45,3.6670833096617805,1.075,0.23848480035423641,4.2,0.7483314773547883,0
369,0.9390842701640645,0.026456213242950603,0.016118516579529854,0.006893681952730734,0.00052581010726338,0.00029813657002566475,100.0,0.0,63.45,3.2011716605018234,1.05,0.2179449471770337,4.05,0.49749371855331004,0
370,0.9376227711634056,0.030737668667112205,0.01581242716866881,0.007386086567937721,0.0005381451972779042,0.00030708845572273934,100.0,0.0,64.1,2.844292530665578,1.05,0.15,4.25,0.698212002188447,0
371,0.9349724467194497,0.03039552434330813,0.016619203825039036,0.007571321312726629,0.0005580493298350862,0.0002871679084889817,100.0,0.0,63.85,3.1666228067138023,1.0,0.0,4.15,0.6538348415311009,0
372,0.9269893045806983,0.03036785140073116,0.018057486354282407,0.007895706672175186,0.0006313380827404297,0.0002738662733874124,100.0,0.0,63.75,1.8131464364468746,1.05,0.21794494717703372,3.95,0.5894913061275798,0
373,0.930210377358548,0.030250837934920453,0.018850214293442698,0.0087682860475993,0.0005696462430015715,0.0002647990872001312,100.0,0.0,63.25,2.5273503912200224,1.05,0.21794494717703372,4.15,0.653834841531101,0
374,0.9358212090085016,0.02531991421904596,0.018125575295215034,0.007408662193365527,0.0005194992617926232,0.00023268658521832415,100.0,0.0,64.4,3.307567081708245,1.05,0.21794494717703372,4.0,0.5477225575051661,0
375,0.9385616092594292,0.025468759399738222,0.018066464723409396,0.007610452787815941,0.0004792376811268671,0.00021796455230702476,100.0,0.0,64.85,3.5252659474144643,1.075,0.23848480035423641,4.35,1.1947803145348521,0
376,0.94149467953782,0.023532218857867795,0.01684213875846629,0.00815397192508076,0.0004585748656180164,0.00020012294686880567,100.0,0.0,63.8,3.2186953878862163,1.05,0.21794494717703372,4.15,0.7921489758877431,0
377,0.936205979559342,0.023737419319509016,0.017938805343965292,0.008098348140057514,0.0005117234832971323,0.0001976554111757844,100.0,0.0,62.75,3.2384409829422554,1.025,0.10897247358851683,4.3,0.7810249675906654,0
378,0.9342617596327585,0.023018899785200043,0.017105424526588732,0.00851186897251212,0.0005432695285017303,0.00018631122609771275,100.0,0.0,64.05,3.667083309661781,1.05,0.21794494717703372,4.15,0.7262919523166975,0
379,0.9365358307517377,0.024051273665099165,0.016814167831330308,0.00831777778462309,0.0005155714616606811,0.00017579350000377568,100.0,0.0,63.95,3.3834154341434335,1.075,0.23848480035423641,4.3,0.8426149773176358,0
380,0.9364709163951774,0.022697085825148428,0.015788969075797833,0.00815179549590738,0.0005433413625254779,0.0002111400248416971,100.0,0.0,63.05,2.8543825952384165,1.0,0.0,4.2,0.7483314773547882,0
381,0.937913458272307,0.024018430679184057,0.016511512308802052,0.008372206949887627,0.0005098767083314903,0.00019545148642762585,100.0,0.0,63.4,2.6720778431774774,1.15,0.3570714214271425,4.2,0.812403840463596,0
382,0.9392879338681309,0.019757276228352084,0.01602568549574227,0.008089229099785804,0.0004972728098191193,0.00019193801586769532,100.0,0.0,62.85,2.8155816450602176,1.075,0.23848480035423641,4.25,0.82915619758885,0
383,0.9371641975213615,0.025158120554493735,0.015398050872976313,0.008482740744407543,0.0005341447743910244,0.00024186295897966472,100.0,0.0,62.0,2.792848008753788,1.05,0.21794494717703372,4.25,0.7664854858377946,0
384,0.9369528577642156,0.022668333643192,0.01648868103996257,0.008572300313370121,0.0005162676026563141,0.00023411732998209294,100.0,0.0,62.3,2.968164415931166,1.1,0.3,4.5,0.7416198487095663,0
385,0.9398441210434152,0.019134438411352303,0.016144328897504927,0.008247631847884723,0.000491068497367365,0.0001575056956540542,100.0,0.0,64.1,3.491418050019218,1.15,0.3570714214271425,3.9,0.7681145747868608,0
386,0.9401755547749688,0.017376024032851965,0.01714175628405146,0.007512327544671725,0.0004859809231081881,0.00014740355348818668,100.0,0.0,63.25,3.222964473896664,1.1,0.3,4.25,0.82915619758885,0
387,0.9416870769087348,0.015153631566563077,0.016177151136863917,0.0074342422909256375,0.0004824016032167036,0.00015609433998868108,100.0,0.0,63.95,2.4387496796514396,1.0,0.0,4.15,0.7262919523166976,0
388,0.9416325479657809,0.014709507298596243,0.01522116455451864,0.007495379664331661,0.0004952715045149597,0.00018595721408620864,100.0,0.0,63.5,2.80178514522438,1.05,0.21794494717703367,4.25,0.82915619758885,0
389,0.9431158717930987,0.01378431338785541,0.014762399312505534,0.006603978748817014,0.0004899390770403661,0.00012894624340214938,100.0,0.0,63.75,2.7726341266023544,1.1,0.2549509756796392,4.35,0.5722761571129799,0
390,0.9411382450040536,0.016719062211405164,0.01606302059065529,0.0069962345917838455,0.0004923763344905522,0.00014643175538792691,100.0,0.0,63.45,2.81913107180209,1.05,0.2179449471770337,4.1,0.6244997998398398,0
391,0.9440038772170378,0.019673797974708376,0.015257128029496988,0.007410528381376076,0.0004712666971110514,0.00018480259906781022,100.0,0.0,63.3,3.0512292604784714,1.0,0.0,4.35,0.6538348415311012,0
392,0.9444175960035098,0.020649870559758296,0.015015681064429739,0.007916282595061004,0.0004746401728390316,0.0001731456325193662,100.0,0.0,63.8,2.9933259094191524,1.1,0.3,4.1,1.1789826122551597,0
393,0.9454024081900444,0.021287878695321585,0.01493488299602368,0.007733702719355383,0.00046441393394420865,0.00018991019907034788,100.0,0.0,63.8,2.5999999999999996,1.05,0.21794494717703372,4.9,1.1789826122551597,0
394,0.9440846844649513,0.02137589974284794,0.014448962482868652,0.00840226663423911,0.0004841446758914395,0.00020773165975296676,100.0,0.0,63.05,3.761316258971054,1.05,0.15,4.15,0.7262919523166976,0
395,0.9417794974990134,0.02391365240880771,0.01525814479428959,0.008304483684078037,0.0004896083600841113,0.00023968869937516913,100.0,0.0,62.85,2.5937424698685874,1.125,0.3112474899497183,4.15,0.5722761571129799,0
396,0.940147593877333,0.022285251357021932,0.014995224168679027,0.007983063651186968,0.0005219990800858301,0.00022439005451076598,100.0,0.0,63.4,3.246536616149586,1.125,0.3112474899497183,4.35,0.6538348415311012,0
397,0.9441502460473694,0.022246671880333437,0.016044974705383533,0.007574875377194723,0.0004547180207852162,0.00021338453686487084,100.0,0.0,62.9,3.047950130825634,1.05,0.21794494717703372,4.65,0.7921489758877431,0
398,0.9439636077978477,0.023178283383985653,0.0165234353026397,0.008026322869386466,0.0004477606767876772,0.0002015412040104459,100.0,0.0,63.35,2.4550967394381837,1.05,0.21794494717703367,4.05,0.5894913061275798,0
399,0.9449426936013738,0.02120759590551563,0.01564470245795064,0.008870563486944682,0.0004381535048861347,0.00019018309348282323,100.0,0.0,62.85,2.4550967394381833,1.05,0.2179449471770337,4.4,0.8,0
400,0.946252671607023,0.02038352352618906,0.01633700868821924,0.007620051930370709,0.00041752536312064366,0.00019438518821975582,100.0,0.0,62.55,3.0736785778607367,1.05,0.21794494717703372,4.2,0.5099019513592784,0
401,0.9449368740975874,0.016049666026008966,0.015748388636574084,0.00696093607248231,0.0004483825275204727,0.00016442167210499055,100.0,0.0,63.85,2.414021540914662,1.1,0.3,3.95,0.804673846971554,0
402,0.9437969410342589,0.016787442940382504,0.015354216360597,0.00759765248624716,0.00047056749900209965,0.00017501797759771274,100.0,0.0,63.75,3.5899164335677787,1.1,0.3,4.15,0.9630680142129111,0
403,0.9465188217241132,0.015849877648714046,0.017067976446491818,0.007224031890287613,0.0004113773064003953,0.00013658510518369896,100.0,0.0,62.85,2.5352514668174435,1.1,0.3,4.15,0.4769696007084728,0
404,0.9480389728197313,0.015106475225145381,0.016914325909293437,0.006792668606865498,0.0004033706618564988,0.00015640087357194818,100.0,0.0,63.65,2.6884010117540127,1.05,0.21794494717703372,4.2,0.6,0
405,0.9454796781199025,0.016841860515429668,0.017815355497031164,0.007885572188226666,0.0004053625758662552,0.00016150128761305765,100.0,0.0,63.4,2.8000000000000003,1.05,0.21794494717703372,4.15,0.7262919523166975,0
406,0.9411153104438329,0.016015353225772987,0.01739963898127205,0.007151528453554429,0.00047592001456641926,0.00018954106474732983,100.0,0.0,62.65,4.162631379308046,1.15,0.32015621187164245,4.1,0.8888194417315588,0
407,0.9407258466359292,0.021507479700276978,0.017823353738378334,0.007419543845538633,0.0004672303629097807,0.00021362169913384939,100.0,0.0,63.95,2.8892040426387333,1.0,0.0,4.35,0.7262919523166976,0
408,0.9432505918024026,0.02542398425368075,0.017111247661478583,0.007446462946734782,0.00045515595177135926,0.00027988350794403783,100.0,0.0,63.05,3.0736785778607367,1.15,0.3570714214271425,4.25,0.4330127018922193,0
409,0.9456491236442102,0.020573667938125623,0.016849728532241315,0.008032599934806954,0.0004116243484403654,0.0001941181528843833,100.0,0.0,63.25,3.031088913245535,1.075,0.23848480035423641,4.3,0.45825756949558405,0
410,0.9398412505790166,0.024111225369544752,0.017007941976463766,0.008647099313281026,0.00048099323347477194,0.0002635784986144824,100.0,0.0,64.15,2.7798381247835278,1.0,0.0,4.25,0.9420721840708386,0
411,0.9389872690377107,0.024088620718646796,0.016722125416811912,0.008644103600902104,0.0005037261656734191,0.0002807063960883456,100.0,0.0,62.55,2.7290108097990378,1.15,0.3570714214271425,4.15,0.7262919523166975,0
412,0.9415637899610594,0.018713012992264574,0.016527861011243906,0.006834206607036265,0.0004844372345538762,0.0002005588814667542,100.0,0.0,62.95,3.0244834269673224,1.075,0.23848480035423641,4.2,0.8717797887081348,0
413,0.9375627209049175,0.020557445399735853,0.016644416945328786,0.006797178591020432,0.0005393242233903855,0.00020471177716177875,100.0,0.0,64.65,2.903015673398957,1.0,0.0,4.3,0.5567764362830021,0
414,0.9417716500673112,0.02026673785820292,0.015621593612802104,0.005897209773145932,0.0004980705716853562,0.00023979226119548653,100.0,0.0,63.75,2.5074887836239665,1.0,0.0,4.35,0.7262919523166975,0
415,0.9379823086654049,0.02620198051575026,0.017328167277310954,0.005349899318455971,0.0005222996330530459,0.0002917863520885089,100.0,0.0,63.85,2.286372673034735,1.05,0.21794494717703367,4.2,0.5099019513592784,0
416,0.935620353328725,0.02438758689678905,0.017505498644547694,0.00568439250940068,0.0005457334674063192,0.0003020273539740692,100.0,0.0,63.05,3.169779172119093,1.075,0.23848480035423641,4.25,0.698212002188447,0
417,0.9372058895211959,0.02287523931207318,0.016928254571377498,0.006699573067371501,0.0005339614512964175,0.0002659953615779231,100.0,0.0,65.4,2.672077843177477,1.0,0.0,4.25,0.698212002188447,0
418,0.9408937881967725,0.02105855505856983,0.016074709078599928,0.0069874363792770166,0.000493959906794302,0.00020175261312044585,100.0,0.0,62.55,3.5843409436045564,1.05,0.21794494717703372,4.3,0.8426149773176358,0
419,0.9416395717098676,0.02168898500556317,0.01740738436473162,0.006839878415684727,0.00046329276894741965,0.00020911429476081004,100.0,0.0,61.8,3.043024810940588,1.2,0.4,3.95,0.5894913061275798,0
420,0.9452736841459952,0.01943469990681501,0.016148501261870514,0.006160153605554843,0.0004540399411127723,0.00019242202116974901,100.0,0.0,64.25,2.624404694402142,1.05,0.21794494717703372,4.05,0.6689544080129826,0
421,0.9393444647484241,0.01863915488891175,0.01666477829847703,0.006086814899337697,0.0005257319715106649,0.0001910462897269502,100.0,0.0,63.75,2.299456457513384,1.0,0.0,4.25,0.5361902647381804,0
422,0.9380700356365091,0.017045691455954276,0.016279827810575888,0.006051337140987432,0.0005453496445936923,0.0001936909952046084,100.0,0.0,63.9,3.7403208418530087,1.125,0.3112474899497183,3.95,0.4974937185533099,0
423,0.9375755733400567,0.0208727457145266,0.015446504308575817,0.007037963880958132,0.0005624556074056745,0.0002648197197186414,100.0,0.0,62.6,4.1521078984053394,1.2,0.4,4.15,0.9096702699330127,0
424,0.9362039568384037,0.021955164265734996,0.016024816791077263,0.006404469058186158,0.0005711867016728171,0.0002989039255749407,100.0,0.0,63.9,2.5670995305986875,1.025,0.10897247358851683,4.1,0.43588989435406733,0
425,0.9353389635657869,0.02264077164503761,0.01506580530341067,0.006093876286402084,0.0005861233366508965,0.0002856826481440625,100.0,0.0,62.5,3.0413812651491097,1.1,0.3,4.65,0.9096702699330126,0
426,0.9332833040957205,0.023320662546616445,0.015010569100555385,0.00600118028048054,0.0006112836469207015,0.00027673361588796187,100.0,0.0,63.0,2.569046515733026,1.05,0.15,4.1,0.7,0
427,0.9377746666366612,0.0237198663147272,0.01480000545636837,0.005595031354389313,0.000558888674279507,0.00027450018817833316,100.0,0.0,63.95,3.528101472463625,1.05,0.21794494717703372,4.25,0.5361902647381804,0
428,0.9400669142194766,0.02372907524263276,0.015233721284658375,0.006914361303216795,0.0005173507208468999,0.00024580889584420066,100.0,0.0,63.6,3.023243291566195,1.05,0.21794494717703372,4.3,0.6403124237432849,0
429,0.9411737073517956,0.02097293281604968,0.014629994254777925,0.00652938027968135,0.0005185337424055771,0.000227813320860595,100.0,0.0,62.45,2.836811590500857,1.15,0.3570714214271425,4.2,0.6782329983125269,0
430,0.9432727199290996,0.0195757316035422,0.014616302016928994,0.006567606139411698,0.00048780202680302244,0.00019425412679758807,100.0,0.0,63.55,2.132486811213612,1.1,0.2549509756796392,4.2,0.6782329983125268,0
431,0.9388139484426603,0.018154983717282105,0.013554432055248491,0.007220267771013878,0.0005515786094390449,0.00019127024377954698,100.0,0.0,62.55,3.169779172119093,1.125,0.3112474899497183,4.1,0.5385164807134504,0
432,0.9371887093171919,0.02039469300819126,0.014260657331489113,0.00789961795595901,0.0005570631679051016,0.00019234518814742653,100.0,0.0,63.95,2.4994999499899975,1.05,0.21794494717703372,4.05,0.6689544080129826,0
433,0.9348088717560442,0.01967771908451359,0.014359818536819783,0.008104828808135846,0.0005874714935243904,0.00020363617488893584,100.0,0.0,63.4,3.6660605559646724,1.1,0.3,4.25,0.5361902647381804,0
434,0.9334581372450493,0.022897432956576265,0.014092643858123654,0.007212021690278054,0.000618935871912178,0.00026694377684577196,100.0,0.0,63.2,3.3105890714493693,1.075,0.23848480035423641,4.15,0.6538348415311012,0
435,0.934763473650797,0.02425345045612392,0.01439465547163049,0.00680452361635057,0.0006072300517597635,0.0002887389405308065,100.0,0.0,64.0,3.40587727318528,1.05,0.21794494717703372,4.15,0.6538348415311012,0
436,0.9355997776588652,0.024488622992909378,0.014899701443854163,0.007232949467921955,0.0005671155856810052,0.00023510513031322957,100.0,0.0,64.65,2.2863726730347356,1.05,0.21794494717703372,4.2,0.39999999999999997,0
437,0.9282464513357093,0.02638814517837546,0.015150879740518833,0.007648511348154076,0.0006561823118318048,0.00026948229030766,100.0,0.0,62.75,3.1444395367060247,1.05,0.21794494717703372,4.3,0.7810249675906654,0
438,0.9311837882129396,0.024614965977399445,0.01566765433478882,0.008171751148525553,0.000613040781039376,0.0002496072381046276,100.0,0.0,63.1,2.826658805020514,1.0,0.0,4.55,0.6689544080129827,0
439,0.9343823056079131,0.019787236885510276,0.015662661322586587,0.008472792899880191,0.0005744081836616176,0.00019641956683421062,100.0,0.0,63.85,2.868361901852694,1.025,0.10897247358851683,4.25,0.5361902647381804,0
440,0.9316107652703378,0.026649182770336885,0.016240604562632478,0.008911469680995201,0.0005993325271205863,0.0002843535726356837,100.0,0.0,63.2,2.712931993250107,1.1,0.3,4.05,0.804673846971554,0
441,0.9336098660527524,0.027894229474163354,0.016811913392580882,0.008561484310920218,0.0005779703954062096,0.0003371994169231898,100.0,0.0,63.25,2.1880356487041066,1.025,0.10897247358851683,4.55,0.6689544080129827,0
442,0.9396995548376996,0.025437662832872694,0.015716565983637677,0.00906492251110533,0.000496972473301332,0.0002520694384450079,100.0,0.0,62.85,3.365635155509284,1.1,0.3,4.15,0.47696960070847283,0
443,0.9425893953928728,0.023728633793972793,0.016424033247224367,0.008040381981358785,0.00045774102561812124,0.00021544783165872405,100.0,0.0,62.15,3.335790760824186,1.1,0.25495097567963926,4.5,1.118033988749895,0
444,0.9439304220284226,0.024113747359867998,0.01575331785154813,0.00811803348713621,0.0004502843134846471,0.00023079555850752433,100.0,0.0,65.35,2.903015673398957,1.0,0.0,4.05,0.6689544080129826,0
445,0.9396568756857517,0.026552200082384694,0.015149640284334224,0.007984750901909612,0.0005187540377664752,0.0002723892269807317,100.0,0.0,62.85,3.5815499438092444,1.05,0.15,4.3,0.8426149773176358,0
446,0.9393618144714122,0.024791118379082305,0.016223235669303136,0.00816780868240046,0.0005055988358429016,0.00022763457593823685,100.0,0.0,62.95,2.9406631905065224,1.025,0.10897247358851683,4.3,0.5567764362830021,0
447,0.9429722251792485,0.02171525556967805,0.015464868204947645,0.007865341744609913,0.0004692195032861606,0.00016133936634619875,100.0,0.0,61.85,3.1348843678834477,1.125,0.3112474899497183,3.85,0.3570714214271425,0
448,0.9435474151585641,0.022025608514422892,0.014058173329561987,0.007940540551741903,0.00048455750830343265,0.00013371958102325194,100.0,0.0,64.05,3.3537292675468007,1.0,0.0,4.2,0.812403840463596,0
449,0.9405357644886558,0.024490901913523214,0.013804227477567047,0.008383888464113953,0.0005289944790242151,0.00020191174847914716,100.0,0.0,62.85,2.8508770580296865,1.1,0.3,4.25,0.82915619758885,0
450,0.9388818004677131,0.022449981536159496,0.013784144404654853,0.008561750459375227,0.0005505131863603851,0.00016522378296467333,100.0,0.0,63.65,2.937260628544903,1.05,0.21794494717703372,4.2,0.812403840463596,0
451,0.9418103474657654,0.02336697558461019,0.013758030209629008,0.007847435152976704,0.0005203225444698047,0.0002369582334953922,100.0,0.0,62.55,2.923610781208744,1.025,0.10897247358851683,4.35,0.8529361054615991,0
452,0.9426874200599624,0.02791528835620212,0.014601309289552245,0.008178638025655424,0.0004943372317704126,0.0003025790843975701,100.0,0.0,62.65,3.08666486681013,1.05,0.21794494717703372,4.35,0.9630680142129111,0
453,0.9414139700939691,0.027448843213064674,0.014912982472528447,0.008374161681443608,0.0004977455819083672,0.00028961794453810175,100.0,0.0,64.05,3.201171660501823,1.05,0.21794494717703372,4.1,0.7000000000000001,0
454,0.936423042387829,0.02956278558089996,0.016101924111025297,0.007783133019119394,0.0005606321387660736,0.0003369088490993337,100.0,0.0,63.55,2.97447474354717,1.0,0.0,3.95,0.5894913061275798,0
455,0.9381941320833767,0.02663217405582071,0.015325668682215373,0.007033942010782175,0.0005462125866003101,0.0003058768686920882,100.0,0.0,62.8,3.501428280002319,1.05,0.21794494717703372,4.4,0.9165151389911681,0
456,0.9364331850099221,0.028034211276728067,0.01610329736981636,0.0071242824948035445,0.0005531708194552636,0.00034828293270538775,100.0,0.0,62.55,2.7106272336859605,1.0,0.0,4.15,0.47696960070847283,0
457,0.9371531973395173,0.02426551146879691,0.0158093336628474,0.007072582722727847,0.0005425717461818712,0.00025258256184890773,100.0,0.0,63.65,4.138538389335056,1.025,0.10897247358851683,4.35,0.7262919523166975,0
458,0.9360844274141803,0.020684867100542632,0.016412651736707095,0.007331223760029084,0.0005506403413873469,0.00023850458172506724,100.0,0.0,62.65,3.118894034750139,1.05,0.21794494717703372,4.7,0.9539392014169458,0
459,0.9388213210577592,0.02187439374120113,0.01694883417119853,0.006808401529895909,0.0005136484280639528,0.000272933545919519,100.0,0.0,64.65,2.5743931323712004,1.0,0.0,4.25,0.82915619758885,0
460,0.9378246231889789,0.024825574735457195,0.017291830870630413,0.006658204520351504,0.0005235633649346273,0.0003228547054521285,100.0,0.0,63.65,3.380458548777074,1.025,0.10897247358851683,4.2,0.7483314773547883,0
461,0.9381097914466249,0.023636880935153166,0.017345983435268258,0.007072246954625514,0.0005243698065048794,0.00025618853850699504,100.0,0.0,63.75,2.48746859276655,1.025,0.10897247358851683,4.2,0.7483314773547883,0
462,0.9407239340186301,0.023633569188480995,0.017095621909082395,0.007064832933542552,0.0004906140885384999,0.0002493529253712801,100.0,0.0,64.15,3.380458548777074,1.1,0.3,4.05,0.6689544080129826,0
463,0.9384471245507807,0.02424661491898282,0.017561337169084867,0.007793698082578802,0.0005028439459440031,0.00026430384151885576,100.0,0.0,63.45,2.9064583258667245,1.1,0.3,4.05,0.6689544080129826,0
464,0.9368213941919301,0.02312474494046038,0.01778727811838478,0.007679610378613968,0.000518583583432405,0.0002170159337670197,100.0,0.0,65.25,3.222964473896664,1.05,0.21794494717703372,3.95,0.49749371855331004,0
465,0.9389766527831632,0.021988952138131374,0.01788992993982516,0.0073815896659842305,0.00048368485306084274,0.00018895542406106324,100.0,0.0,65.2,2.976575213227443,1.0,0.0,4.0,1.0488088481701516,0
466,0.9402997401851598,0.024324901426509192,0.017640152881524807,0.007340320038067654,0.0004699738310823834,0.00020882709229035347,100.0,0.0,64.05,3.1220986531498327,1.075,0.23848480035423641,4.1,0.7000000000000001,0
467,0.9363074349799444,0.024218439913470242,0.017364660950261027,0.006834421762524756,0.0005281653165009953,0.00020573058299363533,100.0,0.0,63.15,3.8114957693797855,1.15,0.3570714214271425,4.15,0.7921489758877431,0
468,0.9373207342498452,0.025702244105300184,0.01731832408365955,0.007022080010531191,0.0005157559995463969,0.00021278730052541354,100.0,0.0,64.95,3.040970239906994,1.025,0.10897247358851683,4.0,0.5477225575051661,0
469,0.9316617952003966,0.026486518371578918,0.017483522102114502,0.008392812604404219,0.0005684261394364573,0.0002357591726511092,100.0,0.0,63.35,2.6509432283623124,1.05,0.2179449471770337,4.05,0.49749371855331004,0
470,0.9305314658928948,0.024272430898301736,0.01766620669891668,0.008465325777588082,0.0005847210244472605,0.00026889881997076446,100.0,0.0,62.45,2.7290108097990378,1.1,0.3,4.2,0.6,0
471,0.9290703359907793,0.023801582034000977,0.017785904449506073,0.00857127397619191,0.0005989071489528634,0.00025622416110281907,100.0,0.0,63.2,3.709447398198282,1.025,0.10897247358851683,4.45,0.9733961166965892,0
472,0.9333294998008068,0.023174017390127574,0.0162989348330577,0.007905666622454635,0.0005747293643507949,0.00024583438470374597,100.0,0.0,61.85,3.7719358425084595,1.075,0.23848480035423641,4.4,0.9695359714832658,0
473,0.925931964810791,0.02488741680493487,0.017982729430815837,0.008569325325213371,0.0006387343069902184,0.00028474364765088323,100.0,0.0,63.55,3.2935543110748915,1.05,0.21794494717703372,4.15,0.47696960070847283,0
474,0.9276131939212376,0.02725200608242061,0.018198489633437606,0.008138781604687667,0.0006183032246588045,0.00029401380671063425,100.0,0.0,63.2,3.009983388658482,1.1,0.3,4.4,0.5830951894845301,0
475,0.9262493097048011,0.03296209697018129,0.01743360893602029,0.008070944935639498,0.0006423813691868853,0.00036941138072614646,100.0,0.0,63.8,3.443835071544512,1.0,0.0,4.35,0.7921489758877431,0
476,0.9300586550349923,0.031073815614183924,0.01716519548626552,0.0073792487273976965,0.000606499355508016,0.00034699798692207633,100.0,0.0,64.5,3.263433774416144,1.025,0.10897247358851683,4.1,0.7681145747868608,0
477,0.9325143655611108,0.028586678324410458,0.017233651051834484,0.008321149543176452,0.0005671733151823183,0.00029771947378877986,100.0,0.0,63.25,3.207413287993925,1.05,0.21794494717703372,4.4,0.5830951894845301,0
478,0.9345730011569934,0.028211127367643297,0.017525788854509998,0.007841536282290762,0.0005504293075936146,0.00031630907703049366,100.0,0.0,63.9,2.7367864366808017,1.0,0.0,4.2,0.6,0
479,0.9365864508199906,0.023457521087758063,0.01642271111300829,0.007536923875898438,0.0005410611090936729,0.0002554244730742073,100.0,0.0,63.55,2.7834331319433563,1.05,0.21794494717703372,4.45,0.8046738469715541,0
480,0.9372266038611354,0.023941687873505545,0.015271276588709453,0.008406589510781933,0.0005451083817429198,0.0002718050392742084,100.0,0.0,63.65,3.134884367883447,1.0,0.0,4.3,0.5567764362830022,0
481,0.9374415407376363,0.021082587494060917,0.015060459201199505,0.008268930200175658,0.0005471148368498749,0.0002739892584908275,100.0,0.0,62.55,3.6534230524263136,1.15,0.3570714214271425,4.3,0.7810249675906654,0
482,0.9414102309664021,0.017623721861744976,0.014269440669676184,0.0074828205428489215,0.0005188264682095628,0.0002385724026634303,100.0,0.0,63.2,2.803569153775237,1.025,0.10897247358851683,4.1,0.5385164807134504,0
483,0.9411554235618291,0.012908442036513614,0.015402759054950008,0.007506619695278018,0.0004922665295239888,0.00018184943848751871,100.0,0.0,63.9,3.2848135411313684,1.0,0.0,4.15,0.7921489758877431,0
484,0.9403384710776569,0.01823223715934252,0.015676660120201767,0.007304332093771397,0.0004991306010358194,0.00022236990941970305,100.0,0.0,64.5,2.539685019840059,1.0,0.0,4.2,0.6782329983125269,0
485,0.938750270600309,0.01827751684337715,0.01590531926400423,0.006094401821134679,0.0005238879678744288,0.00023333761968262508,100.0,0.0,63.35,3.4245437652335533,1.1,0.2549509756796392,4.1,0.8888194417315588,0
486,0.9376543509903985,0.01795418878631654,0.015051876700794059,0.006206149319140626,0.0005552939477741029,0.00023904642299518847,100.0,0.0,63.55,2.5782746168707473,1.05,0.21794494717703367,4.25,0.5361902647381804,0
487,0.9384569182205207,0.01904443214360653,0.01431877990106977,0.006419447181530164,0.0005523523879484622,0.00023440062636657932,100.0,0.0,63.55,3.694252292413175,1.1,0.3,4.15,0.5722761571129799,0
488,0.9346876670164631,0.023342313788816908,0.014665407959767476,0.0066600800510323846,0.0006020048557136019,0.00029400687253166365,100.0,0.0,62.4,3.786819245752298,1.05,0.15,4.45,1.2031209415515964,0
489,0.9389675746153413,0.016489778087446172,0.015041223642582424,0.00600891477326299,0.0005433967553180607,0.00020056108068223596,100.0,0.0,63.35,3.623189202898463,1.05,0.15,4.45,1.023474474522936,0
490,0.9375128027389206,0.014717272017178679,0.014552567444055146,0.007003272765764487,0.0005598291539703312,0.0001866600732503022,100.0,0.0,62.6,3.0397368307141326,1.075,0.23848480035423641,4.05,0.6689544080129826,0
491,0.9401951606407488,0.0146961820347258,0.013924933951472544,0.0065123851930708136,0.0005436492008307006,0.0001673412291976028,100.0,0.0,63.65,3.1666228067138023,1.0,0.0,4.25,0.6224949798994366,0
492,0.9439246201963281,0.016824905400434857,0.014210960535360778,0.005593894273960506,0.0005021432963066611,0.00019580803273275998,100.0,0.0,64.3,2.5317977802344327,1.0,0.0,4.2,0.6,0
493,0.9464193941080941,0.01875453924089557,0.013373789355685926,0.005100322618725681,0.0004821606331457926,0.00020160029788230654,100.0,0.0,63.8,2.712931993250107,1.05,0.21794494717703372,4.15,0.7262919523166975,0
494,0.943247605106324,0.017129910342488397,0.012781341433637693,0.005163433662448166,0.0005323173976616196,0.00017403655116022423,100.0,0.0,64.0,2.5298221281347035,1.05,0.21794494717703367,4.25,1.0428326807307104,0
495,0.942771048823549,0.015835600949149566,0.01392133247858062,0.0051029633955263914,0.0005151832108363987,0.00018173317685451866,100.0,0.0,64.15,2.2197972880423116,1.0,0.0,4.3,0.7810249675906654,0
496,0.9402270748060391,0.01745591864751173,0.014316102213949055,0.0055598259406249885,0.000536677050511203,0.00019740356730039022,100.0,0.0,63.45,2.871846096154876,1.1,0.3,4.05,0.6689544080129826,0
497,0.9448930326765084,0.01533348469261989,0.01305280712757311,0.005885540492330523,0.0004979592057395472,0.00017071432739865978,100.0,0.0,64.3,2.3259406699226015,1.0,0.0,4.3,0.7810249675906654,0
498,0.9450263732940989,0.01566320892666719,0.013255971278867806,0.005360945690010729,0.0004970120270036489,0.00017510093981090399,100.0,0.0,63.05,2.9744747435471695,1.1,0.3,4.5,1.02469507659596,0
499,0.9401596645027223,0.019340548397795636,0.015014942932197147,0.006246199966967741,0.0005407463904335528,0.00020033038126905257,100.0,0.0,62.5,3.2326459750489227,1.1,0.3,4.3,0.6403124237432849,0
500,0.9451574569087992,0.019940155466222447,0.013809723415450692,0.007019589219260334,0.0004958816244033085,0.00020126165718738293,100.0,0.0,63.5,3.640054944640259,1.075,0.23848480035423641,4.2,0.7483314773547883,0
501,0.9463741967483245,0.021240235024021815,0.012877268893504764,0.006692485584459302,0.000485510994151408,0.00022222041130126456,100.0,0.0,63.6,3.7202150475476548,1.15,0.3570714214271425,4.2,0.8124038404635961,0
502,0.9459698636325695,0.02145198252563803,0.013847010103857204,0.00611239268422457,0.0004847185595226981,0.0002226398540782009,100.0,0.0,63.55,2.836811590500857,1.075,0.23848480035423641,4.0,0.7071067811865476,0
503,0.9435539769433923,0.021224441751462274,0.012756963581022181,0.005255309633896795,0.0005270677763947192,0.00021942132701198346,100.0,0.0,62.3,2.282542442102666,1.1,0.3,4.25,0.8874119674649424,0
504,0.9408259488829478,0.0215075998046395,0.012670239171546513,0.006739824038766142,0.0005520303022602241,0.00021741342989522252,100.0,0.0,63.35,3.5954832776693593,1.1,0.3,4.2,0.8124038404635961,0
505,0.9390501875064267,0.022534319690866552,0.014480260775389064,0.008045976976443752,0.0005348403223168097,0.0001919276816835515,100.0,0.0,63.75,3.329789783154486,1.1,0.3,4.15,0.5722761571129799,0
506,0.9414064307852806,0.020654596868760252,0.014718326106831593,0.007362979260545301,0.0005053841080782622,0.00018654180128354313,100.0,0.0,63.8,2.9257477676655586,1.05,0.2179449471770337,4.35,0.5722761571129799,0
507,0.93828580552772,0.018127997462220886,0.014215126701931643,0.00754077024417463,0.0005445735980655027,0.00015266352457250556,100.0,0.0,63.6,3.120897306865447,1.1,0.3,4.35,1.1079259903080168,0
508,0.9354441308080718,0.023983991763416958,0.01493225391881213,0.007845134741977008,0.0005745365461348676,0.00021191103159309626,100.0,0.0,63.1,2.5670995305986875,1.075,0.23848480035423641,4.4,0.7348469228349535,0
509,0.9297789898767739,0.030403427786515013,0.015515270697864573,0.008197137361500335,0.000634516283803156,0.0003091715758869569,100.0,0.0,63.75,3.672533185690771,1.1,0.3,4.1,0.8888194417315588,0
510,0.9341141309239746,0.026201576018871468,0.015222868111637833,0.007096639584541437,0.0006053557343684102,0.00026748464371321984,100.0,0.0,62.45,2.9744747435471703,1.125,0.3112474899497183,4.25,0.6224949798994366,0
511,0.939713870440863,0.019453243977603705,0.013333280721429733,0.0066298072378178875,0.000560450147179407,0.00022174782581964634,100.0,0.0,63.45,3.456515586540874,1.05,0.15,4.2,0.6782329983125269,0
512,0.9400539189674257,0.016182092135147125,0.013463412977250297,0.0066174504820451585,0.0005480704917784629,0.00018366082686832252,100.0,0.0,62.0,3.449637662132068,1.1,0.3,4.5,0.8660254037844386,0
513,0.9364042618588506,0.014521307189531941,0.012411614466818011,0.00607119734281363,0.0006123757717423019,0.000175991345494025,100.0,0.0,63.75,1.9461500456028564,1.0,0.0,4.45,0.7399324293474372,0
514,0.9391970073780325,0.015270569207212679,0.01337842901787785,0.007003154802855315,0.0005540433021043337,0.000159614203141357,100.0,0.0,63.4,3.9924929555354263,1.05,0.21794494717703372,4.15,0.653834841531101,0
515,0.9380968071176904,0.0182535470257571,0.012386290095657972,0.0060854483320858495,0.0006003243273513169,0.00021812696770945206,100.0,0.0,64.2,3.6276714294434105,1.1,0.3,4.3,0.6403124237432849,0
516,0.9420439176533751,0.019895143951569865,0.012508742372520037,0.005138057014964487,0.0005566887685252241,0.00023853563309595623,100.0,0.0,63.65,4.138538389335056,1.15,0.3570714214271425,4.15,0.7262919523166976,0
517,0.9396441282976662,0.01792007660888482,0.013334132065082474,0.00480192327386671,0.000569772815653539,0.00024773801108527,100.0,0.0,62.25,2.913331426391443,1.1,0.3,4.7,1.1,0
518,0.9405963078106142,0.014138646271409004,0.014838332550546734,0.005118734990046067,0.000538969752892851,0.00018194145183986104,100.0,0.0,62.9,3.2388269481403293,1.1,0.3,4.25,0.698212002188447,0
519,0.9409315300093086,0.019494610181013047,0.014627311744901455,0.0059748590394398575,0.0005287890731167842,0.0002410153020810712,100.0,0.0,62.85,3.8506492958980307,1.05,0.21794494717703372,4.35,0.8529361054615991,0
520,0.9396364850309732,0.014409397253042291,0.014541158913281319,0.006070075407969052,0.0005427899747903288,0.00019214189559004698,100.0,0.0,63.05,2.7834331319433563,1.075,0.23848480035423641,4.25,0.7664854858377946,0
521,0.9366467735216515,0.01659167283282053,0.015630841762243334,0.006262762240596517,0.0005569438009512288,0.00020855381846561667,100.0,0.0,63.25,3.897114317029974,1.025,0.10897247358851683,4.25,0.8874119674649424,0
522,0.9315883909976638,0.027664295078454002,0.015437356166473853,0.007450026631406466,0.000626630041888041,0.000335376978732789,100.0,0.0,63.5,2.8722813232690143,1.0,0.0,4.35,0.7262919523166976,0
523,0.93849369909879,0.023260380236069227,0.014768746296104432,0.007622907530582251,0.0005500812412370552,0.0002613115749349315,100.0,0.0,63.6,3.1368774282716245,1.075,0.23848480035423641,4.05,0.6689544080129826,0
524,0.9444327695451118,0.019264869694802934,0.014731813089132541,0.006565426277374621,0.000476404457425378,0.0001913816956907959,100.0,0.0,62.2,2.5806975801127883,1.15,0.3570714214271425,4.2,0.8124038404635961,0
525,0.9417555469735055,0.0205043558226172,0.01483699647213412,0.00524600554430527,0.0005274087804094322,0.00022895300535110194,100.0,0.0,62.15,2.515452245621053,1.175,0.36314597615834876,4.2,0.5099019513592784,0
526,0.9422241711970656,0.017244034817163727,0.014949916955833564,0.006115827024216415,0.0005057712433144329,0.00019589821310258139,100.0,0.0,63.45,3.0409702399069944,1.1,0.3,4.5,0.7416198487095663,0
527,0.9403167266812478,0.024761685516572093,0.014661542522941662,0.006893449563689035,0.0005357524140559021,0.0002862486819374383,100.0,0.0,64.15,2.7617928959282954,1.025,0.10897247358851683,4.25,0.82915619758885,0
528,0.9416137178501385,0.022126337744896852,0.014314802832359658,0.007831831733248671,0.0005181761334022049,0.00025169947788893917,100.0,0.0,63.4,2.6343879744638983,1.05,0.21794494717703367,4.15,0.7262919523166976,0
529,0.9427966593721682,0.021822842791658963,0.01391171833549823,0.007115923166606721,0.000508643412996544,0.00021901255486696722,100.0,0.0,63.9,3.031501278244824,1.0,0.0,4.0,0.5477225575051661,0
530,0.9432718278906789,0.021182671280169908,0.012690431866949093,0.006585211781051861,0.0005231439006552672,0.0002481229825960082,100.0,0.0,63.35,3.5110539728121526,1.1,0.3,4.15,0.5722761571129799,0
531,0.9440429259889797,0.022840093812640183,0.013687224163411515,0.006906713798940003,0.0005019276402707253,0.00026404817228471077,100.0,0.0,63.25,3.6314597615834874,1.05,0.21794494717703367,4.85,1.107925990308017,0
532,0.9433604731464765,0.020172835712026594,0.014122049817570795,0.006488092080099791,0.0005039627346110486,0.00024675525362280817,100.0,0.0,63.3,2.5903667693977237,1.075,0.23848480035423641,3.95,0.6689544080129826,0
533,0.9395743708929709,0.02336249811224776,0.014574020158795099,0.00589555487309186,0.0005487198842565836,0.0002638565252277551,100.0,0.0,63.6,2.90516780926679,1.1,0.3,4.1,0.6244997998398398,0
534,0.9384504270365381,0.026120658315130295,0.015354593084565918,0.00617436667025937,0.0005473924691842224,0.0002996968196507986,100.0,0.0,63.25,2.843853020111975,1.075,0.23848480035423641,4.2,0.6782329983125268,0
535,0.936129185557041,0.022702524996741618,0.014729293906822118,0.005615116250961784,0.0005988634420970907,0.0003149588912777052,100.0,0.0,61.7,2.9512709126747416,1.1,0.3,4.05,0.5894913061275798,0
536,0.938576139105846,0.02325937220111593,0.01441584831389629,0.0063735358000067055,0.0005690510466126386,0.00026175829040486407,100.0,0.0,63.25,2.7179955849853767,1.075,0.23848480035423641,4.05,0.5894913061275798,0
537,0.9394257900144497,0.02694499266724127,0.013965316225496812,0.007050753876581552,0.0005542764746129288,0.0002770095669888638,100.0,0.0,63.15,2.779838124783528,1.075,0.23848480035423641,4.0,0.7745966692414834,0
538,0.9429113114438558,0.02444558709960049,0.012285857910217812,0.0067459522625047995,0.0005402743754407444,0.0002707516629712902,100.0,0.0,63.8,2.6381811916545836,1.05,0.21794494717703372,4.0,0.7071067811865476,0
539,0.9460420073131764,0.01716220329533516,0.01127966582805211,0.006806047984261531,0.0005160382965610112,0.00021274284842698698,100.0,0.0,62.6,3.0066592756745814,1.175,0.36314597615834876,4.5,0.806225774829855,0
540,0.945778084073552,0.019112579224905415,0.012434626317438177,0.006135568543956923,0.0005094088242827335,0.0002173001938987357,100.0,0.0,63.2,3.9319206502675,1.125,0.3112474899497183,4.25,0.698212002188447,0
541,0.9464584054398705,0.01919612216062997,0.01273816625867546,0.005815869669821704,0.00048648672153703087,0.0002063622999859301,100.0,0.0,65.15,3.4245437652335533,1.05,0.21794494717703372,4.2,0.6782329983125269,0
542,0.9427071942300506,0.022172882542103006,0.012472979609058186,0.006599024017648669,0.0005279571420488161,0.0002538525836607885,100.0,0.0,64.05,2.8718460961548757,1.05,0.21794494717703372,4.4,0.8,0
543,0.9437444257063878,0.02036443940428465,0.013558220828746437,0.005977137275121549,0.0005075399708914115,0.0002216392573110928,100.0,0.0,63.65,3.1666228067138023,1.0,0.0,4.3,0.714142842854285,0
544,0.941510561840021,0.02083885501337932,0.014949978622348911,0.006282049752464379,0.000517541734797674,0.00023145051604277965,100.0,0.0,63.65,2.3081377775167584,1.0,0.0,4.3,0.6403124237432849,0
545,0.9387725604352806,0.0204336641118878,0.014138119357920392,0.006914892956812441,0.0005623860249657122,0.0002296436472039547,100.0,0.0,63.5,3.122498999199199,1.05,0.21794494717703372,4.2,0.6782329983125269,0
546,0.9369514751290919,0.023515878423965998,0.01439496043763,0.006316755022478446,0.0005980123026856754,0.0002561866859981308,100.0,0.0,63.35,2.920188350089768,1.075,0.23848480035423641,4.25,0.82915619758885,0
547,0.937029244904994,0.024006613258926182,0.014532789222963225,0.006382977334447131,0.0005758191002875864,0.00024242276823361982,100.0,0.0,63.75,3.672533185690771,1.025,0.10897247358851683,4.35,0.5722761571129799,0
548,0.9353695759919285,0.021109608432766856,0.01436596814795553,0.006235354363499746,0.0006015997161877245,0.00022201843078253225,100.0,0.0,64.25,2.5074887836239665,1.025,0.10897247358851683,4.1,0.7681145747868608,0
549,0.9332719748127978,0.022527870727116456,0.01529241105050301,0.006773272384320003,0.000606287074985649,0.00023932700769171213,100.0,0.0,63.45,2.635811070619441,1.025,0.10897247358851683,4.1,0.5385164807134504,0
550,0.9348970990269299,0.022348305708168984,0.014854706223493446,0.006904629755423581,0.0005891749864223989,0.00025631543429397206,100.0,0.0,63.45,3.694252292413175,1.125,0.3112474899497183,4.05,0.804673846971554,0
551,0.9347995162863982,0.0199535038149996,0.013480659265185749,0.007826600465219866,0.000619470803474646,0.0002674706398302022,100.0,0.0,64.4,3.307567081708245,1.05,0.21794494717703372,4.15,0.9096702699330127,0
552,0.9387669593184965,0.016681141360229086,0.012879790906907565,0.007134572369100425,0.0005670543840988551,0.00018509779188175923,100.0,0.0,63.05,2.71062723368596,1.0,0.0,4.35,0.5722761571129799,0
553,0.9395669578482672,0.021367676558154716,0.011702212720537068,0.007032466956138103,0.0005819242013932131,0.0002784950202211381,100.0,0.0,63.0,3.8078865529319543,1.1,0.3,4.15,0.5722761571129799,0
554,0.9413310476548403,0.01588168188073864,0.012038524408911129,0.007540042301979015,0.000549421863513817,0.0002021805343979054,100.0,0.0,63.75,2.7179955849853767,1.0,0.0,4.3,0.714142842854285,0
555,0.9396497262937744,0.0165641529310595,0.012139544414900321,0.006834812075885117,0.0005723313837120901,0.00021701840198292256,100.0,0.0,62.9,2.487971060924946,1.075,0.23848480035423641,4.1,0.43588989435406733,0
556,0.9412117454379103,0.020998902785274692,0.013809796982200667,0.006478359151044335,0.0005258646548579529,0.00024500071632714066,100.0,0.0,63.7,3.4799425282610637,1.0,0.0,3.9,0.6244997998398398,0
557,0.9450953837263978,0.017121498900477816,0.011846956287866693,0.006328334783144123,0.00050709667845548,0.00021998717107253777,100.0,0.0,63.0,3.082207001484488,1.075,0.23848480035423641,4.15,0.47696960070847283,0
558,0.9409169700595402,0.017156522435944066,0.012670379472636347,0.007128699689688675,0.0005378962664432461,0.00021199439052410694,100.0,0.0,63.85,3.6915443922564446,1.05,0.21794494717703372,4.35,0.792148975887743,0
559,0.9382095929517054,0.018020230455472602,0.01412932791882871,0.006851959122058405,0.0005571766197857259,0.00022889640280330061,100.0,0.0,62.85,3.4680686267719674,1.2,0.3674234614174767,4.0,0.6324555320336759,0
560,0.9387192047401886,0.01626537563478084,0.013808644365361883,0.007218964864040912,0.0005600355644607289,0.00022240687600343616,100.0,0.0,62.95,3.2935543110748906,1.1,0.3,4.25,0.698212002188447,0
561,0.939236199638246,0.01802167374051635,0.01337048824096096,0.007906984138134674,0.00054571580093299,0.00023038501150812922,100.0,0.0,63.2,2.4617067250182343,1.0,0.0,4.6,0.5830951894845301,0
562,0.9411615136143323,0.017095474409261194,0.014046772746474239,0.007400364124471371,0.00051279168975266,0.00022024587620975985,100.0,0.0,64.7,3.8223029707232783,1.0,0.0,4.1,0.7681145747868608,0
563,0.9391163039201409,0.023403188769271593,0.014087526688855972,0.007378086376521717,0.0005511594663043217,0.00029016618255559495,100.0,0.0,63.25,3.1760824926314495,1.05,0.21794494717703372,4.15,0.7921489758877431,0
564,0.9434344246957599,0.0168594431103405,0.01302362676031515,0.006779143343004832,0.0005112216499197447,0.00019066429123226316,100.0,0.0,63.15,2.104162541250081,1.05,0.2179449471770337,4.2,0.5099019513592784,0
565,0.9438474993338641,0.021591207389978634,0.013342319754589887,0.006500722120257893,0.0004986673390964726,0.00026856045645735454,100.0,0.0,63.7,2.9171904291629644,1.1,0.3,4.3,0.8426149773176358,0
566,0.9429003565314364,0.02173291920844203,0.013995493318131524,0.007290770571696566,0.0004991396692823105,0.0002667978514079568,100.0,0.0,63.1,3.3600595232822887,1.1,0.3,4.4,0.7999999999999999,0
567,0.9435689494773453,0.019853896753575656,0.015020094599198865,0.008108855665788285,0.0004720324688019278,0.0002169642671414014,100.0,0.0,63.45,3.470950878361721,1.2,0.4,4.25,0.9420721840708386,0
568,0.9419612972398168,0.02276923285181671,0.014991553751090472,0.007741874254595179,0.0004998253769325593,0.00026057224633759636,100.0,0.0,62.5,2.202271554554524,1.0,0.0,4.4,0.8602325267042626,0
569,0.9402711770415438,0.020400927750689527,0.015457906743953762,0.006819069861058253,0.0005196828046129283,0.0002500827043643006,100.0,0.0,62.3,2.685144316419511,1.15,0.3570714214271425,4.15,0.7262919523166975,0
570,0.9439234161290544,0.023269589223725445,0.013770147248347178,0.007017241260575407,0.0005098693950836749,0.0002859293770838948,100.0,0.0,64.05,2.67348087705897,1.0,0.0,4.0,0.6324555320336759,0
571,0.9471122529803526,0.020690706652944386,0.014500401980687586,0.007561057721012704,0.0004577335004469538,0.00023022831723209172,100.0,0.0,63.35,2.937260628544903,1.05,0.21794494717703372,4.35,0.6538348415311012,0
572,0.9486125197376687,0.019042918515727213,0.013522523341095993,0.007477045739448421,0.00045268352239730776,0.00020567235895914047,100.0,0.0,63.65,2.7617928959282954,1.05,0.21794494717703372,4.35,0.7262919523166975,0
573,0.9490275330147269,0.019810010936301647,0.013552387597297105,0.007541659018815313,0.00043999266625589973,0.00021941965844885885,100.0,0.0,63.85,3.66435533211505,1.1,0.3,4.1,0.8306623862918076,0
574,0.9474330937881851,0.018693557667048805,0.01383371802182154,0.006826757271587943,0.0004558073315321558,0.00019275147988377907,100.0,0.0,63.7,3.579106033634656,1.05,0.21794494717703372,4.45,0.8645808232895291,0
575,0.947419929917143,0.020524636410870267,0.014551932858916128,0.00679902655564335,0.00044344223876308846,0.00019132030031989493,100.0,0.0,63.2,2.694438717061496,1.05,0.21794494717703372,4.25,0.8874119674649424,0
576,0.9432185873378469,0.024380017079143758,0.014887528813166382,0.006362954188760682,0.0004979577085577312,0.00025704488471718287,100.0,0.0,63.45,3.866199684444661,1.1,0.3,4.15,0.6538348415311012,0
577,0.9426489137175308,0.020275546373821195,0.014582529270853883,0.006684824489036048,0.0005022011283993575,0.00020050493646894154,100.0,0.0,62.6,1.8547236990991405,1.0,0.0,4.05,0.5894913061275798,0
578,0.946748959485584,0.016261163439744195,0.013945555236990833,0.006745809391143973,0.00046187757351935616,0.0001700420375871834,100.0,0.0,62.5,2.819574435974337,1.1,0.3,4.4,0.9165151389911681,0
579,0.9422690350479896,0.014162362785743836,0.013493348403221864,0.006401656059074987,0.0005219352188933335,0.00013381750253589958,100.0,0.0,64.2,2.959729717389748,1.0,0.0,3.9,0.6244997998398398,0
580,0.9439799377535618,0.016095947425711816,0.0134165024322721,0.006345862737934608,0.0005011789800396291,0.00011561687942112739,100.0,0.0,63.1,3.4336569426778794,1.05,0.21794494717703367,4.2,0.5099019513592784,0
581,0.9410046722603713,0.0153973151995363,0.01336859978181162,0.005724417446203591,0.0005373701589973713,0.00014077609609326126,100.0,0.0,63.35,2.2643983748448506,1.05,0.2179449471770337,4.1,0.7,0
582,0.9410989813430053,0.015386297736389077,0.014269825581716303,0.005628870370060607,0.0005274751279394746,0.00014055682950449505,100.0,0.0,62.9,2.662705391138869,1.1,0.3,4.3,0.714142842854285,0
583,0.9409576523347314,0.018022043891939475,0.01393196522590332,0.005630676979496648,0.0005391427149878939,0.00018786586700810618,100.0,0.0,63.3,2.590366769397724,1.0,0.0,4.1,0.7000000000000001,0
584,0.9404700323183596,0.02144373135033253,0.012548817019782218,0.006534282273537798,0.0005504335525593277,0.00021899254980574102,100.0,0.0,63.0,2.0,1.05,0.15,4.3,0.5567764362830021,0
585,0.9403169370314182,0.022607065298472392,0.012737173489908738,0.007472100007766268,0.0005457912333563868,0.00025079943896035164,100.0,0.0,63.55,3.0899029110960754,1.075,0.23848480035423641,4.0,0.6324555320336759,0
586,0.9413705610220789,0.01737556066266019,0.012763735692456374,0.006876318711405079,0.0005382419629674617,0.00018884174514228368,100.0,0.0,64.0,3.286335345030997,1.0,0.0,3.95,0.5894913061275798,0
587,0.9428063895154226,0.016561880544456713,0.01244305539590459,0.006720985450066697,0.0005211353334405214,0.00018706554150767232,100.0,0.0,62.85,3.1188940347501393,1.075,0.23848480035423641,4.3,0.6403124237432849,0
588,0.9434963372597508,0.021945115161150004,0.012648127849924876,0.007199897357449892,0.000505266133543887,0.0002250874806964861,100.0,0.0,63.5,2.7477263328068173,1.0,0.0,4.15,0.852936105461599,0
589,0.9441558242252777,0.02138224844756185,0.012835099829148818,0.007102599657508377,0.0004976291712661029,0.0002152172237177339,100.0,0.0,63.25,3.6588932752951404,1.025,0.10897247358851683,4.25,0.9420721840708386,0
590,0.9423166710264566,0.023535167756812247,0.014274169424521286,0.006874235589197607,0.0005037052343957524,0.00023059044612683458,100.0,0.0,62.55,2.765411361804967,1.075,0.23848480035423641,4.35,0.653834841531101,0
591,0.9449594515078473,0.019202677879359486,0.014493069879465545,0.006658067737349205,0.0004717897398188171,0.00017164993026609604,100.0,0.0,62.65,2.688401011754013,1.175,0.36314597615834876,4.0,0.6324555320336759,0
592,0.9468630883236735,0.017024903215105358,0.014131054899211756,0.007007842934355848,0.0004616546304257116,0.00016127354732293513,100.0,0.0,62.1,3.9862262855989496,1.2,0.4,4.15,0.5722761571129799,0
593,0.944704106082923,0.019717198691791393,0.01490939846533304,0.00671503979504801,0.00047716308858392596,0.00019613739158457941,100.0,0.0,62.25,3.6038174204584785,1.25,0.4330127018922193,4.3,0.5567764362830021,0
594,0.9455585824068168,0.019256271950268352,0.013457382747669198,0.006477129401847545,0.0004962523680793352,0.0001959066332350708,100.0,0.0,63.15,1.930673457630782,1.0,0.0,4.4,0.6633249580710799,0
595,0.9440152859927059,0.02258949482482715,0.012648552379054295,0.007192896532106591,0.0005195465384551254,0.00025421574568895407,100.0,0.0,62.85,2.351063589101749,1.05,0.21794494717703372,4.5,0.6708203932499369,0
596,0.9438587973956236,0.02542883492451424,0.012701565022011294,0.006770491792593969,0.0005177942111167028,0.0003106914177298726,100.0,0.0,64.25,2.5470571253900056,1.0,0.0,4.2,0.6,0
597,0.9490435210166496,0.018161786583779344,0.012428267181506684,0.0065457053234193804,0.00045656127460595405,0.0001788516611456954,100.0,0.0,62.65,3.2752862470324633,1.1,0.3,4.25,0.698212002188447,0
598,0.9431879826507246,0.02214209648390255,0.013691375707752983,0.006529450909185017,0.0005129506401976371,0.00024321659351940914,100.0,0.0,63.35,3.118894034750139,1.075,0.23848480035423641,4.35,0.9096702699330126,0
599,0.9451102417726212,0.022326957161874706,0.012399723021311345,0.0073228999567507514,0.000499397572823691,0.0002567440441612141,100.0,0.0,64.45,3.0409702399069944,1.075,0.23848480035423641,4.1,0.7000000000000001,0
600,0.9434694410076856,0.01884255474177085,0.012669119288951152,0.006532137834998968,0.0005203398139195947,0.00022055972456016648,100.0,0.0,63.45,2.4387496796514396,1.025,0.10897247358851683,4.05,0.6689544080129826,0
601,0.9465377858932644,0.01931218332211117,0.012483936626280643,0.006807242765164313,0.00047931369080526475,0.00020088148689895472,100.0,0.0,63.25,3.2384409829422554,1.05,0.21794494717703372,4.55,0.9205976319760985,0
602,0.9460586225607989,0.018361503063856872,0.011728552143918597,0.006394666442073423,0.0004980079454771486,0.0001783837634240223,100.0,0.0,62.6,3.4263683398023628,1.175,0.36314597615834876,4.35,0.7921489758877431,0
603,0.9477266173966303,0.017265781557032657,0.011196158567637001,0.00711616835720407,0.0004887718372830667,0.00022891622599596743,100.0,0.0,64.7,3.4510867853474796,1.1,0.3,3.85,0.47696960070847283,0
604,0.9472917499063376,0.02148420914591801,0.010498164318356864,0.006438939696623505,0.0005094564212091351,0.0002692440896271963,100.0,0.0,63.1,3.845776904605882,1.05,0.21794494717703372,4.25,0.698212002188447,0
605,0.9446786360637255,0.02429720339674103,0.011122524835045475,0.005473028642206804,0.0005365922482859257,0.00026981401972682407,100.0,0.0,64.35,2.725344014982329,1.0,0.0,4.0,0.6324555320336759,0
606,0.9471575477445343,0.019620230724706204,0.012142462943830347,0.005817241898745907,0.000491763517149051,0.00020492814146843321,100.0,0.0,64.1,2.364318083507378,1.0,0.0,4.2,0.5099019513592784,0
607,0.9464814064131118,0.01829255739982467,0.011662439242499255,0.005640227086265781,0.000508646444285399,0.00020189886967196072,100.0,0.0,64.45,1.9868316486305526,1.0,0.0,4.05,0.5894913061275798,0
608,0.947769485789945,0.016163605984913176,0.013345920343002934,0.004855284535436038,0.0004747420650921658,0.00017162761514441443,100.0,0.0,62.95,3.1697791721190924,1.175,0.36314597615834876,4.15,0.4769696007084728,0
609,0.9489978722386392,0.02103948688620004,0.013099073226730151,0.006065792039994511,0.00045684771556880226,0.00024190775136422436,100.0,0.0,64.65,3.395217224272992,1.05,0.21794494717703372,4.4,1.1575836902790224,0
610,0.9491374411584832,0.018029713737572544,0.013248574798355683,0.006385718396707778,0.00045358368906298595,0.0001750217076390627,100.0,0.0,62.8,3.171750305430741,1.125,0.3112474899497183,4.25,0.5361902647381804,0
611,0.9437147396601402,0.020882729293239605,0.014633112200205748,0.007453750559980609,0.0004870695483642766,0.0001796542356199259,100.0,0.0,63.1,3.40440890610984,1.1,0.3,4.4,0.7348469228349535,0
612,0.9418867696260632,0.021620695413520404,0.014553304137215239,0.007033084519674245,0.0005191937594832669,0.0001988746923774943,100.0,0.0,63.1,2.964793416074719,1.05,0.21794494717703372,4.4,0.9165151389911679,0
613,0.9446561095219319,0.02128074687616665,0.014398506077104046,0.007802623225814487,0.0004791659324918195,0.0001694307439345584,100.0,0.0,64.2,3.009983388658482,1.0,0.0,4.25,0.8874119674649424,0
614,0.9409369494602083,0.021718206708778113,0.014574151522245884,0.008187207602688422,0.0005216403700915592,0.00019374711586061356,100.0,0.0,63.05,3.0736785778607363,1.1,0.3,3.9,0.43588989435406733,0
615,0.9441534450145213,0.023374451866662104,0.014249651679759338,0.007996901116327218,0.00048467311935373493,0.00020588627507240424,100.0,0.0,63.35,2.885740806101615,1.0,0.0,4.35,0.7921489758877431,0
616,0.9430922230083318,0.026163843898100253,0.014380329859370437,0.008118707082559726,0.0004928032517507581,0.00021255682109469557,100.0,0.0,63.5,3.8535697735995385,1.05,0.21794494717703372,4.4,0.5830951894845301,0
617,0.9432316889808338,0.026991965078579268,0.015030409156947694,0.008326045715548914,0.00048331715762799516,0.0002349598664794441,100.0,0.0,63.1,3.080584360149872,1.05,0.21794494717703367,4.5,0.7416198487095663,0
618,0.9446616502182522,0.02336798294344692,0.014847759911794097,0.008015151870477742,0.0004696103308750514,0.00020014859904445327,100.0,0.0,63.25,3.884263121880391,1.125,0.3112474899497183,4.35,0.7262919523166976,0
619,0.9424486065290271,0.023413512703339082,0.0139388865865126,0.008184811244510643,0.0005075573141003276,0.00024198394581176713,100.0,0.0,63.45,2.5975950415721076,1.05,0.21794494717703372,4.25,0.6224949798994366,0
620,0.9439043826827896,0.021076607584525377,0.013830392597568585,0.007105272986206788,0.000506603465070513,0.0002515172868773941,100.0,0.0,63.05,2.8368115905008566,1.0,0.0,4.1,0.5385164807134504,0
621,0.9455409465796631,0.021938003311303737,0.013132775603668411,0.007311653013092142,0.000489313464525409,0.00025242865875255957,100.0,0.0,63.45,2.5391927851189244,1.05,0.21794494717703372,4.2,0.5099019513592784,0
622,0.9432694028172721,0.023899311521443388,0.015192373670622285,0.007249733473840192,0.0004887972111742336,0.0002705345894504435,100.0,0.0,63.9,3.8845849199110063,1.2,0.4,3.95,0.49749371855331004,0
623,0.9437846932094501,0.02320476094987374,0.014715075588673802,0.0067551538005231225,0.0004916241518877558,0.0002747457763631221,100.0,0.0,62.55,2.2688102609076854,1.075,0.23848480035423641,4.4,0.7348469228349535,0
624,0.9395969443962529,0.02658102358739546,0.01528289242534538,0.00693568795312006,0.0005346027266225561,0.00030262751824986536,100.0,0.0,63.7,3.179622619116929,1.1,0.3,4.3,0.5567764362830021,0
625,0.9418572707355247,0.03153219582607177,0.015126058920268548,0.006729511549103751,0.0005159373997316828,0.00034339820591153817,100.0,0.0,63.1,2.7730849247724096,1.1,0.3,4.55,0.8046738469715541,0
626,0.9486522097251161,0.021467040363422864,0.013793533687648579,0.006884729595862363,0.00044290967243713257,0.00021904297593899454,100.0,0.0,63.35,3.070423423568808,1.1,0.3,4.3,0.8426149773176358,0
627,0.9490237211559484,0.021784142200300588,0.012239934415792911,0.006856682448248676,0.0004560914239741932,0.00024107613858272592,100.0,0.0,62.65,2.815581645060217,1.275,0.40233692348577704,4.0,0.5477225575051661,0
628,0.9458501790937678,0.024364759319118398,0.011965143344062002,0.0072009671273716375,0.0004961048821706508,0.00029607178884485697,100.0,0.0,63.35,4.210403781111736,1.15,0.3570714214271425,4.35,0.6538348415311012,0
629,0.942669963355336,0.021864209996072612,0.012527238854152847,0.007740094615982833,0.0005186015098893485,0.00023952288005060123,100.0,0.0,63.8,3.0594117081556704,1.025,0.10897247358851683,3.9,0.7000000000000001,0
630,0.9399141489963933,0.02267601477194649,0.013740974363321801,0.0072435897147966445,0.0005464048332183035,0.000270899069714674,100.0,0.0,62.9,3.0967725134404045,1.025,0.10897247358851683,4.35,0.7921489758877431,0
631,0.9388588497856555,0.024097929088144746,0.014803035449800477,0.0073388636255126,0.0005392086703263113,0.000248242664023929,100.0,0.0,63.75,2.9643717715563276,1.05,0.15,4.25,0.82915619758885,0
632,0.9357802888479645,0.023148024507505145,0.014828609560064886,0.007036147278835269,0.0005864136337010468,0.0002573084766774139,100.0,0.0,64.0,3.0,1.05,0.21794494717703372,3.95,0.6689544080129826,0
633,0.9362443707276276,0.020962419684809018,0.014943120476808158,0.007371325336355272,0.0005579264235407819,0.00021316256174483582,100.0,0.0,63.95,2.9744747435471695,1.075,0.23848480035423641,4.1,0.9433981132056604,0
634,0.9339741000637705,0.02215793640179533,0.015282945191063343,0.00667293937107706,0.0005895229788851992,0.00025473707815892155,100.0,0.0,62.4,3.039736830714133,1.05,0.21794494717703372,4.25,0.6224949798994366,0
635,0.9376438706406238,0.022605286630417075,0.015459648197011424,0.007049774747316556,0.0005365360444578338,0.00022956690768895045,100.0,0.0,62.9,2.896549671592048,1.15,0.32015621187164245,4.25,0.7664854858377946,0
636,0.9390416311000195,0.022293910879272065,0.01578931577143441,0.006886404615880363,0.0005134028625810745,0.0002133128279423298,100.0,0.0,64.65,2.725344014982329,1.0,0.0,4.3,1.0049875621120892,0
637,0.9388589164042067,0.02430125576310971,0.015106436715181873,0.006729161255646906,0.0005350983730775538,0.0002606337273130159,100.0,0.0,60.35,2.903015673398957,1.25,0.4330127018922193,4.45,0.9205976319760985,0
638,0.9368982026314754,0.028391587125720413,0.015428244610101786,0.006700834313961758,0.000559752148241997,0.0003387995209732909,100.0,0.0,62.8,2.5019992006393608,1.1,0.3,4.15,0.7262919523166975,0
639,0.9340189704816257,0.0201206632164898,0.016641333713649557,0.007400788140755464,0.0005777591596357182,0.00023854534133709262,100.0,0.0,63.7,3.4073450074801643,1.05,0.21794494717703372,4.15,0.7262919523166976,0
640,0.9339630195129667,0.022026429733092063,0.01573451397379843,0.007380514440761984,0.0005836783077491057,0.0002655260932262676,100.0,0.0,62.9,3.448187929913334,1.0,0.0,4.35,0.6538348415311012,0
641,0.9374264147089135,0.018156391268136653,0.014920050711569304,0.007377577110322861,0.0005551821580055256,0.00023775951677440927,100.0,0.0,63.85,2.197157254271983,1.0,0.0,4.2,0.6782329983125268,0
642,0.9374101254361277,0.01537754169518692,0.014788823708444749,0.007289402584333395,0.0005555970981844093,0.00019201190540906802,100.0,0.0,63.85,3.1507935508376304,1.025,0.10897247358851683,4.05,0.49749371855331,0
643,0.9367594780744939,0.019504860807335062,0.015486730226499632,0.0070610178825912745,0.0005602586805280509,0.00024885845804229145,100.0,0.0,64.4,3.352610922848042,1.075,0.23848480035423641,4.4,0.9695359714832659,0
644,0.9405663576303285,0.02089096156822162,0.015608646429317636,0.006986280972332045,0.0005096519471100551,0.00023332304484225555,100.0,0.0,62.4,3.0724582991474434,1.05,0.21794494717703372,4.25,0.5361902647381804,0
645,0.9390495023226528,0.0219309144941415,0.015773767199809916,0.0066029614817343955,0.0005259339254755686,0.0002577578514043511,100.0,0.0,63.95,2.3553131426627756,1.05,0.21794494717703372,4.3,0.9539392014169457,0
646,0.942702578567294,0.019139677206028237,0.01507986476371248,0.007949883539380729,0.00047378683753736376,0.00019355138546365186,100.0,0.0,62.45,2.4794152536434875,1.125,0.3112474899497183,4.2,0.6,0
647,0.9384383863319204,0.01789914479993328,0.01538940760238337,0.0088863094202149,0.0005147149140174169,0.00017960293595968476,100.0,0.0,64.4,3.3970575502926055,1.025,0.10897247358851683,4.25,0.5361902647381804,0
648,0.9355694941675214,0.019321295400671786,0.016168729731715827,0.008494807266954235,0.0005415446706795712,0.0002267431244787902,100.0,0.0,64.4,2.2891046284519194,1.05,0.21794494717703367,4.05,0.5894913061275798,0
649,0.9369988276351535,0.02142928830557051,0.016673259800024168,0.008025467690916437,0.0005198766514069965,0.00022756799037694023,100.0,0.0,62.95,3.4565155865408737,1.2,0.4,4.0,0.7071067811865476,0
650,0.937966117516069,0.022996853924385944,0.01630610659946058,0.007436028209028005,0.0005197398270200699,0.00026882876097857874,100.0,0.0,64.65,2.9372606285449034,1.0,0.0,4.3,0.5567764362830022,0
651,0.933733472293579,0.021228254743117812,0.016383008553416796,0.007580415555410514,0.0005679281759456937,0.0002488947139826585,100.0,0.0,63.7,2.5903667693977237,1.025,0.10897247358851683,4.1,0.6244997998398398,0
652,0.9367026507810745,0.021093075288239796,0.016627334132908768,0.007743197202103036,0.0005325460427986038,0.00021384494795775386,100.0,0.0,63.45,3.5563323804166562,1.075,0.23848480035423641,4.45,0.6689544080129827,0
653,0.9345269064042911,0.02451213551043529,0.01651265072611259,0.007716460954143292,0.0005620729678968725,0.00025881117539726264,100.0,0.0,63.6,3.7067505985701277,1.075,0.23848480035423641,4.3,0.6403124237432849,0
654,0.9402416727655373,0.024692343882156936,0.0160211412148423,0.008211248070362966,0.0004907711610569925,0.00024249698090523486,100.0,0.0,64.35,3.3507461855533016,1.05,0.21794494717703367,4.25,0.7664854858377946,0
655,0.9380693255971266,0.023969635100419016,0.017265999781809892,0.008101920285520177,0.0005036008530872203,0.00023638827751557915,100.0,0.0,63.65,3.8376425054973526,1.0,0.0,4.2,0.6,0
656,0.9393725337396649,0.02325356183492548,0.016550210659889025,0.008571970868018508,0.0004956728534810767,0.00020489572251210982,100.0,0.0,63.3,3.018277654557314,1.0,0.0,4.2,0.812403840463596,0
657,0.9398176662526238,0.02514462466194951,0.01570322331747019,0.007817598421113415,0.0005116584203466695,0.00023944948737373252,100.0,0.0,64.15,2.95423424934449,1.025,0.10897247358851683,4.35,0.7262919523166975,0
658,0.9389744065461582,0.022324101003141947,0.01738205713357891,0.007388481519467339,0.0004962510904877957,0.0002340457177397499,100.0,0.0,62.85,2.7436289836637897,1.1,0.2549509756796392,4.25,0.6224949798994366,0
659,0.9370534771455554,0.02389002475942257,0.0167099847249356,0.0076124412552644105,0.0005281301998586549,0.00023773193964003554,100.0,0.0,63.9,3.5763109484495335,1.15,0.3570714214271425,3.85,0.852936105461599,0
660,0.9309171473804971,0.025181881393678364,0.017449108025813204,0.006355661942938888,0.000606999383014227,0.0002568344140113234,100.0,0.0,62.5,3.4713109915419564,1.2,0.4,4.05,0.804673846971554,0
661,0.932498193714373,0.024288470922134084,0.01606550896960747,0.006551539229540433,0.0006044735936041992,0.00027453152897038947,100.0,0.0,61.9,2.808914381037628,1.1,0.3,4.35,0.852936105461599,0
662,0.9344616560477453,0.022238871873264166,0.01624635601630042,0.0067700403397722405,0.0005767886669951571,0.0002730473884130568,100.0,0.0,62.25,2.56661255354212,1.0,0.0,4.4,0.9165151389911681,0
663,0.9386721553484072,0.019784401952904734,0.015446977227471076,0.005942793330592195,0.0005351052142705832,0.0002250019706647142,100.0,0.0,64.25,2.9979159427842537,1.1,0.3,4.25,0.82915619758885,0
664,0.9401773806198284,0.014962073948590917,0.016553131002666463,0.005084726865811985,0.0005047058569730537,0.00014795723380206044,100.0,0.0,63.0,2.16794833886788,1.1,0.3,4.0,0.4472135954999579,0
665,0.939643404863453,0.020464614351235796,0.016712328949881745,0.005798942811150892,0.00050783752005451,0.0002148091227003087,100.0,0.0,64.05,2.4591665254715873,1.0,0.0,4.05,0.4974937185533099,0
666,0.9381415910243357,0.021810888170439174,0.016533651618411124,0.0063792935321986405,0.0005261802597204635,0.0002589000126279447,100.0,0.0,64.0,2.8460498941515415,1.025,0.10897247358851683,4.3,0.714142842854285,0
667,0.9367028207860155,0.02498706295027507,0.015404938048735531,0.006241959168323269,0.0005604583835299305,0.000301971430727826,100.0,0.0,63.7,3.6619666847201113,1.125,0.3112474899497183,3.95,0.6689544080129826,0
668,0.937427717314382,0.0219920661022586,0.015109773964841307,0.008471085988835331,0.0005335129839385565,0.00024948498662750025,100.0,0.0,63.85,2.920188350089768,1.0,0.0,4.25,0.9937303457175896,0
669,0.9391767004697575,0.02199756049721504,0.016444751435713348,0.008425859075633039,0.0004949616000326456,0.00021222163396817325,100.0,0.0,63.8,2.767670500619609,1.0,0.0,4.45,0.6689544080129827,0
670,0.9364967520373657,0.02215473303252048,0.016004654232716433,0.00903967558669248,0.000540040119142763,0.00020906318040243353,100.0,0.0,62.95,2.9236107812087435,1.05,0.21794494717703372,4.15,0.5722761571129799,0
671,0.9406572173710896,0.021625772454767586,0.016101529916620984,0.0073141830367453265,0.0004956160635761371,0.00019910810371633476,100.0,0.0,63.0,2.23606797749979,1.0,0.0,4.25,0.6224949798994366,0
672,0.9412022716237989,0.019632635613122288,0.016231151964690497,0.0066073255591995676,0.0004965252305292706,0.00021927952663962496,100.0,0.0,62.65,2.903015673398957,1.05,0.15,4.05,0.6689544080129826,0
673,0.9395618048929887,0.029090963843584,0.015600995551436148,0.007076334533379997,0.000522554281788046,0.00034075066228668254,100.0,0.0,62.55,3.3981612675092396,1.1,0.3,4.35,0.5722761571129799,0
674,0.9376411814942891,0.02726725562947979,0.01679430715008136,0.006887879034202711,0.0005315165362466678,0.0002890852012539059,100.0,0.0,64.05,2.8543825952384165,1.05,0.21794494717703372,4.5,0.7416198487095663,0
675,0.9390506119125563,0.02155535903326464,0.015497297583364763,0.006573822164133322,0.0005328871772780637,0.00024838823354439747,100.0,0.0,62.75,2.5074887836239665,1.125,0.3112474899497183,4.5,0.7416198487095663,0
676,0.9354487116007026,0.017793490762888036,0.014194528142287707,0.0063809863797672384,0.0005987249272642347,0.0002087763923878112,100.0,0.0,63.15,2.5743931323712,1.0,0.0,4.45,0.7399324293474372,0
677,0.936199596743697,0.018038810162479053,0.014564457560524949,0.0075572225753984205,0.0005625908714293275,0.000197202261427066,100.0,0.0,63.1,2.773084924772409,1.1,0.2549509756796392,4.15,0.6538348415311009,0
678,0.9355535622455357,0.018645117192731486,0.015785203432244634,0.008037424440643507,0.0005513366897544879,0.00017706554922496096,100.0,0.0,63.1,2.6438608132804573,1.05,0.21794494717703372,4.15,0.7262919523166976,0
679,0.9371189354593618,0.019577660705291895,0.016465855406077444,0.006870254898023372,0.000531363889414379,0.0002142496668363418,100.0,0.0,62.4,3.5693136595149495,1.15,0.32015621187164245,4.25,0.5361902647381804,0
680,0.9353642359585542,0.019035291331096906,0.016330798116324652,0.007405655670163166,0.0005468149117213958,0.00016166243381633257,100.0,0.0,64.8,3.249615361854384,1.0,0.0,4.15,0.9630680142129111,0
681,0.9330427654887459,0.019593598430925965,0.017127818322266633,0.007136421696015125,0.0005750011747995872,0.0001927254443012614,100.0,0.0,63.55,3.2630507198019467,1.05,0.21794494717703372,4.4,0.7348469228349535,0
682,0.9324234561301475,0.02256032873924439,0.01671867664225321,0.007650365773351116,0.000588914579594824,0.00022957375980785035,100.0,0.0,63.75,3.3893214660164652,1.05,0.21794494717703372,4.45,0.9733961166965893,0
683,0.927840763194953,0.027342414902514937,0.017995840541964916,0.008264288584254662,0.0006127962936517286,0.0002906632541795235,100.0,0.0,63.7,2.685144316419511,1.0,0.0,4.35,0.7262919523166976,0
684,0.9308200894409687,0.019589356193051223,0.016894837031707327,0.007264550394374424,0.0005951556121642131,0.00021591363251981105,100.0,0.0,64.05,2.836811590500857,1.05,0.2179449471770337,4.15,0.7921489758877431,0
685,0.9283833190753331,0.020232198283359572,0.01651996890335323,0.008785165652160278,0.0006324407362697905,0.00025191601018364123,100.0,0.0,64.4,1.772004514666935,1.0,0.0,4.2,0.5099019513592784,0
686,0.9285337336669934,0.022124771597064618,0.017584231072081374,0.008944863250396144,0.0005997547613213644,0.00022189285667518731,100.0,0.0,64.25,2.930443652418521,1.025,0.10897247358851683,4.05,0.6689544080129826,0
687,0.934328020361613,0.021573491803543,0.017509579012421915,0.007857848108258153,0.000536894084792901,0.0001921099777008133,100.0,0.0,63.4,2.956349099818897,1.0,0.0,4.4,1.0677078252031311,0
688,0.9289940759293478,0.026228269099215676,0.016336856263226358,0.0076097318241893815,0.0006305044816198317,0.0002731636114746839,100.0,0.0,64.05,3.0409702399069936,1.025,0.10897247358851683,4.05,0.739932429347437,0
689,0.9311224807714776,0.024508776339179975,0.016336787871998763,0.007689505282965207,0.0006108199420896746,0.0002423049879008864,100.0,0.0,62.95,3.9303307748839664,1.075,0.23848480035423641,4.35,1.0136567466356647,0
690,0.9320974524855282,0.02275202274979846,0.016820511733606783,0.005959955984580679,0.000590032020380397,0.00022417692021581458,100.0,0.0,63.7,2.72213151776324,1.05,0.21794494717703372,4.1,0.5385164807134504,0
691,0.9311994806574486,0.026477456293431616,0.0165941007730832,0.006007382689375384,0.0006130919302883448,0.0002899123560701705,100.0,0.0,63.2,3.5721142198983498,1.075,0.23848480035423641,4.25,0.9937303457175896,0
692,0.927613645421709,0.027105015639477092,0.015609677098968383,0.005613545405201538,0.0006753949865826811,0.000285553956854655,100.0,0.0,64.2,3.54400902933387,1.1,0.2549509756796392,4.05,0.804673846971554,0
693,0.9335513156787891,0.025987316320709095,0.014134684892435042,0.007038525390535464,0.0006065541816490632,0.00023879861885271012,100.0,0.0,64.05,3.3087006513131403,1.05,0.2179449471770337,4.35,0.7921489758877431,0
694,0.9369946856593983,0.026984928196067515,0.013737558961499741,0.007627574124798378,0.0005662427557192011,0.0002437745698160199,100.0,0.0,64.05,2.1324868112136124,1.0,0.0,3.9,0.5385164807134504,0
695,0.9365545875167267,0.024847873342375336,0.013673022082772412,0.007779659372400965,0.0005816882684676776,0.00025154045074468037,100.0,0.0,62.75,2.6052830940226053,1.075,0.23848480035423641,4.25,0.5361902647381804,0
696,0.9348502018069785,0.022794669785888597,0.015504468135898042,0.00705835506093747,0.0005848729678018735,0.0002590602768287339,100.0,0.0,62.8,3.3105890714493693,1.15,0.3570714214271425,4.05,0.6689544080129826,0
697,0.9327076232024127,0.022336271447349402,0.015402555465270976,0.006982498656037866,0.0006237493463014134,0.00027700225586566306,100.0,0.0,63.55,2.2017038856303994,1.1,0.3,4.15,0.6538348415311012,0
698,0.9363525984673247,0.02051377006297233,0.014414042039841413,0.0071175287817926034,0.0005838809029483723,0.00020154721998252002,100.0,0.0,62.95,3.0409702399069936,1.025,0.10897247358851683,4.5,0.8660254037844386,0
699,0.9379681728382048,0.019117369747708425,0.014575989009015392,0.007785021224344079,0.0005430754399543259,0.00019038669550430643,100.0,0.0,63.5,3.0903074280724887,1.05,0.21794494717703372,4.0,0.8366600265340756,0
700,0.9375968866886308,0.02250889447964022,0.014729327124056904,0.0076718797007492255,0.0005470691836820917,0.0002068647331365942,100.0,0.0,63.05,2.654712790491657,1.05,0.21794494717703372,4.4,0.7348469228349535,0
701,0.9396544170487425,0.019488159387742423,0.01446524621318671,0.007458508466839407,0.0005231623409889504,0.0001541215826098658,100.0,0.0,62.7,3.3331666624997918,1.1,0.3,4.35,0.8529361054615991,0
702,0.9384634126596701,0.022613494071453438,0.01329283298477379,0.006813702465833238,0.0005655617248095585,0.000241833730957742,100.0,0.0,63.75,3.0639027399707057,1.0,0.0,4.35,1.0136567466356645,0
703,0.9425527105506836,0.0223450175979368,0.012716341707884219,0.006934465706635527,0.0005226222091695236,0.00021198952965059272,100.0,0.0,63.95,2.1788758569500923,1.0,0.0,4.0,0.6324555320336759,0
704,0.9429073802658525,0.020099798200449118,0.011833919692930243,0.004790924314416808,0.0005386757108219911,0.00023886644726094517,100.0,0.0,62.75,2.913331426391443,1.1,0.3,4.45,0.8645808232895291,0
705,0.942791096242941,0.022836174778352945,0.012159601859482273,0.005365740187783281,0.0005345325258813242,0.0002689861204949422,100.0,0.0,62.75,2.7363296585024255,1.025,0.10897247358851683,4.35,0.5722761571129799,0
706,0.9397494574595221,0.02467887573009608,0.011577312062296662,0.0050356503811088,0.0005833244459511644,0.00027981781190052556,100.0,0.0,62.6,2.764054992217051,1.0,0.0,4.25,0.6224949798994366,0
707,0.9369644595448058,0.02268356420154352,0.012448867068715317,0.006059391716556122,0.0006007381411426663,0.00024990895200350746,100.0,0.0,63.25,3.418698582794336,1.1,0.3,4.1,0.6244997998398398,0
708,0.9404737567465556,0.02039585590196174,0.01285647892770032,0.005688949986915596,0.0005554819498539223,0.00023264396601395683,100.0,0.0,63.25,2.5074887836239665,1.1,0.3,4.2,0.6,0
709,0.9404020748670451,0.02234897939810988,0.012119205469564088,0.00508148635022244,0.0005720665622866385,0.00024338011472068268,100.0,0.0,62.65,3.4967842369811724,1.1,0.3,4.1,0.7681145747868608,0
710,0.9378120335973608,0.02004140888874338,0.013228619382342677,0.005134512175381935,0.0005980396598494234,0.00021557914557159246,100.0,0.0,63.45,2.801338965566288,1.0,0.0,4.2,0.6,0
711,0.9367309551018723,0.023039663079561647,0.014863465884130119,0.005843280359651794,0.0005844626791262268,0.00024039456517003995,100.0,0.0,63.35,3.6093628246547893,1.1,0.3,4.1,0.7000000000000001,0
712,0.9370344168606947,0.026099160546761084,0.013819871388883923,0.005298998883756803,0.0005919399600758062,0.0002910425795699201,100.0,0.0,63.05,2.479415253643488,1.075,0.23848480035423641,4.3,0.8426149773176358,0
713,0.9417127473215514,0.024910490507630487,0.013578816780167573,0.006479802555187745,0.0005269564117402548,0.00026958961043674443,100.0,0.0,62.6,2.870540018881465,1.075,0.23848480035423641,4.25,0.7664854858377946,0
714,0.9448976978739584,0.017341030885090352,0.013653730298709185,0.006111667875990821,0.00048655982645336,0.0001831875549545789,100.0,0.0,64.6,3.7067505985701277,1.05,0.21794494717703372,4.2,0.7483314773547883,0
715,0.9439414432442088,0.01569339299519213,0.013163467307716285,0.006425982913381265,0.0005050360433709754,0.00015667878064038837,100.0,0.0,64.1,2.4677925358506134,1.0,0.0,4.2,0.5099019513592784,0
716,0.9424886959023002,0.016824231619793777,0.013973798493625303,0.006569560604986248,0.0005131988583898083,0.00019659532081186555,100.0,0.0,63.9,2.364318083507378,1.025,0.10897247358851683,4.1,0.6244997998398398,0
717,0.9413195610240896,0.01970015315129062,0.01348812610691783,0.006372484419283412,0.0005348455169316362,0.0002484496102383803,100.0,0.0,62.75,2.913331426391443,1.05,0.21794494717703372,4.15,0.8529361054615991,0
718,0.9362416620596911,0.02647915650430056,0.01429384771414986,0.006657805441647252,0.0005947280021909555,0.00034944128938071934,100.0,0.0,63.45,2.3553131426627756,1.05,0.21794494717703372,3.9,0.7681145747868608,0
719,0.9386654392288636,0.024842845549805814,0.015467347619015939,0.006587749078794292,0.0005470431685069875,0.0002895336094963731,100.0,0.0,63.25,3.404041715373065,1.075,0.23848480035423641,4.2,0.5099019513592784,0
720,0.9390170079749947,0.023021874554808842,0.01610671350809548,0.006236319098806571,0.0005429223218574871,0.0002637575013042635,100.0,0.0,63.55,1.8020821290940099,1.0,0.0,4.25,0.5361902647381804,0
721,0.9385474224697706,0.016993828537297747,0.01694253891608814,0.005181117525683578,0.000522915045969692,0.000175949342840889,100.0,0.0,63.55,2.1788758569500923,1.025,0.10897247358851683,4.4,0.58309518948453,0
722,0.9374421930403164,0.022617948710723434,0.01671985946302353,0.006189196049604859,0.0005430021731877156,0.0002336496314389529,100.0,0.0,63.2,3.0757112998459397,1.05,0.21794494717703372,4.3,0.6403124237432849,0
723,0.9380523386367706,0.024068850176468672,0.015622635638263513,0.005757275174850297,0.000555847462211246,0.0002543307257085887,100.0,0.0,63.6,2.615339366124404,1.05,0.21794494717703372,4.35,0.7921489758877431,0
724,0.9347870256300285,0.02536892522283016,0.0159447767717067,0.006475060630935276,0.0005865926650803013,0.00026033955470281493,100.0,0.0,63.7,2.3895606290697042,1.1,0.3,4.2,0.9797958971132712,0
725,0.9347645255393715,0.024697667566112518,0.01446805192543785,0.005602159819952258,0.0006230323558581591,0.00025810091049213203,100.0,0.0,63.3,3.0675723300355937,1.075,0.23848480035423641,4.4,0.8602325267042626,0
726,0.9397370521916522,0.02634502874274645,0.014188167503657959,0.0069210877634247325,0.0005494482541507238,0.00028983083365314476,100.0,0.0,62.75,3.191786333700926,1.2,0.3674234614174767,4.05,0.6689544080129826,0
727,0.9417041323649966,0.025072919787836153,0.014444749054969296,0.006566398348869587,0.0005180639168490104,0.00027710907305987184,100.0,0.0,62.6,2.8530685235374214,1.025,0.10897247358851683,4.05,0.739932429347437,0
728,0.9437919014343441,0.02032273423741148,0.013642918979083424,0.007251037353158392,0.0004993816960123796,0.00023389381093152152,100.0,0.0,62.95,3.3537292675468007,1.075,0.23848480035423641,4.25,0.5361902647381804,0
729,0.9448611855551494,0.022596857987040378,0.012475652406393808,0.007432024596781718,0.0005010269880312722,0.0002469787476817973,100.0,0.0,63.15,2.6509432283623124,1.075,0.23848480035423641,4.45,0.8046738469715541,0
730,0.9455071322659183,0.01629714048421245,0.012445725706297575,0.007274825171012754,0.0004951523943660306,0.00019174118128226683,100.0,0.0,63.3,2.8478061731796287,1.075,0.23848480035423641,4.3,0.9539392014169457,0
731,0.9461523110911259,0.01906075387630493,0.012972119025618034,0.006338536867159568,0.0004843345896164683,0.0001942211102312317,100.0,0.0,63.45,2.9406631905065233,1.0,0.0,4.1,0.7681145747868608,0
732,0.9431247991830223,0.01980373998394523,0.01380242482494925,0.005349983155819093,0.0005255297969390328,0.00024572261993783146,100.0,0.0,63.55,3.0736785778607367,1.05,0.21794494717703372,4.05,0.6689544080129826,0
733,0.9403732723282069,0.02540197085303821,0.013445921362621405,0.005778504681274389,0.0005628203687190451,0.0003317841134794709,100.0,0.0,62.85,4.80910594601533,1.1,0.3,4.4,0.66332495807108,0
734,0.9406244051111494,0.020226773309726293,0.015357517864556702,0.00533424072542641,0.000526549739892514,0.0002056722068726698,100.0,0.0,62.95,3.3686050525402944,1.0,0.0,4.35,0.7262919523166975,0
735,0.9391509525316619,0.02385696495949274,0.01544667989852449,0.006195481375634344,0.0005458914658465004,0.0002713969038962834,100.0,0.0,62.15,2.4753787588973126,1.225,0.40233692348577704,4.2,0.6782329983125269,0
736,0.9427765829281081,0.02164239467008829,0.014955643800343458,0.006900924145254383,0.000498327507809688,0.0002531985065548476,100.0,0.0,64.1,2.844292530665578,1.0,0.0,3.85,0.47696960070847283,0
737,0.9471236546669214,0.020753795024074855,0.014316845283095087,0.0069943388613533984,0.0004572260545328705,0.00023277828133848162,100.0,0.0,63.7,3.1480152477394387,1.025,0.10897247358851683,4.5,0.806225774829855,0
738,0.9435823781013626,0.020422002837279,0.014746908263249422,0.006209564885720923,0.0004997457643148635,0.00023909761544462475,100.0,0.0,63.65,3.1666228067138023,1.0,0.0,4.15,0.653834841531101,0
739,0.9445707471284616,0.016036825611618143,0.014151208318484343,0.006753905481821781,0.0004907132333730674,0.00018327246269302889,100.0,0.0,63.9,3.345145736735546,1.05,0.21794494717703372,4.15,0.9096702699330127,0
740,0.9449326541132204,0.017715167930308397,0.01449801069677759,0.006759766778139649,0.0004865917899689187,0.00017971297477697797,100.0,0.0,64.4,2.8178005607210737,1.0,0.0,4.25,0.5361902647381804,0
741,0.9456333122567534,0.02084106031091821,0.01443434753648599,0.006806294045078881,0.0004761455089699055,0.0002731147645365367,100.0,0.0,63.6,3.8131351929875237,1.05,0.21794494717703372,4.55,0.7399324293474372,0
742,0.9432988162661283,0.024081058790339442,0.016304821516666977,0.007325120287821122,0.0004721126371812952,0.0002541054347706318,100.0,0.0,63.05,1.9868316486305526,1.075,0.23848480035423641,4.45,0.5894913061275798,0
743,0.9453609952950813,0.02276528677506667,0.01547032618951599,0.006188157045846838,0.0004756295605656723,0.0002503034228428258,100.0,0.0,64.8,2.803569153775237,1.0,0.0,4.3,0.9,0
744,0.9466736548662181,0.019238007474940515,0.01432954799157947,0.006483966834363513,0.0004658853637726806,0.00019572465073316788,100.0,0.0,62.95,2.6358110706194404,1.075,0.23848480035423641,4.3,0.714142842854285,0
745,0.9473797190649197,0.019319430567408768,0.013995988453561647,0.006848532983222137,0.00045569562172342057,0.0002029477125612597,100.0,0.0,63.75,3.0475399915341552,1.1,0.3,4.15,0.7262919523166975,0
746,0.944631806838349,0.020228445930550547,0.01243975250766249,0.006876854936691954,0.0005171995959358352,0.00022635983224132737,100.0,0.0,63.4,2.4979991993593593,1.0,0.0,4.2,0.39999999999999997,0
747,0.9439772330620257,0.017296538119785286,0.014075621335661492,0.005178798175582371,0.0005084565050968937,0.00022864087883418222,100.0,0.0,62.6,3.4698703145794947,1.0,0.0,4.65,0.9096702699330126,0
748,0.9463168566841096,0.0170958777157373,0.014042882677447095,0.005993563747771001,0.0004709280352313881,0.0001953623934201868,100.0,0.0,62.35,3.1507935508376295,1.125,0.3112474899497183,4.45,0.7399324293474372,0
749,0.9478849167777614,0.015887094918834558,0.01443957606894801,0.005987621801054318,0.0004543585032647082,0.00015627748476673106,100.0,0.0,64.25,2.5074887836239665,1.0,0.0,4.25,0.5361902647381804,0
750,0.9493933110179686,0.017443092917396305,0.014059904641392815,0.005681825392426274,0.0004363611069129659,0.0001720675366565775,100.0,0.0,63.55,3.5422450508117027,1.125,0.3112474899497183,4.25,0.6224949798994366,0
751,0.9436815004399628,0.018378054666476105,0.014575902372262759,0.005703515274654212,0.0004991236031190624,0.0001965087621264434,100.0,0.0,64.8,3.1240998703626612,1.05,0.21794494717703372,3.95,0.6689544080129827,0
752,0.9458940579811482,0.018665910634063445,0.01464061264005424,0.005109125072853023,0.0004710310815503829,0.00019505277711120755,100.0,0.0,64.55,2.7834331319433563,1.0,0.0,4.2,0.5099019513592784,0
753,0.943303351582288,0.02420948690459724,0.014799437419462321,0.006904781247584888,0.0004903179021755222,0.00023473337479855915,100.0,0.0,62.7,3.0838287890218554,1.125,0.3112474899497183,4.0,0.7071067811865476,0
754,0.9451145666156494,0.02143232232649107,0.01400035399071869,0.007033590608879957,0.0004805824370305435,0.00020686663990218476,100.0,0.0,63.2,3.6687872655688283,1.175,0.36314597615834876,4.4,1.0198039027185568,0
755,0.9459365350596706,0.02350124457039767,0.014494459968702442,0.007342247106784797,0.0004598568755524009,0.00021533374020667198,100.0,0.0,63.4,3.1048349392520045,1.0,0.0,4.3,0.6403124237432849,0
756,0.943831724142977,0.020354112507334963,0.015069473570834083,0.006659083940879341,0.00048232546294650635,0.00018528894871458403,100.0,0.0,63.0,2.8809720581775866,1.0,0.0,4.6,0.8602325267042626,0
757,0.9463818432382836,0.021639802325251815,0.015050321754955178,0.007138051433837268,0.0004477245630142599,0.00020562719083029674,100.0,0.0,63.85,2.7977669667075564,1.125,0.3112474899497183,4.0,0.7745966692414834,0
758,0.9498437729469329,0.02124096578331939,0.014418005328909727,0.0069988998703947375,0.00042062338225495286,0.00020303247096925306,100.0,0.0,63.15,3.1348843678834477,1.15,0.32015621187164245,4.0,0.6324555320336759,0
759,0.9477510565613017,0.01854772970172906,0.01383779267313689,0.0065375203439899335,0.0004553873948196234,0.00018666732416820387,100.0,0.0,64.05,2.5194245374688244,1.05,0.21794494717703367,4.2,1.0770329614269007,0
760,0.9485204438836462,0.02156259423071274,0.014061424976982984,0.00648463150207523,0.00044575452212803165,0.00020984682913909475,100.0,0.0,63.55,3.089902911096076,1.075,0.23848480035423641,4.3,0.714142842854285,0
761,0.9481348036059352,0.022712655545746873,0.014779211117542001,0.006925640053420017,0.00043903140555552904,0.00023167952298181087,100.0,0.0,62.05,4.684815898197067,1.175,0.36314597615834876,4.1,0.6244997998398398,0
762,0.9425593875446004,0.02328704515351785,0.014313174527341247,0.006422345205753538,0.0005177176006585871,0.00024987984218693233,100.0,0.0,62.25,3.7399866309921483,1.15,0.3570714214271425,4.1,0.8306623862918074,0
763,0.9424750341401594,0.02272842897035795,0.014902169630635018,0.006138477414975976,0.0005060654245450971,0.00023577107930649525,100.0,0.0,63.75,3.476708213238494,1.15,0.3570714214271425,4.1,0.6244997998398398,0
764,0.9432606447322772,0.020259805961914342,0.014623928903184171,0.006092066124092471,0.000496297332829496,0.0001907816558810872,100.0,0.0,63.05,2.1788758569500923,1.0,0.0,4.0,0.4472135954999579,0
765,0.9411582682487267,0.025783839034934492,0.013556308546083983,0.006027353407803098,0.0005407487753292166,0.0002500691636026619,100.0,0.0,63.7,2.5709920264364885,1.0,0.0,4.05,0.5894913061275798,0
766,0.944196866526059,0.021395119978988703,0.012677258372232145,0.006820031281800486,0.0005048870424872464,0.00023272379060415427,100.0,0.0,63.55,2.3973944189473704,1.125,0.3112474899497183,4.15,0.5722761571129799,0
767,0.9416629866542818,0.02248925100801023,0.011271105806020369,0.006850503073055452,0.0005592762248213064,0.00027328930061019496,100.0,0.0,63.6,3.3376638536557275,1.1,0.3,4.25,0.698212002188447,0
768,0.943010084918888,0.023970802531391347,0.011368591725892007,0.006573532622119755,0.0005466722086994865,0.00030685523687245267,100.0,0.0,63.2,2.249444375840399,1.0,0.0,4.2,0.812403840463596,0
769,0.9401829886486146,0.020549015402144967,0.012666794932456007,0.007368986476840248,0.0005543559170910424,0.0002416817347417556,100.0,0.0,63.55,2.4387496796514396,1.0,0.0,4.4,0.7999999999999999,0
770,0.9392250262964061,0.019406200281181007,0.013452910729085998,0.00787223088939335,0.0005495954973434044,0.00023431265931661452,100.0,0.0,63.55,3.4128433893163046,1.0,0.0,4.45,0.9205976319760985,0
771,0.9370438998214924,0.02739041088009402,0.012611990391126298,0.008243487481749441,0.0005820111744296332,0.0002899340862732463,100.0,0.0,64.1,3.6728735344413916,1.075,0.23848480035423641,4.3,0.8426149773176358,0
772,0.9409617854797327,0.02568985873591837,0.011606226340880358,0.007614319543169008,0.0005532301858369858,0.0002730947178845653,100.0,0.0,64.55,3.2011716605018234,1.075,0.23848480035423641,4.15,0.7921489758877431,0
773,0.9423309441754059,0.02568180795036273,0.011254679228048892,0.007670591377139835,0.0005457876447411185,0.0002471186077368912,100.0,0.0,63.4,3.903844259188627,1.1,0.3,4.3,0.7810249675906654,0
774,0.9403973876422546,0.025133766794836313,0.010699337774497077,0.007116630314464747,0.0005791705369100976,0.00026957816350992275,100.0,0.0,64.1,3.080584360149872,1.0,0.0,4.05,0.6689544080129826,0
775,0.9411879307568647,0.02163711652163078,0.012083691228726517,0.006264792477335511,0.0005598111714087538,0.00023225927247486736,100.0,0.0,63.5,2.7838821814150108,1.0,0.0,4.1,0.6244997998398398,0
776,0.9423759691505935,0.02924537651949836,0.011510071634733757,0.007247092944542664,0.000550525839453865,0.0003272677676407222,100.0,0.0,63.0,2.345207879911715,1.0,0.0,4.05,0.6689544080129826,0
777,0.9375027649256392,0.02551862893633761,0.012403104687789766,0.007458087055672663,0.0006096294296943051,0.00031099954752028227,100.0,0.0,62.6,3.1208973068654475,1.15,0.3570714214271425,4.6,0.7348469228349535,0
778,0.9412823654828687,0.021472090339126084,0.012238290549860007,0.007982589678400256,0.0005554960546165138,0.00026293823511635477,100.0,0.0,62.45,2.7654113618049667,1.125,0.3112474899497183,4.1,0.6244997998398398,0
779,0.9444511819329658,0.0244617070748548,0.012141975472681307,0.007785863331480541,0.000512965815945615,0.000276849052088148,100.0,0.0,64.25,2.342541355024496,1.05,0.21794494717703372,4.1,0.7681145747868608,0
780,0.945497720306298,0.025552995101802055,0.01084230677054888,0.008084331755883845,0.0005195973382436826,0.00027345459554375885,100.0,0.0,63.65,3.424543765233553,1.1,0.3,4.2,0.6,0
781,0.9449350280009018,0.02494142436688787,0.011015965369858249,0.007718187569905227,0.0005321069873384964,0.00028500057733658727,100.0,0.0,63.6,3.1685959035509725,1.05,0.21794494717703372,4.1,0.7000000000000001,0
782,0.9441221498545052,0.02581087912067484,0.010620774398963117,0.008008858288998744,0.0005411578483026016,0.0002922835416620902,100.0,0.0,63.1,2.6057628441590768,1.0,0.0,4.4,0.66332495807108,0
783,0.9414739123267332,0.02812141447720434,0.010775572916420891,0.00683703390903236,0.000586996633701161,0.0003512397126443951,100.0,0.0,63.3,3.4655446902326914,1.1,0.3,4.1,0.5385164807134504,0
784,0.944754682249479,0.022778674037656762,0.012180309861854935,0.0067544487622234394,0.0005188794672672421,0.0002490466010917254,100.0,0.0,64.4,2.956349099818896,1.025,0.10897247358851683,3.95,0.6689544080129826,0
785,0.9405402593867139,0.022397587067019362,0.012406694559734957,0.005663552369431339,0.0005737366263476582,0.00028418680981176297,100.0,0.0,64.3,2.3473389188611007,1.0,0.0,4.15,0.6538348415311012,0
786,0.9395954694886305,0.024889377310678296,0.012851340793882868,0.0066388533066248576,0.0005653574595565352,0.00026805705101378997,100.0,0.0,62.65,3.1666228067138023,1.025,0.10897247358851683,4.4,0.6633249580710799,0
787,0.9431904001794098,0.02263003522983954,0.012564665422728064,0.00627956813128761,0.0005250040566259251,0.00027138282722375214,100.0,0.0,63.95,2.0365411854416298,1.0,0.0,4.05,0.3840572873934304,0
788,0.942236107292166,0.01886587602776841,0.012571546449164469,0.005554330553577386,0.0005458840927163595,0.0002300603035208305,100.0,0.0,64.6,2.4779023386727737,1.0,0.0,4.1,0.7,0
789,0.9410063990174496,0.019249788748863076,0.012713750700363874,0.00570919512945183,0.0005521474599431742,0.00023167523091782003,100.0,0.0,63.95,2.9236107812087435,1.025,0.10897247358851683,4.0,0.6324555320336759,0
790,0.9400344872034829,0.019294973437010754,0.012574505866917773,0.005593696227953152,0.0005663958247339453,0.00024290341492998747,100.0,0.0,64.35,3.118894034750139,1.075,0.23848480035423641,4.1,0.7681145747868608,0
791,0.9386546573380559,0.02246544136771982,0.011636407963875765,0.0059867169671718075,0.0005881960210829862,0.00026586257002820466,100.0,0.0,62.95,2.7472713735632306,1.0,0.0,4.25,0.82915619758885,0
792,0.9364374667009125,0.020405437764732155,0.012088880573164252,0.005968926596508916,0.0006136117481190889,0.0002342581653702075,100.0,0.0,62.45,2.923610781208744,1.175,0.36314597615834876,4.35,0.9630680142129111,0
793,0.9350275285532769,0.02379903819381397,0.012834175200720357,0.006740761119846268,0.0006116652960346118,0.0002518352662155977,100.0,0.0,62.35,2.8857408061016154,1.15,0.3570714214271425,4.2,0.6782329983125269,0
794,0.9381342929851832,0.02169702044763323,0.010486983366992914,0.006079952908307949,0.0006066995739928048,0.000227403692028603,100.0,0.0,64.6,3.4698703145794942,1.15,0.3570714214271425,4.15,0.653834841531101,0
795,0.9396594483275799,0.01902828130462334,0.010140386521336045,0.006221684537583383,0.0005946305186200489,0.00022598129854526413,100.0,0.0,63.65,2.669737814842499,1.05,0.21794494717703372,4.3,0.5567764362830021,0
796,0.9421851993665525,0.01754000075768995,0.010609377968766234,0.005624574017546855,0.0005649424097165557,0.00019778559267011347,100.0,0.0,64.15,4.304358256465184,1.1,0.3,4.2,0.6782329983125268,0
797,0.9423866320050494,0.020270969122126756,0.010948810033445592,0.005975521105510041,0.0005538305972371007,0.0002437871776640501,100.0,0.0,63.05,3.1855140872392953,1.1,0.3,4.55,0.8645808232895291,0
798,0.940189690710943,0.020606009174592817,0.01130954884364296,0.00584942824418014,0.0005898546454400962,0.0002300901564280874,100.0,0.0,62.4,3.184336665618132,1.05,0.21794494717703372,4.75,0.7664854858377946,0
799,0.9380105386217081,0.023876282726252893,0.010216770678829179,0.00497226356612697,0.000642203333599422,0.00027858971502173316,100.0,0.0,62.5,2.9410882339705484,1.05,0.21794494717703372,4.45,0.6689544080129827,0
800,0.9403156893666736,0.025184820068465365,0.009801203201370005,0.004965785728822048,0.0006079060661745591,0.00027868295398193337,100.0,0.0,63.5,2.9916550603303182,1.025,0.10897247358851683,4.4,0.4898979485566356,0
801,0.937515419809581,0.02786892811665313,0.010347844884406711,0.006264397814172301,0.0006279494539087278,0.00033179945682209136,100.0,0.0,63.05,2.4591665254715873,1.05,0.21794494717703372,4.15,0.6538348415311012,0
802,0.9394475074189158,0.028048180269859953,0.010943528652957097,0.006144491368544404,0.0005950498953266543,0.0003125751989155377,100.0,0.0,63.7,2.9342801502242426,1.1,0.3,4.1,0.8306623862918076,0
803,0.9376383442640914,0.028557254108856518,0.009314290657503378,0.004682075916592043,0.0006424888786434831,0.0003327091652690824,100.0,0.0,63.45,3.2935543110748915,1.075,0.17853571071357124,4.15,0.5722761571129799,0
804,0.9385934476523221,0.02963869957566078,0.010534137233337033,0.005049523003468857,0.0006194654121367869,0.0003072521837396566,100.0,0.0,63.65,3.395217224272992,1.125,0.3112474899497183,3.8,0.5099019513592784,0
805,0.9381192428744628,0.025009705978003543,0.010802422816609269,0.0061513505829549646,0.0006113352581430707,0.00025774758646323,100.0,0.0,62.9,3.3000000000000003,1.075,0.23848480035423641,4.45,1.0712142642814275,0
806,0.9345331006977474,0.022175783368440963,0.010962477058597072,0.00617281020085824,0.0006524684594524807,0.00024155012127596498,100.0,0.0,64.05,3.278337993557101,1.05,0.21794494717703372,4.0,0.6324555320336759,0
807,0.9344422356149794,0.020659808445988255,0.010876241910877937,0.0064178388405010415,0.0006511512357033308,0.0002337528728564405,100.0,0.0,63.75,2.8262165522125158,1.0,0.0,4.4,0.6633249580710799,0
808,0.9343099867617193,0.02328406609704533,0.012571503995282557,0.006169876261286039,0.0006317062790284082,0.0002536003308935851,100.0,0.0,63.4,2.4372115213907883,1.05,0.21794494717703372,4.15,0.7262919523166976,0
809,0.9319154109535871,0.021627690515192515,0.013720088109806381,0.006308718275608234,0.0006430777731254386,0.00022484715519150293,100.0,0.0,63.7,3.407345007480164,1.0,0.0,4.35,0.5722761571129799,0
810,0.9347028560349834,0.021508674788261933,0.013315480617578168,0.005173467564737962,0.0006237875827254226,0.0002147327304828224,100.0,0.0,63.65,2.868361901852693,1.05,0.21794494717703372,4.25,0.8874119674649424,0
811,0.9407569819033219,0.02013805870945815,0.013302335946065034,0.005505615304052573,0.0005573309796107119,0.00018933821196750377,100.0,0.0,62.8,2.8913664589601917,1.0,0.0,4.25,0.7664854858377946,0
812,0.9412958697350055,0.023531389714904698,0.012722810818150323,0.00629439940300316,0.0005528147022750599,0.00021761313055364273,100.0,0.0,64.4,3.6110940170535573,1.05,0.2179449471770337,4.15,0.8529361054615991,0
813,0.9438517892997884,0.024497448271587157,0.012490539252494909,0.007820611103330802,0.0005081015385584739,0.00019255762168229995,100.0,0.0,63.25,2.662235902394827,1.0,0.0,4.3,0.9539392014169457,0
814,0.9449282450693606,0.022033664997970187,0.012147193957868101,0.007742582925602518,0.0005002360421068493,0.00016056339408412434,100.0,0.0,63.05,3.3537292675468007,1.05,0.21794494717703372,4.3,0.714142842854285,0
815,0.9426815866137852,0.025921072052707113,0.012326837772442428,0.007893321519102464,0.0005234953167647095,0.00022486349924902388,100.0,0.0,63.85,2.8857408061016154,1.0,0.0,4.15,0.7921489758877431,0
816,0.9442729885135946,0.02533046295804212,0.012776084081919733,0.007004314818248362,0.0005057923799708357,0.0002185936919321438,100.0,0.0,64.75,2.5074887836239665,1.075,0.17853571071357124,3.95,0.5894913061275798,0
817,0.9477645987107646,0.02452329178879556,0.011630967273100394,0.007368884020247564,0.0004791921300877027,0.00022471477722428004,100.0,0.0,64.05,3.7745860700214533,1.125,0.3112474899497183,4.05,0.5894913061275798,0
818,0.9483092205734638,0.02323490641460444,0.01266755090809939,0.006905699835699611,0.00046724206630598364,0.00022512263715638081,100.0,0.0,63.35,2.4550967394381837,1.0,0.0,3.95,0.49749371855331,0
819,0.9457755274825497,0.021868680403651277,0.012015293413737154,0.007197747861218629,0.0004968838105005923,0.00022182025102053727,100.0,0.0,62.25,2.913331426391443,1.05,0.21794494717703372,4.5,1.02469507659596,0
820,0.9455095132061272,0.02190098466133857,0.01199613013968847,0.0064850068005852584,0.0005052770745551977,0.00023226396934545866,100.0,0.0,64.3,3.4365680554879163,1.05,0.21794494717703372,4.1,0.6244997998398398,0
821,0.9436708850031763,0.02437559694313643,0.012260094579657885,0.006182861277267305,0.0005308815468280748,0.0002565194117678939,100.0,0.0,62.65,3.08666486681013,1.05,0.21794494717703372,4.25,0.6224949798994366,0
822,0.9462950633113156,0.02161795287967212,0.012473872072728766,0.006002013953547603,0.0005101095813129215,0.00025164970449844656,100.0,0.0,63.7,2.703701166919155,1.15,0.32015621187164245,4.2,0.6782329983125268,0
823,0.9452405345219466,0.02574640502220939,0.011304568437517119,0.006688531796596824,0.0005213634012259704,0.00027649572564495984,100.0,0.0,63.05,3.3387872049593095,1.2,0.4,3.95,0.5894913061275798,0
824,0.9447284830987229,0.030010754708983286,0.01108218441478719,0.00800578636679454,0.0005231490524382207,0.0003196907701165988,100.0,0.0,62.7,3.287856444554719,1.05,0.21794494717703372,4.25,0.698212002188447,0
825,0.947121240872533,0.02332482238679902,0.012135351017422028,0.0070265459359405745,0.00048710249029226957,0.00023105507615413424,100.0,0.0,62.65,3.439113257803529,1.2,0.4,4.25,0.698212002188447,0
826,0.9459949445089147,0.021018517350006947,0.011615212468632258,0.00747642501248318,0.0005027135365520325,0.00019249323808614156,100.0,0.0,63.05,4.153010955921017,1.15,0.3570714214271425,4.2,0.812403840463596,0
827,0.9494729631802384,0.0190497380744916,0.010898389885667114,0.007130835717128615,0.0004656403671636611,0.0001860196723477035,100.0,0.0,63.8,2.1354156504062622,1.025,0.10897247358851683,4.35,0.6538348415311012,0
828,0.9472779409107496,0.020515250050108336,0.01172746876966747,0.006625011915214921,0.0004853388337219342,0.0002157420025077089,100.0,0.0,63.15,3.08666486681013,1.025,0.10897247358851683,4.0,0.6324555320336759,0
829,0.9452047885387621,0.020940728697679177,0.01182545321366072,0.005597339584024601,0.0005154987204764927,0.00022780000388765342,100.0,0.0,63.2,3.5721142198983498,1.15,0.3570714214271425,4.4,0.6633249580710799,0
830,0.944131749934753,0.02060095971825397,0.012800429172028931,0.005104350317151273,0.0005206709659653623,0.00022712186691524548,100.0,0.0,62.6,2.8530685235374214,1.1,0.3,4.3,0.7810249675906654,0
831,0.947514702705708,0.02342281826800374,0.011406058596488857,0.004700074990291051,0.0004932898501263399,0.0002694969419216281,100.0,0.0,63.6,2.973213749463701,1.025,0.10897247358851683,4.5,0.9219544457292888,0
832,0.9513233738008511,0.026478822772018944,0.010975246003212414,0.005741045064299327,0.00044698617274608715,0.00030168941076765346,100.0,0.0,62.9,2.5865034312755126,1.05,0.21794494717703372,4.45,0.7399324293474372,0
833,0.9500025419204083,0.026182750343148393,0.010420823497142013,0.005226366350590758,0.0004802724162008055,0.0003035334986219446,100.0,0.0,63.1,2.4677925358506134,1.0,0.0,4.4,0.7999999999999999,0
834,0.9470160708184272,0.028861950674551762,0.010124739483009813,0.00462611654130639,0.000521312198035386,0.0003249194839449547,100.0,0.0,63.55,3.4128433893163046,1.075,0.23848480035423641,3.95,0.6689544080129827,0
835,0.943467100096487,0.029941836100540496,0.01081776264911143,0.004826976969286591,0.0005503356274996782,0.00031640730149598486,100.0,0.0,64.5,3.263433774416144,1.05,0.21794494717703372,4.3,0.714142842854285,0
836,0.9440139121383553,0.023858534606884432,0.010015952911611318,0.004812981059467302,0.0005540663480151582,0.000247367917372004,100.0,0.0,63.25,3.222964473896664,1.0,0.0,4.25,0.6224949798994366,0
837,0.9489626721654549,0.026442875053439365,0.009609988602779047,0.004665041030323952,0.0005066127616662877,0.00030347879964947135,100.0,0.0,63.1,2.0712315177207983,1.125,0.3112474899497183,4.15,0.7262919523166975,0
838,0.9449967669168873,0.024639931255049315,0.0107369817806026,0.004516632799579001,0.0005401260210462317,0.00029029384495016936,100.0,0.0,63.25,2.9811910371527683,1.05,0.21794494717703372,4.15,0.5722761571129799,0
839,0.9497157880017102,0.024434282864536836,0.01047234333378658,0.004665694037979324,0.00048712601589049817,0.0002750788961247851,100.0,0.0,62.25,2.6433879775772606,1.1,0.3,4.35,0.7262919523166975,0
840,0.9442660458015857,0.029423431540492772,0.010557792017656031,0.0048105360109277715,0.000567945996735561,0.000370332629375098,100.0,0.0,63.5,2.224859546128699,1.05,0.21794494717703372,4.35,0.5722761571129799,0
841,0.9454523890418104,0.029956660799879686,0.01141811083247092,0.005641491677394786,0.0005305790468011944,0.0003525727274639343,100.0,0.0,62.5,2.224859546128699,1.05,0.21794494717703367,4.3,0.714142842854285,0
842,0.9435098212981317,0.03135654657368682,0.011450851817063661,0.005780760579879782,0.0005489314470897473,0.00035376452064352337,100.0,0.0,62.95,4.09237095092808,1.15,0.3570714214271425,4.3,0.9,0
843,0.9374368455943962,0.02735140126586507,0.01309557174845453,0.005715419614278476,0.0006008610246294886,0.00029710067844306595,100.0,0.0,63.1,3.1448370387032774,1.025,0.10897247358851683,4.3,0.7810249675906654,0
844,0.9400363565443227,0.02373596508985592,0.012329679093450386,0.005585796834465014,0.0005796399501374705,0.0002557046371366917,100.0,0.0,63.25,3.7399866309921483,1.15,0.3570714214271425,4.2,0.5099019513592784,0
845,0.9365913673045663,0.027459511674133862,0.013687815041458265,0.004985438840033585,0.0006055375827238511,0.0002979466234395601,100.0,0.0,63.45,2.4794152536434875,1.125,0.3112474899497183,3.95,0.7399324293474371,0
846,0.9389655876656237,0.02824772812744752,0.013761996069710245,0.004270425674333975,0.000572341205359635,0.0003187823973872717,100.0,0.0,63.8,2.6,1.05,0.21794494717703372,4.0,0.6324555320336759,0
847,0.9362045547662404,0.02671638092008845,0.01482172420266333,0.004842655927678415,0.0005841141677456332,0.0002927289828905445,100.0,0.0,63.75,2.426417111710186,1.0,0.0,4.3,0.6403124237432849,0
848,0.9402609277547624,0.024425859262343093,0.014371465472984138,0.005477204420242425,0.0005429416401865562,0.0002839685423149394,100.0,0.0,63.8,2.9257477676655586,1.1,0.3,3.95,0.49749371855331004,0
849,0.9420756049854301,0.02187963956741235,0.01322275229010918,0.006067922802486589,0.0005314944238262102,0.00022815005753777878,100.0,0.0,62.9,2.7367864366808012,1.05,0.21794494717703372,4.55,0.8046738469715542,0
850,0.9409297345276666,0.0220642234694166,0.013096293707432233,0.005823489006686844,0.0005450195584702699,0.00021370416857476073,100.0,0.0,64.25,3.7798809505062456,1.0,0.0,4.1,0.7000000000000001,0
851,0.9400238383552827,0.020419450732681654,0.012787370321132974,0.006637632182135314,0.0005571291327190395,0.00019275360637654033,100.0,0.0,63.75,2.426417111710186,1.0,0.0,4.1,0.6244997998398398,0
852,0.9391746949827178,0.023629713824410422,0.012745164736455539,0.006330258234588615,0.0005692919434669413,0.0002412234388523212,100.0,0.0,63.5,3.442382895611701,1.0,0.0,4.2,0.6,0
853,0.9353830719603954,0.02379768956485182,0.013015340077410115,0.005767149944133833,0.0006171918469283609,0.0002573519926146569,100.0,0.0,64.4,2.0591260281974,1.0,0.0,4.0,0.5477225575051661,0
854,0.9352611166219207,0.02279597469875411,0.012730610968996489,0.006240448372669832,0.0006167836200931914,0.00023480696937999373,100.0,0.0,63.35,3.1666228067138023,1.1,0.3,3.95,0.9205976319760983,0
855,0.933302996242117,0.024953147587887848,0.012730073238172934,0.006107407830878522,0.00064382637182783,0.0002684926892659536,100.0,0.0,63.75,3.4478254016118624,1.1,0.3,4.15,0.6538348415311009,0
856,0.9352065894182162,0.021499318168631633,0.01306425800431375,0.006061012120309468,0.0006164241424828192,0.0002457217460543421,100.0,0.0,63.9,1.8681541692269403,1.0,0.0,4.05,0.49749371855331004,0
857,0.9392514362016163,0.016903662727194003,0.013563337262674108,0.006052602906267376,0.0005564740984716537,0.00020783127132915994,100.0,0.0,63.05,3.3087006513131403,1.1,0.3,4.1,0.6244997998398398,0
858,0.9382951913432134,0.018997671241130425,0.013987487352105695,0.004801617467482883,0.000571778699036893,0.00023641804168131548,100.0,0.0,63.6,3.813135192987524,1.075,0.23848480035423641,4.1,0.5385164807134504,0
859,0.9349071098094581,0.02194012981229349,0.013825272509333058,0.004164800333690684,0.0006226095418578293,0.00029519449438537024,100.0,0.0,62.6,3.2619012860600183,1.1,0.3,4.3,0.8426149773176358,0
860,0.9372713680380921,0.02109289907989057,0.012976526862055254,0.004547993398059576,0.0006064465050492592,0.0002623318111670676,100.0,0.0,61.85,2.5743931323712,1.15,0.32015621187164245,4.4,1.019803902718557,0
861,0.9353142353837001,0.017456851656275942,0.012496659864146173,0.005885495444569301,0.0006305826802749069,0.00021006442680130235,100.0,0.0,63.4,3.2465366161495854,1.1,0.3,4.3,0.6403124237432849,0
862,0.9357386024424075,0.018774278967500727,0.011258896476920665,0.006178627587620591,0.0006349783657556367,0.0002542813084241648,100.0,0.0,63.45,2.3764469276632285,1.075,0.23848480035423641,4.05,0.739932429347437,0
863,0.9369998502641534,0.013667600335797008,0.012914055235422602,0.005638813047215458,0.0006102458031992556,0.00021220708326504206,100.0,0.0,63.5,2.5,1.05,0.21794494717703372,4.15,0.653834841531101,0
864,0.9382921626864414,0.01568680548472486,0.011936463455907292,0.00531345723450179,0.0006022140961301351,0.00020495534242285208,100.0,0.0,63.9,2.7184554438136375,1.1,0.3,4.1,0.30000000000000004,0
865,0.9440952193803831,0.013383149567700458,0.011707741802849992,0.00549747838728157,0.000526629993845729,0.00016223890843971583,100.0,0.0,63.8,3.8026306683663087,1.05,0.21794494717703372,4.2,0.812403840463596,0
866,0.9418658314665288,0.014770882163981935,0.011613260268821465,0.005186604453617361,0.0005563762204223343,0.0001681573982132202,100.0,0.0,63.65,2.815581645060217,1.075,0.23848480035423641,4.35,0.963068014212911,0
867,0.9405089662149988,0.017434582840794757,0.011411651684929724,0.005081050725948369,0.0005776617512075022,0.0001999137877435812,100.0,0.0,64.0,2.449489742783178,1.0,0.0,4.0,0.5477225575051661,0
868,0.9388695415275139,0.019590952744457026,0.01225306411023926,0.006062117176608016,0.0005819289458580479,0.00019708183406613763,100.0,0.0,64.0,2.32379000772445,1.0,0.0,4.25,0.6224949798994366,0
869,0.9332459844891398,0.02352118034511603,0.0135537181334595,0.006544755828284525,0.0006312720727651688,0.0002515348101077575,100.0,0.0,63.35,3.453621287865825,1.1,0.2549509756796392,4.35,0.8529361054615991,0
870,0.9373606054039001,0.024222387660884963,0.013713338407726705,0.007738067649072481,0.0005673871227005818,0.0002335997689112476,100.0,0.0,62.05,4.06786184622831,1.275,0.43229041164476456,4.2,0.7483314773547883,0
871,0.9377901883519779,0.023562174484680214,0.014037402498328033,0.007056575565112072,0.0005693638296898004,0.00023047895336519752,100.0,0.0,64.8,3.026549190084311,1.0,0.0,3.85,0.7262919523166975,0
872,0.9349375151959052,0.022468728263945414,0.01509271222960037,0.006848090028255953,0.000587073700850912,0.0002513165036863145,100.0,0.0,62.9,2.8442925306655784,1.15,0.3570714214271425,4.15,0.5722761571129799,0
873,0.9351951571471874,0.022550149931483323,0.013720749016416631,0.005871379367941103,0.0006163207257567987,0.00024979505258182103,100.0,0.0,63.85,2.8508770580296865,1.05,0.21794494717703372,4.2,0.6782329983125269,0
874,0.9362087727440368,0.023129241312720178,0.013831210586216901,0.005164533388033014,0.0006057588575014403,0.0002672247726065705,100.0,0.0,64.35,3.365635155509284,1.025,0.10897247358851683,3.85,0.5722761571129799,0
875,0.9362440493890973,0.017904545581613814,0.01499975010462069,0.00530689199330884,0.0005859687823355186,0.00020711888781896527,100.0,0.0,63.95,2.654712790491657,1.0,0.0,4.35,0.653834841531101,0
876,0.9314743827685825,0.022006079693521165,0.015634498773868973,0.007007956410586585,0.0006244159471151735,0.0002087818333336594,100.0,0.0,62.9,3.345145736735546,1.15,0.3570714214271425,4.2,0.7483314773547883,0
877,0.9344948077969452,0.01955662494982905,0.01532112942834587,0.007553401607898256,0.0005810715362952496,0.0001793675580133292,100.0,0.0,63.5,3.52845575287547,1.05,0.21794494717703372,4.35,0.6538348415311012,0
878,0.9412749083219252,0.01807897291822083,0.014313511250114801,0.005760100863731781,0.0005260382163964693,0.00017963168176356913,100.0,0.0,62.15,3.5535193822462827,1.1,0.3,4.6,0.66332495807108,0
879,0.9368115142866728,0.024291832598110453,0.015058001576072042,0.005775851528446567,0.0005768350980642121,0.0002659805997561093,100.0,0.0,62.8,2.580697580112788,1.075,0.23848480035423641,4.6,1.0677078252031311,0
880,0.9376566727093147,0.02596726199086151,0.014056096883657979,0.0058812630148556205,0.0005827782493495442,0.00029198244246739853,100.0,0.0,63.75,2.3637893307145625,1.05,0.21794494717703372,4.3,0.6403124237432849,0
881,0.937760467369103,0.02841309530867369,0.014334367068328,0.006058689509359771,0.0005700281812528738,0.0002996440115448235,100.0,0.0,63.15,3.1666228067138023,1.15,0.3570714214271425,4.4,0.9165151389911679,0
882,0.931824199456113,0.029855472299612225,0.015128022719153408,0.0077092954054595484,0.0006251628355524553,0.0003010616444639813,100.0,0.0,63.2,3.0594117081556704,1.075,0.23848480035423641,4.55,0.7399324293474372,0
883,0.9331511765710344,0.03361392275193926,0.015479069818955693,0.0074377300982417325,0.0005939224448658282,0.00032003308846103017,100.0,0.0,64.7,3.287856444554719,1.1,0.3,4.1,0.7,0
884,0.9337598791124583,0.03452394653065669,0.015537457134134913,0.008167830463093315,0.0005888925138147335,0.00032733808279816046,100.0,0.0,63.05,2.8892040426387333,1.05,0.21794494717703372,4.3,0.714142842854285,0
885,0.9317214550270018,0.03868296895726115,0.015260202103368092,0.007639076544091593,0.0006266532853662564,0.00040081353056063674,100.0,0.0,62.9,2.896549671592048,1.15,0.3570714214271425,4.15,0.47696960070847283,0
886,0.9298260756125674,0.04278482646029137,0.01577270448020497,0.008319626071112226,0.000638244950371164,0.0004662506735145388,100.0,0.0,61.9,2.981610303175114,1.05,0.15,4.3,0.714142842854285,0
887,0.9307075000123648,0.045815417548072175,0.015458716206504363,0.009040277606687084,0.0006192097132942616,0.0005074499887500264,100.0,0.0,63.7,3.479942528261063,1.075,0.23848480035423641,3.8,0.7483314773547883,0
888,0.9337838736549573,0.03829299764295482,0.016036596405033125,0.009945935793223278,0.0005541575178207303,0.00035064571297514725,100.0,0.0,63.15,3.102821296820041,1.125,0.3112474899497183,3.95,0.5894913061275798,0
889,0.9305193236341239,0.035902689878209826,0.01675694605668357,0.010217549791607147,0.000586258995474593,0.000320218873169936,100.0,0.0,63.55,3.4274626183227737,1.1,0.3,4.35,0.6538348415311009,0
890,0.9320840623592705,0.03548750626863815,0.01696461980037082,0.010956443964574018,0.0005777305293707286,0.00030974435224174443,100.0,0.0,63.1,2.826658805020514,1.025,0.10897247358851683,4.4,0.4898979485566356,0
891,0.9370185766227419,0.032653706771474514,0.016947771701651557,0.00981662020842705,0.0005099545138645535,0.00024300308904742017,100.0,0.0,63.9,3.047950130825634,1.0,0.0,4.3,0.6403124237432849,0
892,0.9376753005797053,0.03377103849529957,0.016028250037037513,0.010050485711630194,0.0005166854941387069,0.0002727180319306191,100.0,0.0,64.55,3.6670833096617805,1.05,0.21794494717703372,4.2,0.7483314773547883,0
893,0.9362617658766427,0.03074700754806159,0.0171639103250472,0.008271055839392279,0.000545849540057341,0.00031193327170930937,100.0,0.0,63.25,2.2555487137279924,1.05,0.21794494717703372,4.2,0.5099019513592784,0
894,0.9409685628365223,0.03368386057959423,0.01631369007003086,0.008123467755996906,0.0004896016540436078,0.000270502794088298,100.0,0.0,63.4,3.120897306865447,1.15,0.3570714214271425,4.2,0.7483314773547883,0
895,0.939189679341423,0.03144289388387516,0.01652250496463933,0.00913375082621236,0.0004978996861050199,0.0002508897007362281,100.0,0.0,62.75,3.080178566252288,1.15,0.32015621187164245,3.95,0.739932429347437,0
896,0.9382210164412571,0.030674226470173524,0.01593939165778184,0.0075742963473963,0.0005281492815356352,0.0002785787343059382,100.0,0.0,63.5,3.5,1.075,0.23848480035423641,4.45,0.9733961166965893,0
897,0.9391718288849951,0.030382345527925927,0.0159264183813383,0.008001728608360898,0.0005205982956957979,0.00027743745554423504,100.0,0.0,63.2,3.5298725189445577,1.1,0.3,4.45,0.8645808232895291,0
898,0.9420249512667809,0.02957551679063308,0.014794595864052584,0.009382748932985128,0.0004874647256911939,0.00022778946021079577,100.0,0.0,63.8,3.295451410656816,1.05,0.21794494717703372,4.4,0.8602325267042626,0
899,0.9417615326670943,0.03098354286884442,0.013961801014453299,0.008889910884543625,0.0005077291732874682,0.00024912879766373914,100.0,0.0,63.55,3.4420197558991443,1.0,0.0,4.1,0.5385164807134504,0
900,0.942211582728935,0.02941496433699145,0.013801966266994568,0.006831766227306389,0.0005182929501623735,0.00030065395468645783,100.0,0.0,63.4,2.989983277545211,1.1,0.3,4.1,0.7681145747868608,0
901,0.936170294387947,0.027319599649691242,0.013527467162962523,0.005746355555098584,0.000617575400595965,0.0003085576847671652,100.0,0.0,64.2,2.6191601707417584,1.075,0.23848480035423641,4.15,0.5722761571129799,0
902,0.9394629800341985,0.02738558536332441,0.013930452701987398,0.0070224997586647185,0.0005601201968492852,0.0002929134145150804,100.0,0.0,62.1,3.223352292257239,1.175,0.36314597615834876,4.3,0.5567764362830021,0
903,0.9407528206509325,0.023051530602257835,0.014719590372696194,0.006602573813521751,0.0005315759025004752,0.0002588632681294781,100.0,0.0,63.75,2.2332711434127295,1.025,0.10897247358851683,4.05,0.6689544080129826,0
904,0.9468511927025205,0.022961000313095847,0.013934461901059406,0.007246490384243076,0.00045631263819859055,0.00021302832784909144,100.0,0.0,63.7,4.026164427839479,1.15,0.3570714214271425,4.1,0.5385164807134504,0
905,0.9439489754215525,0.02819350937341397,0.014177503064818917,0.007856034884893046,0.00048289394490917974,0.00025484354751588694,100.0,0.0,63.5,2.819574435974337,1.0,0.0,4.25,0.6224949798994366,0
906,0.9428915289776336,0.02404805992323728,0.014128480352486048,0.007703004556337017,0.0005027017270323363,0.00023135017615336098,100.0,0.0,62.7,2.934280150224242,1.05,0.21794494717703372,4.25,1.0897247358851685,0
907,0.9395556250701727,0.02339158948088461,0.014477616302028689,0.008753481063923638,0.0005267841651798552,0.00022018880462438832,100.0,0.0,63.15,2.669737814842499,1.05,0.21794494717703372,4.25,0.5361902647381804,0
908,0.9377318249782194,0.023784268968062433,0.014766858852550066,0.008581525828854247,0.0005477024313140301,0.0002768354628609583,100.0,0.0,62.65,2.7436289836637897,1.1,0.3,4.15,0.4769696007084728,0
909,0.9411252712450299,0.021376030068418782,0.014857059980523335,0.008120001490406415,0.0005068553385078052,0.00023406969803571451,100.0,0.0,62.45,3.308700651313141,1.125,0.3112474899497183,4.25,0.9420721840708386,0
910,0.9395884718833585,0.02357443188577484,0.013385012564889592,0.008296061690968451,0.0005464752215570927,0.00027391679912940525,100.0,0.0,62.4,3.839270764090493,1.225,0.40233692348577704,4.2,0.7483314773547882,0
911,0.9388778546021334,0.019774470743692724,0.01308985797696859,0.008691331093832676,0.0005549329647818323,0.00023870195005014507,100.0,0.0,62.25,3.222964473896664,1.025,0.10897247358851683,4.55,0.8046738469715541,0
912,0.9402536399310207,0.019904239188451137,0.013977324109277278,0.0095521236082405,0.0005171254982205988,0.00021356444439411983,100.0,0.0,63.9,2.5278449319529077,1.05,0.21794494717703372,4.45,0.7399324293474372,0
913,0.9391821873238237,0.018950991033508734,0.01447182908992277,0.010028842878744441,0.0005150603122161122,0.00018631141071904624,100.0,0.0,63.65,2.4550967394381837,1.0,0.0,4.55,0.8046738469715541,0
914,0.9374960095693503,0.022891591195307776,0.014387423317578609,0.009324366424823876,0.0005527781971281039,0.0002484948887851431,100.0,0.0,63.65,2.6697378148424984,1.05,0.21794494717703372,4.0,0.6324555320336759,0
915,0.9429285263220283,0.02395792605294225,0.013471902050294037,0.008951014878978581,0.0005078721292169377,0.0002503828359267234,100.0,0.0,62.9,2.773084924772409,1.1,0.3,4.25,1.0428326807307104,0
916,0.9448531727452718,0.019661774898851538,0.013640258305978453,0.008000188592338468,0.000479196280364318,0.00023919688429727693,100.0,0.0,63.55,3.9808918598726084,1.05,0.21794494717703372,4.0,0.8366600265340756,0
917,0.9460286510037381,0.01873889744684555,0.01317441781797051,0.007285830644827434,0.0004747557341020823,0.00024022767552141813,100.0,0.0,63.8,2.8913664589601917,1.1,0.3,4.0,0.6324555320336759,0
918,0.9449684010361853,0.017760924268869934,0.013517854886250952,0.007219970330812233,0.0004896480352583222,0.00020554889360110162,100.0,0.0,63.05,3.323777970924051,1.1,0.3,4.35,0.5722761571129799,0
919,0.943017072674545,0.017764865837784027,0.013195583736815994,0.006848813942775952,0.000513342490670305,0.00017887552174842858,100.0,0.0,64.0,2.6832815729997477,1.0,0.0,4.3,0.6403124237432849,0
920,0.9409413880226285,0.017851606077485815,0.014085959754208743,0.0073685684153345955,0.0005215336285793841,0.00016065196849007329,100.0,0.0,63.25,2.9979159427842537,1.025,0.10897247358851683,4.3,0.7810249675906654,0
921,0.9380236185546149,0.01665128911398386,0.014298119904534714,0.008578936666234802,0.0005437972364162423,0.00015643225712834333,100.0,0.0,62.95,3.840247387864485,1.1,0.3,4.3,0.8426149773176358,0
922,0.9410657039292329,0.018071538230698746,0.0149591904165317,0.009568535901738982,0.0004891274061227939,0.00016818528881107532,100.0,0.0,62.35,2.7436289836637897,1.1,0.3,4.25,0.82915619758885,0
923,0.9430513371836963,0.018896274250161035,0.014249724888372728,0.007795128888730397,0.0005005991329451887,0.00026059006701323236,100.0,0.0,63.7,3.083828789021855,1.05,0.2179449471770337,3.95,0.3840572873934304,0
924,0.9419428369204697,0.020069579998084442,0.01386498238198137,0.007585682451736487,0.0005168003220109191,0.0002651795336821572,100.0,0.0,64.6,2.9899832775452104,1.0,0.0,4.1,0.6244997998398398,0
925,0.9375524571999675,0.020652021544354925,0.014768125232764459,0.007413274299974842,0.000554633192001458,0.00025663370823975003,100.0,0.0,64.6,2.8705400188814645,1.05,0.21794494717703372,4.1,0.6244997998398398,0
926,0.9373922751254595,0.019884964628493866,0.014215948445488005,0.007842955154574692,0.0005606760076042109,0.00025968121482889604,100.0,0.0,63.3,2.98496231131986,1.0,0.0,4.1,0.6244997998398398,0
927,0.9343341618644919,0.020936982012589037,0.014781149830461656,0.008654207330419458,0.0005896959162928962,0.0002464888573682054,100.0,0.0,63.65,2.4550967394381837,1.025,0.10897247358851683,4.2,0.6782329983125268,0
928,0.9369021653331341,0.01969070298668234,0.014820221571614927,0.008773845897298144,0.0005590899432852793,0.0002308600484170908,100.0,0.0,63.75,3.491060010942235,1.1,0.3,3.75,0.6224949798994366,0
929,0.9393825351979805,0.020317772472565436,0.015218031199769102,0.007787843470831505,0.0005265088027181285,0.0002402131583564372,100.0,0.0,63.75,2.7363296585024255,1.05,0.21794494717703372,4.2,0.6782329983125269,0
930,0.9404946037478025,0.01995679702908278,0.015655738509233446,0.006992429789126585,0.0005169813820118283,0.00025937471397520035,100.0,0.0,62.6,3.1208973068654475,1.15,0.3570714214271425,4.1,0.6244997998398398,0
931,0.9391511440755641,0.02385782600951687,0.015997330115393997,0.0075201190114049235,0.0005273354560305987,0.00028391752791915534,100.0,0.0,63.45,3.353729267546801,1.0,0.0,4.3,0.6403124237432849,0
932,0.9427477114961302,0.018270048518379624,0.01512266950486291,0.0067672317677536994,0.0004997973969116101,0.00021883213435241254,100.0,0.0,63.25,3.207413287993925,1.05,0.21794494717703372,4.3,0.8426149773176358,0
933,0.9473112588249117,0.02051989038348698,0.013609233558798875,0.007846103126808493,0.0004577842083080109,0.0002238044990165833,100.0,0.0,63.4,3.541186241925155,1.05,0.21794494717703372,4.35,0.5722761571129799,0
934,0.9389277316476262,0.02487301567045651,0.01454120557476771,0.007641438314324746,0.0005492291110199782,0.00027279632052560655,100.0,0.0,62.4,3.2619012860600183,1.25,0.4330127018922193,4.2,0.6782329983125269,0
935,0.9410887446570895,0.02564760573609218,0.01398095224352978,0.007845226429436697,0.000520306233432638,0.0002714935267425502,100.0,0.0,63.6,2.9563490998188966,1.1,0.3,4.5,0.7416198487095663,0
936,0.9428925373218343,0.02701748176253988,0.013743885795057855,0.007862023635836431,0.0004980495894250356,0.0002893820644816247,100.0,0.0,63.5,3.248076353782343,1.125,0.3112474899497183,4.1,0.7681145747868608,0
937,0.9358184263702298,0.026462843024110824,0.014358668605525485,0.007784232095397219,0.0005777824964315505,0.00030022151212458605,100.0,0.0,63.3,3.333166662499792,1.05,0.21794494717703372,4.3,0.9539392014169458,0
938,0.9371122648220862,0.025405212702279766,0.014168967573186277,0.0067861369983321165,0.0005652872348243922,0.00027269475645326556,100.0,0.0,64.15,3.08666486681013,1.0,0.0,4.4,0.66332495807108,0
939,0.934927981432408,0.023985504277798084,0.01496723984180158,0.00530761963878849,0.0005931601999380638,0.0002650204948683181,100.0,0.0,64.75,2.277608394786075,1.0,0.0,4.15,0.4769696007084728,0
940,0.9331425704580953,0.023777900425270844,0.015242556825367664,0.005702802002936525,0.0006045677473431048,0.0002496173422468451,100.0,0.0,63.25,2.947456530637899,1.0,0.0,4.2,0.7483314773547883,0
941,0.932476348867092,0.022762706931510605,0.016150032448571244,0.005343133289523097,0.0006046689286288079,0.0002615763574389578,100.0,0.0,64.85,3.4391132578035286,1.1,0.3,4.0,0.7071067811865476,0
942,0.931014035293936,0.02375202815146182,0.01639021089284927,0.0055257129146081534,0.0006141147880675007,0.0002615197512137885,100.0,0.0,63.25,3.2996211903792836,1.05,0.21794494717703372,4.35,0.6538348415311012,0
943,0.9315886196756017,0.02325914908468725,0.016358007805868203,0.006229108130918932,0.0006006056509681506,0.0002114479870317097,100.0,0.0,63.3,2.6286878856189833,1.05,0.21794494717703372,4.4,0.8602325267042626,0
944,0.9324826472565209,0.024329337280992683,0.015256603388606054,0.006044022569600573,0.0006160620016870265,0.0002214264430801741,100.0,0.0,63.85,3.0866648668101306,1.1,0.3,4.2,0.6782329983125269,0
945,0.9334045888357929,0.024688231870466006,0.014649908840460297,0.007208568910728568,0.000612104810344985,0.0002522349631780115,100.0,0.0,65.0,3.1304951684997055,1.05,0.21794494717703372,4.3,0.9539392014169458,0
946,0.9354678232536304,0.02344269800097571,0.014166373729580939,0.0073050733224066505,0.0005980985330712409,0.000235414830010318,100.0,0.0,63.5,2.9410882339705484,1.05,0.21794494717703372,4.05,0.6689544080129826,0
947,0.9371377160283005,0.022242542285835255,0.014399540428397393,0.006402221039622794,0.0005729020620277908,0.0002138183752957842,100.0,0.0,63.3,3.0182776545573144,1.075,0.23848480035423641,4.1,0.7681145747868608,0
948,0.9384625524936465,0.021456991979679495,0.014643886228358605,0.005842922633173754,0.0005561628655011859,0.00022839999490531886,100.0,0.0,62.4,2.4979991993593593,1.1,0.3,4.1,0.8306623862918076,0
949,0.9374913292283003,0.022818495609267173,0.014441070067103517,0.005774115802297383,0.0005790230574791359,0.00022697506962538348,100.0,0.0,62.7,3.536947836765479,1.05,0.21794494717703372,4.15,0.5722761571129799,0
950,0.9373525934063732,0.02154984549823588,0.014276109108395501,0.006040310677080694,0.0005836925416561913,0.00019756556059616177,100.0,0.0,62.3,3.083828789021855,1.15,0.3570714214271425,4.2,0.6782329983125269,0
951,0.9375032486851828,0.02375907938121665,0.01490933554307862,0.006582996054031516,0.0005642359979875478,0.00024094295515356408,100.0,0.0,63.95,2.8013389655662877,1.0,0.0,4.45,1.0712142642814273,0
952,0.9358643771246836,0.0257775600774619,0.014855384513518083,0.005912003186313798,0.0005862360930620704,0.000248163425172717,100.0,0.0,63.85,3.259984662540608,1.075,0.23848480035423641,4.15,0.5722761571129799,0
953,0.9404900633466016,0.0200911318529981,0.014846043047676708,0.005622763744068498,0.0005264170959225419,0.0001979617522185307,100.0,0.0,62.2,2.803569153775237,1.15,0.3570714214271425,4.4,0.7999999999999999,0
954,0.9434158629963412,0.02038019982228832,0.0145512365252938,0.006074175614578117,0.0004972757042070832,0.0002422575531902913,100.0,0.0,63.35,2.9542342493444895,1.125,0.3112474899497183,4.35,1.061838029079765,0
955,0.9437470832534336,0.015584717051185666,0.015121470865729885,0.006752135276696428,0.0004783879563901805,0.00014268133724126554,100.0,0.0,63.8,3.0430248109405875,1.1,0.3,4.2,0.5099019513592784,0
956,0.9401144418295662,0.020447234632416093,0.01505574377686758,0.007081936402614179,0.0005288965887941499,0.00020836865955590998,100.0,0.0,63.55,2.6734808770589704,1.0,0.0,4.25,0.7664854858377946,0
957,0.9396991501313281,0.022185201960344722,0.01585426083116411,0.006676663201730213,0.0005158677193268302,0.00024974088263032357,100.0,0.0,63.65,2.4753787588973126,1.05,0.21794494717703367,4.2,0.7483314773547882,0
958,0.9435884908873968,0.017290373622145278,0.014210439514279171,0.00634798737303189,0.0004960589851169517,0.0002181703648979631,100.0,0.0,63.75,2.5273503912200224,1.05,0.21794494717703372,4.55,0.8046738469715541,0
959,0.9424778017866237,0.01551401618635539,0.01514938493747078,0.006392189212659564,0.0004987183668860332,0.0001906084198035849,100.0,0.0,63.35,3.8765319552404045,1.1,0.3,4.25,0.698212002188447,0
960,0.9424307315636902,0.019169900353575506,0.015490637138913904,0.0066825021091008055,0.0004891943536543597,0.00019715653131006564,100.0,0.0,62.55,2.7106272336859605,1.05,0.21794494717703372,4.3,0.8426149773176358,0
961,0.9459639254012412,0.020388925090825072,0.016200020995637603,0.007467903605027047,0.00042957577341868545,0.00017041521507058603,100.0,0.0,63.85,2.632014437650371,1.1,0.3,4.35,0.7262919523166975,0
962,0.9439200815785945,0.02282192541607183,0.01663594731632784,0.00832900143944757,0.00043824397403898917,0.00017016078299846463,100.0,0.0,62.9,2.0712315177207983,1.025,0.10897247358851683,4.15,0.6538348415311012,0
963,0.9413205999474938,0.02467535113261294,0.017685028048483188,0.008911943127313034,0.0004494838760123491,0.00020811679710913998,100.0,0.0,64.6,3.1208973068654466,1.1,0.3,4.1,0.7681145747868608,0
964,0.9404313315010203,0.02602214157194502,0.018162205371946787,0.009058042640376565,0.0004539194324672981,0.0002294664717759623,100.0,0.0,63.6,3.7067505985701277,1.1,0.3,4.4,0.9165151389911679,0
965,0.9389651075910843,0.02276903439518656,0.018348030897725052,0.008922259763560167,0.00046830210791774823,0.00016915902098555875,100.0,0.0,62.4,2.6907248094147422,1.1,0.3,4.1,0.7000000000000001,0
966,0.9368076401597198,0.022540358663211715,0.018552393224412857,0.009073511227199516,0.0004835919574487426,0.00017042478372123778,100.0,0.0,63.7,3.0512292604784714,1.075,0.23848480035423641,4.05,0.49749371855331004,0
967,0.9375235845370055,0.022118513707307372,0.018776777848272103,0.008024787223157918,0.0004807367166862076,0.00021940769525458616,100.0,0.0,63.15,3.2291639784935047,1.05,0.21794494717703372,4.15,0.8529361054615991,0
968,0.9392795970342019,0.02092793583744919,0.01751730714086579,0.0074636521225844325,0.0004914889481460411,0.000203864593825275,100.0,0.0,62.5,2.3345235059857505,1.0,0.0,4.15,0.7262919523166976,0
969,0.932732337919522,0.023012374124173972,0.017121862676886937,0.007190421540183988,0.000587507328679872,0.00021162756535562385,100.0,0.0,63.25,2.56661255354212,1.05,0.21794494717703372,4.35,0.7262919523166976,0
970,0.929958658159245,0.02514406146341115,0.017150969662245313,0.007888727710516616,0.0006310651366308818,0.0002874406294584428,100.0,0.0,64.2,3.6414282912066254,1.075,0.23848480035423641,4.15,0.6538348415311009,0
971,0.9335890880472364,0.023342847920548696,0.017338653421705083,0.007608210316066817,0.0005719643766516734,0.00020464874250310206,100.0,0.0,62.85,2.9372606285449034,1.15,0.3570714214271425,4.4,0.66332495807108,0
972,0.9329550107073066,0.0244766596342343,0.01527758783274363,0.008632143844038428,0.0005969032869610931,0.00021693572273044564,100.0,0.0,64.15,3.070423423568808,1.025,0.10897247358851683,4.2,0.6782329983125268,0
973,0.9356711217970025,0.022140627655308543,0.014075523674100407,0.00782238508769179,0.0005935562527562661,0.0002659116266131452,100.0,0.0,62.5,2.819574435974337,1.025,0.10897247358851683,4.4,0.4898979485566356,0
974,0.9338085115815549,0.024413038551337474,0.014541425794397819,0.009219990545759307,0.0005879752819461213,0.00024240719834728446,100.0,0.0,64.3,2.7766886753829647,1.05,0.21794494717703372,4.2,0.8717797887081347,0
975,0.9337092553756398,0.022365005043531037,0.015234835402169421,0.008572981873630979,0.0005783002806059593,0.00021454336874529977,100.0,0.0,63.5,2.5,1.05,0.2179449471770337,4.2,0.812403840463596,0
976,0.9322385528122933,0.023318776319277337,0.01543699466672703,0.008239157118213757,0.0006066151677285522,0.00019026064794887875,100.0,0.0,63.95,3.2167530212933664,1.0,0.0,4.4,0.7348469228349533,0
977,0.9349666035059017,0.0255293377205258,0.016658056748879223,0.008956778808819486,0.0005465237705479043,0.0002092026160068169,100.0,0.0,62.9,2.861817604250837,1.075,0.23848480035423641,4.45,0.5894913061275798,0
978,0.9339320795254988,0.022737586854794975,0.015681981773486724,0.008963784305548814,0.0005704885889600201,0.00018913936050846402,100.0,0.0,63.15,3.91503512117069,1.1,0.3,4.1,0.5385164807134504,0
979,0.9335904511079317,0.021447541378988678,0.01770244865704176,0.008140576416371817,0.0005440480857959582,0.000175993360085522,100.0,0.0,63.6,3.8131351929875237,1.1,0.3,4.3,0.6403124237432849,0
980,0.9374164661157434,0.018790635629230824,0.016137450582215114,0.008229290540339934,0.0005218298267577347,0.00017958591718584345,100.0,0.0,62.85,2.495495942693556,1.1,0.3,4.3,0.9,0
981,0.9377091151992284,0.01862020914202828,0.015272210321196624,0.007942937482306834,0.0005358908983668316,0.00019274524402542882,100.0,0.0,63.85,2.706935536727833,1.075,0.23848480035423641,4.2,0.6,0
982,0.9405487217461891,0.02307199679401279,0.014846012754420119,0.008601634342244197,0.0005023575229658628,0.00020710323923706813,100.0,0.0,63.7,2.703701166919155,1.025,0.10897247358851683,4.35,0.7921489758877431,0
983,0.9390203082682194,0.0240197557897779,0.015263496915260601,0.007594100599499819,0.0005391322203955311,0.00027045725542020754,100.0,0.0,63.0,3.0,1.125,0.3112474899497183,4.25,0.7664854858377946,0
984,0.9332965290115789,0.022213523460084778,0.015472524122381764,0.007016666831403282,0.0006103935729317769,0.00025364890413274955,100.0,0.0,63.2,3.171750305430741,1.05,0.21794494717703372,4.25,0.8874119674649424,0
985,0.9352033798602399,0.01963169276276825,0.015705500444678302,0.006472619097766327,0.0005721493764314874,0.00018764355485907988,100.0,0.0,63.15,3.0376800358168077,1.1,0.2549509756796392,4.0,0.4472135954999579,0
986,0.9373850907208141,0.018913185599304702,0.014089948310090913,0.005253458458042262,0.0005823345015062291,0.00020916672366210306,100.0,0.0,64.6,4.042276586281548,1.1,0.3,4.0,0.5477225575051661,0
987,0.9380305079011301,0.025240662370418634,0.014370726296783997,0.006582469695518146,0.0005643751424142336,0.0002504902715019761,100.0,0.0,63.4,2.5961509971494343,1.1,0.3,4.35,0.7262919523166975,0
988,0.935807601890642,0.025570293167864227,0.013921357801708232,0.006066203946419433,0.0005998915170853096,0.00027306116952102933,100.0,0.0,64.0,2.4289915602982237,1.0,0.0,4.1,0.7000000000000001,0
989,0.9364010410525558,0.026245472274121016,0.015848976087749597,0.0060973819467611086,0.0005734260101560166,0.00028535119101115756,100.0,0.0,63.45,2.692118125194361,1.05,0.21794494717703372,4.35,0.7921489758877431,0
990,0.9311864597755776,0.02139302080550919,0.016438115381318723,0.006229191892317614,0.0006188810378452818,0.00023350603036600365,100.0,0.0,62.95,2.1558061137310096,1.0,0.0,4.15,0.8529361054615991,0
991,0.9298665517340143,0.027903305133247167,0.015183781269831687,0.006176680322195484,0.0006561518250359289,0.0003178169881457352,100.0,0.0,63.3,3.333166662499792,1.075,0.23848480035423641,4.35,0.9096702699330127,0
992,0.9324089503049642,0.02754312048004863,0.014527351413271643,0.0063141624662660855,0.0006361733613256738,0.00027841731122236286,100.0,0.0,63.55,2.747271373563231,1.15,0.3570714214271425,4.3,0.714142842854285,0
993,0.9384486443024546,0.02570400168660291,0.0155122525283574,0.005818890336163752,0.0005394550865754817,0.00024151188333341054,100.0,0.0,63.65,3.305676935213119,1.0,0.0,4.35,0.9630680142129111,0
994,0.9353214837220604,0.024210686285832898,0.014992830639125283,0.006483576112239758,0.0005818219588764189,0.0002352878865301567,100.0,0.0,62.85,3.5110539728121526,1.125,0.3112474899497183,4.15,0.5722761571129799,0
995,0.9332214797057631,0.024007966734996677,0.014368995558468416,0.006829973743511721,0.0006128922316957855,0.00023062668803111602,100.0,0.0,64.0,3.605551275463989,1.025,0.10897247358851683,4.15,0.47696960070847283,0
996,0.9353045908742917,0.023014337872042483,0.014326680227501543,0.00709085635431944,0.0005932766973990177,0.0002403291072248192,100.0,0.0,63.2,3.2649655434629015,1.05,0.21794494717703372,4.25,0.5361902647381804,0
997,0.9391535628882928,0.02064304052743953,0.013825370585880717,0.0064857809980121625,0.0005513107704085247,0.0001848102382312541,100.0,0.0,63.5,1.8303005217723127,1.0,0.0,4.05,0.6689544080129826,0
998,0.9391027927847411,0.023226607573339223,0.014142167917174731,0.006149907349597204,0.0005621979306708841,0.00021690974957232353,100.0,0.0,62.7,3.874274125562103,1.1,0.3,4.15,0.5722761571129799,0
999,0.9424706034200941,0.020868884524230816,0.013370575325985873,0.006691176859836489,0.0005255969590859013,0.00020308793363002075,100.0,0.0,63.15,3.2446109165815247,1.025,0.10897247358851683,4.2,0.7483314773547883,0
