generation,mean_fitness_mean,mean_fitness_std,distance_from_optimum_mean,distance_from_optimum_std,phenotype_variance_mean,phenotype_variance_std,population_size_mean,population_size_std,n_parents_mean,n_parents_std,median_offspring_mean,median_offspring_std,max_offspring_mean,max_offspring_std,extinct_count
0,0.6735759407880908,0.03327190827842943,0.01715038281164811,0.007381453416786998,0.004638958459681004,0.0006847424499837606,100.0,0.0,63.0,2.9154759474226504,1.15,0.3570714214271425,4.25,0.6224949798994366,0
1,0.7282061557072176,0.05404862476075175,0.029559433104301445,0.01253051525878321,0.003297893782934829,0.0007313759631360331,100.0,0.0,63.8,1.9899748742132402,1.0,0.0,4.35,0.6538348415311012,0
2,0.7247460876006269,0.05519165508198784,0.049957156767174535,0.012389415849861009,0.002428716328675153,0.0005938010639233552,100.0,0.0,63.75,2.947456530637899,1.05,0.2179449471770337,4.05,0.4974937185533099,0
3,0.6854809526396843,0.0682425580244211,0.06906100276529435,0.013680858053362091,0.0018378021086684494,0.0006310712564647876,100.0,0.0,62.2,3.1080540535840107,1.125,0.3112474899497183,4.2,0.6782329983125269,0
4,0.6620694695036548,0.08193772680325903,0.07702786443628219,0.015953204436149362,0.0015504946100408912,0.0004919920242474224,100.0,0.0,63.1,2.3853720883753127,1.05,0.21794494717703372,4.2,0.9797958971132711,0
5,0.6886070598080736,0.08862583022548903,0.07262866392049401,0.017927787215145777,0.0013579914380814563,0.0005594849338495566,100.0,0.0,63.6,2.8530685235374214,1.05,0.21794494717703372,4.55,0.9733961166965892,0
6,0.7446275971679288,0.07961844256834764,0.05838662170909405,0.017872772879784164,0.0013899249571340277,0.0005953961962839793,100.0,0.0,63.55,2.4181604578687494,1.075,0.23848480035423641,4.15,0.6538348415311012,0
7,0.8237221426187032,0.06679150871484064,0.03608549069904348,0.018925882918926114,0.00125236782493666,0.0005622137318030545,100.0,0.0,64.05,2.9744747435471695,1.05,0.2179449471770337,4.0,0.5477225575051661,0
8,0.868283529321527,0.0445675036983974,0.0203892682881854,0.011457883881812772,0.0012257198091302696,0.0005116302893032263,100.0,0.0,64.25,2.118372016431486,1.025,0.10897247358851683,4.3,0.9,0
9,0.837046196498588,0.06189444084300854,0.03881085768218549,0.01512944606700313,0.0010933514314062647,0.00047306635853285137,100.0,0.0,63.7,2.5317977802344327,1.025,0.10897247358851683,4.4,0.9695359714832658,0
10,0.726447323781865,0.08168826719048305,0.07093192300509565,0.016680025521025828,0.0009051169247102364,0.00028075965265013966,100.0,0.0,63.1,2.681417535558384,1.125,0.3112474899497183,4.25,0.698212002188447,0
11,0.5662151883993376,0.08825866456197207,0.10305944792019431,0.01654183181305821,0.0008346841122805728,0.0003405111542123005,100.0,0.0,64.7,2.3473389188611007,1.0,0.0,4.25,1.0428326807307104,0
12,0.4213274586095036,0.08362411979882332,0.13008017742955344,0.015842521180274623,0.0008359092079166673,0.0003121986048972562,100.0,0.0,63.15,3.902242944769072,1.2,0.3674234614174767,3.95,0.49749371855331004,0
13,0.32002197040163516,0.08165994134086957,0.150806795031539,0.017182900011379895,0.0008719982787667301,0.00035172512186415743,100.0,0.0,62.4,3.916631205513228,1.15,0.3570714214271425,4.45,0.5894913061275798,0
14,0.28035798441534576,0.07545841519432521,0.15986028144097858,0.017704375762096176,0.0009839725794735267,0.0005446626439537807,100.0,0.0,62.5,3.427827300200522,1.075,0.23848480035423641,4.15,0.6538348415311012,0
15,0.3164431957462864,0.08935641823653362,0.1511863441669186,0.020748720665318653,0.0011848432580041797,0.0008667177813870756,100.0,0.0,62.7,2.8653097563788807,1.1,0.2549509756796392,4.4,0.6633249580710799,0
16,0.3969566960331288,0.11209278320186403,0.1332206374764974,0.023522218209217613,0.0012027160211000314,0.0009364644276480419,100.0,0.0,64.15,3.2905166767545793,1.05,0.21794494717703372,4.0,0.8366600265340756,0
17,0.52988023685182,0.1276515292118755,0.10571109167550027,0.024839069413310166,0.0011798064673097465,0.0007489558179961861,100.0,0.0,63.65,2.5937424698685874,1.05,0.21794494717703372,3.85,0.3570714214271425,0
18,0.6949199886111725,0.1289452696123041,0.07222366600886586,0.02506483169612712,0.0010993639694194801,0.0007339734427808102,100.0,0.0,63.75,2.662235902394827,1.05,0.21794494717703372,4.2,0.8717797887081348,0
19,0.8263454002758073,0.090416206076823,0.03974053568135069,0.020828345838628026,0.001059543982390155,0.0007121602956875313,100.0,0.0,63.1,3.766961640367472,1.1,0.3,4.4,0.6633249580710799,0
20,0.8622325855939132,0.05459496319330794,0.03375646855062745,0.015837049590975837,0.0009296554914737217,0.0004972214637027805,100.0,0.0,62.5,2.5592967784139455,1.0,0.0,4.25,0.6224949798994366,0
21,0.7860220278177976,0.0829815394589082,0.057866377656755306,0.0197683051408139,0.0007800937358752502,0.00029775969811289294,100.0,0.0,64.4,2.615339366124404,1.025,0.10897247358851683,4.15,0.653834841531101,0
22,0.6483149581495198,0.10561312687959643,0.08751904072739622,0.02070318254806884,0.000714422327139364,0.00029162584644433753,100.0,0.0,64.3,3.287856444554719,1.0,0.0,4.1,0.7000000000000001,0
23,0.5315950682980599,0.11155667530809148,0.10824934723137183,0.02080433842368789,0.0009045185422494687,0.0006241561553311257,100.0,0.0,63.6,3.32264954516723,1.1,0.3,4.4,0.7999999999999999,0
24,0.47786656243170117,0.1126903113234575,0.11733619871312673,0.02402789508670391,0.0010690244544890098,0.0010553417594208892,100.0,0.0,62.1,2.022374841615669,1.1,0.3,4.35,0.8529361054615991,0
25,0.49370205233779874,0.11385563231540277,0.11373455628645288,0.025183858180561756,0.00106893188972219,0.0008866324049978631,100.0,0.0,63.9,2.5475478405713994,1.05,0.21794494717703372,4.15,0.7262919523166976,0
26,0.5711417239340001,0.1229474376892762,0.09775609524797373,0.028202955249496134,0.001008049922378274,0.0006264194717862029,100.0,0.0,64.15,2.4550967394381837,1.0,0.0,4.05,0.5894913061275798,0
27,0.6895108219992193,0.10787469196664624,0.07484637346078911,0.022781088261369858,0.0010066623563339103,0.0005006857302238949,100.0,0.0,63.0,1.8973665961010275,1.0,0.0,4.25,0.7664854858377946,0
28,0.8123248479050076,0.07743173314408275,0.0449566382932617,0.017848057622725896,0.0010496507613858108,0.0005239678695000444,100.0,0.0,63.45,3.0573681492420897,1.075,0.23848480035423641,4.05,0.49749371855331,0
29,0.8723025749885231,0.054797237825257014,0.026724110711280828,0.01152239811451198,0.0010863521835941003,0.0005061679384913108,100.0,0.0,63.55,3.169779172119093,1.0,0.0,4.4,0.7999999999999999,0
30,0.8350424292234386,0.07638930905256668,0.041315642811510386,0.019196346339709503,0.0009660083959041608,0.00048080295495165823,100.0,0.0,63.85,2.7069355367278325,1.05,0.21794494717703372,4.3,0.6403124237432849,0
31,0.6934800282684799,0.09780634105839531,0.07602273662347567,0.0189174282912079,0.0009356148041265316,0.0004174653460872188,100.0,0.0,63.25,3.5899164335677787,1.05,0.15,4.1,0.8306623862918074,0
32,0.5356168585273582,0.10326447844871992,0.10739080610873308,0.018141389704650592,0.0008909742930326125,0.00047793494422228853,100.0,0.0,62.8,2.6381811916545836,1.05,0.21794494717703372,4.05,0.5894913061275798,0
33,0.42756735460453105,0.09327615038862018,0.1277283039258788,0.01798476290152292,0.000989310084943495,0.0005362499516022373,100.0,0.0,63.9,3.8327535793473597,1.0,0.0,4.1,0.8888194417315588,0
34,0.38641107212030257,0.088963059117337,0.13599768281137647,0.017537807733187735,0.0010497788812571446,0.0005274119004521407,100.0,0.0,62.85,3.4536212878658255,1.075,0.23848480035423641,4.35,0.7262919523166975,0
35,0.41568544012958253,0.09237172467714125,0.12952681959695192,0.01816820104567368,0.0011063791905839763,0.0004984791851839627,100.0,0.0,63.95,3.3537292675468007,1.075,0.23848480035423641,4.15,0.4769696007084728,0
36,0.4946850677385338,0.1084664135775831,0.11344535790054885,0.020318076542185537,0.001095681671681991,0.00042145448862558203,100.0,0.0,63.55,3.089902911096076,1.1,0.3,4.35,0.792148975887743,0
37,0.6197608149024721,0.10803836711701258,0.08862675719819921,0.02059036282406912,0.001083422173365039,0.00041930964043160367,100.0,0.0,63.5,2.8548204847240397,1.125,0.3112474899497183,4.3,0.714142842854285,0
38,0.7737602586661524,0.10190048774634565,0.05474350629673308,0.0216219804323529,0.0010393372035081767,0.0005407645359775088,100.0,0.0,63.55,2.854382595238418,1.0,0.0,4.3,0.6403124237432849,0
39,0.8677529438919761,0.07705945308358288,0.027280930924590024,0.017980994286997704,0.0010127383240942345,0.0005906335420230299,100.0,0.0,63.5,2.5592967784139455,1.025,0.10897247358851683,4.15,0.653834841531101,0
40,0.8630094287609736,0.05643438999881371,0.03299095759306241,0.016027286347256767,0.0009680234393918188,0.0005355308641718669,100.0,0.0,63.75,3.672533185690771,1.025,0.10897247358851683,3.9,0.6244997998398398,0
41,0.7655884912392938,0.08264832791739847,0.062488605220331714,0.018303822117214916,0.0008094923415465555,0.0003189903729650092,100.0,0.0,63.35,2.554897258208243,1.0,0.0,4.05,0.6689544080129826,0
42,0.6070000466696575,0.10678475042432918,0.09507536346654355,0.02005203466605493,0.00074222796048234,0.00028380711354392493,100.0,0.0,62.85,3.5535193822462827,1.025,0.10897247358851683,4.15,0.7921489758877431,0
43,0.48038156185396924,0.10334599622695914,0.11853107128195876,0.01944130820973917,0.000809042978400608,0.00043005488287399323,100.0,0.0,63.15,3.5252659474144643,1.05,0.21794494717703372,4.35,0.9096702699330126,0
44,0.42703800648296664,0.10228433383453397,0.12878329055512114,0.02007979827967781,0.0009094350809946477,0.0004907465447117554,100.0,0.0,64.35,3.4391132578035286,1.05,0.21794494717703372,4.2,1.0770329614269007,0
45,0.4473281543055264,0.10991105335633225,0.12506383443816946,0.02171342577160145,0.000945553696908683,0.0005805757149637161,100.0,0.0,64.0,3.271085446759225,1.05,0.21794494717703372,4.4,0.66332495807108,0
46,0.5357542174629235,0.11821568390095717,0.10677727394096562,0.023455316412564837,0.0010084851001846867,0.0005475404815870923,100.0,0.0,64.0,2.32379000772445,1.025,0.10897247358851683,4.05,0.5894913061275798,0
47,0.6630323037654945,0.11849319569325255,0.08123443275286193,0.02586176027937677,0.0008917721176118784,0.0004692350767235725,100.0,0.0,62.95,3.3387872049593095,1.075,0.23848480035423641,4.25,0.7664854858377946,0
48,0.7913517854543252,0.085313664794599,0.05136817504346223,0.025363255585899466,0.0008939086719307405,0.0005050836255762474,100.0,0.0,63.8,3.3406586176980126,1.05,0.21794494717703372,4.0,0.5477225575051661,0
49,0.8739417543156154,0.050750230414345225,0.03241287192446478,0.016020693370705715,0.0007620725914724365,0.00041996537523174347,100.0,0.0,63.2,2.6758176320519302,1.05,0.2179449471770337,4.1,0.6244997998398398,0
50,0.8355381441794568,0.09094442198600045,0.04532271257713736,0.02010846641765725,0.0007738746377729025,0.00036441347747403455,100.0,0.0,64.4,2.8,1.05,0.15,4.0,0.8366600265340756,0
51,0.7146557712681678,0.11988597387667504,0.07446713661866236,0.02274712656420857,0.000810109743569688,0.00039956439754408455,100.0,0.0,62.7,3.874274125562103,1.125,0.3112474899497183,4.5,0.5916079783099616,0
52,0.570346836442383,0.12041184920817566,0.1030096698134441,0.02217457484062151,0.0007813296874196324,0.0003600913042004481,100.0,0.0,64.45,3.2935543110748915,1.0,0.0,4.5,0.9746794344808963,0
53,0.46125034416995625,0.11044734843625911,0.12284113909165503,0.023057495573891355,0.000854322860103475,0.000618117780625502,100.0,0.0,62.95,2.376446927663229,1.075,0.23848480035423641,4.35,0.47696960070847283,0
54,0.41672567127562266,0.11921455401341621,0.13032898598404916,0.02689929560283448,0.000974477941642881,0.000719982942858872,100.0,0.0,62.55,3.5563323804166562,1.1,0.2549509756796392,4.55,0.5894913061275798,0
55,0.436779693862392,0.15399168433576366,0.1262089901897599,0.034263064869884244,0.0008544866645566034,0.0005433401932522634,100.0,0.0,64.05,3.57036412708844,1.05,0.21794494717703372,4.1,0.6244997998398398,0
56,0.5109444975540381,0.1466613954972389,0.1109327603820223,0.031073180882263133,0.0009408746737114256,0.0005339324431788824,100.0,0.0,63.5,3.0083217912982647,1.0,0.0,3.95,0.3840572873934304,0
57,0.6325026020978044,0.12271767506894338,0.08642500067673123,0.025438607595094462,0.0010008185312346848,0.000575651875888843,100.0,0.0,62.4,3.2619012860600183,1.075,0.23848480035423641,4.35,0.5722761571129799,0
58,0.7781449411433395,0.08537803918958534,0.05608789369908092,0.017896736142785575,0.0009716290071650969,0.0006616805200684014,100.0,0.0,63.25,2.9979159427842537,1.125,0.3112474899497183,4.2,0.6,0
59,0.8667177239351684,0.08350060937028991,0.032499671493240734,0.017071287607505772,0.0008778681958336026,0.0005794957792697418,100.0,0.0,62.95,2.4181604578687494,1.1,0.3,4.35,0.7262919523166975,0
60,0.8450606255769941,0.114398459808226,0.038260231199008385,0.02519189320286422,0.0008834155665612355,0.0005444576679899176,100.0,0.0,64.3,2.685144316419511,1.05,0.2179449471770337,4.2,0.6,0
61,0.7371773474417223,0.09797424362220208,0.06836149755787009,0.02099393194157204,0.0008865556213069363,0.0006164149828729856,100.0,0.0,63.6,2.817800560721074,1.05,0.21794494717703372,4.1,0.5385164807134504,0
62,0.5988408894065753,0.09336715416131396,0.09627288983206064,0.01755284848935625,0.0008418602670641395,0.00040930272018894,100.0,0.0,63.85,2.7253440149823285,1.05,0.21794494717703372,4.05,0.739932429347437,0
63,0.4805848774604666,0.0958983446078295,0.11863762364253372,0.0177584611940076,0.0007723593689042679,0.0003392217563531706,100.0,0.0,62.0,2.6457513110645907,1.1,0.3,4.5,1.0723805294763609,0
64,0.43422583882558224,0.08242880569410087,0.12763582255899897,0.01598200158121872,0.0008372720282571281,0.0004535574497199478,100.0,0.0,63.1,3.576310948449533,1.0,0.0,4.25,0.7664854858377946,0
65,0.4635217134166446,0.09321131137336858,0.12172064940654488,0.018033192914007623,0.0009346188515870069,0.0005405673942134835,100.0,0.0,63.95,2.8892040426387333,1.0,0.0,4.25,0.8874119674649424,0
66,0.5547556189093423,0.11057493398214198,0.10282824947588187,0.020735020610442127,0.0010373033775098524,0.00043081622899494734,100.0,0.0,63.45,2.5782746168707473,1.1,0.3,4.05,0.739932429347437,0
67,0.6872867671322214,0.10052714372989564,0.07593623228606261,0.01925346469031843,0.001046535907297786,0.00038337191520640976,100.0,0.0,62.65,3.7719358425084595,1.1,0.3,4.1,0.5385164807134504,0
68,0.8127115265731876,0.0684281235656982,0.046580345747990505,0.015415352447019427,0.0010131220011098028,0.0003697076096954869,100.0,0.0,63.15,2.7436289836637897,1.075,0.23848480035423641,4.25,0.6224949798994366,0
69,0.8822780790858078,0.04606216817917485,0.022149368162857695,0.01337439631783229,0.0009999391293087246,0.0004204283014161998,100.0,0.0,63.7,2.4919871588754225,1.05,0.21794494717703372,3.95,0.5894913061275798,0
70,0.8449427427058758,0.08255081640517622,0.03913334552384452,0.02119680906499524,0.0008944216394423958,0.00037615946408595623,100.0,0.0,64.6,3.3823069050575523,1.05,0.21794494717703372,4.1,0.8306623862918076,0
71,0.7360577198585173,0.09617597268614718,0.06970704007364877,0.019335241360035872,0.0008540528055376485,0.0004377065931858932,100.0,0.0,63.8,2.1587033144922905,1.0,0.0,4.2,0.7483314773547883,0
72,0.599053387079153,0.09908796568143895,0.09722258921321716,0.018268963054435396,0.0008067944425482297,0.00039489219145054377,100.0,0.0,63.4,2.7459060435491964,1.075,0.23848480035423641,4.15,0.7262919523166976,0
73,0.49375382430787773,0.08378837017280238,0.116359715959879,0.015835874836364557,0.0008314674911018418,0.00046013405096286355,100.0,0.0,62.95,2.747271373563231,1.1,0.3,4.5,0.806225774829855,0
74,0.45033045877296357,0.08388800605257912,0.12397905943168719,0.0172189599109485,0.0009374835773183052,0.0006796906947066775,100.0,0.0,63.7,1.8734993995195195,1.125,0.3112474899497183,4.15,0.5722761571129799,0
75,0.4768496416869941,0.10338769434863444,0.1184043998918954,0.021631485746196222,0.0010173577366273515,0.0006681694291058569,100.0,0.0,63.35,2.372235232855292,1.2,0.4,4.25,0.7664854858377946,0
76,0.564895616807289,0.11858252193970903,0.10106992096958571,0.02453429044954729,0.0009004159823198319,0.0004917532374520166,100.0,0.0,63.85,3.1980462785894765,1.125,0.3112474899497183,4.05,0.49749371855331004,0
77,0.6758680814490764,0.10797099421174301,0.07831156561941213,0.024410183465852737,0.0009057006016249039,0.0004533116366321454,100.0,0.0,62.45,2.5975950415721076,1.025,0.10897247358851683,4.45,0.8046738469715541,0
78,0.799172161667977,0.07559229834922553,0.05206594264995733,0.020217873631288262,0.0008288060896475994,0.00033778708192689104,100.0,0.0,63.4,3.2155870381627056,1.125,0.3112474899497183,4.25,0.698212002188447,0
79,0.8715254198715483,0.061752482273929064,0.03286832867648448,0.017213528681294044,0.0007830826250447926,0.0002992926861354852,100.0,0.0,62.65,3.7453304260105007,1.025,0.10897247358851683,4.25,0.698212002188447,0
80,0.8401816969123527,0.11231919463278006,0.042755938401473945,0.025186524854341658,0.0007431197561094002,0.0003469625166496069,100.0,0.0,62.65,3.785168424258028,1.05,0.21794494717703372,4.1,0.5385164807134504,0
81,0.7172617851656742,0.09822944439342461,0.07505054514835785,0.01797144680684765,0.0007982014006266554,0.0006522677796030194,100.0,0.0,63.4,3.1208973068654475,1.0,0.0,4.45,0.5894913061275798,0
82,0.593623594548916,0.08737862318408478,0.09916379313905473,0.01665554822742206,0.0007675618871299708,0.00035828916875065735,100.0,0.0,63.35,3.1666228067138023,1.025,0.10897247358851683,4.3,0.9539392014169457,0
83,0.4822944150361156,0.09011448780043559,0.11968014639036084,0.016808733769042607,0.0006987644184531682,0.00033532053237335277,100.0,0.0,62.5,3.170173496829472,1.0,0.0,4.45,0.6689544080129827,0
84,0.4367868762501109,0.08887682253502956,0.12721611776073766,0.017161352100129094,0.0007925403286367083,0.0003177078404387524,100.0,0.0,64.3,2.5709920264364885,1.025,0.10897247358851683,4.15,0.792148975887743,0
85,0.4589282960682155,0.09996251925625392,0.122275371781336,0.019374856965403545,0.0008742469555780037,0.00043738528180008445,100.0,0.0,62.4,3.4263683398023628,1.125,0.3112474899497183,4.45,0.9205976319760985,0
86,0.5280020175863059,0.11681699143595972,0.10763733632595576,0.0230385979227175,0.0009352207485837802,0.0005254363443178456,100.0,0.0,64.35,2.95423424934449,1.0,0.0,4.15,1.0136567466356647,0
87,0.6509259486616475,0.11182593030815971,0.08225182421310258,0.025208572136241742,0.0009679321217247478,0.0005443086684317828,100.0,0.0,62.75,2.7179955849853767,1.0,0.0,4.25,0.698212002188447,0
88,0.7891170607754121,0.07731015679820073,0.05162867063030217,0.023174300530438893,0.0009040596204215724,0.0005330618314487657,100.0,0.0,63.5,2.9748949561287032,1.0,0.0,4.25,0.698212002188447,0
89,0.8822491080400059,0.04272165092320204,0.030119112871512376,0.01404478575903761,0.0007703931999560717,0.00038604394474851193,100.0,0.0,64.35,2.393219588754864,1.05,0.21794494717703372,4.2,0.7483314773547883,0
90,0.8625445071081825,0.08343568104713747,0.038408917828465575,0.01960948997496761,0.0007398042161689173,0.0003772155725200194,100.0,0.0,65.3,3.1638584039112754,1.0,0.0,4.0,0.7745966692414834,0
91,0.7376477506225447,0.09851838170129078,0.0703647024749667,0.020123256966502773,0.0006947519012503559,0.00024306756779205645,100.0,0.0,62.15,3.811495769379785,1.2,0.3674234614174767,4.2,0.8717797887081347,0
92,0.5776296608177318,0.1008246768375586,0.10195198797373287,0.019067893768487436,0.0006117935810949478,0.0002623208445751385,100.0,0.0,63.3,3.116087290176577,1.025,0.10897247358851683,4.35,0.6538348415311012,0
93,0.4622563629491222,0.09166884151175714,0.12248087697025259,0.01796615618047099,0.0007355301086840146,0.00033551605138394203,100.0,0.0,64.7,2.8478061731796287,1.05,0.21794494717703372,4.1,0.8306623862918074,0
94,0.40631995052440073,0.09352408434578408,0.1331320032799112,0.019471705908647278,0.0008222329311172461,0.00041914267084703326,100.0,0.0,62.3,3.0182776545573144,1.1,0.3,4.45,0.6689544080129827,0
95,0.4193190982954008,0.10348651796350937,0.13021466278667915,0.021327104195515728,0.000954705221142919,0.00047271722890838996,100.0,0.0,63.65,2.903015673398957,1.0,0.0,4.3,0.5567764362830022,0
96,0.4973353529489765,0.09921638275425941,0.11389320232655147,0.01949571509537004,0.0010438886784661676,0.0005097409404711011,100.0,0.0,64.35,3.3507461855533016,1.075,0.23848480035423641,4.0,0.6324555320336759,0
97,0.626476046826417,0.09850475535221474,0.08763391904765575,0.02171862059706496,0.0010514674295644994,0.0005542376179128074,100.0,0.0,63.7,3.3481338085566414,1.15,0.3570714214271425,4.4,0.7348469228349535,0
98,0.7812601687682837,0.072389767103048,0.05327794529098229,0.021489121996904285,0.0009848351883572257,0.0003835832933982851,100.0,0.0,63.25,2.6995369973386176,1.1,0.2549509756796392,4.3,0.7810249675906654,0
99,0.8768624106963723,0.042658036140919585,0.029543012589209144,0.011729943239550886,0.0008910186168072558,0.00037064235739940675,100.0,0.0,62.7,3.536947836765479,1.2,0.4,4.1,0.7681145747868608,0
100,0.8658979737554293,0.061736906146167246,0.03597006422319114,0.01610115847540759,0.0008437005595097998,0.00030343695609909874,100.0,0.0,64.1,2.773084924772409,1.0,0.0,4.25,0.8874119674649424,0
101,0.7635032073276741,0.06341814048497181,0.06552032263937412,0.013105822641705716,0.0007568560607287894,0.0002537927645904975,100.0,0.0,64.75,1.894069692487581,1.025,0.10897247358851683,4.1,0.7681145747868608,0
102,0.6130117613721612,0.04959127206614139,0.09547785149210535,0.010094344604840414,0.0006724715773839841,0.0002965952052413658,100.0,0.0,63.35,3.758656674930553,1.1,0.3,3.9,0.6244997998398398,0
103,0.4905148112368754,0.05374146889339675,0.1179707119569777,0.010379203863160779,0.000681447008914335,0.0003003886192092422,100.0,0.0,63.95,3.0736785778607367,1.05,0.21794494717703372,4.2,0.6,0
104,0.4499538695570524,0.0699200584506228,0.1254397557184314,0.013320742002733588,0.0007162619543401515,0.00026547914258705864,100.0,0.0,64.15,3.5815499438092444,1.15,0.3570714214271425,4.25,0.698212002188447,0
105,0.4594622923965847,0.0788059044966829,0.12298175920996328,0.014699243719816674,0.0007708781109701778,0.00034679033072090523,100.0,0.0,64.3,2.3473389188611007,1.05,0.21794494717703372,4.05,0.804673846971554,0
106,0.5403352900302901,0.08720937615526667,0.10703566663367506,0.015972189072356608,0.0008846515438391556,0.00042176478507573314,100.0,0.0,62.15,1.8241436346954694,1.1,0.3,4.4,0.6633249580710799,0
107,0.6718514015451894,0.08453654479690323,0.08039848339241325,0.017189310133410057,0.0009414087466959748,0.000521764662881345,100.0,0.0,64.3,3.6891733491393435,1.0,0.0,4.1,0.5385164807134504,0
108,0.8102693190291825,0.058404073707906935,0.048074070570778366,0.013200578470751638,0.0009941493231688419,0.0004141627959735792,100.0,0.0,63.05,3.4709508783617204,1.05,0.15,4.2,0.6,0
109,0.8920670625884275,0.03659938628467162,0.02268760426680862,0.010989635888912025,0.0008945490659372857,0.0003602971103298152,100.0,0.0,61.95,2.6358110706194404,1.025,0.10897247358851683,4.5,1.0723805294763609,0
110,0.8624190511978345,0.06485362884495713,0.036710136402958435,0.01505552817695475,0.0008506541394898301,0.00041220265594652254,100.0,0.0,63.9,2.754995462791182,1.05,0.21794494717703372,4.15,0.8529361054615991,0
111,0.7206269817256141,0.08129078777484651,0.07324378704272534,0.01589266519145113,0.00084266976879602,0.00045133380754504797,100.0,0.0,63.2,3.325657829663178,1.025,0.10897247358851683,4.1,0.8306623862918076,0
112,0.5748371390039344,0.07720898154005718,0.10150449877013909,0.014107762464247504,0.0008443680520489166,0.0004380147497361553,100.0,0.0,64.15,3.118894034750139,1.05,0.21794494717703372,4.25,0.7664854858377946,0
113,0.46164855971059826,0.08622254402366124,0.12232916330553649,0.016619852004090833,0.0007933304929138012,0.00040746276442947657,100.0,0.0,63.05,2.7290108097990378,1.125,0.3112474899497183,4.3,0.6403124237432849,0
114,0.40935079539979924,0.08580961989079924,0.13189144930482832,0.01835692040103808,0.0008606168264273845,0.0004816462658793122,100.0,0.0,62.9,3.254228019054596,1.05,0.21794494717703372,4.35,0.7262919523166975,0
115,0.4246254092989939,0.084893198322349,0.12824906569948552,0.01803147588976346,0.0009555792046887571,0.0005481731224062218,100.0,0.0,63.75,2.6433879775772606,1.025,0.10897247358851683,4.55,0.9733961166965892,0
116,0.5038098475252524,0.08771698682856695,0.1119308320377588,0.01612442062096252,0.0010673866748511676,0.0005988485785406137,100.0,0.0,63.4,2.7820855486487113,1.075,0.23848480035423641,4.15,0.5722761571129799,0
117,0.6383250018023949,0.08307614588166984,0.08467022469176347,0.01647333793510966,0.0011107561320880689,0.0005980270364347703,100.0,0.0,63.55,2.957617284234051,1.05,0.21794494717703372,4.1,0.43588989435406733,0
118,0.7893603377151912,0.0638628040724754,0.05019290825573397,0.01354688431642405,0.0011420590886494155,0.0007061068024575084,100.0,0.0,63.55,3.2167530212933664,1.075,0.23848480035423641,4.0,0.6324555320336759,0
119,0.8811326486178805,0.05457944722794269,0.024198568554638644,0.011444898758805017,0.0010039430677416994,0.000661078124121443,100.0,0.0,62.95,2.246664193866097,1.025,0.10897247358851683,4.25,0.7664854858377946,0
120,0.8600174501132454,0.057313342976840924,0.03659846850112397,0.014415722834878169,0.0009254313243632895,0.0005114265312217583,100.0,0.0,63.1,3.176476034853718,1.075,0.23848480035423641,4.1,0.6244997998398398,0
121,0.7461922839584434,0.0660392901396817,0.06970179822357223,0.012708282096764577,0.0007231416314535248,0.0003059993072252447,100.0,0.0,62.85,2.5937424698685874,1.025,0.10897247358851683,4.4,0.58309518948453,0
122,0.5829029748175925,0.06881449663570587,0.10109224676899756,0.012579104518038453,0.0006457031779195994,0.0003498228661713399,100.0,0.0,63.95,2.3973944189473704,1.025,0.10897247358851683,4.05,0.5894913061275798,0
123,0.46361928560392596,0.07246703867622181,0.12257259214992225,0.013572518344903499,0.0006355443477142678,0.0004664900925271888,100.0,0.0,62.9,3.548238999842034,1.1,0.3,4.2,0.5099019513592784,0
124,0.4084900763057506,0.08509914396400632,0.13299375528701357,0.01704593816844229,0.0007332081169836677,0.00045970229303452973,100.0,0.0,64.0,3.8340579025361627,1.175,0.36314597615834876,4.0,0.6324555320336759,0
125,0.4325971013984108,0.0954294734378481,0.127996866610841,0.018992713466926294,0.0008869468786429389,0.0004410472272966905,100.0,0.0,63.35,3.5535193822462823,1.15,0.3570714214271425,4.0,0.8366600265340756,0
126,0.5213061381312262,0.10985202814836631,0.1104020710444488,0.020422585823172985,0.000940848513355004,0.0004402523470396718,100.0,0.0,62.85,3.7050641020095725,1.15,0.3570714214271425,4.05,0.739932429347437,0
127,0.6587036016599701,0.10766115948476979,0.08318086881452719,0.021804317802741044,0.0009005276609707471,0.00046313745647222164,100.0,0.0,63.55,3.2167530212933664,1.075,0.23848480035423641,3.95,0.49749371855331004,0
128,0.8043241449736491,0.07429746211775663,0.05047270957443507,0.02097408294230549,0.0008560162128818742,0.00040158197267050824,100.0,0.0,63.95,2.9576172842340505,1.0,0.0,4.0,0.7071067811865476,0
129,0.8879017887014331,0.03813074968651803,0.026541786216535385,0.014835585097972885,0.000786907404695571,0.00034638192584280145,100.0,0.0,63.8,2.541653005427767,1.05,0.21794494717703372,4.45,0.5894913061275798,0
130,0.8594616253821956,0.08817161294609677,0.03587618306630521,0.022646575556938834,0.0007903479069226029,0.00035067691043953243,100.0,0.0,63.1,2.6814175355583845,1.05,0.21794494717703372,4.3,0.7810249675906654,0
131,0.7368124379493579,0.11818102291990377,0.07026663463087361,0.022926087593808583,0.0007443129046954452,0.0003072668053348806,100.0,0.0,64.25,2.680951323690902,1.0,0.0,4.25,0.7664854858377946,0
132,0.5979935427989582,0.11530036391311117,0.09807596933170615,0.022303304293467646,0.0007091046725964994,0.0003236137654223753,100.0,0.0,62.5,2.5199206336708304,1.075,0.23848480035423641,4.55,0.8046738469715541,0
133,0.48014138944549156,0.10806123820861119,0.12010039759363726,0.02265276525578838,0.0007319420908381643,0.00031139918822220184,100.0,0.0,64.0,3.146426544510455,1.05,0.21794494717703372,3.9,0.7681145747868608,0
134,0.42978835479150745,0.10714503745585506,0.12923174092462325,0.02417795581255663,0.0008695587349529601,0.0003789854503953165,100.0,0.0,64.4,2.9899832775452104,1.05,0.15,4.05,0.804673846971554,0
135,0.43844720037038815,0.11188869021755056,0.1270186462167513,0.024513862736523347,0.0009212748806302079,0.00041279296837841477,100.0,0.0,64.1,2.605762844159076,1.025,0.10897247358851683,4.2,0.6782329983125268,0
136,0.5170352957939034,0.10766011473875807,0.11058715711676999,0.021382897149880845,0.0010252471871384904,0.00048680190095146987,100.0,0.0,63.8,2.3151673805580453,1.1,0.3,4.15,0.7262919523166975,0
137,0.653550739156684,0.10510225844167953,0.08353121057350875,0.019968669980151312,0.0009677759923261533,0.00043821059557850846,100.0,0.0,64.35,3.7453304260105007,1.1,0.3,4.2,0.5099019513592785,0
138,0.7976126427395905,0.08086877197136191,0.05077750088283921,0.020885298155506965,0.0009218831272348154,0.00040281242625498883,100.0,0.0,63.6,2.353720459187964,1.0,0.0,4.15,0.7262919523166976,0
139,0.8875775898200825,0.05760333215987817,0.02657488448328621,0.015395007498275036,0.0008173005826190401,0.00033809683140473995,100.0,0.0,63.1,3.5482389998420345,1.05,0.15,4.35,0.9096702699330126,0
140,0.8587807564527477,0.05913238267631969,0.040693432685860995,0.014893255758461966,0.0007341316220850734,0.0002828091078351669,100.0,0.0,63.25,3.1284980421921316,1.025,0.10897247358851683,3.8,0.6,0
141,0.7281318258703592,0.07371085349203436,0.07265016188687402,0.013121669365766501,0.0007569759259416126,0.00037388720891086473,100.0,0.0,62.05,2.654712790491657,1.15,0.3570714214271425,4.5,0.7416198487095663,0
142,0.5761671057829287,0.07264997470746136,0.10162854443458494,0.012540104816080805,0.0007921485680419208,0.0004560423793575014,100.0,0.0,63.35,2.2197972880423116,1.05,0.21794494717703372,4.25,0.8874119674649424,0
143,0.47843378952837706,0.06998507663186591,0.11976229342152558,0.012748978984822338,0.0008329159587201074,0.00046141197386287354,100.0,0.0,62.7,3.3926390907374753,1.075,0.23848480035423641,4.55,0.5894913061275798,0
144,0.44438550198906057,0.08469937885862544,0.1250916204753424,0.01624487757163292,0.001002637290961552,0.0007224438741265781,100.0,0.0,62.95,3.007906248539007,1.025,0.10897247358851683,4.3,0.714142842854285,0
145,0.47254789246697965,0.10654375415685913,0.11964522224505672,0.02079810266657005,0.0008955024494031683,0.000529220468546079,100.0,0.0,63.25,3.2384409829422554,1.1,0.3,4.35,0.5722761571129799,0
146,0.5524098174352242,0.11801160282722489,0.10384360493211378,0.02195356425680303,0.0009205370242919352,0.0005676608307674904,100.0,0.0,62.75,2.56661255354212,1.0,0.0,4.25,0.698212002188447,0
147,0.6807108436893916,0.10669703376686494,0.07826107992892992,0.020806166323159347,0.0009182514562221423,0.0005464690643718612,100.0,0.0,63.45,2.6167728216259047,1.05,0.15,4.0,0.8944271909999159,0
148,0.8156402190882875,0.08045757433806612,0.04690131429925556,0.020502106382427828,0.0008545591363377743,0.0005732543092551518,100.0,0.0,63.6,2.8000000000000003,1.0,0.0,4.25,0.6224949798994366,0
149,0.8806629064996316,0.06945754908834567,0.027752522214119633,0.017283751723043916,0.0008249366192511568,0.00048414606247180813,100.0,0.0,63.5,3.7349698793966195,1.05,0.15,4.2,0.5099019513592784,0
150,0.8367279220659926,0.11052484848089617,0.04326948903613829,0.026796297885728144,0.0007342175845957961,0.0004019254947699158,100.0,0.0,63.4,2.764054992217051,1.125,0.3112474899497183,4.25,0.8874119674649424,0
151,0.6998884168242411,0.13293179980858677,0.07807532327026812,0.024753306875115767,0.0007419444167236857,0.00043259464292619445,100.0,0.0,63.75,2.5273503912200224,1.1,0.3,4.05,0.804673846971554,0
152,0.550535527971684,0.11828233112699842,0.10684363912396518,0.020970056248961196,0.000728394023613074,0.00043431820594882326,100.0,0.0,64.35,3.9909272105614755,1.05,0.21794494717703372,4.05,0.5894913061275798,0
153,0.4354347937035998,0.09056192503793753,0.128099068888649,0.01790098951922041,0.0007639929141921137,0.0004677643823968507,100.0,0.0,62.75,2.6052830940226053,1.05,0.21794494717703372,4.15,0.7262919523166975,0
154,0.3867112166454172,0.08804851877166173,0.13809535838698495,0.018593034543769323,0.0007306566857228915,0.00046648655414009645,100.0,0.0,63.55,2.3973944189473704,1.05,0.21794494717703372,4.15,0.6538348415311012,0
155,0.40117993471913255,0.09475175719154964,0.13439498447482515,0.019113903006992557,0.0007384233345256224,0.00045057374572854685,100.0,0.0,63.2,2.5219040425836985,1.0,0.0,4.45,0.8645808232895291,0
156,0.4757428091382347,0.1032173631654603,0.1193871478722552,0.019417181913838105,0.0007697974528706077,0.000510097751737808,100.0,0.0,62.8,3.370459909270543,1.1,0.2549509756796392,4.4,0.7348469228349533,0
157,0.6109814254665012,0.10160664105012328,0.09306808447093841,0.01870388656224868,0.0008319318859186268,0.0005535065751028735,100.0,0.0,63.0,2.8809720581775866,1.05,0.21794494717703372,4.35,0.5722761571129799,0
158,0.7743152250137664,0.07886312426240308,0.05940733240049868,0.016427922603171993,0.0008209268809326083,0.0005381241317453077,100.0,0.0,63.35,3.2446109165815247,1.025,0.10897247358851683,4.15,0.9096702699330127,0
159,0.8845305785128194,0.04172621433140908,0.02856360102480383,0.013151455845608758,0.0008060568389205326,0.00037865564125306523,100.0,0.0,63.25,3.031088913245535,1.1,0.2549509756796392,4.05,0.864580823289529,0
160,0.8804522417081158,0.06075736365063184,0.03207518740129267,0.0163567527464786,0.0007492098430597073,0.00034871123125387556,100.0,0.0,62.65,2.7436289836637897,1.1,0.3,4.25,0.5361902647381804,0
161,0.7587268505390348,0.09065869198522786,0.06586506342551517,0.01740564781624221,0.0007321264785554853,0.00026358177309925907,100.0,0.0,62.95,3.694252292413175,1.1,0.3,4.15,0.5722761571129799,0
162,0.6038257696194715,0.09022809232707651,0.09650942888424487,0.01607116959254035,0.0007414756544573315,0.0004215007267549623,100.0,0.0,63.9,3.6318039594669758,1.15,0.3570714214271425,4.1,0.7000000000000001,0
163,0.4903268094644398,0.07516648708016403,0.11712658770392463,0.013996637871674319,0.0008111368000798464,0.0005000956614945129,100.0,0.0,61.95,3.800986713999406,1.15,0.3570714214271425,4.2,0.6,0
164,0.43890912764508616,0.08882897648381069,0.12637104949870615,0.016331893036789894,0.0008832715069559541,0.00044757560905424245,100.0,0.0,64.05,3.1220986531498327,1.05,0.2179449471770337,4.2,0.7483314773547883,0
165,0.4501870841511895,0.10080007038266069,0.1236645073081272,0.017953220959671185,0.0009240957920172152,0.00041023646311625923,100.0,0.0,63.05,2.692118125194361,1.1,0.3,4.3,0.6403124237432849,0
166,0.5226095742684034,0.10642097654804145,0.10847656670736819,0.019085679394181328,0.001029422892856661,0.0004760543286722833,100.0,0.0,63.1,2.8442925306655784,1.025,0.10897247358851683,3.95,0.6689544080129826,0
167,0.6454592943322879,0.10052839954538757,0.08325490715996038,0.019188674651349952,0.0011075168403233823,0.0005131981675122004,100.0,0.0,63.65,2.6129485260907837,1.05,0.21794494717703372,4.45,0.7399324293474372,0
168,0.7858349536634396,0.08071726508060716,0.051110641489390096,0.01836872306709024,0.001101867581067688,0.0005751676142263817,100.0,0.0,62.05,3.232259271778797,1.125,0.3112474899497183,4.5,0.6708203932499369,0
169,0.87621730222395,0.05606568054868313,0.02378507317294979,0.013016368052816876,0.001050992559871369,0.0005364953780265429,100.0,0.0,64.25,2.1418449990603894,1.0,0.0,4.05,0.5894913061275798,0
170,0.8553616810444217,0.05648290530885842,0.03732698158899632,0.016054362898207407,0.0008968635248651987,0.000414793455983748,100.0,0.0,63.85,3.5954832776693593,1.025,0.10897247358851683,4.1,0.7000000000000001,0
171,0.7361897870987517,0.08920353304642525,0.06957054222402315,0.01783509156887291,0.0008164085593211098,0.0003779137655247957,100.0,0.0,66.3,2.98496231131986,1.0,0.0,4.15,0.7262919523166976,0
172,0.5833815166787457,0.09253843389626408,0.09971298775982504,0.016862679538752787,0.0007487361962402276,0.0005215673212239415,100.0,0.0,63.15,2.8857408061016154,1.05,0.21794494717703367,4.3,0.714142842854285,0
173,0.47169672346082814,0.09343783126467747,0.11966475075334806,0.02007041527736572,0.0008324724289641837,0.0007990580887060968,100.0,0.0,63.0,2.949576240750525,1.1,0.3,4.15,0.7262919523166975,0
174,0.42021835485248465,0.11442574313527128,0.12935522792967258,0.025970153450981942,0.0008574902129493136,0.0007196007261869409,100.0,0.0,62.95,1.9615045245933032,1.125,0.3112474899497183,4.0,0.5477225575051661,0
175,0.4329192989928187,0.13019234152457823,0.12532750288159655,0.03015558582116587,0.0009887437139680024,0.0005167792189831893,100.0,0.0,63.75,3.3893214660164652,1.1,0.3,4.15,0.7921489758877431,0
176,0.5111947542872348,0.12871325275134723,0.10822516318442228,0.031357461941164046,0.0011606516508982118,0.000610234248738151,100.0,0.0,63.15,3.4245437652335533,1.05,0.21794494717703372,4.7,0.9539392014169457,0
177,0.6408970953037052,0.10144076598174159,0.08114081647892137,0.026752159963299584,0.0012274824227869944,0.0006031396706182272,100.0,0.0,62.4,3.9799497484264803,1.2,0.4,4.35,0.7921489758877431,0
178,0.7724244246400725,0.055985518240304684,0.05246387464192472,0.016903484031367273,0.001216213592673932,0.0005936223674991779,100.0,0.0,62.55,2.558808316384797,1.1,0.3,4.0,0.7745966692414834,0
179,0.8500563621297783,0.07679968083702628,0.02781712015008799,0.017681886782833927,0.0012623402282244522,0.0006080109226950442,100.0,0.0,63.85,3.0540956108150903,1.025,0.10897247358851683,4.15,0.7262919523166976,0
180,0.8423696723633902,0.10516292698235512,0.036562712612488536,0.024527865599946134,0.0011657250855677496,0.0006437129367273738,100.0,0.0,62.65,3.395217224272992,1.125,0.3112474899497183,4.25,0.7664854858377946,0
181,0.7590351496700658,0.09088333742859399,0.06630770555960165,0.017379263968680413,0.0008671652779207656,0.0004588392415996239,100.0,0.0,63.3,2.666458325194677,1.1,0.3,4.05,0.5894913061275797,0
182,0.6155711065242484,0.08215433784258554,0.09513853586627548,0.014802338937798408,0.0007130690470668393,0.00036480956846452974,100.0,0.0,63.3,2.7766886753829643,1.0,0.0,4.3,0.7810249675906654,0
183,0.48859967535606896,0.0676175991414695,0.11713326114287108,0.01316309756337754,0.000745663981690572,0.0003873722895591773,100.0,0.0,63.0,3.3763886032268267,1.075,0.23848480035423641,4.3,0.7810249675906654,0
184,0.426418965114238,0.058477139982413495,0.12762516787010425,0.011410028130871079,0.0008088465630861019,0.0004025961822526486,100.0,0.0,63.65,2.5548972582082436,1.075,0.17853571071357124,3.8,0.6,0
185,0.42953461252853165,0.06393119597021389,0.12696168516485262,0.01252559127527616,0.000892718319100388,0.00043583437151111686,100.0,0.0,63.75,3.4478254016118624,1.0,0.0,4.15,0.6538348415311009,0
186,0.5052458611488292,0.06966688083448898,0.11131782270562836,0.014397128770549498,0.0010172342071496537,0.0004809855092717543,100.0,0.0,62.95,2.9236107812087435,1.05,0.2179449471770337,4.1,0.7000000000000001,0
187,0.6359979414777928,0.0748617369625503,0.08506020869851257,0.015361230726324811,0.001077546755744924,0.0004597228417745669,100.0,0.0,63.4,2.3958297101421877,1.05,0.21794494717703372,4.2,0.7483314773547883,0
188,0.784503248101339,0.05680668032731084,0.052847973153545655,0.015150288569361134,0.0010489238859331359,0.0005161767517358844,100.0,0.0,63.15,2.104162541250081,1.0,0.0,4.05,0.5894913061275797,0
189,0.889325749049593,0.03600345478649705,0.02440776190517829,0.00986238684703663,0.000909611562551567,0.00040587650112614227,100.0,0.0,64.3,3.303028912982749,1.1,0.3,3.8,0.6782329983125268,0
190,0.8831119771111867,0.0491527960343167,0.031361004792097656,0.013933777805230337,0.0007769810683984822,0.00029961504463918133,100.0,0.0,62.55,3.4128433893163046,1.1,0.3,4.05,0.49749371855331004,0
191,0.7613566399135745,0.06510866020192368,0.06514678866863627,0.013588729822150659,0.0007586443024462131,0.0002938876239824953,100.0,0.0,64.15,4.269367634673781,1.1,0.3,4.1,0.7,0
192,0.6108105010064142,0.06830145797693132,0.09485713237739275,0.012075561425193927,0.0007536877616523272,0.0003183985696907215,100.0,0.0,64.3,3.661966684720111,1.1,0.3,4.05,0.6689544080129826,0
193,0.4960533559371879,0.06407550301395923,0.1153720484058065,0.012018793132573428,0.0009029645077564121,0.0005222127052923514,100.0,0.0,62.15,3.1823733281939126,1.05,0.21794494717703372,4.4,0.8,0
194,0.45457971163393873,0.06419170587987251,0.12280768784680518,0.01335695781834044,0.001005916362539198,0.0006298124299094628,100.0,0.0,63.9,3.014962686336267,1.025,0.10897247358851683,3.9,0.7681145747868608,0
195,0.4854238557846598,0.0871162518964528,0.11559601648171376,0.019092422804933177,0.001062528585278513,0.0005981503821236165,100.0,0.0,63.25,3.686122624113311,1.1,0.3,4.15,0.852936105461599,0
196,0.564764827715257,0.10522729771629784,0.09885848508115139,0.024601213627866294,0.001073928395547935,0.000716409563938688,100.0,0.0,63.45,2.991237202229205,1.0,0.0,4.55,0.8645808232895291,0
197,0.6824168745409611,0.09111000351067572,0.07456012567510814,0.026013420351046306,0.000997550444324927,0.0006398177458154468,100.0,0.0,63.85,3.2752862470324637,1.0,0.0,4.3,1.0049875621120892,0
198,0.8072408320132312,0.04805857549030759,0.04650020455249944,0.019644558121247362,0.000998060898989643,0.0006064483782330922,100.0,0.0,63.2,2.5612496949731396,1.075,0.23848480035423641,4.15,0.9096702699330127,0
199,0.8820507787394524,0.05332037673817194,0.027531036897249582,0.012608991959732588,0.0008982159399572147,0.00047262730246503076,100.0,0.0,63.65,3.1823733281939126,1.0,0.0,4.4,0.7348469228349535,0
200,0.8450597808644545,0.09567444867320411,0.041138466449451794,0.019930633661031892,0.0008690546183613998,0.00044043015701493486,100.0,0.0,63.4,2.7640549922170505,1.05,0.21794494717703372,4.2,0.7483314773547883,0
201,0.7113872078009921,0.10764292261417825,0.0762719604064433,0.018910715285466968,0.0007521936356615023,0.00040735394821149744,100.0,0.0,63.05,2.2907422377910613,1.075,0.23848480035423641,4.15,0.5722761571129799,0
202,0.5631021880867376,0.10593300286668603,0.10490032307056922,0.01924151154985629,0.0006485453302375881,0.00024246408520890817,100.0,0.0,62.6,3.6523964735499352,1.15,0.3570714214271425,4.35,0.5722761571129799,0
203,0.4470675377466483,0.083253517435961,0.1260521656444413,0.016406258313886674,0.0006706091112857733,0.00036748528468220605,100.0,0.0,64.15,3.259984662540608,1.05,0.21794494717703372,4.05,0.739932429347437,0
204,0.3952232484590956,0.07900385377453907,0.13556423297351722,0.01623751878420871,0.0007991882116416274,0.00044480529379564563,100.0,0.0,63.6,3.1368774282716245,1.1,0.3,4.45,0.8046738469715541,0
205,0.40823956717512766,0.07527432703629225,0.1325520158931579,0.016178833519337688,0.0008671982622371636,0.0005711766771231981,100.0,0.0,64.95,3.4565155865408737,1.05,0.15,4.15,0.3570714214271425,0
206,0.4836627383560918,0.07772442475931063,0.11695837825618863,0.016180465989208852,0.0009818746322330402,0.00066821197509525,100.0,0.0,62.9,2.808914381037628,1.05,0.21794494717703372,4.35,0.963068014212911,0
207,0.63368938004971,0.07006766922730631,0.08623146233105396,0.02015854121938169,0.001038431384243242,0.0006868385902802607,100.0,0.0,63.3,2.471841418861655,1.0,0.0,4.25,0.4330127018922193,0
208,0.7889444866283648,0.04935022687068978,0.052519105786572595,0.017216292835969826,0.0009795457351427258,0.0005418115808301176,100.0,0.0,62.65,2.669737814842499,1.1,0.3,4.35,0.653834841531101,0
209,0.8863232638084616,0.04761609229076392,0.02598309101019706,0.010878289157452117,0.0008845590015500507,0.0005166882560341901,100.0,0.0,62.5,2.1330729007701543,1.075,0.23848480035423641,4.05,0.6689544080129826,0
210,0.8685508039559501,0.07082855276004947,0.03422041309675217,0.015046554606777299,0.0008672150064650029,0.0004748108048658966,100.0,0.0,62.6,2.1071307505705477,1.125,0.3112474899497183,4.4,0.58309518948453,0
211,0.7368131584809325,0.08735067546605056,0.06972583735274965,0.015566680699400254,0.0008489435586293154,0.0004324286650199332,100.0,0.0,63.6,2.5377155080899043,1.0,0.0,4.05,0.9733961166965892,0
212,0.5838711640182102,0.08992666459922448,0.0999898943980638,0.01596713242361582,0.0008299346832979429,0.0003450936782100591,100.0,0.0,63.95,2.3339880033967613,1.0,0.0,4.0,0.6324555320336759,0
213,0.4709290529604787,0.09395233905641862,0.1208932973666478,0.01766661519956386,0.0007312704112905843,0.000326934353185889,100.0,0.0,63.5,3.057776970284131,1.025,0.10897247358851683,4.35,0.8529361054615991,0
214,0.4164464916032878,0.08673586657286295,0.13017166839778996,0.017987985475491037,0.0008851248022219456,0.0005279542500085136,100.0,0.0,62.9,1.8411952639521971,1.025,0.10897247358851683,4.2,0.812403840463596,0
215,0.42478641982978227,0.08411721679724109,0.12797451272990662,0.017977227447519926,0.0010017654745383148,0.0006185182978434519,100.0,0.0,63.65,3.6093628246547893,1.0,0.0,4.1,0.5385164807134504,0
216,0.5018547216195242,0.08579742394991954,0.11256563837949515,0.01829137783470033,0.0010534608976575852,0.0005813067726158845,100.0,0.0,62.75,3.476708213238494,1.05,0.21794494717703372,4.75,0.8874119674649424,0
217,0.6342525786991644,0.0831195909943024,0.08510268502166231,0.018689505552903544,0.0011389474007191592,0.0005840612677431849,100.0,0.0,62.55,2.5975950415721085,1.0,0.0,4.35,0.653834841531101,0
218,0.7750101711863079,0.059117770587909214,0.05377467153799424,0.01736368439998915,0.0010900866244110937,0.0004946945738306377,100.0,0.0,63.0,3.40587727318528,1.075,0.23848480035423641,4.25,0.6224949798994366,0
219,0.8667947215584167,0.05163244054907315,0.028348895300399156,0.014842248487160595,0.0010142387683624715,0.00046201478143135773,100.0,0.0,63.0,3.924283374069717,1.1,0.3,4.05,0.9733961166965893,0
220,0.8645761714317466,0.06798205751672291,0.03579626345809081,0.01743295544890059,0.0008754408485828196,0.0004091603776163295,100.0,0.0,64.2,2.420743687382041,1.0,0.0,4.45,0.8645808232895292,0
221,0.7731205768603334,0.05959059822836715,0.0645167978978969,0.012133042306298372,0.0007382858076819517,0.0003827833711516223,100.0,0.0,62.85,2.7977669667075564,1.075,0.23848480035423641,4.05,0.6689544080129826,0
222,0.6139898980575875,0.06680749918962334,0.09560834903633604,0.01183260071687219,0.0006815320579297194,0.0002611092516747595,100.0,0.0,63.2,3.9949968710876362,1.15,0.3570714214271425,4.2,0.9273618495495703,0
223,0.4880311153545464,0.056972274119386504,0.11751384494878328,0.010389571725489637,0.000626632568912784,0.00027144618793794657,100.0,0.0,63.85,3.2752862470324637,1.1,0.3,4.45,0.7399324293474372,0
224,0.4151788964320066,0.052530480332026,0.13056174749161428,0.010325649368175831,0.0006936226653978433,0.0003364714354747179,100.0,0.0,62.95,3.412843389316304,1.05,0.21794494717703372,4.0,0.7071067811865476,0
225,0.4200718511472707,0.053424059285134565,0.12881476789060925,0.011218263706934236,0.0008550437703418682,0.00045283028619825556,100.0,0.0,64.2,2.694438717061496,1.025,0.10897247358851683,4.1,0.6244997998398398,0
226,0.5018365791311209,0.06373862771558171,0.1128691518492225,0.013233783401701773,0.0009227117537855538,0.00044261260123720975,100.0,0.0,63.35,3.6779749863205975,1.25,0.4330127018922193,4.3,0.7810249675906654,0
227,0.6407304922659397,0.0720319769650041,0.08616575005349361,0.014532494006385666,0.0009218260437063069,0.00038005686815643875,100.0,0.0,64.15,3.409912022325503,1.075,0.23848480035423641,4.2,0.9273618495495703,0
228,0.7906713681570489,0.06140099366986672,0.0546818763388706,0.014839561115971109,0.000875159645443367,0.00038560919778430735,100.0,0.0,64.65,3.15079355083763,1.1,0.3,4.3,0.9,0
229,0.8883337244745706,0.05302614040742773,0.024103175479104864,0.013226242311751768,0.0008893863327724209,0.0003787871037522028,100.0,0.0,64.15,3.539420856580918,1.075,0.23848480035423641,3.85,0.653834841531101,0
230,0.8713756354539621,0.057367723572440084,0.034541141897006196,0.014068255524132505,0.0008328342185267212,0.0004047039540606671,100.0,0.0,62.75,2.56661255354212,1.1,0.3,4.2,0.6,0
231,0.7414348546744487,0.06343924840139788,0.07004389803090927,0.012010889105407934,0.0007700243109021805,0.00040614993425664103,100.0,0.0,62.2,3.0757112998459393,1.075,0.23848480035423641,4.5,0.7416198487095663,0
232,0.5914666505331871,0.062193381423606635,0.0996480821038868,0.010536850973350548,0.000664416377385909,0.00029544255409382267,100.0,0.0,63.65,3.320767983464066,1.05,0.21794494717703372,4.25,0.82915619758885,0
233,0.4729582452905482,0.058976559112476436,0.12137768796065015,0.010357409387349626,0.0006197787918636477,0.00025549770899519484,100.0,0.0,63.7,2.968164415931166,1.125,0.3112474899497183,4.1,0.7,0
234,0.4194718376654577,0.058279230089718664,0.13048386558985858,0.010673752580564279,0.0007307680802995665,0.0003392083112384821,100.0,0.0,63.8,3.2341923257592455,1.0,0.0,4.4,0.7348469228349535,0
235,0.43889455610450234,0.0637148563313267,0.12546902472233218,0.01282365631149507,0.0009706533023498077,0.000731993066718859,100.0,0.0,63.05,3.2476914878109957,1.15,0.3570714214271425,4.2,0.6782329983125268,0
236,0.5247804877586159,0.07910619965815852,0.10741759924532435,0.019853983298665133,0.0010752023482063658,0.000827840386745245,100.0,0.0,63.45,3.368605052540295,1.0,0.0,4.25,0.8874119674649424,0
237,0.6640944118553582,0.07304057198118956,0.07906309148263527,0.020734636859775717,0.0011032207545795744,0.0008070350102371097,100.0,0.0,62.2,2.5612496949731396,1.05,0.21794494717703372,4.0,0.6324555320336759,0
238,0.7990047530027148,0.05643598112100775,0.048904500103589287,0.01700352773808912,0.0010368595137182916,0.0006971789773089676,100.0,0.0,63.7,2.666458325194677,1.05,0.21794494717703372,4.15,0.5722761571129799,0
239,0.8854799934612609,0.05781837501772126,0.02417074434920609,0.011066984875892156,0.0009755393831348275,0.0006962885934440153,100.0,0.0,63.65,2.535251466817444,1.0,0.0,4.1,0.6244997998398398,0
240,0.8751935195474395,0.060011460460031654,0.03479447889907613,0.015039219789853574,0.0008018506020274844,0.0004613078379054151,100.0,0.0,63.75,3.0639027399707057,1.05,0.21794494717703372,4.15,0.7262919523166976,0
241,0.7418413908542586,0.08474287979809231,0.07060538502524458,0.015967338544740015,0.0006918007480571326,0.0003056078091827828,100.0,0.0,62.75,2.680951323690902,1.125,0.3112474899497183,4.25,0.6224949798994366,0
242,0.575030264182187,0.08253933367535475,0.10274329460835359,0.015158155970471779,0.0006023941318719905,0.00029736440730962504,100.0,0.0,64.1,2.913760456866693,1.0,0.0,4.45,0.8046738469715541,0
243,0.45341019650178793,0.08003489971295547,0.12475647116777651,0.015600229954231727,0.0006450256894811703,0.0003686088783412892,100.0,0.0,62.35,3.1823733281939126,1.05,0.21794494717703372,4.65,0.7921489758877431,0
244,0.39258993103194223,0.08672880011900275,0.13590126142614353,0.017651475867868253,0.0006787482152240199,0.0004756272968376928,100.0,0.0,63.8,2.580697580112788,1.05,0.21794494717703372,3.9,0.6244997998398398,0
245,0.3931309240246353,0.09632652403011094,0.1349349781456599,0.019602588261058474,0.0007715456007738829,0.0005284319734806931,100.0,0.0,62.9,2.964793416074719,1.075,0.23848480035423641,4.3,0.8426149773176358,0
246,0.46347222298288837,0.11253018129964343,0.12005999036575876,0.023253369844119152,0.000838819861082344,0.0005806004580779079,100.0,0.0,62.7,2.8301943396169813,1.1,0.3,4.35,0.9630680142129111,0
247,0.5901574182120722,0.11907439942202074,0.09495946439812095,0.024736707316334934,0.000903412134001595,0.0005839910343295386,100.0,0.0,62.55,3.353729267546801,1.05,0.2179449471770337,4.15,0.6538348415311009,0
248,0.7459144965767646,0.09030448727584793,0.06248960138638819,0.022459343569141994,0.0009358644715089153,0.0005980246691130641,100.0,0.0,63.15,2.3932195887548637,1.05,0.21794494717703372,4.25,0.7664854858377946,0
249,0.866744966556379,0.05477692510783292,0.032819675222595206,0.015001471399351476,0.000879229895885763,0.0005219032967639864,100.0,0.0,63.65,2.885740806101615,1.075,0.23848480035423641,4.05,0.804673846971554,0
250,0.8831121681994347,0.06097467544442686,0.030237480724486083,0.016426286175127827,0.000799399952683741,0.00040831630388461386,100.0,0.0,63.0,1.8439088914585775,1.025,0.10897247358851683,4.35,0.7262919523166975,0
251,0.7912100429785978,0.09857870875298483,0.05960917329976358,0.02028003930095647,0.0006403246817563736,0.00025380513902182797,100.0,0.0,63.3,2.7766886753829643,1.05,0.2179449471770337,4.05,0.49749371855331004,0
252,0.6472727010751546,0.10999075315578824,0.08924098755131071,0.019325210895959635,0.0006024885478629407,0.00031021513036882264,100.0,0.0,63.6,3.2924155266308657,1.05,0.21794494717703372,4.35,0.7262919523166976,0
253,0.5170458450707371,0.10153032384451788,0.1126971676018242,0.018205095140537784,0.0006696081666684924,0.00037151440755180614,100.0,0.0,63.7,3.2572994949804666,1.075,0.23848480035423641,4.35,0.7262919523166976,0
254,0.4478825918518199,0.09995467351001382,0.12481265563553459,0.019076097607042028,0.0008154796591161601,0.0005413709826659814,100.0,0.0,63.15,2.632014437650371,1.025,0.10897247358851683,4.45,0.6689544080129827,0
255,0.45839298985874066,0.08848709884052969,0.12269048046465432,0.0171522767967989,0.0008730150196353712,0.0005540420943248674,100.0,0.0,64.7,3.241913015489466,1.025,0.10897247358851683,4.1,0.6244997998398398,0
256,0.54012648746112,0.08127389742681258,0.10609680440311593,0.01688766972328753,0.000980380537330018,0.0005685843488206286,100.0,0.0,63.15,3.0376800358168077,1.0,0.0,4.15,0.6538348415311012,0
257,0.6704151133114975,0.07798096286257851,0.07933679322592073,0.021981412167747075,0.0009461428711090571,0.00034845467068694196,100.0,0.0,62.8,3.370459909270543,1.1,0.2549509756796392,4.2,0.6782329983125269,0
258,0.809407564774118,0.044741244858965884,0.04951892410295642,0.01172311899008231,0.0009515197905777845,0.0003532638616279798,100.0,0.0,63.95,2.558808316384797,1.0,0.0,4.15,0.6538348415311009,0
259,0.891170864035384,0.050700318442416424,0.023671747607922778,0.014225520621760182,0.0008725436240594041,0.0002598161224130477,100.0,0.0,63.3,2.491987158875423,1.05,0.21794494717703372,3.95,0.5894913061275798,0
260,0.8632703310759313,0.07311064621791168,0.03736398708709334,0.017888261546469275,0.0008069988735642331,0.00026232418499896534,100.0,0.0,62.95,2.8892040426387333,1.0,0.0,4.45,0.8645808232895292,0
261,0.731199894290987,0.0878417717577345,0.07211462003109198,0.016720969722300923,0.000742803695404769,0.0002921715061891247,100.0,0.0,62.15,3.0540956108150903,1.05,0.15,4.2,0.8717797887081347,0
262,0.5813833396069753,0.07579014224969692,0.10080969435988821,0.013414195499589714,0.000685800306114222,0.0004484640729484652,100.0,0.0,62.25,4.345975149491768,1.15,0.3570714214271425,4.1,0.7,0
263,0.46164125658038413,0.07701691962379308,0.12306138180987133,0.014303522256371094,0.0007115378277127623,0.0005084756054497393,100.0,0.0,63.75,2.7363296585024255,1.025,0.10897247358851683,3.95,0.6689544080129826,0
264,0.4162108344981202,0.09790415071526935,0.131558118924571,0.018849071960145992,0.0007386873769202175,0.0003913327524000582,100.0,0.0,62.0,3.271085446759225,1.05,0.21794494717703372,4.3,1.004987562112089,0
265,0.4330024132875231,0.1066189679310993,0.1277826128030249,0.020392533279926427,0.0007695680766095209,0.00043471312139468666,100.0,0.0,63.2,2.7495454169735036,1.15,0.3570714214271425,4.35,1.0136567466356645,0
266,0.5112542084221651,0.1098971202413288,0.11247171925132715,0.020149700289142123,0.0007811037570291983,0.0004544764817409226,100.0,0.0,63.9,3.3451457367355464,1.025,0.10897247358851683,4.25,0.9937303457175896,0
267,0.6382427873460721,0.09934085236437178,0.08776100505957111,0.019108593981201176,0.0008039385443892785,0.00043440211301475393,100.0,0.0,64.25,2.6052830940226053,1.0,0.0,4.35,0.653834841531101,0
268,0.7910561740049518,0.07665204551925059,0.054199636845871056,0.018583633025519422,0.0008478574698085245,0.00046170848888327,100.0,0.0,63.7,3.551056180912941,1.05,0.21794494717703372,4.15,0.4769696007084728,0
269,0.8939456332839658,0.041194964983162774,0.025115802889233773,0.0111352251246767,0.000812729020145973,0.00045039560977173476,100.0,0.0,63.95,2.4181604578687494,1.1,0.3,4.1,0.5385164807134504,0
270,0.8760252468041315,0.06272555350112004,0.033165734360775044,0.01740314860287593,0.0007531315438309458,0.0004112509896326539,100.0,0.0,63.35,2.4550967394381837,1.05,0.21794494717703372,4.4,0.8602325267042626,0
271,0.7502268443617603,0.09803707415390432,0.06720118925835708,0.019593327341905012,0.0006949610479266125,0.0004007737976152907,100.0,0.0,64.4,3.4263683398023628,1.05,0.15,3.95,0.5894913061275798,0
272,0.5874294115148403,0.09691674000845028,0.09892411626175648,0.017901938093445705,0.0007758193095815591,0.00038450106154187244,100.0,0.0,63.8,3.558089374931439,1.075,0.23848480035423641,4.35,0.6538348415311012,0
273,0.466613346584006,0.08967490524628408,0.12134309538022307,0.018459647006224204,0.000862330801777332,0.00038299561842775797,100.0,0.0,64.4,2.5573423705088847,1.0,0.0,4.05,0.3840572873934304,0
274,0.4167587623066871,0.08658424250206796,0.1304706938165277,0.019471200181159352,0.00094664146519354,0.0004897725836082806,100.0,0.0,63.15,2.4753787588973126,1.05,0.21794494717703372,4.4,0.9165151389911681,0
275,0.44303590378086033,0.08512865975325849,0.12378509714031469,0.020521012210274223,0.0011052924999543766,0.0007303614293171878,100.0,0.0,62.25,2.680951323690902,1.075,0.23848480035423641,4.25,0.698212002188447,0
276,0.5263283345339074,0.09265851421403065,0.10633707496949107,0.021397640584478517,0.0012082599713938082,0.00079089603139637,100.0,0.0,62.45,2.4591665254715873,1.1,0.2549509756796392,4.45,0.9205976319760986,0
277,0.6547424112930904,0.0783605494069261,0.0795862045276475,0.020739341549480938,0.0012034296931083149,0.000711692351798248,100.0,0.0,64.1,3.0149626863362666,1.0,0.0,4.0,0.4472135954999579,0
278,0.7862312940581122,0.05056287349932343,0.04961943804751624,0.01689138853731917,0.0011883095769764614,0.000557295571970729,100.0,0.0,64.75,3.533765696816924,1.05,0.21794494717703372,4.0,0.7071067811865476,0
279,0.8734855872785001,0.05462323593951596,0.025285926367079343,0.01116863339642997,0.0010891922314895963,0.0005375687936794655,100.0,0.0,62.95,2.9406631905065224,1.125,0.3112474899497183,4.0,0.6324555320336759,0
280,0.8542545261508578,0.07193866196636678,0.03733837967882554,0.014957394305463433,0.0010142551020372633,0.0005306969510017923,100.0,0.0,63.65,2.7436289836637897,1.05,0.21794494717703372,4.15,0.6538348415311012,0
281,0.7464192850481421,0.06308494902107634,0.06767005582306358,0.012047749742839321,0.0008790276080975705,0.000486101780766888,100.0,0.0,63.7,2.6476404589747453,1.05,0.21794494717703372,4.25,0.7664854858377946,0
282,0.5977492321683814,0.053904951466973015,0.09778196005557668,0.010082486200587347,0.0007065436329247194,0.0004130620122379327,100.0,0.0,63.35,3.1980462785894765,1.025,0.10897247358851683,4.25,0.698212002188447,0
283,0.46985011713051017,0.06376452551773214,0.12059684487632642,0.012343858897170205,0.0006907289161627814,0.00039787408668411246,100.0,0.0,62.4,2.7820855486487113,1.025,0.10897247358851683,4.15,0.3570714214271425,0
284,0.41287883193830643,0.0707482230368852,0.13075934103395354,0.01476481103327923,0.0007584911011038461,0.0004993759561587313,100.0,0.0,63.1,4.253234063627348,1.15,0.32015621187164245,4.05,0.6689544080129826,0
285,0.41966884891984835,0.07290845435206203,0.12872485269602665,0.015489602648768874,0.0009294452659327224,0.0005034256466403509,100.0,0.0,64.3,2.7766886753829643,1.05,0.21794494717703367,4.2,0.6782329983125268,0
286,0.49274045190508875,0.08464520792580855,0.11367104272795917,0.01750010534103787,0.0009870484995183977,0.0004858604150240185,100.0,0.0,62.6,2.764054992217051,1.125,0.3112474899497183,4.25,1.0428326807307104,0
287,0.625906118530379,0.08549657369638476,0.0873656128872573,0.01862228393381713,0.0010308263467859367,0.0005354636235255343,100.0,0.0,62.4,3.583294573433783,1.1,0.2549509756796392,4.1,0.7681145747868608,0
288,0.7854282392777885,0.06769593109504494,0.054269706400079554,0.017595182426658553,0.000949937309375176,0.00043045860459375466,100.0,0.0,62.95,1.883480820183736,1.025,0.10897247358851683,4.0,0.7745966692414834,0
289,0.8853512849140662,0.034339241434628597,0.02550045971396326,0.012994387381018418,0.0008933762735275498,0.0003587012685211596,100.0,0.0,64.0,3.2093613071762426,1.125,0.3112474899497183,4.4,0.9695359714832658,0
290,0.8733556233828195,0.05672061360705303,0.034119801978652914,0.017152966449319965,0.0007528005403401436,0.00027192667884372074,100.0,0.0,64.1,3.4770677301427417,1.1,0.3,4.0,0.6324555320336759,0
291,0.7450293143449839,0.0857385058089899,0.06936340521558533,0.01696292494034194,0.000670943417730654,0.00024669770518498743,100.0,0.0,63.35,2.8857408061016145,1.0,0.0,4.2,0.7483314773547883,0
292,0.580847757194651,0.09212421263328943,0.1012317230942148,0.016643956908831355,0.0006193072569881358,0.0002077886357635689,100.0,0.0,64.6,2.3748684174075834,1.05,0.2179449471770337,4.4,0.9165151389911679,0
293,0.45456381329927736,0.09602383461580173,0.12438796445732472,0.01827186135670229,0.0006536879977338137,0.0003084839405266663,100.0,0.0,62.75,3.404041715373065,1.1,0.3,4.2,0.5099019513592784,0
294,0.39428768002520626,0.09254715645882784,0.13539102451545945,0.01906653637087567,0.0007555592788667349,0.0004379779832380277,100.0,0.0,63.95,2.4794152536434875,1.05,0.21794494717703372,3.9,0.5385164807134504,0
295,0.3979460185690777,0.09660874573151484,0.13391066897036005,0.019998029259344578,0.0009022124705496375,0.0006229149362319297,100.0,0.0,62.4,1.9078784028338913,1.1,0.3,4.45,0.9205976319760986,0
296,0.47954349181178085,0.11062699303833498,0.1176158935554675,0.022122582615835194,0.0009896299056600245,0.0006971018839280946,100.0,0.0,61.8,3.171750305430741,1.2,0.4,4.3,0.6403124237432849,0
297,0.6182371000334186,0.10759358597524646,0.08956115094570881,0.022668897201007454,0.0010702141164426362,0.0005928632043548167,100.0,0.0,63.45,2.765411361804967,1.075,0.23848480035423641,4.3,0.8426149773176358,0
298,0.7731328937190687,0.07517308479035936,0.056481610703046956,0.01891145553560165,0.0010089857598384955,0.0004926212492367759,100.0,0.0,65.05,2.4591665254715873,1.025,0.10897247358851683,4.0,0.5477225575051661,0
299,0.8768639976682507,0.05796670590314692,0.026655438091700782,0.013954855316342312,0.0009488923483959556,0.0004793619548865139,100.0,0.0,63.95,3.1220986531498327,1.0,0.0,4.35,0.7262919523166976,0
300,0.8654430014900161,0.0747415605581435,0.03450546514443849,0.016649123009854692,0.0008641146619853263,0.0004644945358261805,100.0,0.0,64.05,2.011839953873071,1.0,0.0,4.2,0.6782329983125269,0
301,0.7525910434687669,0.09431197064980125,0.0662422378812547,0.01901627696272335,0.0008356251306502563,0.00045322942175509676,100.0,0.0,63.0,2.4698178070456938,1.0,0.0,4.15,0.7262919523166975,0
302,0.6131442372134283,0.09218996419618115,0.09479489567628625,0.01816876373202082,0.0008016605434142459,0.0004280374377134239,100.0,0.0,62.55,2.0365411854416298,1.15,0.3570714214271425,4.6,1.019803902718557,0
303,0.5032627098524416,0.08219059920229177,0.11515751293031631,0.015379605599455743,0.000761650255499692,0.00033573407190865847,100.0,0.0,62.05,4.06786184622831,1.175,0.36314597615834876,4.15,0.5722761571129799,0
304,0.43868238693326217,0.08329825539013107,0.1270138295238146,0.01610495947684769,0.0007917743038141623,0.0003348358986380477,100.0,0.0,65.0,3.082207001484488,1.0,0.0,4.0,0.9486832980505138,0
305,0.45011612125458134,0.08722773836808304,0.12440966847862092,0.01719713955047015,0.0008174744947412382,0.00039869700831690386,100.0,0.0,64.5,2.0371548787463363,1.05,0.21794494717703372,4.05,0.4974937185533099,0
306,0.5249110737137824,0.10293006554061583,0.10952481043101484,0.02006933888377494,0.0008513007335832804,0.0003762586462766997,100.0,0.0,64.4,2.6532998322843193,1.0,0.0,4.3,0.714142842854285,0
307,0.6563059514102842,0.10012904448598789,0.08382281896434318,0.020364824453571646,0.0008630722902496588,0.0003189947192277587,100.0,0.0,62.75,2.7363296585024255,1.05,0.2179449471770337,4.2,0.6,0
308,0.8026702908329494,0.07164549006991841,0.05100530424706871,0.019631350778608496,0.0008424088508398403,0.000360859646682905,100.0,0.0,62.9,3.1606961258558215,1.025,0.10897247358851683,4.2,0.7483314773547883,0
309,0.8912577561237827,0.03543533957054245,0.023499351849597058,0.014390554319995051,0.0008285178242281204,0.00032030212979871297,100.0,0.0,62.3,2.882707061079915,1.05,0.21794494717703372,4.75,0.82915619758885,0
310,0.8662478956605506,0.06840816907659551,0.03543972616600683,0.018158473220034367,0.0007819608506141202,0.0002822059784544276,100.0,0.0,64.2,3.385262175962151,1.0,0.0,4.1,0.6244997998398398,0
311,0.7324359612612428,0.09652095567985695,0.07056255194855224,0.01813436236070243,0.0007929486266119083,0.0003484635005287692,100.0,0.0,64.45,2.15580611373101,1.0,0.0,4.1,0.6244997998398398,0
312,0.5795178578185121,0.10467867958665389,0.10045289601767553,0.017868948502357845,0.0007506335669663067,0.0003560855656200505,100.0,0.0,63.8,3.325657829663178,1.0,0.0,4.15,0.8529361054615991,0
313,0.4538052918167169,0.1027029653590387,0.12360794782369389,0.01866486156793884,0.0007472927274186196,0.0004269811276111791,100.0,0.0,63.7,2.5317977802344327,1.075,0.23848480035423641,4.35,0.7262919523166976,0
314,0.4045040740499533,0.09837541760293478,0.13290158051804188,0.01963377422316811,0.0008620026907935456,0.00044980631732673474,100.0,0.0,63.15,3.9531632903283924,1.15,0.3570714214271425,4.2,0.812403840463596,0
315,0.411636455234197,0.09152493717122892,0.13125508921810589,0.01830567364459268,0.0009686157085549345,0.0004921112858851958,100.0,0.0,63.15,2.286372673034735,1.075,0.23848480035423641,4.1,0.6244997998398398,0
316,0.48997037834935764,0.0985252536031814,0.1154304259899025,0.019027931392716725,0.0010537710461991244,0.00048012594081649445,100.0,0.0,63.55,2.8892040426387338,1.0,0.0,4.25,0.698212002188447,0
317,0.6193934297735095,0.10079930000667581,0.08899440085169434,0.019789034476562536,0.0010869663738741473,0.0004334899586640279,100.0,0.0,63.1,2.9137604568666933,1.025,0.10897247358851683,4.4,0.9165151389911679,0
318,0.7635682896532814,0.07588366914844336,0.05765471079521663,0.018757550081060833,0.0010662788702475912,0.000517877945053429,100.0,0.0,63.75,2.878801834096956,1.0,0.0,4.35,0.5722761571129799,0
319,0.8674531762610233,0.0362356562295828,0.02920515804772031,0.013013777739354013,0.0010038296441041666,0.0003717042244809017,100.0,0.0,63.15,2.5548972582082436,1.05,0.2179449471770337,4.3,0.6403124237432849,0
320,0.8660977696054772,0.06862155173570068,0.03307397230071008,0.017304782168665274,0.0008939255588233018,0.0003484756998957277,100.0,0.0,62.9,2.2781571499789037,1.025,0.10897247358851683,4.45,0.9733961166965891,0
321,0.7545360876520866,0.0997188983250944,0.06600612835129076,0.018977777048073134,0.000783958261085838,0.00035667314300342123,100.0,0.0,63.05,3.1220986531498327,1.125,0.3112474899497183,4.1,0.7,0
322,0.6036163776259488,0.09553288696256264,0.09647410988993234,0.016525696315071822,0.0007404655500138338,0.0003058658111820275,100.0,0.0,62.55,2.3973944189473704,1.05,0.21794494717703372,4.65,0.653834841531101,0
323,0.48714404747517726,0.09253178109967865,0.11787589296541993,0.016765766765364728,0.0007520199203236125,0.0003991914599294571,100.0,0.0,63.7,2.3895606290697042,1.075,0.23848480035423641,4.3,0.6403124237432849,0
324,0.4322152220136689,0.08443910579362542,0.1279955214775434,0.01600277164580867,0.0008629065077401224,0.0005681125215828305,100.0,0.0,63.65,2.286372673034735,1.1,0.2549509756796392,4.2,0.6782329983125268,0
325,0.44485895357580485,0.09066424135894838,0.1246740103384247,0.017201545170330304,0.000886568296247678,0.0005368972935576346,100.0,0.0,63.15,2.372235232855292,1.05,0.21794494717703372,4.35,0.7921489758877431,0
326,0.5188633326786866,0.09854775338067287,0.11016303597389832,0.018658017515018027,0.0008714105480752433,0.0004055940106561093,100.0,0.0,63.5,2.958039891549808,1.1,0.3,4.0,0.6324555320336759,0
327,0.6508415123006711,0.09333561361506773,0.0845752348498659,0.019847364028968233,0.0008436838912833635,0.00036949392102705696,100.0,0.0,63.55,2.836811590500857,1.0,0.0,4.0,0.7071067811865476,0
328,0.8003295357385516,0.07620569647329663,0.052349130265368825,0.0213583694602778,0.000777723882874124,0.0003402919091801577,100.0,0.0,62.95,2.67348087705897,1.075,0.23848480035423641,4.1,0.5385164807134504,0
329,0.8899161693370143,0.04665954150462092,0.028257287912063205,0.01333226119716165,0.0007546142162165226,0.00032291807640725135,100.0,0.0,63.65,4.2340878592679205,1.15,0.3570714214271425,4.25,0.6224949798994366,0
330,0.8594831175159584,0.07054059452671707,0.03744355678014622,0.01871859780556772,0.0008045920556799029,0.00035150169695679533,100.0,0.0,63.9,2.947880594596735,1.025,0.10897247358851683,4.35,0.8529361054615991,0
331,0.735417036255708,0.08728569071231303,0.07029892707464874,0.01690903742131866,0.0007833520187466171,0.00029318678441822197,100.0,0.0,63.45,2.801338965566288,1.1,0.3,4.35,0.5722761571129799,0
332,0.5761834717115979,0.08160163122677265,0.10145704502811699,0.01462260833274152,0.0007323611404423567,0.0003316281305518331,100.0,0.0,62.8,2.6191601707417593,1.025,0.10897247358851683,4.3,0.6403124237432849,0
333,0.46872898716214306,0.07166795188111771,0.12042149742687888,0.013969404582012731,0.0008388228985630076,0.0004999191569818353,100.0,0.0,63.7,2.7946377224964243,1.075,0.23848480035423641,4.3,0.8426149773176358,0
334,0.41955964955528813,0.09845984133081849,0.12966374760773808,0.02010655465840313,0.0009373481028871359,0.0006611314211258938,100.0,0.0,64.1,3.6041642581880198,1.0,0.0,4.4,1.0198039027185568,0
335,0.4397109974618104,0.12235152029387297,0.12594133506170221,0.02357381854824283,0.000920230765598457,0.0005396886899620745,100.0,0.0,62.9,3.7403208418530087,1.175,0.36314597615834876,4.3,0.45825756949558405,0
336,0.5178238661044671,0.13256017805328027,0.11026861010837045,0.026408448661840795,0.0008752192412778671,0.0004389081924204575,100.0,0.0,63.95,3.7212229172679243,1.175,0.36314597615834876,4.45,0.6689544080129827,0
337,0.6476548127344246,0.12326446199613503,0.08453600986308825,0.025755832455356963,0.0008737624074944921,0.000448751435482328,100.0,0.0,64.6,2.9051678092667896,1.025,0.10897247358851683,4.15,0.6538348415311009,0
338,0.7894944624491897,0.08626099267986007,0.055991796550585005,0.018686555904421743,0.0008043929849072841,0.00035892719629090274,100.0,0.0,63.5,2.5199206336708304,1.0,0.0,4.2,0.6,0
339,0.8640184331801801,0.049455753585023694,0.033165664455451375,0.016035169419651194,0.0008743834093061413,0.0003738133465857814,100.0,0.0,64.15,2.688401011754013,1.025,0.10897247358851683,4.1,0.6244997998398398,0
340,0.838810364392225,0.08445755668793119,0.042675632258449156,0.021633719138270273,0.0008000736868351949,0.0003671311768246253,100.0,0.0,62.75,2.8262165522125158,1.05,0.21794494717703372,4.05,0.6689544080129826,0
341,0.7274767387984273,0.1278328316506114,0.07084732552469611,0.025548813726996748,0.000761170406950018,0.00029792839667401816,100.0,0.0,63.35,3.365635155509284,1.125,0.3112474899497183,4.25,0.7664854858377946,0
342,0.5831367186380568,0.13091841553208416,0.10053583159492337,0.02441051234833472,0.0008122188787878102,0.0003080842399800429,100.0,0.0,62.25,3.6314597615834874,1.1,0.3,4.25,0.7664854858377946,0
343,0.4817450295646738,0.11360324092527047,0.11944904538120153,0.02125746327865262,0.0008998086817651877,0.00046668594613238137,100.0,0.0,63.95,2.5782746168707478,1.025,0.10897247358851683,4.05,0.8645808232895291,0
344,0.4480230013700807,0.10768114829106568,0.1254025333970386,0.02061598788197578,0.0009666345486095757,0.0005209793567331825,100.0,0.0,62.4,2.4166091947189146,1.0,0.0,4.3,0.45825756949558405,0
345,0.46591261935720774,0.09842839595177683,0.12039109485268344,0.019379083604703046,0.0010342728596311956,0.00047608865001876093,100.0,0.0,63.15,3.48245602987317,1.1,0.3,4.4,0.8602325267042626,0
346,0.5492255289238814,0.10635173918690292,0.10289391425882588,0.02127701484211899,0.0010532984922827526,0.0005949814386242299,100.0,0.0,63.8,3.4727510708370675,1.15,0.3570714214271425,3.85,0.5722761571129799,0
347,0.6771247957384365,0.0957923459477479,0.07817033274034868,0.019743370630069743,0.0009686953882141978,0.000521936917058687,100.0,0.0,64.1,3.064310689208912,1.0,0.0,4.3,0.7810249675906654,0
348,0.8122967543364925,0.06666463783532402,0.047319706502415355,0.018708564755005822,0.0009316251276726941,0.00035917048176060625,100.0,0.0,63.65,2.43464576478797,1.05,0.21794494717703372,4.05,0.5894913061275798,0
349,0.8897148783202891,0.04350482351027337,0.026298044155415888,0.012651794090559458,0.0008265876797437608,0.00032769386068671325,100.0,0.0,63.55,2.940663190506523,1.0,0.0,4.3,1.0049875621120892,0
350,0.8534711721971517,0.06481937377651464,0.04079838296602908,0.016320188416149763,0.0007653850882687496,0.0003477987770613349,100.0,0.0,62.9,2.5278449319529077,1.05,0.21794494717703372,4.45,0.9205976319760986,0
351,0.7123891288888956,0.08962269901084431,0.07456314141818646,0.016981072661177477,0.0007919186424935899,0.0003157927110225219,100.0,0.0,63.1,1.9723082923316022,1.05,0.21794494717703372,4.2,0.8124038404635961,0
352,0.562754811834875,0.10032836106574139,0.10333613691411188,0.01781204076928561,0.0007479300483068035,0.0003005797789758865,100.0,0.0,63.8,3.171750305430741,1.075,0.23848480035423641,4.55,0.6689544080129827,0
353,0.4457726420738166,0.1039864796898557,0.12563455431031934,0.01925158639354413,0.0007336123362103774,0.00038865378857774936,100.0,0.0,63.9,3.047950130825634,1.025,0.10897247358851683,4.15,0.7262919523166975,0
354,0.39347960137218363,0.10356592630660126,0.1358701899572927,0.019909771357349837,0.000786032926307565,0.0004482057053560884,100.0,0.0,63.0,2.9832867780352594,1.1,0.3,4.2,0.8124038404635961,0
355,0.402717616156973,0.10403506142614932,0.13391045414674507,0.019725417458618614,0.0008065431653012422,0.000526011577296575,100.0,0.0,63.1,2.930870177950569,1.05,0.21794494717703372,4.5,0.8660254037844386,0
356,0.4851769689542872,0.10816176744702924,0.1167457108797016,0.019780849564015598,0.0009915899637323086,0.0006862911284734937,100.0,0.0,63.35,2.903015673398957,1.05,0.21794494717703372,4.35,0.653834841531101,0
357,0.6249436161711599,0.10046513461728335,0.08823193897905844,0.01970452653820103,0.001045582264048455,0.0007263681477080706,100.0,0.0,63.1,2.3430749027719964,1.05,0.21794494717703372,4.3,0.5567764362830021,0
358,0.7743536128268466,0.0807263787556665,0.055199744555777475,0.01963601243383652,0.001025983117968614,0.0006749385977991313,100.0,0.0,63.45,2.836811590500857,1.1,0.3,4.15,0.47696960070847283,0
359,0.8699125318882842,0.05247530699078562,0.02775332112465046,0.0124858182509259,0.001016258462599063,0.0006593218947243795,100.0,0.0,62.95,2.3973944189473704,1.05,0.21794494717703372,4.1,0.6244997998398398,0
360,0.8504036771703303,0.07387888231701295,0.03750135384440169,0.014953801449178893,0.00098714606812665,0.0005354442424273323,100.0,0.0,64.2,2.0639767440550294,1.05,0.21794494717703372,4.0,0.6324555320336759,0
361,0.7375572089917657,0.10179479319756216,0.06778888319679206,0.019285049929142855,0.0009403476296214675,0.0005405558059433578,100.0,0.0,63.7,3.716180835212409,1.15,0.3570714214271425,4.05,0.804673846971554,0
362,0.5944194387285071,0.099792056560656,0.09750523449576406,0.01800123567284727,0.0008818268390353306,0.0004399673352396842,100.0,0.0,62.5,2.247220505424423,1.025,0.10897247358851683,4.2,0.6,0
363,0.478926464607503,0.09148419679811455,0.1194816628687952,0.017090966508727105,0.0007864350523250933,0.0003536710581012619,100.0,0.0,62.3,3.7696153649941526,1.15,0.3570714214271425,4.05,0.5894913061275798,0
364,0.42501253668064776,0.0935383442255417,0.1293948408275572,0.018135903575183923,0.000817960277400381,0.00046027136352151996,100.0,0.0,64.7,3.132091952673165,1.0,0.0,4.15,0.6538348415311012,0
365,0.44393650952192704,0.11750508798268394,0.12558283869468434,0.022451614714831643,0.0008974251961477234,0.0005031125796635469,100.0,0.0,63.45,2.9912372022292053,1.05,0.21794494717703372,4.45,0.8645808232895291,0
366,0.5240331985359787,0.14251805392635525,0.10991538596931308,0.026459429928671754,0.0008610492116160037,0.00035762105468834307,100.0,0.0,62.75,2.878801834096956,1.1,0.3,4.05,0.739932429347437,0
367,0.637703237046418,0.12941413787827138,0.08713805694384447,0.025107520927127456,0.000867072057374786,0.0003485062671426269,100.0,0.0,63.75,3.2384409829422554,1.075,0.23848480035423641,4.1,0.7000000000000001,0
368,0.7871222092137741,0.08775974198562041,0.055278655382159224,0.021566659513167382,0.0008291616953897298,0.0003468853433859482,100.0,0.0,63.45,3.6670833096617805,1.075,0.23848480035423641,4.2,0.7483314773547883,0
369,0.8813806937476777,0.04177663289699712,0.030027024545777003,0.012383281136788438,0.0008173758999573382,0.0003778588770809731,100.0,0.0,63.45,3.2011716605018234,1.05,0.2179449471770337,4.05,0.49749371855331004,0
370,0.8576849235201276,0.06674582965519935,0.036382984958207965,0.017696349306418852,0.0008833446439159249,0.0004556418140580897,100.0,0.0,64.1,2.844292530665578,1.05,0.15,4.25,0.698212002188447,0
371,0.7502760458488885,0.08711425645454615,0.06687196781530035,0.0182011729737267,0.0007965456842689447,0.000428305601929465,100.0,0.0,63.85,3.1666228067138023,1.0,0.0,4.15,0.6538348415311009,0
372,0.5929204937425069,0.0912433057512501,0.09844910563606295,0.01738912474667528,0.0007106584060975465,0.0003141424591288751,100.0,0.0,63.75,1.8131464364468746,1.05,0.21794494717703372,3.95,0.5894913061275798,0
373,0.47434692430672215,0.09700648048248114,0.12040421732489606,0.019080395543273187,0.0006919537526173498,0.00030421673453956817,100.0,0.0,63.25,2.5273503912200224,1.05,0.21794494717703372,4.15,0.653834841531101,0
374,0.40639855721920537,0.08852880499547736,0.1329942561647369,0.017887565286072115,0.0007855135511343463,0.0003240360462450426,100.0,0.0,64.4,3.307567081708245,1.05,0.21794494717703372,4.0,0.5477225575051661,0
375,0.41356006776129056,0.08611508226080182,0.1308639862239164,0.016967722081830547,0.0008470596651989392,0.0004537047600274874,100.0,0.0,64.85,3.5252659474144643,1.075,0.23848480035423641,4.35,1.1947803145348521,0
376,0.4802138317207998,0.08861008272544066,0.1165270852092692,0.016079177553159824,0.0009819748554147764,0.0005872939202550488,100.0,0.0,63.8,3.2186953878862163,1.05,0.21794494717703372,4.15,0.7921489758877431,0
377,0.607437969290481,0.08324236819700806,0.09153355162889262,0.014136854828516551,0.0010418410721495922,0.0004962108135787797,100.0,0.0,62.75,3.2384409829422554,1.025,0.10897247358851683,4.3,0.7810249675906654,0
378,0.7683282424079232,0.07322822532405189,0.0576179877530719,0.014825371027697279,0.0010383327153943355,0.00038568806585235875,100.0,0.0,64.05,3.667083309661781,1.05,0.21794494717703372,4.15,0.7262919523166975,0
379,0.8829838317851426,0.05651672646213003,0.02509267488853682,0.013109348792763443,0.0009497791761664826,0.0004366739250598995,100.0,0.0,63.95,3.3834154341434335,1.075,0.23848480035423641,4.3,0.8426149773176358,0
380,0.8835274947706709,0.047395897035059774,0.029700571437752808,0.011680075829886605,0.0008670743226593215,0.00039349129660585207,100.0,0.0,63.05,2.8543825952384165,1.0,0.0,4.2,0.7483314773547882,0
381,0.773370903531455,0.056617919639254756,0.0620412958488572,0.013210908779565086,0.0007813343694273968,0.00032704176906540666,100.0,0.0,63.4,2.6720778431774774,1.15,0.3570714214271425,4.2,0.812403840463596,0
382,0.6104782089299763,0.08763415932435019,0.09410085413845222,0.016480505440758998,0.000738989926938437,0.000373949461124114,100.0,0.0,62.85,2.8155816450602176,1.075,0.23848480035423641,4.25,0.82915619758885,0
383,0.47854760390130646,0.09952904733941645,0.11875873622933208,0.019186306821217344,0.0006862083123511613,0.0002792009158810065,100.0,0.0,62.0,2.792848008753788,1.05,0.21794494717703372,4.25,0.7664854858377946,0
384,0.41132271815001015,0.10140072022249554,0.13139024564622653,0.020493538715675084,0.0007303110995408414,0.0002905824815464993,100.0,0.0,62.3,2.968164415931166,1.1,0.3,4.5,0.7416198487095663,0
385,0.42313430981927996,0.11100069510924289,0.12846745020872527,0.022871058857532548,0.0008844710707756829,0.0003274702844121615,100.0,0.0,64.1,3.491418050019218,1.15,0.3570714214271425,3.9,0.7681145747868608,0
386,0.4988106194915785,0.11559517628915406,0.11231112997480794,0.02454247397812112,0.001023397218033458,0.00037867628761480615,100.0,0.0,63.25,3.222964473896664,1.1,0.3,4.25,0.82915619758885,0
387,0.6231049590097429,0.10214402024781738,0.08535201627949546,0.02460381616906765,0.0012180280230415954,0.0004875063558017907,100.0,0.0,63.95,2.4387496796514396,1.0,0.0,4.15,0.7262919523166976,0
388,0.7550061206451095,0.06824824835244331,0.05530574293873027,0.018772838851403472,0.0012698267908555524,0.00043850454523578674,100.0,0.0,63.5,2.80178514522438,1.05,0.21794494717703367,4.25,0.82915619758885,0
389,0.8482987752942902,0.03462425506467572,0.029407494714858845,0.01339475957305175,0.00122945994266817,0.00036847978322155934,100.0,0.0,63.75,2.7726341266023544,1.1,0.2549509756796392,4.35,0.5722761571129799,0
390,0.863867894427184,0.06276990258183639,0.029351624510210794,0.018176837496404724,0.0010589972405026641,0.00029659408003215474,100.0,0.0,63.45,2.81913107180209,1.05,0.2179449471770337,4.1,0.6244997998398398,0
391,0.7713773224233422,0.07504880682859272,0.0612675966076083,0.016184952265842538,0.0009527260288981225,0.000274421781920459,100.0,0.0,63.3,3.0512292604784714,1.0,0.0,4.35,0.6538348415311012,0
392,0.6371848773734345,0.08711476030626289,0.08865183015481017,0.016745026383237764,0.0009033698811285242,0.0003648545197449146,100.0,0.0,63.8,2.9933259094191524,1.1,0.3,4.1,1.1789826122551597,0
393,0.5200580604616641,0.087636308700156,0.1107029605608264,0.016589377351851415,0.0008358044518746759,0.00046373520662921206,100.0,0.0,63.8,2.5999999999999996,1.05,0.21794494717703372,4.9,1.1789826122551597,0
394,0.4621283227294472,0.09211851756441004,0.12114443854595684,0.01803741256105217,0.0008822364646622288,0.0005123926592979281,100.0,0.0,63.05,3.761316258971054,1.05,0.15,4.15,0.7262919523166976,0
395,0.46869144498329546,0.1015826587198109,0.11855042864275993,0.020281488084550908,0.0010890841597169022,0.0006636741554688177,100.0,0.0,62.85,2.5937424698685874,1.125,0.3112474899497183,4.15,0.5722761571129799,0
396,0.5443810439485588,0.10749290188444821,0.10356933829119644,0.02184940367440246,0.0010240866533483052,0.0006106362136786156,100.0,0.0,63.4,3.246536616149586,1.125,0.3112474899497183,4.35,0.6538348415311012,0
397,0.6622828293811672,0.10114573469912001,0.07858070011562956,0.023057464172149537,0.0010956852555835598,0.0006149594546518303,100.0,0.0,62.9,3.047950130825634,1.05,0.21794494717703372,4.65,0.7921489758877431,0
398,0.8035078655016707,0.07428413758399531,0.04788870888768955,0.021352179127225184,0.0009468208043008425,0.0005880250529580759,100.0,0.0,63.35,2.4550967394381837,1.05,0.21794494717703367,4.05,0.5894913061275798,0
399,0.8831786758989486,0.04772218626217234,0.027895503776447828,0.01202628740323345,0.0008692034933117749,0.0005290767663376774,100.0,0.0,62.85,2.4550967394381833,1.05,0.2179449471770337,4.4,0.8,0
400,0.8488123100241669,0.07536714485263102,0.042386284212874756,0.017318683475829322,0.0007769131000476126,0.0004926295315014293,100.0,0.0,62.55,3.0736785778607367,1.05,0.21794494717703372,4.2,0.5099019513592784,0
401,0.7111295234424059,0.10016161903287349,0.07616425313435446,0.018210117236902353,0.0007072561304913114,0.00034295883529617346,100.0,0.0,63.85,2.414021540914662,1.1,0.3,3.95,0.804673846971554,0
402,0.5621948569291421,0.09534597897335624,0.10393930390912871,0.017363460980184254,0.0007584195835291013,0.00031299130807719314,100.0,0.0,63.75,3.5899164335677787,1.1,0.3,4.15,0.9630680142129111,0
403,0.44563777500893365,0.08993728157002524,0.12553130095176232,0.018106812216702257,0.000903087346948958,0.0004419679691582508,100.0,0.0,62.85,2.5352514668174435,1.1,0.3,4.15,0.4769696007084728,0
404,0.4095148779137968,0.08269281963324684,0.13179783778133652,0.01785002576354591,0.0010499014438260167,0.0005086399015525495,100.0,0.0,63.65,2.6884010117540127,1.05,0.21794494717703372,4.2,0.6,0
405,0.44170318894795446,0.09610502173289592,0.12499654398864053,0.020720232238478794,0.0011308274079886913,0.0005342104341044359,100.0,0.0,63.4,2.8000000000000003,1.05,0.21794494717703372,4.15,0.7262919523166975,0
406,0.530955556620395,0.1104071616096077,0.10742624498200466,0.02246510028634962,0.0010876971373831143,0.00041000554046382296,100.0,0.0,62.65,4.162631379308046,1.15,0.32015621187164245,4.1,0.8888194417315588,0
407,0.6732677777360053,0.10690977110830079,0.07869735519604765,0.021476669277450487,0.0010454296405415782,0.00037154225545013364,100.0,0.0,63.95,2.8892040426387333,1.0,0.0,4.35,0.7262919523166976,0
408,0.8088452680857937,0.08051697111348795,0.047109576836747054,0.0190323056783597,0.0009899167681935736,0.00041306964218683936,100.0,0.0,63.05,3.0736785778607367,1.15,0.3570714214271425,4.25,0.4330127018922193,0
409,0.866663302358807,0.053024084215928476,0.029274364837969368,0.013409074855231903,0.0010049045499621715,0.0004648606707418705,100.0,0.0,63.25,3.031088913245535,1.075,0.23848480035423641,4.3,0.45825756949558405,0
410,0.8163901895908164,0.07348786088104045,0.04689631132354748,0.017009382823535698,0.0009722915439972602,0.000432871884899649,100.0,0.0,64.15,2.7798381247835278,1.0,0.0,4.25,0.9420721840708386,0
411,0.6879347673737972,0.09646750268798343,0.07816593695102085,0.017582501990924208,0.0009593693264996163,0.00046400292136926125,100.0,0.0,62.55,2.7290108097990378,1.15,0.3570714214271425,4.15,0.7262919523166975,0
412,0.5485514163994845,0.09259594372904625,0.10625343945011093,0.016556115357184455,0.0008404920822163186,0.0005148182580934752,100.0,0.0,62.95,3.0244834269673224,1.075,0.23848480035423641,4.2,0.8717797887081348,0
413,0.44598173049066164,0.08212516669775358,0.1252973977170648,0.016512845762880212,0.0008771087353061001,0.0006066722556618257,100.0,0.0,64.65,2.903015673398957,1.0,0.0,4.3,0.5567764362830021,0
414,0.4090433325255619,0.09018644798417419,0.13245917433538534,0.018747470104854228,0.0009354950970713403,0.0006078890641291136,100.0,0.0,63.75,2.5074887836239665,1.0,0.0,4.35,0.7262919523166975,0
415,0.43024086734881034,0.10252724980557744,0.12774947283583266,0.021266217188612182,0.0009537129862172752,0.0005567705522010089,100.0,0.0,63.85,2.286372673034735,1.05,0.21794494717703367,4.2,0.5099019513592784,0
416,0.5148480862146498,0.11529162660312427,0.11041030492356838,0.022756858761642452,0.0009749675771142571,0.00043181143600754874,100.0,0.0,63.05,3.169779172119093,1.075,0.23848480035423641,4.25,0.698212002188447,0
417,0.639058486204244,0.11240150641245235,0.08611816260130058,0.023792887169830995,0.0009017499017186518,0.0003438807046127115,100.0,0.0,65.4,2.672077843177477,1.0,0.0,4.25,0.698212002188447,0
418,0.7865055697015262,0.07853588868725289,0.05333769132762245,0.019603356856559503,0.0009523269173226835,0.0003640100601743436,100.0,0.0,62.55,3.5843409436045564,1.05,0.21794494717703372,4.3,0.8426149773176358,0
419,0.874986785526428,0.04472196618579266,0.027848342304718166,0.01589672878213132,0.0009047357469877558,0.00029487229243329346,100.0,0.0,61.8,3.043024810940588,1.2,0.4,3.95,0.5894913061275798,0
420,0.8509605919682205,0.07553294325143814,0.04131683649744502,0.017842942169099724,0.0007839748828888486,0.0002848285358227846,100.0,0.0,64.25,2.624404694402142,1.05,0.21794494717703372,4.05,0.6689544080129826,0
421,0.7315730738096334,0.10110167175828107,0.07202296030428919,0.019248202748985595,0.0007222239383600593,0.00035175406657232623,100.0,0.0,63.75,2.299456457513384,1.0,0.0,4.25,0.5361902647381804,0
422,0.5837018061222674,0.10462894727834321,0.10056236661172427,0.018695737153876856,0.0007415921086192232,0.0003739818291614681,100.0,0.0,63.9,3.7403208418530087,1.125,0.3112474899497183,3.95,0.4974937185533099,0
423,0.4689232258479997,0.08252585927620887,0.12161430381250889,0.015768023659903107,0.0008225329965998214,0.00046852161913928905,100.0,0.0,62.6,4.1521078984053394,1.2,0.4,4.15,0.9096702699330127,0
424,0.43640537090702913,0.06513351722817723,0.12738239540759913,0.013229612684275137,0.0009198744194536878,0.0004959418239151363,100.0,0.0,63.9,2.5670995305986875,1.025,0.10897247358851683,4.1,0.43588989435406733,0
425,0.4563745855555382,0.06675271523788841,0.12235121920488556,0.013154855291841423,0.001024297613933834,0.0005265955293763524,100.0,0.0,62.5,3.0413812651491097,1.1,0.3,4.65,0.9096702699330126,0
426,0.544331072394866,0.07971937651053995,0.10436847724163516,0.016476162665978466,0.0010149141582656783,0.0005959232895930123,100.0,0.0,63.0,2.569046515733026,1.05,0.15,4.1,0.7,0
427,0.669728973238263,0.069962014149944,0.07846527523403403,0.016379397224545043,0.0010717057635906949,0.0006628680302736779,100.0,0.0,63.95,3.528101472463625,1.05,0.21794494717703372,4.25,0.5361902647381804,0
428,0.8119038090009261,0.05910067147727133,0.0460404963428076,0.016159060626403862,0.0010343767552166566,0.0007530564252603697,100.0,0.0,63.6,3.023243291566195,1.05,0.21794494717703372,4.3,0.6403124237432849,0
429,0.894792698494881,0.03747255047245978,0.021744398512570595,0.009634267166081697,0.0009294304153839919,0.00047787931948478304,100.0,0.0,62.45,2.836811590500857,1.15,0.3570714214271425,4.2,0.6782329983125269,0
430,0.860342403277712,0.0665164489464026,0.03853162751016552,0.018338846557796315,0.0007490549960510818,0.0003038009341065666,100.0,0.0,63.55,2.132486811213612,1.1,0.2549509756796392,4.2,0.6782329983125268,0
431,0.7068567860019827,0.0857984873730989,0.07626664729838253,0.01681008214844773,0.0007601693746961112,0.00028986331710789356,100.0,0.0,62.55,3.169779172119093,1.125,0.3112474899497183,4.1,0.5385164807134504,0
432,0.545849996088461,0.0861656447760996,0.10640565203302384,0.015882780755051843,0.0007394504249068687,0.00030539356169942866,100.0,0.0,63.95,2.4994999499899975,1.05,0.21794494717703372,4.05,0.6689544080129826,0
433,0.4282936596454804,0.09650491359664422,0.1285644412023979,0.018469861676479644,0.0007930782550172883,0.00031211434729154903,100.0,0.0,63.4,3.6660605559646724,1.1,0.3,4.25,0.5361902647381804,0
434,0.3808195676089683,0.11337220072873881,0.13852882376389158,0.023139067009446256,0.0008967386805980049,0.0004800832625988024,100.0,0.0,63.2,3.3105890714493693,1.075,0.23848480035423641,4.15,0.6538348415311012,0
435,0.39000678527016575,0.1262601254798537,0.13669250585918652,0.025711433230855934,0.0009102986064093374,0.000551833642627443,100.0,0.0,64.0,3.40587727318528,1.05,0.21794494717703372,4.15,0.6538348415311012,0
436,0.4758013384478798,0.15649267602274808,0.11864557466083203,0.03111851830318479,0.000979038641389013,0.0005996231690115056,100.0,0.0,64.65,2.2863726730347356,1.05,0.21794494717703372,4.2,0.39999999999999997,0
437,0.6049566333181362,0.153903442828631,0.09128954829002578,0.032787050544332653,0.0009855771985866697,0.000529680321097913,100.0,0.0,62.75,3.1444395367060247,1.05,0.21794494717703372,4.3,0.7810249675906654,0
438,0.7528361103492011,0.11206866654260095,0.057933723956026494,0.028540516655424102,0.001006623258385989,0.0005337482300618712,100.0,0.0,63.1,2.826658805020514,1.0,0.0,4.55,0.6689544080129827,0
439,0.8533648174761739,0.058023055557444816,0.033772267224806876,0.01810256029260305,0.0009497051090454178,0.0004887186431907892,100.0,0.0,63.85,2.868361901852694,1.025,0.10897247358851683,4.25,0.5361902647381804,0
440,0.8588234286209531,0.08306608944691107,0.03465912837121994,0.021511928749535676,0.0008918419071998458,0.0004066129144455411,100.0,0.0,63.2,2.712931993250107,1.1,0.3,4.05,0.804673846971554,0
441,0.7624548957298811,0.10648182118907448,0.06311324445179482,0.02423682341202389,0.0008043916198715037,0.000308127347764668,100.0,0.0,63.25,2.1880356487041066,1.025,0.10897247358851683,4.55,0.6689544080129827,0
442,0.6205905699017843,0.11814123232300112,0.09318202734784878,0.02262737855189037,0.0007407852195989591,0.0002905254745421122,100.0,0.0,62.85,3.365635155509284,1.1,0.3,4.15,0.47696960070847283,0
443,0.4996032372064178,0.10157254821613937,0.11530035742092581,0.019530552865039814,0.000766926843390964,0.0004417436862370147,100.0,0.0,62.15,3.335790760824186,1.1,0.25495097567963926,4.5,1.118033988749895,0
444,0.43773441629306475,0.09128581825793175,0.12720281042500625,0.01800072591342254,0.0007529528708477203,0.00043771655643821397,100.0,0.0,65.35,2.903015673398957,1.0,0.0,4.05,0.6689544080129826,0
445,0.44491607496431573,0.09473070438055044,0.12544852651516883,0.01853064200076554,0.0008116279306941328,0.0003182836200424637,100.0,0.0,62.85,3.5815499438092444,1.05,0.15,4.3,0.8426149773176358,0
446,0.5154924752667548,0.09869420145340979,0.11155609962470692,0.01868526556938115,0.0008282121398903982,0.000294688957474196,100.0,0.0,62.95,2.9406631905065224,1.025,0.10897247358851683,4.3,0.5567764362830021,0
447,0.6429089980669007,0.0963584265480449,0.08707818458537225,0.017562395311329127,0.0008502973607628124,0.00024364181480848626,100.0,0.0,61.85,3.1348843678834477,1.125,0.3112474899497183,3.85,0.3570714214271425,0
448,0.7986543082193069,0.06951526101826563,0.05362794177572975,0.014927709558155755,0.0008470404130291947,0.0002966563746354574,100.0,0.0,64.05,3.3537292675468007,1.0,0.0,4.2,0.812403840463596,0
449,0.8931225751398472,0.042313087617398895,0.0251416988290545,0.012491563741817506,0.0007973016142875675,0.00034953584944833133,100.0,0.0,62.85,2.8508770580296865,1.1,0.3,4.25,0.82915619758885,0
450,0.8630366955049661,0.06596554317484257,0.03709255606329372,0.01769286772021466,0.000748354277077156,0.00035028575183779415,100.0,0.0,63.65,2.937260628544903,1.05,0.21794494717703372,4.2,0.812403840463596,0
451,0.7355398230596591,0.10173213694173341,0.0707330364042371,0.019310854124523914,0.0007016719801643896,0.0003642678952053997,100.0,0.0,62.55,2.923610781208744,1.025,0.10897247358851683,4.35,0.8529361054615991,0
452,0.5778364645535179,0.10895791824153445,0.10150066968085145,0.020128358696846513,0.0006692256039031885,0.00030012980049870774,100.0,0.0,62.65,3.08666486681013,1.05,0.21794494717703372,4.35,0.9630680142129111,0
453,0.4482573201092981,0.10359183058519918,0.12586811044903087,0.020530043784633623,0.0006742350519487365,0.0003401632381422827,100.0,0.0,64.05,3.201171660501823,1.05,0.21794494717703372,4.1,0.7000000000000001,0
454,0.38629667735666046,0.08673413902425461,0.13727451661880624,0.01909267961839569,0.0007694017175937535,0.00041426089786361533,100.0,0.0,63.55,2.97447474354717,1.0,0.0,3.95,0.5894913061275798,0
455,0.3904539176355636,0.08839137115096928,0.1358008679045905,0.01904655568658028,0.0008906739373530775,0.0004553750743788646,100.0,0.0,62.8,3.501428280002319,1.05,0.21794494717703372,4.4,0.9165151389911681,0
456,0.46815579375280836,0.09727359031744658,0.11968251798942346,0.01854823181374284,0.0009784619838013714,0.00045471335351255184,100.0,0.0,62.55,2.7106272336859605,1.0,0.0,4.15,0.47696960070847283,0
457,0.6082349035460444,0.09882076046497565,0.09225620945650517,0.020169161084748203,0.0009321292789523572,0.0005483996625760497,100.0,0.0,63.65,4.138538389335056,1.025,0.10897247358851683,4.35,0.7262919523166975,0
458,0.7639809570656235,0.07741092698312471,0.05890467639094419,0.018840589404529554,0.0009752749425234752,0.0005162161010033645,100.0,0.0,62.65,3.118894034750139,1.05,0.21794494717703372,4.7,0.9539392014169458,0
459,0.8707146624998978,0.058506142440248446,0.02811066819633278,0.016041216528557535,0.0009638511705194275,0.0004729075750064438,100.0,0.0,64.65,2.5743931323712004,1.0,0.0,4.25,0.82915619758885,0
460,0.8724081893793422,0.063215644630502,0.03198736253598462,0.015515028999138926,0.0008843714762714706,0.00037398422336312563,100.0,0.0,63.65,3.380458548777074,1.025,0.10897247358851683,4.2,0.7483314773547883,0
461,0.7641787116660619,0.07844539945816269,0.06312630768175602,0.01529558183186401,0.0008685796795905246,0.0004085079646395937,100.0,0.0,63.75,2.48746859276655,1.025,0.10897247358851683,4.2,0.7483314773547883,0
462,0.6182148899600692,0.07534345875298298,0.0923210784317474,0.014444807367381001,0.0008563755314479921,0.00046336141604127833,100.0,0.0,64.15,3.380458548777074,1.1,0.3,4.05,0.6689544080129826,0
463,0.5003636954726051,0.08774018675616346,0.11414858119385318,0.01613975654619328,0.0008603624372533357,0.00044575152321568,100.0,0.0,63.45,2.9064583258667245,1.1,0.3,4.05,0.6689544080129826,0
464,0.45876164083137894,0.09780897446468773,0.12125676641775526,0.018358203045620046,0.0009804420043672125,0.0003855532885985996,100.0,0.0,65.25,3.222964473896664,1.05,0.21794494717703372,3.95,0.49749371855331004,0
465,0.4740322119069044,0.10888136530340427,0.11732052827508403,0.02093197205434285,0.001094703806826611,0.0004760678217194752,100.0,0.0,65.2,2.976575213227443,1.0,0.0,4.0,1.0488088481701516,0
466,0.5496367954494448,0.11746700337528873,0.10237653549995193,0.022524389166242945,0.0010992976005548558,0.0005786832096989005,100.0,0.0,64.05,3.1220986531498327,1.075,0.23848480035423641,4.1,0.7000000000000001,0
467,0.6694837558659189,0.11061802750065879,0.0773140480990445,0.023498982121550382,0.0011153318774427784,0.0005705310848096411,100.0,0.0,63.15,3.8114957693797855,1.15,0.3570714214271425,4.15,0.7921489758877431,0
468,0.8002387228625786,0.08400459498110455,0.04682672631062828,0.02069709239884265,0.0010717569300118972,0.0005144369358752749,100.0,0.0,64.95,3.040970239906994,1.025,0.10897247358851683,4.0,0.5477225575051661,0
469,0.8677611499058363,0.0632118606715393,0.026930554927132644,0.017200476054219385,0.0010237606984132514,0.00048452042397515837,100.0,0.0,63.35,2.6509432283623124,1.05,0.2179449471770337,4.05,0.49749371855331004,0
470,0.8312219000658736,0.08409562905673877,0.04326791628830774,0.01744113406506646,0.0009970585512338193,0.0004951665800579148,100.0,0.0,62.45,2.7290108097990378,1.1,0.3,4.2,0.6,0
471,0.7108159969345765,0.09921367115390944,0.07522651465955109,0.018039477567588228,0.0008455347685471943,0.0004444115391050064,100.0,0.0,63.2,3.709447398198282,1.025,0.10897247358851683,4.45,0.9733961166965892,0
472,0.5640143776724539,0.09091952849862758,0.10429899894487087,0.016404330211074205,0.0007165409981148869,0.00041992073613097893,100.0,0.0,61.85,3.7719358425084595,1.075,0.23848480035423641,4.4,0.9695359714832658,0
473,0.4587257656972709,0.08905384226098574,0.12368312430776962,0.017017061307560987,0.0007185634261956156,0.00034631433876056064,100.0,0.0,63.55,3.2935543110748915,1.05,0.21794494717703372,4.15,0.47696960070847283,0
474,0.40747913315207296,0.08333806835977123,0.13305121229494435,0.01663809465765772,0.0007840175869603158,0.0003871698178770192,100.0,0.0,63.2,3.009983388658482,1.1,0.3,4.4,0.5830951894845301,0
475,0.42530390177978034,0.08504896009146586,0.12854200992575882,0.017259623596116505,0.0009168389273007431,0.0005411687954575914,100.0,0.0,63.8,3.443835071544512,1.0,0.0,4.35,0.7921489758877431,0
476,0.4994261622648903,0.08989185402926671,0.11371295147675534,0.017194371227593253,0.0009175381267862815,0.0004142439919598163,100.0,0.0,64.5,3.263433774416144,1.025,0.10897247358851683,4.1,0.7681145747868608,0
477,0.6260054551654117,0.09002624992526238,0.08940095003914159,0.017236591894395907,0.0009043004385651474,0.0003926898090585311,100.0,0.0,63.25,3.207413287993925,1.05,0.21794494717703372,4.4,0.5830951894845301,0
478,0.7811697196907981,0.07384466677698999,0.05700636859423219,0.016135321714930546,0.0008752422306765159,0.00041272454291931075,100.0,0.0,63.9,2.7367864366808017,1.0,0.0,4.2,0.6,0
479,0.8902200558352245,0.040460053557238515,0.02792380393018708,0.014577790362981902,0.0007336845422585196,0.0003230053352477294,100.0,0.0,63.55,2.7834331319433563,1.05,0.21794494717703372,4.45,0.8046738469715541,0
480,0.8788424684980123,0.04936785163722021,0.03312720540578437,0.017866427454879343,0.0006894299793892207,0.0002755915252349116,100.0,0.0,63.65,3.134884367883447,1.0,0.0,4.3,0.5567764362830022,0
481,0.7504614677014894,0.08225810631943999,0.06780968607423256,0.017394516174011533,0.000666465034467153,0.00022078385398292488,100.0,0.0,62.55,3.6534230524263136,1.15,0.3570714214271425,4.3,0.7810249675906654,0
482,0.5968300237795341,0.09166773019180957,0.0978712973746306,0.016214945908462883,0.0006812415977117742,0.0003492732062537367,100.0,0.0,63.2,2.803569153775237,1.025,0.10897247358851683,4.1,0.5385164807134504,0
483,0.48774894577402944,0.09842268206591191,0.11800738571039562,0.018190813014169457,0.0007347097344740695,0.0005048431516642189,100.0,0.0,63.9,3.2848135411313684,1.0,0.0,4.15,0.7921489758877431,0
484,0.4385972148673297,0.11957855367330288,0.12764987469683853,0.022479085775466975,0.0007245707068732996,0.0004411969969920063,100.0,0.0,64.5,2.539685019840059,1.0,0.0,4.2,0.6782329983125269,0
485,0.4497799433006494,0.12605826730517738,0.12528050076559474,0.02376269098097585,0.0008175318526706073,0.0005071794093682398,100.0,0.0,63.35,3.4245437652335533,1.1,0.2549509756796392,4.1,0.8888194417315588,0
486,0.5281120202435587,0.1375967532775199,0.10998914843796934,0.025534525799659466,0.0008024653727071139,0.0005026890649026548,100.0,0.0,63.55,2.5782746168707473,1.05,0.21794494717703367,4.25,0.5361902647381804,0
487,0.6601047077049833,0.12672209185651445,0.08314417617102444,0.024804695293198495,0.0008749563120659803,0.0005214702826615131,100.0,0.0,63.55,3.694252292413175,1.1,0.3,4.15,0.5722761571129799,0
488,0.8035681957739016,0.09172098028801708,0.05056500070112491,0.023665429250178043,0.0008526755216781633,0.0004788293496750343,100.0,0.0,62.4,3.786819245752298,1.05,0.15,4.45,1.2031209415515964,0
489,0.8767401208893103,0.0516311747721589,0.02926415034206778,0.013778015675772835,0.0008804731927742279,0.00043095183862959383,100.0,0.0,63.35,3.623189202898463,1.05,0.15,4.45,1.023474474522936,0
490,0.8420778381582272,0.0976151957311068,0.0392680918576178,0.02244736593729925,0.0008889230888055502,0.00047607272585986355,100.0,0.0,62.6,3.0397368307141326,1.075,0.23848480035423641,4.05,0.6689544080129826,0
491,0.7237815882452951,0.10693176800270163,0.07102926445702298,0.02031641265335661,0.0009013635492479651,0.0006313657698810688,100.0,0.0,63.65,3.1666228067138023,1.0,0.0,4.25,0.6224949798994366,0
492,0.5800682624229089,0.10565837157474713,0.10026834876781995,0.020129532385710157,0.0008617850263995615,0.000505477782234689,100.0,0.0,64.3,2.5317977802344327,1.0,0.0,4.2,0.6,0
493,0.4758552667821965,0.11035288587920211,0.1197613545988121,0.020231078132580134,0.0008356901094105126,0.0004181475547446342,100.0,0.0,63.8,2.712931993250107,1.05,0.21794494717703372,4.15,0.7262919523166975,0
494,0.4262221538867263,0.10769861392015262,0.1287623671632038,0.020096372562375595,0.0008973808641976504,0.0005091438964512602,100.0,0.0,64.0,2.5298221281347035,1.05,0.21794494717703367,4.25,1.0428326807307104,0
495,0.4360486705837297,0.10664709973892812,0.12641999365080087,0.01984519949829887,0.0009036209521102546,0.0005465324910939102,100.0,0.0,64.15,2.2197972880423116,1.0,0.0,4.3,0.7810249675906654,0
496,0.5094708736801826,0.1129973823683359,0.11233702997060457,0.021069885340370686,0.0008530851446397747,0.0004429878300690612,100.0,0.0,63.45,2.871846096154876,1.1,0.3,4.05,0.6689544080129826,0
497,0.6345358507426941,0.10685211901450653,0.08744004245776613,0.020392805166579556,0.0009145580285057226,0.00039387796577653974,100.0,0.0,64.3,2.3259406699226015,1.0,0.0,4.3,0.7810249675906654,0
498,0.7865040873687981,0.08409102237068795,0.05464986909061561,0.01896386102066505,0.0008977299740285388,0.0004267574488820919,100.0,0.0,63.05,2.9744747435471695,1.1,0.3,4.5,1.02469507659596,0
499,0.8785757435617898,0.045295537806925655,0.026959554402971552,0.012073169903801298,0.0009307196684093175,0.00043799435028674246,100.0,0.0,62.5,3.2326459750489227,1.1,0.3,4.3,0.6403124237432849,0
500,0.8499926257664574,0.07373202800050585,0.03773304278712434,0.019334934606104325,0.0008804559847410706,0.0004206877917334137,100.0,0.0,63.5,3.640054944640259,1.075,0.23848480035423641,4.2,0.7483314773547883,0
501,0.7301610777109829,0.1105941294499378,0.07050174419505177,0.021118158367306874,0.0008238407152769718,0.00046419095112420133,100.0,0.0,63.6,3.7202150475476548,1.15,0.3570714214271425,4.2,0.8124038404635961,0
502,0.5729498422277185,0.12425634044968023,0.10216310577309802,0.022553073309003607,0.0007693855704712079,0.0004357496632877294,100.0,0.0,63.55,2.836811590500857,1.075,0.23848480035423641,4.0,0.7071067811865476,0
503,0.46057635032659616,0.11787668029907503,0.1235001494812411,0.022877707990281795,0.0007184381103531312,0.0004151668746202813,100.0,0.0,62.3,2.282542442102666,1.1,0.3,4.25,0.8874119674649424,0
504,0.40808020239841214,0.09815469900199172,0.13325555268839345,0.020381051097964724,0.0008462310381817101,0.0006536449590018718,100.0,0.0,63.35,3.5954832776693593,1.1,0.3,4.2,0.8124038404635961,0
505,0.4220128157478099,0.1017009600166866,0.1299512904375601,0.021571170153933703,0.0009154612983463351,0.0006053783325437461,100.0,0.0,63.75,3.329789783154486,1.1,0.3,4.15,0.5722761571129799,0
506,0.5092787520772248,0.1081076600675441,0.11176176496605734,0.02176936992125689,0.000995253048665842,0.0005832884720181941,100.0,0.0,63.8,2.9257477676655586,1.05,0.2179449471770337,4.35,0.5722761571129799,0
507,0.6427309944707805,0.10306606607114982,0.08539238403517108,0.022363126806055903,0.0009460927264362328,0.0004291954294848018,100.0,0.0,63.6,3.120897306865447,1.1,0.3,4.35,1.1079259903080168,0
508,0.7832392388300576,0.079499543946621,0.05504398219264091,0.020592657755391944,0.0009030509928799407,0.00036396259052390924,100.0,0.0,63.1,2.5670995305986875,1.075,0.23848480035423641,4.4,0.7348469228349535,0
509,0.8758964281427678,0.07228172872572451,0.02780968474857472,0.017585290241339598,0.0008963534746734087,0.00040090740273741925,100.0,0.0,63.75,3.672533185690771,1.1,0.3,4.1,0.8888194417315588,0
510,0.858498962076488,0.09591197538099934,0.03601017731787568,0.022071042672757304,0.0008214639830040839,0.0003999125275580305,100.0,0.0,62.45,2.9744747435471703,1.125,0.3112474899497183,4.25,0.6224949798994366,0
511,0.7309122436738223,0.10317419599539614,0.07042912521969427,0.020607191298385015,0.000824408659065696,0.00045137014270761253,100.0,0.0,63.45,3.456515586540874,1.05,0.15,4.2,0.6782329983125269,0
512,0.5877603442988844,0.0853642314481981,0.09820783945475066,0.016466202604889815,0.0008985173316568594,0.000575707582403602,100.0,0.0,62.0,3.449637662132068,1.1,0.3,4.5,0.8660254037844386,0
513,0.48629133470283736,0.07814508587337803,0.11652461670439455,0.017429127742576364,0.0009577887366604667,0.000625413996012576,100.0,0.0,63.75,1.9461500456028564,1.0,0.0,4.45,0.7399324293474372,0
514,0.44333878433166773,0.09450701977705564,0.12476107527178495,0.02089946969106233,0.0010514457098605647,0.0005959595895818839,100.0,0.0,63.4,3.9924929555354263,1.05,0.21794494717703372,4.15,0.653834841531101,0
515,0.4756993366421316,0.13016682197668072,0.11817043334222488,0.027133144762410872,0.0010512407514093865,0.0004226794167908713,100.0,0.0,64.2,3.6276714294434105,1.1,0.3,4.3,0.6403124237432849,0
516,0.5562080715035582,0.12975927804484388,0.10178403991012783,0.026667509031092926,0.0010234111559989034,0.0004636745520889664,100.0,0.0,63.65,4.138538389335056,1.15,0.3570714214271425,4.15,0.7262919523166976,0
517,0.6733843110161742,0.11588212670894833,0.078324100435868,0.02458964727395086,0.0009659136688278068,0.0003917491500710085,100.0,0.0,62.25,2.913331426391443,1.1,0.3,4.7,1.1,0
518,0.8011092697900126,0.07830805927133458,0.05072432486693033,0.01889484399970752,0.000905217144474484,0.0003442775897051989,100.0,0.0,62.9,3.2388269481403293,1.1,0.3,4.25,0.698212002188447,0
519,0.8684225843226386,0.06409728212970621,0.028932228225326824,0.01802966985225396,0.0009387737038695941,0.00038027502555019923,100.0,0.0,62.85,3.8506492958980307,1.05,0.21794494717703372,4.35,0.8529361054615991,0
520,0.8258524364158767,0.11101426827111878,0.044298374071743064,0.02637133940802156,0.0008462790624906371,0.0003424738567219429,100.0,0.0,63.05,2.7834331319433563,1.075,0.23848480035423641,4.25,0.7664854858377946,0
521,0.6934121027110729,0.12373228707959996,0.07801324148843075,0.02428394494987714,0.0008203626602220846,0.0004224007717263551,100.0,0.0,63.25,3.897114317029974,1.025,0.10897247358851683,4.25,0.8874119674649424,0
522,0.5477778641101969,0.11096238243226231,0.10661244883581993,0.02107394270685745,0.0007733838814459583,0.0003375042885606449,100.0,0.0,63.5,2.8722813232690143,1.0,0.0,4.35,0.7262919523166976,0
523,0.437749104625318,0.10026971869636797,0.12683646725280256,0.020424022873391602,0.0008715586408878937,0.0004013883090335124,100.0,0.0,63.6,3.1368774282716245,1.075,0.23848480035423641,4.05,0.6689544080129826,0
524,0.3894868178557467,0.09715318401487263,0.1365897265128415,0.021087100964639807,0.0008607006241182675,0.0006068213709203002,100.0,0.0,62.2,2.5806975801127883,1.15,0.3570714214271425,4.2,0.8124038404635961,0
525,0.404068639293909,0.10603692709445625,0.13294078524176695,0.02253563636005857,0.0009017511151873301,0.0004153541661862288,100.0,0.0,62.15,2.515452245621053,1.175,0.36314597615834876,4.2,0.5099019513592784,0
526,0.4771315151491627,0.11230930125686694,0.11773887673520775,0.022672864140301868,0.0009222632339008429,0.00043500277749767934,100.0,0.0,63.45,3.0409702399069944,1.1,0.3,4.5,0.7416198487095663,0
527,0.6082304056301766,0.11552368683266509,0.09275765531313926,0.02280344332690284,0.0008460246136603974,0.00039914483631574055,100.0,0.0,64.15,2.7617928959282954,1.025,0.10897247358851683,4.25,0.82915619758885,0
528,0.7683189218659802,0.0859084882411685,0.06048709939886824,0.019148292118395634,0.0007967157481310833,0.0003753395578251258,100.0,0.0,63.4,2.6343879744638983,1.05,0.21794494717703367,4.15,0.7262919523166976,0
529,0.8825802839983601,0.053942562983942975,0.027943294384613883,0.017680813133703236,0.0007758262783311185,0.00031745591256594324,100.0,0.0,63.9,3.031501278244824,1.0,0.0,4.0,0.5477225575051661,0
530,0.8694779568111972,0.08516843368702816,0.0330926728415242,0.02171894908813611,0.0007677913429297255,0.00027384756840366975,100.0,0.0,63.35,3.5110539728121526,1.1,0.3,4.15,0.5722761571129799,0
531,0.7455265579864654,0.11710396947563835,0.06779558465262346,0.023572628961426645,0.000732386784366949,0.00035190330226861756,100.0,0.0,63.25,3.6314597615834874,1.05,0.21794494717703367,4.85,1.107925990308017,0
532,0.598204268101391,0.11836255481905339,0.0973471990782855,0.021869955861554876,0.0007571709322538461,0.0003638742709855875,100.0,0.0,63.3,2.5903667693977237,1.075,0.23848480035423641,3.95,0.6689544080129826,0
533,0.478242763289429,0.11017661292009705,0.11956491880191737,0.02149520809423616,0.000749002933417248,0.0003720087346021108,100.0,0.0,63.6,2.90516780926679,1.1,0.3,4.1,0.6244997998398398,0
534,0.42175057784943537,0.10864933272990464,0.13019735477803107,0.02198358552774071,0.0008047276415734628,0.0004446346364598548,100.0,0.0,63.25,2.843853020111975,1.075,0.23848480035423641,4.2,0.6782329983125268,0
535,0.4332645491675958,0.11488317196933043,0.12741817772146655,0.022348421959553433,0.0008318017257055808,0.00043865905376321793,100.0,0.0,61.7,2.9512709126747416,1.1,0.3,4.05,0.5894913061275798,0
536,0.49724634144931545,0.10363923273509648,0.11479995846099156,0.01944933996996204,0.0008374606732953382,0.0003480910599235167,100.0,0.0,63.25,2.7179955849853767,1.075,0.23848480035423641,4.05,0.5894913061275798,0
537,0.6273375897068213,0.09352079993445686,0.08944088551507919,0.016948311460971772,0.0009249211745806085,0.00035138081688608106,100.0,0.0,63.15,2.779838124783528,1.075,0.23848480035423641,4.0,0.7745966692414834,0
538,0.7917796480676863,0.06671692369291926,0.05507309717808408,0.014172166608463864,0.0008743680461438547,0.0003859174102027515,100.0,0.0,63.8,2.6381811916545836,1.05,0.21794494717703372,4.0,0.7071067811865476,0
539,0.891796346194368,0.03958290784065734,0.026846973912113676,0.010975564334563067,0.0007854777482644473,0.000382066062117679,100.0,0.0,62.6,3.0066592756745814,1.175,0.36314597615834876,4.5,0.806225774829855,0
540,0.8743746085302051,0.059581713582852365,0.03370508480524018,0.017527059419644515,0.000733755796550735,0.0003764857681934428,100.0,0.0,63.2,3.9319206502675,1.125,0.3112474899497183,4.25,0.698212002188447,0
541,0.7419670775717624,0.08331339501671807,0.06963726385703291,0.016604473143445715,0.0007062660748995273,0.00034506425504282205,100.0,0.0,65.15,3.4245437652335533,1.05,0.21794494717703372,4.2,0.6782329983125269,0
542,0.5836505581578932,0.0915949754394112,0.09972403701899331,0.016868624222141075,0.0007551408225479005,0.0003713070260578545,100.0,0.0,64.05,2.8718460961548757,1.05,0.21794494717703372,4.4,0.8,0
543,0.4623380105343927,0.09720221567957786,0.12262953569567099,0.018560693452657612,0.000700573858452116,0.00028102052982945563,100.0,0.0,63.65,3.1666228067138023,1.0,0.0,4.3,0.714142842854285,0
544,0.409145700424334,0.09367428924982486,0.13234290608177438,0.018850336276251663,0.0007477289405873191,0.0003823097834690386,100.0,0.0,63.65,2.3081377775167584,1.0,0.0,4.3,0.6403124237432849,0
545,0.4150423304271258,0.09800666685443503,0.13068095643808866,0.019518327005968682,0.0008439481835402351,0.0004968087885371454,100.0,0.0,63.5,3.122498999199199,1.05,0.21794494717703372,4.2,0.6782329983125269,0
546,0.4879782461064834,0.10850223967342565,0.11532447659085036,0.022236068536919378,0.0009794882025614625,0.0006900486860484398,100.0,0.0,63.35,2.920188350089768,1.075,0.23848480035423641,4.25,0.82915619758885,0
547,0.6163810914520849,0.10525376072349157,0.08856202177356273,0.02321121110549657,0.0010940340937402068,0.0007331371476227889,100.0,0.0,63.75,3.672533185690771,1.025,0.10897247358851683,4.35,0.5722761571129799,0
548,0.7707505461505129,0.0836348045843408,0.055022126033585736,0.020926451721007013,0.001066954069524443,0.0007326041974139121,100.0,0.0,64.25,2.5074887836239665,1.025,0.10897247358851683,4.1,0.7681145747868608,0
549,0.8735229370278119,0.06314539996916566,0.027706430864531794,0.014138706817684291,0.0009908005531695842,0.0005873702080711919,100.0,0.0,63.45,2.635811070619441,1.025,0.10897247358851683,4.1,0.5385164807134504,0
550,0.8718369695524537,0.056137378055365714,0.03213211935699697,0.014602938673087625,0.0009167105649981123,0.00047309052317278505,100.0,0.0,63.45,3.694252292413175,1.125,0.3112474899497183,4.05,0.804673846971554,0
551,0.7663408784151405,0.06672053577146508,0.06287499201399391,0.01620638053983011,0.0008327511775282558,0.0003213596276828574,100.0,0.0,64.4,3.307567081708245,1.05,0.21794494717703372,4.15,0.9096702699330127,0
552,0.6091158005310648,0.08271974075695412,0.09434939730199096,0.015924908302078194,0.0007995370810837951,0.0003169199214962806,100.0,0.0,63.05,2.71062723368596,1.0,0.0,4.35,0.5722761571129799,0
553,0.48807096391600685,0.09196284209605798,0.11699510449524511,0.017679124539154895,0.0008157604178409937,0.0003375146897766827,100.0,0.0,63.0,3.8078865529319543,1.1,0.3,4.15,0.5722761571129799,0
554,0.4413567701353086,0.09240377131189514,0.1257301985921266,0.018267298776884735,0.000930619561489368,0.00032256528932569136,100.0,0.0,63.75,2.7179955849853767,1.0,0.0,4.3,0.714142842854285,0
555,0.4675564102631308,0.08912135447727342,0.12021203902825939,0.017878122234153873,0.0010292519077534249,0.0004552158338915657,100.0,0.0,62.9,2.487971060924946,1.075,0.23848480035423641,4.1,0.43588989435406733,0
556,0.560634249310043,0.0961157963310164,0.10157110289397238,0.018843252394557797,0.0010342552264531858,0.0005441608249312701,100.0,0.0,63.7,3.4799425282610637,1.0,0.0,3.9,0.6244997998398398,0
557,0.697629634236093,0.08357158646948876,0.07428599970598422,0.0179254630578799,0.0009986106333856899,0.0005256047235897919,100.0,0.0,63.0,3.082207001484488,1.075,0.23848480035423641,4.15,0.47696960070847283,0
558,0.8313413200021478,0.05444604477225885,0.04164820025148954,0.016227678438467952,0.0009720020321101039,0.0005207638108394593,100.0,0.0,63.85,3.6915443922564446,1.05,0.21794494717703372,4.35,0.792148975887743,0
559,0.894679785670052,0.031316637861122404,0.01990467511575985,0.011138389610526602,0.000917789836164012,0.0004305574111416839,100.0,0.0,62.85,3.4680686267719674,1.2,0.3674234614174767,4.0,0.6324555320336759,0
560,0.8284264812044038,0.06676615760213193,0.04398969968748057,0.01698125663983267,0.000963360432439802,0.0003962213235623137,100.0,0.0,62.95,3.2935543110748906,1.1,0.3,4.25,0.698212002188447,0
561,0.693858369259329,0.0908388735116406,0.07676812659275781,0.017374442058716712,0.0009441365170004569,0.00043094442410642516,100.0,0.0,63.2,2.4617067250182343,1.0,0.0,4.6,0.5830951894845301,0
562,0.5549314570928314,0.0897482225796414,0.10464594703331662,0.016125271499244986,0.0008927098564538796,0.0004116618429786792,100.0,0.0,64.7,3.8223029707232783,1.0,0.0,4.1,0.7681145747868608,0
563,0.4447556878044849,0.09364945154611583,0.1251703012921,0.018255837177746117,0.0009165157424344596,0.0005346462537157547,100.0,0.0,63.25,3.1760824926314495,1.05,0.21794494717703372,4.15,0.7921489758877431,0
564,0.3916571476542422,0.09650453715980206,0.13531202871343168,0.02060464170536391,0.0010007980402310071,0.0005384921833369679,100.0,0.0,63.15,2.104162541250081,1.05,0.2179449471770337,4.2,0.5099019513592784,0
565,0.3956394324164318,0.1015755465642088,0.1339761772336102,0.021860489828219396,0.0010578359358297056,0.0006057602416947938,100.0,0.0,63.7,2.9171904291629644,1.1,0.3,4.3,0.8426149773176358,0
566,0.46788713369158214,0.11539704797222966,0.11875978757516648,0.023101302489296045,0.0010709237725058706,0.0006259325291855416,100.0,0.0,63.1,3.3600595232822887,1.1,0.3,4.4,0.7999999999999999,0
567,0.5919642801176136,0.12100434867444244,0.0935123222186404,0.023622174055955115,0.0011215506437208956,0.0006227649768635033,100.0,0.0,63.45,3.470950878361721,1.2,0.4,4.25,0.9420721840708386,0
568,0.7469351287620377,0.09983531230688734,0.060853837207072305,0.021431462353188335,0.0010762230485810574,0.0005914970103943946,100.0,0.0,62.5,2.202271554554524,1.0,0.0,4.4,0.8602325267042626,0
569,0.8632665916150856,0.06794446857441568,0.030955082986646558,0.017083588590606217,0.0009690066719107822,0.0004580514913393658,100.0,0.0,62.3,2.685144316419511,1.15,0.3570714214271425,4.15,0.7262919523166975,0
570,0.8794364028357273,0.05916064108768142,0.030021353468793234,0.014734012587584049,0.0008932344476993169,0.0004643771416420527,100.0,0.0,64.05,2.67348087705897,1.0,0.0,4.0,0.6324555320336759,0
571,0.7761579470987063,0.07963133650583823,0.059500841812040094,0.018750841062850285,0.0008393653151730183,0.00042410490103136754,100.0,0.0,63.35,2.937260628544903,1.05,0.21794494717703372,4.35,0.6538348415311012,0
572,0.622371385269768,0.08480982689201576,0.09144677241743579,0.016919939885843643,0.0008481098012244519,0.00043347281297697005,100.0,0.0,63.65,2.7617928959282954,1.05,0.21794494717703372,4.35,0.7262919523166975,0
573,0.5074488150176404,0.08749419754132998,0.11284257621123314,0.017655668092190272,0.0009155744171265585,0.0004767676786981555,100.0,0.0,63.85,3.66435533211505,1.1,0.3,4.1,0.8306623862918076,0
574,0.456555434595865,0.10060841459167372,0.12219208721346839,0.02025962444267301,0.0009557489812924592,0.00047209082793907726,100.0,0.0,63.7,3.579106033634656,1.05,0.21794494717703372,4.45,0.8645808232895291,0
575,0.46590269336894163,0.11691357834234302,0.12020552673682765,0.02362120319409268,0.0009932258549426062,0.00047259245694085243,100.0,0.0,63.2,2.694438717061496,1.05,0.21794494717703372,4.25,0.8874119674649424,0
576,0.5533507180214077,0.13273315339762726,0.10212685483940523,0.026876871972772644,0.0010227048636158708,0.0005599855782589507,100.0,0.0,63.45,3.866199684444661,1.1,0.3,4.15,0.6538348415311012,0
577,0.6715500552483562,0.12623318866791525,0.07643419238368201,0.02900258586881624,0.0010669612759402942,0.0006491387814956867,100.0,0.0,62.6,1.8547236990991405,1.0,0.0,4.05,0.5894913061275798,0
578,0.8037658666275913,0.08820629492485907,0.04423161045929677,0.025699856608612834,0.001033826769605997,0.000513649696907576,100.0,0.0,62.5,2.819574435974337,1.1,0.3,4.4,0.9165151389911681,0
579,0.8742882229671582,0.05268662963205177,0.027202125761564992,0.014459107530126062,0.0009650213747575258,0.0004995146201791482,100.0,0.0,64.2,2.959729717389748,1.0,0.0,3.9,0.6244997998398398,0
580,0.8405470288666675,0.07124812394837741,0.042217398807611745,0.017071691988660116,0.0009107828761229694,0.0004451059234513969,100.0,0.0,63.1,3.4336569426778794,1.05,0.21794494717703367,4.2,0.5099019513592784,0
581,0.7217322060324499,0.10080429673347702,0.07241642869712914,0.019607028864866517,0.0008301153499400974,0.0003193729799322827,100.0,0.0,63.35,2.2643983748448506,1.05,0.2179449471770337,4.1,0.7,0
582,0.5734818827947519,0.10716409877170222,0.10174019521063937,0.02000857449418022,0.0007929302020872997,0.00033283972687984855,100.0,0.0,62.9,2.662705391138869,1.1,0.3,4.3,0.714142842854285,0
583,0.46516596228892804,0.09895558556252074,0.12203815681393752,0.01954792068169025,0.0008033343758041463,0.00038180066422694234,100.0,0.0,63.3,2.590366769397724,1.0,0.0,4.1,0.7000000000000001,0
584,0.42125050662902686,0.0913532655062692,0.12982591556855844,0.018409799236597617,0.0008916964643939298,0.0005223666565590505,100.0,0.0,63.0,2.0,1.05,0.15,4.3,0.5567764362830021,0
585,0.4351720928280448,0.1007699960634052,0.1263536807377746,0.019716649863136614,0.0009558513695285046,0.0005680498119791414,100.0,0.0,63.55,3.0899029110960754,1.075,0.23848480035423641,4.0,0.6324555320336759,0
586,0.5055911621703468,0.11789634978542038,0.1120766746614241,0.0229960942101929,0.0009741003954186766,0.0005528795274755407,100.0,0.0,64.0,3.286335345030997,1.0,0.0,3.95,0.5894913061275798,0
587,0.6287909984070883,0.10921519380932702,0.08771178909155905,0.02168618457908285,0.0009671376820012149,0.0005548963833904677,100.0,0.0,62.85,3.1188940347501393,1.075,0.23848480035423641,4.3,0.6403124237432849,0
588,0.7756491984933782,0.07688598686230642,0.05550955049839693,0.020661557899960752,0.0009479597976681856,0.0005294903090557285,100.0,0.0,63.5,2.7477263328068173,1.0,0.0,4.15,0.852936105461599,0
589,0.885883456922064,0.03939629661539997,0.025530019464246646,0.012986027925542255,0.0008725528404312444,0.0004445225184231958,100.0,0.0,63.25,3.6588932752951404,1.025,0.10897247358851683,4.25,0.9420721840708386,0
590,0.8765600323274161,0.05828567992258472,0.03280010380697819,0.01594292561260468,0.0007941205371777355,0.0003395763885612499,100.0,0.0,62.55,2.765411361804967,1.075,0.23848480035423641,4.35,0.653834841531101,0
591,0.7567192312552367,0.07976905377134756,0.06614426386123247,0.01531340528634936,0.0007644516808899706,0.0003155365469146694,100.0,0.0,62.65,2.688401011754013,1.175,0.36314597615834876,4.0,0.6324555320336759,0
592,0.6016102673451449,0.07335572404012793,0.09716406970274288,0.013339351608230585,0.000681248080989051,0.00035260675158039486,100.0,0.0,62.1,3.9862262855989496,1.2,0.4,4.15,0.5722761571129799,0
593,0.48292980675618996,0.06362839016555702,0.1189049299840246,0.01241199928735535,0.0006722980386264112,0.0004076364986332009,100.0,0.0,62.25,3.6038174204584785,1.25,0.4330127018922193,4.3,0.5567764362830021,0
594,0.42459549401487173,0.07117242427404788,0.12955935513821476,0.013797586005471466,0.0006514970504164317,0.0003557476690118555,100.0,0.0,63.15,1.930673457630782,1.0,0.0,4.4,0.6633249580710799,0
595,0.4249046934553934,0.0910004353048296,0.12959757007985662,0.01779691633499468,0.0006350752540349796,0.0003033934153188925,100.0,0.0,62.85,2.351063589101749,1.05,0.21794494717703372,4.5,0.6708203932499369,0
596,0.4997397330445711,0.09993707989401626,0.11507908624173842,0.018645513933412922,0.0006909789124891281,0.00025734166348354714,100.0,0.0,64.25,2.5470571253900056,1.0,0.0,4.2,0.6,0
597,0.6257308312416863,0.09071388645701237,0.09017591684229741,0.01772688254576029,0.0008155071092660448,0.00026513562523419005,100.0,0.0,62.65,3.2752862470324633,1.1,0.3,4.25,0.698212002188447,0
598,0.782559837227816,0.07326424934785676,0.057051514338470014,0.0184566771228867,0.0007997874649402128,0.0002630977009794221,100.0,0.0,63.35,3.118894034750139,1.075,0.23848480035423641,4.35,0.9096702699330126,0
599,0.8840170851830264,0.03168296873045343,0.02692794219217442,0.013414352056729138,0.0008300895096465701,0.00028998520876534153,100.0,0.0,64.45,3.0409702399069944,1.075,0.23848480035423641,4.1,0.7000000000000001,0
600,0.8688701770623812,0.060600350240916666,0.034045427664590976,0.01760605772435041,0.0007970711377231918,0.0002580830273703195,100.0,0.0,63.45,2.4387496796514396,1.025,0.10897247358851683,4.05,0.6689544080129826,0
601,0.7579999918435709,0.09717315700268749,0.06642571929038164,0.01875737565688294,0.0007084477266685845,0.0002637698265443537,100.0,0.0,63.25,3.2384409829422554,1.05,0.21794494717703372,4.55,0.9205976319760985,0
602,0.6040121886885655,0.09825067678374694,0.0972010974033433,0.01726824940712831,0.0007049743166350965,0.0003276812817219106,100.0,0.0,62.6,3.4263683398023628,1.175,0.36314597615834876,4.35,0.7921489758877431,0
603,0.4857303281381678,0.08481628372192193,0.118296214856716,0.016160870894802094,0.000744521902752557,0.0002917735361364511,100.0,0.0,64.7,3.4510867853474796,1.1,0.3,3.85,0.47696960070847283,0
604,0.43307006725063546,0.07721782112991578,0.12777166542379478,0.015728828745454636,0.0007934484888957791,0.0003734068095498131,100.0,0.0,63.1,3.845776904605882,1.05,0.21794494717703372,4.25,0.698212002188447,0
605,0.4492621595348905,0.08910417325878728,0.12394749832229908,0.01749510198371072,0.0008825233861595932,0.0004921159469803531,100.0,0.0,64.35,2.725344014982329,1.0,0.0,4.0,0.6324555320336759,0
606,0.5209508839643683,0.1073175088146755,0.10966635593589405,0.02125613569657828,0.0009038382869829924,0.0004934343714625112,100.0,0.0,64.1,2.364318083507378,1.0,0.0,4.2,0.5099019513592784,0
607,0.6522835414099379,0.10014527059535908,0.08371563268170339,0.022449863665636303,0.0008794515603204569,0.00043437838926965787,100.0,0.0,64.45,1.9868316486305526,1.0,0.0,4.05,0.5894913061275798,0
608,0.7959268374478425,0.0662507717977,0.0524413650863618,0.019049524107143445,0.0008752020322120774,0.00037405031657463376,100.0,0.0,62.95,3.1697791721190924,1.175,0.36314597615834876,4.15,0.4769696007084728,0
609,0.8907351544676168,0.04551938016909993,0.026783507474415942,0.013255764940344765,0.000780680634566493,0.0003869232941987767,100.0,0.0,64.65,3.395217224272992,1.05,0.21794494717703372,4.4,1.1575836902790224,0
610,0.8690175824697521,0.08061656723671082,0.03564132528238252,0.01946181470671872,0.0007533652178474866,0.00038717045193509096,100.0,0.0,62.8,3.171750305430741,1.125,0.3112474899497183,4.25,0.5361902647381804,0
611,0.7469728649849892,0.08123794579423474,0.06869424891990396,0.015340578533512556,0.0007740394063566722,0.0005251361458210659,100.0,0.0,63.1,3.40440890610984,1.1,0.3,4.4,0.7348469228349535,0
612,0.5965552955537807,0.05471123792634157,0.09713568941669086,0.01118627123444425,0.0008216964282471142,0.00043858420510167734,100.0,0.0,63.1,2.964793416074719,1.05,0.21794494717703372,4.4,0.9165151389911679,0
613,0.4872841375978171,0.05980713824547529,0.11718033961951328,0.01189950662339311,0.0008201119452851373,0.000333474183782281,100.0,0.0,64.2,3.009983388658482,1.0,0.0,4.25,0.8874119674649424,0
614,0.43898651583837917,0.0653097128205766,0.12613177128589076,0.012717406754161484,0.0009090626492056512,0.0003603229881577487,100.0,0.0,63.05,3.0736785778607363,1.1,0.3,3.9,0.43588989435406733,0
615,0.4559831894736505,0.07940578312181126,0.12254982387298466,0.015524594359004044,0.000957412796609171,0.00038853360086575937,100.0,0.0,63.35,2.885740806101615,1.0,0.0,4.35,0.7921489758877431,0
616,0.5357482795546391,0.08435824626374709,0.1066840352436504,0.015244758524883528,0.0010016151559984012,0.0005049495973831614,100.0,0.0,63.5,3.8535697735995385,1.05,0.21794494717703372,4.4,0.5830951894845301,0
617,0.6705328127095435,0.08339757464498179,0.080272197129377,0.01605081664281464,0.0009856009709477683,0.000493199125285662,100.0,0.0,63.1,3.080584360149872,1.05,0.21794494717703367,4.5,0.7416198487095663,0
618,0.8139902489406188,0.0704553617364459,0.048333268633806596,0.014480748839253087,0.000915424828324537,0.0004887533297988918,100.0,0.0,63.25,3.884263121880391,1.125,0.3112474899497183,4.35,0.7262919523166976,0
619,0.8889551569490847,0.047614359437864934,0.02319747502417901,0.013990050218199601,0.0008859509815416456,0.000383606338880593,100.0,0.0,63.45,2.5975950415721076,1.05,0.21794494717703372,4.25,0.6224949798994366,0
620,0.8483959062441218,0.051078984562488154,0.0402471048161838,0.013913897318533248,0.000917820978600957,0.00036812551448894625,100.0,0.0,63.05,2.8368115905008566,1.0,0.0,4.1,0.5385164807134504,0
621,0.7215966024220541,0.06963452951985757,0.07325784205236563,0.015061698002570047,0.0008239439771035173,0.00028442791321483206,100.0,0.0,63.45,2.5391927851189244,1.05,0.21794494717703372,4.2,0.5099019513592784,0
622,0.578982531639412,0.0768650823285538,0.10134680700120398,0.01378182414836542,0.0007485812055719931,0.0002556792341111592,100.0,0.0,63.9,3.8845849199110063,1.2,0.4,3.95,0.49749371855331004,0
623,0.45936986822709647,0.07761410550243433,0.12308087147069138,0.014592318907692166,0.000758018238501175,0.0003043333792371404,100.0,0.0,62.55,2.2688102609076854,1.075,0.23848480035423641,4.4,0.7348469228349535,0
624,0.4179798653252657,0.08184072678224996,0.13032465814674216,0.016696562155490223,0.0009986907229130458,0.0005358143748326535,100.0,0.0,63.7,3.179622619116929,1.1,0.3,4.3,0.5567764362830021,0
625,0.4534831832390869,0.10938887396305447,0.12330374160677571,0.020966297859588673,0.0010120586182647323,0.0004506432409889252,100.0,0.0,63.1,2.7730849247724096,1.1,0.3,4.55,0.8046738469715541,0
626,0.541653175992199,0.11708597030361122,0.10553373210925462,0.021916641793067473,0.001034196042346071,0.0005085203903422024,100.0,0.0,63.35,3.070423423568808,1.1,0.3,4.3,0.8426149773176358,0
627,0.673209937568662,0.10621368643268089,0.07835186561033405,0.02115976330119774,0.0010683383725012617,0.000520834335758966,100.0,0.0,62.65,2.815581645060217,1.275,0.40233692348577704,4.0,0.5477225575051661,0
628,0.8029666066662335,0.0699818768305463,0.04801649516349609,0.017067727203805838,0.0010610679863647407,0.000503143880030444,100.0,0.0,63.35,4.210403781111736,1.15,0.3570714214271425,4.35,0.6538348415311012,0
629,0.8805175019294941,0.035586542392943114,0.02309505900240853,0.011514812036546362,0.001015003150082975,0.0005003660504340225,100.0,0.0,63.8,3.0594117081556704,1.025,0.10897247358851683,3.9,0.7000000000000001,0
630,0.8504270793596469,0.08213640076293505,0.03613034335088812,0.020660639494970733,0.0009603049856381232,0.00047535137774172966,100.0,0.0,62.9,3.0967725134404045,1.025,0.10897247358851683,4.35,0.7921489758877431,0
631,0.7316506524148194,0.10956211486296132,0.07081149220567637,0.02058901015607675,0.0008049482307726766,0.0003448232171801121,100.0,0.0,63.75,2.9643717715563276,1.05,0.15,4.25,0.82915619758885,0
632,0.5813692598928667,0.10945395339474111,0.10132903074208499,0.020782363022287403,0.0007517112735425165,0.0002893370490511058,100.0,0.0,64.0,3.0,1.05,0.21794494717703372,3.95,0.6689544080129826,0
633,0.47064380509336684,0.09510952428180008,0.12219531724466466,0.019320180582811843,0.0007284896935310174,0.0003034146598892529,100.0,0.0,63.95,2.9744747435471695,1.075,0.23848480035423641,4.1,0.9433981132056604,0
634,0.42503313546282123,0.08545930557045997,0.13012793121195027,0.018297881611542482,0.0008506420947510361,0.0003984656054747049,100.0,0.0,62.4,3.039736830714133,1.05,0.21794494717703372,4.25,0.6224949798994366,0
635,0.44578399335692687,0.07840010678317891,0.12455931856986971,0.015439036242246365,0.0010014575738838125,0.0004458976530124944,100.0,0.0,62.9,2.896549671592048,1.15,0.32015621187164245,4.25,0.7664854858377946,0
636,0.5230814698911234,0.08486554205916876,0.10791847099528433,0.01556176369985404,0.0010971897381311358,0.0005169250326789923,100.0,0.0,64.65,2.725344014982329,1.0,0.0,4.3,1.0049875621120892,0
637,0.6487588441554623,0.08222286814776572,0.08141231207826613,0.017521177605247674,0.001209906582507792,0.0006419186189328269,100.0,0.0,60.35,2.903015673398957,1.25,0.4330127018922193,4.45,0.9205976319760985,0
638,0.7929313438630147,0.059534238315589044,0.050871349721838544,0.01635599322085621,0.0010458045125550403,0.00039401143511923523,100.0,0.0,62.8,2.5019992006393608,1.1,0.3,4.15,0.7262919523166975,0
639,0.8836993507062718,0.04234800779401383,0.020790156282110436,0.011117381249214619,0.001052330805778349,0.0004252444286580518,100.0,0.0,63.7,3.4073450074801643,1.05,0.21794494717703372,4.15,0.7262919523166976,0
640,0.8774583642109496,0.045064088657685755,0.029742155196833424,0.011202268495089212,0.0009393007513651252,0.0004259421614166214,100.0,0.0,62.9,3.448187929913334,1.0,0.0,4.35,0.6538348415311012,0
641,0.771608284562542,0.049290880183827,0.06259045053046239,0.010233886799320163,0.0008338866399954193,0.0003581408720451172,100.0,0.0,63.85,2.197157254271983,1.0,0.0,4.2,0.6782329983125268,0
642,0.6198090208441563,0.054053194464862585,0.09283909521274493,0.009566305588674856,0.0008079537781534174,0.0003196859182083821,100.0,0.0,63.85,3.1507935508376304,1.025,0.10897247358851683,4.05,0.49749371855331,0
643,0.5082754729767023,0.062151056374637276,0.1126980008043649,0.01153576139005749,0.0008415562300441977,0.0002876018938298413,100.0,0.0,64.4,3.352610922848042,1.075,0.23848480035423641,4.4,0.9695359714832659,0
644,0.4569257247222813,0.06594644228395226,0.1215739563103885,0.012807511390401058,0.000941072053475053,0.0003905179067732817,100.0,0.0,62.4,3.0724582991474434,1.05,0.21794494717703372,4.25,0.5361902647381804,0
645,0.4641326853993129,0.06814994080437974,0.11957887022020475,0.013485662239161754,0.0010316255193658574,0.0003573870750387846,100.0,0.0,63.95,2.3553131426627756,1.05,0.21794494717703372,4.3,0.9539392014169457,0
646,0.5362325149970493,0.07522543355581489,0.10533263964863945,0.014418687268425733,0.0010839618524069844,0.0003419040983431442,100.0,0.0,62.45,2.4794152536434875,1.125,0.3112474899497183,4.2,0.6,0
647,0.6641300682146365,0.0810996165322832,0.08014433604548481,0.0157762135832059,0.0010734678966565925,0.000335676246864525,100.0,0.0,64.4,3.3970575502926055,1.025,0.10897247358851683,4.25,0.5361902647381804,0
648,0.8071073514548927,0.06418860375204878,0.0486937604280517,0.014901278184984894,0.0009759218234260162,0.00032051734967506053,100.0,0.0,64.4,2.2891046284519194,1.05,0.21794494717703367,4.05,0.5894913061275798,0
649,0.8893458104126195,0.03824585629658383,0.023643126560425703,0.011622164667498994,0.0008971325327000593,0.0003156915460535609,100.0,0.0,62.95,3.4565155865408737,1.2,0.4,4.0,0.7071067811865476,0
650,0.8465741943818296,0.05302142231992964,0.039766891219872105,0.015852096694078735,0.0009226185682406588,0.0003019054658386584,100.0,0.0,64.65,2.9372606285449034,1.0,0.0,4.3,0.5567764362830022,0
651,0.7169565108564507,0.0672637697715671,0.07235406280558145,0.016525013009460247,0.0009062527111120698,0.0003273065509526255,100.0,0.0,63.7,2.5903667693977237,1.025,0.10897247358851683,4.1,0.6244997998398398,0
652,0.5723117943717998,0.08687075729423077,0.10079325101150582,0.01759082762210785,0.0008405061730115979,0.0003433777793956407,100.0,0.0,63.45,3.5563323804166562,1.075,0.23848480035423641,4.45,0.6689544080129827,0
653,0.4599286917813184,0.10032231844951202,0.12173285534322249,0.020100112988837585,0.0008509681962128229,0.00037244739880214797,100.0,0.0,63.6,3.7067505985701277,1.075,0.23848480035423641,4.3,0.6403124237432849,0
654,0.4165618716676945,0.10393176713885209,0.13038257377014256,0.020965743010377166,0.0008949979162349655,0.0004260064460184184,100.0,0.0,64.35,3.3507461855533016,1.05,0.21794494717703367,4.25,0.7664854858377946,0
655,0.4163098038765938,0.10317645566322732,0.13018249375284877,0.021077433703161275,0.0009453236484000925,0.0004221589421734638,100.0,0.0,63.65,3.8376425054973526,1.0,0.0,4.2,0.6,0
656,0.4894271923340563,0.10920410483361341,0.115201046072495,0.02125703046699604,0.0009636190112679097,0.00041205264418124886,100.0,0.0,63.3,3.018277654557314,1.0,0.0,4.2,0.812403840463596,0
657,0.6281040925836096,0.10539192525680667,0.08846662630286743,0.02110137921778755,0.0009025044076051718,0.0003718594212936591,100.0,0.0,64.15,2.95423424934449,1.025,0.10897247358851683,4.35,0.7262919523166975,0
658,0.7775494888418354,0.06803641011142843,0.05608563206140053,0.017510731733256332,0.0009610933764629837,0.0004295914782276068,100.0,0.0,62.85,2.7436289836637897,1.1,0.2549509756796392,4.25,0.6224949798994366,0
659,0.8686371016462712,0.04636168184154506,0.030403428898451747,0.014277284077285225,0.0009378062762708583,0.0004430735872672528,100.0,0.0,63.9,3.5763109484495335,1.15,0.3570714214271425,3.85,0.852936105461599,0
660,0.8389864866849803,0.0819210571580106,0.04022712252419663,0.020665956685517302,0.0009152797300151312,0.0004147718531882858,100.0,0.0,62.5,3.4713109915419564,1.2,0.4,4.05,0.804673846971554,0
661,0.7211561298804195,0.09273634186038497,0.07106241636110686,0.01843462423114852,0.0009432006619965554,0.0003708780401471218,100.0,0.0,61.9,2.808914381037628,1.1,0.3,4.35,0.852936105461599,0
662,0.5861520951807083,0.08035297545512049,0.09935504952815877,0.015599263374313239,0.0009127079888505104,0.0004234464751569868,100.0,0.0,62.25,2.56661255354212,1.0,0.0,4.4,0.9165151389911681,0
663,0.4833854784857288,0.08284282070108152,0.11865057165132398,0.016536736435227677,0.0008696907519085636,0.00040846473100765327,100.0,0.0,64.25,2.9979159427842537,1.1,0.3,4.25,0.82915619758885,0
664,0.44095874210447655,0.08584419774099313,0.12633542636029638,0.017950676062929587,0.000857785625204787,0.0003771304307135164,100.0,0.0,63.0,2.16794833886788,1.1,0.3,4.0,0.4472135954999579,0
665,0.4541492220527978,0.09613675808404852,0.12357495114209929,0.01881457585975311,0.000798249622226897,0.00030769953931952576,100.0,0.0,64.05,2.4591665254715873,1.0,0.0,4.05,0.4974937185533099,0
666,0.5329545800420079,0.0964136015617839,0.10758803016043528,0.018238094273685952,0.0008677973887955744,0.0003548201850860158,100.0,0.0,64.0,2.8460498941515415,1.025,0.10897247358851683,4.3,0.714142842854285,0
667,0.6606224114709602,0.09525469072702569,0.08182289781191653,0.0195229197516942,0.0009338802231049105,0.00045592534601542273,100.0,0.0,63.7,3.6619666847201113,1.125,0.3112474899497183,3.95,0.6689544080129826,0
668,0.803866196542461,0.06694062302100183,0.04934232622623842,0.0178213956710249,0.0009429942125310763,0.00044541449117891556,100.0,0.0,63.85,2.920188350089768,1.0,0.0,4.25,0.9937303457175896,0
669,0.8915335179627902,0.0332891144661329,0.02642305926509774,0.010023205021795302,0.0008367957991650549,0.00037617908184407305,100.0,0.0,63.8,2.767670500619609,1.0,0.0,4.45,0.6689544080129827,0
670,0.8574966500460368,0.06020850440027608,0.039246986744106864,0.01767850394634292,0.0007863777201233104,0.00029281081518104903,100.0,0.0,62.95,2.9236107812087435,1.05,0.21794494717703372,4.15,0.5722761571129799,0
671,0.718375822669078,0.0919943021284949,0.07491158195973627,0.01697798703665361,0.0006706368843790568,0.0002901176948663725,100.0,0.0,63.0,2.23606797749979,1.0,0.0,4.25,0.6224949798994366,0
672,0.5581409134227091,0.08743971111060507,0.10472668943815829,0.015921795686955894,0.0007116346646549481,0.00033057527348428264,100.0,0.0,62.65,2.903015673398957,1.05,0.15,4.05,0.6689544080129826,0
673,0.4419537691255365,0.07072590044496897,0.12614687515373255,0.013616920342738486,0.0008020401391400347,0.0005330437756347573,100.0,0.0,62.55,3.3981612675092396,1.1,0.3,4.35,0.5722761571129799,0
674,0.397233985405195,0.09758048297750602,0.13443752592122477,0.018800125354751604,0.0008906042068120129,0.0005354549261205458,100.0,0.0,64.05,2.8543825952384165,1.05,0.21794494717703372,4.5,0.7416198487095663,0
675,0.4177293102801548,0.11402450285262486,0.13020451861113388,0.022452060855619918,0.0009192134360225827,0.0005592788284238896,100.0,0.0,62.75,2.5074887836239665,1.125,0.3112474899497183,4.5,0.7416198487095663,0
676,0.48999667186411433,0.129972076381083,0.11512490650780541,0.025964998519256172,0.001007785412399158,0.0005675787179788088,100.0,0.0,63.15,2.5743931323712,1.0,0.0,4.45,0.7399324293474372,0
677,0.6187876724909126,0.1355833387368432,0.0882795279260916,0.029524098448880983,0.0010233026919080294,0.000581799349621897,100.0,0.0,63.1,2.773084924772409,1.1,0.2549509756796392,4.15,0.6538348415311009,0
678,0.7611371312807176,0.09592333535984321,0.05670300268801152,0.025617700690261095,0.0010098316121564365,0.0005325628895694835,100.0,0.0,63.1,2.6438608132804573,1.05,0.21794494717703372,4.15,0.7262919523166976,0
679,0.8561411649701662,0.05222321173318979,0.03259670505146968,0.01632283115006737,0.0009838116830194416,0.0004462129886192764,100.0,0.0,62.4,3.5693136595149495,1.15,0.32015621187164245,4.25,0.5361902647381804,0
680,0.8488886227803161,0.08291343233211897,0.037245663214081196,0.019819753509494425,0.0009567904649399337,0.0004985919029593654,100.0,0.0,64.8,3.249615361854384,1.0,0.0,4.15,0.9630680142129111,0
681,0.754423432239914,0.10381793767328028,0.06456211235085803,0.02123658539116038,0.0009077941085127057,0.000535889128193647,100.0,0.0,63.55,3.2630507198019467,1.05,0.21794494717703372,4.4,0.7348469228349535,0
682,0.6231605547290338,0.11325646695479441,0.0918552086089435,0.020385681569216295,0.0008616317023802797,0.0005825126062279881,100.0,0.0,63.75,3.3893214660164652,1.05,0.21794494717703372,4.45,0.9733961166965893,0
683,0.5054794070618749,0.10459263531145607,0.11433530584631743,0.019190290172173545,0.0008362773038984141,0.0005379878721682904,100.0,0.0,63.7,2.685144316419511,1.0,0.0,4.35,0.7262919523166976,0
684,0.4572864536614237,0.09172735056992401,0.1233816232192371,0.017116961165522707,0.0008702668506738898,0.0003365157333340302,100.0,0.0,64.05,2.836811590500857,1.05,0.2179449471770337,4.15,0.7921489758877431,0
685,0.47831802711342936,0.09305530638355493,0.11847635511577506,0.017685169143165543,0.000977333293908434,0.0003634645921762958,100.0,0.0,64.4,1.772004514666935,1.0,0.0,4.2,0.5099019513592784,0
686,0.5550201289404595,0.10192835381293709,0.10346844167182209,0.018223385762146094,0.0009904039470575122,0.00042676937574360747,100.0,0.0,64.25,2.930443652418521,1.025,0.10897247358851683,4.05,0.6689544080129826,0
687,0.6926632541675661,0.10391855631513744,0.07618647077894267,0.019136562847751483,0.0009252221179062317,0.00041668083174169245,100.0,0.0,63.4,2.956349099818897,1.0,0.0,4.4,1.0677078252031311,0
688,0.8292652161029661,0.07991230582220893,0.04289059924830344,0.018747741474847517,0.0009100663383997982,0.0003875561430157322,100.0,0.0,64.05,3.0409702399069936,1.025,0.10897247358851683,4.05,0.739932429347437,0
689,0.8956440640562878,0.045984256222541424,0.02190584531217376,0.01191916574746106,0.0008524159093939328,0.0003427532452225187,100.0,0.0,62.95,3.9303307748839664,1.075,0.23848480035423641,4.35,1.0136567466356647,0
690,0.8438959276725748,0.061884648763534084,0.04249004024704528,0.016453789852103166,0.0008256971421928046,0.00032000358644762274,100.0,0.0,63.7,2.72213151776324,1.05,0.21794494717703372,4.1,0.5385164807134504,0
691,0.7094453833892208,0.08821091768800408,0.07585119658081653,0.01823666314405485,0.00072478387492006,0.00032225490068532267,100.0,0.0,63.2,3.5721142198983498,1.075,0.23848480035423641,4.25,0.9937303457175896,0
692,0.5477102163601136,0.0975020830442025,0.10683462391719878,0.0174794527234906,0.00079643392051646,0.000377748008736787,100.0,0.0,64.2,3.54400902933387,1.1,0.2549509756796392,4.05,0.804673846971554,0
693,0.44317237965759315,0.09374914993123257,0.12594325087958327,0.017748768911491686,0.0008288881796074373,0.00040113350559705833,100.0,0.0,64.05,3.3087006513131403,1.05,0.2179449471770337,4.35,0.7921489758877431,0
694,0.39571326314401384,0.09690365493300657,0.13521047684725573,0.018913726945342702,0.0009220822774353035,0.0004288653473991849,100.0,0.0,64.05,2.1324868112136124,1.0,0.0,3.9,0.5385164807134504,0
695,0.4232073786546742,0.11182084836923369,0.12878772886346174,0.02162869173450055,0.0010786422595598613,0.0004876917431444873,100.0,0.0,62.75,2.6052830940226053,1.075,0.23848480035423641,4.25,0.5361902647381804,0
696,0.5050816408995985,0.11591198259930581,0.11171722773651607,0.02167725968866899,0.0011210416609622588,0.00048501956887844684,100.0,0.0,62.8,3.3105890714493693,1.15,0.3570714214271425,4.05,0.6689544080129826,0
697,0.6247029517716887,0.1039028388851219,0.08777740429567253,0.02041987980122635,0.0010936455154887726,0.0004460216010079218,100.0,0.0,63.55,2.2017038856303994,1.1,0.3,4.15,0.6538348415311012,0
698,0.7735991605581745,0.07503660509956232,0.054496403475937115,0.020053473280207044,0.0010610377937722176,0.0004331913630552244,100.0,0.0,62.95,3.0409702399069936,1.025,0.10897247358851683,4.5,0.8660254037844386,0
699,0.872161481890448,0.04074041265897838,0.025770581168876056,0.012931367769417291,0.001028542496773095,0.0003918962043579555,100.0,0.0,63.5,3.0903074280724887,1.05,0.21794494717703372,4.0,0.8366600265340756,0
700,0.8530984625987206,0.07068125152534573,0.03321869948680402,0.017365045995826882,0.0010685266116694126,0.0004841947152045353,100.0,0.0,63.05,2.654712790491657,1.05,0.21794494717703372,4.4,0.7348469228349535,0
701,0.7580783021364184,0.07791189434216393,0.06323731947686788,0.015940669015749073,0.0009705981636514299,0.000547288370605308,100.0,0.0,62.7,3.3331666624997918,1.1,0.3,4.35,0.8529361054615991,0
702,0.6111777397452056,0.08449719204737112,0.09421575460395624,0.016020307671179814,0.0008689087121729217,0.0004813013272228866,100.0,0.0,63.75,3.0639027399707057,1.0,0.0,4.35,1.0136567466356645,0
703,0.49014327147296005,0.08120672323133285,0.11657125369445676,0.016118667287685455,0.0009157523806385258,0.0005129031110488238,100.0,0.0,63.95,2.1788758569500923,1.0,0.0,4.0,0.6324555320336759,0
704,0.4455281711146058,0.08844275590341266,0.12519227802238364,0.018956814265361402,0.0009243376436642544,0.0005831568780582554,100.0,0.0,62.75,2.913331426391443,1.1,0.3,4.45,0.8645808232895291,0
705,0.4686705346981109,0.09920397577816119,0.1205002577068768,0.02130044181538569,0.0009157010392238912,0.00043036480204518957,100.0,0.0,62.75,2.7363296585024255,1.025,0.10897247358851683,4.35,0.5722761571129799,0
706,0.5552703699894599,0.10598733365870149,0.10322061917432375,0.022405325340372526,0.0010128027236335523,0.0005294497114073011,100.0,0.0,62.6,2.764054992217051,1.0,0.0,4.25,0.6224949798994366,0
707,0.6874476844626705,0.09856993700063756,0.07632879138843383,0.021653376695538115,0.001013061599653335,0.0005068818709207778,100.0,0.0,63.25,3.418698582794336,1.1,0.3,4.1,0.6244997998398398,0
708,0.8215711831634032,0.06887238559492899,0.04299064981980132,0.02088838327479015,0.0010004162343296803,0.00046623028313970947,100.0,0.0,63.25,2.5074887836239665,1.1,0.3,4.2,0.6,0
709,0.8862927060486767,0.04398218900326592,0.022912145067589103,0.011037746546721558,0.0009627819502550908,0.000388994304315713,100.0,0.0,62.65,3.4967842369811724,1.1,0.3,4.1,0.7681145747868608,0
710,0.8397019845202308,0.06771729205719171,0.03984089227981198,0.015784990137771113,0.0010023936198867438,0.00046408246351678284,100.0,0.0,63.45,2.801338965566288,1.0,0.0,4.2,0.6,0
711,0.7080657051681001,0.08353532099058153,0.07401993382239332,0.016175606194180958,0.0009330583402729214,0.0004458923126802457,100.0,0.0,63.35,3.6093628246547893,1.1,0.3,4.1,0.7000000000000001,0
712,0.5647188771346408,0.09212106358092607,0.10272224125772444,0.016858097352396594,0.0009112208592227557,0.00047999917587875356,100.0,0.0,63.05,2.479415253643488,1.075,0.23848480035423641,4.3,0.8426149773176358,0
713,0.46791503883696783,0.10197619980711488,0.12059796565761656,0.019230191923008344,0.0009315794521274001,0.00043468763615231936,100.0,0.0,62.6,2.870540018881465,1.075,0.23848480035423641,4.25,0.7664854858377946,0
714,0.4194293641411848,0.11350860264420298,0.13065428211859464,0.02211574941338012,0.0008899064795321778,0.00045242514981277065,100.0,0.0,64.6,3.7067505985701277,1.05,0.21794494717703372,4.2,0.7483314773547883,0
715,0.4261696696921497,0.11813381125035648,0.12852025169165876,0.02410538580182075,0.0009637607501354726,0.0004948568274101234,100.0,0.0,64.1,2.4677925358506134,1.0,0.0,4.2,0.5099019513592784,0
716,0.5006286712541639,0.1227147495705683,0.11375191092770283,0.023319640601250018,0.0009854110549387708,0.0005571724958547,100.0,0.0,63.9,2.364318083507378,1.025,0.10897247358851683,4.1,0.6244997998398398,0
717,0.6424042564587642,0.10946832632716179,0.08557449862153929,0.021152096522594203,0.00101058518759329,0.0004996768067999948,100.0,0.0,62.75,2.913331426391443,1.05,0.21794494717703372,4.15,0.8529361054615991,0
718,0.7894620624911561,0.08512193626923516,0.05250297501836574,0.01987802584371287,0.0010057601620883782,0.0005283167444234062,100.0,0.0,63.45,2.3553131426627756,1.05,0.21794494717703372,3.9,0.7681145747868608,0
719,0.8816556100758965,0.050573205223288856,0.024936940911997406,0.010408430567224779,0.0009829011272493573,0.0005250423649133492,100.0,0.0,63.25,3.404041715373065,1.075,0.23848480035423641,4.2,0.5099019513592784,0
720,0.8534909815817076,0.05437172251578886,0.037168252130901046,0.01527166127391752,0.0009256177902076581,0.00045170451278791276,100.0,0.0,63.55,1.8020821290940099,1.0,0.0,4.25,0.5361902647381804,0
721,0.7322348629565866,0.07723976711003197,0.07045543220023644,0.01671530322527228,0.0008140136329765752,0.0003546112603094129,100.0,0.0,63.55,2.1788758569500923,1.025,0.10897247358851683,4.4,0.58309518948453,0
722,0.5935327878022849,0.09431154029581791,0.09853025365126786,0.01706515250609248,0.0006827874115087342,0.00019624313312450954,100.0,0.0,63.2,3.0757112998459397,1.05,0.21794494717703372,4.3,0.6403124237432849,0
723,0.4711517272106252,0.08972977875814524,0.12146705232280022,0.016685159481889988,0.00068864938436381,0.0002206406516949813,100.0,0.0,63.6,2.615339366124404,1.05,0.21794494717703372,4.35,0.7921489758877431,0
724,0.42317111052654655,0.08156862876394537,0.13076690509824745,0.016061254933193842,0.0007539521637874413,0.00029960263181504364,100.0,0.0,63.7,2.3895606290697042,1.1,0.3,4.2,0.9797958971132712,0
725,0.44891165554620505,0.08114237888969571,0.12469122898531197,0.01646824063353653,0.0009080232954527363,0.00040511868126014996,100.0,0.0,63.3,3.0675723300355937,1.075,0.23848480035423641,4.4,0.8602325267042626,0
726,0.531264001157617,0.07831566550624862,0.10753036695683967,0.01578317815569192,0.0010187882190775754,0.0004208337298422238,100.0,0.0,62.75,3.191786333700926,1.2,0.3674234614174767,4.05,0.6689544080129826,0
727,0.6601854917968029,0.0829635666281488,0.08192204081457824,0.017496147355072815,0.0010067207660980843,0.00040321918184610406,100.0,0.0,62.6,2.8530685235374214,1.025,0.10897247358851683,4.05,0.739932429347437,0
728,0.8067619296353582,0.06553876864314366,0.04877174291893703,0.017173687816404493,0.0009444248095454095,0.00034849014343259574,100.0,0.0,62.95,3.3537292675468007,1.075,0.23848480035423641,4.25,0.5361902647381804,0
729,0.8941748800528139,0.038341313758424964,0.020077676308071616,0.013102505620693893,0.0008936616144130395,0.00035215781309044385,100.0,0.0,63.15,2.6509432283623124,1.075,0.23848480035423641,4.45,0.8046738469715541,0
730,0.8725712098599011,0.04347330388519834,0.03577899634398256,0.01148713177274376,0.0007885247528256025,0.00028390672511562835,100.0,0.0,63.3,2.8478061731796287,1.075,0.23848480035423641,4.3,0.9539392014169457,0
731,0.7523985042135972,0.06815851311380666,0.06844801749551263,0.012955382482298395,0.0006696569831377844,0.00036004224981678047,100.0,0.0,63.45,2.9406631905065233,1.0,0.0,4.1,0.7681145747868608,0
732,0.5863006582932611,0.07209444564455071,0.09979023148230115,0.01310274265937105,0.0006946520602827046,0.000309544508726631,100.0,0.0,63.55,3.0736785778607367,1.05,0.21794494717703372,4.05,0.6689544080129826,0
733,0.47483733790476296,0.07976593783307419,0.11987742893153149,0.014989357663422218,0.0007579399022212662,0.00029749023202879567,100.0,0.0,62.85,4.80910594601533,1.1,0.3,4.4,0.66332495807108,0
734,0.4265012594778388,0.08410695516412608,0.12858460552311451,0.01644969189616585,0.0009136741351158169,0.0004750629763930354,100.0,0.0,62.95,3.3686050525402944,1.0,0.0,4.35,0.7262919523166975,0
735,0.4492771282870603,0.09291212362839171,0.12332716244105706,0.01858071997378084,0.0010627169431338397,0.0007462571353631743,100.0,0.0,62.15,2.4753787588973126,1.225,0.40233692348577704,4.2,0.6782329983125269,0
736,0.5375809401536382,0.10555727349512906,0.1053481737336183,0.022339167600731267,0.0010721313101475995,0.000699428042617173,100.0,0.0,64.1,2.844292530665578,1.0,0.0,3.85,0.47696960070847283,0
737,0.6713640120148432,0.09481119356884915,0.07801543655892787,0.020500793454145103,0.0010731419928983036,0.0005574310665175121,100.0,0.0,63.7,3.1480152477394387,1.025,0.10897247358851683,4.5,0.806225774829855,0
738,0.8030196200193073,0.06870968098108518,0.046545727393396095,0.017530108466796996,0.0010959081495312654,0.0005918376887275582,100.0,0.0,63.65,3.1666228067138023,1.0,0.0,4.15,0.653834841531101,0
739,0.8722795206259203,0.0691795037547679,0.02482503912598463,0.016150221906766078,0.0010359078308632532,0.0005196660050003568,100.0,0.0,63.9,3.345145736735546,1.05,0.21794494717703372,4.15,0.9096702699330127,0
740,0.8311189155718848,0.10253482546330188,0.04118267747542994,0.020931790858598816,0.0010298974033036074,0.0006986240911749136,100.0,0.0,64.4,2.8178005607210737,1.0,0.0,4.25,0.5361902647381804,0
741,0.705681013664251,0.08315504467125229,0.07438892219181703,0.015737779074873975,0.0009917310906219375,0.0007599444079557761,100.0,0.0,63.6,3.8131351929875237,1.05,0.21794494717703372,4.55,0.7399324293474372,0
742,0.5617143378722306,0.09020542222033213,0.10250546530565237,0.01704083712476983,0.0008674795409150535,0.000459510758551325,100.0,0.0,63.05,1.9868316486305526,1.075,0.23848480035423641,4.45,0.5894913061275798,0
743,0.44745770038387817,0.09753946855383987,0.12377866494804199,0.018976865377584955,0.0008879562065871162,0.00040396443125559025,100.0,0.0,64.8,2.803569153775237,1.0,0.0,4.3,0.9,0
744,0.39781668059252595,0.10102009682866704,0.13458994756189496,0.0202292563738307,0.0009512995739029308,0.0003951922872095095,100.0,0.0,62.95,2.6358110706194404,1.075,0.23848480035423641,4.3,0.714142842854285,0
745,0.42332196149238566,0.11467192956314373,0.12883832505019108,0.023457919155557394,0.0011264215789265329,0.0005546709406333087,100.0,0.0,63.75,3.0475399915341552,1.1,0.3,4.15,0.7262919523166975,0
746,0.5179425002535635,0.1267591743587073,0.1095848506939564,0.024980521700905218,0.001122341058000338,0.0005887967962701371,100.0,0.0,63.4,2.4979991993593593,1.0,0.0,4.2,0.39999999999999997,0
747,0.6490608955223844,0.1314926546549051,0.08226127512098372,0.027875199955741538,0.0010988233831722323,0.0005382943861780752,100.0,0.0,62.6,3.4698703145794947,1.0,0.0,4.65,0.9096702699330126,0
748,0.7890651711700714,0.09825308901400466,0.050517424042657556,0.023575010140927333,0.0010555434379539979,0.0004534994123097117,100.0,0.0,62.35,3.1507935508376295,1.125,0.3112474899497183,4.45,0.7399324293474372,0
749,0.8663343362346749,0.058810837439881886,0.02801187196259608,0.013936757523227936,0.0010693701749041632,0.0004243275528347199,100.0,0.0,64.25,2.5074887836239665,1.0,0.0,4.25,0.5361902647381804,0
750,0.8438914396985402,0.06948492526472966,0.03910284386136006,0.01879578706387398,0.0009510906808812072,0.0003954644284935957,100.0,0.0,63.55,3.5422450508117027,1.125,0.3112474899497183,4.25,0.6224949798994366,0
751,0.7269443041241915,0.10163828450801518,0.07110108970596264,0.02053536184655801,0.0008305863382456499,0.00026881541802827085,100.0,0.0,64.8,3.1240998703626612,1.05,0.21794494717703372,3.95,0.6689544080129827,0
752,0.5824793133035477,0.11161011714083705,0.09984390980466941,0.020428177543120075,0.0007736305131674276,0.00024284572669396574,100.0,0.0,64.55,2.7834331319433563,1.0,0.0,4.2,0.5099019513592784,0
753,0.45698291890998427,0.101329061933099,0.124024660253365,0.018217151924864314,0.0008038805584143152,0.00041673447692662817,100.0,0.0,62.7,3.0838287890218554,1.125,0.3112474899497183,4.0,0.7071067811865476,0
754,0.4182887824309206,0.10424844643508964,0.13140399012664897,0.01941642571421223,0.000858787440673224,0.00039295230739910754,100.0,0.0,63.2,3.6687872655688283,1.175,0.36314597615834876,4.4,1.0198039027185568,0
755,0.4431736322259644,0.11554084381995726,0.1259553493583952,0.021493725413320865,0.0009525326041908841,0.0005793554466398637,100.0,0.0,63.4,3.1048349392520045,1.0,0.0,4.3,0.6403124237432849,0
756,0.5195143566571101,0.12297008287689729,0.11014738703788533,0.023138038799466083,0.0009751887026900597,0.0005053835478879957,100.0,0.0,63.0,2.8809720581775866,1.0,0.0,4.6,0.8602325267042626,0
757,0.6502871671281613,0.11302891708579835,0.08398841602572782,0.02211619798495093,0.0009997105660900223,0.0004784225036570781,100.0,0.0,63.85,2.7977669667075564,1.125,0.3112474899497183,4.0,0.7745966692414834,0
758,0.7913732665507445,0.08561379718206646,0.051917817819254565,0.021660666651608193,0.0009863305715944043,0.0005021665501766457,100.0,0.0,63.15,3.1348843678834477,1.15,0.32015621187164245,4.0,0.6324555320336759,0
759,0.8784877663114864,0.05186125547444191,0.02749362142145515,0.015425539443557644,0.00090133411654712,0.00044049859649070324,100.0,0.0,64.05,2.5194245374688244,1.05,0.21794494717703367,4.2,1.0770329614269007,0
760,0.851942120350498,0.07694470808238521,0.039355940334064476,0.019934574678576646,0.0008166048934318357,0.00043010289180572705,100.0,0.0,63.55,3.089902911096076,1.075,0.23848480035423641,4.3,0.714142842854285,0
761,0.7174005246108539,0.10013459680690885,0.07327511238512567,0.020459294191487846,0.0008233315530630605,0.0004001473795187808,100.0,0.0,62.05,4.684815898197067,1.175,0.36314597615834876,4.1,0.6244997998398398,0
762,0.5727967199264149,0.1044639062349597,0.10178900268490518,0.01947597892468686,0.0008262382618962755,0.00039986752329170715,100.0,0.0,62.25,3.7399866309921483,1.15,0.3570714214271425,4.1,0.8306623862918074,0
763,0.46195955690817847,0.10357301618368087,0.12244162035399722,0.020079824731373198,0.0008402096196010482,0.0004132112092700523,100.0,0.0,63.75,3.476708213238494,1.15,0.3570714214271425,4.1,0.6244997998398398,0
764,0.4139077825124426,0.09970946304261966,0.13079395611156652,0.020556489067401363,0.0009238071580511018,0.00048716189248753993,100.0,0.0,63.05,2.1788758569500923,1.0,0.0,4.0,0.4472135954999579,0
765,0.4310395756819111,0.10876952082699513,0.1270599101994711,0.02226308597635275,0.0009499318719661216,0.00043168683843461316,100.0,0.0,63.7,2.5709920264364885,1.0,0.0,4.05,0.5894913061275798,0
766,0.5054905922629559,0.11825943200394017,0.11152724166700893,0.02356960063462826,0.001038601628351669,0.00047903479907154963,100.0,0.0,63.55,2.3973944189473704,1.125,0.3112474899497183,4.15,0.5722761571129799,0
767,0.6305546270646901,0.11778691856746194,0.08582718575282032,0.024231489700427353,0.0010800905251138557,0.000479605834851333,100.0,0.0,63.6,3.3376638536557275,1.1,0.3,4.25,0.698212002188447,0
768,0.7702807819813635,0.08924174635918011,0.05558718894203211,0.02132318457705277,0.0010436827665173732,0.0004692839703795087,100.0,0.0,63.2,2.249444375840399,1.0,0.0,4.2,0.812403840463596,0
769,0.8647257588983329,0.05240822219283849,0.03016171351516589,0.014975446928865849,0.0009865464569312585,0.0004336396746416448,100.0,0.0,63.55,2.4387496796514396,1.0,0.0,4.4,0.7999999999999999,0
770,0.8473353427569735,0.07052575090441679,0.037538217967889156,0.018241038691026806,0.0009681317855679414,0.0004227661037224052,100.0,0.0,63.55,3.4128433893163046,1.0,0.0,4.45,0.9205976319760985,0
771,0.7371644238468839,0.09107360008475979,0.06829025533445852,0.02000255122144225,0.0008804463911708914,0.00039161140313998986,100.0,0.0,64.1,3.6728735344413916,1.075,0.23848480035423641,4.3,0.8426149773176358,0
772,0.6035440596179332,0.09304337163744934,0.09615822076701971,0.017321862145199096,0.0007889141933975207,0.0003959340258676266,100.0,0.0,64.55,3.2011716605018234,1.075,0.23848480035423641,4.15,0.7921489758877431,0
773,0.49003156571357903,0.08983237755525994,0.11721792750628154,0.017123215913895054,0.0008374332124530684,0.000421583424480947,100.0,0.0,63.4,3.903844259188627,1.1,0.3,4.3,0.7810249675906654,0
774,0.4454977360615503,0.09373374370300053,0.1257334295711252,0.018373467869340375,0.0008651025380075318,0.00042769181208796606,100.0,0.0,64.1,3.080584360149872,1.0,0.0,4.05,0.6689544080129826,0
775,0.4601663216487685,0.09510052002891209,0.12211155370275102,0.018127495326506458,0.0009589786675469081,0.0005492568351605099,100.0,0.0,63.5,2.7838821814150108,1.0,0.0,4.1,0.6244997998398398,0
776,0.5387563025626885,0.10246667905609388,0.10623640958100403,0.01845652005598527,0.0010115169190937196,0.0006335392028600527,100.0,0.0,63.0,2.345207879911715,1.0,0.0,4.05,0.6689544080129826,0
777,0.6647869165099927,0.09850623106048098,0.08058793453359878,0.01789033994193111,0.0010477551304999362,0.000559321194710566,100.0,0.0,62.6,3.1208973068654475,1.15,0.3570714214271425,4.6,0.7348469228349535,0
778,0.8059223074594597,0.08092097034523141,0.050119587909018215,0.015583475046948052,0.00093531515995813,0.0005211261839108079,100.0,0.0,62.45,2.7654113618049667,1.125,0.3112474899497183,4.1,0.6244997998398398,0
779,0.8888674518079813,0.0499727806714391,0.022959081200971565,0.013894031956210657,0.0008889988368673557,0.0004453346384388977,100.0,0.0,64.25,2.342541355024496,1.05,0.21794494717703372,4.1,0.7681145747868608,0
780,0.8545602802125607,0.0532349370231267,0.03884363045324203,0.015640393424126934,0.0008212419082835109,0.0004229179860471629,100.0,0.0,63.65,3.424543765233553,1.1,0.3,4.2,0.6,0
781,0.7276435663584773,0.08094275136133869,0.0718526730058475,0.01668552331932445,0.0007477796061764373,0.00040414535880404617,100.0,0.0,63.6,3.1685959035509725,1.05,0.21794494717703372,4.1,0.7000000000000001,0
782,0.5736474081626637,0.08174554538350413,0.10185891863437728,0.01535600537900147,0.0007524250728226561,0.00039417883674540497,100.0,0.0,63.1,2.6057628441590768,1.0,0.0,4.4,0.66332495807108,0
783,0.4607953638877561,0.08871487447752169,0.12356397914734248,0.017313967140024922,0.0006699601478340343,0.0003159020883030602,100.0,0.0,63.3,3.4655446902326914,1.1,0.3,4.1,0.5385164807134504,0
784,0.41289326972707946,0.0837983485532283,0.1327401071990632,0.016746300639284006,0.0007021546590733412,0.00038424665792824154,100.0,0.0,64.4,2.956349099818896,1.025,0.10897247358851683,3.95,0.6689544080129826,0
785,0.4321238572193155,0.09660691993230322,0.12817324407983416,0.01824808157384443,0.0008239202729083817,0.0005041009916698282,100.0,0.0,64.3,2.3473389188611007,1.0,0.0,4.15,0.6538348415311012,0
786,0.5218415219935729,0.11701341162655786,0.11002196437008824,0.022210580857738523,0.0008689968743544411,0.0005382650200559001,100.0,0.0,62.65,3.1666228067138023,1.025,0.10897247358851683,4.4,0.6633249580710799,0
787,0.6558580397423466,0.11165841639382507,0.08225983691598353,0.023746340422028406,0.0009450460577467709,0.0004902980204953575,100.0,0.0,63.95,2.0365411854416298,1.0,0.0,4.05,0.3840572873934304,0
788,0.8009313265836324,0.08141403799233238,0.049102876803182774,0.020449605933989524,0.0009574864858611325,0.00046600075471017543,100.0,0.0,64.6,2.4779023386727737,1.0,0.0,4.1,0.7,0
789,0.8868961924922797,0.04851514726104508,0.02396497950382239,0.011681713965433889,0.000915180669571329,0.0004486115411657914,100.0,0.0,63.95,2.9236107812087435,1.025,0.10897247358851683,4.0,0.6324555320336759,0
790,0.8643775765703998,0.05895336894305884,0.035709913091805434,0.015370079052290058,0.0008697143797125953,0.00044369531096513854,100.0,0.0,64.35,3.118894034750139,1.075,0.23848480035423641,4.1,0.7681145747868608,0
791,0.7450992437107821,0.08677401371835082,0.06849809977995698,0.017939659493735764,0.0007606966079718993,0.00041902558510580637,100.0,0.0,62.95,2.7472713735632306,1.0,0.0,4.25,0.82915619758885,0
792,0.5864117335387203,0.10769999542146887,0.09950025603699575,0.019658617479619674,0.0007076160751366004,0.00028607421179184566,100.0,0.0,62.45,2.923610781208744,1.175,0.36314597615834876,4.35,0.9630680142129111,0
793,0.46263566230050357,0.1070506251053394,0.12231583705474636,0.02050790050706639,0.0007321873592738805,0.0004019332725217559,100.0,0.0,62.35,2.8857408061016154,1.15,0.3570714214271425,4.2,0.6782329983125269,0
794,0.41096023386911007,0.10952600445304769,0.13191138812019707,0.022952536942094967,0.0008620595338447616,0.00047773273411531603,100.0,0.0,64.6,3.4698703145794942,1.15,0.3570714214271425,4.15,0.653834841531101,0
795,0.42800085398218357,0.10805269378111239,0.12855271006245084,0.02361839951978226,0.0009273764409058512,0.000509491821989425,100.0,0.0,63.65,2.669737814842499,1.05,0.21794494717703372,4.3,0.5567764362830021,0
796,0.5187016019234653,0.11808409334601641,0.10986098859614779,0.02494368375962892,0.0010023090182494526,0.00047451607158073355,100.0,0.0,64.15,4.304358256465184,1.1,0.3,4.2,0.6782329983125268,0
797,0.6482629719196171,0.11445520449736282,0.08383264218844194,0.02500846512726723,0.000993866153300557,0.00040114192156766445,100.0,0.0,63.05,3.1855140872392953,1.1,0.3,4.55,0.8645808232895291,0
798,0.7958958599214683,0.07336109074879524,0.0507273656823933,0.02062529172301395,0.0009578205776957883,0.00034832165081823233,100.0,0.0,62.4,3.184336665618132,1.05,0.21794494717703372,4.75,0.7664854858377946,0
799,0.8814845526488867,0.03769236647080212,0.022520130543502263,0.01412639655894275,0.0009875382073176663,0.00031578404121854897,100.0,0.0,62.5,2.9410882339705484,1.05,0.21794494717703372,4.45,0.6689544080129827,0
800,0.8552573381133675,0.06694402591657957,0.03610804840408584,0.01732393975806058,0.0009281536261820893,0.00034332651384558736,100.0,0.0,63.5,2.9916550603303182,1.025,0.10897247358851683,4.4,0.4898979485566356,0
801,0.7289118463189221,0.08760699217764072,0.07045934822527425,0.01731664347305197,0.0008729293751383834,0.00033291136632687923,100.0,0.0,63.05,2.4591665254715873,1.05,0.21794494717703372,4.15,0.6538348415311012,0
802,0.5757401893018586,0.07735053434484015,0.10127151423449925,0.014996258551741332,0.000843078729313959,0.0003734106287379105,100.0,0.0,63.7,2.9342801502242426,1.1,0.3,4.1,0.8306623862918076,0
803,0.46942225720388275,0.058599866294313456,0.12126918041737293,0.011123740158731145,0.0008090939762060722,0.00034726142666889837,100.0,0.0,63.45,3.2935543110748915,1.075,0.17853571071357124,4.15,0.5722761571129799,0
804,0.4216555551515865,0.059633507540368606,0.1299815635401434,0.01146233490704867,0.0008339269062815971,0.0004486744177341667,100.0,0.0,63.65,3.395217224272992,1.125,0.3112474899497183,3.8,0.5099019513592784,0
805,0.4399901229759003,0.07806493922676616,0.12601708412760462,0.015657308729869524,0.0009099835387782419,0.0005908843168484736,100.0,0.0,62.9,3.3000000000000003,1.075,0.23848480035423641,4.45,1.0712142642814275,0
806,0.5271473623258248,0.09954779331110977,0.10791872882689076,0.020727506462347445,0.0009667901936153902,0.0006389452983951126,100.0,0.0,64.05,3.278337993557101,1.05,0.21794494717703372,4.0,0.6324555320336759,0
807,0.6535742676381922,0.09621408329181383,0.08291209313202554,0.021459782530364308,0.000950432322495601,0.0006095359591923394,100.0,0.0,63.75,2.8262165522125158,1.0,0.0,4.4,0.6633249580710799,0
808,0.803944645627125,0.07747223545104442,0.04910056098921072,0.021143338650956495,0.00090629625255112,0.0005905933643190238,100.0,0.0,63.4,2.4372115213907883,1.05,0.21794494717703372,4.15,0.7262919523166976,0
809,0.8974990195682215,0.04160979710920642,0.02168311159339149,0.012368461546211,0.0008463516858137454,0.0004809473500188444,100.0,0.0,63.7,3.407345007480164,1.0,0.0,4.35,0.5722761571129799,0
810,0.8644332063473904,0.060505168284884996,0.03821577748392189,0.01465213750620979,0.0007641623353891165,0.0004623974403334369,100.0,0.0,63.65,2.868361901852693,1.05,0.21794494717703372,4.25,0.8874119674649424,0
811,0.7330305239320006,0.07827563977944894,0.07169526180892688,0.01521670756114099,0.0007233898868268045,0.00043973383839351026,100.0,0.0,62.8,2.8913664589601917,1.0,0.0,4.25,0.7664854858377946,0
812,0.5786727261758227,0.07557972017818701,0.10133780198071038,0.013304343231287185,0.0007345831822736617,0.00037081914678629003,100.0,0.0,64.4,3.6110940170535573,1.05,0.2179449471770337,4.15,0.8529361054615991,0
813,0.46688965329451354,0.07308720985025298,0.12161232301678811,0.01398965854423485,0.0008031405547568873,0.0003954131355527009,100.0,0.0,63.25,2.662235902394827,1.0,0.0,4.3,0.9539392014169457,0
814,0.41186903945525416,0.0851917437883222,0.13241058131192815,0.016774932617150178,0.000834575490399471,0.0003832984242623138,100.0,0.0,63.05,3.3537292675468007,1.05,0.21794494717703372,4.3,0.714142842854285,0
815,0.43330439460418635,0.09822306727251826,0.12774424225082523,0.019206154020433398,0.0009040780796235332,0.00045823889376113354,100.0,0.0,63.85,2.8857408061016154,1.0,0.0,4.15,0.7921489758877431,0
816,0.5235757447593407,0.12910141098336228,0.10897956206518697,0.025951133547504394,0.0009772635235004502,0.0005539543355940678,100.0,0.0,64.75,2.5074887836239665,1.075,0.17853571071357124,3.95,0.5894913061275798,0
817,0.6484199088901308,0.1182916013575596,0.08291207589585826,0.02656661950740967,0.0010048868484337713,0.0006110505327115162,100.0,0.0,64.05,3.7745860700214533,1.125,0.3112474899497183,4.05,0.5894913061275798,0
818,0.7862503066539726,0.07792571895681372,0.052709561916101356,0.02222253472414224,0.00094623003213444,0.0005509529949589725,100.0,0.0,63.35,2.4550967394381837,1.0,0.0,3.95,0.49749371855331,0
819,0.8726262883814364,0.042744894075169626,0.03180296978049891,0.013107755413674843,0.0008600352478301401,0.0005027243421843981,100.0,0.0,62.25,2.913331426391443,1.05,0.21794494717703372,4.5,1.02469507659596,0
820,0.8533544342101319,0.09195403951999774,0.039016909106620076,0.021832058367135202,0.0007895415680174329,0.0003886511134440902,100.0,0.0,64.3,3.4365680554879163,1.05,0.21794494717703372,4.1,0.6244997998398398,0
821,0.7368223674872308,0.12253033978388526,0.07081459759550186,0.02334842077198928,0.0007194742631463382,0.00036150117377156205,100.0,0.0,62.65,3.08666486681013,1.05,0.21794494717703372,4.25,0.6224949798994366,0
822,0.5895852407480227,0.12150672182341206,0.10067775292740344,0.022479053341393437,0.0006254336569905981,0.0003185297065067804,100.0,0.0,63.7,2.703701166919155,1.15,0.32015621187164245,4.2,0.6782329983125268,0
823,0.47907272561855274,0.10825695651681805,0.12093099588347538,0.02196171492101934,0.000588604247321261,0.0003440663765037751,100.0,0.0,63.05,3.3387872049593095,1.2,0.4,3.95,0.5894913061275798,0
824,0.42886332534526145,0.10339562112629741,0.12997260963960977,0.02203302616505634,0.0006554559124645081,0.00034293190746452636,100.0,0.0,62.7,3.287856444554719,1.05,0.21794494717703372,4.25,0.698212002188447,0
825,0.4301495946491295,0.10962071367508842,0.1290811184094188,0.022353325774632605,0.0006953788411248051,0.0003014170165614396,100.0,0.0,62.65,3.439113257803529,1.2,0.4,4.25,0.698212002188447,0
826,0.5023685151545468,0.11199128717313936,0.11426348191562459,0.02247009388450432,0.0007529527248595693,0.0003645707040844043,100.0,0.0,63.05,4.153010955921017,1.15,0.3570714214271425,4.2,0.812403840463596,0
827,0.6300539499585504,0.10781334871540629,0.08869973244125522,0.023203318784371728,0.0008195833537981417,0.0004070504876031187,100.0,0.0,63.8,2.1354156504062622,1.025,0.10897247358851683,4.35,0.6538348415311012,0
828,0.7823413888195091,0.08384258651261062,0.05643166774072282,0.020781060974768967,0.0008206254069860668,0.0003960964908885039,100.0,0.0,63.15,3.08666486681013,1.025,0.10897247358851683,4.0,0.6324555320336759,0
829,0.8825797514960699,0.056121815796287146,0.028253593339796296,0.015043629675917158,0.0008363899725462318,0.00035444171171864527,100.0,0.0,63.2,3.5721142198983498,1.15,0.3570714214271425,4.4,0.6633249580710799,0
830,0.8820204085793201,0.07448334072554616,0.03294411373779976,0.01745905390980278,0.0006994925121576902,0.00030977426185281815,100.0,0.0,62.6,2.8530685235374214,1.1,0.3,4.3,0.7810249675906654,0
831,0.7578328461606196,0.10072452073516876,0.06683104119103903,0.018865677583483443,0.0006560841583719358,0.0003281913811517103,100.0,0.0,63.6,2.973213749463701,1.025,0.10897247358851683,4.5,0.9219544457292888,0
832,0.6046283105301876,0.09594089439173298,0.097423501239916,0.017916165308299505,0.0005951185607231632,0.00033744849086386953,100.0,0.0,62.9,2.5865034312755126,1.05,0.21794494717703372,4.45,0.7399324293474372,0
833,0.4805536922349079,0.08764417224222117,0.12021714857388817,0.016347675319198653,0.0005894196277823089,0.0002987062251553089,100.0,0.0,63.1,2.4677925358506134,1.0,0.0,4.4,0.7999999999999999,0
834,0.4251311170320582,0.09023856438834296,0.1302612105269379,0.01669755695221821,0.0006405233664904507,0.00030246280058593753,100.0,0.0,63.55,3.4128433893163046,1.075,0.23848480035423641,3.95,0.6689544080129827,0
835,0.4409231175944467,0.11352359624117558,0.1262887139159721,0.021536860236619604,0.000773505325854902,0.0004132333820110452,100.0,0.0,64.5,3.263433774416144,1.05,0.21794494717703372,4.3,0.714142842854285,0
836,0.5138598755045202,0.11057941721070806,0.1108682207434594,0.021239210284937242,0.0009369443922281328,0.0005436807377576994,100.0,0.0,63.25,3.222964473896664,1.0,0.0,4.25,0.6224949798994366,0
837,0.6362532823717937,0.11271101755872391,0.08636213103024305,0.022868280869237027,0.0009279575623557813,0.0005408341444556349,100.0,0.0,63.1,2.0712315177207983,1.125,0.3112474899497183,4.15,0.7262919523166975,0
838,0.7854645466331703,0.09087256169059052,0.051780629181186186,0.022478072023485007,0.0010049047933532972,0.0006387719718481578,100.0,0.0,63.25,2.9811910371527683,1.05,0.21794494717703372,4.15,0.5722761571129799,0
839,0.883690003472891,0.042383419711399584,0.02643893897896602,0.011604587524677367,0.0008998378809108901,0.00047006450288405343,100.0,0.0,62.25,2.6433879775772606,1.1,0.3,4.35,0.7262919523166975,0
840,0.8679800956916305,0.05558946627778866,0.0340777255043593,0.016904159153633094,0.0008596625461002583,0.00037810290551732855,100.0,0.0,63.5,2.224859546128699,1.05,0.21794494717703372,4.35,0.5722761571129799,0
841,0.7507806187021248,0.09134212746784783,0.0682690764666091,0.0186515637848185,0.000691537108067882,0.00023132462610755652,100.0,0.0,62.5,2.224859546128699,1.05,0.21794494717703367,4.3,0.714142842854285,0
842,0.5979930981394085,0.10712703892598499,0.09837368871873134,0.01884517651425671,0.0006415323197290493,0.0003288302896276347,100.0,0.0,62.95,4.09237095092808,1.15,0.3570714214271425,4.3,0.9,0
843,0.4747462627075665,0.08916863114157002,0.12059278528728665,0.01642142618506134,0.0007076788857229017,0.0003829340868706938,100.0,0.0,63.1,3.1448370387032774,1.025,0.10897247358851683,4.3,0.7810249675906654,0
844,0.4215323698678223,0.06981304756701379,0.12965569565123536,0.014077671561635655,0.0008607545855821937,0.0005289150880623737,100.0,0.0,63.25,3.7399866309921483,1.15,0.3570714214271425,4.2,0.5099019513592784,0
845,0.4438112506908275,0.08120456615738608,0.12508088563646755,0.016121547777159805,0.0009111227341950673,0.0005082658955011342,100.0,0.0,63.45,2.4794152536434875,1.125,0.3112474899497183,3.95,0.7399324293474371,0
846,0.5208733343677427,0.09275067936501247,0.10974234574506056,0.017175872988923556,0.0009414965367242021,0.0005505502580738225,100.0,0.0,63.8,2.6,1.05,0.21794494717703372,4.0,0.6324555320336759,0
847,0.6508418975677851,0.09439174385432816,0.08430150718123093,0.01808388429179231,0.0009283227246061432,0.0004537791483662565,100.0,0.0,63.75,2.426417111710186,1.0,0.0,4.3,0.6403124237432849,0
848,0.7970643723474373,0.07463808026964006,0.05311365676627333,0.018795081089606463,0.0008254356111597374,0.0003249431835593363,100.0,0.0,63.8,2.9257477676655586,1.1,0.3,3.95,0.49749371855331004,0
849,0.8897847948739065,0.04897962101649163,0.027392390183962778,0.012935892980725932,0.0007948168614740428,0.00038670982008225254,100.0,0.0,62.9,2.7367864366808012,1.05,0.21794494717703372,4.55,0.8046738469715542,0
850,0.8646736018657395,0.07527292753541236,0.0376005102750702,0.0181098461472179,0.0007609213086365293,0.0005109031366592013,100.0,0.0,64.25,3.7798809505062456,1.0,0.0,4.1,0.7000000000000001,0
851,0.7416759400959211,0.10220693932741318,0.07017980509925394,0.019436602279616338,0.0006295828859790483,0.0004682060225223276,100.0,0.0,63.75,2.426417111710186,1.0,0.0,4.1,0.6244997998398398,0
852,0.5798155173924674,0.09679380752724828,0.10107029618808776,0.01728486239686317,0.0007000096759813873,0.0005227723635199098,100.0,0.0,63.5,3.442382895611701,1.0,0.0,4.2,0.6,0
853,0.46941903329314616,0.08748827688676734,0.12124100274779417,0.01736181029285272,0.0007977632635165193,0.0005255858823981175,100.0,0.0,64.4,2.0591260281974,1.0,0.0,4.0,0.5477225575051661,0
854,0.4174909787671803,0.08669529311997608,0.13149873553499297,0.018708011230601878,0.0006944496805331107,0.00036806873251242484,100.0,0.0,63.35,3.1666228067138023,1.1,0.3,3.95,0.9205976319760983,0
855,0.4237532969253671,0.09166925358702975,0.130129383840801,0.020006626312898016,0.0007975547154841688,0.000405348415143283,100.0,0.0,63.75,3.4478254016118624,1.1,0.3,4.15,0.6538348415311009,0
856,0.5086007875829883,0.10559763974456025,0.1135249279613683,0.021295774658564814,0.0008273685571663318,0.00033254796997956465,100.0,0.0,63.9,1.8681541692269403,1.0,0.0,4.05,0.49749371855331004,0
857,0.6474075210961387,0.09880740036325708,0.08638661710854585,0.019875457905055106,0.0008454370233127473,0.0003575087017118038,100.0,0.0,63.05,3.3087006513131403,1.1,0.3,4.1,0.6244997998398398,0
858,0.795718083018323,0.07650356262515359,0.05376387883955745,0.01949068331942205,0.000853333786165637,0.00026352972134841495,100.0,0.0,63.6,3.813135192987524,1.075,0.23848480035423641,4.1,0.5385164807134504,0
859,0.8897948516769449,0.03865347080297401,0.0265169726930533,0.011125759875103796,0.0008278943531269212,0.00028052635120322955,100.0,0.0,62.6,3.2619012860600183,1.1,0.3,4.3,0.8426149773176358,0
860,0.8731144730730882,0.05488463481636953,0.03416309964068639,0.015459676730806875,0.0007664115348500706,0.00026354442516201827,100.0,0.0,61.85,2.5743931323712,1.15,0.32015621187164245,4.4,1.019803902718557,0
861,0.7553209505473059,0.07920646860845991,0.06534197639760997,0.01659328743023328,0.0008220554913862469,0.0003321648414153485,100.0,0.0,63.4,3.2465366161495854,1.1,0.3,4.3,0.6403124237432849,0
862,0.6090329618502708,0.07802019297560182,0.09474088975005439,0.014989166755793436,0.0008420622537462733,0.0003659310162780013,100.0,0.0,63.45,2.3764469276632285,1.075,0.23848480035423641,4.05,0.739932429347437,0
863,0.4966031484815083,0.09107618224751089,0.11635975556582878,0.01715007905622628,0.0008233013542004398,0.00029831742121943117,100.0,0.0,63.5,2.5,1.05,0.21794494717703372,4.15,0.653834841531101,0
864,0.4528458642749988,0.10215944983890145,0.12472068966183705,0.019195232797262627,0.0008165908903842824,0.0003210407808791523,100.0,0.0,63.9,2.7184554438136375,1.1,0.3,4.1,0.30000000000000004,0
865,0.4698818111916256,0.10927961204511158,0.1210984506695961,0.020806295270996263,0.000857350498695841,0.0004299352863480705,100.0,0.0,63.8,3.8026306683663087,1.05,0.21794494717703372,4.2,0.812403840463596,0
866,0.553567156223522,0.11104512066292099,0.10432476057985363,0.0207847511349078,0.0008888868977135131,0.000509407432147086,100.0,0.0,63.65,2.815581645060217,1.075,0.23848480035423641,4.35,0.963068014212911,0
867,0.687359310641537,0.10220581475117087,0.07751405478144192,0.020073759895225005,0.0009060612761234498,0.000495011681739508,100.0,0.0,64.0,2.449489742783178,1.0,0.0,4.0,0.5477225575051661,0
868,0.8309967058642782,0.0776645628467428,0.04392231543086001,0.01933181099727461,0.0008521090242955189,0.00039124940297137267,100.0,0.0,64.0,2.32379000772445,1.0,0.0,4.25,0.6224949798994366,0
869,0.9028881915469824,0.036908647751625154,0.020549338448408734,0.013041378454082637,0.0007809050371494909,0.00033239235619011623,100.0,0.0,63.35,3.453621287865825,1.1,0.2549509756796392,4.35,0.8529361054615991,0
870,0.8463950677666657,0.06407347787496843,0.04318497201722185,0.018933399486998168,0.0006897244723843816,0.0003240608687482269,100.0,0.0,62.05,4.06786184622831,1.275,0.43229041164476456,4.2,0.7483314773547883,0
871,0.6917889530431991,0.10451078790697853,0.07919961747407522,0.020854404036307637,0.0006778964147003816,0.0002781477290958455,100.0,0.0,64.8,3.026549190084311,1.0,0.0,3.85,0.7262919523166975,0
872,0.5320995655616325,0.11323767209282776,0.10989970700231064,0.021399390875276113,0.0007433478901075376,0.0003289471783240299,100.0,0.0,62.9,2.8442925306655784,1.15,0.3570714214271425,4.15,0.5722761571129799,0
873,0.4230690311463749,0.08987305457424186,0.13062256436449968,0.01815600901886523,0.000851970225792837,0.0004336294675694717,100.0,0.0,63.85,2.8508770580296865,1.05,0.21794494717703372,4.2,0.6782329983125269,0
874,0.3837968978738104,0.08828927575856277,0.13835954109925036,0.01899271402436407,0.000854244767356518,0.0003919241169724765,100.0,0.0,64.35,3.365635155509284,1.025,0.10897247358851683,3.85,0.5722761571129799,0
875,0.4070961061872139,0.08323332383910682,0.13270091750272797,0.017250661011343506,0.0008723031037930829,0.0003581977541331839,100.0,0.0,63.95,2.654712790491657,1.0,0.0,4.35,0.653834841531101,0
876,0.49501263120995126,0.09668697513549508,0.11514020669648366,0.01850898645124008,0.000889527758473777,0.0003562430805353298,100.0,0.0,62.9,3.345145736735546,1.15,0.3570714214271425,4.2,0.7483314773547883,0
877,0.633246652219088,0.098982570119154,0.08785822046308275,0.019117236026471588,0.0009163244285522405,0.0003571243129277131,100.0,0.0,63.5,3.52845575287547,1.05,0.21794494717703372,4.35,0.6538348415311012,0
878,0.7829766864438936,0.07330749463385391,0.05514408998686983,0.01940020212185291,0.000884608549051219,0.0003406711963908324,100.0,0.0,62.15,3.5535193822462827,1.1,0.3,4.6,0.66332495807108,0
879,0.8765095571542728,0.03058679735057709,0.028068816210574825,0.013032962905411647,0.0009037793073361506,0.0003697209382458657,100.0,0.0,62.8,2.580697580112788,1.075,0.23848480035423641,4.6,1.0677078252031311,0
880,0.8654090413160356,0.06479647894809572,0.03485056692725745,0.01694124771440114,0.0008452748388701883,0.00031175775661525885,100.0,0.0,63.75,2.3637893307145625,1.05,0.21794494717703372,4.3,0.6403124237432849,0
881,0.752653269046222,0.0898317954214947,0.06687747179823703,0.017976579475549072,0.0007811574389107787,0.0002896047586319052,100.0,0.0,63.15,3.1666228067138023,1.15,0.3570714214271425,4.4,0.9165151389911679,0
882,0.6039457963461535,0.08044208045227648,0.09678854826854291,0.014520979165505432,0.000713812425485237,0.0002660493870469452,100.0,0.0,63.2,3.0594117081556704,1.075,0.23848480035423641,4.55,0.7399324293474372,0
883,0.48743970591828606,0.0809994585663371,0.11770741060716425,0.015132089835490223,0.0007198866431150056,0.0003367152218702998,100.0,0.0,64.7,3.287856444554719,1.1,0.3,4.1,0.7,0
884,0.43697689548166735,0.07161925816077502,0.12676854578068897,0.014437230292732304,0.0008027880564280441,0.0003602878638736484,100.0,0.0,63.05,2.8892040426387333,1.05,0.21794494717703372,4.3,0.714142842854285,0
885,0.4562065559934032,0.07591238856792008,0.12250921674177528,0.015006586499696375,0.0008991805103453942,0.00034452881738118664,100.0,0.0,62.9,2.896549671592048,1.15,0.3570714214271425,4.15,0.47696960070847283,0
886,0.5280826566812385,0.08404154940178167,0.1079003114216945,0.01692990637320362,0.0009749188441834509,0.0003811852902572388,100.0,0.0,61.9,2.981610303175114,1.05,0.15,4.3,0.714142842854285,0
887,0.6487271979874835,0.08272161780362654,0.08324210067663433,0.01980318801247019,0.000992323333533312,0.00046793983847203817,100.0,0.0,63.7,3.479942528261063,1.075,0.23848480035423641,3.8,0.7483314773547883,0
888,0.7937764798965707,0.058933040109720926,0.05283526861361706,0.017008963557864964,0.0009128787509978916,0.0003696940820838753,100.0,0.0,63.15,3.102821296820041,1.125,0.3112474899497183,3.95,0.5894913061275798,0
889,0.8865922097199389,0.03474699679023354,0.026547399752007463,0.008956567502790766,0.0009063345564941349,0.0004027937577929599,100.0,0.0,63.55,3.4274626183227737,1.1,0.3,4.35,0.6538348415311009,0
890,0.8712084050564058,0.06104315077808433,0.034009085575059064,0.01691308932595446,0.0008164082934253907,0.00030756519992344465,100.0,0.0,63.1,2.826658805020514,1.025,0.10897247358851683,4.4,0.4898979485566356,0
891,0.7374818456629078,0.08119526914505662,0.07015272684780231,0.015598592351063019,0.0007772756331851306,0.00031016922496967234,100.0,0.0,63.9,3.047950130825634,1.0,0.0,4.3,0.6403124237432849,0
892,0.5857242574611122,0.07619682311980437,0.09925974863677621,0.014878889409787302,0.0008040342926378544,0.00036139471564975253,100.0,0.0,64.55,3.6670833096617805,1.05,0.21794494717703372,4.2,0.7483314773547883,0
893,0.46836544121767965,0.07936633116404852,0.12118630586727575,0.016788284591276643,0.0008328888240527627,0.00039334879216866467,100.0,0.0,63.25,2.2555487137279924,1.05,0.21794494717703372,4.2,0.5099019513592784,0
894,0.4221949287569207,0.09284075177594944,0.12968994102161643,0.02023698710822439,0.0008485881186783558,0.0004143167086881025,100.0,0.0,63.4,3.120897306865447,1.15,0.3570714214271425,4.2,0.7483314773547883,0
895,0.4296801048708282,0.1027423108917071,0.1272585346845089,0.02252010088779178,0.0009283729356640149,0.0005458305133285007,100.0,0.0,62.75,3.080178566252288,1.15,0.32015621187164245,3.95,0.739932429347437,0
896,0.5073678390659578,0.10250154449496422,0.11165359430486546,0.021492516578736583,0.0009224148820391785,0.0005831170875634743,100.0,0.0,63.5,3.5,1.075,0.23848480035423641,4.45,0.9733961166965893,0
897,0.6355330103017595,0.08731111444903429,0.08594232387896741,0.02110415203379975,0.0009323163675863246,0.0006613717625837301,100.0,0.0,63.2,3.5298725189445577,1.1,0.3,4.45,0.8645808232895291,0
898,0.782089265753566,0.06608394751301203,0.053369442756437915,0.020388017448888268,0.0009614325524149831,0.0006290950124669975,100.0,0.0,63.8,3.295451410656816,1.05,0.21794494717703372,4.4,0.8602325267042626,0
899,0.8782900468601931,0.0438779434920111,0.027629725186673587,0.011818850596637506,0.0009507094221292732,0.0005424384973712336,100.0,0.0,63.55,3.4420197558991443,1.0,0.0,4.1,0.5385164807134504,0
900,0.8777785379453291,0.061082175598706996,0.032353729224191344,0.016673501106003408,0.0007981062331797101,0.00038457010680834037,100.0,0.0,63.4,2.989983277545211,1.1,0.3,4.1,0.7681145747868608,0
901,0.7574649443603872,0.07898446769520241,0.06580198432124794,0.01659410798558395,0.0007459445473862478,0.0002801813317115245,100.0,0.0,64.2,2.6191601707417584,1.075,0.23848480035423641,4.15,0.5722761571129799,0
902,0.6078516529808032,0.08708542643686519,0.09563803673507372,0.016400753019266374,0.0007095214071745462,0.00024356432356357617,100.0,0.0,62.1,3.223352292257239,1.175,0.36314597615834876,4.3,0.5567764362830021,0
903,0.4831140052074748,0.07881746438446795,0.11834617814186395,0.015806091455865274,0.000759312794555805,0.00034892074708852474,100.0,0.0,63.75,2.2332711434127295,1.025,0.10897247358851683,4.05,0.6689544080129826,0
904,0.42402008534716995,0.08818694451155466,0.12913716207182463,0.018216225429878462,0.0008399763512002143,0.0004162986037957379,100.0,0.0,63.7,4.026164427839479,1.15,0.3570714214271425,4.1,0.5385164807134504,0
905,0.4358811008741972,0.09124852709977954,0.1253798405668423,0.019110512138175346,0.0009658542188400858,0.0005388261653917697,100.0,0.0,63.5,2.819574435974337,1.0,0.0,4.25,0.6224949798994366,0
906,0.5043931789561713,0.095807504874677,0.11110158544906386,0.019763792055644366,0.0010049344835929936,0.0005168208387854484,100.0,0.0,62.7,2.934280150224242,1.05,0.21794494717703372,4.25,1.0897247358851685,0
907,0.6276996871542376,0.09207125628625795,0.08660638444169735,0.020522952020595238,0.001037538933687823,0.0005462957871089545,100.0,0.0,63.15,2.669737814842499,1.05,0.21794494717703372,4.25,0.5361902647381804,0
908,0.7726398079231169,0.07466312927273852,0.054588602976271015,0.01987160867583562,0.0010617535854615377,0.0005185621673115778,100.0,0.0,62.65,2.7436289836637897,1.1,0.3,4.15,0.4769696007084728,0
909,0.8767374765841114,0.0370853259599352,0.02481624148256687,0.012681177672624186,0.0010151246696904065,0.0004767860349334406,100.0,0.0,62.45,3.308700651313141,1.125,0.3112474899497183,4.25,0.9420721840708386,0
910,0.8640523265639635,0.05672489933103911,0.03377601032862944,0.015042817798249713,0.0009451250965592797,0.0005065952292571838,100.0,0.0,62.4,3.839270764090493,1.225,0.40233692348577704,4.2,0.7483314773547882,0
911,0.7570614088475429,0.0767044251678983,0.06564761438216755,0.015520577208942017,0.0008185962780243606,0.00029749897806985887,100.0,0.0,62.25,3.222964473896664,1.025,0.10897247358851683,4.55,0.8046738469715541,0
912,0.6108880461083472,0.08336816798753556,0.0952772489911916,0.014756071924771328,0.0007199311757402168,0.00035604081396181463,100.0,0.0,63.9,2.5278449319529077,1.05,0.21794494717703372,4.45,0.7399324293474372,0
913,0.4932305045858877,0.06461260368726097,0.11638684803962804,0.012366645969910502,0.0007347456587363003,0.00032149760417123086,100.0,0.0,63.65,2.4550967394381837,1.0,0.0,4.55,0.8046738469715541,0
914,0.4416900956629881,0.05532318562417008,0.1252423280989627,0.011900727142748684,0.0008305727783264539,0.0005030064951768427,100.0,0.0,63.65,2.6697378148424984,1.05,0.21794494717703372,4.0,0.6324555320336759,0
915,0.4536435909512975,0.06884843507394066,0.1213393102778267,0.017393925869225717,0.0010407759776771028,0.0008096421261149557,100.0,0.0,62.9,2.773084924772409,1.1,0.3,4.25,1.0428326807307104,0
916,0.5219676146541525,0.07944721846998834,0.10728724704985204,0.020764220135275326,0.001079972663709161,0.0008088689019283287,100.0,0.0,63.55,3.9808918598726084,1.05,0.21794494717703372,4.0,0.8366600265340756,0
917,0.6539825170102211,0.07843515787891468,0.08050434684516727,0.023654955936629234,0.0010245245861501065,0.0006368415112217303,100.0,0.0,63.8,2.8913664589601917,1.1,0.3,4.0,0.6324555320336759,0
918,0.7949947843052746,0.05899501720613189,0.05206154192922582,0.016576661100370583,0.0009476877313796004,0.0006701123643366167,100.0,0.0,63.05,3.323777970924051,1.1,0.3,4.35,0.5722761571129799,0
919,0.893823172303355,0.056275726264919966,0.023750311963697694,0.011220193704955415,0.0008919335346794599,0.0006904768373260263,100.0,0.0,64.0,2.6832815729997477,1.0,0.0,4.3,0.6403124237432849,0
920,0.8813850829496432,0.057234012350786866,0.03310698198158073,0.013737161599633703,0.0007902426084608581,0.0005288688218004393,100.0,0.0,63.25,2.9979159427842537,1.025,0.10897247358851683,4.3,0.7810249675906654,0
921,0.7506069795026306,0.06359267913789081,0.06872189130036357,0.012114778008630374,0.0006547346037319675,0.00031601260515259184,100.0,0.0,62.95,3.840247387864485,1.1,0.3,4.3,0.8426149773176358,0
922,0.5804632533138078,0.0665443514943267,0.10104156232486697,0.012328618376871091,0.0006391486422817512,0.0003149828844765427,100.0,0.0,62.35,2.7436289836637897,1.1,0.3,4.25,0.82915619758885,0
923,0.46195486099541067,0.07308645568521115,0.12260466855460109,0.01423222007660116,0.0006868303361632045,0.0003612303694452113,100.0,0.0,63.7,3.083828789021855,1.05,0.2179449471770337,3.95,0.3840572873934304,0
924,0.40991854695347707,0.08908710213526944,0.13265244394393838,0.017398923138355678,0.0007624780903666188,0.0004006578047084375,100.0,0.0,64.6,2.9899832775452104,1.0,0.0,4.1,0.6244997998398398,0
925,0.4249507607254075,0.11028564691324368,0.1292427911934389,0.02159567618756919,0.0008273136691482207,0.0004066279816425605,100.0,0.0,64.6,2.8705400188814645,1.05,0.21794494717703372,4.1,0.6244997998398398,0
926,0.505345809940066,0.12619942010939272,0.11284419079402037,0.02403958330878577,0.0008956753930767451,0.0003967056474157236,100.0,0.0,63.3,2.98496231131986,1.0,0.0,4.1,0.6244997998398398,0
927,0.6348277202381947,0.12044773923874198,0.08719125907459793,0.024758071425565072,0.0008882050962031485,0.00029433221969871,100.0,0.0,63.65,2.4550967394381837,1.025,0.10897247358851683,4.2,0.6782329983125268,0
928,0.784370612642388,0.08562360376454448,0.05503582632547317,0.020620140524321384,0.0008815076170911127,0.0002685667601094181,100.0,0.0,63.75,3.491060010942235,1.1,0.3,3.75,0.6224949798994366,0
929,0.8780331314529868,0.042630983995142153,0.029225723161916333,0.014928330930199933,0.0008269052324414718,0.00026402740847489205,100.0,0.0,63.75,2.7363296585024255,1.05,0.21794494717703372,4.2,0.6782329983125269,0
930,0.8595543182474408,0.07998940834958616,0.03724176157549935,0.020096887639699426,0.0007790829398335509,0.00029623819963228113,100.0,0.0,62.6,3.1208973068654475,1.15,0.3570714214271425,4.1,0.6244997998398398,0
931,0.7438993697412208,0.10652690156917585,0.06840889272089104,0.021458973503562226,0.0007705440114812803,0.000275232226296526,100.0,0.0,63.45,3.353729267546801,1.0,0.0,4.3,0.6403124237432849,0
932,0.5980289539740781,0.10449152639130853,0.09826808283789913,0.019890850383692874,0.0007047283509225341,0.00031151428819177783,100.0,0.0,63.25,3.207413287993925,1.05,0.21794494717703372,4.3,0.8426149773176358,0
933,0.487053136170445,0.09401595549227772,0.11901818497835763,0.018323705658730368,0.0006499276793083582,0.00030276974694517963,100.0,0.0,63.4,3.541186241925155,1.05,0.21794494717703372,4.35,0.5722761571129799,0
934,0.429828836389161,0.09467019336765174,0.1292770909720804,0.01830060715547161,0.0006589316869991082,0.0003405852165640791,100.0,0.0,62.4,3.2619012860600183,1.25,0.4330127018922193,4.2,0.6782329983125269,0
935,0.4375494919345614,0.0876581151393911,0.1275122675583827,0.016331768713649875,0.0006784323281610963,0.0003734258060568375,100.0,0.0,63.6,2.9563490998188966,1.1,0.3,4.5,0.7416198487095663,0
936,0.5162866426405945,0.10095591801661984,0.11198127523254957,0.018362408324536415,0.0007054978313195909,0.0003071327564186071,100.0,0.0,63.5,3.248076353782343,1.125,0.3112474899497183,4.1,0.7681145747868608,0
937,0.6499461283478365,0.09564929897199256,0.0863813830159497,0.018500503153778075,0.0007384307724724081,0.0002924433170127394,100.0,0.0,63.3,3.333166662499792,1.05,0.21794494717703372,4.3,0.9539392014169458,0
938,0.8044571634134774,0.06713506581664379,0.053334695801712385,0.016132111540905696,0.0007611499491006776,0.00029891952064687064,100.0,0.0,64.15,3.08666486681013,1.0,0.0,4.4,0.66332495807108,0
939,0.9029485746562076,0.02939824239603319,0.024385563715234183,0.00843324591891816,0.0007378737294342099,0.00028083069998449,100.0,0.0,64.75,2.277608394786075,1.0,0.0,4.15,0.4769696007084728,0
940,0.8806491860048885,0.03730799274794964,0.03385356069009113,0.013477692370482353,0.0007157266805269254,0.00021684119001811646,100.0,0.0,63.25,2.947456530637899,1.0,0.0,4.2,0.7483314773547883,0
941,0.7459613414903828,0.06798012367807363,0.06906289659340215,0.014478391425672177,0.0006942743224347827,0.00027500981756337924,100.0,0.0,64.85,3.4391132578035286,1.1,0.3,4.0,0.7071067811865476,0
942,0.5826445212921809,0.08132925040694207,0.10067857575333031,0.014794426263065956,0.0006718377424075416,0.0002573155963913121,100.0,0.0,63.25,3.2996211903792836,1.05,0.21794494717703372,4.35,0.6538348415311012,0
943,0.4660022695732298,0.07759280059588967,0.12174458962048351,0.01526351643680866,0.0007411708755908436,0.000337669623639862,100.0,0.0,63.3,2.6286878856189833,1.05,0.21794494717703372,4.4,0.8602325267042626,0
944,0.4122371669791849,0.07548786080968747,0.13159730170553816,0.016287161979101177,0.0008254781490095372,0.00041663720603832494,100.0,0.0,63.85,3.0866648668101306,1.1,0.3,4.2,0.6782329983125269,0
945,0.42869683993814994,0.09001119161234723,0.1278194167605595,0.01996581886292521,0.0009248247679549367,0.0005387942518726302,100.0,0.0,65.0,3.1304951684997055,1.05,0.21794494717703372,4.3,0.9539392014169458,0
946,0.5116267929849536,0.09921308261024944,0.11114655291674769,0.021234856739585688,0.0009624844532385996,0.0005463667250912357,100.0,0.0,63.5,2.9410882339705484,1.05,0.21794494717703372,4.05,0.6689544080129826,0
947,0.6517658043010546,0.09871674891436444,0.08326372736118473,0.021658859952389236,0.0009525154950140724,0.00047573778675856634,100.0,0.0,63.3,3.0182776545573144,1.075,0.23848480035423641,4.1,0.7681145747868608,0
948,0.794343715948975,0.06697545852543019,0.04970184278583533,0.020598753086826443,0.0010043445793498217,0.00047888753490504067,100.0,0.0,62.4,2.4979991993593593,1.1,0.3,4.1,0.8306623862918076,0
949,0.8871370858090841,0.03619713126113551,0.024679617153600463,0.013261705972253523,0.0008798415788946334,0.00043606896034692515,100.0,0.0,62.7,3.536947836765479,1.05,0.21794494717703372,4.15,0.5722761571129799,0
950,0.8664508945711674,0.06128233716614278,0.03604553589821754,0.015041213597264236,0.0008447648785335664,0.00038699353998918734,100.0,0.0,62.3,3.083828789021855,1.15,0.3570714214271425,4.2,0.6782329983125269,0
951,0.7569860339290729,0.07673504321412483,0.06616279778987755,0.014173171147860488,0.0008280876504809838,0.000480010496779181,100.0,0.0,63.95,2.8013389655662877,1.0,0.0,4.45,1.0712142642814273,0
952,0.6095506004542615,0.06711399800178025,0.09527672334373351,0.01332231933313466,0.000779819430494198,0.00044532394147951004,100.0,0.0,63.85,3.259984662540608,1.075,0.23848480035423641,4.15,0.5722761571129799,0
953,0.48837244737489066,0.06784474095170151,0.11758056061731433,0.013624575686128583,0.0007161674377608195,0.0004841034173417027,100.0,0.0,62.2,2.803569153775237,1.15,0.3570714214271425,4.4,0.7999999999999999,0
954,0.43482861148110546,0.09046929922566534,0.12764799223378565,0.017741242854418252,0.0007697945180268632,0.00046664434856925755,100.0,0.0,63.35,2.9542342493444895,1.125,0.3112474899497183,4.35,1.061838029079765,0
955,0.4552922532992178,0.11205883064639958,0.12337869759018631,0.022138960096276743,0.0008682153907073612,0.000543005747775029,100.0,0.0,63.8,3.0430248109405875,1.1,0.3,4.2,0.5099019513592784,0
956,0.5411134456373385,0.12268169768989207,0.10589983199533322,0.0244332873088788,0.0009441574793173171,0.00048759374350745594,100.0,0.0,63.55,2.6734808770589704,1.0,0.0,4.25,0.7664854858377946,0
957,0.6715520315092822,0.11800391272699993,0.07917262407523894,0.025678395342337974,0.0009649192759825476,0.0004059549151342226,100.0,0.0,63.65,2.4753787588973126,1.05,0.21794494717703367,4.2,0.7483314773547882,0
958,0.8072070882048633,0.0768834359749133,0.046413920618479,0.02121798079228369,0.0009978939046210603,0.000360595830060658,100.0,0.0,63.75,2.5273503912200224,1.05,0.21794494717703372,4.55,0.8046738469715541,0
959,0.8743059293817103,0.03807244392739905,0.02601846931822993,0.012259576998095371,0.0010179354704000054,0.000387344153469366,100.0,0.0,63.35,3.8765319552404045,1.1,0.3,4.25,0.698212002188447,0
960,0.8369535099783942,0.0780819735035144,0.04123827217660861,0.020995760283088912,0.0009274653850174619,0.0003339824786380317,100.0,0.0,62.55,2.7106272336859605,1.05,0.21794494717703372,4.3,0.8426149773176358,0
961,0.7212100059623509,0.10126503809122743,0.07243095408512644,0.020203450280964874,0.0008777558783313237,0.0003494009117710866,100.0,0.0,63.85,2.632014437650371,1.1,0.3,4.35,0.7262919523166975,0
962,0.5874896978090702,0.10827802026893732,0.1000508684375001,0.019094318479334123,0.0007343683568092304,0.0002908214300110638,100.0,0.0,62.9,2.0712315177207983,1.025,0.10897247358851683,4.15,0.6538348415311012,0
963,0.46558557157088687,0.10217187836291783,0.12253435168427189,0.018384262881056813,0.000734569223315267,0.0003688845038087197,100.0,0.0,64.6,3.1208973068654466,1.1,0.3,4.1,0.7681145747868608,0
964,0.41690490241018063,0.09239428712623962,0.13066236458185945,0.018099787373910964,0.0009040463571336699,0.0008579453432454503,100.0,0.0,63.6,3.7067505985701277,1.1,0.3,4.4,0.9165151389911679,0
965,0.44590733530494964,0.10566220067126834,0.12348827422603599,0.02275496026970536,0.001068089423096963,0.001045462716510608,100.0,0.0,62.4,2.6907248094147422,1.1,0.3,4.1,0.7000000000000001,0
966,0.5257768932950161,0.11785774499130423,0.10700358204792075,0.02432783536884387,0.0011308844342600322,0.0008696877964482535,100.0,0.0,63.7,3.0512292604784714,1.075,0.23848480035423641,4.05,0.49749371855331004,0
967,0.6527233016907338,0.11178359613822333,0.08113393625638912,0.02383403272693958,0.0011143601840358545,0.0006850705060348404,100.0,0.0,63.15,3.2291639784935047,1.05,0.21794494717703372,4.15,0.8529361054615991,0
968,0.7908662095303939,0.09484493646906801,0.0519793991354649,0.02145382237749983,0.0009599044187951303,0.0004793880325745366,100.0,0.0,62.5,2.3345235059857505,1.0,0.0,4.15,0.7262919523166976,0
969,0.8687679760211312,0.07104560692732799,0.02934587798850487,0.016254003241109833,0.000979026235119309,0.0004949105843343834,100.0,0.0,63.25,2.56661255354212,1.05,0.21794494717703372,4.35,0.7262919523166976,0
970,0.8476071585869113,0.07883478916911257,0.038919477560461706,0.02144635856538276,0.0009156300435306342,0.0004298964020718905,100.0,0.0,64.2,3.6414282912066254,1.075,0.23848480035423641,4.15,0.6538348415311009,0
971,0.7295924824652256,0.08596614354576934,0.07096683162448453,0.018514873472434714,0.0008592058245851639,0.0003555772778331732,100.0,0.0,62.85,2.9372606285449034,1.15,0.3570714214271425,4.4,0.66332495807108,0
972,0.5940369844251773,0.08806799230282206,0.09806790069293451,0.017081576306636932,0.000844612525432591,0.0003156635931723882,100.0,0.0,64.15,3.070423423568808,1.025,0.10897247358851683,4.2,0.6782329983125268,0
973,0.47868051345827434,0.09090960824213808,0.11993801092222314,0.017334851708249506,0.0007697708201938177,0.0003166763770791241,100.0,0.0,62.5,2.819574435974337,1.025,0.10897247358851683,4.4,0.4898979485566356,0
974,0.4311050623434741,0.0827455787215056,0.12829491656595554,0.016344768167617946,0.0008311652601388355,0.00041434129364136023,100.0,0.0,64.3,2.7766886753829647,1.05,0.21794494717703372,4.2,0.8717797887081347,0
975,0.4428718225326568,0.08062323018069437,0.12494260272436544,0.01598576942773713,0.0010268366640863748,0.0005304745921260729,100.0,0.0,63.5,2.5,1.05,0.2179449471770337,4.2,0.812403840463596,0
976,0.529361870392797,0.08735953616061534,0.10687644879562963,0.016736788845361342,0.001176409111980174,0.0005788187922866736,100.0,0.0,63.95,3.2167530212933664,1.0,0.0,4.4,0.7348469228349533,0
977,0.6633802956660882,0.10150812180390038,0.08002343682951882,0.02039897972447378,0.0011123192822771679,0.0005285393035374134,100.0,0.0,62.9,2.861817604250837,1.075,0.23848480035423641,4.45,0.5894913061275798,0
978,0.8016859242078885,0.08394412766968927,0.04668387129477926,0.022081347913667903,0.0010602341963234325,0.0005556861423407119,100.0,0.0,63.15,3.91503512117069,1.1,0.3,4.1,0.5385164807134504,0
979,0.8793235678053083,0.05123962979192102,0.024831930486496446,0.013305110897271072,0.0009778218838745949,0.00040225031389378753,100.0,0.0,63.6,3.8131351929875237,1.1,0.3,4.3,0.6403124237432849,0
980,0.8462887997838926,0.0674978627454184,0.039936662137403135,0.01607116491223452,0.0009107211200115163,0.0004273231288440279,100.0,0.0,62.85,2.495495942693556,1.1,0.3,4.3,0.9,0
981,0.7275095819151629,0.09102457366561036,0.07062194636336933,0.01854448780824749,0.0008988368406318356,0.0005014057961174081,100.0,0.0,63.85,2.706935536727833,1.075,0.23848480035423641,4.2,0.6,0
982,0.5837264622283513,0.10679080114398132,0.0997633685604844,0.01988841855611718,0.0008133369742159187,0.0005006524965224647,100.0,0.0,63.7,2.703701166919155,1.025,0.10897247358851683,4.35,0.7921489758877431,0
983,0.47579113156368935,0.11276551604924574,0.12032916324164704,0.02048411658490863,0.0006944533973288757,0.0002826107483906336,100.0,0.0,63.0,3.0,1.125,0.3112474899497183,4.25,0.7664854858377946,0
984,0.41960039592019643,0.11579246149515535,0.13119296081204443,0.022024235504989862,0.0007063085261385315,0.00028479895689327285,100.0,0.0,63.2,3.171750305430741,1.05,0.21794494717703372,4.25,0.8874119674649424,0
985,0.4345112902390311,0.12449822137435398,0.1281817312954531,0.02356574151354343,0.000819836523955122,0.00038522773190826916,100.0,0.0,63.15,3.0376800358168077,1.1,0.2549509756796392,4.0,0.4472135954999579,0
986,0.5213028173629464,0.1361030018136061,0.11073543205861032,0.02535027838106539,0.00089608429089641,0.00045266709855877255,100.0,0.0,64.6,4.042276586281548,1.1,0.3,4.0,0.5477225575051661,0
987,0.6541088389204436,0.1311016063855079,0.08342748250056148,0.02629111732238659,0.0009440607853853204,0.0005116838341030109,100.0,0.0,63.4,2.5961509971494343,1.1,0.3,4.35,0.7262919523166975,0
988,0.7977963323468913,0.10192922538582208,0.05108606195619044,0.022962036905515917,0.0009129947302037153,0.0005044010443471504,100.0,0.0,64.0,2.4289915602982237,1.0,0.0,4.1,0.7000000000000001,0
989,0.8819330364599782,0.05075442853947491,0.02637073592750358,0.015195050033712349,0.0008734966180978272,0.0004500482969859133,100.0,0.0,63.45,2.692118125194361,1.05,0.21794494717703372,4.35,0.7921489758877431,0
990,0.854439318899957,0.07067670291699472,0.037724416346308264,0.018237540245178464,0.0008872803743865402,0.0005142537577608271,100.0,0.0,62.95,2.1558061137310096,1.0,0.0,4.15,0.8529361054615991,0
991,0.7361812679306258,0.09378043358418732,0.06955254531324588,0.019415961423191092,0.0008191811179517419,0.00037056396807572106,100.0,0.0,63.3,3.333166662499792,1.075,0.23848480035423641,4.35,0.9096702699330127,0
992,0.5916941216925068,0.09362557364987519,0.09905023022937802,0.017450395862093165,0.0007330469807755769,0.0003625291485419736,100.0,0.0,63.55,2.747271373563231,1.15,0.3570714214271425,4.3,0.714142842854285,0
993,0.4805758835962359,0.07608020755189743,0.11928078111826752,0.014474574130674406,0.0006897870229003823,0.00044291479369625,100.0,0.0,63.65,3.305676935213119,1.0,0.0,4.35,0.9630680142129111,0
994,0.4276457525725215,0.07423407136326242,0.12910698237999746,0.014435768307082162,0.0008356018124047492,0.0004336312976874382,100.0,0.0,62.85,3.5110539728121526,1.125,0.3112474899497183,4.15,0.5722761571129799,0
995,0.4577141901071077,0.08855974128211667,0.12291450262776418,0.016774555084474993,0.0009369296399395714,0.0004763639266308757,100.0,0.0,64.0,3.605551275463989,1.025,0.10897247358851683,4.15,0.47696960070847283,0
996,0.5440499163260901,0.09249331007477056,0.10440747658975165,0.01761884450728442,0.0011165744871643902,0.0006474907455428592,100.0,0.0,63.2,3.2649655434629015,1.05,0.21794494717703372,4.25,0.5361902647381804,0
997,0.6820884440806756,0.09599824583535232,0.07825328125801649,0.019387990413080446,0.00098268212400082,0.0004329230182525188,100.0,0.0,63.5,1.8303005217723127,1.0,0.0,4.05,0.6689544080129826,0
998,0.8263038453247626,0.07024814133436072,0.04684394631610529,0.01585561716385344,0.000840862009125624,0.0004140190314178723,100.0,0.0,62.7,3.874274125562103,1.1,0.3,4.15,0.5722761571129799,0
999,0.8946009275653151,0.056337557892995736,0.025212973454786042,0.013149918786329854,0.0007872561513581598,0.0004509884652509672,100.0,0.0,63.15,3.2446109165815247,1.025,0.10897247358851683,4.2,0.7483314773547883,0
