generation,mean_fitness_mean,mean_fitness_std,distance_from_optimum_mean,distance_from_optimum_std,phenotype_variance_mean,phenotype_variance_std,population_size_mean,population_size_std,n_parents_mean,n_parents_std,median_offspring_mean,median_offspring_std,max_offspring_mean,max_offspring_std,extinct_count
0,0.6735759407880908,0.03327190827842943,0.01715038281164832,0.007381453416787082,0.004638958459681004,0.0006847424499837602,100.0,0.0,63.0,2.9154759474226504,1.15,0.3570714214271425,4.25,0.6224949798994366,0
1,0.7354438431706867,0.03331655724778644,0.01877254209855125,0.006900581074940139,0.0033852776476271753,0.0004948264178550294,100.0,0.0,63.8,1.9899748742132402,1.0,0.0,4.35,0.6538348415311012,0
2,0.7793032540033535,0.0363866760178046,0.018244488181666383,0.008460537681657141,0.0026243602612702325,0.0005034796738798199,100.0,0.0,63.75,2.947456530637899,1.05,0.2179449471770337,4.05,0.4974937185533099,0
3,0.8193520500817663,0.04477528638365715,0.018350150425198365,0.007348379868068468,0.00200564174765831,0.0004896694727237093,100.0,0.0,62.2,3.1080540535840107,1.125,0.3112474899497183,4.2,0.6782329983125269,0
4,0.8342703377878491,0.047587028532140016,0.01610721176446547,0.007439878277995143,0.0018103733485742017,0.0005559322313764503,100.0,0.0,63.1,2.3853720883753127,1.05,0.21794494717703372,4.2,0.9797958971132711,0
5,0.850833002008244,0.04504299677171481,0.01410128830068628,0.00743086509691968,0.001628690603674858,0.0005394742464369692,100.0,0.0,63.6,2.8530685235374214,1.05,0.21794494717703372,4.55,0.9733961166965892,0
6,0.8613439652972797,0.04961505245491695,0.014490261937934734,0.005869932202174237,0.0014865299163001192,0.0006096258463864707,100.0,0.0,63.55,2.4181604578687494,1.075,0.23848480035423641,4.15,0.6538348415311012,0
7,0.8679331341886869,0.043027333252651956,0.015458704227143929,0.0065428264639234065,0.0013790795452709994,0.0005324579586346351,100.0,0.0,64.05,2.9744747435471695,1.05,0.2179449471770337,4.0,0.5477225575051661,0
8,0.8806814594491661,0.037686099508825344,0.015169013615693772,0.008399750688908901,0.0012039209931409773,0.000504167772058117,100.0,0.0,64.25,2.118372016431486,1.025,0.10897247358851683,4.3,0.9,0
9,0.8889525922375455,0.036078392130019094,0.015682229746264313,0.007603659646338111,0.0011023353606009734,0.00043222873860058146,100.0,0.0,63.7,2.5317977802344327,1.025,0.10897247358851683,4.4,0.9695359714832658,0
10,0.8917639178309983,0.03151167146541905,0.01704474714734833,0.007814245916335413,0.001034296406940122,0.0004108750035867596,100.0,0.0,63.1,2.681417535558384,1.125,0.3112474899497183,4.25,0.698212002188447,0
11,0.8929982785928937,0.032826930391838476,0.017799742794718534,0.009166425366965231,0.0010066288050888355,0.00044058189813097796,100.0,0.0,64.7,2.3473389188611007,1.0,0.0,4.25,1.0428326807307104,0
12,0.8964265704162653,0.030823103119949166,0.018123256570050327,0.008671272807696835,0.0009701641591676413,0.00041088323836835616,100.0,0.0,63.15,3.902242944769072,1.2,0.3674234614174767,3.95,0.49749371855331004,0
13,0.8978452386400229,0.03332942837538278,0.0177338632365247,0.009386310376543763,0.0009528173417088576,0.0004166131828799829,100.0,0.0,62.4,3.916631205513228,1.15,0.3570714214271425,4.45,0.5894913061275798,0
14,0.9024627390381733,0.03503877024194468,0.019290977718293606,0.008723497497502534,0.0008725587334949689,0.00039742804191745504,100.0,0.0,62.5,3.427827300200522,1.075,0.23848480035423641,4.15,0.6538348415311012,0
15,0.9058126100260608,0.03785271727349706,0.018928692358468564,0.00784200707486148,0.0008448165400751322,0.00041265932919441636,100.0,0.0,62.7,2.8653097563788807,1.1,0.2549509756796392,4.4,0.6633249580710799,0
16,0.9056903175660034,0.037817646013017917,0.019180027196149717,0.007942826686795402,0.0008415629826943737,0.0003841619196375218,100.0,0.0,64.15,3.2905166767545793,1.05,0.21794494717703372,4.0,0.8366600265340756,0
17,0.9084802371905679,0.035577736696761175,0.018756404596042588,0.008849645640920044,0.0008064272651667224,0.0003064362339685607,100.0,0.0,63.65,2.5937424698685874,1.05,0.21794494717703372,3.85,0.3570714214271425,0
18,0.9071206679665818,0.03548964532021905,0.019230853033549423,0.010527734627305467,0.0008071934629385635,0.0003350067250636369,100.0,0.0,63.75,2.662235902394827,1.05,0.21794494717703372,4.2,0.8717797887081348,0
19,0.9060678258527783,0.036793347984318714,0.019361294038859275,0.01049018189498474,0.0008178732196285551,0.0003270580230812795,100.0,0.0,63.1,3.766961640367472,1.1,0.3,4.4,0.6633249580710799,0
20,0.9115987777942441,0.03772738373890798,0.020812708707172327,0.009817445435959828,0.0007271440613655028,0.0003100647746621314,100.0,0.0,62.5,2.5592967784139455,1.0,0.0,4.25,0.6224949798994366,0
21,0.9125849752401483,0.04052028758582618,0.02057703507294317,0.010736438070776816,0.0007046327804401649,0.00031483150232963737,100.0,0.0,64.4,2.615339366124404,1.025,0.10897247358851683,4.15,0.653834841531101,0
22,0.9162875156633902,0.03808908941307075,0.020423582756151616,0.010369734639820537,0.0006651592631922059,0.0002972209106497849,100.0,0.0,64.3,3.287856444554719,1.0,0.0,4.1,0.7000000000000001,0
23,0.9142173159869855,0.03602985878918954,0.02096149757228741,0.011186610849445205,0.0006776016797061461,0.00026600035897019153,100.0,0.0,63.6,3.32264954516723,1.1,0.3,4.4,0.7999999999999999,0
24,0.9134111047765707,0.03438675340258796,0.020791394137933527,0.011033817959949063,0.0006873913472180183,0.0002858036082522107,100.0,0.0,62.1,2.022374841615669,1.1,0.3,4.35,0.8529361054615991,0
25,0.9159595201286086,0.028543585767698953,0.020090634317013127,0.011076482830345567,0.0006664214382030262,0.00023425020590821583,100.0,0.0,63.9,2.5475478405713994,1.05,0.21794494717703372,4.15,0.7262919523166976,0
26,0.915779353658861,0.02596223360336583,0.020665671198319892,0.010758912106501055,0.0006660230469568973,0.0001794221061060323,100.0,0.0,64.15,2.4550967394381837,1.0,0.0,4.05,0.5894913061275798,0
27,0.9124936880964046,0.03228648395316471,0.022584385320616525,0.011401821977739274,0.0006502548731155652,0.0002285576617604712,100.0,0.0,63.0,1.8973665961010275,1.0,0.0,4.25,0.7664854858377946,0
28,0.9105607055097666,0.027392075029382634,0.023106630452451676,0.009783975892628515,0.000680176472260068,0.00019281248563821234,100.0,0.0,63.45,3.0573681492420897,1.075,0.23848480035423641,4.05,0.49749371855331,0
29,0.9043739601177085,0.028013802606872695,0.024562916238099287,0.01039779515020294,0.0007286191701503348,0.00021668632661661828,100.0,0.0,63.55,3.169779172119093,1.0,0.0,4.4,0.7999999999999999,0
30,0.8993962028064516,0.027330650837559315,0.025592840943358723,0.01023935526207269,0.0007692969538550537,0.00021735447898489372,100.0,0.0,63.85,2.7069355367278325,1.05,0.21794494717703372,4.3,0.6403124237432849,0
31,0.9004186522749171,0.02584428048069586,0.02660446146444606,0.010920232086912583,0.0007079776984051614,0.00022347066193283968,100.0,0.0,63.25,3.5899164335677787,1.05,0.15,4.1,0.8306623862918074,0
32,0.8972802308539638,0.030901527784183466,0.02768841678575169,0.01183889096810365,0.0007032551581239027,0.00023866181189597746,100.0,0.0,62.8,2.6381811916545836,1.05,0.21794494717703372,4.05,0.5894913061275798,0
33,0.8930111424217111,0.0329453946414374,0.02875371760439178,0.013679796298655886,0.0007061838714987387,0.0001964017943807916,100.0,0.0,63.9,3.8327535793473597,1.0,0.0,4.1,0.8888194417315588,0
34,0.8855991959397977,0.03197003008641812,0.03142348878159609,0.0132127678059227,0.0007249759526669014,0.00025362809281120977,100.0,0.0,62.85,3.4536212878658255,1.075,0.23848480035423641,4.35,0.7262919523166975,0
35,0.8847780841375366,0.04116678861731292,0.03323184941608224,0.012612771424746417,0.0006864215721883244,0.0003176304404018273,100.0,0.0,63.95,3.3537292675468007,1.075,0.23848480035423641,4.15,0.4769696007084728,0
36,0.8803361299680292,0.04275894573035714,0.03563434973566304,0.013064126777915132,0.0006301039023701815,0.00022668727490114158,100.0,0.0,63.55,3.089902911096076,1.1,0.3,4.35,0.792148975887743,0
37,0.8786305528286826,0.04576419809068536,0.036272653874965796,0.013662308766256433,0.0006105766212614444,0.00019872292763310106,100.0,0.0,63.5,2.8548204847240397,1.125,0.3112474899497183,4.3,0.714142842854285,0
38,0.8736659761123207,0.05139632492672262,0.03865682374394763,0.013472197245446153,0.0005812407757251475,0.00023410683165405572,100.0,0.0,63.55,2.854382595238418,1.0,0.0,4.3,0.6403124237432849,0
39,0.8710289161262578,0.05403532751118676,0.03771442093398344,0.012900563257292266,0.0006699775397727279,0.0002955313986876481,100.0,0.0,63.5,2.5592967784139455,1.025,0.10897247358851683,4.15,0.653834841531101,0
40,0.8664842599609661,0.05328304821917901,0.03937223403604036,0.012055817669790345,0.0006643978767901365,0.000329708519492463,100.0,0.0,63.75,3.672533185690771,1.025,0.10897247358851683,3.9,0.6244997998398398,0
41,0.8617184588983392,0.05372107969795674,0.040183801005693805,0.01221562431022445,0.0006860255453922516,0.00032514710523086625,100.0,0.0,63.35,2.554897258208243,1.0,0.0,4.05,0.6689544080129826,0
42,0.8568250002747216,0.05049885124207058,0.04164245278576786,0.012032149749691369,0.000685298081035747,0.0002841884120280049,100.0,0.0,62.85,3.5535193822462827,1.025,0.10897247358851683,4.15,0.7921489758877431,0
43,0.8561847292691633,0.04947273604246578,0.04350119009094917,0.013068928455856173,0.0006077364726893675,0.0002305241572621005,100.0,0.0,63.15,3.5252659474144643,1.05,0.21794494717703372,4.35,0.9096702699330126,0
44,0.8537349148596597,0.050063979578544374,0.0445360695806974,0.012466603482219958,0.0005907916338404512,0.00020272371838735622,100.0,0.0,64.35,3.4391132578035286,1.05,0.21794494717703372,4.2,1.0770329614269007,0
45,0.8430270553621988,0.05595675048611532,0.04671001140664953,0.012954670909187395,0.0006273242872785734,0.00023528431876982802,100.0,0.0,64.0,3.271085446759225,1.05,0.21794494717703372,4.4,0.66332495807108,0
46,0.8369467407450951,0.05925441944221609,0.04943497628856408,0.01193826492847863,0.0005780162241493657,0.00023021792628203893,100.0,0.0,64.0,2.32379000772445,1.025,0.10897247358851683,4.05,0.5894913061275798,0
47,0.8337476303855536,0.06470476251242663,0.04998112280457873,0.012719695891991362,0.0005882232928619169,0.0002617583442179442,100.0,0.0,62.95,3.3387872049593095,1.075,0.23848480035423641,4.25,0.7664854858377946,0
48,0.8283371687690286,0.06667826659141292,0.05065708819962968,0.014106706477280326,0.0006184914263739412,0.000303315626322878,100.0,0.0,63.8,3.3406586176980126,1.05,0.21794494717703372,4.0,0.5477225575051661,0
49,0.8203566757171983,0.06516714400660488,0.0527765973964238,0.014045709533017441,0.0006042051640006126,0.00032857517500510037,100.0,0.0,63.2,2.6758176320519302,1.05,0.2179449471770337,4.1,0.6244997998398398,0
50,0.8103388359542016,0.0727761208208565,0.054362301192556375,0.01547503843906287,0.0006402593955073711,0.000411218128717202,100.0,0.0,64.4,2.8,1.05,0.15,4.0,0.8366600265340756,0
51,0.79771525957389,0.07004818061027482,0.05630057715669412,0.015915640101921646,0.0006942596614716739,0.00032273074573014535,100.0,0.0,62.7,3.874274125562103,1.125,0.3112474899497183,4.5,0.5916079783099616,0
52,0.7906306965426054,0.07213591442464935,0.056574101089069385,0.01721983819166426,0.0007482905592324042,0.00040519870163192124,100.0,0.0,64.45,3.2935543110748915,1.0,0.0,4.5,0.9746794344808963,0
53,0.7897180586053618,0.07145177922498741,0.057146513649224205,0.01722854566007545,0.0007272625193084122,0.0004297982117598954,100.0,0.0,62.95,2.376446927663229,1.075,0.23848480035423641,4.35,0.47696960070847283,0
54,0.7827850772057745,0.07108333798043256,0.05898681357682155,0.016647106839846906,0.0007256363312780135,0.00038492805484461294,100.0,0.0,62.55,3.5563323804166562,1.1,0.2549509756796392,4.55,0.5894913061275798,0
55,0.77872594815403,0.06441827397926955,0.06006225424096114,0.015808440430080714,0.0007358646839652924,0.0003874626261321123,100.0,0.0,64.05,3.57036412708844,1.05,0.21794494717703372,4.1,0.6244997998398398,0
56,0.7790868832926028,0.06462286234862467,0.05912521606259489,0.015941160018359272,0.0007969594869797298,0.0004105689268360339,100.0,0.0,63.5,3.0083217912982647,1.0,0.0,3.95,0.3840572873934304,0
57,0.7810552260473875,0.06531374444242317,0.05827346520435754,0.01697275448094934,0.0007980350021505562,0.00039242223597687434,100.0,0.0,62.4,3.2619012860600183,1.075,0.23848480035423641,4.35,0.5722761571129799,0
58,0.7741616346795701,0.06528098050918014,0.060006079844316364,0.01670762507005197,0.0007849488724711234,0.00035456388310453114,100.0,0.0,63.25,2.9979159427842537,1.125,0.3112474899497183,4.2,0.6,0
59,0.7705889532335103,0.07286216418029344,0.061030125277999205,0.017174883533988033,0.0007704768872660035,0.0003962304558862639,100.0,0.0,62.95,2.4181604578687494,1.1,0.3,4.35,0.7262919523166975,0
60,0.7659728677186293,0.0724938085477447,0.06058841928130523,0.01801991353412577,0.0008438671063518234,0.00047770190663231867,100.0,0.0,64.3,2.685144316419511,1.05,0.2179449471770337,4.2,0.6,0
61,0.7650603725371149,0.08255469833188547,0.05989956448503163,0.020903001850829498,0.000856940703524423,0.0004376612286068369,100.0,0.0,63.6,2.817800560721074,1.05,0.21794494717703372,4.1,0.5385164807134504,0
62,0.7569566703896247,0.09098323527845169,0.061272270569987096,0.022622946953158255,0.0008938547555635007,0.00046085606985628254,100.0,0.0,63.85,2.7253440149823285,1.05,0.21794494717703372,4.05,0.739932429347437,0
63,0.7554710626684468,0.09352838830557421,0.060328466586209675,0.022779411371706738,0.0010164250502139073,0.0004822842384837847,100.0,0.0,62.0,2.6457513110645907,1.1,0.3,4.5,1.0723805294763609,0
64,0.7634168099452,0.09423556112581859,0.06005872191583872,0.021910794575244127,0.000938981249328916,0.0003778048027112881,100.0,0.0,63.1,3.576310948449533,1.0,0.0,4.25,0.7664854858377946,0
65,0.7748128122273957,0.08938957458036617,0.05863425800047496,0.02144443757499286,0.0008581817380308263,0.00030539581836625847,100.0,0.0,63.95,2.8892040426387333,1.0,0.0,4.25,0.8874119674649424,0
66,0.7792340650164343,0.08542237530860557,0.05766238630685687,0.020937894268335866,0.0008658494072374916,0.00027642430418540017,100.0,0.0,63.45,2.5782746168707473,1.1,0.3,4.05,0.739932429347437,0
67,0.7825527099271755,0.0854276271196473,0.05733939238588315,0.01951499451521176,0.0008858290990343777,0.0003630075050293262,100.0,0.0,62.65,3.7719358425084595,1.1,0.3,4.1,0.5385164807134504,0
68,0.7856896444407062,0.08958930838952042,0.05714581241167034,0.020427860769763898,0.0008056129180917845,0.0003242899124254898,100.0,0.0,63.15,2.7436289836637897,1.075,0.23848480035423641,4.25,0.6224949798994366,0
69,0.7823413728215474,0.0901864093971924,0.05700265894541494,0.019071567124890394,0.0008900630470834309,0.00042249000195223105,100.0,0.0,63.7,2.4919871588754225,1.05,0.21794494717703372,3.95,0.5894913061275798,0
70,0.7852935568117755,0.08431001405727373,0.05738210107004934,0.016873320762512183,0.0008448471612871958,0.00035145480742658914,100.0,0.0,64.6,3.3823069050575523,1.05,0.21794494717703372,4.1,0.8306623862918076,0
71,0.7750678928334473,0.08151380240968167,0.05950335361132654,0.015576183981164273,0.000872825419965031,0.00034931513972562956,100.0,0.0,63.8,2.1587033144922905,1.0,0.0,4.2,0.7483314773547883,0
72,0.7734021879696545,0.08117943432970832,0.0606359119130596,0.016028692273403974,0.0008034476051739875,0.00041300753965912664,100.0,0.0,63.4,2.7459060435491964,1.075,0.23848480035423641,4.15,0.7262919523166976,0
73,0.7616345044140331,0.08071819907880314,0.06306551589254733,0.015391830225281535,0.0008188083971067504,0.0004992233719230155,100.0,0.0,62.95,2.747271373563231,1.1,0.3,4.5,0.806225774829855,0
74,0.7610424295347091,0.0710487113601207,0.06318247730796862,0.013862139205324987,0.0008195211203946683,0.00043016755316377863,100.0,0.0,63.7,1.8734993995195195,1.125,0.3112474899497183,4.15,0.5722761571129799,0
75,0.755519348723983,0.06865043813837682,0.06360070927262969,0.012673188845314466,0.0009030684073238904,0.0003752046701617141,100.0,0.0,63.35,2.372235232855292,1.2,0.4,4.25,0.7664854858377946,0
76,0.7465941512715685,0.07204070305600063,0.06586243634441667,0.014083979122123245,0.0008605702810820549,0.0003169655787884083,100.0,0.0,63.85,3.1980462785894765,1.125,0.3112474899497183,4.05,0.49749371855331004,0
77,0.7416178559045428,0.06702108128925756,0.06658793684040784,0.012582205422473609,0.0009126378796912016,0.0003617090405621503,100.0,0.0,62.45,2.5975950415721076,1.025,0.10897247358851683,4.45,0.8046738469715541,0
78,0.7383122227635042,0.06856454106515733,0.06719441566431586,0.012176124121401677,0.0009293302285890244,0.0003375704749259555,100.0,0.0,63.4,3.2155870381627056,1.125,0.3112474899497183,4.25,0.698212002188447,0
79,0.7378726609279774,0.07316142373076827,0.06658450910425959,0.013468026490341903,0.0009683912814855346,0.0003781630431162721,100.0,0.0,62.65,3.7453304260105007,1.025,0.10897247358851683,4.25,0.698212002188447,0
80,0.7305417488704247,0.07005963092457983,0.06851493358220888,0.012619636742342868,0.0009400460303713906,0.0004172208364880786,100.0,0.0,62.65,3.785168424258028,1.05,0.21794494717703372,4.1,0.5385164807134504,0
81,0.7277212249989669,0.0709119417646552,0.06903292408273884,0.014302525277291917,0.0009185845093724017,0.00047310984892042613,100.0,0.0,63.4,3.1208973068654475,1.0,0.0,4.45,0.5894913061275798,0
82,0.7237139942559909,0.0755111029677515,0.06972948857502219,0.014720285729840403,0.0009289119863196908,0.000404405185772179,100.0,0.0,63.35,3.1666228067138023,1.025,0.10897247358851683,4.3,0.9539392014169457,0
83,0.7179974173050946,0.0775027274289484,0.07055100006335396,0.016228921409889897,0.0009216716743899398,0.00036811172892194235,100.0,0.0,62.5,3.170173496829472,1.0,0.0,4.45,0.6689544080129827,0
84,0.7111100012962466,0.08311718185228864,0.0714980633944928,0.017255352549042764,0.0009603072490010063,0.00035029268978174386,100.0,0.0,64.3,2.5709920264364885,1.025,0.10897247358851683,4.15,0.792148975887743,0
85,0.7075902749411845,0.093292882426963,0.0719093821843524,0.01957327248742251,0.000964098925916948,0.00042609372012806926,100.0,0.0,62.4,3.4263683398023628,1.125,0.3112474899497183,4.45,0.9205976319760985,0
86,0.7101846046708699,0.09890194879275836,0.07178533254101419,0.020585645590415542,0.0009354938920673476,0.00043062866711375395,100.0,0.0,64.35,2.95423424934449,1.0,0.0,4.15,1.0136567466356647,0
87,0.7183291099871846,0.10532887078136065,0.07079954047368903,0.021038699952201312,0.0009099419713651816,0.00047846740778114023,100.0,0.0,62.75,2.7179955849853767,1.0,0.0,4.25,0.698212002188447,0
88,0.7225223069497856,0.1157167371771091,0.06982091258585943,0.02297068252457381,0.0008889432673790382,0.00043631357294959713,100.0,0.0,63.5,2.9748949561287032,1.0,0.0,4.25,0.698212002188447,0
89,0.7212096455295676,0.12669650148128797,0.06989892633921296,0.0248483322084171,0.0009051246844368185,0.0005505670162583706,100.0,0.0,64.35,2.393219588754864,1.05,0.21794494717703372,4.2,0.7483314773547883,0
90,0.7178093656019395,0.13022281526575605,0.07158503334898139,0.024811640466436864,0.0008315407108457119,0.0004647479901506219,100.0,0.0,65.3,3.1638584039112754,1.0,0.0,4.0,0.7745966692414834,0
91,0.713696753341021,0.13686883285821277,0.07195847768585083,0.025848236291926695,0.0008574810807772289,0.0005309546635866206,100.0,0.0,62.15,3.811495769379785,1.2,0.3674234614174767,4.2,0.8717797887081347,0
92,0.705755773379267,0.13967866466302353,0.0731944083987029,0.026103676260831134,0.0009176634986181256,0.0005167971118699678,100.0,0.0,63.3,3.116087290176577,1.025,0.10897247358851683,4.35,0.6538348415311012,0
93,0.7016813509769448,0.13808963824227385,0.07465859973617041,0.02552109172605938,0.0009015999616186259,0.0005211926321195373,100.0,0.0,64.7,2.8478061731796287,1.05,0.21794494717703372,4.1,0.8306623862918074,0
94,0.6946137926894419,0.1346553135837693,0.0770326065514338,0.024337876549502452,0.0008075686236529881,0.0005016202820645147,100.0,0.0,62.3,3.0182776545573144,1.1,0.3,4.45,0.6689544080129827,0
95,0.6839444609087947,0.12314453056832235,0.07933702236565424,0.02140540399022486,0.0008420181534978075,0.0006148917231474873,100.0,0.0,63.65,2.903015673398957,1.0,0.0,4.3,0.5567764362830022,0
96,0.6709332213503313,0.10766284765123757,0.08257495052315919,0.01766343162279558,0.0008224986881593943,0.0006791030154164022,100.0,0.0,64.35,3.3507461855533016,1.075,0.23848480035423641,4.0,0.6324555320336759,0
97,0.6670670405766097,0.09426742720241389,0.0829138823365704,0.015660132032371134,0.0008864994916548323,0.0007431806399456289,100.0,0.0,63.7,3.3481338085566414,1.15,0.3570714214271425,4.4,0.7348469228349535,0
98,0.6623091468493713,0.08422758945871438,0.0832987093860707,0.014773055635521127,0.0009054702399256641,0.0005894873112323943,100.0,0.0,63.25,2.6995369973386176,1.1,0.2549509756796392,4.3,0.7810249675906654,0
99,0.6573346708991141,0.09275858009966721,0.08453385735006932,0.016926974684101575,0.0008550210678481583,0.00045793529336330996,100.0,0.0,62.7,3.536947836765479,1.2,0.4,4.1,0.7681145747868608,0
100,0.6577068130076152,0.08745876189301673,0.08480116815864192,0.016045314119591352,0.0008212295592614176,0.00035075898353062197,100.0,0.0,64.1,2.773084924772409,1.0,0.0,4.25,0.8874119674649424,0
101,0.6522740932583614,0.0917673942009192,0.08560718943915835,0.016709849089779582,0.0008058334586820483,0.0003709761695778533,100.0,0.0,64.75,1.894069692487581,1.025,0.10897247358851683,4.1,0.7681145747868608,0
102,0.6450549902131714,0.0943016183720706,0.08640912726791283,0.01705733950979764,0.0008473712133762306,0.0004728537863769745,100.0,0.0,63.35,3.758656674930553,1.1,0.3,3.9,0.6244997998398398,0
103,0.6286625598383841,0.0934288303991529,0.08944075350940266,0.01685082074775345,0.0008874923059672992,0.0005049985820132658,100.0,0.0,63.95,3.0736785778607367,1.05,0.21794494717703372,4.2,0.6,0
104,0.6269720665664114,0.09916616903528068,0.089134930622765,0.01804514280559261,0.0009418551899493015,0.00045997255341021203,100.0,0.0,64.15,3.5815499438092444,1.15,0.3570714214271425,4.25,0.698212002188447,0
105,0.6242920234579902,0.1096650396076258,0.0894255654256802,0.019939714799900504,0.0009649789589424773,0.000488746690864385,100.0,0.0,64.3,2.3473389188611007,1.05,0.21794494717703372,4.05,0.804673846971554,0
106,0.6203165619851047,0.11223393072497886,0.08993652443041247,0.020019567283754848,0.0009929467823140586,0.000572642133552531,100.0,0.0,62.15,1.8241436346954694,1.1,0.3,4.4,0.6633249580710799,0
107,0.6226085679432228,0.11586184517787056,0.08924118227205231,0.020595070505641785,0.0010354489654536441,0.0006136300500493645,100.0,0.0,64.3,3.6891733491393435,1.0,0.0,4.1,0.5385164807134504,0
108,0.6199048648926613,0.11965009908296317,0.08879525927336628,0.021912382911808834,0.0011231091987570533,0.0006498851728510065,100.0,0.0,63.05,3.4709508783617204,1.05,0.15,4.2,0.6,0
109,0.6270554980238211,0.11608400806603528,0.08667254192885307,0.023183657973740595,0.001171092383968673,0.000763694634248573,100.0,0.0,61.95,2.6358110706194404,1.025,0.10897247358851683,4.5,1.0723805294763609,0
110,0.6286439654817539,0.12399317824339777,0.0871459651018829,0.023734944704819894,0.0011052614861346206,0.000652804788552453,100.0,0.0,63.9,2.754995462791182,1.05,0.21794494717703372,4.15,0.8529361054615991,0
111,0.6310333831723827,0.12165017093224033,0.08702429294123241,0.02389607809657892,0.0010680670258634548,0.0005650788743956058,100.0,0.0,63.2,3.325657829663178,1.025,0.10897247358851683,4.1,0.8306623862918076,0
112,0.6288551210355511,0.12976090468161783,0.08847863409615939,0.024961262207783046,0.000977109016755505,0.0005616623927476234,100.0,0.0,64.15,3.118894034750139,1.05,0.21794494717703372,4.25,0.7664854858377946,0
113,0.6319286472134353,0.13130826874407853,0.08770352526257562,0.02681039075784874,0.0009272704961241817,0.0005900266478745523,100.0,0.0,63.05,2.7290108097990378,1.125,0.3112474899497183,4.3,0.6403124237432849,0
114,0.6249831485085964,0.13403863295284535,0.08967783614447897,0.027122618001961443,0.000849041604349002,0.0005003098393871042,100.0,0.0,62.9,3.254228019054596,1.05,0.21794494717703372,4.35,0.7262919523166975,0
115,0.6174611091695292,0.14081672008670956,0.09184750273436046,0.027369887484713605,0.000774194674438309,0.0004281931622564661,100.0,0.0,63.75,2.6433879775772606,1.025,0.10897247358851683,4.55,0.9733961166965892,0
116,0.6065237798680132,0.13875917571470392,0.09472120583958474,0.02623161154138631,0.0007313477632277184,0.00032815212563407266,100.0,0.0,63.4,2.7820855486487113,1.075,0.23848480035423641,4.15,0.5722761571129799,0
117,0.5851410342132763,0.13206159876343188,0.09831071477769815,0.024995705551480635,0.0008351959460647111,0.00029980591578396726,100.0,0.0,63.55,2.957617284234051,1.05,0.21794494717703372,4.1,0.43588989435406733,0
118,0.5790669617848346,0.11586361872365933,0.09973478586800136,0.0217689243323723,0.0008330778121378383,0.000349290106298441,100.0,0.0,63.55,3.2167530212933664,1.075,0.23848480035423641,4.0,0.6324555320336759,0
119,0.590799015420587,0.11049393941880666,0.09729828607665751,0.020930946261984443,0.0008900218240748437,0.0003873096804190368,100.0,0.0,62.95,2.246664193866097,1.025,0.10897247358851683,4.25,0.7664854858377946,0
120,0.593129612958534,0.11268202494270724,0.09633670652850189,0.021875369515106487,0.0009153787120553074,0.00029012501207769173,100.0,0.0,63.1,3.176476034853718,1.075,0.23848480035423641,4.1,0.6244997998398398,0
121,0.5871704035377312,0.11254582321016333,0.0973752489268801,0.022257708728449885,0.0009268533100055806,0.00040750312764526055,100.0,0.0,62.85,2.5937424698685874,1.025,0.10897247358851683,4.4,0.58309518948453,0
122,0.5857319431402547,0.11453924767460967,0.09756494778030175,0.02226166727631145,0.0009282978972968281,0.0004596550464933694,100.0,0.0,63.95,2.3973944189473704,1.025,0.10897247358851683,4.05,0.5894913061275798,0
123,0.5850774107005867,0.1165985509722128,0.09786329577238959,0.022184876662681,0.0009129937751545276,0.0004323368362153084,100.0,0.0,62.9,3.548238999842034,1.1,0.3,4.2,0.5099019513592784,0
124,0.5915759589807328,0.1217722934119567,0.09591187201843585,0.022534585640489695,0.0009808492656615444,0.000563978755233876,100.0,0.0,64.0,3.8340579025361627,1.175,0.36314597615834876,4.0,0.6324555320336759,0
125,0.5855604907581327,0.12622842175922153,0.0967842417013263,0.024020920099608815,0.0010123555615354825,0.0005666084465156977,100.0,0.0,63.35,3.5535193822462823,1.15,0.3570714214271425,4.0,0.8366600265340756,0
126,0.5836831388340078,0.12555559018418977,0.09723664565861867,0.023186670753679004,0.0009973194938663638,0.0005221765875700005,100.0,0.0,62.85,3.7050641020095725,1.15,0.3570714214271425,4.05,0.739932429347437,0
127,0.5844900428841255,0.13437273814849363,0.09712427625249531,0.0247520756112686,0.0009849104894123584,0.0004894565796756199,100.0,0.0,63.55,3.2167530212933664,1.075,0.23848480035423641,3.95,0.49749371855331004,0
128,0.5945414781918349,0.13051991603721888,0.09582885123245925,0.023536169350193578,0.0009583707184014011,0.0004937204669095785,100.0,0.0,63.95,2.9576172842340505,1.0,0.0,4.0,0.7071067811865476,0
129,0.593135146110534,0.13332258847894507,0.09641086764780414,0.024037512613712543,0.0009451285799702569,0.0004910380494312726,100.0,0.0,63.8,2.541653005427767,1.05,0.21794494717703372,4.45,0.5894913061275798,0
130,0.6000034732263522,0.12722517016351034,0.09413968068375289,0.023482658033804664,0.0010310441917501928,0.0006075991629942613,100.0,0.0,63.1,2.6814175355583845,1.05,0.21794494717703372,4.3,0.7810249675906654,0
131,0.5976733166359882,0.11736009994840325,0.09431689978992516,0.02299753460071113,0.000991450295180813,0.0005561839851962834,100.0,0.0,64.25,2.680951323690902,1.0,0.0,4.25,0.7664854858377946,0
132,0.5953220517977664,0.1145993085434018,0.09532629420126537,0.021784284830887433,0.0009660534341918679,0.00046668433836429365,100.0,0.0,62.5,2.5199206336708304,1.075,0.23848480035423641,4.55,0.8046738469715541,0
133,0.5887620967976968,0.1095291521135248,0.09649562170341908,0.02028988041569831,0.0009955267499559693,0.00048621784533461773,100.0,0.0,64.0,3.146426544510455,1.05,0.21794494717703372,3.9,0.7681145747868608,0
134,0.5924147080868155,0.10116760693746325,0.09519097850837203,0.018554836367259495,0.0010607137947151058,0.0003992934551088123,100.0,0.0,64.4,2.9899832775452104,1.05,0.15,4.05,0.804673846971554,0
135,0.6014905157493715,0.09721904554404427,0.09301917033825698,0.018484512720338533,0.0011443773358440416,0.00043777189505685057,100.0,0.0,64.1,2.605762844159076,1.025,0.10897247358851683,4.2,0.6782329983125268,0
136,0.5971490415907533,0.10810050006902941,0.09380456063089831,0.021100477549049763,0.0011398040217566825,0.00046128010889845666,100.0,0.0,63.8,2.3151673805580453,1.1,0.3,4.15,0.7262919523166975,0
137,0.6010282208620039,0.11670288617889878,0.09303819118004328,0.022331527207154863,0.001161636543033586,0.0004125018129053727,100.0,0.0,64.35,3.7453304260105007,1.1,0.3,4.2,0.5099019513592785,0
138,0.6138766561625231,0.11570745826574332,0.09104720179333278,0.021621495245802133,0.0011068323864645152,0.0004307823902281913,100.0,0.0,63.6,2.353720459187964,1.0,0.0,4.15,0.7262919523166976,0
139,0.6095131478895867,0.11767322995642686,0.09269366876267157,0.02152293162650972,0.0010684344076240726,0.0005103910269338521,100.0,0.0,63.1,3.5482389998420345,1.05,0.15,4.35,0.9096702699330126,0
140,0.6182610093938592,0.127849366712426,0.09152357348778771,0.02427166587958259,0.000962253803568203,0.0005539734249557978,100.0,0.0,63.25,3.1284980421921316,1.025,0.10897247358851683,3.8,0.6,0
141,0.6105876233315473,0.1328204073290102,0.09273831717094247,0.025836129777652553,0.0009340758234787746,0.0005077888389400292,100.0,0.0,62.05,2.654712790491657,1.15,0.3570714214271425,4.5,0.7416198487095663,0
142,0.6105172931846943,0.1320903069503427,0.09262359139911246,0.025673584657201105,0.0009003755063417454,0.0005256540422764021,100.0,0.0,63.35,2.2197972880423116,1.05,0.21794494717703372,4.25,0.8874119674649424,0
143,0.5978245455332231,0.14110279548990254,0.0953058156558525,0.027654035031353327,0.0008466231667470547,0.00043341319097145995,100.0,0.0,62.7,3.3926390907374753,1.075,0.23848480035423641,4.55,0.5894913061275798,0
144,0.5811800893815969,0.15191504301253,0.09866882064736433,0.02956456498534535,0.0007887161699723413,0.00040396517970922564,100.0,0.0,62.95,3.007906248539007,1.025,0.10897247358851683,4.3,0.714142842854285,0
145,0.5526602935348074,0.15339730193908258,0.10454902996234186,0.02955063625198292,0.0007753715778137723,0.0003596673933854649,100.0,0.0,63.25,3.2384409829422554,1.1,0.3,4.35,0.5722761571129799,0
146,0.5305366179751807,0.1548599061387368,0.108774784733774,0.02980984156427465,0.0007809521100074349,0.00043520314950463155,100.0,0.0,62.75,2.56661255354212,1.0,0.0,4.25,0.698212002188447,0
147,0.5130718633330702,0.15356327837880904,0.11221210764870529,0.029812386662871875,0.0008340945143182482,0.0005289745930532897,100.0,0.0,63.45,2.6167728216259047,1.05,0.15,4.0,0.8944271909999159,0
148,0.506054200014047,0.14980585676024782,0.11364639643281893,0.029127735995911258,0.000957659712744954,0.0006163373109569959,100.0,0.0,63.6,2.8000000000000003,1.0,0.0,4.25,0.6224949798994366,0
149,0.4989715220351757,0.14982089777230642,0.11429116995948004,0.029467176758128183,0.0010537363195551642,0.0005238899238490727,100.0,0.0,63.5,3.7349698793966195,1.05,0.15,4.2,0.5099019513592784,0
150,0.5023850968518919,0.1562521708558498,0.11367524455102265,0.030276582761185094,0.0010417522584044978,0.0004446191323169261,100.0,0.0,63.4,2.764054992217051,1.125,0.3112474899497183,4.25,0.8874119674649424,0
151,0.500674714801042,0.16813700572762466,0.11419714602888247,0.03288531927272755,0.0010354736967649679,0.00047133750176964266,100.0,0.0,63.75,2.5273503912200224,1.1,0.3,4.05,0.804673846971554,0
152,0.506986328397815,0.16361105970255901,0.11300201789521469,0.03036118945673175,0.0010576231433330019,0.0005736363983395638,100.0,0.0,64.35,3.9909272105614755,1.05,0.21794494717703372,4.05,0.5894913061275798,0
153,0.5107016831804602,0.1673458023286399,0.1127118239350724,0.03035218244147557,0.001008012239912815,0.0005596837338343421,100.0,0.0,62.75,2.6052830940226053,1.05,0.21794494717703372,4.15,0.7262919523166975,0
154,0.4995529667052566,0.14781765340586145,0.11462626590773477,0.026659051947157304,0.0009978840877934016,0.0005686910014607615,100.0,0.0,63.55,2.3973944189473704,1.05,0.21794494717703372,4.15,0.6538348415311012,0
155,0.49875448006838113,0.13453757676463185,0.11399063464252983,0.024562940014565843,0.0010959079508185865,0.0007344406647707194,100.0,0.0,63.2,2.5219040425836985,1.0,0.0,4.45,0.8645808232895291,0
156,0.49899054684862715,0.1383728350758866,0.11489679212169882,0.025710275557967087,0.000996680572279344,0.000649894965419884,100.0,0.0,62.8,3.370459909270543,1.1,0.2549509756796392,4.4,0.7348469228349533,0
157,0.4997282827661923,0.14873293720822164,0.11504596190201637,0.028195856720145848,0.0009059857709641687,0.0005262760102236854,100.0,0.0,63.0,2.8809720581775866,1.05,0.21794494717703372,4.35,0.5722761571129799,0
158,0.48254286825311665,0.14733128143528593,0.1181475973403264,0.029404562700196625,0.0008861267377242171,0.0004148510836578468,100.0,0.0,63.35,3.2446109165815247,1.025,0.10897247358851683,4.15,0.9096702699330127,0
159,0.4688832314548771,0.14992337243613754,0.12097491759073534,0.03060809497351847,0.0008597516526793455,0.0003263940099545957,100.0,0.0,63.25,3.031088913245535,1.1,0.2549509756796392,4.05,0.864580823289529,0
160,0.4646398882165938,0.14001272328985884,0.12114871801338067,0.029369717365796584,0.0009885391324418189,0.0003957779070362643,100.0,0.0,62.65,2.7436289836637897,1.1,0.3,4.25,0.5361902647381804,0
161,0.4593936872973828,0.12736577376289185,0.12185513176097502,0.027216404511334922,0.0010584120497747103,0.0005353457368798285,100.0,0.0,62.95,3.694252292413175,1.1,0.3,4.15,0.5722761571129799,0
162,0.47367157232490176,0.13368395102828204,0.11921550838862452,0.02795320870516345,0.0010088137108053865,0.0005731825453911841,100.0,0.0,63.9,3.6318039594669758,1.15,0.3570714214271425,4.1,0.7000000000000001,0
163,0.48180938531594186,0.1488309938935434,0.11810479210252764,0.029743116289286043,0.0009063140585247383,0.00041731214033827,100.0,0.0,61.95,3.800986713999406,1.15,0.3570714214271425,4.2,0.6,0
164,0.4785451202235233,0.1437114727246087,0.11938084874074015,0.028391303307816147,0.0009104191380151086,0.00042621820686700927,100.0,0.0,64.05,3.1220986531498327,1.05,0.2179449471770337,4.2,0.7483314773547883,0
165,0.4761436377967604,0.13981653867520574,0.11990556310337572,0.02802704092943881,0.0009375116015203676,0.0004314264100913953,100.0,0.0,63.05,2.692118125194361,1.1,0.3,4.3,0.6403124237432849,0
166,0.4738660644177391,0.1282214336078058,0.11991139937626968,0.02663693883366127,0.001114605959638673,0.0005266613774921656,100.0,0.0,63.1,2.8442925306655784,1.025,0.10897247358851683,3.95,0.6689544080129826,0
167,0.48857155187049617,0.12111848721662945,0.11725898824832097,0.02488853743275275,0.0010593891887454633,0.00046086005103644547,100.0,0.0,63.65,2.6129485260907837,1.05,0.21794494717703372,4.45,0.7399324293474372,0
168,0.5015317110849142,0.12300419980275847,0.11523623092862341,0.02388855941495715,0.000873095439813072,0.0003388958682880649,100.0,0.0,62.05,3.232259271778797,1.125,0.3112474899497183,4.5,0.6708203932499369,0
169,0.5032925805339254,0.13692268676673908,0.1150197550355198,0.02647257132811088,0.0007799521678408976,0.00036807010730586506,100.0,0.0,64.25,2.1418449990603894,1.0,0.0,4.05,0.5894913061275798,0
170,0.4838694733254777,0.14479219951457692,0.1193734148992811,0.028266365279912553,0.0006407810250074802,0.0003793016819651488,100.0,0.0,63.85,3.5954832776693593,1.025,0.10897247358851683,4.1,0.7000000000000001,0
171,0.46806626809284113,0.1501411675809718,0.12272873542445935,0.029227190414497683,0.0006704084992841603,0.00034759657139768523,100.0,0.0,66.3,2.98496231131986,1.0,0.0,4.15,0.7262919523166976,0
172,0.46171497429105324,0.15182464611179644,0.12403343452017283,0.030484739586682928,0.000787705101198901,0.0005027835264077895,100.0,0.0,63.15,2.8857408061016154,1.05,0.21794494717703367,4.3,0.714142842854285,0
173,0.4617706359724324,0.14939073125835217,0.12392671985515276,0.031112165295255872,0.0008590691597548225,0.0006556176171128538,100.0,0.0,63.0,2.949576240750525,1.1,0.3,4.15,0.7262919523166975,0
174,0.4545270819713968,0.16080267658533562,0.12515428351897429,0.03462670227124974,0.000821600274000915,0.0005138073187717238,100.0,0.0,62.95,1.9615045245933032,1.125,0.3112474899497183,4.0,0.5477225575051661,0
175,0.44503393656686663,0.1578202723022057,0.1268272631047233,0.03411813834047132,0.0008060537745594225,0.0003619119173843257,100.0,0.0,63.75,3.3893214660164652,1.1,0.3,4.15,0.7921489758877431,0
176,0.42842456264881035,0.14921086524652127,0.12928404085356907,0.03246027396807491,0.0008977286332227146,0.0005454111684456579,100.0,0.0,63.15,3.4245437652335533,1.05,0.21794494717703372,4.7,0.9539392014169457,0
177,0.4284125709274904,0.16186072547445843,0.12923862754904752,0.036225255224091125,0.0009655640019858906,0.000720524829629176,100.0,0.0,62.4,3.9799497484264803,1.2,0.4,4.35,0.7921489758877431,0
178,0.4359137466013429,0.17956613609566605,0.12758097315817968,0.03987137272797129,0.0010099660813238556,0.0007557364462453169,100.0,0.0,62.55,2.558808316384797,1.1,0.3,4.0,0.7745966692414834,0
179,0.4403405452328433,0.2097978536805197,0.1272844857112317,0.04638164455495765,0.0009778703460315672,0.0006342403950048369,100.0,0.0,63.85,3.0540956108150903,1.025,0.10897247358851683,4.15,0.7262919523166976,0
180,0.4435515495694182,0.21893013842920303,0.1271411146596782,0.04655755396995615,0.0009331192976777881,0.0004439813887155062,100.0,0.0,62.65,3.395217224272992,1.125,0.3112474899497183,4.25,0.7664854858377946,0
181,0.4408590208775208,0.22103647460763312,0.12811748504479137,0.04452113179256707,0.0009156805730732292,0.0003752430446182339,100.0,0.0,63.3,2.666458325194677,1.1,0.3,4.05,0.5894913061275797,0
182,0.43366068371417876,0.21018967659184665,0.12976831553282658,0.04134974547183111,0.0009653750995439377,0.0005038139946942116,100.0,0.0,63.3,2.7766886753829643,1.0,0.0,4.3,0.7810249675906654,0
183,0.4338488862185068,0.19249438270498892,0.129240311439636,0.03766731550965751,0.0010716737772256718,0.0007377201998377184,100.0,0.0,63.0,3.3763886032268267,1.075,0.23848480035423641,4.3,0.7810249675906654,0
184,0.43475148335012215,0.17076617620202314,0.12817343051215926,0.033288541209285594,0.0012336321972953763,0.0008608992825843121,100.0,0.0,63.65,2.5548972582082436,1.075,0.17853571071357124,3.8,0.6,0
185,0.43700922053561764,0.16047484828054254,0.1274702751669087,0.03122849318267544,0.0011921694252159613,0.0009012908254827116,100.0,0.0,63.75,3.4478254016118624,1.0,0.0,4.15,0.6538348415311009,0
186,0.43922567778796245,0.14941293491013488,0.12660863030846098,0.029234926971685483,0.0011333624843197867,0.0007992989023334011,100.0,0.0,62.95,2.9236107812087435,1.05,0.2179449471770337,4.1,0.7000000000000001,0
187,0.43935618361003526,0.12790417976234872,0.12668669802893137,0.024844219161206056,0.0010293304307567766,0.0007206009700682669,100.0,0.0,63.4,2.3958297101421877,1.05,0.21794494717703372,4.2,0.7483314773547883,0
188,0.4354316728845237,0.10848739239648678,0.12667939548936263,0.020561184449825513,0.0010546804704432433,0.0009044264762420756,100.0,0.0,63.15,2.104162541250081,1.0,0.0,4.05,0.5894913061275797,0
189,0.42494720205369346,0.10232677217086153,0.12837586751731775,0.01948188328331615,0.0010421563672389188,0.000767591563976634,100.0,0.0,64.3,3.303028912982749,1.1,0.3,3.8,0.6782329983125268,0
190,0.42258375148668775,0.12104921507387459,0.1285448955916604,0.02274488213054488,0.0010355485076862954,0.00058469391223351,100.0,0.0,62.55,3.4128433893163046,1.1,0.3,4.05,0.49749371855331004,0
191,0.42105654721401153,0.11970227478670556,0.12839652705965102,0.021706519629234144,0.0012113728290244596,0.000783678123937728,100.0,0.0,64.15,4.269367634673781,1.1,0.3,4.1,0.7,0
192,0.4248069678496802,0.11436674440126414,0.12667347484809172,0.021605510839805914,0.0013955740854857035,0.0008558009425839888,100.0,0.0,64.3,3.661966684720111,1.1,0.3,4.05,0.6689544080129826,0
193,0.43917133455655855,0.1196092137205364,0.1243629943195221,0.021433310519132925,0.0013266480306369686,0.0007657837384844537,100.0,0.0,62.15,3.1823733281939126,1.05,0.21794494717703372,4.4,0.8,0
194,0.4423078523050211,0.12222527411981235,0.12437411922008464,0.0221956828009362,0.0012091500607322608,0.0006606346967554594,100.0,0.0,63.9,3.014962686336267,1.025,0.10897247358851683,3.9,0.7681145747868608,0
195,0.4375793089164368,0.12247941018498316,0.12611074322040455,0.022340432122939433,0.0010174347460793767,0.0006622503874575096,100.0,0.0,63.25,3.686122624113311,1.1,0.3,4.15,0.852936105461599,0
196,0.42951702796588187,0.11999803827253404,0.1284742755047794,0.022770668098174584,0.0009773119072291297,0.0006036729656339767,100.0,0.0,63.45,2.991237202229205,1.0,0.0,4.55,0.8645808232895291,0
197,0.4318272437093002,0.12292485343404036,0.12840765390184375,0.024313666154889193,0.0009653937915586382,0.000589057100268161,100.0,0.0,63.85,3.2752862470324637,1.0,0.0,4.3,1.0049875621120892,0
198,0.43473788545091174,0.12456362534382752,0.12787091637391684,0.025553875159730777,0.0009874506192253676,0.0005409350134038851,100.0,0.0,63.2,2.5612496949731396,1.075,0.23848480035423641,4.15,0.9096702699330127,0
199,0.4387554379602759,0.1320504490753552,0.1271360595343358,0.028018151919397754,0.0009866193608347527,0.0005148071058670392,100.0,0.0,63.65,3.1823733281939126,1.0,0.0,4.4,0.7348469228349535,0
200,0.44780973372890964,0.1421493316922539,0.12566353476378755,0.02972963951650336,0.001064695486665896,0.0005282353122748226,100.0,0.0,63.4,2.7640549922170505,1.05,0.21794494717703372,4.2,0.7483314773547883,0
201,0.46336590441736486,0.15663810163338368,0.12233395598218962,0.03223545332088708,0.0010975712377118976,0.000564908752195857,100.0,0.0,63.05,2.2907422377910613,1.075,0.23848480035423641,4.15,0.5722761571129799,0
202,0.46302163250703304,0.16010580771847002,0.12297134514467048,0.03209738106358345,0.0010474558359678354,0.0004511829192161843,100.0,0.0,62.6,3.6523964735499352,1.15,0.3570714214271425,4.35,0.5722761571129799,0
203,0.46506716576187096,0.16503031313871983,0.1230553034056392,0.03138993273970491,0.0008854261898612886,0.0004124720436025427,100.0,0.0,64.15,3.259984662540608,1.05,0.21794494717703372,4.05,0.739932429347437,0
204,0.44980152647568605,0.1580196300269376,0.12554031312409614,0.03095475463805728,0.0009737718406010986,0.00048902152740723,100.0,0.0,63.6,3.1368774282716245,1.1,0.3,4.45,0.8046738469715541,0
205,0.44438366603434487,0.15699176682256177,0.12666745615902578,0.031740840616040066,0.0009709066292285879,0.00048013085647693966,100.0,0.0,64.95,3.4565155865408737,1.05,0.15,4.15,0.3570714214271425,0
206,0.4339259639264412,0.15238981809182534,0.12865583585483642,0.03226480133540493,0.0009608406211244357,0.00040951551476905523,100.0,0.0,62.9,2.808914381037628,1.05,0.21794494717703372,4.35,0.963068014212911,0
207,0.4333096796987629,0.14222121965688805,0.1288882245508625,0.03057474401619555,0.0009537076287665554,0.00042090838657131386,100.0,0.0,63.3,2.471841418861655,1.0,0.0,4.25,0.4330127018922193,0
208,0.4257079526618148,0.13900413675181214,0.13024368275729314,0.03014184460118939,0.0009974247198265263,0.0003733103741388709,100.0,0.0,62.65,2.669737814842499,1.1,0.3,4.35,0.653834841531101,0
209,0.4319610183099412,0.15120454370021594,0.1287113182601736,0.03290064798638771,0.0010343811625664967,0.0004459337940838838,100.0,0.0,62.5,2.1330729007701543,1.075,0.23848480035423641,4.05,0.6689544080129826,0
210,0.43023811040324544,0.1563768722829974,0.12814361371641333,0.03430424219250408,0.0010749578745221423,0.00046600460305463434,100.0,0.0,62.6,2.1071307505705477,1.125,0.3112474899497183,4.4,0.58309518948453,0
211,0.4265265336107219,0.1657765250477639,0.1297952905255434,0.03406051859600548,0.0009502958720077785,0.0004595281960763043,100.0,0.0,63.6,2.5377155080899043,1.0,0.0,4.05,0.9733961166965892,0
212,0.4233767220590626,0.17081619511931223,0.13089403547112083,0.034640232338749424,0.000976644947301616,0.0005195344683353063,100.0,0.0,63.95,2.3339880033967613,1.0,0.0,4.0,0.6324555320336759,0
213,0.4252836751211686,0.16679375105396615,0.13039522211750731,0.033428015512460225,0.0010206149658911743,0.0005754785962805234,100.0,0.0,63.5,3.057776970284131,1.025,0.10897247358851683,4.35,0.8529361054615991,0
214,0.4311701212840394,0.1645419570375223,0.1296517130606474,0.03240566655661662,0.001047910351356976,0.0005445009380196283,100.0,0.0,62.9,1.8411952639521971,1.025,0.10897247358851683,4.2,0.812403840463596,0
215,0.43346888312218407,0.15876682793620855,0.12915491789493422,0.030888751286382597,0.0010548865173746012,0.0005114924074048931,100.0,0.0,63.65,3.6093628246547893,1.0,0.0,4.1,0.5385164807134504,0
216,0.4383485082033082,0.15727715588966537,0.12820376894693583,0.03186508273640551,0.0010071144640003591,0.000607272305598643,100.0,0.0,62.75,3.476708213238494,1.05,0.21794494717703372,4.75,0.8874119674649424,0
217,0.44278327719966437,0.15831567058215493,0.1266589987926174,0.033668200755497965,0.0011043400154736149,0.0006595992349847755,100.0,0.0,62.55,2.5975950415721085,1.0,0.0,4.35,0.653834841531101,0
218,0.4549594013818867,0.15617166507640431,0.12391357397766449,0.034647562582787596,0.0010989352168887302,0.0005797465753574892,100.0,0.0,63.0,3.40587727318528,1.075,0.23848480035423641,4.25,0.6224949798994366,0
219,0.4591851713126086,0.16444426960276937,0.12270080487973016,0.03625736916836436,0.001092416921504157,0.0004845991264547992,100.0,0.0,63.0,3.924283374069717,1.1,0.3,4.05,0.9733961166965893,0
220,0.4605365488921138,0.1626001518283813,0.12262581895968885,0.035948222249861904,0.001045389152316231,0.0004607746909017857,100.0,0.0,64.2,2.420743687382041,1.0,0.0,4.45,0.8645808232895292,0
221,0.46168148369036793,0.1669672383011101,0.12242117925450517,0.037120161141880846,0.0010294531622839632,0.0006503950734986002,100.0,0.0,62.85,2.7977669667075564,1.075,0.23848480035423641,4.05,0.6689544080129826,0
222,0.46255367438923944,0.1845528670873312,0.12145690063014447,0.03944362502157866,0.0010564146401320575,0.0005186659899590993,100.0,0.0,63.2,3.9949968710876362,1.15,0.3570714214271425,4.2,0.9273618495495703,0
223,0.46402827419657183,0.19017045200891913,0.12105190274214297,0.03920551070265922,0.0009953694762235388,0.00043091225803294124,100.0,0.0,63.85,3.2752862470324637,1.1,0.3,4.45,0.7399324293474372,0
224,0.4483305448828121,0.19348315097687208,0.1250085033479422,0.03929688672926829,0.0009539012697588105,0.0004910061797185547,100.0,0.0,62.95,3.412843389316304,1.05,0.21794494717703372,4.0,0.7071067811865476,0
225,0.4350133641496933,0.1917454703643345,0.12843672441489545,0.039103856713796264,0.000991180373229651,0.00047394948765201175,100.0,0.0,64.2,2.694438717061496,1.025,0.10897247358851683,4.1,0.6244997998398398,0
226,0.4393847061640441,0.1815017868065829,0.12841173387717375,0.03564488533358416,0.0009578478674157577,0.0004148307493443741,100.0,0.0,63.35,3.6779749863205975,1.25,0.4330127018922193,4.3,0.7810249675906654,0
227,0.4402811688302492,0.15939531160911144,0.12733143931282906,0.03013898579529944,0.0008798348834739842,0.0004354939901714781,100.0,0.0,64.15,3.409912022325503,1.075,0.23848480035423641,4.2,0.9273618495495703,0
228,0.4268962260922132,0.14422559668442245,0.12923988618544133,0.027671863965038377,0.0009709453861466426,0.0005055785358161958,100.0,0.0,64.65,3.15079355083763,1.1,0.3,4.3,0.9,0
229,0.4171634015818831,0.13930551158128393,0.13077202765549123,0.027626769803859936,0.0009547632834208317,0.0005932513506884592,100.0,0.0,64.15,3.539420856580918,1.075,0.23848480035423641,3.85,0.653834841531101,0
230,0.39896444820097354,0.13263698701153154,0.1342942582892977,0.027654961445085655,0.00096834725341335,0.000630380163147095,100.0,0.0,62.75,2.56661255354212,1.1,0.3,4.2,0.6,0
231,0.3839511120131449,0.12237402754620082,0.13703153526570805,0.026520233775550614,0.0010576646391141592,0.0006238063621508221,100.0,0.0,62.2,3.0757112998459393,1.075,0.23848480035423641,4.5,0.7416198487095663,0
232,0.3822632255245887,0.12172772964302299,0.13718667262263878,0.027012899413092123,0.00116879832982911,0.0007216418636451796,100.0,0.0,63.65,3.320767983464066,1.05,0.21794494717703372,4.25,0.82915619758885,0
233,0.3863942053199871,0.1368588645003396,0.13611307106588433,0.029859704361161876,0.0012085702971329965,0.0007814647958591816,100.0,0.0,63.7,2.968164415931166,1.125,0.3112474899497183,4.1,0.7,0
234,0.37998336169253155,0.14115149352890521,0.13771529331210802,0.030931186847847732,0.0011733735354253864,0.0009012077130507159,100.0,0.0,63.8,3.2341923257592455,1.0,0.0,4.4,0.7348469228349535,0
235,0.3825163651580864,0.14558148916609767,0.13695137064994894,0.03292916028891277,0.0012838496730708103,0.0008906905242921543,100.0,0.0,63.05,3.2476914878109957,1.15,0.3570714214271425,4.2,0.6782329983125268,0
236,0.4000181718554652,0.16359274917450126,0.1331153774081157,0.037021544459957915,0.00133879461414936,0.0009014303832617644,100.0,0.0,63.45,3.368605052540295,1.0,0.0,4.25,0.8874119674649424,0
237,0.4081591070987812,0.17982387718856177,0.13205033537930627,0.03988702058163193,0.0013338874794302778,0.0007856883821114772,100.0,0.0,62.2,2.5612496949731396,1.05,0.21794494717703372,4.0,0.6324555320336759,0
238,0.42724637591012604,0.193633026260792,0.12905577363188236,0.04076740792186325,0.001216651201566422,0.0007684047424575742,100.0,0.0,63.7,2.666458325194677,1.05,0.21794494717703372,4.15,0.5722761571129799,0
239,0.43223007774917843,0.19919164001510833,0.1285965731157495,0.04003801340118745,0.0009322931953384842,0.000596863292904369,100.0,0.0,63.65,2.535251466817444,1.0,0.0,4.1,0.6244997998398398,0
240,0.42494396345474594,0.2030378544399936,0.1305396223334313,0.04082601428555251,0.0008932772918741254,0.00045158613924350363,100.0,0.0,63.75,3.0639027399707057,1.05,0.21794494717703372,4.15,0.7262919523166976,0
241,0.4181958109717988,0.19462668117580975,0.13304293355387012,0.037742259117990354,0.0008928545635287583,0.0005435697773877301,100.0,0.0,62.75,2.680951323690902,1.125,0.3112474899497183,4.25,0.6224949798994366,0
242,0.42739845819322986,0.17491387044594356,0.13119571443468114,0.03360782342935167,0.0009810005666678026,0.0006372325515882642,100.0,0.0,64.1,2.913760456866693,1.0,0.0,4.45,0.8046738469715541,0
243,0.4373421158354674,0.16311638809714213,0.12873489986783088,0.031351889080044444,0.0009666294296157982,0.0006726130607031505,100.0,0.0,62.35,3.1823733281939126,1.05,0.21794494717703372,4.65,0.7921489758877431,0
244,0.43779074010544655,0.15480889804759468,0.12865816793103363,0.030677933665469257,0.0009281435442239598,0.0006220720279510857,100.0,0.0,63.8,2.580697580112788,1.05,0.21794494717703372,3.9,0.6244997998398398,0
245,0.43581829091670865,0.149225343391404,0.12865151595320662,0.03033900943776093,0.000783365509540786,0.000445241349325084,100.0,0.0,62.9,2.964793416074719,1.075,0.23848480035423641,4.3,0.8426149773176358,0
246,0.423595675190717,0.13770823016807657,0.1310208979906285,0.029297191027616614,0.0007720632766255734,0.000458958649098912,100.0,0.0,62.7,2.8301943396169813,1.1,0.3,4.35,0.9630680142129111,0
247,0.4100744643607158,0.12496834694756938,0.13305994193470785,0.027541028316854642,0.0009042202881622165,0.0005277958382424802,100.0,0.0,62.55,3.353729267546801,1.05,0.2179449471770337,4.15,0.6538348415311009,0
248,0.4183707857244638,0.10563536375227536,0.13079502137411747,0.023221085231484848,0.0011280399882287666,0.0006251290899093876,100.0,0.0,63.15,2.3932195887548637,1.05,0.21794494717703372,4.25,0.7664854858377946,0
249,0.43293612388744884,0.1168617193187749,0.12785327433611043,0.023661836419191444,0.0010664235632965747,0.0005563488815566245,100.0,0.0,63.65,2.885740806101615,1.075,0.23848480035423641,4.05,0.804673846971554,0
250,0.4367083873559811,0.11466820093099063,0.12638940726155065,0.02362515715615139,0.0011100235925064852,0.0010362300405018085,100.0,0.0,63.0,1.8439088914585775,1.025,0.10897247358851683,4.35,0.7262919523166975,0
251,0.441702519505888,0.12264468449054543,0.12490588372654318,0.028354393367783875,0.0011759199239315728,0.0010778198589327045,100.0,0.0,63.3,2.7766886753829643,1.05,0.2179449471770337,4.05,0.49749371855331004,0
252,0.4588026504360939,0.14961132334125285,0.12166618041006994,0.03284690401302706,0.0011327146325803374,0.0005959572025713798,100.0,0.0,63.6,3.2924155266308657,1.05,0.21794494717703372,4.35,0.7262919523166976,0
253,0.4635158732375116,0.16437893517155253,0.12199279849003024,0.03220065117748945,0.0009621383914933891,0.00048764477749709906,100.0,0.0,63.7,3.2572994949804666,1.075,0.23848480035423641,4.35,0.7262919523166976,0
254,0.4619050023469544,0.16554718593649823,0.1219376540062314,0.03151862752368919,0.0008736527040853597,0.0004962379756518564,100.0,0.0,63.15,2.632014437650371,1.025,0.10897247358851683,4.45,0.6689544080129827,0
255,0.43626312544048346,0.1600297629417197,0.12768939464118878,0.03047720963877927,0.0008255012361167915,0.00048525435303331207,100.0,0.0,64.7,3.241913015489466,1.025,0.10897247358851683,4.1,0.6244997998398398,0
256,0.423312774313907,0.15699613626951966,0.1305541929349398,0.029319411252098998,0.000810618971062056,0.000526291553401175,100.0,0.0,63.15,3.0376800358168077,1.0,0.0,4.15,0.6538348415311012,0
257,0.40992631471030033,0.14933080818734237,0.1334054605026489,0.028274937683081713,0.0008389669771077162,0.0005254720688686813,100.0,0.0,62.8,3.370459909270543,1.1,0.2549509756796392,4.2,0.6782329983125269,0
258,0.402918442960693,0.14298756094801782,0.13467420306387373,0.027600437370302527,0.0009058201482121511,0.0004974036772087767,100.0,0.0,63.95,2.558808316384797,1.0,0.0,4.15,0.6538348415311009,0
259,0.40819788599874673,0.12899900091254585,0.13362237366131702,0.025736281790484483,0.0010438227099448393,0.0004852636779680745,100.0,0.0,63.3,2.491987158875423,1.05,0.21794494717703372,3.95,0.5894913061275798,0
260,0.42070966010733546,0.1233528531046943,0.13035571741623367,0.025611206605932628,0.0011634519030611962,0.0006761300035968246,100.0,0.0,62.95,2.8892040426387333,1.0,0.0,4.45,0.8645808232895292,0
261,0.4293446086235807,0.1370239551053477,0.12820134403969327,0.02899674685939117,0.001183742591406531,0.0007581482691773727,100.0,0.0,62.15,3.0540956108150903,1.05,0.15,4.2,0.8717797887081347,0
262,0.43003585575588177,0.15671782225866543,0.12863178384531765,0.03239512588745694,0.0009807370445583982,0.000653106954858877,100.0,0.0,62.25,4.345975149491768,1.15,0.3570714214271425,4.1,0.7,0
263,0.41655202758593496,0.1595035305016865,0.1314173419061254,0.032446758613130774,0.000979959833945015,0.0005857418955459984,100.0,0.0,63.75,2.7363296585024255,1.025,0.10897247358851683,3.95,0.6689544080129826,0
264,0.40269396395725365,0.14919388186237487,0.13386404812343597,0.03062014387543894,0.0011155487505958323,0.0007278965285118121,100.0,0.0,62.0,3.271085446759225,1.05,0.21794494717703372,4.3,1.004987562112089,0
265,0.3989425933125664,0.1437768283548359,0.13479225469822595,0.03078706541624074,0.0011408593277037191,0.0007929783218779385,100.0,0.0,63.2,2.7495454169735036,1.15,0.3570714214271425,4.35,1.0136567466356645,0
266,0.39644277765846725,0.14224881089235938,0.1350654614825859,0.030433214153887722,0.0010989860639886427,0.000836833999776426,100.0,0.0,63.9,3.3451457367355464,1.025,0.10897247358851683,4.25,0.9937303457175896,0
267,0.3871224081911069,0.1382660577117088,0.13596470867017266,0.030633943291007912,0.0012127248634802774,0.0008813917292056678,100.0,0.0,64.25,2.6052830940226053,1.0,0.0,4.35,0.653834841531101,0
268,0.3745833349820903,0.1333150131645715,0.13801393538865286,0.029846926421681467,0.001329510439048461,0.001068135841787132,100.0,0.0,63.7,3.551056180912941,1.05,0.21794494717703372,4.15,0.4769696007084728,0
269,0.3792356316622417,0.1264290719613536,0.13689511139113517,0.029976650862503722,0.0014404314613115459,0.0010612048226800472,100.0,0.0,63.95,2.4181604578687494,1.1,0.3,4.1,0.5385164807134504,0
270,0.3982632827678819,0.1345410588560116,0.1330912895613634,0.03173698189943645,0.0014867318560030638,0.0009185549456302283,100.0,0.0,63.35,2.4550967394381837,1.05,0.21794494717703372,4.4,0.8602325267042626,0
271,0.43273212772241243,0.1558759715207795,0.12701301101061388,0.03354372113637098,0.0013043039430168156,0.0006992024760481384,100.0,0.0,64.4,3.4263683398023628,1.05,0.15,3.95,0.5894913061275798,0
272,0.4502953730394495,0.15976667368133357,0.12490306545331173,0.03132624548084707,0.0010536469355173952,0.0006713204290412048,100.0,0.0,63.8,3.558089374931439,1.075,0.23848480035423641,4.35,0.6538348415311012,0
273,0.44401706304384936,0.1520975288179321,0.12551297689733792,0.0301615130681686,0.001007443205586441,0.0006629520596897788,100.0,0.0,64.4,2.5573423705088847,1.0,0.0,4.05,0.3840572873934304,0
274,0.43538888234824463,0.1483036398486319,0.12738090145914377,0.02962892730454001,0.0008985675600559418,0.000698207193198236,100.0,0.0,63.15,2.4753787588973126,1.05,0.21794494717703372,4.4,0.9165151389911681,0
275,0.41887283052692104,0.14322303721763083,0.12974554630141724,0.02907810666420092,0.001066036689950494,0.0009987803002561258,100.0,0.0,62.25,2.680951323690902,1.075,0.23848480035423641,4.25,0.698212002188447,0
276,0.41561686298491873,0.1438243630137437,0.12980577791018044,0.03157448530038096,0.0011144519776061714,0.0010113258235693225,100.0,0.0,62.45,2.4591665254715873,1.1,0.2549509756796392,4.45,0.9205976319760986,0
277,0.4136302369579183,0.15262834560698335,0.13064398870993574,0.03381819055434944,0.0010906294937581176,0.0007091672877019709,100.0,0.0,64.1,3.0149626863362666,1.0,0.0,4.0,0.4472135954999579,0
278,0.41872659954897395,0.15958542853553048,0.1301329988468058,0.0340404895705264,0.0011185131218901597,0.0006520348479170063,100.0,0.0,64.75,3.533765696816924,1.05,0.21794494717703372,4.0,0.7071067811865476,0
279,0.4196533947594608,0.15991451770659465,0.13064273879537408,0.033721445775794674,0.0010825970974077618,0.0007027844987187757,100.0,0.0,62.95,2.9406631905065224,1.125,0.3112474899497183,4.0,0.6324555320336759,0
280,0.42080437699423445,0.16495810774697922,0.13182432665512941,0.03463980135890519,0.0010235151459663473,0.0006452526525816768,100.0,0.0,63.65,2.7436289836637897,1.05,0.21794494717703372,4.15,0.6538348415311012,0
281,0.4153186625503881,0.1655545920543444,0.1328739131069987,0.034612647772720856,0.0009974417568519712,0.0005982334472756927,100.0,0.0,63.7,2.6476404589747453,1.05,0.21794494717703372,4.25,0.7664854858377946,0
282,0.41904354927470094,0.15649959210920805,0.1318396459004828,0.032572020489991554,0.0010772384080818332,0.0006035715197268821,100.0,0.0,63.35,3.1980462785894765,1.025,0.10897247358851683,4.25,0.698212002188447,0
283,0.41863830856603024,0.15121866319671118,0.13181718023598138,0.03295701030279982,0.001102814257124466,0.0006130148075432411,100.0,0.0,62.4,2.7820855486487113,1.025,0.10897247358851683,4.15,0.3570714214271425,0
284,0.42522598373356085,0.15138022008732474,0.13083937831823467,0.033777724464112216,0.0011073122733482937,0.0006577315903474018,100.0,0.0,63.1,4.253234063627348,1.15,0.32015621187164245,4.05,0.6689544080129826,0
285,0.426203861819243,0.15260373993807824,0.13030190720751558,0.03358897441572317,0.0010850168319679232,0.000676873066401206,100.0,0.0,64.3,2.7766886753829643,1.05,0.21794494717703367,4.2,0.6782329983125268,0
286,0.42513304821350556,0.1438352771476546,0.13031200237835455,0.02904376980981872,0.0010109885680771465,0.0005429992218570863,100.0,0.0,62.6,2.764054992217051,1.125,0.3112474899497183,4.25,1.0428326807307104,0
287,0.41408324953965137,0.14059025397870598,0.13218967354550054,0.02838746215236421,0.00098080092154712,0.0004539736388295508,100.0,0.0,62.4,3.583294573433783,1.1,0.2549509756796392,4.1,0.7681145747868608,0
288,0.4046968806440542,0.13050538672401102,0.1331209760709048,0.026500129480693625,0.0010104212265974956,0.00036818466126141707,100.0,0.0,62.95,1.883480820183736,1.025,0.10897247358851683,4.0,0.7745966692414834,0
289,0.3895934925304654,0.1209967207696236,0.13586474548690733,0.02493000201872942,0.0010333426032373223,0.00038288568019938815,100.0,0.0,64.0,3.2093613071762426,1.125,0.3112474899497183,4.4,0.9695359714832658,0
290,0.3684260870819926,0.11171926010517615,0.1394714416093213,0.023568789181855353,0.0011210276147506006,0.00047916436689026266,100.0,0.0,64.1,3.4770677301427417,1.1,0.3,4.0,0.6324555320336759,0
291,0.36918132295699235,0.11657361587673103,0.13901456073587806,0.02498194632512081,0.0012092233325678506,0.000701358029473081,100.0,0.0,63.35,2.8857408061016145,1.0,0.0,4.2,0.7483314773547883,0
292,0.37867737272225155,0.15773566354831686,0.13808908480484466,0.033628327125563545,0.0011448490397231894,0.00047279143073294835,100.0,0.0,64.6,2.3748684174075834,1.05,0.2179449471770337,4.4,0.9165151389911679,0
293,0.3805433201420332,0.17022294194468734,0.13926932287418475,0.03496436077027067,0.0011557154514409576,0.0005036520645706073,100.0,0.0,62.75,3.404041715373065,1.1,0.3,4.2,0.5099019513592784,0
294,0.3922623005922999,0.18376945478733653,0.13733910318983916,0.037932774922484584,0.0012127112858386197,0.0005883683153685963,100.0,0.0,63.95,2.4794152536434875,1.05,0.21794494717703372,3.9,0.5385164807134504,0
295,0.41256496053440045,0.1966134390421191,0.13342309422143875,0.03908974087982507,0.0011751155785096684,0.0005237893826334513,100.0,0.0,62.4,1.9078784028338913,1.1,0.3,4.45,0.9205976319760986,0
296,0.4255005485672547,0.20613313398292946,0.13165423635516268,0.04020918165966631,0.0011448601202983211,0.0007095103564939267,100.0,0.0,61.8,3.171750305430741,1.2,0.4,4.3,0.6403124237432849,0
297,0.43358399660085833,0.21256180000651806,0.13002028054587889,0.04164452180333233,0.0010423490144390783,0.0004952570729046459,100.0,0.0,63.45,2.765411361804967,1.075,0.23848480035423641,4.3,0.8426149773176358,0
298,0.4252637765554537,0.21013123368449524,0.13172216982215681,0.04163967256046718,0.0009266071413902407,0.0004395841496059361,100.0,0.0,65.05,2.4591665254715873,1.025,0.10897247358851683,4.0,0.5477225575051661,0
299,0.4063548600272723,0.20745277712469268,0.13582620446114746,0.04130025790560289,0.0009747306936378492,0.0005931053553939004,100.0,0.0,63.95,3.1220986531498327,1.0,0.0,4.35,0.7262919523166976,0
300,0.3903703214845776,0.18972243030118055,0.13742247838929122,0.03824166953410729,0.0011587586756440448,0.0007437263527300056,100.0,0.0,64.05,2.011839953873071,1.0,0.0,4.2,0.6782329983125269,0
301,0.38534806760713575,0.17998798995210694,0.13779203052591024,0.03679282922198313,0.0011701894371419085,0.0007119109503738035,100.0,0.0,63.0,2.4698178070456938,1.0,0.0,4.15,0.7262919523166975,0
302,0.377228738018637,0.17573456318059852,0.13917976544712532,0.03592360564778035,0.0011406544050804118,0.0008024219418659302,100.0,0.0,62.55,2.0365411854416298,1.15,0.3570714214271425,4.6,1.019803902718557,0
303,0.3659979779743342,0.17780229085215343,0.14247557064267907,0.03705343097209798,0.0010838920439205043,0.0006733603642851166,100.0,0.0,62.05,4.06786184622831,1.175,0.36314597615834876,4.15,0.5722761571129799,0
304,0.3681134082631016,0.1807375628904521,0.1425455581451915,0.0369714164091754,0.001095227258180246,0.0005872730348170925,100.0,0.0,65.0,3.082207001484488,1.0,0.0,4.0,0.9486832980505138,0
305,0.3689793306386063,0.18071009217451997,0.1432862219863434,0.037149666822108046,0.0010089917569275201,0.0005272340674783187,100.0,0.0,64.5,2.0371548787463363,1.05,0.21794494717703372,4.05,0.4974937185533099,0
306,0.37298121171588183,0.17678783305334478,0.14310378317648845,0.0361240300365292,0.0010375168675528725,0.0004965088218554185,100.0,0.0,64.4,2.6532998322843193,1.0,0.0,4.3,0.714142842854285,0
307,0.37109067495567777,0.16859601848889677,0.1440232370597731,0.0362473514993235,0.0010408639572126253,0.0004958637737194192,100.0,0.0,62.75,2.7363296585024255,1.05,0.2179449471770337,4.2,0.6,0
308,0.37998134380336274,0.16462113692018945,0.14241851719640874,0.03634704590794743,0.0008955102970337745,0.0005069116638208614,100.0,0.0,62.9,3.1606961258558215,1.025,0.10897247358851683,4.2,0.7483314773547883,0
309,0.38228450152690563,0.16032220415190968,0.14130170264093572,0.03445863269975617,0.0009082750959675182,0.00046393916684902507,100.0,0.0,62.3,2.882707061079915,1.05,0.21794494717703372,4.75,0.82915619758885,0
310,0.38303116836905515,0.14988062256760457,0.13992345197059064,0.03202745396787755,0.0011587992861668299,0.0011914017501083005,100.0,0.0,64.2,3.385262175962151,1.0,0.0,4.1,0.6244997998398398,0
311,0.3910634789655426,0.14433501773021268,0.1379775495103464,0.03276904699877215,0.0010412863617686016,0.0005521196053323463,100.0,0.0,64.45,2.15580611373101,1.0,0.0,4.1,0.6244997998398398,0
312,0.3896305644050637,0.14711317469937146,0.13806899439795922,0.033871336080075275,0.0010780420901608432,0.0004937998702868968,100.0,0.0,63.8,3.325657829663178,1.0,0.0,4.15,0.8529361054615991,0
313,0.3879451903706188,0.1608423769762425,0.13771773201659895,0.03708171697942496,0.0011727643930196762,0.00046301196738567335,100.0,0.0,63.7,2.5317977802344327,1.075,0.23848480035423641,4.35,0.7262919523166976,0
314,0.38946374370580006,0.1613440085517694,0.13683853027077325,0.036058836518435895,0.0012171891019114357,0.000526546329091749,100.0,0.0,63.15,3.9531632903283924,1.15,0.3570714214271425,4.2,0.812403840463596,0
315,0.40275833192078075,0.1657883742726258,0.1330411427272893,0.03665710792266672,0.0014556734173973185,0.0006767563820346839,100.0,0.0,63.15,2.286372673034735,1.075,0.23848480035423641,4.1,0.6244997998398398,0
316,0.41563473970013237,0.16793689357335045,0.1312502034742654,0.03699287662038046,0.0013664611615562545,0.0008493427606964541,100.0,0.0,63.55,2.8892040426387338,1.0,0.0,4.25,0.698212002188447,0
317,0.42503198086462657,0.16684642535925462,0.128771280088412,0.03750674480522318,0.0013183372342105257,0.0008985188215105596,100.0,0.0,63.1,2.9137604568666933,1.025,0.10897247358851683,4.4,0.9165151389911679,0
318,0.43199639479740554,0.16840613163517074,0.1275770059713906,0.03711793149373298,0.0011622373504389712,0.0008836788572427403,100.0,0.0,63.75,2.878801834096956,1.0,0.0,4.35,0.5722761571129799,0
319,0.4430344818860988,0.171418043661362,0.1252316196507748,0.03543680637733728,0.0010647135461669848,0.0007724728279717839,100.0,0.0,63.15,2.5548972582082436,1.05,0.2179449471770337,4.3,0.6403124237432849,0
320,0.4428979690432605,0.17418269380757234,0.12603361785927963,0.035461759957381635,0.0009230093208676181,0.0005512330477064782,100.0,0.0,62.9,2.2781571499789037,1.025,0.10897247358851683,4.45,0.9733961166965891,0
321,0.4415473668916056,0.17398180548075418,0.12650589017498765,0.03586983870477404,0.0008941030676645189,0.0005680258562123555,100.0,0.0,63.05,3.1220986531498327,1.125,0.3112474899497183,4.1,0.7,0
322,0.441316727434235,0.17400005587153414,0.12725580202194767,0.03506646438598874,0.0008689400033209565,0.00046241946389527836,100.0,0.0,62.55,2.3973944189473704,1.05,0.21794494717703372,4.65,0.653834841531101,0
323,0.4461386160938051,0.18479768066310404,0.12637547743232172,0.03670905600432038,0.0008020063712429974,0.0003967654851868295,100.0,0.0,63.7,2.3895606290697042,1.075,0.23848480035423641,4.3,0.6403124237432849,0
324,0.44013507133100455,0.18720822192408249,0.1276180479554917,0.03724541203622896,0.0007879066051276384,0.0003759884917018651,100.0,0.0,63.65,2.286372673034735,1.1,0.2549509756796392,4.2,0.6782329983125268,0
325,0.43652065490104175,0.17398323173168367,0.12794269212934523,0.034804402013237826,0.0008565228107102398,0.0003737186255136246,100.0,0.0,63.15,2.372235232855292,1.05,0.21794494717703372,4.35,0.7921489758877431,0
326,0.43830109149984153,0.15994098682659402,0.12724738800257326,0.03158477476573382,0.0009655630697996785,0.00045740673623597376,100.0,0.0,63.5,2.958039891549808,1.1,0.3,4.0,0.6324555320336759,0
327,0.4443817349734577,0.16009960559887002,0.12680792049033182,0.031204471787321414,0.0008887664901882697,0.00042208326739224953,100.0,0.0,63.55,2.836811590500857,1.0,0.0,4.0,0.7071067811865476,0
328,0.44799006159150656,0.1602906106983369,0.12624008977414644,0.031492868350148036,0.0008715185420249683,0.0003602238307247887,100.0,0.0,62.95,2.67348087705897,1.075,0.23848480035423641,4.1,0.5385164807134504,0
329,0.4435433764922164,0.16106213986102563,0.12727219169190643,0.032421886162578184,0.0008831625640259415,0.0003813274107454372,100.0,0.0,63.65,4.2340878592679205,1.15,0.3570714214271425,4.25,0.6224949798994366,0
330,0.4412480986706844,0.15592927129409587,0.12796453856063428,0.03205826202472764,0.00090701260434776,0.0004091843026907207,100.0,0.0,63.9,2.947880594596735,1.025,0.10897247358851683,4.35,0.8529361054615991,0
331,0.44535669447233006,0.1587000139374878,0.12719252106666898,0.03325626876825083,0.000966586777714906,0.0004281165388423791,100.0,0.0,63.45,2.801338965566288,1.1,0.3,4.35,0.5722761571129799,0
332,0.4571124530739293,0.16351767872927955,0.12459537697260825,0.03486233514108831,0.0010582767505253805,0.0005062689365076067,100.0,0.0,62.8,2.6191601707417593,1.025,0.10897247358851683,4.3,0.6403124237432849,0
333,0.4740945465017138,0.1736549195869734,0.12106382888734615,0.03686102181669909,0.0010366603194895635,0.00044591324027365604,100.0,0.0,63.7,2.7946377224964243,1.075,0.23848480035423641,4.3,0.8426149773176358,0
334,0.4793328708115017,0.1780479349020727,0.11998864808597079,0.03800545992462085,0.0010141002561930305,0.0005568695968600697,100.0,0.0,64.1,3.6041642581880198,1.0,0.0,4.4,1.0198039027185568,0
335,0.4774975795311039,0.16741980987932278,0.1191409682204311,0.0355319562329895,0.0010278304351708733,0.0007501618380190549,100.0,0.0,62.9,3.7403208418530087,1.175,0.36314597615834876,4.3,0.45825756949558405,0
336,0.46606058354664875,0.16091006854255416,0.12117023862854355,0.034308356795485,0.0009850918031030279,0.0007245183216079286,100.0,0.0,63.95,3.7212229172679243,1.175,0.36314597615834876,4.45,0.6689544080129827,0
337,0.4522937192279789,0.15323116474497198,0.12295129362307813,0.032219475136598466,0.0010043407055486794,0.0006422624213021701,100.0,0.0,64.6,2.9051678092667896,1.025,0.10897247358851683,4.15,0.6538348415311009,0
338,0.44727915950765107,0.14578822186663498,0.12426881646310406,0.03043698939060931,0.0010849507847055324,0.0006264440776254832,100.0,0.0,63.5,2.5199206336708304,1.0,0.0,4.2,0.6,0
339,0.45425413108112345,0.14526824625179885,0.12284854743233917,0.02944962522354844,0.0012065379695233702,0.0006906017487021266,100.0,0.0,64.15,2.688401011754013,1.025,0.10897247358851683,4.1,0.6244997998398398,0
340,0.4607504387117961,0.14962597695505553,0.12160700097682098,0.029651822111556696,0.0012138809019625041,0.0007031631199163819,100.0,0.0,62.75,2.8262165522125158,1.05,0.21794494717703372,4.05,0.6689544080129826,0
341,0.47363400888723267,0.15158517866606325,0.11938940991224078,0.029625932191226095,0.001060313325835917,0.0006460668561799273,100.0,0.0,63.35,3.365635155509284,1.125,0.3112474899497183,4.25,0.7664854858377946,0
342,0.4776042634054193,0.1599562509980888,0.11880377481775783,0.03244225992963058,0.0009806042871766626,0.0006579830697965708,100.0,0.0,62.25,3.6314597615834874,1.1,0.3,4.25,0.7664854858377946,0
343,0.4767698930462492,0.16257991696022892,0.11963443360877957,0.032835264173753674,0.0009431587167097473,0.0005000389569255394,100.0,0.0,63.95,2.5782746168707478,1.025,0.10897247358851683,4.05,0.8645808232895291,0
344,0.4715836046034577,0.16446307082381353,0.12040766624368031,0.03353203903273988,0.0009755309093239957,0.0004409367020632149,100.0,0.0,62.4,2.4166091947189146,1.0,0.0,4.3,0.45825756949558405,0
345,0.4752500414492424,0.14944890271656727,0.11893941727890875,0.03131999172662568,0.0011176757925017702,0.0005593052024929539,100.0,0.0,63.15,3.48245602987317,1.1,0.3,4.4,0.8602325267042626,0
346,0.47868376997345247,0.14725317828966178,0.11788382721467731,0.03092603692923341,0.0011244838641646555,0.0005197125227565687,100.0,0.0,63.8,3.4727510708370675,1.15,0.3570714214271425,3.85,0.5722761571129799,0
347,0.4828604117825175,0.1484078014312816,0.11649362012171012,0.030793825335700273,0.001153058094134361,0.0005429179253405796,100.0,0.0,64.1,3.064310689208912,1.0,0.0,4.3,0.7810249675906654,0
348,0.48918874861520684,0.15040375687104235,0.11459899677608627,0.030875202426828032,0.001170938501297278,0.0005737430961129248,100.0,0.0,63.65,2.43464576478797,1.05,0.21794494717703372,4.05,0.5894913061275798,0
349,0.48234493263714207,0.14911416313089143,0.11583873993589018,0.03054930317243145,0.001176495868133787,0.0005096992925856044,100.0,0.0,63.55,2.940663190506523,1.0,0.0,4.3,1.0049875621120892,0
350,0.48397827717386105,0.15544689112804624,0.11655881043634737,0.030659762731321878,0.0011213615215259973,0.0005143651826208694,100.0,0.0,62.9,2.5278449319529077,1.05,0.21794494717703372,4.45,0.9205976319760986,0
351,0.4913369054014172,0.1553692975739268,0.11504273202827728,0.030708143655636365,0.0012143650900361199,0.0004686830174671571,100.0,0.0,63.1,1.9723082923316022,1.05,0.21794494717703372,4.2,0.8124038404635961,0
352,0.5152332612226115,0.1590183018461929,0.1100840838175571,0.030684017147830943,0.001263939069522393,0.0005238797296456394,100.0,0.0,63.8,3.171750305430741,1.075,0.23848480035423641,4.55,0.6689544080129827,0
353,0.5195534513842871,0.15852899223525632,0.10974786109693332,0.029929964776203955,0.0011507900417006144,0.0005479227229001882,100.0,0.0,63.9,3.047950130825634,1.025,0.10897247358851683,4.15,0.7262919523166975,0
354,0.5371099564258228,0.16649608620112508,0.10564419672188934,0.032264468410729344,0.0011516168216180534,0.0005914798796919837,100.0,0.0,63.0,2.9832867780352594,1.1,0.3,4.2,0.8124038404635961,0
355,0.5431880630703454,0.170098360775795,0.10555680112780248,0.03244704839711129,0.0010609247548611425,0.00046544924602476056,100.0,0.0,63.1,2.930870177950569,1.05,0.21794494717703372,4.5,0.8660254037844386,0
356,0.5517299547215248,0.17973493449555195,0.10474428151979127,0.03422439058196007,0.0009227114333927248,0.0005673181490313146,100.0,0.0,63.35,2.903015673398957,1.05,0.21794494717703372,4.35,0.653834841531101,0
357,0.5516140658403332,0.188210276849754,0.10464152937381913,0.03640749166485323,0.0009578221754999808,0.00042765263878617336,100.0,0.0,63.1,2.3430749027719964,1.05,0.21794494717703372,4.3,0.5567764362830021,0
358,0.5548995758037835,0.17873361002784316,0.10379311172451255,0.03445557935018424,0.0010027518224555523,0.000556630771541958,100.0,0.0,63.45,2.836811590500857,1.1,0.3,4.15,0.47696960070847283,0
359,0.557985668969486,0.1680835563306158,0.10366896931266338,0.031172593939872463,0.0009825379277179163,0.0007158730790280783,100.0,0.0,62.95,2.3973944189473704,1.05,0.21794494717703372,4.1,0.6244997998398398,0
360,0.5597996430404982,0.15843256563192776,0.10335662517365447,0.029801175129000115,0.0009094779615462535,0.0005458651261152079,100.0,0.0,64.2,2.0639767440550294,1.05,0.21794494717703372,4.0,0.6324555320336759,0
361,0.5516173696915544,0.1484033431185477,0.10462030536350304,0.028471390491850466,0.0008713427428603631,0.0005555270415910464,100.0,0.0,63.7,3.716180835212409,1.15,0.3570714214271425,4.05,0.804673846971554,0
362,0.5439790603358835,0.14184903903820592,0.10620847145120196,0.027947979450211324,0.0008240416204838379,0.00048553759049195353,100.0,0.0,62.5,2.247220505424423,1.025,0.10897247358851683,4.2,0.6,0
363,0.5303062960613787,0.14071927508500834,0.10906000378228095,0.028407656208690853,0.0008250653327871369,0.0004689532821753012,100.0,0.0,62.3,3.7696153649941526,1.15,0.3570714214271425,4.05,0.5894913061275798,0
364,0.522152655848419,0.1320902377558787,0.11057059918429775,0.02730144856120013,0.0008534414255353872,0.0004358944351212698,100.0,0.0,64.7,3.132091952673165,1.0,0.0,4.15,0.6538348415311012,0
365,0.5186672928488462,0.13201615418949045,0.11164854191839246,0.027203914978038465,0.0008295964745743262,0.0004508730364281347,100.0,0.0,63.45,2.9912372022292053,1.05,0.21794494717703372,4.45,0.8645808232895291,0
366,0.5157911361805996,0.13945842006297404,0.11230458384083963,0.029030661820038755,0.0008469900635701607,0.0003602814077135578,100.0,0.0,62.75,2.878801834096956,1.1,0.3,4.05,0.739932429347437,0
367,0.5253317478503019,0.14070708605414425,0.11030572747295228,0.028471415932338155,0.0008019991989627309,0.0003349887391953096,100.0,0.0,63.75,3.2384409829422554,1.075,0.23848480035423641,4.1,0.7000000000000001,0
368,0.5167352856727465,0.14113742176842,0.11136052217455086,0.028752700498521605,0.0008581744915865583,0.000331312617729923,100.0,0.0,63.45,3.6670833096617805,1.075,0.23848480035423641,4.2,0.7483314773547883,0
369,0.5116463850092837,0.1365186923303366,0.11152901464841722,0.028407203992810073,0.0009417160407412812,0.0004107069900202538,100.0,0.0,63.45,3.2011716605018234,1.05,0.2179449471770337,4.05,0.49749371855331004,0
370,0.508588459820847,0.13825856866784114,0.11227995551491951,0.02801607201532873,0.0009564855787133246,0.0004082235322962005,100.0,0.0,64.1,2.844292530665578,1.05,0.15,4.25,0.698212002188447,0
371,0.5001051497377096,0.13604019080001514,0.11280816318743445,0.026895051341431272,0.0010049352006331808,0.0006077855446472276,100.0,0.0,63.85,3.1666228067138023,1.0,0.0,4.15,0.6538348415311009,0
372,0.5032730682954537,0.13045423948962934,0.11224826306916558,0.025406815852755508,0.0010530800946293713,0.00046242583128652224,100.0,0.0,63.75,1.8131464364468746,1.05,0.21794494717703372,3.95,0.5894913061275798,0
373,0.5109675218106342,0.13435618819188994,0.1109829870096288,0.025241575482984575,0.0010635317430185954,0.0005486341575076543,100.0,0.0,63.25,2.5273503912200224,1.05,0.21794494717703372,4.15,0.653834841531101,0
374,0.5103547422232225,0.12523000882878188,0.11084256416517568,0.02376384974383064,0.0010921653006980478,0.000516282112794205,100.0,0.0,64.4,3.307567081708245,1.05,0.21794494717703372,4.0,0.5477225575051661,0
375,0.5116999242964352,0.12712981682958407,0.11083422301111037,0.02443406024449783,0.0010931327915432638,0.0004747241775341089,100.0,0.0,64.85,3.5252659474144643,1.075,0.23848480035423641,4.35,1.1947803145348521,0
376,0.5283507584749242,0.1347304878840551,0.10734237550479162,0.026609317084800136,0.0011294925703628383,0.0004586230548138762,100.0,0.0,63.8,3.2186953878862163,1.05,0.21794494717703372,4.15,0.7921489758877431,0
377,0.5431912945317252,0.12653197470246436,0.10481200741221812,0.02512271029986518,0.0011743526418328681,0.0006199159409077652,100.0,0.0,62.75,3.2384409829422554,1.025,0.10897247358851683,4.3,0.7810249675906654,0
378,0.5605886373305743,0.12805431648651197,0.10226242860323882,0.02523817455339133,0.0011045961255756085,0.0005841994112697453,100.0,0.0,64.05,3.667083309661781,1.05,0.21794494717703372,4.15,0.7262919523166975,0
379,0.5648855668934282,0.13070250923298407,0.10125766203290003,0.025793929126490273,0.0010842369894366142,0.0006236375345871854,100.0,0.0,63.95,3.3834154341434335,1.075,0.23848480035423641,4.3,0.8426149773176358,0
380,0.5746825887671188,0.1381275443642445,0.09901286264079717,0.027427058758952377,0.001004475504946084,0.0006417851537995041,100.0,0.0,63.05,2.8543825952384165,1.0,0.0,4.2,0.7483314773547882,0
381,0.5769108735753494,0.139518496459687,0.09851026851004618,0.028024517894285193,0.0009986952592713522,0.0006404131268021144,100.0,0.0,63.4,2.6720778431774774,1.15,0.3570714214271425,4.2,0.812403840463596,0
382,0.5824379280233232,0.14550980642877848,0.09795199098785484,0.02919920708291457,0.0008726225434829456,0.0005174895316783993,100.0,0.0,62.85,2.8155816450602176,1.075,0.23848480035423641,4.25,0.82915619758885,0
383,0.57451831017664,0.1397471120155286,0.09881116503949863,0.028894071828231668,0.0009438499477786236,0.0005075522462008961,100.0,0.0,62.0,2.792848008753788,1.05,0.21794494717703372,4.25,0.7664854858377946,0
384,0.5765963273946082,0.13342299949991118,0.0987066273906452,0.027513258878543993,0.0009540590074364766,0.00045692381508418843,100.0,0.0,62.3,2.968164415931166,1.1,0.3,4.5,0.7416198487095663,0
385,0.5711203112451029,0.12543554536290746,0.09928136698958817,0.025695340419026786,0.0009954833172680139,0.0005059953605747701,100.0,0.0,64.1,3.491418050019218,1.15,0.3570714214271425,3.9,0.7681145747868608,0
386,0.5759965017601398,0.12259636621051934,0.09893362674274715,0.02406396006893848,0.000995509578292972,0.0004519108533475208,100.0,0.0,63.25,3.222964473896664,1.1,0.3,4.25,0.82915619758885,0
387,0.5799696427896512,0.12259264022746925,0.09837724184862119,0.023081277990616978,0.0009883715364640239,0.00047059589025704216,100.0,0.0,63.95,2.4387496796514396,1.0,0.0,4.15,0.7262919523166976,0
388,0.5780104547719475,0.11280713482272588,0.09832604122485168,0.021100363607324597,0.001018789320057973,0.0004968302874914847,100.0,0.0,63.5,2.80178514522438,1.05,0.21794494717703367,4.25,0.82915619758885,0
389,0.5775695083637353,0.10520386288993232,0.09769666160671062,0.020299040995690396,0.0010901651956633214,0.0006141200063889138,100.0,0.0,63.75,2.7726341266023544,1.1,0.2549509756796392,4.35,0.5722761571129799,0
390,0.582792780254337,0.09670954925511274,0.09716176430040994,0.018553103615824226,0.001097050810478317,0.0006162112906268491,100.0,0.0,63.45,2.81913107180209,1.05,0.2179449471770337,4.1,0.6244997998398398,0
391,0.5927022983538254,0.09195459637569264,0.09563205604384767,0.01767995982490841,0.0010416020498429373,0.0005643580031531749,100.0,0.0,63.3,3.0512292604784714,1.0,0.0,4.35,0.6538348415311012,0
392,0.5889983654919445,0.09814100922516869,0.09595575281350296,0.018612896390999233,0.0010673374039397046,0.0005194887392636905,100.0,0.0,63.8,2.9933259094191524,1.1,0.3,4.1,1.1789826122551597,0
393,0.5945842011567511,0.09998097702844021,0.09330497030737853,0.019857095941535226,0.0011589313683846403,0.0006870587999044158,100.0,0.0,63.8,2.5999999999999996,1.05,0.21794494717703372,4.9,1.1789826122551597,0
394,0.6023337306442715,0.11726429093386662,0.09144604836944245,0.02358895069598251,0.0011892679054576567,0.0006239041643369216,100.0,0.0,63.05,3.761316258971054,1.05,0.15,4.15,0.7262919523166976,0
395,0.6086461587653792,0.13542506075688374,0.09001096023507334,0.027337417600830406,0.0011444955607127283,0.0004748783891290435,100.0,0.0,62.85,2.5937424698685874,1.125,0.3112474899497183,4.15,0.5722761571129799,0
396,0.6118961373887181,0.14556578649502094,0.08933741254026531,0.028990998049657962,0.0011284119368517732,0.0004921751762472566,100.0,0.0,63.4,3.246536616149586,1.125,0.3112474899497183,4.35,0.6538348415311012,0
397,0.6088147261045738,0.14834277038820332,0.09075431439479882,0.027911730481309575,0.0010798182885079694,0.0005300657608664752,100.0,0.0,62.9,3.047950130825634,1.05,0.21794494717703372,4.65,0.7921489758877431,0
398,0.6065274134889916,0.14285021688036526,0.09168657195846866,0.02662162978249749,0.0010588510901826703,0.0005312795152966803,100.0,0.0,63.35,2.4550967394381837,1.05,0.21794494717703367,4.05,0.5894913061275798,0
399,0.6117351726597826,0.130628041629477,0.09045871504247407,0.025361211900879817,0.0011090958806622684,0.0006605666124182307,100.0,0.0,62.85,2.4550967394381833,1.05,0.2179449471770337,4.4,0.8,0
400,0.6252824555318675,0.12847112122177246,0.0878820607047985,0.02554927104413614,0.0011075773136931684,0.0006641697417383516,100.0,0.0,62.55,3.0736785778607367,1.05,0.21794494717703372,4.2,0.5099019513592784,0
401,0.6301815526754414,0.12997081147707643,0.08747736051670639,0.025295913211066834,0.0010594452514993149,0.0006761592881012367,100.0,0.0,63.85,2.414021540914662,1.1,0.3,3.95,0.804673846971554,0
402,0.6382990334784717,0.13913396490506771,0.08473232888835894,0.027886621113843896,0.0010784488540057978,0.0006394554362768048,100.0,0.0,63.75,3.5899164335677787,1.1,0.3,4.15,0.9630680142129111,0
403,0.6515049034257002,0.1471579734915841,0.08415253094101287,0.029291870914460467,0.0008573365925575478,0.000556272024334137,100.0,0.0,62.85,2.5352514668174435,1.1,0.3,4.15,0.4769696007084728,0
404,0.6554667820230619,0.14353094573504535,0.08316018030872797,0.028622352204304043,0.0009015223571576227,0.0006476032468086649,100.0,0.0,63.65,2.6884010117540127,1.05,0.21794494717703372,4.2,0.6,0
405,0.6646094171878908,0.13534597240825297,0.08186352948131566,0.027127672647733417,0.0009070608388528255,0.0005928827290450154,100.0,0.0,63.4,2.8000000000000003,1.05,0.21794494717703372,4.15,0.7262919523166975,0
406,0.6716814778882633,0.1257042317307582,0.08160533420721053,0.024526186045650614,0.0008500248259030953,0.0004731138800001408,100.0,0.0,62.65,4.162631379308046,1.15,0.32015621187164245,4.1,0.8888194417315588,0
407,0.6791187015620491,0.11400090614032776,0.08041871759576846,0.021810016494558486,0.0008216581492029541,0.00034652619171154296,100.0,0.0,63.95,2.8892040426387333,1.0,0.0,4.35,0.7262919523166976,0
408,0.6782379380928816,0.09799187505232951,0.08105246522100386,0.01823984995498796,0.0008034170063401581,0.0003804561267644052,100.0,0.0,63.05,3.0736785778607367,1.15,0.3570714214271425,4.25,0.4330127018922193,0
409,0.6738855864909227,0.09630517027023748,0.08221919153665369,0.018008317805314148,0.0007426674227107788,0.00032157083616097247,100.0,0.0,63.25,3.031088913245535,1.075,0.23848480035423641,4.3,0.45825756949558405,0
410,0.6655024543466791,0.09660559543206924,0.0832427058661864,0.018476135886355657,0.0007866313102941798,0.00037213928801737266,100.0,0.0,64.15,2.7798381247835278,1.0,0.0,4.25,0.9420721840708386,0
411,0.6664121658762513,0.10340696730486365,0.08273644368837477,0.019836757289283,0.0007675680978666034,0.0004493099400856672,100.0,0.0,62.55,2.7290108097990378,1.15,0.3570714214271425,4.15,0.7262919523166975,0
412,0.6624713246777219,0.10962823852243898,0.08375780909555312,0.02111825928861144,0.0007142074592264024,0.0004222811484621092,100.0,0.0,62.95,3.0244834269673224,1.075,0.23848480035423641,4.2,0.8717797887081348,0
413,0.6491933731071454,0.11296190096244922,0.0863194216721387,0.021202431140449837,0.0007377433367303221,0.0003674196610959834,100.0,0.0,64.65,2.903015673398957,1.0,0.0,4.3,0.5567764362830021,0
414,0.6393861318122864,0.12156496376057638,0.08875413086088868,0.022368550776800247,0.0006760452071071993,0.0004300695333091652,100.0,0.0,63.75,2.5074887836239665,1.0,0.0,4.35,0.7262919523166975,0
415,0.62686735538914,0.12823718311051843,0.09096645459068416,0.023668486041708015,0.0006653091136039132,0.0004707966297963605,100.0,0.0,63.85,2.286372673034735,1.05,0.21794494717703367,4.2,0.5099019513592784,0
416,0.6188032199639252,0.13067835340753686,0.0914586786819801,0.02480839594206657,0.0007918232634919061,0.0005555933315655416,100.0,0.0,63.05,3.169779172119093,1.075,0.23848480035423641,4.25,0.698212002188447,0
417,0.6180251478246824,0.1367404692466914,0.09079844390752022,0.026749918784764678,0.000833008304846693,0.0005595720030419852,100.0,0.0,65.4,2.672077843177477,1.0,0.0,4.25,0.698212002188447,0
418,0.615742495934358,0.13059783065070654,0.09154755114071349,0.025203621119354154,0.000874581486081342,0.0005026590814743627,100.0,0.0,62.55,3.5843409436045564,1.05,0.21794494717703372,4.3,0.8426149773176358,0
419,0.6175374854636674,0.12630657931974257,0.08987015059652634,0.024187320687714408,0.0010347052227059686,0.0005920385304711122,100.0,0.0,61.8,3.043024810940588,1.2,0.4,3.95,0.5894913061275798,0
420,0.6256751037784699,0.11365814846916088,0.08769969682648891,0.02195159439589816,0.0011200820592424956,0.000550664131724801,100.0,0.0,64.25,2.624404694402142,1.05,0.21794494717703372,4.05,0.6689544080129826,0
421,0.6308605379646293,0.11756554562757278,0.08631885480949572,0.023443746993972003,0.0011516502340816821,0.00046643488971817424,100.0,0.0,63.75,2.299456457513384,1.0,0.0,4.25,0.5361902647381804,0
422,0.6447060820330219,0.12236637360042053,0.08380931914105506,0.024195083972272654,0.001099251047866896,0.00037932997219264163,100.0,0.0,63.9,3.7403208418530087,1.125,0.3112474899497183,3.95,0.4974937185533099,0
423,0.6550636816685349,0.12671891316178382,0.08166450993722141,0.025776859124763553,0.0010667497949807298,0.000491435232687913,100.0,0.0,62.6,4.1521078984053394,1.2,0.4,4.15,0.9096702699330127,0
424,0.6697804973411667,0.1191703903066863,0.07866968251585715,0.024559363644932518,0.0011005581281768252,0.0005166829452250126,100.0,0.0,63.9,2.5670995305986875,1.025,0.10897247358851683,4.1,0.43588989435406733,0
425,0.6872982578953081,0.10952139986656183,0.07518238158389093,0.022402918852327782,0.0011027744767417584,0.0005410957062613529,100.0,0.0,62.5,3.0413812651491097,1.1,0.3,4.65,0.9096702699330126,0
426,0.6970528346693345,0.10544624663540504,0.07286079567354743,0.022546394461861373,0.0011494894100840304,0.0006050957217933818,100.0,0.0,63.0,2.569046515733026,1.05,0.15,4.1,0.7,0
427,0.7094000568672227,0.11582885235744798,0.07182039236824159,0.023586735002794047,0.0009778361070838498,0.0005313362426575895,100.0,0.0,63.95,3.528101472463625,1.05,0.21794494717703372,4.25,0.5361902647381804,0
428,0.7128748376312148,0.11963466940877539,0.07136423965525963,0.023684915036421086,0.0009662611294819514,0.0005586116099730283,100.0,0.0,63.6,3.023243291566195,1.05,0.21794494717703372,4.3,0.6403124237432849,0
429,0.7205677187764922,0.12708410506974005,0.06941835895560804,0.02514785872287894,0.0009438883789654564,0.0005171962953532275,100.0,0.0,62.45,2.836811590500857,1.15,0.3570714214271425,4.2,0.6782329983125269,0
430,0.7247471165983128,0.12475361540255389,0.06925404082875622,0.024330728170908422,0.0008889897407463165,0.0004705607757080738,100.0,0.0,63.55,2.132486811213612,1.1,0.2549509756796392,4.2,0.6782329983125268,0
431,0.7224612474434007,0.11655915735281067,0.07015734630538159,0.02248787175557544,0.0008793923410172124,0.00045189359079997744,100.0,0.0,62.55,3.169779172119093,1.125,0.3112474899497183,4.1,0.5385164807134504,0
432,0.7239028243127531,0.11548426557688053,0.07024613839673334,0.022517185208288562,0.0008427037605171393,0.0005121953860924468,100.0,0.0,63.95,2.4994999499899975,1.05,0.21794494717703372,4.05,0.6689544080129826,0
433,0.714444565274527,0.11134892466970252,0.07227408172420588,0.02140091133576337,0.0008624098307182858,0.0005981754383064782,100.0,0.0,63.4,3.6660605559646724,1.1,0.3,4.25,0.5361902647381804,0
434,0.7088915361357739,0.104316957136263,0.0732028345184069,0.020926487237344017,0.000880494326279487,0.0005568409075380146,100.0,0.0,63.2,3.3105890714493693,1.075,0.23848480035423641,4.15,0.6538348415311012,0
435,0.7071884162455394,0.10567744585487455,0.07373564807284906,0.022894887987270966,0.0008109962666638694,0.0005027275371860445,100.0,0.0,64.0,3.40587727318528,1.05,0.21794494717703372,4.15,0.6538348415311012,0
436,0.7018248790235527,0.10134944004444947,0.07538347544787664,0.021431182130847083,0.0007736528052501433,0.00035034625585465487,100.0,0.0,64.65,2.2863726730347356,1.05,0.21794494717703372,4.2,0.39999999999999997,0
437,0.7024893842655703,0.09918481204309097,0.07623095698781535,0.01866828422700619,0.00074480930867902,0.0003309981390864261,100.0,0.0,62.75,3.1444395367060247,1.05,0.21794494717703372,4.3,0.7810249675906654,0
438,0.6933254581529164,0.09211000962523892,0.07735130440863827,0.017836569671449032,0.0008060331318958853,0.0004001631490541715,100.0,0.0,63.1,2.826658805020514,1.0,0.0,4.55,0.6689544080129827,0
439,0.6902220465466194,0.08948689132027539,0.0777470201100204,0.01662443620795064,0.0008325883714486813,0.00043885448863390696,100.0,0.0,63.85,2.868361901852694,1.025,0.10897247358851683,4.25,0.5361902647381804,0
440,0.6941937027661123,0.0892603788913324,0.07696762758888259,0.016539420000761473,0.0008270682997496285,0.00041548851001658164,100.0,0.0,63.2,2.712931993250107,1.1,0.3,4.05,0.804673846971554,0
441,0.6909721725027854,0.08516873235294299,0.07757768158265317,0.015290497259285081,0.0008627657371024181,0.0004297605732591346,100.0,0.0,63.25,2.1880356487041066,1.025,0.10897247358851683,4.55,0.6689544080129827,0
442,0.6995105082438715,0.08099593618053007,0.07576212413223907,0.014560667191113978,0.0008819730947030665,0.0004568313419230244,100.0,0.0,62.85,3.365635155509284,1.1,0.3,4.15,0.47696960070847283,0
443,0.70610521392822,0.08383939479031181,0.07438995841483645,0.015532170284553004,0.0008597655670827998,0.00041753087560688246,100.0,0.0,62.15,3.335790760824186,1.1,0.25495097567963926,4.5,1.118033988749895,0
444,0.7046554913121141,0.08165438704235901,0.07469541959062274,0.015399468109437042,0.0008619435278550776,0.0003587168310994457,100.0,0.0,65.35,2.903015673398957,1.0,0.0,4.05,0.6689544080129826,0
445,0.7194875149030275,0.09015038373114272,0.07184907693903275,0.017038492196073667,0.0008354562667117673,0.0003565441916274416,100.0,0.0,62.85,3.5815499438092444,1.05,0.15,4.3,0.8426149773176358,0
446,0.7213896763023666,0.09525176107643801,0.07187011290609605,0.017984751544467027,0.0007973986549025201,0.00038938031243599346,100.0,0.0,62.95,2.9406631905065224,1.025,0.10897247358851683,4.3,0.5567764362830021,0
447,0.7190041901545039,0.1007252829937532,0.07248192332429164,0.01860770065436111,0.0007819988701419717,0.0004042802215493617,100.0,0.0,61.85,3.1348843678834477,1.125,0.3112474899497183,3.85,0.3570714214271425,0
448,0.7200764224543456,0.0978822556151186,0.0722267617155429,0.018765698805629203,0.0007790189077753544,0.0003321465765059421,100.0,0.0,64.05,3.3537292675468007,1.0,0.0,4.2,0.812403840463596,0
449,0.7305457504402592,0.09560216257346965,0.06969229063432934,0.018939111351614364,0.0008085733623337029,0.0003733409789428733,100.0,0.0,62.85,2.8508770580296865,1.1,0.3,4.25,0.82915619758885,0
450,0.7427915729936091,0.08685448755414549,0.06766596382083652,0.01704323086096309,0.0007979956779400037,0.0002956143495505862,100.0,0.0,63.65,2.937260628544903,1.05,0.21794494717703372,4.2,0.812403840463596,0
451,0.7523015975055878,0.07233589133640252,0.06540668692892739,0.014778008155725298,0.0008441431171841553,0.000319840212316037,100.0,0.0,62.55,2.923610781208744,1.025,0.10897247358851683,4.35,0.8529361054615991,0
452,0.7605976645559722,0.06416444230727618,0.06324411465599086,0.01367633817554631,0.000870543719087726,0.0003262533757790591,100.0,0.0,62.65,3.08666486681013,1.05,0.21794494717703372,4.35,0.9630680142129111,0
453,0.7689622688292939,0.0619113370607085,0.06256762284839765,0.013385776487018688,0.0007592933608148546,0.0003164680551407456,100.0,0.0,64.05,3.201171660501823,1.05,0.21794494717703372,4.1,0.7000000000000001,0
454,0.7684483330123334,0.05974955950901109,0.06218447720839672,0.012924982261384114,0.0007981418357153588,0.0003030868136583607,100.0,0.0,63.55,2.97447474354717,1.0,0.0,3.95,0.5894913061275798,0
455,0.7674811085228546,0.051792661890183195,0.06210099804937811,0.011464547063533826,0.0008194586637504406,0.0003286190848840367,100.0,0.0,62.8,3.501428280002319,1.05,0.21794494717703372,4.4,0.9165151389911681,0
456,0.763361027629538,0.05912210159389642,0.061598471010959076,0.01391685627036828,0.0009028954351556004,0.00039203821127246696,100.0,0.0,62.55,2.7106272336859605,1.0,0.0,4.15,0.47696960070847283,0
457,0.7678649631014866,0.063714415026885,0.06053157640301721,0.014195289669559241,0.0008762029654281916,0.0004353043617013108,100.0,0.0,63.65,4.138538389335056,1.025,0.10897247358851683,4.35,0.7262919523166975,0
458,0.7702209027663738,0.06437445700435125,0.05976001917197919,0.014710856640012215,0.0008687293027859345,0.00042329968152276035,100.0,0.0,62.65,3.118894034750139,1.05,0.21794494717703372,4.7,0.9539392014169458,0
459,0.7683321868278573,0.06517578244345673,0.05928605867910845,0.014860356421263354,0.0009347735468793383,0.0005137911775867254,100.0,0.0,64.65,2.5743931323712004,1.0,0.0,4.25,0.82915619758885,0
460,0.7748956209602058,0.06688987954336616,0.05794490664184419,0.015735287424681863,0.0008866287053831917,0.0005578456033301087,100.0,0.0,63.65,3.380458548777074,1.025,0.10897247358851683,4.2,0.7483314773547883,0
461,0.770472081870559,0.06668753140291488,0.05893935611052904,0.01579029666317856,0.0008958951206043157,0.000502779725361022,100.0,0.0,63.75,2.48746859276655,1.025,0.10897247358851683,4.2,0.7483314773547883,0
462,0.7705038038747378,0.07472459920921486,0.05811850779741429,0.01791385605995363,0.0009060640812401868,0.0005453242112861672,100.0,0.0,64.15,3.380458548777074,1.1,0.3,4.05,0.6689544080129826,0
463,0.7720163409570373,0.08402115453185512,0.05888069290040475,0.019608119925033474,0.0008142864632747219,0.0004246170204938331,100.0,0.0,63.45,2.9064583258667245,1.1,0.3,4.05,0.6689544080129826,0
464,0.770422694718851,0.08444897063978374,0.05874263006851852,0.018990448984894118,0.0008766163185432768,0.00046794033888882805,100.0,0.0,65.25,3.222964473896664,1.05,0.21794494717703372,3.95,0.49749371855331004,0
465,0.7726458498185381,0.09064692809836719,0.05794483543603927,0.020218162566843476,0.000875760712151839,0.0005059556122596074,100.0,0.0,65.2,2.976575213227443,1.0,0.0,4.0,1.0488088481701516,0
466,0.7729965240314098,0.093538030719606,0.058944071340489144,0.020997680146380333,0.0007910150665268534,0.0004748864784704403,100.0,0.0,64.05,3.1220986531498327,1.075,0.23848480035423641,4.1,0.7000000000000001,0
467,0.7730479443837668,0.09065093512833003,0.05928758468496133,0.019941817235194177,0.0008084380432119211,0.0004335981784949235,100.0,0.0,63.15,3.8114957693797855,1.15,0.3570714214271425,4.15,0.7921489758877431,0
468,0.7723424742466831,0.09046060903998275,0.059940668848559656,0.020565387849560003,0.0007608426307669012,0.00038711800451368314,100.0,0.0,64.95,3.040970239906994,1.025,0.10897247358851683,4.0,0.5477225575051661,0
469,0.7723774619176272,0.09476799578322369,0.05961324988423057,0.020841394636167937,0.000809371529232537,0.0004189480104550265,100.0,0.0,63.35,2.6509432283623124,1.05,0.2179449471770337,4.05,0.49749371855331004,0
470,0.7793399453524248,0.09389213082664263,0.05807691540056557,0.019856481453241412,0.0008195947346721159,0.00041521165874223206,100.0,0.0,62.45,2.7290108097990378,1.1,0.3,4.2,0.6,0
471,0.7790184822752393,0.09064932270801955,0.057817917739021917,0.01885865754097231,0.0008680020073333423,0.000402102686119283,100.0,0.0,63.2,3.709447398198282,1.025,0.10897247358851683,4.45,0.9733961166965892,0
472,0.78226551000737,0.08485092590127494,0.05726034732573472,0.018203993449045445,0.0008664441061829587,0.00039317436117946875,100.0,0.0,61.85,3.7719358425084595,1.075,0.23848480035423641,4.4,0.9695359714832658,0
473,0.7921088966836025,0.08695082791636982,0.055404718363561443,0.01887447306987948,0.000843682146245227,0.00036775686675708137,100.0,0.0,63.55,3.2935543110748915,1.05,0.21794494717703372,4.15,0.47696960070847283,0
474,0.805955850891622,0.08299079492122505,0.052239646395525544,0.01853107668305602,0.000824020386649025,0.00036199421097943485,100.0,0.0,63.2,3.009983388658482,1.1,0.3,4.4,0.5830951894845301,0
475,0.8098379633992083,0.08069557314537058,0.05125785040070265,0.017911668955349142,0.0008299836470281494,0.00037609403923253513,100.0,0.0,63.8,3.443835071544512,1.0,0.0,4.35,0.7921489758877431,0
476,0.8125641731715658,0.07399677031366093,0.05060753200704886,0.01673443910601993,0.0008210216010039887,0.00037603656493718693,100.0,0.0,64.5,3.263433774416144,1.025,0.10897247358851683,4.1,0.7681145747868608,0
477,0.8176970612070464,0.07320150972754282,0.04892794112975184,0.01611276491950981,0.0008509292758008073,0.00040483966190068616,100.0,0.0,63.25,3.207413287993925,1.05,0.21794494717703372,4.4,0.5830951894845301,0
478,0.8252769169821133,0.07332501771546547,0.04840270576334764,0.01570255072352465,0.0007660912020866225,0.0003697501942893137,100.0,0.0,63.9,2.7367864366808017,1.0,0.0,4.2,0.6,0
479,0.8318729410079053,0.07527250332212358,0.047914972870756065,0.01622559527830024,0.0006977560995025642,0.0003132474073462663,100.0,0.0,63.55,2.7834331319433563,1.05,0.21794494717703372,4.45,0.8046738469715541,0
480,0.8289303745874571,0.07647029948732112,0.0488881426118069,0.017516790578024324,0.0006801652984223587,0.00022387869054458928,100.0,0.0,63.65,3.134884367883447,1.0,0.0,4.3,0.5567764362830022,0
481,0.8316833654713838,0.07216662688200542,0.04912237751291924,0.016104681135727293,0.0006383180837308386,0.00020370942467952337,100.0,0.0,62.55,3.6534230524263136,1.15,0.3570714214271425,4.3,0.7810249675906654,0
482,0.8345251437899741,0.06956591399782464,0.049217384774133496,0.01551571946840169,0.0005969878784039573,0.0002181967475363293,100.0,0.0,63.2,2.803569153775237,1.025,0.10897247358851683,4.1,0.5385164807134504,0
483,0.8423585118109751,0.0708439259259982,0.04693690526661147,0.01599939223103359,0.0006082332321498872,0.00027282446709516546,100.0,0.0,63.9,3.2848135411313684,1.0,0.0,4.15,0.7921489758877431,0
484,0.8478832890060556,0.06999271065262173,0.04524354901566212,0.01701804836945119,0.0005831322764581272,0.0002808064498359721,100.0,0.0,64.5,2.539685019840059,1.0,0.0,4.2,0.6782329983125269,0
485,0.849789513331193,0.07453745693010852,0.04424183150010029,0.018613895048360755,0.0005836318727402973,0.00032346585548865956,100.0,0.0,63.35,3.4245437652335533,1.1,0.2549509756796392,4.1,0.8888194417315588,0
486,0.8512701541064691,0.06860747007026706,0.04394449158572379,0.01656588985711227,0.0005997628624342965,0.0003275720605453676,100.0,0.0,63.55,2.5782746168707473,1.05,0.21794494717703367,4.25,0.5361902647381804,0
487,0.8492616913554695,0.062217414175683765,0.043635822543990524,0.015270210669458646,0.0006789933607753001,0.00038149002358310477,100.0,0.0,63.55,3.694252292413175,1.1,0.3,4.15,0.5722761571129799,0
488,0.8535910250891268,0.05901755964197614,0.04271019740923611,0.015249848549501777,0.0006520592883315343,0.00035234612981235484,100.0,0.0,62.4,3.786819245752298,1.05,0.15,4.45,1.2031209415515964,0
489,0.8551488947978749,0.05650342814593217,0.04196259681319746,0.014463392281906105,0.0006705029167597322,0.0003992857292169502,100.0,0.0,63.35,3.623189202898463,1.05,0.15,4.45,1.023474474522936,0
490,0.8599766613222922,0.052173271111808,0.040904990850514196,0.01415649192568962,0.0006612210191285822,0.00029217219130621864,100.0,0.0,62.6,3.0397368307141326,1.075,0.23848480035423641,4.05,0.6689544080129826,0
491,0.8599693533173116,0.04814341048746069,0.040003314066196324,0.013711480486704564,0.0007099664409800628,0.0003028733019377437,100.0,0.0,63.65,3.1666228067138023,1.0,0.0,4.25,0.6224949798994366,0
492,0.8697803314813652,0.044969756667100735,0.03734491779136083,0.013596845668544478,0.0006765099019631905,0.00024546427116646806,100.0,0.0,64.3,2.5317977802344327,1.0,0.0,4.2,0.6,0
493,0.8721359062239978,0.04724813998078331,0.03619320237042894,0.014171766765064603,0.0006908969611122707,0.000254845704488732,100.0,0.0,63.8,2.712931993250107,1.05,0.21794494717703372,4.15,0.7262919523166975,0
494,0.8762058103777616,0.0436589865089822,0.03558566756609613,0.013276851871963388,0.0006631020313458403,0.0002102144549216947,100.0,0.0,64.0,2.5298221281347035,1.05,0.21794494717703367,4.25,1.0428326807307104,0
495,0.8788591287781056,0.04537886370144101,0.03407599694207151,0.012842497997221087,0.0007079505758579569,0.00025716689921693146,100.0,0.0,64.15,2.2197972880423116,1.0,0.0,4.3,0.7810249675906654,0
496,0.8820858242799087,0.05121885517047191,0.03263899326127304,0.012966789072264432,0.0007096405858962537,0.00029065490646089744,100.0,0.0,63.45,2.871846096154876,1.1,0.3,4.05,0.6689544080129826,0
497,0.8856961946754691,0.04856241385752043,0.03239870630953074,0.01308095713250019,0.0006654241901521472,0.00025424561257496965,100.0,0.0,64.3,2.3259406699226015,1.0,0.0,4.3,0.7810249675906654,0
498,0.8859665901556373,0.04962847720060653,0.029757768989352024,0.012864990294940289,0.000751505956853771,0.0002778485731524245,100.0,0.0,63.05,2.9744747435471695,1.1,0.3,4.5,1.02469507659596,0
499,0.8877093436055065,0.04861874184531823,0.02870792239363846,0.012439450437149209,0.0007666012011075913,0.0003864351822680528,100.0,0.0,62.5,3.2326459750489227,1.1,0.3,4.3,0.6403124237432849,0
500,0.8895272140300078,0.04423667059928268,0.02846970899965976,0.01145969086096105,0.0007674796888810078,0.0003592160647111638,100.0,0.0,63.5,3.640054944640259,1.075,0.23848480035423641,4.2,0.7483314773547883,0
501,0.8922164717956187,0.045726501407685576,0.028034113949730398,0.011566938269916928,0.0007380458107688669,0.00037348746679064816,100.0,0.0,63.6,3.7202150475476548,1.15,0.3570714214271425,4.2,0.8124038404635961,0
502,0.8947005336593936,0.04650088841962305,0.028404520615443817,0.01140463439224235,0.0007015266749016056,0.0003287037384106332,100.0,0.0,63.55,2.836811590500857,1.075,0.23848480035423641,4.0,0.7071067811865476,0
503,0.8943502683049541,0.04085092822097946,0.027624535172859354,0.012086985177132564,0.0007151835050465698,0.00027467899941132685,100.0,0.0,62.3,2.282542442102666,1.1,0.3,4.25,0.8874119674649424,0
504,0.8950278670814915,0.04188644573594009,0.02644933419230545,0.011036912899123444,0.0007571854002174554,0.0003057597090633224,100.0,0.0,63.35,3.5954832776693593,1.1,0.3,4.2,0.8124038404635961,0
505,0.9000567896193731,0.042348137976129234,0.02639464177616386,0.010828272135060978,0.0007021063481997944,0.0002935054584550461,100.0,0.0,63.75,3.329789783154486,1.1,0.3,4.15,0.5722761571129799,0
506,0.905752991063981,0.03618371496968697,0.02399010487403342,0.010050973749709983,0.0006991515396007561,0.00027457068320801156,100.0,0.0,63.8,2.9257477676655586,1.05,0.2179449471770337,4.35,0.5722761571129799,0
507,0.9049941075697376,0.032927012264715796,0.022857813136355164,0.010381265953586238,0.0007283597382306925,0.0002797907990360271,100.0,0.0,63.6,3.120897306865447,1.1,0.3,4.35,1.1079259903080168,0
508,0.9074522023971134,0.029126012137098298,0.021505842724148384,0.010484146573062932,0.000734000845101613,0.00022482657951992518,100.0,0.0,63.1,2.5670995305986875,1.075,0.23848480035423641,4.4,0.7348469228349535,0
509,0.9041818657734529,0.03540634712822021,0.02144052470040075,0.010222063019908119,0.0007806209429324698,0.0002901404590761229,100.0,0.0,63.75,3.672533185690771,1.1,0.3,4.1,0.8888194417315588,0
510,0.9079406126272908,0.029132401345452454,0.019843842357168604,0.009911663393325448,0.0007793675321275823,0.00025503009072783546,100.0,0.0,62.45,2.9744747435471703,1.125,0.3112474899497183,4.25,0.6224949798994366,0
511,0.9147975673834864,0.025545089941339506,0.019065387054982053,0.00837227983520014,0.0007215728031136613,0.000214336764529089,100.0,0.0,63.45,3.456515586540874,1.05,0.15,4.2,0.6782329983125269,0
512,0.9176102086850351,0.02435307895538141,0.017993654078061937,0.007900268944051976,0.0007070168439784293,0.00021737797181936932,100.0,0.0,62.0,3.449637662132068,1.1,0.3,4.5,0.8660254037844386,0
513,0.9203573619796332,0.02159858844470062,0.017356184381168913,0.007852995404515558,0.0006946311938615476,0.0002371649617428661,100.0,0.0,63.75,1.9461500456028564,1.0,0.0,4.45,0.7399324293474372,0
514,0.9218387137471528,0.0203282527933642,0.016361270638382653,0.007429174212928042,0.0006995013637239174,0.00027575577692321416,100.0,0.0,63.4,3.9924929555354263,1.05,0.21794494717703372,4.15,0.653834841531101,0
515,0.9252527689585257,0.0177264493769244,0.015505424494220396,0.007255756397883486,0.0006782151933283845,0.00025151524163940126,100.0,0.0,64.2,3.6276714294434105,1.1,0.3,4.3,0.6403124237432849,0
516,0.9288437804770201,0.021242660645441922,0.014114751492911531,0.007254879552236009,0.0006571084503901677,0.000264865316668979,100.0,0.0,63.65,4.138538389335056,1.15,0.3570714214271425,4.15,0.7262919523166976,0
517,0.9294576845341587,0.02051080776134583,0.013170137529768287,0.006315145523989686,0.0006695669987573658,0.00023623192453803637,100.0,0.0,62.25,2.913331426391443,1.1,0.3,4.7,1.1,0
518,0.9317803593626793,0.023265835641077724,0.011815566148483333,0.005869565566350541,0.0006604170671822482,0.0002857899554865727,100.0,0.0,62.9,3.2388269481403293,1.1,0.3,4.25,0.698212002188447,0
519,0.9327478133668043,0.01964173656071616,0.013344392902109314,0.00527234589090192,0.0006269539928317766,0.00022823741865702092,100.0,0.0,62.85,3.8506492958980307,1.05,0.21794494717703372,4.35,0.8529361054615991,0
520,0.9329567593784553,0.018919244158074423,0.013993401224608692,0.005231618615671514,0.0006196659327379146,0.00021629254166049048,100.0,0.0,63.05,2.7834331319433563,1.075,0.23848480035423641,4.25,0.7664854858377946,0
521,0.9334743043903803,0.020535443267824523,0.014984604973972526,0.006166806130631227,0.0005960565201680579,0.00018674224568555344,100.0,0.0,63.25,3.897114317029974,1.025,0.10897247358851683,4.25,0.8874119674649424,0
522,0.9318868146823511,0.022665798051124796,0.01425918768542168,0.006643750577372444,0.0006278743764959125,0.00020774194159705443,100.0,0.0,63.5,2.8722813232690143,1.0,0.0,4.35,0.7262919523166976,0
523,0.9309082402630381,0.022584003334405207,0.013693749472678735,0.007538342885160575,0.0006476081347612201,0.00023071344504372752,100.0,0.0,63.6,3.1368774282716245,1.075,0.23848480035423641,4.05,0.6689544080129826,0
524,0.9353055031886666,0.023120019477374198,0.013806950918636767,0.007909048119857997,0.0005839749073600256,0.00027178561246777005,100.0,0.0,62.2,2.5806975801127883,1.15,0.3570714214271425,4.2,0.8124038404635961,0
525,0.9361054107587965,0.020205504427651025,0.014743710270237955,0.005732008924172395,0.0005813422246647305,0.00021962370575885566,100.0,0.0,62.15,2.515452245621053,1.175,0.36314597615834876,4.2,0.5099019513592784,0
526,0.9366362135261479,0.021471850686946018,0.015544394999576088,0.007052068462669821,0.0005477679228489945,0.00021227317912797566,100.0,0.0,63.45,3.0409702399069944,1.1,0.3,4.5,0.7416198487095663,0
527,0.934919856481419,0.022568493399417137,0.016343508224684423,0.007680943388845536,0.000553574087948092,0.0002158156284331375,100.0,0.0,64.15,2.7617928959282954,1.025,0.10897247358851683,4.25,0.82915619758885,0
528,0.9352353259515566,0.02496264880504602,0.017111616707440852,0.008213271799734684,0.0005340342476836956,0.00021557693908343445,100.0,0.0,63.4,2.6343879744638983,1.05,0.21794494717703367,4.15,0.7262919523166976,0
529,0.9335491810339842,0.02379905518598239,0.018414578778445476,0.008205037516758095,0.0005296048316125936,0.00023504730729241607,100.0,0.0,63.9,3.031501278244824,1.0,0.0,4.0,0.5477225575051661,0
530,0.9275588365410703,0.030751036642136912,0.018831389659955945,0.009255184300700332,0.0005889047911224124,0.00029623420318536196,100.0,0.0,63.35,3.5110539728121526,1.1,0.3,4.15,0.5722761571129799,0
531,0.9290960045489415,0.029145854845261818,0.019706932961189975,0.0084527038373399,0.0005525573365794932,0.00026339684739387745,100.0,0.0,63.25,3.6314597615834874,1.05,0.21794494717703367,4.85,1.107925990308017,0
532,0.9269035813109939,0.030798509461824594,0.01986017123048953,0.008646376737774098,0.0005762337828760194,0.00026623430616787356,100.0,0.0,63.3,2.5903667693977237,1.075,0.23848480035423641,3.95,0.6689544080129826,0
533,0.9240082550757357,0.029399184532970274,0.021037922795001274,0.009830914875807843,0.0005715523809747123,0.00023083281587461864,100.0,0.0,63.6,2.90516780926679,1.1,0.3,4.1,0.6244997998398398,0
534,0.924068156480341,0.02827042735108985,0.021167280117908138,0.010652905849695775,0.0005589043334886666,0.00020032659282103122,100.0,0.0,63.25,2.843853020111975,1.075,0.23848480035423641,4.2,0.6782329983125268,0
535,0.9150018760703974,0.035510774327384455,0.023015265020555987,0.01205295214496484,0.0006345638620923994,0.0003332394379813294,100.0,0.0,61.7,2.9512709126747416,1.1,0.3,4.05,0.5894913061275798,0
536,0.9157805953822802,0.03561006044338437,0.025063034153770952,0.012532299095113336,0.0005462778829599006,0.0002233166209790637,100.0,0.0,63.25,2.7179955849853767,1.075,0.23848480035423641,4.05,0.5894913061275798,0
537,0.9128315584022728,0.040249507840752936,0.0263541386447065,0.012082728322493368,0.0005445139829942854,0.00022726547295918645,100.0,0.0,63.15,2.779838124783528,1.075,0.23848480035423641,4.0,0.7745966692414834,0
538,0.9095463054603646,0.04202852435954962,0.027518304613872724,0.012997284802332408,0.000535813250324205,0.00020677164381927365,100.0,0.0,63.8,2.6381811916545836,1.05,0.21794494717703372,4.0,0.7071067811865476,0
539,0.9016198882144375,0.04564229330478833,0.030053662486131155,0.012775279726251169,0.0005680819671558002,0.0002788181767026878,100.0,0.0,62.6,3.0066592756745814,1.175,0.36314597615834876,4.5,0.806225774829855,0
540,0.8957667255775075,0.044017354356940305,0.03134292191616782,0.01279991897937273,0.0005944437904041664,0.0002645365223593346,100.0,0.0,63.2,3.9319206502675,1.125,0.3112474899497183,4.25,0.698212002188447,0
541,0.8906147295147676,0.043052333922958326,0.03245177805840987,0.01199875572870571,0.0006346925845748907,0.0002962668840110578,100.0,0.0,65.15,3.4245437652335533,1.05,0.21794494717703372,4.2,0.6782329983125269,0
542,0.8882264101629807,0.04474957422476493,0.03312560163878801,0.012077066376611274,0.0006353740439062409,0.0003013499674457844,100.0,0.0,64.05,2.8718460961548757,1.05,0.21794494717703372,4.4,0.8,0
543,0.8871547825884836,0.044227517646345,0.034852917979212396,0.012005331545963345,0.0005793435669097401,0.0002741483402915724,100.0,0.0,63.65,3.1666228067138023,1.0,0.0,4.3,0.714142842854285,0
544,0.8802699943078613,0.038263717828950536,0.038017499510291916,0.01120213374520172,0.000554074593228781,0.00018237993373231565,100.0,0.0,63.65,2.3081377775167584,1.0,0.0,4.3,0.6403124237432849,0
545,0.874887410773378,0.03954855352753998,0.039462601281301635,0.011564897560318982,0.000552665316148967,0.00018542567593575373,100.0,0.0,63.5,3.122498999199199,1.05,0.21794494717703372,4.2,0.6782329983125269,0
546,0.8627336593491688,0.0404707603484806,0.04147126330810143,0.011594918954697747,0.0006278644882514632,0.00024348285241979257,100.0,0.0,63.35,2.920188350089768,1.075,0.23848480035423641,4.25,0.82915619758885,0
547,0.8537154142833648,0.0418265559590639,0.042875504679410724,0.012082686227958973,0.0006624824962353856,0.0002104805534431136,100.0,0.0,63.75,3.672533185690771,1.025,0.10897247358851683,4.35,0.5722761571129799,0
548,0.8400397931663008,0.04501665408043861,0.04443668816928729,0.013881661174540205,0.0007509962317628001,0.000262277925696992,100.0,0.0,64.25,2.5074887836239665,1.025,0.10897247358851683,4.1,0.7681145747868608,0
549,0.8352486756673636,0.04705410457192207,0.045629163581774906,0.014155302944078003,0.0007456830750547615,0.00028294370175486187,100.0,0.0,63.45,2.635811070619441,1.025,0.10897247358851683,4.1,0.5385164807134504,0
550,0.8290453533731901,0.05164726502927562,0.046699646105811364,0.014832063045672415,0.0007658483894390725,0.00028598843889718865,100.0,0.0,63.45,3.694252292413175,1.125,0.3112474899497183,4.05,0.804673846971554,0
551,0.8202207370402432,0.047757510568461815,0.048536234577279666,0.0151236386432791,0.0007883168858478621,0.0002658685356923642,100.0,0.0,64.4,3.307567081708245,1.05,0.21794494717703372,4.15,0.9096702699330127,0
552,0.814410739586541,0.05571191854757158,0.048342898534862275,0.01725648756371777,0.0008528001485417407,0.00027757119538139184,100.0,0.0,63.05,2.71062723368596,1.0,0.0,4.35,0.5722761571129799,0
553,0.8135165867539491,0.06189874055639238,0.04815916179699852,0.016855798265531165,0.0008867152400343312,0.0002988929139572882,100.0,0.0,63.0,3.8078865529319543,1.1,0.3,4.15,0.5722761571129799,0
554,0.805463919028897,0.0619526752031184,0.050130418452325264,0.016530266792652917,0.0009095420377067743,0.00035460395034444674,100.0,0.0,63.75,2.7179955849853767,1.0,0.0,4.3,0.714142842854285,0
555,0.8026675424383434,0.053203622891853604,0.050139020095246435,0.015611076290726661,0.0009936082366240578,0.0003807415767582757,100.0,0.0,62.9,2.487971060924946,1.075,0.23848480035423641,4.1,0.43588989435406733,0
556,0.8147310071657055,0.057783711813366084,0.0482029875701959,0.0159328117964276,0.0009083412264590948,0.0003376712502383381,100.0,0.0,63.7,3.4799425282610637,1.0,0.0,3.9,0.6244997998398398,0
557,0.8254691610597471,0.06631511737841408,0.046171160536610016,0.017994914376729027,0.000830544608812335,0.0003786684497125253,100.0,0.0,63.0,3.082207001484488,1.075,0.23848480035423641,4.15,0.47696960070847283,0
558,0.8248643176775105,0.0662678285458803,0.0453690041662075,0.018654253484657962,0.0008768423281760862,0.00038206235572972423,100.0,0.0,63.85,3.6915443922564446,1.05,0.21794494717703372,4.35,0.792148975887743,0
559,0.8234865395676436,0.06627192731426262,0.04575866884654493,0.017828768654257136,0.0008899622199423177,0.00032057193207984377,100.0,0.0,62.85,3.4680686267719674,1.2,0.3674234614174767,4.0,0.6324555320336759,0
560,0.8267368400813627,0.06244495824849146,0.04532215920849887,0.01603410720052698,0.0009067906895868537,0.0003333189189635109,100.0,0.0,62.95,3.2935543110748906,1.1,0.3,4.25,0.698212002188447,0
561,0.8245545681086133,0.061109629374394875,0.04586759839714377,0.014782096302630906,0.0009391772699686496,0.0003283362066700526,100.0,0.0,63.2,2.4617067250182343,1.0,0.0,4.6,0.5830951894845301,0
562,0.8235412201660403,0.06134120383707568,0.04693127439772634,0.015471121650257822,0.0008808974319153539,0.00033785294606392764,100.0,0.0,64.7,3.8223029707232783,1.0,0.0,4.1,0.7681145747868608,0
563,0.817220094541139,0.06799942169244279,0.049599189154649545,0.016716182415153942,0.000836632318394024,0.0002984410862309827,100.0,0.0,63.25,3.1760824926314495,1.05,0.21794494717703372,4.15,0.7921489758877431,0
564,0.8135296146922864,0.07246215897449318,0.051827557974249816,0.01619052577424473,0.0007594550552352331,0.00032314187988591797,100.0,0.0,63.15,2.104162541250081,1.05,0.2179449471770337,4.2,0.5099019513592784,0
565,0.8057715516403843,0.07614508010607786,0.05337301601633417,0.01683474486765202,0.0007671005648437501,0.0003536035097596249,100.0,0.0,63.7,2.9171904291629644,1.1,0.3,4.3,0.8426149773176358,0
566,0.7915427298551856,0.07993298571444306,0.05737048107061613,0.016877435274889458,0.0007318231518291028,0.0003495290412635657,100.0,0.0,63.1,3.3600595232822887,1.1,0.3,4.4,0.7999999999999999,0
567,0.7865674252588715,0.08408499697724679,0.05830616252817296,0.0174530790958158,0.0007285937826162312,0.0003839502496294937,100.0,0.0,63.45,3.470950878361721,1.2,0.4,4.25,0.9420721840708386,0
568,0.7837157780753892,0.08360509239787273,0.058935149954757834,0.01788323196178278,0.0007120516734799054,0.00041583676893108964,100.0,0.0,62.5,2.202271554554524,1.0,0.0,4.4,0.8602325267042626,0
569,0.769284580561375,0.07965251593412469,0.06199794412466556,0.017321599011408357,0.0007408368071665369,0.00041751568843347465,100.0,0.0,62.3,2.685144316419511,1.15,0.3570714214271425,4.15,0.7262919523166975,0
570,0.7599339614106015,0.07883994410754756,0.0642401602340088,0.017225170181010805,0.0007448210084161898,0.00042551629929769624,100.0,0.0,64.05,2.67348087705897,1.0,0.0,4.0,0.6324555320336759,0
571,0.7614513814416675,0.08070582631563988,0.06436755874315656,0.01752137916997542,0.0007146196938090172,0.0004095249520913133,100.0,0.0,63.35,2.937260628544903,1.05,0.21794494717703372,4.35,0.6538348415311012,0
572,0.758303159941274,0.0817728516641873,0.06500938095674032,0.017617528251930623,0.000726645831472633,0.00034203795157084724,100.0,0.0,63.65,2.7617928959282954,1.05,0.21794494717703372,4.35,0.7262919523166975,0
573,0.7568275480476233,0.08643143870783365,0.06544700277942603,0.01895651283555333,0.0006813167118339661,0.0003751831417304936,100.0,0.0,63.85,3.66435533211505,1.1,0.3,4.1,0.8306623862918076,0
574,0.7481504748559419,0.09104676969560878,0.06733581075167247,0.019984484907741854,0.0006558976839720915,0.00033783814186682365,100.0,0.0,63.7,3.579106033634656,1.05,0.21794494717703372,4.45,0.8645808232895291,0
575,0.734135219023461,0.09063010003257309,0.07058052682706675,0.018985454300632035,0.0006343804088859462,0.00026222022735548586,100.0,0.0,63.2,2.694438717061496,1.05,0.21794494717703372,4.25,0.8874119674649424,0
576,0.7306712439452637,0.0949688394073118,0.07067588896176359,0.02024512263384199,0.000687665731999587,0.00030494720523115566,100.0,0.0,63.45,3.866199684444661,1.1,0.3,4.15,0.6538348415311012,0
577,0.7240335967292083,0.08765688065076561,0.07138082830628581,0.019640028714921636,0.0007361978267710935,0.0004201918442478181,100.0,0.0,62.6,1.8547236990991405,1.0,0.0,4.05,0.5894913061275798,0
578,0.7201419133392677,0.08260227784741045,0.07173174224735414,0.018852919180933708,0.0007592973676776586,0.0003569555830091159,100.0,0.0,62.5,2.819574435974337,1.1,0.3,4.4,0.9165151389911681,0
579,0.7234192964778365,0.07741818324702299,0.07172588158403423,0.017939212390663886,0.0007279128835791807,0.00037188212091274355,100.0,0.0,64.2,2.959729717389748,1.0,0.0,3.9,0.6244997998398398,0
580,0.7240497248289002,0.08094952824249346,0.07149514389586895,0.01730082856587521,0.000731674960594678,0.00036249758365564116,100.0,0.0,63.1,3.4336569426778794,1.05,0.21794494717703367,4.2,0.5099019513592784,0
581,0.7117293191369406,0.08661957258256316,0.07368505041522672,0.018588976449372328,0.0007782152028616298,0.0003695684124526923,100.0,0.0,63.35,2.2643983748448506,1.05,0.2179449471770337,4.1,0.7,0
582,0.6942469230408017,0.08664864740915389,0.07669299615184902,0.01801047876141526,0.000812855078948701,0.0004317161120330856,100.0,0.0,62.9,2.662705391138869,1.1,0.3,4.3,0.714142842854285,0
583,0.6795868972409431,0.08774285565109413,0.07975681397968473,0.017001391012592845,0.0008385168231543958,0.00047712658696157263,100.0,0.0,63.3,2.590366769397724,1.0,0.0,4.1,0.7000000000000001,0
584,0.6765978328020075,0.08378329851660314,0.0801129084971901,0.016707906657617268,0.0008676853028955333,0.0004757124839248585,100.0,0.0,63.0,2.0,1.05,0.15,4.3,0.5567764362830021,0
585,0.6772127513267452,0.0966421906048622,0.07865747302783005,0.019531431383842966,0.0009521017185938644,0.0004208109288771455,100.0,0.0,63.55,3.0899029110960754,1.075,0.23848480035423641,4.0,0.6324555320336759,0
586,0.6747266490552575,0.11266413758122729,0.07911301327908954,0.023445168926170008,0.0009075825806457718,0.000298117956125562,100.0,0.0,64.0,3.286335345030997,1.0,0.0,3.95,0.5894913061275798,0
587,0.6724342622903899,0.11166947379326422,0.07984206495778301,0.02242381115305837,0.0009036894608620583,0.0002598568810595701,100.0,0.0,62.85,3.1188940347501393,1.075,0.23848480035423641,4.3,0.6403124237432849,0
588,0.6750904738960701,0.10909077554499379,0.07920335090173865,0.020829255892006092,0.0009474716990793923,0.0003770252381539385,100.0,0.0,63.5,2.7477263328068173,1.0,0.0,4.15,0.852936105461599,0
589,0.6743071244767054,0.10492890061785219,0.07870623179676202,0.02022262619791382,0.001018376204850451,0.00042363602046117043,100.0,0.0,63.25,3.6588932752951404,1.025,0.10897247358851683,4.25,0.9420721840708386,0
590,0.6790610496657354,0.10307327096555131,0.07797299393725679,0.01955195492876245,0.0010327440113671682,0.0005150804213497102,100.0,0.0,62.55,2.765411361804967,1.075,0.23848480035423641,4.35,0.653834841531101,0
591,0.6802333349481436,0.0983896276925779,0.07816957588863907,0.019025077520921807,0.0009721120588872681,0.0004915731310433602,100.0,0.0,62.65,2.688401011754013,1.175,0.36314597615834876,4.0,0.6324555320336759,0
592,0.6792144467112163,0.10183235788811291,0.0795895037561151,0.019907092170757278,0.0008566630631542838,0.00039896015323469226,100.0,0.0,62.1,3.9862262855989496,1.2,0.4,4.15,0.5722761571129799,0
593,0.6706983876710861,0.09501170724456874,0.08118800259927984,0.018257032506686772,0.0008968966915762294,0.0004463054083801639,100.0,0.0,62.25,3.6038174204584785,1.25,0.4330127018922193,4.3,0.5567764362830021,0
594,0.6724153904967503,0.09349638597468604,0.08087869730132045,0.01797157990545097,0.0008704896440619697,0.00046537480448779236,100.0,0.0,63.15,1.930673457630782,1.0,0.0,4.4,0.6633249580710799,0
595,0.6676892622762262,0.09315676819580017,0.08143942209715943,0.019115603406977943,0.0008837701166026869,0.0005141609424312234,100.0,0.0,62.85,2.351063589101749,1.05,0.21794494717703372,4.5,0.6708203932499369,0
596,0.6673519981069823,0.0947319464842033,0.08211489610976219,0.01891664726312534,0.0008204706835088695,0.0004235205753648078,100.0,0.0,64.25,2.5470571253900056,1.0,0.0,4.2,0.6,0
597,0.656636123532935,0.0929627507336726,0.08348898343060032,0.01911989988936688,0.0008733469722065094,0.0003859341506299321,100.0,0.0,62.65,3.2752862470324633,1.1,0.3,4.25,0.698212002188447,0
598,0.6491031922711828,0.09563168860028676,0.08482906460035054,0.019434382857899096,0.0008713712851052078,0.0003853469381008629,100.0,0.0,63.35,3.118894034750139,1.075,0.23848480035423641,4.35,0.9096702699330126,0
599,0.6330436684100494,0.10249899266210079,0.08738207136496677,0.02115135931474441,0.0009362842470230335,0.0005482837484949361,100.0,0.0,64.45,3.0409702399069944,1.075,0.23848480035423641,4.1,0.7000000000000001,0
600,0.6237446457999825,0.10304632172561214,0.08921183510417499,0.02128250974328105,0.0009201942449299438,0.0005195819356556322,100.0,0.0,63.45,2.4387496796514396,1.025,0.10897247358851683,4.05,0.6689544080129826,0
601,0.6270885770674962,0.11491431605047257,0.08905246340382349,0.023600140197667176,0.0008699807984682261,0.00043489908440214986,100.0,0.0,63.25,3.2384409829422554,1.05,0.21794494717703372,4.55,0.9205976319760985,0
602,0.6268931611249207,0.12407215787416231,0.08984212159215729,0.02456614917644957,0.0008128749751421539,0.00031050521057259314,100.0,0.0,62.6,3.4263683398023628,1.175,0.36314597615834876,4.35,0.7921489758877431,0
603,0.6164580222764633,0.12711633756303134,0.09191276886305036,0.02445207084714157,0.0008406259926017496,0.0003261826955625237,100.0,0.0,64.7,3.4510867853474796,1.1,0.3,3.85,0.47696960070847283,0
604,0.6176408645888664,0.12678502250735668,0.0904841249629494,0.02485287643497747,0.0009787622244151277,0.0003890329271012769,100.0,0.0,63.1,3.845776904605882,1.05,0.21794494717703372,4.25,0.698212002188447,0
605,0.6202419118190425,0.12993187616468793,0.08997380117241927,0.025072441374880898,0.000998343074428747,0.00038748001835751884,100.0,0.0,64.35,2.725344014982329,1.0,0.0,4.0,0.6324555320336759,0
606,0.6308659989748462,0.13176857374467962,0.08767421796710054,0.024070291377991593,0.0010427500582208568,0.0004131368912147238,100.0,0.0,64.1,2.364318083507378,1.0,0.0,4.2,0.5099019513592784,0
607,0.6372659994251342,0.12262691712518162,0.08608059507945476,0.021593557953812226,0.0011611207646221107,0.0005368769385686653,100.0,0.0,64.45,1.9868316486305526,1.0,0.0,4.05,0.5894913061275798,0
608,0.6476806136682058,0.12168636303187873,0.08388822225531764,0.02184209479507104,0.0011423182647414543,0.000584466637227012,100.0,0.0,62.95,3.1697791721190924,1.175,0.36314597615834876,4.15,0.4769696007084728,0
609,0.6473082499055133,0.11195625994847133,0.08429930488192047,0.019538752597217105,0.001089482183735792,0.000545798292387311,100.0,0.0,64.65,3.395217224272992,1.05,0.21794494717703372,4.4,1.1575836902790224,0
610,0.6473348493461035,0.11022959884704983,0.08445645318822939,0.019497272582695974,0.0010174356116885452,0.0005171171814667539,100.0,0.0,62.8,3.171750305430741,1.125,0.3112474899497183,4.25,0.5361902647381804,0
611,0.6373564708867608,0.11520568431539652,0.08573589079946786,0.02033705595125731,0.001063433643521988,0.0005202578012259276,100.0,0.0,63.1,3.40440890610984,1.1,0.3,4.4,0.7348469228349535,0
612,0.6198858757823056,0.10947186667004477,0.08816268660236695,0.01965818097248519,0.0011832358954267338,0.0005408092100227279,100.0,0.0,63.1,2.964793416074719,1.05,0.21794494717703372,4.4,0.9165151389911679,0
613,0.6076923905742959,0.11022057962870992,0.0911744255134518,0.01929292859971298,0.001113398189792784,0.0005719839893794138,100.0,0.0,64.2,3.009983388658482,1.0,0.0,4.25,0.8874119674649424,0
614,0.5986337663066481,0.10964760052948132,0.09312677241249027,0.019292091660533518,0.0011264430610473555,0.0005781857725164668,100.0,0.0,63.05,3.0736785778607363,1.1,0.3,3.9,0.43588989435406733,0
615,0.5881854280590686,0.10341016639634942,0.09540947253963207,0.01807173633526278,0.0011049195550311606,0.000587551468184789,100.0,0.0,63.35,2.885740806101615,1.0,0.0,4.35,0.7921489758877431,0
616,0.5894790182656707,0.10325735913943618,0.09552430628965215,0.019161402744209223,0.001046293959057367,0.0005875020141552171,100.0,0.0,63.5,3.8535697735995385,1.05,0.21794494717703372,4.4,0.5830951894845301,0
617,0.5967949854088141,0.1065995233963003,0.09425130024972132,0.021028032740461375,0.0009536161302572232,0.00047886161411550554,100.0,0.0,63.1,3.080584360149872,1.05,0.21794494717703367,4.5,0.7416198487095663,0
618,0.5903961965269509,0.106254631841245,0.09595650455235297,0.02018707394169104,0.0009227987922069194,0.00044841722654142413,100.0,0.0,63.25,3.884263121880391,1.125,0.3112474899497183,4.35,0.7262919523166976,0
619,0.5799777936627757,0.10097388206434862,0.09824388187177041,0.019354049151027567,0.0009481757109650532,0.0005018423672816696,100.0,0.0,63.45,2.5975950415721076,1.05,0.21794494717703372,4.25,0.6224949798994366,0
620,0.5692242576034765,0.0943811836918578,0.09954747463327465,0.018959077409316204,0.0010396681455631795,0.0005436208142275878,100.0,0.0,63.05,2.8368115905008566,1.0,0.0,4.1,0.5385164807134504,0
621,0.5684117307650743,0.10081354577536199,0.09927964566981953,0.02110597169783406,0.0010442278929416028,0.00044749514500799125,100.0,0.0,63.45,2.5391927851189244,1.05,0.21794494717703372,4.2,0.5099019513592784,0
622,0.5672176400492187,0.10387580896170046,0.09950680481228755,0.021608277576955152,0.00104660782011014,0.000425316118667881,100.0,0.0,63.9,3.8845849199110063,1.2,0.4,3.95,0.49749371855331004,0
623,0.5607591621591089,0.10888075052687816,0.10141322027252656,0.02203271437542081,0.0009623323878944778,0.00042143607470063264,100.0,0.0,62.55,2.2688102609076854,1.075,0.23848480035423641,4.4,0.7348469228349535,0
624,0.5559788472435352,0.11331307467238166,0.10226976832457883,0.023393940678824554,0.0009325365383890573,0.0003604556575908502,100.0,0.0,63.7,3.179622619116929,1.1,0.3,4.3,0.5567764362830021,0
625,0.5534844050877872,0.1267342884414922,0.1036467293419466,0.024861859006946603,0.000910287646543138,0.00028640852978904037,100.0,0.0,63.1,2.7730849247724096,1.1,0.3,4.55,0.8046738469715541,0
626,0.5607688115330572,0.1444338421241671,0.10275670152089622,0.027617206141125433,0.0008487563030003125,0.0002826515809560297,100.0,0.0,63.35,3.070423423568808,1.1,0.3,4.3,0.8426149773176358,0
627,0.5597660385198729,0.141607426048937,0.10311392897689878,0.026868989953402995,0.0008559614308881467,0.0003492151500083798,100.0,0.0,62.65,2.815581645060217,1.275,0.40233692348577704,4.0,0.5477225575051661,0
628,0.5661583768806648,0.13249576789377576,0.10163318800880869,0.025535646302865714,0.0009681598680490084,0.0005284400053687467,100.0,0.0,63.35,4.210403781111736,1.15,0.3570714214271425,4.35,0.6538348415311012,0
629,0.5727839726556947,0.13993945088242737,0.10042300891952602,0.026753277180657193,0.000957402953365331,0.0004568537295338262,100.0,0.0,63.8,3.0594117081556704,1.025,0.10897247358851683,3.9,0.7000000000000001,0
630,0.5738912086022291,0.13900020945954575,0.10067607325024966,0.025916071313633885,0.0009474541264644324,0.00036658829910969686,100.0,0.0,62.9,3.0967725134404045,1.025,0.10897247358851683,4.35,0.7921489758877431,0
631,0.5746352447527288,0.13486249095106656,0.10122110540493283,0.024820254630696727,0.0008770033616665637,0.00029344796578128444,100.0,0.0,63.75,2.9643717715563276,1.05,0.15,4.25,0.82915619758885,0
632,0.5733365172176536,0.13293263541592104,0.10187265270129438,0.02472264640270236,0.0008730685424801907,0.00033895722035320034,100.0,0.0,64.0,3.0,1.05,0.21794494717703372,3.95,0.6689544080129826,0
633,0.5736582599881557,0.12923034907316255,0.10138218102900425,0.024314220060333357,0.0009025254866345516,0.00038605186773473324,100.0,0.0,63.95,2.9744747435471695,1.075,0.23848480035423641,4.1,0.9433981132056604,0
634,0.5843420542447044,0.12902314909847418,0.0989055139869793,0.02489860780438233,0.0009754398872929887,0.0004926554686888745,100.0,0.0,62.4,3.039736830714133,1.05,0.21794494717703372,4.25,0.6224949798994366,0
635,0.5871468599052816,0.12330572350562402,0.0978242096766417,0.02417389827775095,0.001014214450590983,0.0005044053834510539,100.0,0.0,62.9,2.896549671592048,1.15,0.32015621187164245,4.25,0.7664854858377946,0
636,0.5919866856412391,0.11794156365335097,0.09704029998024691,0.023247556854272936,0.000999995335867147,0.0004823750615229043,100.0,0.0,64.65,2.725344014982329,1.0,0.0,4.3,1.0049875621120892,0
637,0.5976314363054176,0.11339744818579091,0.09527120471512038,0.02230468688922608,0.0009920225747259523,0.0003784161075198886,100.0,0.0,60.35,2.903015673398957,1.25,0.4330127018922193,4.45,0.9205976319760985,0
638,0.596703655681958,0.10708514243120525,0.09520426938687074,0.021924888475417317,0.0010313762279361635,0.0004730039377767709,100.0,0.0,62.8,2.5019992006393608,1.1,0.3,4.15,0.7262919523166975,0
639,0.5933459854255999,0.11376380281282479,0.09602330290685908,0.023186218162006916,0.0010080310383600351,0.0004157559404340921,100.0,0.0,63.7,3.4073450074801643,1.05,0.21794494717703372,4.15,0.7262919523166976,0
640,0.5924952866663494,0.11980900641056975,0.0958408936112384,0.02442655349291652,0.0009905538661613253,0.0005079371733942975,100.0,0.0,62.9,3.448187929913334,1.0,0.0,4.35,0.6538348415311012,0
641,0.5892597159113753,0.11902499253132127,0.09664731820542437,0.023533679545853774,0.00095308300009236,0.000544338162762272,100.0,0.0,63.85,2.197157254271983,1.0,0.0,4.2,0.6782329983125268,0
642,0.5847083102134205,0.12692679614215913,0.09764318541245662,0.02525407126789222,0.0009574771441998181,0.0005253079678629295,100.0,0.0,63.85,3.1507935508376304,1.025,0.10897247358851683,4.05,0.49749371855331,0
643,0.5736122476810039,0.12921906434581423,0.09982487294600238,0.025178420135194432,0.0009683885168588702,0.000510934888404089,100.0,0.0,64.4,3.352610922848042,1.075,0.23848480035423641,4.4,0.9695359714832659,0
644,0.5645537328786208,0.1344245155474077,0.10285782199347948,0.0248315079577457,0.0008496707228938468,0.000440434675031148,100.0,0.0,62.4,3.0724582991474434,1.05,0.21794494717703372,4.25,0.5361902647381804,0
645,0.5603907210555479,0.1364272791440151,0.10377291085160671,0.024731677062816333,0.0008051425225051986,0.0004527345733541658,100.0,0.0,63.95,2.3553131426627756,1.05,0.21794494717703372,4.3,0.9539392014169457,0
646,0.5547052870355362,0.13420676250535166,0.10423244831059733,0.02466497927336682,0.0008576445480785285,0.0004770822830000616,100.0,0.0,62.45,2.4794152536434875,1.125,0.3112474899497183,4.2,0.6,0
647,0.5493548544316181,0.13303246846823313,0.10503888499421157,0.023899801213907175,0.0008815966083791664,0.0006031599907562594,100.0,0.0,64.4,3.3970575502926055,1.025,0.10897247358851683,4.25,0.5361902647381804,0
648,0.5361356371347225,0.12182300919949143,0.10693297172289347,0.022050523442099894,0.0009351073563874964,0.0006068554567870228,100.0,0.0,64.4,2.2891046284519194,1.05,0.21794494717703367,4.05,0.5894913061275798,0
649,0.5287833549299854,0.1267101095546936,0.10814572279390633,0.024461035716905957,0.000913450015951473,0.0006355527664330259,100.0,0.0,62.95,3.4565155865408737,1.2,0.4,4.0,0.7071067811865476,0
650,0.5129213706974403,0.1302957894472546,0.11042696227663165,0.02605019033936317,0.0010153136952469528,0.0005140070389517035,100.0,0.0,64.65,2.9372606285449034,1.0,0.0,4.3,0.5567764362830022,0
651,0.5159277798942,0.1301710935398732,0.10990897419880989,0.026520893731452208,0.0010444301134597002,0.0004789942048068193,100.0,0.0,63.7,2.5903667693977237,1.025,0.10897247358851683,4.1,0.6244997998398398,0
652,0.5157201739328494,0.14291200556503186,0.1104136818514813,0.029008997326816822,0.0010293298513521045,0.00046573495395997187,100.0,0.0,63.45,3.5563323804166562,1.075,0.23848480035423641,4.45,0.6689544080129827,0
653,0.5277350058180914,0.14544520963703192,0.10826831548568616,0.02974703883578028,0.0010769969921154837,0.0005239632657784207,100.0,0.0,63.6,3.7067505985701277,1.075,0.23848480035423641,4.3,0.6403124237432849,0
654,0.5391158972259698,0.15004802451681956,0.106146442066368,0.02982478796567444,0.0010410764268136159,0.0004657022093512547,100.0,0.0,64.35,3.3507461855533016,1.05,0.21794494717703367,4.25,0.7664854858377946,0
655,0.54126568012575,0.16178979222023054,0.10590734086977589,0.0313209331869341,0.0009319663380897009,0.0004572402385807713,100.0,0.0,63.65,3.8376425054973526,1.0,0.0,4.2,0.6,0
656,0.5391578291778849,0.16580212023083182,0.10614025315836473,0.03159392726171515,0.000902768275481224,0.00041882198418392614,100.0,0.0,63.3,3.018277654557314,1.0,0.0,4.2,0.812403840463596,0
657,0.5277601195377186,0.17087876585064501,0.10825559952963089,0.032348966210470995,0.0009127940482924968,0.0004247801914034328,100.0,0.0,64.15,2.95423424934449,1.025,0.10897247358851683,4.35,0.7262919523166975,0
658,0.5177194127964584,0.15996641425151603,0.1092997719670048,0.029699787278245397,0.0010811172606571375,0.0004141743462015913,100.0,0.0,62.85,2.7436289836637897,1.1,0.2549509756796392,4.25,0.6224949798994366,0
659,0.5103811103573913,0.14696622727396372,0.11083546938068034,0.027269753636617936,0.0011756630709303727,0.0004937103908779079,100.0,0.0,63.9,3.5763109484495335,1.15,0.3570714214271425,3.85,0.852936105461599,0
660,0.5125908661846064,0.14227111341416968,0.11063364574315912,0.026349259619037058,0.001154924412981168,0.0004885841521156544,100.0,0.0,62.5,3.4713109915419564,1.2,0.4,4.05,0.804673846971554,0
661,0.5140921500751777,0.14133424216885876,0.11066923974551084,0.026002274212105277,0.0011849363341301983,0.0004639874873528616,100.0,0.0,61.9,2.808914381037628,1.1,0.3,4.35,0.852936105461599,0
662,0.5117680436391749,0.12569154610584668,0.110719230705045,0.022796020626004214,0.0011383677212333163,0.0005330753300526479,100.0,0.0,62.25,2.56661255354212,1.0,0.0,4.4,0.9165151389911681,0
663,0.49858262305533574,0.11820435615301354,0.11236785894768526,0.02243078145951664,0.001158558753513898,0.0004903948973532169,100.0,0.0,64.25,2.9979159427842537,1.1,0.3,4.25,0.82915619758885,0
664,0.4841700346033059,0.11028209955504721,0.11521392113495574,0.02170838272375974,0.001094208151697499,0.00045362446626037885,100.0,0.0,63.0,2.16794833886788,1.1,0.3,4.0,0.4472135954999579,0
665,0.47373344713303567,0.10678927761101543,0.11789180563322887,0.02077562578997841,0.0010527106327169206,0.0004896352771766752,100.0,0.0,64.05,2.4591665254715873,1.0,0.0,4.05,0.4974937185533099,0
666,0.4624461336543987,0.1114671252573871,0.11933020941581966,0.02227373094877911,0.0011855621792641715,0.0005006002808864856,100.0,0.0,64.0,2.8460498941515415,1.025,0.10897247358851683,4.3,0.714142842854285,0
667,0.45440153130112054,0.12147467870320032,0.12115378499717566,0.023279727400557098,0.0011715198923903337,0.0004900583384350214,100.0,0.0,63.7,3.6619666847201113,1.125,0.3112474899497183,3.95,0.6689544080129826,0
668,0.45236916484502415,0.13616119287544112,0.12260538985380509,0.025881645651004943,0.0011215837589931485,0.0004431564966123603,100.0,0.0,63.85,2.920188350089768,1.0,0.0,4.25,0.9937303457175896,0
669,0.4547583609457961,0.1487670078718159,0.12205431356094514,0.02815910591514041,0.0011803034634364719,0.0006391619502129019,100.0,0.0,63.8,2.767670500619609,1.0,0.0,4.45,0.6689544080129827,0
670,0.446925152597568,0.14550467983634371,0.1233288091902516,0.027866306074957624,0.001243901033485442,0.0007307784109950498,100.0,0.0,62.95,2.9236107812087435,1.05,0.21794494717703372,4.15,0.5722761571129799,0
671,0.4424792128846434,0.14046375255022503,0.12396972702071665,0.027814074085480704,0.0012724126029850648,0.0007169901462835261,100.0,0.0,63.0,2.23606797749979,1.0,0.0,4.25,0.6224949798994366,0
672,0.44330005074145556,0.13093030743484468,0.12325421239549403,0.02646461487484103,0.0012784131323634092,0.000776060707347015,100.0,0.0,62.65,2.903015673398957,1.05,0.15,4.05,0.6689544080129826,0
673,0.43685176695046585,0.12829567309307743,0.12449864223780178,0.025205462216879422,0.0012412130842046792,0.000809330691283328,100.0,0.0,62.55,3.3981612675092396,1.1,0.3,4.35,0.5722761571129799,0
674,0.4342568059621076,0.13617001682167032,0.1244729549396206,0.027229477715746832,0.001248514422042921,0.000870536281476751,100.0,0.0,64.05,2.8543825952384165,1.05,0.21794494717703372,4.5,0.7416198487095663,0
675,0.438298206245182,0.14628995340387194,0.12425787618524002,0.030437259855979962,0.0012261349976637676,0.0007545662614393043,100.0,0.0,62.75,2.5074887836239665,1.125,0.3112474899497183,4.5,0.7416198487095663,0
676,0.44137965758526365,0.16524425400710963,0.12463612920233236,0.033123226812852326,0.0011367486591846,0.0006837426988106886,100.0,0.0,63.15,2.5743931323712,1.0,0.0,4.45,0.7399324293474372,0
677,0.438998261439568,0.17596620266504662,0.1255980665589866,0.033832096853771136,0.001072112009457883,0.0007644404464613593,100.0,0.0,63.1,2.773084924772409,1.1,0.2549509756796392,4.15,0.6538348415311009,0
678,0.42960238758394087,0.1718123699415296,0.1277835106802908,0.0325334857322512,0.0011077470997262694,0.0008685837306726832,100.0,0.0,63.1,2.6438608132804573,1.05,0.21794494717703372,4.15,0.7262919523166976,0
679,0.42491534891301974,0.1577692514055104,0.1285061764984763,0.03048813040163395,0.0011629885871953319,0.0007622348461831202,100.0,0.0,62.4,3.5693136595149495,1.15,0.32015621187164245,4.25,0.5361902647381804,0
680,0.42136793747163326,0.1523244296372918,0.12930880507680959,0.030564305518193006,0.0011180786138286249,0.000641486456702917,100.0,0.0,64.8,3.249615361854384,1.0,0.0,4.15,0.9630680142129111,0
681,0.4222366350365124,0.1433038336181324,0.12906254955515659,0.028137358597062612,0.0010642875730885308,0.0007569537804379578,100.0,0.0,63.55,3.2630507198019467,1.05,0.21794494717703372,4.4,0.7348469228349535,0
682,0.4186566694740894,0.1361046582148548,0.12995791081437835,0.026489750591538325,0.0010956392478926442,0.0008168398778194585,100.0,0.0,63.75,3.3893214660164652,1.05,0.21794494717703372,4.45,0.9733961166965893,0
683,0.42800168001489236,0.129080861064125,0.1282038409015989,0.025736130606936157,0.0011558783694370397,0.0007245475374633703,100.0,0.0,63.7,2.685144316419511,1.0,0.0,4.35,0.7262919523166976,0
684,0.43642339403851127,0.12798000520376296,0.12624173090550256,0.026481866819332348,0.0011691698537282962,0.0007063634637076179,100.0,0.0,64.05,2.836811590500857,1.05,0.2179449471770337,4.15,0.7921489758877431,0
685,0.4385995457199413,0.12903636576081884,0.12649210357026852,0.027461410584205544,0.0010937093947909226,0.000822927215929813,100.0,0.0,64.4,1.772004514666935,1.0,0.0,4.2,0.5099019513592784,0
686,0.44832007803513374,0.13521217844991934,0.12452905306768203,0.028787360453622252,0.001028553552737399,0.0006510038892785598,100.0,0.0,64.25,2.930443652418521,1.025,0.10897247358851683,4.05,0.6689544080129826,0
687,0.44687754906456173,0.14503847303234157,0.12546390877081698,0.028902814087675248,0.0009570192727884931,0.0006138627599630895,100.0,0.0,63.4,2.956349099818897,1.0,0.0,4.4,1.0677078252031311,0
688,0.43815489348516545,0.14675145607955775,0.1270642931646208,0.02907446517656514,0.0008634204198152534,0.0007183007579971399,100.0,0.0,64.05,3.0409702399069936,1.025,0.10897247358851683,4.05,0.739932429347437,0
689,0.41816461827835083,0.14279790086135863,0.13063270231931928,0.029516527501871247,0.0008893994968226444,0.0006667448854445685,100.0,0.0,62.95,3.9303307748839664,1.075,0.23848480035423641,4.35,1.0136567466356647,0
690,0.4014690053164647,0.13858080691643698,0.13456405996429732,0.030047873961179142,0.0008421815706546176,0.0004196497733526701,100.0,0.0,63.7,2.72213151776324,1.05,0.21794494717703372,4.1,0.5385164807134504,0
691,0.3818826133990777,0.1287648876590766,0.13805686219810068,0.028746730618290237,0.000991436136008171,0.00041748698372464645,100.0,0.0,63.2,3.5721142198983498,1.075,0.23848480035423641,4.25,0.9937303457175896,0
692,0.38700007610678855,0.1282545629198606,0.13664243224135791,0.02772642753137458,0.0011919619249857994,0.00048152716850600146,100.0,0.0,64.2,3.54400902933387,1.1,0.2549509756796392,4.05,0.804673846971554,0
693,0.39846418266344363,0.14319106223316372,0.13407297556279937,0.029260606496995387,0.0011950568860956228,0.0005737576076838916,100.0,0.0,64.05,3.3087006513131403,1.05,0.2179449471770337,4.35,0.7921489758877431,0
694,0.4129480952467179,0.16722868314159375,0.1322576128577216,0.03373111239092224,0.0011616313728770636,0.0004238238941866851,100.0,0.0,64.05,2.1324868112136124,1.0,0.0,3.9,0.5385164807134504,0
695,0.4224017498990328,0.17566965215787753,0.13090625787947102,0.03616029783376604,0.0011402971929505453,0.0006220983617073403,100.0,0.0,62.75,2.6052830940226053,1.075,0.23848480035423641,4.25,0.5361902647381804,0
696,0.4332103577150102,0.18745148970263936,0.128744802852803,0.03902277318210284,0.0010966062599327253,0.0005611057836089903,100.0,0.0,62.8,3.3105890714493693,1.15,0.3570714214271425,4.05,0.6689544080129826,0
697,0.43634576558235477,0.19610245787400754,0.12808833939887884,0.040276254716836636,0.0010995447927538858,0.0005051450811896234,100.0,0.0,63.55,2.2017038856303994,1.1,0.3,4.15,0.6538348415311012,0
698,0.4331995047084316,0.19437102086193425,0.12879631818294615,0.03951648049307709,0.00101614203212225,0.000556408125317906,100.0,0.0,62.95,3.0409702399069936,1.025,0.10897247358851683,4.5,0.8660254037844386,0
699,0.428872253014965,0.18366079997606866,0.1305382048731127,0.03711752537648083,0.000944559180236036,0.00045212280248990824,100.0,0.0,63.5,3.0903074280724887,1.05,0.21794494717703372,4.0,0.8366600265340756,0
700,0.42387319367593346,0.18030097652735683,0.13205898036227487,0.03721524281911837,0.0009533589524810725,0.0003506163598001759,100.0,0.0,63.05,2.654712790491657,1.05,0.21794494717703372,4.4,0.7348469228349535,0
701,0.43611304451616456,0.1896526479251474,0.1303532622672428,0.038634272190254046,0.0009378105902587685,0.0003570707048370322,100.0,0.0,62.7,3.3331666624997918,1.1,0.3,4.35,0.8529361054615991,0
702,0.4353031194468732,0.17455848892296727,0.12960496198674173,0.03483723847777236,0.0010276037394594717,0.000544459131597931,100.0,0.0,63.75,3.0639027399707057,1.0,0.0,4.35,1.0136567466356645,0
703,0.4438615214531808,0.16452757601133797,0.1273059681674519,0.03324273921813816,0.0011411377239166722,0.0006817323657011588,100.0,0.0,63.95,2.1788758569500923,1.0,0.0,4.0,0.6324555320336759,0
704,0.44859458825194165,0.1498364259688194,0.12607367245090328,0.031122609954873547,0.0010669047431775623,0.0005781015031284717,100.0,0.0,62.75,2.913331426391443,1.1,0.3,4.45,0.8645808232895291,0
705,0.44112608980759394,0.138342336248164,0.12728385777819792,0.02941843326006478,0.0009595857750082381,0.000612634051911522,100.0,0.0,62.75,2.7363296585024255,1.025,0.10897247358851683,4.35,0.5722761571129799,0
706,0.43076374143939944,0.12459550365871704,0.1287863806089952,0.026760390455689894,0.000894388148932088,0.0005570623052608417,100.0,0.0,62.6,2.764054992217051,1.0,0.0,4.25,0.6224949798994366,0
707,0.417168164643759,0.1174150819263248,0.13070582497367214,0.025436981538750573,0.0008823045363808883,0.0005982412388043603,100.0,0.0,63.25,3.418698582794336,1.1,0.3,4.1,0.6244997998398398,0
708,0.3937675039517426,0.12049009089185463,0.13513942880577695,0.026432782410848184,0.0009153942680182135,0.0005779352733177207,100.0,0.0,63.25,2.5074887836239665,1.1,0.3,4.2,0.6,0
709,0.3742995041378766,0.13053715767984492,0.13982297552151277,0.02892001084064405,0.0009253677917956926,0.0005986195743509407,100.0,0.0,62.65,3.4967842369811724,1.1,0.3,4.1,0.7681145747868608,0
710,0.3727642557213973,0.1342074385969863,0.14028074154558334,0.029222533873845026,0.001005099196563441,0.000533487596569722,100.0,0.0,63.45,2.801338965566288,1.0,0.0,4.2,0.6,0
711,0.36524886492906566,0.14277319623355464,0.14257069766096186,0.03192762059827544,0.0010231184339629833,0.00048034995173917833,100.0,0.0,63.35,3.6093628246547893,1.1,0.3,4.1,0.7000000000000001,0
712,0.36747427290145873,0.13962267350526641,0.14242298906231454,0.03235214347985199,0.0011059177919792342,0.0005575677486091749,100.0,0.0,63.05,2.479415253643488,1.075,0.23848480035423641,4.3,0.8426149773176358,0
713,0.3688567588756443,0.1487003638139098,0.1422471313366404,0.0342185151001713,0.0011484514108631415,0.0006465838738534194,100.0,0.0,62.6,2.870540018881465,1.075,0.23848480035423641,4.25,0.7664854858377946,0
714,0.3817194362734443,0.15211394227806715,0.13913483930829804,0.034270320051919295,0.0012702949522463871,0.0007955283689203081,100.0,0.0,64.6,3.7067505985701277,1.05,0.21794494717703372,4.2,0.7483314773547883,0
715,0.4009733201827405,0.1725039289250851,0.134897265635291,0.03809671889187182,0.0013016833295507288,0.000672322129452958,100.0,0.0,64.1,2.4677925358506134,1.0,0.0,4.2,0.5099019513592784,0
716,0.40870497531808914,0.18384108663889406,0.1330355420330887,0.03782214331371556,0.0010707318551231298,0.00047467533282443287,100.0,0.0,63.9,2.364318083507378,1.025,0.10897247358851683,4.1,0.6244997998398398,0
717,0.4209835781816452,0.19224798608111215,0.13148721988024525,0.038961257986253287,0.0010910382741740486,0.0005095675061065512,100.0,0.0,62.75,2.913331426391443,1.05,0.21794494717703372,4.15,0.8529361054615991,0
718,0.4345769458077518,0.19524724848981476,0.12851829877555948,0.03982917446244839,0.0011415437785924731,0.0006170436667432597,100.0,0.0,63.45,2.3553131426627756,1.05,0.21794494717703372,3.9,0.7681145747868608,0
719,0.4356520606740274,0.184402338815575,0.12825579998370112,0.038387984793246434,0.0010519821358484082,0.0006691371587322705,100.0,0.0,63.25,3.404041715373065,1.075,0.23848480035423641,4.2,0.5099019513592784,0
720,0.4317615641184894,0.1832416471933786,0.12900649719318993,0.03934221735188734,0.0009895193121044576,0.0006621342753884343,100.0,0.0,63.55,1.8020821290940099,1.0,0.0,4.25,0.5361902647381804,0
721,0.4283656063863191,0.18035682404280365,0.13025544371194595,0.0378589064187515,0.0009109602976821571,0.0004613017035521047,100.0,0.0,63.55,2.1788758569500923,1.025,0.10897247358851683,4.4,0.58309518948453,0
722,0.4212086443236075,0.16956910864185198,0.13231507425635775,0.034521259975575334,0.0009452657819894921,0.0004977924022709922,100.0,0.0,63.2,3.0757112998459397,1.05,0.21794494717703372,4.3,0.6403124237432849,0
723,0.41517580128466036,0.14523956273205774,0.13296415036097348,0.029170452751976807,0.0010432837276274183,0.0005972597420745714,100.0,0.0,63.6,2.615339366124404,1.05,0.21794494717703372,4.35,0.7921489758877431,0
724,0.4202610646993489,0.12639885635640163,0.13204019375266499,0.02459351544268964,0.0008944934491407468,0.0004163998783153893,100.0,0.0,63.7,2.3895606290697042,1.1,0.3,4.2,0.9797958971132712,0
725,0.41326995565322644,0.11492463584672796,0.13297345845230585,0.02149251920286301,0.0008765602406675687,0.00045359294735950123,100.0,0.0,63.3,3.0675723300355937,1.075,0.23848480035423641,4.4,0.8602325267042626,0
726,0.4085043061593579,0.1146677713602231,0.1332274525458033,0.022236638435242224,0.0008388861858041307,0.0004975337978270212,100.0,0.0,62.75,3.191786333700926,1.2,0.3674234614174767,4.05,0.6689544080129826,0
727,0.4016026308087242,0.12494236463011162,0.13394272625094986,0.024567048762887535,0.0008410010295887537,0.0005025887041933263,100.0,0.0,62.6,2.8530685235374214,1.025,0.10897247358851683,4.05,0.739932429347437,0
728,0.39042571881848454,0.1459923914937883,0.13691227034898587,0.028596689602961942,0.0008490449836107254,0.0005096607877421158,100.0,0.0,62.95,3.3537292675468007,1.075,0.23848480035423641,4.25,0.5361902647381804,0
729,0.3776142017768356,0.14775983547289723,0.1398564281772903,0.029799577907397283,0.0009198769347780834,0.0004227092945813787,100.0,0.0,63.15,2.6509432283623124,1.075,0.23848480035423641,4.45,0.8046738469715541,0
730,0.3787896471948827,0.14874862149254087,0.13963627275305993,0.02979576370873675,0.0010029161470419003,0.0004176870281623107,100.0,0.0,63.3,2.8478061731796287,1.075,0.23848480035423641,4.3,0.9539392014169457,0
731,0.37926738692474987,0.14690054631084007,0.13913571797553365,0.030217909314683666,0.0010962900210462938,0.0005279474562225758,100.0,0.0,63.45,2.9406631905065233,1.0,0.0,4.1,0.7681145747868608,0
732,0.38301951661881567,0.14787059285248266,0.13776288293929775,0.030333500756568734,0.0012612620789045862,0.0007505773345649567,100.0,0.0,63.55,3.0736785778607367,1.05,0.21794494717703372,4.05,0.6689544080129826,0
733,0.39590291235915603,0.1630530569803794,0.1348795676652234,0.03122390273866426,0.0012587412507092783,0.0009388895729769499,100.0,0.0,62.85,4.80910594601533,1.1,0.3,4.4,0.66332495807108,0
734,0.4075737293030036,0.17247898509372966,0.13283441858511866,0.033644134158309684,0.0012036422333086807,0.0008551808070726512,100.0,0.0,62.95,3.3686050525402944,1.0,0.0,4.35,0.7262919523166975,0
735,0.4114383383703249,0.17585279447103525,0.1326880430066841,0.03490463579507201,0.0011951240541032801,0.0008426509589099814,100.0,0.0,62.15,2.4753787588973126,1.225,0.40233692348577704,4.2,0.6782329983125269,0
736,0.40914195374289053,0.1792766105223735,0.134103991980614,0.03623257937090861,0.0010587083700923574,0.0005965275570370985,100.0,0.0,64.1,2.844292530665578,1.0,0.0,3.85,0.47696960070847283,0
737,0.4041894382292406,0.17226801199231212,0.13535495344891907,0.03501801074283955,0.0011241837697571816,0.0005889409958118275,100.0,0.0,63.7,3.1480152477394387,1.025,0.10897247358851683,4.5,0.806225774829855,0
738,0.4050099248556703,0.1565971306858833,0.13431486072708193,0.03221392602367326,0.0011850759335655793,0.00086376602524711,100.0,0.0,63.65,3.1666228067138023,1.0,0.0,4.15,0.653834841531101,0
739,0.4117886279931836,0.14393298524261317,0.1316277258923968,0.0310575973563358,0.0011397813947413326,0.0009515846124342095,100.0,0.0,63.9,3.345145736735546,1.05,0.21794494717703372,4.15,0.9096702699330127,0
740,0.41826261453523905,0.14992696088277851,0.13091558524486097,0.03287999582555061,0.0010480876523113615,0.0006803857122479303,100.0,0.0,64.4,2.8178005607210737,1.0,0.0,4.25,0.5361902647381804,0
741,0.41853536952557935,0.15203215108732523,0.13119189002037088,0.03226084262486084,0.0010487295429538353,0.0006317524658987127,100.0,0.0,63.6,3.8131351929875237,1.05,0.21794494717703372,4.55,0.7399324293474372,0
742,0.42658039381949536,0.1514715783931934,0.1302866704263713,0.03145401929312932,0.0011082489635798676,0.0006617045649349078,100.0,0.0,63.05,1.9868316486305526,1.075,0.23848480035423641,4.45,0.5894913061275798,0
743,0.4435811149948134,0.14553434562933132,0.12660721799257088,0.028863052847873435,0.000982095694107206,0.00046959802632062813,100.0,0.0,64.8,2.803569153775237,1.0,0.0,4.3,0.9,0
744,0.4383947263593483,0.14283897498476625,0.12739459889790494,0.02757942561912689,0.0009111505043125779,0.0003799625285224097,100.0,0.0,62.95,2.6358110706194404,1.075,0.23848480035423641,4.3,0.714142842854285,0
745,0.4222869725580134,0.13942808935337508,0.129992873460096,0.027135530111772343,0.0009425005519790007,0.00044189264311457287,100.0,0.0,63.75,3.0475399915341552,1.1,0.3,4.15,0.7262919523166975,0
746,0.41074389717608295,0.1312152636574621,0.13200462632764826,0.025771889527086655,0.001016246887772703,0.0005097955891617637,100.0,0.0,63.4,2.4979991993593593,1.0,0.0,4.2,0.39999999999999997,0
747,0.40651338695662453,0.12232681145985978,0.1325772268547835,0.024744677239452124,0.0011176435599808666,0.0005665620806683896,100.0,0.0,62.6,3.4698703145794947,1.0,0.0,4.65,0.9096702699330126,0
748,0.42272058223174913,0.11078414769988229,0.1288111201466205,0.022771304805291256,0.0012261336512675704,0.00046392971001993615,100.0,0.0,62.35,3.1507935508376295,1.125,0.3112474899497183,4.45,0.7399324293474372,0
749,0.4255485837541689,0.09717991914305024,0.12816091789446596,0.01918750537432031,0.001303430757488525,0.0005381017073820208,100.0,0.0,64.25,2.5074887836239665,1.0,0.0,4.25,0.5361902647381804,0
750,0.4371170532843112,0.10960174669862949,0.12614795716145935,0.019805745415310463,0.001115667295063196,0.0005734950207484157,100.0,0.0,63.55,3.5422450508117027,1.125,0.3112474899497183,4.25,0.6224949798994366,0
751,0.4199634856991333,0.11416834244544895,0.12976041684796474,0.02129310385358265,0.0009759014878060605,0.0006584564354490701,100.0,0.0,64.8,3.1240998703626612,1.05,0.21794494717703372,3.95,0.6689544080129827,0
752,0.3997349523289341,0.11290391665837875,0.13400644443542048,0.022044546171700038,0.000933109257236747,0.0005966518396874481,100.0,0.0,64.55,2.7834331319433563,1.0,0.0,4.2,0.5099019513592784,0
753,0.38200777754691745,0.10748268410246159,0.13782333798743845,0.02147488201572559,0.0009572796383421512,0.000602864722376903,100.0,0.0,62.7,3.0838287890218554,1.125,0.3112474899497183,4.0,0.7071067811865476,0
754,0.38113650190413306,0.11336290927787995,0.1382212776553817,0.023969336789027133,0.0010581015516425301,0.000698416421210755,100.0,0.0,63.2,3.6687872655688283,1.175,0.36314597615834876,4.4,1.0198039027185568,0
755,0.38221121166507505,0.1321773728330135,0.13801121961238433,0.027990101763294317,0.0011115971317585444,0.000788278961907523,100.0,0.0,63.4,3.1048349392520045,1.0,0.0,4.3,0.6403124237432849,0
756,0.39024632597912545,0.15922106458999227,0.137122962872659,0.03289185751084691,0.0009533771191850936,0.00044684888470327837,100.0,0.0,63.0,2.8809720581775866,1.0,0.0,4.6,0.8602325267042626,0
757,0.38487106395834636,0.16741811028431397,0.13915863049251848,0.03390855108127173,0.0008699741679304535,0.0003922102600239847,100.0,0.0,63.85,2.7977669667075564,1.125,0.3112474899497183,4.0,0.7745966692414834,0
758,0.3804885506365573,0.163776967625243,0.1397432622801859,0.033533980734475805,0.0009231409690915141,0.000609624934414938,100.0,0.0,63.15,3.1348843678834477,1.15,0.32015621187164245,4.0,0.6324555320336759,0
759,0.37480187805554105,0.1571299441170671,0.14082828067336803,0.03307611310118362,0.0009126438135550115,0.0005089473515592776,100.0,0.0,64.05,2.5194245374688244,1.05,0.21794494717703367,4.2,1.0770329614269007,0
760,0.36509814779980143,0.14894207246303323,0.14253372792374316,0.031295614373374366,0.0009881755121480345,0.0005664373151669344,100.0,0.0,63.55,3.089902911096076,1.075,0.23848480035423641,4.3,0.714142842854285,0
761,0.3614894126199698,0.13298916552309398,0.1430617978261846,0.027250311370116173,0.0009598416116593648,0.00046158779361385785,100.0,0.0,62.05,4.684815898197067,1.175,0.36314597615834876,4.1,0.6244997998398398,0
762,0.3547919181180923,0.12767771690187854,0.14382908382257403,0.026107175465063137,0.0009547901139266814,0.0005328408612378025,100.0,0.0,62.25,3.7399866309921483,1.15,0.3570714214271425,4.1,0.8306623862918074,0
763,0.34593502572467594,0.12529738123750622,0.1459530877386615,0.026809360719849993,0.0009985064425442254,0.0005583280688489196,100.0,0.0,63.75,3.476708213238494,1.15,0.3570714214271425,4.1,0.6244997998398398,0
764,0.34199415687896584,0.12094355586806832,0.1469159616551794,0.0270768515193656,0.0010867403240168469,0.0005302433629934601,100.0,0.0,63.05,2.1788758569500923,1.0,0.0,4.0,0.4472135954999579,0
765,0.34543692421983596,0.12834699980707992,0.1468461918900889,0.029155982248397244,0.0011240926899275222,0.0005145709471938337,100.0,0.0,63.7,2.5709920264364885,1.0,0.0,4.05,0.5894913061275798,0
766,0.3578309882003987,0.13886099244134523,0.14443385212703191,0.031283805317586094,0.0011717468868269476,0.0005982770180079343,100.0,0.0,63.55,2.3973944189473704,1.125,0.3112474899497183,4.15,0.5722761571129799,0
767,0.36516566413587903,0.15069413257241954,0.14298666815789093,0.033865741103941506,0.001133492676144127,0.0005892064457127329,100.0,0.0,63.6,3.3376638536557275,1.1,0.3,4.25,0.698212002188447,0
768,0.35977863761262835,0.15546837527512988,0.14440426135122256,0.036918148185116,0.0010232312252769662,0.0006550787883896462,100.0,0.0,63.2,2.249444375840399,1.0,0.0,4.2,0.812403840463596,0
769,0.3479477339780285,0.15487754294131573,0.14699590841222826,0.03649685266114858,0.0009068805443218983,0.0004391790884998654,100.0,0.0,63.55,2.4387496796514396,1.0,0.0,4.4,0.7999999999999999,0
770,0.3440116604823522,0.14351147585065457,0.148052426986544,0.03326852404932248,0.0009856180033154074,0.0005133799126810055,100.0,0.0,63.55,3.4128433893163046,1.0,0.0,4.45,0.9205976319760985,0
771,0.3453275028477431,0.12027182893236192,0.1470562038932125,0.027863824387439392,0.0010252531951038663,0.0005184674797336896,100.0,0.0,64.1,3.6728735344413916,1.075,0.23848480035423641,4.3,0.8426149773176358,0
772,0.34528654231623035,0.11922734406954669,0.14670136979917497,0.028458903869693294,0.0009858231112408256,0.00046830157478376834,100.0,0.0,64.55,3.2011716605018234,1.075,0.23848480035423641,4.15,0.7921489758877431,0
773,0.3336353733898435,0.10891929646600366,0.1489847859694967,0.025732952238017737,0.0010396418899673234,0.0005020991442932589,100.0,0.0,63.4,3.903844259188627,1.1,0.3,4.3,0.7810249675906654,0
774,0.3308626420831236,0.11347647781487195,0.1491452148947396,0.02621190989145199,0.0010277660304314844,0.0006928971695318077,100.0,0.0,64.1,3.080584360149872,1.0,0.0,4.05,0.6689544080129826,0
775,0.3344513684994669,0.1311324446178759,0.1484264521427306,0.029745367820733226,0.0011094168346601045,0.0007690574033210716,100.0,0.0,63.5,2.7838821814150108,1.0,0.0,4.1,0.6244997998398398,0
776,0.3424824130015058,0.16118478042312512,0.14814755540599253,0.03510048110994218,0.0011521861060468069,0.0006326722991493811,100.0,0.0,63.0,2.345207879911715,1.0,0.0,4.05,0.6689544080129826,0
777,0.34699721394980193,0.17742029627276842,0.1476237556106511,0.03831655427981527,0.001172783698963837,0.0005847242091608686,100.0,0.0,62.6,3.1208973068654475,1.15,0.3570714214271425,4.6,0.7348469228349535,0
778,0.3610162770085019,0.1840175864543505,0.14460907767350667,0.038698599412561846,0.0012032871748632716,0.000771013474985586,100.0,0.0,62.45,2.7654113618049667,1.125,0.3112474899497183,4.1,0.6244997998398398,0
779,0.37594749822007334,0.192849447336782,0.14045341452599377,0.041652791979482455,0.0012912898708109172,0.0010007842511474798,100.0,0.0,64.25,2.342541355024496,1.05,0.21794494717703372,4.1,0.7681145747868608,0
780,0.38417767860495655,0.20238188130769363,0.1388825798742482,0.04296858668506295,0.0011190048411872217,0.0008106338756877182,100.0,0.0,63.65,3.424543765233553,1.1,0.3,4.2,0.6,0
781,0.37028752513822283,0.2006527254589304,0.14147419887945273,0.042955819012112616,0.0010862899291979706,0.000745155596166198,100.0,0.0,63.6,3.1685959035509725,1.05,0.21794494717703372,4.1,0.7000000000000001,0
782,0.35986594636262037,0.19298377205238867,0.14345071241889765,0.04144407116947923,0.0010887036164528114,0.00065920325825009,100.0,0.0,63.1,2.6057628441590768,1.0,0.0,4.4,0.66332495807108,0
783,0.3585708313044325,0.1866730896463808,0.1447477260321986,0.041164866013738484,0.0010520607011057811,0.000546887564986966,100.0,0.0,63.3,3.4655446902326914,1.1,0.3,4.1,0.5385164807134504,0
784,0.3576961969982447,0.17722454064493243,0.14497708892181185,0.040573299504971974,0.001194472898430107,0.0008756201504172445,100.0,0.0,64.4,2.956349099818896,1.025,0.10897247358851683,3.95,0.6689544080129826,0
785,0.3728541279729953,0.16369142936569595,0.14066293669383975,0.037749504081880346,0.0012973166869807043,0.0009800734899331762,100.0,0.0,64.3,2.3473389188611007,1.0,0.0,4.15,0.6538348415311012,0
786,0.37095543728184743,0.15341739903924156,0.14098191415648792,0.03657387975562948,0.0011928939434074615,0.0008187959431775642,100.0,0.0,62.65,3.1666228067138023,1.025,0.10897247358851683,4.4,0.6633249580710799,0
787,0.3717269898333792,0.15373131818103186,0.14080791350405325,0.03567622770374385,0.0011264350032509514,0.0007426647736394336,100.0,0.0,63.95,2.0365411854416298,1.0,0.0,4.05,0.3840572873934304,0
788,0.37059677902324134,0.15188143191010392,0.14067623851487968,0.03613687354757784,0.001208023953590403,0.0007297935602672186,100.0,0.0,64.6,2.4779023386727737,1.0,0.0,4.1,0.7,0
789,0.37052811970668226,0.152519898115448,0.14023448925530232,0.03711470173154665,0.0011530688263479037,0.0006601980846966056,100.0,0.0,63.95,2.9236107812087435,1.025,0.10897247358851683,4.0,0.6324555320336759,0
790,0.3656427445489808,0.15039134589664507,0.14104293942451337,0.035930536998573806,0.001111944024402374,0.0006693040619194389,100.0,0.0,64.35,3.118894034750139,1.075,0.23848480035423641,4.1,0.7681145747868608,0
791,0.3574797869350397,0.15443019884399367,0.1430808473099458,0.03661633040494269,0.0011247060738422837,0.0006140005437038663,100.0,0.0,62.95,2.7472713735632306,1.0,0.0,4.25,0.82915619758885,0
792,0.35948980698294386,0.15721024475485276,0.14266823114236465,0.03802912394550508,0.0011651066854363316,0.0006654432866312837,100.0,0.0,62.45,2.923610781208744,1.175,0.36314597615834876,4.35,0.9630680142129111,0
793,0.36099329862491625,0.15827732354510615,0.1427763679520084,0.03772086525440871,0.0011568662846211531,0.000551069380410817,100.0,0.0,62.35,2.8857408061016154,1.15,0.3570714214271425,4.2,0.6782329983125269,0
794,0.3640420482648736,0.16881581948886543,0.14277342841304108,0.03999166682759446,0.0011886379333106742,0.0005796091799168143,100.0,0.0,64.6,3.4698703145794942,1.15,0.3570714214271425,4.15,0.653834841531101,0
795,0.3669606477743501,0.17237309116490782,0.14244772065289055,0.03946903201781053,0.001172591163495466,0.0005226588926881135,100.0,0.0,63.65,2.669737814842499,1.05,0.21794494717703372,4.3,0.5567764362830021,0
796,0.373827523317576,0.16820064962869027,0.14147721341172942,0.03873967696684259,0.0010657711276609236,0.0005775438203120724,100.0,0.0,64.15,4.304358256465184,1.1,0.3,4.2,0.6782329983125268,0
797,0.36990261078147,0.17147578706881622,0.14250025511160597,0.0394714529489464,0.00099261248032659,0.0006058128084364792,100.0,0.0,63.05,3.1855140872392953,1.1,0.3,4.55,0.8645808232895291,0
798,0.36984636470308585,0.180822312284057,0.14306659699708082,0.041039921705116424,0.0009041015641313791,0.0005327503927650989,100.0,0.0,62.4,3.184336665618132,1.05,0.21794494717703372,4.75,0.7664854858377946,0
799,0.3716814181986985,0.17856404757816516,0.143324097505645,0.03984598443242308,0.0009600503055614909,0.000505824400791806,100.0,0.0,62.5,2.9410882339705484,1.05,0.21794494717703372,4.45,0.6689544080129827,0
800,0.37498317393018177,0.16833760280497181,0.14158281154989116,0.03707993031126977,0.0011514459737780986,0.0009047422843041073,100.0,0.0,63.5,2.9916550603303182,1.025,0.10897247358851683,4.4,0.4898979485566356,0
801,0.3836350605668658,0.16791456876050256,0.13997274515358588,0.0362042349801406,0.0009205579464059696,0.0005817357557233024,100.0,0.0,63.05,2.4591665254715873,1.05,0.21794494717703372,4.15,0.6538348415311012,0
802,0.38484370824950925,0.166602944423315,0.14058717532070916,0.035317497332224945,0.0007511452083112532,0.0003869825082875754,100.0,0.0,63.7,2.9342801502242426,1.1,0.3,4.1,0.8306623862918076,0
803,0.3833724594926623,0.1509664349747351,0.14045262589133048,0.032912852356195205,0.0007890782621118378,0.0003188103305560248,100.0,0.0,63.45,3.2935543110748915,1.075,0.17853571071357124,4.15,0.5722761571129799,0
804,0.38055825212038225,0.14271582754389744,0.14018195505369307,0.030370249462406514,0.0008313991517586614,0.00040943087567396093,100.0,0.0,63.65,3.395217224272992,1.125,0.3112474899497183,3.8,0.5099019513592784,0
805,0.3790829022118442,0.13111914666268262,0.13932147228117192,0.027031996954027956,0.0008867290643289354,0.0003761803285435009,100.0,0.0,62.9,3.3000000000000003,1.075,0.23848480035423641,4.45,1.0712142642814275,0
806,0.3799661807661494,0.13144214136791474,0.13879676915445133,0.027720541874152054,0.0010148885658652607,0.0005225976584869168,100.0,0.0,64.05,3.278337993557101,1.05,0.21794494717703372,4.0,0.6324555320336759,0
807,0.3957884731782797,0.1465368019402661,0.13596544806506017,0.03164404313048101,0.0011571393382120352,0.0006784481386201727,100.0,0.0,63.75,2.8262165522125158,1.0,0.0,4.4,0.6633249580710799,0
808,0.4227910474248242,0.17990424820770284,0.13103988450938492,0.038596400962775716,0.0011104505744546878,0.0006367148701912934,100.0,0.0,63.4,2.4372115213907883,1.05,0.21794494717703372,4.15,0.7262919523166976,0
809,0.42307313077802833,0.19931882463687803,0.1321572222201085,0.04125747524161638,0.0009062285356528649,0.0005318154086198242,100.0,0.0,63.7,3.407345007480164,1.0,0.0,4.35,0.5722761571129799,0
810,0.41503883246861906,0.20269826099486857,0.13365609272985235,0.04228509280096111,0.0009039292960573902,0.0005330222113954025,100.0,0.0,63.65,2.868361901852693,1.05,0.21794494717703372,4.25,0.8874119674649424,0
811,0.40883820821296124,0.19054739679781027,0.13497524883530418,0.04081974038363095,0.0009842960589263937,0.0005559419643131443,100.0,0.0,62.8,2.8913664589601917,1.0,0.0,4.25,0.7664854858377946,0
812,0.4087473236553481,0.1885020058510829,0.13442978660612165,0.040171023080796044,0.0010843930572398599,0.0006153741481493488,100.0,0.0,64.4,3.6110940170535573,1.05,0.2179449471770337,4.15,0.8529361054615991,0
813,0.4175598162190979,0.18809788033591757,0.13261819709591988,0.03930071116602321,0.0011536000565216475,0.0007792070990935693,100.0,0.0,63.25,2.662235902394827,1.0,0.0,4.3,0.9539392014169457,0
814,0.42280472316328455,0.187672840055807,0.13094419903447735,0.037915865464080496,0.0011813425631307575,0.0008609523092061568,100.0,0.0,63.05,3.3537292675468007,1.05,0.21794494717703372,4.3,0.714142842854285,0
815,0.43038458503926924,0.18719249385207015,0.1284558499686289,0.03571571955117373,0.0012429446153618567,0.0009992576588231607,100.0,0.0,63.85,2.8857408061016154,1.0,0.0,4.15,0.7921489758877431,0
816,0.4359745173396445,0.1796750879550266,0.1273558142225973,0.03442259885795849,0.0013135254872154094,0.0009622283379735547,100.0,0.0,64.75,2.5074887836239665,1.075,0.17853571071357124,3.95,0.5894913061275798,0
817,0.45170713084172964,0.18298628175002923,0.12499306299170487,0.03490665269514394,0.0012448280629943208,0.0008982312109132748,100.0,0.0,64.05,3.7745860700214533,1.125,0.3112474899497183,4.05,0.5894913061275798,0
818,0.4621644257206324,0.17423403908643273,0.12273415278688071,0.03317969902935581,0.001286375449602492,0.0007811055677869879,100.0,0.0,63.35,2.4550967394381837,1.0,0.0,3.95,0.49749371855331,0
819,0.4638794373274558,0.16733779950668276,0.12239184839285958,0.03253506558721759,0.0012557596303688484,0.0007332929954614923,100.0,0.0,62.25,2.913331426391443,1.05,0.21794494717703372,4.5,1.02469507659596,0
820,0.46548924434059397,0.17397358280934672,0.12238610592970119,0.03496850481158212,0.0011472393656989425,0.0007403902880280063,100.0,0.0,64.3,3.4365680554879163,1.05,0.21794494717703372,4.1,0.6244997998398398,0
821,0.45964261159997133,0.1656243409555776,0.12330972712874688,0.03357519202473925,0.001123636461213568,0.0008302220597782552,100.0,0.0,62.65,3.08666486681013,1.05,0.21794494717703372,4.25,0.6224949798994366,0
822,0.4677266144116035,0.1674906477828071,0.12107905314729206,0.03539831636615004,0.0011343239744283746,0.000700186494192128,100.0,0.0,63.7,2.703701166919155,1.15,0.32015621187164245,4.2,0.6782329983125268,0
823,0.4752089694095948,0.16848523933755613,0.11966304174439443,0.03382000918378441,0.0011844218467510514,0.0006664713279879036,100.0,0.0,63.05,3.3387872049593095,1.2,0.4,3.95,0.5894913061275798,0
824,0.47567453849165797,0.16521306189673243,0.11943559124633887,0.03208470050220319,0.0012748528031589382,0.0007709428755598035,100.0,0.0,62.7,3.287856444554719,1.05,0.21794494717703372,4.25,0.698212002188447,0
825,0.49028212721887343,0.16864382156918759,0.11671841323175022,0.03183065945376927,0.0013176550306216595,0.0008479809060684631,100.0,0.0,62.65,3.439113257803529,1.2,0.4,4.25,0.698212002188447,0
826,0.5030009219320712,0.1727121711043786,0.11485472159281211,0.032430625591191885,0.0011905721151156095,0.0008223102086421668,100.0,0.0,63.05,4.153010955921017,1.15,0.3570714214271425,4.2,0.812403840463596,0
827,0.5004270548641022,0.1664169109795899,0.11532877316773982,0.031370106533342185,0.0011477180345739776,0.0007868403970574245,100.0,0.0,63.8,2.1354156504062622,1.025,0.10897247358851683,4.35,0.6538348415311012,0
828,0.5005434334876842,0.15674229330654357,0.11547801614809716,0.030282886605847877,0.0010109578197072823,0.0007161198629406033,100.0,0.0,63.15,3.08666486681013,1.025,0.10897247358851683,4.0,0.6324555320336759,0
829,0.4887822429752896,0.1540647657998228,0.11792057440798454,0.031063548318982538,0.0009932796391382839,0.0007191425562313956,100.0,0.0,63.2,3.5721142198983498,1.15,0.3570714214271425,4.4,0.6633249580710799,0
830,0.4790636407766204,0.14299750345613413,0.11988629188451327,0.02888670818918517,0.000998501953282049,0.0007903455935956555,100.0,0.0,62.6,2.8530685235374214,1.1,0.3,4.3,0.7810249675906654,0
831,0.4619155701698799,0.13056261769640723,0.12281735049595247,0.026588780816666997,0.0009902622618134106,0.0007542799809517489,100.0,0.0,63.6,2.973213749463701,1.025,0.10897247358851683,4.5,0.9219544457292888,0
832,0.46321171828464197,0.12314434308484254,0.12255151760725287,0.02479465089187984,0.000928369913640679,0.000535420755834647,100.0,0.0,62.9,2.5865034312755126,1.05,0.21794494717703372,4.45,0.7399324293474372,0
833,0.4691359777925609,0.1243772514084621,0.1212445615379796,0.024187710689509197,0.0009121051292404136,0.0005387078072469536,100.0,0.0,63.1,2.4677925358506134,1.0,0.0,4.4,0.7999999999999999,0
834,0.4673623728523193,0.12437019251331285,0.12075805587043331,0.024032626091620823,0.0009997480457068079,0.0006819682534819257,100.0,0.0,63.55,3.4128433893163046,1.075,0.23848480035423641,3.95,0.6689544080129827,0
835,0.4762515256674004,0.13627624920337517,0.11869538101245278,0.02679434902612929,0.0010122401734372257,0.0007606198049822465,100.0,0.0,64.5,3.263433774416144,1.05,0.21794494717703372,4.3,0.714142842854285,0
836,0.4796824951453279,0.14627582188606966,0.11802077866490954,0.03006165642413477,0.0010146833049948197,0.0006120687567122769,100.0,0.0,63.25,3.222964473896664,1.0,0.0,4.25,0.6224949798994366,0
837,0.4807907404826464,0.1480574575973096,0.11838781691551,0.029531521499890686,0.0009969727132717841,0.00046569209552647326,100.0,0.0,63.1,2.0712315177207983,1.125,0.3112474899497183,4.15,0.7262919523166975,0
838,0.49460266448589935,0.13481238561451292,0.11545725990825843,0.025828282927515264,0.0010679484026537233,0.0006532904596897228,100.0,0.0,63.25,2.9811910371527683,1.05,0.21794494717703372,4.15,0.5722761571129799,0
839,0.49713028627728545,0.1275206070666896,0.11451536490476635,0.023793257802713512,0.0011444745742072025,0.0008356819951888748,100.0,0.0,62.25,2.6433879775772606,1.1,0.3,4.35,0.7262919523166975,0
840,0.4921500531843684,0.12467139148184811,0.11531618696587578,0.02410727339324553,0.001102014071689784,0.0009245407245343489,100.0,0.0,63.5,2.224859546128699,1.05,0.21794494717703372,4.35,0.5722761571129799,0
841,0.49858571653300415,0.12331009215045281,0.11493010677758335,0.023596557245157093,0.0009242565329310281,0.0005104865908104756,100.0,0.0,62.5,2.224859546128699,1.05,0.21794494717703367,4.3,0.714142842854285,0
842,0.5026342187984413,0.10974388695657267,0.11350120321347434,0.020943312344580675,0.0010019696187163435,0.0005017602417827705,100.0,0.0,62.95,4.09237095092808,1.15,0.3570714214271425,4.3,0.9,0
843,0.5006658494467102,0.10922481378651185,0.11346696370019085,0.021165497311877092,0.0010692178503246233,0.0005420928696054276,100.0,0.0,63.1,3.1448370387032774,1.025,0.10897247358851683,4.3,0.7810249675906654,0
844,0.498110373281203,0.11699470459219817,0.11352978788056059,0.023229565366701392,0.0010610834778644852,0.00046635382527143753,100.0,0.0,63.25,3.7399866309921483,1.15,0.3570714214271425,4.2,0.5099019513592784,0
845,0.4909289861914289,0.1265126378628131,0.11521841722825288,0.025319343479329872,0.0009651057894264091,0.0004481435251674297,100.0,0.0,63.45,2.4794152536434875,1.125,0.3112474899497183,3.95,0.7399324293474371,0
846,0.4850990709779701,0.12128073693428197,0.1161126925096259,0.023921013993810438,0.00109030399132031,0.00042810142945637765,100.0,0.0,63.8,2.6,1.05,0.21794494717703372,4.0,0.6324555320336759,0
847,0.4864740029660365,0.1280787475762023,0.11599000868537232,0.02424831439758767,0.0010885516170596149,0.0005564788100546891,100.0,0.0,63.75,2.426417111710186,1.0,0.0,4.3,0.6403124237432849,0
848,0.49216643582457975,0.12876568885020317,0.1153081885956431,0.024024299938854753,0.001041546367121213,0.00047149573719962816,100.0,0.0,63.8,2.9257477676655586,1.1,0.3,3.95,0.49749371855331004,0
849,0.495963931023702,0.130595377553594,0.11476520238409979,0.025034650777126775,0.0009581413813431131,0.0004176245589770548,100.0,0.0,62.9,2.7367864366808012,1.05,0.21794494717703372,4.55,0.8046738469715542,0
850,0.4863685662737975,0.12969188850801358,0.11717525162342213,0.025144321334141954,0.0009033603318087289,0.0003455259745775263,100.0,0.0,64.25,3.7798809505062456,1.0,0.0,4.1,0.7000000000000001,0
851,0.48228319385918617,0.13380082726716677,0.11847244709649525,0.025886262388704808,0.0008726858834121329,0.0002485505767455454,100.0,0.0,63.75,2.426417111710186,1.0,0.0,4.1,0.6244997998398398,0
852,0.4672856658941479,0.1319281225532221,0.12137654499680792,0.02590587896265199,0.0008665396717261419,0.00034641122525346646,100.0,0.0,63.5,3.442382895611701,1.0,0.0,4.2,0.6,0
853,0.4642198897665487,0.11927132933808937,0.12125683026797443,0.024176947335906654,0.0010296423160053073,0.0004318787964699574,100.0,0.0,64.4,2.0591260281974,1.0,0.0,4.0,0.5477225575051661,0
854,0.4776306513288325,0.11627575628956924,0.11842063470765282,0.023561076077609946,0.0010189395516710686,0.0006119101601902625,100.0,0.0,63.35,3.1666228067138023,1.1,0.3,3.95,0.9205976319760983,0
855,0.4849272618651936,0.12529269681937813,0.11612920918947578,0.02483792843779923,0.0010863164578731042,0.0005912640804839771,100.0,0.0,63.75,3.4478254016118624,1.1,0.3,4.15,0.6538348415311009,0
856,0.4914121145795417,0.1424185381697013,0.11510182636182904,0.027536094958064024,0.0009708503080117241,0.0006559861767517044,100.0,0.0,63.9,1.8681541692269403,1.0,0.0,4.05,0.49749371855331004,0
857,0.4901289531826888,0.13783800181711398,0.1149180410905108,0.026930942239135662,0.0010649708705639418,0.0006802553589663198,100.0,0.0,63.05,3.3087006513131403,1.1,0.3,4.1,0.6244997998398398,0
858,0.49257239699045136,0.1418588974902198,0.11424592379357405,0.027995475433787265,0.001096900604800623,0.0007736234327403808,100.0,0.0,63.6,3.813135192987524,1.075,0.23848480035423641,4.1,0.5385164807134504,0
859,0.5054875512962507,0.15476509547455822,0.11157507948150305,0.030909750420205724,0.0011433657753799537,0.0007054431944477563,100.0,0.0,62.6,3.2619012860600183,1.1,0.3,4.3,0.8426149773176358,0
860,0.513965351243326,0.170755533012283,0.11012466631434406,0.03370916425943827,0.0011094696699239035,0.00063365044018423,100.0,0.0,61.85,2.5743931323712,1.15,0.32015621187164245,4.4,1.019803902718557,0
861,0.5174896253605997,0.18343022199825,0.10918765266791775,0.0364454753020694,0.001067124140090882,0.000540235540464543,100.0,0.0,63.4,3.2465366161495854,1.1,0.3,4.3,0.6403124237432849,0
862,0.5154047980350239,0.18243012486153556,0.10978923407663058,0.036173954917705614,0.001116958622848435,0.0005183234149922524,100.0,0.0,63.45,2.3764469276632285,1.075,0.23848480035423641,4.05,0.739932429347437,0
863,0.5176976783185366,0.1878425919010289,0.10944171142538517,0.03742852918467956,0.0010849978666131706,0.0004681483666729849,100.0,0.0,63.5,2.5,1.05,0.21794494717703372,4.15,0.653834841531101,0
864,0.5183243886717488,0.18761529039827238,0.10963538244993731,0.037743620930150205,0.0010363357171332508,0.000629798776722681,100.0,0.0,63.9,2.7184554438136375,1.1,0.3,4.1,0.30000000000000004,0
865,0.5182571982559415,0.18978952666685145,0.10968899042650912,0.03928902992110342,0.000962692097401566,0.00048751087339824335,100.0,0.0,63.8,3.8026306683663087,1.05,0.21794494717703372,4.2,0.812403840463596,0
866,0.5275872986802935,0.1871203342289083,0.10808906355313805,0.03896586911351531,0.0010000807489791927,0.00046162785723198406,100.0,0.0,63.65,2.815581645060217,1.075,0.23848480035423641,4.35,0.963068014212911,0
867,0.5356758429774895,0.17435239609386874,0.10550868174293535,0.036311722075215325,0.0010796873066507965,0.0005964957838291898,100.0,0.0,64.0,2.449489742783178,1.0,0.0,4.0,0.5477225575051661,0
868,0.5408748448727413,0.17209712814440226,0.10438369577858927,0.03471544270526378,0.001116496649787825,0.0005680946861199189,100.0,0.0,64.0,2.32379000772445,1.0,0.0,4.25,0.6224949798994366,0
869,0.553586947588059,0.16851379019227972,0.10153239220511848,0.03370356510611996,0.0011212116618596452,0.0005429161508491029,100.0,0.0,63.35,3.453621287865825,1.1,0.2549509756796392,4.35,0.8529361054615991,0
870,0.5541337020628349,0.1707093922519345,0.10178201704048959,0.033364799458653206,0.0011074607706216533,0.0006241860519129196,100.0,0.0,62.05,4.06786184622831,1.275,0.43229041164476456,4.2,0.7483314773547883,0
871,0.5545500232691862,0.17090152051070318,0.10255196233963923,0.033053352624882903,0.0009902896804061072,0.0005478504046197459,100.0,0.0,64.8,3.026549190084311,1.0,0.0,3.85,0.7262919523166975,0
872,0.5506475169284866,0.17201681158439966,0.10324808722281864,0.03381991026398531,0.001061014430607931,0.0005050421250544014,100.0,0.0,62.9,2.8442925306655784,1.15,0.3570714214271425,4.15,0.5722761571129799,0
873,0.5507155138548215,0.18525213341443622,0.10353253251720865,0.0363983815076409,0.0010324582132112572,0.000461205896171768,100.0,0.0,63.85,2.8508770580296865,1.05,0.21794494717703372,4.2,0.6782329983125269,0
874,0.5474193156036453,0.18649850419320557,0.10427071157883043,0.036102201751439446,0.0010434701301943686,0.0004917026908496636,100.0,0.0,64.35,3.365635155509284,1.025,0.10897247358851683,3.85,0.5722761571129799,0
875,0.5554221493028348,0.1910485714360574,0.10309705253187587,0.03681420714051552,0.0009466721444356273,0.00046320724232907584,100.0,0.0,63.95,2.654712790491657,1.0,0.0,4.35,0.653834841531101,0
876,0.5530794420681211,0.1822612183166339,0.10349192723669609,0.03415820624782131,0.0009709148479207994,0.0005337515106145214,100.0,0.0,62.9,3.345145736735546,1.15,0.3570714214271425,4.2,0.7483314773547883,0
877,0.5521157448115441,0.18045655370422448,0.10387046316355111,0.03349642297841595,0.001048773668520559,0.0006611634078174369,100.0,0.0,63.5,3.52845575287547,1.05,0.21794494717703372,4.35,0.6538348415311012,0
878,0.5634221235317153,0.17221107566881375,0.10193528645665577,0.0316788745515558,0.0010565157446097019,0.0007249985495532376,100.0,0.0,62.15,3.5535193822462827,1.1,0.3,4.6,0.66332495807108,0
879,0.5723441175737884,0.16507715688692473,0.10016696443499655,0.03052736518998718,0.0010750720139448473,0.0007435209061174813,100.0,0.0,62.8,2.580697580112788,1.075,0.23848480035423641,4.6,1.0677078252031311,0
880,0.5780906140960932,0.16008763364356268,0.09926456977749011,0.030077060354287994,0.0010226380542379333,0.0006485602259165723,100.0,0.0,63.75,2.3637893307145625,1.05,0.21794494717703372,4.3,0.6403124237432849,0
881,0.5759942506228182,0.15664498640510352,0.09888601615902438,0.030637581279602272,0.0010690111246178633,0.0006071152233148571,100.0,0.0,63.15,3.1666228067138023,1.15,0.3570714214271425,4.4,0.9165151389911679,0
882,0.5678354612107726,0.15206793948985395,0.10088373915224398,0.029667383215445358,0.0009923213053937743,0.000510367367430997,100.0,0.0,63.2,3.0594117081556704,1.075,0.23848480035423641,4.55,0.7399324293474372,0
883,0.5700718903925008,0.1502346698777427,0.10039030119013034,0.029183846215227936,0.0009418234620350059,0.0004108139128663574,100.0,0.0,64.7,3.287856444554719,1.1,0.3,4.1,0.7,0
884,0.5669000378977415,0.13740819747598199,0.1009320288743557,0.0259382577728806,0.0009685075714173534,0.0003569741424973676,100.0,0.0,63.05,2.8892040426387333,1.05,0.21794494717703372,4.3,0.714142842854285,0
885,0.5596311794049542,0.13403164708638862,0.10161083996573957,0.025522920210700153,0.0009837433162036698,0.00037186266375480875,100.0,0.0,62.9,2.896549671592048,1.15,0.3570714214271425,4.15,0.47696960070847283,0
886,0.5612840903226861,0.13803422836804466,0.10101005281971616,0.02541988502338002,0.001024352625784717,0.0004219928625198368,100.0,0.0,61.9,2.981610303175114,1.05,0.15,4.3,0.714142842854285,0
887,0.5521428459678165,0.13471937193694536,0.10312289989745335,0.02412909253231677,0.0010188753376912574,0.0003935699102575628,100.0,0.0,63.7,3.479942528261063,1.075,0.23848480035423641,3.8,0.7483314773547883,0
888,0.5511508666225923,0.1279367575353478,0.10309055146615387,0.023412844818939828,0.0010801198106876104,0.00040419117705345163,100.0,0.0,63.15,3.102821296820041,1.125,0.3112474899497183,3.95,0.5894913061275798,0
889,0.5539523605940055,0.12347495031159839,0.10203098110935568,0.022496600017018677,0.0011015236845910309,0.00046716286128303423,100.0,0.0,63.55,3.4274626183227737,1.1,0.3,4.35,0.6538348415311009,0
890,0.5627182043921657,0.11608757334671085,0.10009183800163239,0.02147970236818154,0.0011281342937534363,0.0004493430380158744,100.0,0.0,63.1,2.826658805020514,1.025,0.10897247358851683,4.4,0.4898979485566356,0
891,0.5800534148484338,0.09974984849380995,0.09675449728861554,0.01788831354231232,0.0011837449758138935,0.0004858657851780779,100.0,0.0,63.9,3.047950130825634,1.0,0.0,4.3,0.6403124237432849,0
892,0.5994051363882325,0.09448848765795438,0.09334500602676364,0.01636214882767458,0.0011567711006895398,0.000526688742966954,100.0,0.0,64.55,3.6670833096617805,1.05,0.21794494717703372,4.2,0.7483314773547883,0
893,0.6174556299324839,0.09486320424179541,0.09039165079279245,0.016902285820347734,0.0010810291239033206,0.0006438219200566958,100.0,0.0,63.25,2.2555487137279924,1.05,0.21794494717703372,4.2,0.5099019513592784,0
894,0.618355891008674,0.10886259577321192,0.08999959417328701,0.020520354972902104,0.001074245657749359,0.0005649166869823599,100.0,0.0,63.4,3.120897306865447,1.15,0.3570714214271425,4.2,0.7483314773547883,0
895,0.6183493296833664,0.11192673399376794,0.08965596060561512,0.02185365215046209,0.0010770905070847732,0.00058808873505535,100.0,0.0,62.75,3.080178566252288,1.15,0.32015621187164245,3.95,0.739932429347437,0
896,0.6199781915220413,0.11667622123112345,0.0892709761238458,0.02431313524204206,0.001012573018120072,0.00048297949995179375,100.0,0.0,63.5,3.5,1.075,0.23848480035423641,4.45,0.9733961166965893,0
897,0.6243157471784693,0.13394831611098668,0.08836445411794477,0.026101888353678826,0.000993189376280243,0.0004540320693050181,100.0,0.0,63.2,3.5298725189445577,1.1,0.3,4.45,0.8645808232895291,0
898,0.6175149420277233,0.1402176935459681,0.09011045463004722,0.02586778576063922,0.0009754766328702742,0.0005250398175209454,100.0,0.0,63.8,3.295451410656816,1.05,0.21794494717703372,4.4,0.8602325267042626,0
899,0.6211535539514144,0.13785605826814123,0.08970920112491834,0.02384208885505127,0.0009888743508306608,0.0006731128240876768,100.0,0.0,63.55,3.4420197558991443,1.0,0.0,4.1,0.5385164807134504,0
900,0.6125877552530581,0.13321469889948603,0.09105921535349679,0.022205070690631306,0.0010495465432674113,0.0006622644890752995,100.0,0.0,63.4,2.989983277545211,1.1,0.3,4.1,0.7681145747868608,0
901,0.6150658400236267,0.12403494925421663,0.09032062794288627,0.020454665991928838,0.0011751050359699129,0.0007625873342372254,100.0,0.0,64.2,2.6191601707417584,1.075,0.23848480035423641,4.15,0.5722761571129799,0
902,0.6350444398327014,0.12259266513927011,0.08671152212732205,0.020108521158911725,0.001155646659293645,0.0008550358665535332,100.0,0.0,62.1,3.223352292257239,1.175,0.36314597615834876,4.3,0.5567764362830021,0
903,0.6423209756516961,0.11490088594294633,0.08495945415719615,0.020722187706593922,0.0011800762125201817,0.000770139447207123,100.0,0.0,63.75,2.2332711434127295,1.025,0.10897247358851683,4.05,0.6689544080129826,0
904,0.6508686842866753,0.1084739308833647,0.08400158173334119,0.020825410089113917,0.0011463243916861386,0.0006774844667401088,100.0,0.0,63.7,4.026164427839479,1.15,0.3570714214271425,4.1,0.5385164807134504,0
905,0.668022691417971,0.09662450263649076,0.08175810489092791,0.020045626620205287,0.0009821982926068186,0.000574041228142243,100.0,0.0,63.5,2.819574435974337,1.0,0.0,4.25,0.6224949798994366,0
906,0.670513114907118,0.07562801306702022,0.08127677268470891,0.01742139188515557,0.0009271051603366026,0.000493154531976222,100.0,0.0,62.7,2.934280150224242,1.05,0.21794494717703372,4.25,1.0897247358851685,0
907,0.6816780739860923,0.07406951982399543,0.07902075907604836,0.01801726373066545,0.0008943102838411647,0.0004155259278497708,100.0,0.0,63.15,2.669737814842499,1.05,0.21794494717703372,4.25,0.5361902647381804,0
908,0.6851147931847488,0.07701599736417562,0.07851427247425045,0.018225537637274393,0.0008429695994791531,0.0003903659782360221,100.0,0.0,62.65,2.7436289836637897,1.1,0.3,4.15,0.4769696007084728,0
909,0.689703573517561,0.0889121694505783,0.07833098270734609,0.018343893589799137,0.0008042482969531147,0.000276842112174425,100.0,0.0,62.45,3.308700651313141,1.125,0.3112474899497183,4.25,0.9420721840708386,0
910,0.6931026797396662,0.09401043407064036,0.07812278197483569,0.01854133774349848,0.0007753960569307014,0.00030763297247851873,100.0,0.0,62.4,3.839270764090493,1.225,0.40233692348577704,4.2,0.7483314773547882,0
911,0.6864782282729485,0.09383989162566936,0.07883684705139844,0.01783382518048379,0.0008292367120451326,0.0004161109619841582,100.0,0.0,62.25,3.222964473896664,1.025,0.10897247358851683,4.55,0.8046738469715541,0
912,0.6839923275940587,0.09532161789920236,0.07877119124749501,0.01782735510542708,0.0008688785588311697,0.00044131729462218515,100.0,0.0,63.9,2.5278449319529077,1.05,0.21794494717703372,4.45,0.7399324293474372,0
913,0.6852780905732009,0.09749776445410534,0.07817640248985859,0.0185867475106973,0.0008673734373757307,0.0004513256513302823,100.0,0.0,63.65,2.4550967394381837,1.0,0.0,4.55,0.8046738469715541,0
914,0.6728693274617652,0.09338914471718135,0.08051830869709643,0.017679186045274544,0.0009115201868366993,0.0003497894492680585,100.0,0.0,63.65,2.6697378148424984,1.05,0.21794494717703372,4.0,0.6324555320336759,0
915,0.6739319508089507,0.0928080159483988,0.07997082883059865,0.017217345641287667,0.0009467586909384215,0.00044945334306510713,100.0,0.0,62.9,2.773084924772409,1.1,0.3,4.25,1.0428326807307104,0
916,0.6742421346089251,0.0795717392712251,0.07966517206056753,0.015086097421688318,0.0010283126227797177,0.0005523499262152996,100.0,0.0,63.55,3.9808918598726084,1.05,0.21794494717703372,4.0,0.8366600265340756,0
917,0.6761043601629804,0.07356145879761918,0.07896758187675862,0.014228557790804392,0.0010220087862802605,0.0006415347287456678,100.0,0.0,63.8,2.8913664589601917,1.1,0.3,4.0,0.6324555320336759,0
918,0.6809920082615583,0.08255157586264926,0.07584866027177192,0.01889232316884337,0.001123762067240517,0.0006610575558450334,100.0,0.0,63.05,3.323777970924051,1.1,0.3,4.35,0.5722761571129799,0
919,0.6787954042050554,0.08016084901868596,0.07629293825900396,0.019138362732071812,0.0010884326175654268,0.0007120593951501578,100.0,0.0,64.0,2.6832815729997477,1.0,0.0,4.3,0.6403124237432849,0
920,0.6795536441045831,0.08372516635445841,0.07583281479000872,0.019380740653622178,0.001101434824611882,0.0006809387726697272,100.0,0.0,63.25,2.9979159427842537,1.025,0.10897247358851683,4.3,0.7810249675906654,0
921,0.6783536516346285,0.08885572113554208,0.0759938056607547,0.021213829756595377,0.0010652085201406556,0.0006420980151457583,100.0,0.0,62.95,3.840247387864485,1.1,0.3,4.3,0.8426149773176358,0
922,0.6757439284185272,0.08933683022118903,0.07784811029903778,0.01989284833939376,0.000986326796092177,0.0005803866886609401,100.0,0.0,62.35,2.7436289836637897,1.1,0.3,4.25,0.82915619758885,0
923,0.6737839618387621,0.10234924634797915,0.07939132896706835,0.02252743557757894,0.0008506704602496085,0.00037962904732798954,100.0,0.0,63.7,3.083828789021855,1.05,0.2179449471770337,3.95,0.3840572873934304,0
924,0.6627573246674519,0.10613157818740142,0.081427661015644,0.02246198510825252,0.0008551490737034921,0.00035370209414205706,100.0,0.0,64.6,2.9899832775452104,1.0,0.0,4.1,0.6244997998398398,0
925,0.6626592134237612,0.11049987033086328,0.08185193593391851,0.022445433621894467,0.0008258376019614424,0.0003402034417071127,100.0,0.0,64.6,2.8705400188814645,1.05,0.21794494717703372,4.1,0.6244997998398398,0
926,0.6566921220761396,0.1132093484419934,0.083367205984493,0.021947381241010585,0.0008335397280546872,0.00034800365175126553,100.0,0.0,63.3,2.98496231131986,1.0,0.0,4.1,0.6244997998398398,0
927,0.6565119126528302,0.10899594502986179,0.08278586518921023,0.02098388770837422,0.0009263247750234303,0.00037694159190345013,100.0,0.0,63.65,2.4550967394381837,1.025,0.10897247358851683,4.2,0.6782329983125268,0
928,0.668449969810702,0.09459818399383854,0.08060806312202598,0.01780867536424505,0.000986525207591158,0.0004713854838258769,100.0,0.0,63.75,3.491060010942235,1.1,0.3,3.75,0.6224949798994366,0
929,0.6780484339198447,0.09120893754504325,0.07857825909237103,0.01631439429280564,0.00103607494253392,0.0005250073067359294,100.0,0.0,63.75,2.7363296585024255,1.05,0.21794494717703372,4.2,0.6782329983125269,0
930,0.6874984333684775,0.08661530365034976,0.07698656998373685,0.01571808506567866,0.00099229708248851,0.0004748453723700589,100.0,0.0,62.6,3.1208973068654475,1.15,0.3570714214271425,4.1,0.6244997998398398,0
931,0.6901516305315731,0.08654457951963362,0.07643319193259208,0.015224223526396784,0.001014254851532531,0.0005480419707930487,100.0,0.0,63.45,3.353729267546801,1.0,0.0,4.3,0.6403124237432849,0
932,0.7038728845028919,0.08083067400729217,0.07369841249420664,0.014082388544741422,0.0010028456831856704,0.0005338139099157137,100.0,0.0,63.25,3.207413287993925,1.05,0.21794494717703372,4.3,0.8426149773176358,0
933,0.7102834958093053,0.07977350686774425,0.0724597261108533,0.014637228571987895,0.0009748167077999299,0.0005191245467454166,100.0,0.0,63.4,3.541186241925155,1.05,0.21794494717703372,4.35,0.5722761571129799,0
934,0.7231575854043089,0.08169130740399157,0.06958576597881252,0.016602861601433403,0.000954284723798949,0.0005389667163432435,100.0,0.0,62.4,3.2619012860600183,1.25,0.4330127018922193,4.2,0.6782329983125269,0
935,0.7267526796231895,0.09013742213791175,0.06862634201709225,0.01794676128893543,0.0009478838405749338,0.0005307768919528117,100.0,0.0,63.6,2.9563490998188966,1.1,0.3,4.5,0.7416198487095663,0
936,0.7326579626914629,0.09626160531684662,0.0678264580701268,0.01800761142588955,0.0009202910624058943,0.000537327129366329,100.0,0.0,63.5,3.248076353782343,1.125,0.3112474899497183,4.1,0.7681145747868608,0
937,0.7277400262124172,0.09040481999708243,0.06885368951468815,0.016233006953106328,0.0009597866559395501,0.0006065319343452503,100.0,0.0,63.3,3.333166662499792,1.05,0.21794494717703372,4.3,0.9539392014169458,0
938,0.730642413904558,0.09439728299585828,0.06843335366097872,0.017933402455745585,0.0009227012964318265,0.0006032308706758732,100.0,0.0,64.15,3.08666486681013,1.0,0.0,4.4,0.66332495807108,0
939,0.7290116554975953,0.09446577022796396,0.0692530095468467,0.01888922942509716,0.0008567831575456563,0.0006134269143827612,100.0,0.0,64.75,2.277608394786075,1.0,0.0,4.15,0.4769696007084728,0
940,0.7311940527579122,0.08791102623703631,0.06909118360286619,0.01733193467547202,0.0008335804042165715,0.0005077760868972194,100.0,0.0,63.25,2.947456530637899,1.0,0.0,4.2,0.7483314773547883,0
941,0.7297413263840185,0.08300588128078432,0.06845929336155028,0.01801171329323867,0.0008675196114486256,0.0004992325201741871,100.0,0.0,64.85,3.4391132578035286,1.1,0.3,4.0,0.7071067811865476,0
942,0.7305861859666483,0.07780172935801451,0.06889687933796552,0.017017886052417396,0.0008589278455458484,0.0005114576107694746,100.0,0.0,63.25,3.2996211903792836,1.05,0.21794494717703372,4.35,0.6538348415311012,0
943,0.7285575756438518,0.06865929924314094,0.06940153094825005,0.015584451394642151,0.0008615300833761174,0.0004768172353321392,100.0,0.0,63.3,2.6286878856189833,1.05,0.21794494717703372,4.4,0.8602325267042626,0
944,0.7233375103969946,0.06842133851724307,0.07034586984349109,0.01570183156651439,0.0009086104650265214,0.0004263471135119262,100.0,0.0,63.85,3.0866648668101306,1.1,0.3,4.2,0.6782329983125269,0
945,0.7274514934397363,0.07016293924864933,0.06974712221559932,0.015852064478788248,0.0008139345321015054,0.0003829260318916747,100.0,0.0,65.0,3.1304951684997055,1.05,0.21794494717703372,4.3,0.9539392014169458,0
946,0.7232349403316352,0.07238459936753273,0.07130606925801986,0.015739615867268505,0.0007770076799479165,0.0003312055634415846,100.0,0.0,63.5,2.9410882339705484,1.05,0.21794494717703372,4.05,0.6689544080129826,0
947,0.7238964153866656,0.07530853389078351,0.07021415206217385,0.015493026420988952,0.0008862412208313546,0.0003586324690662625,100.0,0.0,63.3,3.0182776545573144,1.075,0.23848480035423641,4.1,0.7681145747868608,0
948,0.7225975039327815,0.07522469483516614,0.07167394154608737,0.015186231434872233,0.0008111963845495894,0.0003281295988653418,100.0,0.0,62.4,2.4979991993593593,1.1,0.3,4.1,0.8306623862918076,0
949,0.7285663647147449,0.0720859068103363,0.07019013334469738,0.014414684018613622,0.0008361666508778399,0.0003930652815936363,100.0,0.0,62.7,3.536947836765479,1.05,0.21794494717703372,4.15,0.5722761571129799,0
950,0.7307033976680368,0.07381435370488645,0.068987469891518,0.014672091651829868,0.0008693141883748175,0.0004607730466345844,100.0,0.0,62.3,3.083828789021855,1.15,0.3570714214271425,4.2,0.6782329983125269,0
951,0.7322723226757848,0.07933758796421654,0.06828020819119912,0.015870572869893344,0.0008728241495269378,0.0005241210535031882,100.0,0.0,63.95,2.8013389655662877,1.0,0.0,4.45,1.0712142642814273,0
952,0.7367161072654383,0.08659273887094214,0.06683129279013131,0.017046466978258526,0.0008919548799598924,0.0005609755067905656,100.0,0.0,63.85,3.259984662540608,1.075,0.23848480035423641,4.15,0.5722761571129799,0
953,0.7343900395526666,0.09221267248185074,0.06658804646967856,0.01823198644252329,0.0009377970148284718,0.0006991679928860927,100.0,0.0,62.2,2.803569153775237,1.15,0.3570714214271425,4.4,0.7999999999999999,0
954,0.7367760661980352,0.09488713686851243,0.06614344417604365,0.020187387643612668,0.0009016909680344,0.0006346035250096824,100.0,0.0,63.35,2.9542342493444895,1.125,0.3112474899497183,4.35,1.061838029079765,0
955,0.7435309054999282,0.09534207143088097,0.06345498044356743,0.020975724388927936,0.0009472506705354075,0.0006909622999222509,100.0,0.0,63.8,3.0430248109405875,1.1,0.3,4.2,0.5099019513592784,0
956,0.7508438615801747,0.10222650556806008,0.06184099797070619,0.02296261992789631,0.0009305225419631413,0.0005637891560867025,100.0,0.0,63.55,2.6734808770589704,1.0,0.0,4.25,0.7664854858377946,0
957,0.7591032392773028,0.10553519124558591,0.05914208207126017,0.024318971949917126,0.0009511170267227176,0.0006604270495194578,100.0,0.0,63.65,2.4753787588973126,1.05,0.21794494717703367,4.2,0.7483314773547882,0
958,0.7587632959574667,0.103189244172906,0.05947142298196774,0.02460077374501235,0.0009318240434857047,0.0005485350193407394,100.0,0.0,63.75,2.5273503912200224,1.05,0.21794494717703372,4.55,0.8046738469715541,0
959,0.7618669574845593,0.10244216509930087,0.057735236335875705,0.024800898126813638,0.0009994752850821201,0.0006462163970220833,100.0,0.0,63.35,3.8765319552404045,1.1,0.3,4.25,0.698212002188447,0
960,0.7683104622843692,0.10966971403558064,0.056667548077643445,0.025530742679513153,0.0009578281239398754,0.0006595242170956128,100.0,0.0,62.55,2.7106272336859605,1.05,0.21794494717703372,4.3,0.8426149773176358,0
961,0.7795386200004961,0.10734936634577731,0.05534208786867989,0.024768524571678475,0.0008924080131825351,0.0005407313003443465,100.0,0.0,63.85,2.632014437650371,1.1,0.3,4.35,0.7262919523166975,0
962,0.7854034207525837,0.10414462271174817,0.05372895767759722,0.023732408510116505,0.0009165939341168174,0.00047048970274056283,100.0,0.0,62.9,2.0712315177207983,1.025,0.10897247358851683,4.15,0.6538348415311012,0
963,0.7966958109048539,0.10124857456719445,0.05166076505634322,0.023543846001582575,0.0008873777993556921,0.0004724133363743855,100.0,0.0,64.6,3.1208973068654466,1.1,0.3,4.1,0.7681145747868608,0
964,0.8053218465743687,0.09168144676945557,0.04988344955235871,0.02098541326816507,0.0009101793431780754,0.0004291466965738275,100.0,0.0,63.6,3.7067505985701277,1.1,0.3,4.4,0.9165151389911679,0
965,0.8090092217575892,0.08635788863312256,0.04950583231549653,0.01980480238835555,0.0009052692074292031,0.0003727877938429814,100.0,0.0,62.4,2.6907248094147422,1.1,0.3,4.1,0.7000000000000001,0
966,0.8214549058645984,0.07383627942142301,0.047129193750841986,0.017122930249944424,0.0009283845668649997,0.00036482665262763624,100.0,0.0,63.7,3.0512292604784714,1.075,0.23848480035423641,4.05,0.49749371855331004,0
967,0.8340999031338837,0.07003970092730907,0.04453001119510347,0.015934960330453708,0.000871303023116086,0.00037367417843025375,100.0,0.0,63.15,3.2291639784935047,1.05,0.21794494717703372,4.15,0.8529361054615991,0
968,0.8405284494370797,0.06878744904555506,0.04265308972963168,0.016126821646956984,0.0008514126065012282,0.0004085138703136037,100.0,0.0,62.5,2.3345235059857505,1.0,0.0,4.15,0.7262919523166976,0
969,0.8447517984152952,0.06438202375616302,0.04166605112626036,0.015349826716181167,0.0008418052571941956,0.00038221758762050614,100.0,0.0,63.25,2.56661255354212,1.05,0.21794494717703372,4.35,0.7262919523166976,0
970,0.8525174196061874,0.06077093949660232,0.040189230808469534,0.014360542245037636,0.000802635430730872,0.0003364586343149235,100.0,0.0,64.2,3.6414282912066254,1.075,0.23848480035423641,4.15,0.6538348415311009,0
971,0.8535264005092292,0.07035579850501243,0.040717642615716414,0.015079396561496382,0.0007733816949671006,0.0003425560432552983,100.0,0.0,62.85,2.9372606285449034,1.15,0.3570714214271425,4.4,0.66332495807108,0
972,0.8565661499370727,0.07129150416602423,0.039522965724439085,0.015210542415931757,0.0007633621684024427,0.0003350161876778825,100.0,0.0,64.15,3.070423423568808,1.025,0.10897247358851683,4.2,0.6782329983125268,0
973,0.8608173948594191,0.0689121516413589,0.03808775900805871,0.014398635438521323,0.0007794987082674471,0.0003418902850407141,100.0,0.0,62.5,2.819574435974337,1.025,0.10897247358851683,4.4,0.4898979485566356,0
974,0.8664215419045748,0.062022831869829737,0.0372782261033854,0.013052035615188319,0.0007611459455164007,0.0003599644107142476,100.0,0.0,64.3,2.7766886753829647,1.05,0.21794494717703372,4.2,0.8717797887081347,0
975,0.8696235960962986,0.05821601593640928,0.035900710150375534,0.012404629891309773,0.000779227529544756,0.00036393078755385914,100.0,0.0,63.5,2.5,1.05,0.2179449471770337,4.2,0.812403840463596,0
976,0.8739351301918642,0.050614051140241166,0.034864270067723455,0.010417454388477815,0.0007736431803593687,0.0003766350868607396,100.0,0.0,63.95,3.2167530212933664,1.0,0.0,4.4,0.7348469228349533,0
977,0.8730621737104185,0.04800538318725714,0.03518295774987844,0.010289460767372768,0.0007749136672328462,0.0004042256510379844,100.0,0.0,62.9,2.861817604250837,1.075,0.23848480035423641,4.45,0.5894913061275798,0
978,0.8766023393568414,0.04083829378466149,0.03435169245785989,0.010437087874030544,0.0007610592502735091,0.0003259597440057142,100.0,0.0,63.15,3.91503512117069,1.1,0.3,4.1,0.5385164807134504,0
979,0.8818442245149203,0.03812902143147351,0.03324845476455033,0.009960342563595917,0.0007302532893752043,0.00034058609666774107,100.0,0.0,63.6,3.8131351929875237,1.1,0.3,4.3,0.6403124237432849,0
980,0.8787902926356633,0.03561518719567238,0.03303397793205233,0.011130322456364479,0.0007688651368978261,0.0003550972892085626,100.0,0.0,62.85,2.495495942693556,1.1,0.3,4.3,0.9,0
981,0.8786899133793009,0.039164682998716095,0.03361674027684548,0.009969215101921648,0.0007635779452019664,0.00043422266081984286,100.0,0.0,63.85,2.706935536727833,1.075,0.23848480035423641,4.2,0.6,0
982,0.8839747548510525,0.03698623861147188,0.03352322226786099,0.01032294378650211,0.0006975660366360964,0.00034562166081099615,100.0,0.0,63.7,2.703701166919155,1.025,0.10897247358851683,4.35,0.7921489758877431,0
983,0.8898494875207256,0.036986035750996724,0.032442138453221,0.011104613861317083,0.0006439295540928375,0.0002939276668779524,100.0,0.0,63.0,3.0,1.125,0.3112474899497183,4.25,0.7664854858377946,0
984,0.8889807741432956,0.03730884705741311,0.03225295713379844,0.010734241005419694,0.0006845882098801715,0.0003471468840489074,100.0,0.0,63.2,3.171750305430741,1.05,0.21794494717703372,4.25,0.8874119674649424,0
985,0.8924201647627511,0.04056875899047415,0.032355958013393325,0.011356088053090548,0.0006170878663286376,0.0003185686962664335,100.0,0.0,63.15,3.0376800358168077,1.1,0.2549509756796392,4.0,0.4472135954999579,0
986,0.8939821523937692,0.03882871523376176,0.03143577279423564,0.012003433229656121,0.000624126378992371,0.0002941730648456594,100.0,0.0,64.6,4.042276586281548,1.1,0.3,4.0,0.5477225575051661,0
987,0.8956110605708367,0.03673387720816504,0.030264043718110034,0.013189250551666113,0.0006219233174705654,0.0002767459597768322,100.0,0.0,63.4,2.5961509971494343,1.1,0.3,4.35,0.7262919523166975,0
988,0.8975615332195839,0.03520892894878636,0.029216783412429743,0.012685840462049545,0.0006282670402810111,0.00026523086875288764,100.0,0.0,64.0,2.4289915602982237,1.0,0.0,4.1,0.7000000000000001,0
989,0.8950422260424482,0.039537523834791796,0.030697314720802792,0.013366624423179544,0.0006124334737799273,0.0002760647954832889,100.0,0.0,63.45,2.692118125194361,1.05,0.21794494717703372,4.35,0.7921489758877431,0
990,0.899336533621165,0.043386375368341536,0.029205787630393575,0.013873437626062421,0.0006236965646184078,0.0002968580708084927,100.0,0.0,62.95,2.1558061137310096,1.0,0.0,4.15,0.8529361054615991,0
991,0.9025845671275041,0.04228756952124041,0.02894006679478448,0.013872399921997677,0.0005672690855815044,0.0002692049486891733,100.0,0.0,63.3,3.333166662499792,1.075,0.23848480035423641,4.35,0.9096702699330127,0
992,0.9045753760543093,0.04266963050577592,0.028276633314918486,0.014201812808710374,0.0005608510092274241,0.000291227852086295,100.0,0.0,63.55,2.747271373563231,1.15,0.3570714214271425,4.3,0.714142842854285,0
993,0.9029870216299793,0.043030345378320366,0.02871037226378942,0.012974482192762109,0.0005862333444510057,0.00028484816073151326,100.0,0.0,63.65,3.305676935213119,1.0,0.0,4.35,0.9630680142129111,0
994,0.8988826671555818,0.04270749210941862,0.03024108425821965,0.013966774776089983,0.0005709939888182392,0.0002915375072650434,100.0,0.0,62.85,3.5110539728121526,1.125,0.3112474899497183,4.15,0.5722761571129799,0
995,0.8956979427138254,0.04292751718075866,0.029985487532827947,0.01514433137873318,0.0006110660284187376,0.0002913564801086219,100.0,0.0,64.0,3.605551275463989,1.025,0.10897247358851683,4.15,0.47696960070847283,0
996,0.8964432561568036,0.038126572456042215,0.02765543746948258,0.015708664822143125,0.0006551834798703678,0.0002885542454155764,100.0,0.0,63.2,3.2649655434629015,1.05,0.21794494717703372,4.25,0.5361902647381804,0
997,0.902918356385744,0.036140738522722655,0.02642791502056944,0.015263381760535096,0.0006207369470853808,0.0002467518071364268,100.0,0.0,63.5,1.8303005217723127,1.0,0.0,4.05,0.6689544080129826,0
998,0.9052775802245996,0.040394150046272906,0.026543117378259873,0.015778155840775843,0.0005960791652987094,0.0002538677102031206,100.0,0.0,62.7,3.874274125562103,1.1,0.3,4.15,0.5722761571129799,0
999,0.9107913208902213,0.03733259447829794,0.025134962662887533,0.014517223763988648,0.0005680878578536819,0.00028229859951485177,100.0,0.0,63.15,3.2446109165815247,1.025,0.10897247358851683,4.2,0.7483314773547883,0
