generation,mean_fitness_mean,mean_fitness_std,distance_from_optimum_mean,distance_from_optimum_std,phenotype_variance_mean,phenotype_variance_std,population_size_mean,population_size_std,n_parents_mean,n_parents_std,median_offspring_mean,median_offspring_std,max_offspring_mean,max_offspring_std,extinct_count
0,0.6735759407880908,0.033271908278429435,0.01715038281164811,0.0073814534167869995,0.004638958459681004,0.0006847424499837606,100.0,0.0,63.0,2.9154759474226504,1.15,0.3570714214271425,4.25,0.6224949798994366,0
1,0.7244556686191029,0.036577164717886614,0.024984815020831573,0.013427667814418709,0.0033616393329744336,0.0004962368258918678,100.0,0.0,63.8,1.9899748742132402,1.0,0.0,4.35,0.6538348415311012,0
2,0.7418114194802892,0.04848417071217446,0.03688679571658497,0.012875985006361269,0.002685853633876298,0.0005861307257269688,100.0,0.0,63.75,2.947456530637899,1.05,0.2179449471770337,4.05,0.4974937185533099,0
3,0.7357744306663425,0.06337089018049993,0.04970994784725813,0.014297526997033592,0.0021877687795378202,0.0005910768514477387,100.0,0.0,62.2,3.1080540535840107,1.125,0.3112474899497183,4.2,0.6782329983125269,0
4,0.7051711576632709,0.06061133955684116,0.06364038103437579,0.013696800318965684,0.0018728978809343523,0.00047181430319430775,100.0,0.0,63.1,2.3853720883753127,1.05,0.21794494717703372,4.2,0.9797958971132711,0
5,0.6583232519717533,0.07047027668629602,0.07801688095301612,0.015565270756339906,0.0016474623315510324,0.00043356458030269094,100.0,0.0,63.6,2.8530685235374214,1.05,0.21794494717703372,4.55,0.9733961166965892,0
6,0.6140371764198422,0.08748465634955696,0.08931924513834337,0.01695926304914205,0.0014688327753997665,0.0005556197977852027,100.0,0.0,63.55,2.4181604578687494,1.075,0.23848480035423641,4.15,0.6538348415311012,0
7,0.5605150688973297,0.10143009696353551,0.10097771245659815,0.018966119027623136,0.0012322067395581504,0.0005134612490577653,100.0,0.0,64.05,2.9744747435471695,1.05,0.2179449471770337,4.0,0.5477225575051661,0
8,0.4954824352645848,0.10791949605572053,0.11445683688388264,0.01977764346883728,0.001021960456974258,0.0004977042610006324,100.0,0.0,64.25,2.118372016431486,1.025,0.10897247358851683,4.3,0.9,0
9,0.42342618376492797,0.1108838614279966,0.12894200917675222,0.02041865773182408,0.0009906400307454766,0.0005380476536304678,100.0,0.0,63.7,2.5317977802344327,1.025,0.10897247358851683,4.4,0.9695359714832658,0
10,0.3514137941446476,0.11304800134855593,0.14471049366808902,0.022592672968137436,0.0009391150292352969,0.0004696358526223557,100.0,0.0,63.1,2.681417535558384,1.125,0.3112474899497183,4.25,0.698212002188447,0
11,0.2904746038420124,0.10593854737312727,0.15866069131073884,0.023628221209825787,0.0009546992933489697,0.0004286146586274304,100.0,0.0,64.7,2.3473389188611007,1.0,0.0,4.25,1.0428326807307104,0
12,0.24985555479173524,0.09891704525492162,0.16906436446151046,0.025111817112377484,0.0010633957253170286,0.0005906391911073697,100.0,0.0,63.15,3.902242944769072,1.2,0.3674234614174767,3.95,0.49749371855331004,0
13,0.23687577778661587,0.11225700600434123,0.1749592397047701,0.028342795070362633,0.0011745684033569622,0.0008481746254159011,100.0,0.0,62.4,3.916631205513228,1.15,0.3570714214271425,4.45,0.5894913061275798,0
14,0.24438061718025866,0.1471449911170369,0.17365551636672286,0.033974809413751736,0.0008883265148898449,0.0005125247587998405,100.0,0.0,62.5,3.427827300200522,1.075,0.23848480035423641,4.15,0.6538348415311012,0
15,0.21506593257689607,0.1286309651041648,0.182659877935841,0.03416609454896039,0.0007768961723635795,0.0005528249882560751,100.0,0.0,62.7,2.8653097563788807,1.1,0.2549509756796392,4.4,0.6633249580710799,0
16,0.20645129024831615,0.1040335731661495,0.18408931623615835,0.028661606632536123,0.0008456752150135227,0.000566317315585073,100.0,0.0,64.15,3.2905166767545793,1.05,0.21794494717703372,4.0,0.8366600265340756,0
17,0.1956705615734254,0.09384243390446541,0.1859354310681472,0.02512503445617902,0.0008620672491714847,0.0006288699727157294,100.0,0.0,63.65,2.5937424698685874,1.05,0.21794494717703372,3.85,0.3570714214271425,0
18,0.17331539806359889,0.0954107855116031,0.19422741837365426,0.028576538655293415,0.0006410201729779334,0.0006210527451778837,100.0,0.0,63.75,2.662235902394827,1.05,0.21794494717703372,4.2,0.8717797887081348,0
19,0.16886804419722276,0.09329695659095275,0.1948908200377694,0.026870375506747958,0.000825600647004727,0.0006346965681271477,100.0,0.0,63.1,3.766961640367472,1.1,0.3,4.4,0.6633249580710799,0
20,0.17042137839232913,0.10253129920396123,0.19329343460713755,0.027578558719160325,0.0011552130275588094,0.0013369007486982744,100.0,0.0,62.36842105263158,2.5589991118196247,1.0,0.0,4.2631578947368425,0.6359497880839248,1
21,0.16202167700529588,0.09518147918839266,0.1974285033112844,0.028291383274963545,0.0007237860847618654,0.0006207572324175015,100.0,0.0,64.52631578947368,2.6231443777636025,1.0263157894736843,0.11164843913471802,4.157894736842105,0.6698906348083082,1
22,0.1543737816431295,0.08727021435470148,0.19946117950304482,0.027724933113778525,0.0006285670583004244,0.0005027733060027876,100.0,0.0,64.21052631578948,3.349453174041541,1.0,0.0,4.052631578947368,0.6862318321265947,1
23,0.1531454619714761,0.07033186386172503,0.19802820730537044,0.02309816056092923,0.0009113396196292849,0.0007760413707005095,100.0,0.0,63.36842105263158,3.247841814850845,1.105263157894737,0.30689220499185793,4.421052631578948,0.815364914991035,1
24,0.1559280333997072,0.07836843079419788,0.19753391548822746,0.0263859984749449,0.0008552748203871975,0.0008546555622702649,100.0,0.0,62.10526315789474,2.074779299413371,1.105263157894737,0.30689220499185793,4.421052631578948,0.8153649149910351,1
25,0.17364511279609932,0.11988984811161815,0.1946172790962054,0.03242789177986064,0.0007791365223703154,0.0006637682687362838,100.0,0.0,63.94736842105263,2.605130246476754,1.0526315789473684,0.22329687826943603,4.157894736842105,0.7443229275647869,1
26,0.17278855849689573,0.11672138940373929,0.19539197119919913,0.031258142586317504,0.0007256891786852178,0.0005140132780436951,100.0,0.0,64.0,2.4279079146675357,1.0,0.0,4.052631578947368,0.6046908048987398,1
27,0.17052279741179327,0.09694230724672566,0.19378333762409786,0.02702817780336401,0.0008258155252876425,0.0006167596374297198,100.0,0.0,62.89473684210526,1.888879836308038,1.0,0.0,4.2631578947368425,0.7841928645132284,1
28,0.1611812098103802,0.088624911128083,0.19654453246093018,0.02627664929999044,0.0006834222614011745,0.0005200475635825974,100.0,0.0,63.10526315789474,2.7317766889181008,1.0789473684210527,0.24404259198672906,4.052631578947368,0.5102820902543503,1
29,0.15739706576383353,0.07927419153511477,0.19727330414257316,0.024109158627723778,0.0008291436843810675,0.0004248519581269632,100.0,0.0,63.526315789473685,3.250399506662002,1.0,0.0,4.421052631578948,0.8153649149910351,1
30,0.1529274611294209,0.06565209585944964,0.19673062852748752,0.01925394146027345,0.001104659375508729,0.0009352010774617452,100.0,0.0,64.0,2.6950246556825492,1.0526315789473684,0.22329687826943603,4.2631578947368425,0.6359497880839248,1
31,0.152815393240924,0.080947726769602,0.19856053083017242,0.024121322753240915,0.0008145476732256914,0.0005207246960304475,100.0,0.0,62.78947368421053,3.0535388851284817,1.0526315789473684,0.15344610249592894,4.157894736842105,0.8119604537127112,1
32,0.13623878878863235,0.06463495411646614,0.2046464488012273,0.023520473009467115,0.0006256855125931063,0.00032662547303912635,100.0,0.0,62.89473684210526,2.6733526524632194,1.0526315789473684,0.22329687826943603,4.052631578947368,0.6046908048987398,1
33,0.13019880957738428,0.041511704095170854,0.2039410868219731,0.015329658328166811,0.0007056261007959974,0.00042111669744729493,100.0,0.0,63.8421052631579,3.9237892251822735,1.0,0.0,4.052631578947368,0.8869631340185641,1
34,0.12402062723196763,0.04458998736428851,0.20751482952257977,0.01699456342566906,0.0007399908402841506,0.0005947082725518272,100.0,0.0,63.0,3.4792618696922966,1.0789473684210527,0.24404259198672906,4.315789473684211,0.7292845505553167,1
35,0.13290171172669837,0.05491609596528445,0.20513435347220627,0.018120906970493164,0.0009590901789004562,0.0005276718864020264,100.0,0.0,63.78947368421053,3.3651299711885856,1.0789473684210527,0.24404259198672903,4.105263157894737,0.4465937565388721,1
36,0.14140024160486822,0.07430657424789172,0.20270412576813324,0.024669782011990906,0.000755241621416625,0.0005177344712090251,100.0,0.0,63.26315789473684,2.899039863983245,1.105263157894737,0.30689220499185793,4.368421052631579,0.8085416576703798,1
37,0.1275082146918762,0.060947073084736215,0.20689214003699424,0.021612441595718138,0.0005925852981729477,0.00043297182973189526,100.0,0.0,63.68421052631579,2.8107431416460393,1.131578947368421,0.31797489404196244,4.315789473684211,0.7292845505553167,1
38,0.1272757030570377,0.057609007474608204,0.20782839654400934,0.018396766827346932,0.0006273668621966388,0.0007660490148948105,100.0,0.0,63.72222222222222,2.940248582755387,1.0,0.0,4.277777777777778,0.6502611061510902,2
39,0.14439274353780562,0.1114516085284801,0.20474312189760188,0.02924076476545706,0.0005824626138567815,0.00043662014227495476,100.0,0.0,63.111111111111114,2.1829869671542776,1.0277777777777777,0.1145307118227128,4.166666666666667,0.6009252125773316,2
40,0.14830622013085265,0.0840166343100929,0.20001141158051527,0.0246084959781171,0.0005506617358649774,0.0005241985192077925,100.0,0.0,64.38888888888889,3.147113119615233,1.0277777777777777,0.1145307118227128,3.8333333333333335,0.6009252125773314,2
41,0.1304843978642136,0.05697929479931115,0.20443534030994492,0.01786995291213392,0.0005842078458214075,0.000479319003387635,100.0,0.0,63.55555555555556,2.47705520106755,1.0,0.0,4.055555555555555,0.7049209744694178,2
42,0.12205695157570112,0.05679798262549141,0.21059968133938373,0.018837410675578113,0.000666933588921264,0.000588722949004015,100.0,0.0,63.0,3.711842908553348,1.0277777777777777,0.1145307118227128,4.166666666666667,0.8333333333333334,2
43,0.17475837760961363,0.11697026671723848,0.19352601132813482,0.029985190372181544,0.0007912554084629586,0.0007342284864615995,100.0,0.0,63.22222222222222,3.675074535231384,1.0555555555555556,0.2290614236454256,4.333333333333333,0.9428090415820634,2
44,0.16496696711613026,0.10492328184760445,0.19552123889071865,0.02936776241717895,0.0006758196456003633,0.0005718647151970357,100.0,0.0,64.27777777777777,3.6025539637496613,1.0555555555555556,0.2290614236454256,4.111111111111111,1.0482201257840669,2
45,0.1492067473940443,0.10723864955144735,0.20227513136955108,0.031633153389533035,0.0007521110928893628,0.0006756083181192532,100.0,0.0,63.888888888888886,3.364667539939272,1.0555555555555556,0.2290614236454256,4.333333333333333,0.6666666666666666,2
46,0.1579330679262225,0.09762989349265379,0.1972854398586777,0.0282614241953288,0.0011481313674857234,0.00091875841270641,100.0,0.0,63.888888888888886,2.401131420552701,1.0277777777777777,0.1145307118227128,4.055555555555555,0.6211299937499416,2
47,0.18555840348692423,0.11762897742645055,0.1911874441813943,0.03335700001373491,0.0011019070680978547,0.0007186569345654974,100.0,0.0,62.833333333333336,3.4840908267278126,1.0833333333333333,0.25,4.277777777777778,0.8031573497111644,2
48,0.2138108630582504,0.15295926392270143,0.1838107160439092,0.03734145155632874,0.000915087999217676,0.0005943163613102668,100.0,0.0,63.5,3.3870669054835956,1.0555555555555556,0.2290614236454256,4.055555555555555,0.5241100628920335,2
49,0.21137607953562956,0.13479215542157597,0.18335139073307616,0.03534625307569116,0.0008365656155258437,0.0004818630657994575,100.0,0.0,63.27777777777778,2.7649704751398447,1.0555555555555556,0.2290614236454256,4.055555555555555,0.6211299937499416,2
50,0.21189284146375473,0.11580407520388761,0.18232716006180594,0.03128695550656804,0.0009391175380849463,0.00044621329944232786,100.0,0.0,64.11111111111111,2.806517986736686,1.0555555555555556,0.15713484026367724,4.055555555555555,0.8480187512485416,2
51,0.21823671211094134,0.10244375140671824,0.1783729980826224,0.026703277577302193,0.0009622206764059801,0.0006805805185990634,100.0,0.0,62.388888888888886,3.9600629749326086,1.1388888888888888,0.32513055307554517,4.555555555555555,0.5983516452371671,2
52,0.21543805294774132,0.11898081057471385,0.1791201426218572,0.028946658209096858,0.0009686464325993312,0.0006594085421256588,100.0,0.0,64.5,3.4034296427770228,1.0,0.0,4.5,1.0137937550497031,2
53,0.19859638582059835,0.1288540085067607,0.18628981840585535,0.033152666553011925,0.0009360203076040025,0.0005603884016061302,100.0,0.0,63.111111111111114,2.401131420552701,1.0555555555555556,0.2290614236454256,4.333333333333333,0.4714045207910317,2
54,0.19489681925602678,0.13699305328125758,0.1876695894290869,0.03319236765251834,0.0010726063075450734,0.0008389975020551967,100.0,0.0,62.94444444444444,3.3907098932593622,1.0833333333333333,0.24999999999999997,4.555555555555555,0.5983516452371671,2
55,0.19864080819976232,0.14873750920806617,0.18740429101778106,0.036793228594914046,0.001184360428896525,0.0011312203094631717,100.0,0.0,64.11111111111111,3.7251232476089355,1.0555555555555556,0.2290614236454256,4.055555555555555,0.6211299937499416,2
56,0.19767465636662018,0.1388692511591962,0.1873163887218784,0.035981635019975006,0.0009156142301752986,0.0011201943897148005,100.0,0.0,63.5,3.0595932917809696,1.0,0.0,3.9444444444444446,0.4044505494044732,2
57,0.18068699288341272,0.11632396740661653,0.1908026792593854,0.031848799154142064,0.0010299887982319785,0.0008425290670995576,100.0,0.0,62.111111111111114,3.2979604621457406,1.0833333333333333,0.24999999999999997,4.333333333333333,0.5773502691896257,2
58,0.17241386988981303,0.10983928080073334,0.1932306974852277,0.031492418771508685,0.0010298392774418022,0.001038826490757724,100.0,0.0,63.22222222222222,2.9355210696939795,1.0833333333333333,0.24999999999999997,4.166666666666667,0.6009252125773316,2
59,0.1750426294769164,0.1024111728996227,0.19167072653546444,0.028046070299628762,0.001200345802736787,0.0007830852090062865,100.0,0.0,62.888888888888886,2.401131420552701,1.0555555555555556,0.2290614236454256,4.388888888888889,0.7556372504853024,2
60,0.17886515303010952,0.10216667085255059,0.18994826281966015,0.02686963487116524,0.0010335107976923085,0.0007507355436229885,100.0,0.0,64.16666666666667,2.5440562537456244,1.0555555555555556,0.2290614236454256,4.166666666666667,0.6009252125773316,2
61,0.17477725976309563,0.09522378405335973,0.19126787782014723,0.025769621638643103,0.000717320551853966,0.0004808239590076066,100.0,0.0,63.72222222222222,2.940248582755387,1.0555555555555556,0.2290614236454256,4.111111111111111,0.5665577237325317,2
62,0.1729833862707458,0.0890695601537757,0.19283027497305605,0.02458722157400591,0.0009234015245396164,0.0007914742762139444,100.0,0.0,63.72222222222222,2.764970475139845,1.0555555555555556,0.2290614236454256,4.055555555555555,0.7049209744694178,2
63,0.20540682512637917,0.14670677683777353,0.18510418173088772,0.03450547584541088,0.000807964110208563,0.000587198156426887,100.0,0.0,61.833333333333336,2.4776781245530843,1.1111111111111112,0.3142696805273545,4.5,1.118033988749895,2
64,0.20293652401511805,0.16265200789450251,0.1867465748018854,0.03722044386897234,0.000843070070184616,0.0004274814136184053,100.0,0.0,63.333333333333336,3.448026810929534,1.0,0.0,4.166666666666667,0.6871842709362768,2
65,0.2057422801480018,0.15686697675416,0.1856329224032569,0.03663437666796374,0.0009667032389311185,0.0004368061876850469,100.0,0.0,63.94444444444444,2.8765763257776924,1.0,0.0,4.333333333333333,0.8819171036881968,2
66,0.20592218283846375,0.14308547153054105,0.18512586417901095,0.03431527512451768,0.0009513448957487749,0.0008076873706918932,100.0,0.0,63.166666666666664,2.5440562537456244,1.1111111111111112,0.3142696805273545,4.055555555555555,0.7797593804232335,2
67,0.20804817653444457,0.1323113931305739,0.18428404857575476,0.03410224769763024,0.001089966409917725,0.00103175846172442,100.0,0.0,62.22222222222222,3.705184889007348,1.1111111111111112,0.3142696805273545,4.111111111111111,0.5665577237325317,2
68,0.21618858909888122,0.10360766759364945,0.17938872891582344,0.027415485787146976,0.0009497546392995702,0.0007763220203448655,100.0,0.0,62.666666666666664,2.160246899469287,1.0833333333333333,0.24999999999999997,4.277777777777778,0.558326423395605,2
69,0.21115137346257956,0.09982752196678406,0.18125070639193944,0.027925763648455167,0.0006314333255796441,0.0003928329505449924,100.0,0.0,63.44444444444444,2.1140330656044943,1.0555555555555556,0.2290614236454256,3.9444444444444446,0.6211299937499416,2
70,0.20276517080487683,0.08977641566161597,0.18240748407028298,0.025291552987432867,0.0008512133922398349,0.0006948406380292406,100.0,0.0,65.27777777777777,2.8442057191489347,1.0,0.0,4.0,0.7453559924999299,2
71,0.20229160637503762,0.08803234734177566,0.18378979407756735,0.025680016953987004,0.0009324001394188668,0.0006953086446694541,100.0,0.0,63.94444444444444,2.1723571995574615,1.0,0.0,4.166666666666667,0.7637626158259734,2
72,0.21593866955194563,0.10767360701449641,0.1815880134490087,0.02904911257270792,0.001160326683953813,0.0007735571925525708,100.0,0.0,63.611111111111114,2.8114624286399987,1.0833333333333333,0.25,4.166666666666667,0.7637626158259734,2
73,0.24897223179014055,0.15064053824104148,0.17281484043319162,0.034610344732214145,0.001122760728290742,0.0007845731689347684,100.0,0.0,63.166666666666664,2.733536577809454,1.1111111111111112,0.3142696805273545,4.555555555555555,0.8314794192830981,2
74,0.2663468380556891,0.17749391457661487,0.16818719920478953,0.04092105881086145,0.001040254050742077,0.0007496376096516211,100.0,0.0,63.611111111111114,1.947616460328678,1.1388888888888888,0.32513055307554517,4.166666666666667,0.6009252125773316,2
75,0.2773970270190666,0.1750981903370009,0.1659901290065114,0.03958135385472038,0.0011199845580699944,0.0006567360623013279,100.0,0.0,63.333333333333336,2.4944382578492945,1.1666666666666667,0.3726779962499649,4.333333333333333,0.7453559924999299,2
76,0.29546908950292083,0.16631618199452416,0.16029894463130354,0.03671083484915901,0.001382518822854065,0.001077946290808424,100.0,0.0,63.5,2.891558595482912,1.1388888888888888,0.32513055307554517,4.0,0.4714045207910317,2
77,0.3300840306879265,0.17890928017278554,0.1530336888156277,0.03766955848364349,0.0010120325196314429,0.0006012029926012221,100.0,0.0,62.55555555555556,2.586765939293959,1.0277777777777777,0.1145307118227128,4.444444444444445,0.8314794192830981,2
78,0.33215152008313803,0.17919436608601966,0.1530561750551574,0.03781140787681546,0.000876198282601058,0.0005356847484508996,100.0,0.0,63.888888888888886,3.0164159912218285,1.0833333333333333,0.24999999999999997,4.222222222222222,0.7114582486036499,2
79,0.3297795513040639,0.17136806258006296,0.15416850153254028,0.03857895115855507,0.0007842832209088976,0.0005810831907086977,100.0,0.0,62.333333333333336,3.815174380753199,1.0277777777777777,0.1145307118227128,4.277777777777778,0.6502611061510902,2
80,0.33316666080340057,0.17985299850278155,0.1537125386292815,0.04006497200864417,0.0007861375544859556,0.0005356811210102988,100.0,0.0,62.5,3.8333333333333335,1.0555555555555556,0.2290614236454256,4.0,0.4714045207910317,2
81,0.32654240430105375,0.18030130137485578,0.15499861557680464,0.03918207023436489,0.0008165027398341678,0.0004541327624936762,100.0,0.0,62.833333333333336,2.6299556396765835,1.0,0.0,4.555555555555555,0.49690399499995325,2
82,0.3311379757603142,0.18379579739938606,0.15326960180867866,0.03861062683688782,0.0008801120813816203,0.000538732708053817,100.0,0.0,63.44444444444444,3.2183885239911643,1.0277777777777777,0.1145307118227128,4.277777777777778,0.9891385452647142,2
83,0.32452661346071604,0.16794730000431937,0.15450785621907007,0.03649192187118073,0.0009477152812821744,0.0006238073832421382,100.0,0.0,62.611111111111114,3.318950451387521,1.0,0.0,4.5,0.6871842709362768,2
84,0.3228183690768148,0.13987854829935845,0.15311256760806224,0.0312928473419044,0.0010380469846588583,0.0006505596942147256,100.0,0.0,64.33333333333333,2.6874192494328497,1.0277777777777777,0.1145307118227128,4.111111111111111,0.8089010988089465,2
85,0.3235022286740034,0.12309409713605526,0.1510957414864359,0.02766196086011483,0.0011484243299670022,0.000606443661784241,100.0,0.0,62.05555555555556,3.239894069294074,1.1388888888888888,0.32513055307554517,4.388888888888889,0.8906233078822998,2
86,0.33575594297947275,0.1240448861899404,0.1475781215398152,0.028153126940235477,0.0013524786514918122,0.0007768205911131326,100.0,0.0,64.44444444444444,3.059088866208045,1.0,0.0,4.222222222222222,1.0304020550550783,2
87,0.3530731320570207,0.1499130128209111,0.14447226642401126,0.03311216637708247,0.0013852755812931456,0.0007309543265394447,100.0,0.0,62.888888888888886,2.8262438537726453,1.0,0.0,4.277777777777778,0.7307192465536614,2
88,0.3773070823417131,0.1745617818450293,0.13992387966914432,0.03662919367934804,0.0012454272533517793,0.0007703576821044721,100.0,0.0,63.55555555555556,3.1130946058048665,1.0,0.0,4.222222222222222,0.7114582486036499,2
89,0.3899148707931765,0.17692427083578838,0.1371321166043945,0.03690411145175643,0.0012846991291639398,0.0008702257709904269,100.0,0.0,64.22222222222223,2.4393887111222385,1.0555555555555556,0.2290614236454256,4.222222222222222,0.7856742013183862,2
90,0.4100065745460679,0.17585654571907816,0.13249895995622094,0.036611931291054646,0.0012589588460717456,0.0009854900899215382,100.0,0.0,64.88888888888889,2.9979416807182315,1.0,0.0,4.0,0.816496580927726,2
91,0.4150108111825013,0.16656056685081988,0.13183369282511592,0.03467508437330462,0.0012421388806377323,0.001091839206696334,100.0,0.0,62.05555555555556,3.9926630241846555,1.2222222222222223,0.3808697000222802,4.277777777777778,0.8695819912499182,2
92,0.43910608582624044,0.17501635376426816,0.1267009598214508,0.038813191574297676,0.001216343061670593,0.0008935317734790376,100.0,0.0,63.27777777777778,3.2796604762545423,1.0277777777777777,0.1145307118227128,4.388888888888889,0.6781419786518723,2
93,0.46012097574738775,0.18613223060203854,0.12224290847755058,0.038994711320169045,0.001164281188485018,0.0005929545916691069,100.0,0.0,64.88888888888889,2.922876986214646,1.0555555555555556,0.2290614236454256,4.111111111111111,0.87488976377909,2
94,0.4722637283901179,0.1849765364384758,0.1193705292500752,0.03857489046844987,0.0009984189537271136,0.0005500662128723944,100.0,0.0,62.388888888888886,3.129410467890591,1.0555555555555556,0.2290614236454256,4.555555555555555,0.5983516452371671,2
95,0.4759327679860388,0.17701531980796673,0.11843241246516609,0.03803066850402368,0.0010017515424081682,0.0005221185002274529,100.0,0.0,63.611111111111114,2.751542777119954,1.0,0.0,4.222222222222222,0.5328701692569688,2
96,0.4870964162231625,0.17755803831502234,0.117445717975031,0.036659437594157455,0.0008900220898016876,0.0005058060999996481,100.0,0.0,64.0,3.34995854037363,1.0833333333333333,0.24999999999999997,4.055555555555555,0.6211299937499416,2
97,0.48397730015094503,0.1675007708847818,0.11907468916083122,0.033354275613637845,0.0009640376873244795,0.0006077263442855111,100.0,0.0,63.72222222222222,3.524604872347089,1.1666666666666667,0.3726779962499649,4.444444444444445,0.7617394000445604,2
98,0.4924370024893771,0.15326919155995475,0.11749497410565606,0.030172595510863088,0.0010379716043955724,0.0007309358106875757,100.0,0.0,63.388888888888886,2.791632116978025,1.1111111111111112,0.2664350846284844,4.277777777777778,0.8031573497111645,2
99,0.5392918385059388,0.13705417676136306,0.1075555583874499,0.026729176513325594,0.0011315559181206154,0.000783020099332859,100.0,0.0,62.388888888888886,3.268348017796162,1.2222222222222223,0.41573970964154905,4.166666666666667,0.7637626158259734,2
100,0.5665958127808833,0.13435848067543837,0.10173764840210998,0.025142182620365994,0.001081696690793778,0.0008367907469163698,100.0,0.0,64.05555555555556,2.9149465827433123,1.0,0.0,4.166666666666667,0.8333333333333334,2
101,0.5799216823315024,0.13667792739807466,0.09898410422793914,0.02596100195708627,0.000911475987201236,0.0006078762235328132,100.0,0.0,64.66666666666667,1.9720265943665387,1.0277777777777777,0.1145307118227128,4.111111111111111,0.8089010988089465,2
102,0.5848582987449373,0.13418167899092198,0.09732283799830063,0.025302673245028606,0.0009687765626906405,0.0005813395280251602,100.0,0.0,63.94444444444444,3.4876324701598906,1.0555555555555556,0.2290614236454256,3.8333333333333335,0.6009252125773314,2
103,0.5909833239859442,0.1261092678570309,0.09654958538466481,0.023871612104360403,0.0009103002469527232,0.0006615212477138683,100.0,0.0,64.11111111111111,3.1952897432329794,1.0555555555555556,0.2290614236454256,4.166666666666667,0.6009252125773316,2
104,0.5863148181772808,0.11822921505942853,0.09747910612018963,0.02240616929139208,0.0009317694128081366,0.0006917517622519936,100.0,0.0,64.27777777777777,3.7535990959130823,1.1666666666666667,0.37267799624996495,4.277777777777778,0.6502611061510903,2
105,0.5894780275133402,0.12030764734015754,0.09715592909712582,0.023513886500099036,0.000899643362567144,0.0005663981779224294,100.0,0.0,64.05555555555556,2.344549760667688,1.0555555555555556,0.2290614236454256,4.0,0.816496580927726,2
106,0.595681050256935,0.11003459196218772,0.095631830840935,0.020605551647972058,0.0009586284544308791,0.0005568407303577513,100.0,0.0,62.27777777777778,1.7576991132840416,1.0555555555555556,0.2290614236454256,4.388888888888889,0.6781419786518723,2
107,0.6119787836349233,0.11184112340592887,0.09278542157744887,0.020380386310260675,0.0009490402869478565,0.0005261423342719719,100.0,0.0,64.22222222222223,3.749897117930268,1.0,0.0,4.166666666666667,0.5,2
108,0.6378685199663059,0.10509767660041965,0.08708638389583437,0.019052866305072903,0.0010032922478546067,0.0006568909099411807,100.0,0.0,62.611111111111114,3.2341732395173075,1.0277777777777777,0.1145307118227128,4.277777777777778,0.558326423395605,2
109,0.6468991147602003,0.11337700903565165,0.08556869146011808,0.020593551287135005,0.0009354758357534574,0.0007224464642255767,100.0,0.0,61.77777777777778,2.6782157318208775,1.0277777777777777,0.1145307118227128,4.555555555555555,1.11665284679121,2
110,0.6549342671102629,0.109439158654735,0.08374179020656422,0.020759587618223267,0.0009183061560417824,0.0006103758190165707,100.0,0.0,63.833333333333336,2.7738861628488736,1.0555555555555556,0.2290614236454256,4.111111111111111,0.7370277311900888,2
111,0.6608226028301388,0.11037267517215948,0.08235561029632216,0.02203927055564266,0.0009298240487478202,0.0005132127375566797,100.0,0.0,63.22222222222222,3.5048467323527785,1.0277777777777777,0.1145307118227128,4.166666666666667,0.8333333333333334,2
112,0.670166903446185,0.11468807582585222,0.08081594699791358,0.022173658885859586,0.000853748861897144,0.00044004578591521455,100.0,0.0,64.27777777777777,3.105649968749708,1.0555555555555556,0.2290614236454256,4.277777777777778,0.8031573497111644,2
113,0.6710646213266961,0.1152247931882867,0.0793559234977081,0.02267573347944233,0.0009437561615380565,0.0006384178666383408,100.0,0.0,63.05555555555556,2.8571979712497315,1.1388888888888888,0.32513055307554517,4.277777777777778,0.6502611061510903,2
114,0.6810051846827672,0.11814370166778182,0.07756246356450991,0.023893477769006768,0.0009329811885125135,0.0006668021802939079,100.0,0.0,63.333333333333336,3.144660377352201,1.0555555555555556,0.2290614236454256,4.388888888888889,0.7556372504853024,2
115,0.6890111904067959,0.1138568617915344,0.0760393357219509,0.02311321808014696,0.0009069052885050664,0.0006246263856699547,100.0,0.0,64.05555555555556,2.5270145367875907,1.0277777777777777,0.1145307118227128,4.555555555555555,1.0122703976826999,2
116,0.6993486433220281,0.112051475505723,0.07338126804569696,0.023551805324881183,0.000937671788281288,0.0004998710812557673,100.0,0.0,63.44444444444444,2.852332811776319,1.0833333333333333,0.25,4.166666666666667,0.6009252125773316,2
117,0.7098359632869425,0.10628905541886292,0.07047458031562653,0.02266510506532795,0.0010258140754464383,0.0004591904488584942,100.0,0.0,63.611111111111114,3.039350970353318,1.0555555555555556,0.2290614236454256,4.111111111111111,0.4581228472908512,2
118,0.7276472987224923,0.09904066240443209,0.06705846844960893,0.019886634137027206,0.0010488121159144006,0.0004816485373357144,100.0,0.0,63.833333333333336,3.253203549323856,1.0833333333333333,0.24999999999999997,4.0,0.6666666666666666,2
119,0.7384083250227366,0.09418875632072292,0.06420626545707492,0.018985050019471338,0.001070781825150577,0.0006576772105370845,100.0,0.0,62.77777777777778,2.1487866228681907,1.0277777777777777,0.1145307118227128,4.166666666666667,0.7637626158259734,2
120,0.7618130604239917,0.07748580080544112,0.059282163792110563,0.017639507497099485,0.0010411343665907645,0.0005488024242683024,100.0,0.0,63.166666666666664,3.2360813064912666,1.0833333333333333,0.25,4.055555555555555,0.6211299937499416,2
121,0.7726123068268946,0.07486659619991241,0.05707585902733411,0.01718809551764821,0.0010150783194545104,0.0006133254148452386,100.0,0.0,62.94444444444444,2.634645711417639,1.0,0.0,4.444444444444445,0.5983516452371671,2
122,0.7827967492874242,0.06913819629063393,0.054695785420229875,0.017657199318631443,0.000986018296142434,0.0005978226095222152,100.0,0.0,63.888888888888886,2.0245407953653993,1.0277777777777777,0.1145307118227128,4.055555555555555,0.6211299937499416,2
123,0.7937448427259937,0.07036132703710915,0.05220370362388543,0.019695769325048906,0.0009140239066688818,0.000495862074168569,100.0,0.0,62.77777777777778,3.720148676174046,1.1111111111111112,0.3142696805273545,4.222222222222222,0.5328701692569688,2
124,0.8061956540496721,0.07113901408512853,0.04925160330218281,0.02051017006400396,0.0008741585180337021,0.000506035899484297,100.0,0.0,64.27777777777777,3.8558117109912518,1.1388888888888888,0.32513055307554517,4.0,0.6666666666666666,2
125,0.8146631008862697,0.07118786314610605,0.04667404628432561,0.020663174996587166,0.0008714664133673147,0.0005493965689120385,100.0,0.0,62.888888888888886,3.446236093171294,1.1666666666666667,0.3726779962499649,3.9444444444444446,0.8480187512485415,2
126,0.8181470214897972,0.06959415304238101,0.0461809139882822,0.02047149557823378,0.0008486433962736952,0.0005105437847204819,100.0,0.0,63.166666666666664,3.7155828016013257,1.1111111111111112,0.3142696805273545,4.111111111111111,0.7370277311900888,2
127,0.8187065890140712,0.07002086538965512,0.04602409051474185,0.019976814915926757,0.000876187188322919,0.0005339265370687372,100.0,0.0,63.388888888888886,3.3356473449506834,1.0833333333333333,0.24999999999999997,3.9444444444444446,0.5241100628920335,2
128,0.8314648420827379,0.08165024178494608,0.0431652533730468,0.021715720700504232,0.000823648346298104,0.0004379655387169889,100.0,0.0,63.77777777777778,2.9543857334018515,1.0,0.0,4.111111111111111,0.6573421981221795,2
129,0.8450190856305172,0.0785785969746908,0.03972337163912989,0.021258723576414725,0.0007973659469874754,0.00040099016477538344,100.0,0.0,63.833333333333336,1.9507833184532706,1.0,0.0,4.444444444444445,0.5983516452371671,2
130,0.8528815050199706,0.08039262882698518,0.03796285712052776,0.02051413224137239,0.0007926704420692387,0.00030709705531653314,100.0,0.0,62.666666666666664,2.472066162365221,1.0555555555555556,0.2290614236454256,4.277777777777778,0.8031573497111645,2
131,0.8643038019021176,0.0683172886783501,0.03583793384512801,0.018317518165825823,0.0007484826927302859,0.00026358153417358886,100.0,0.0,64.33333333333333,2.7688746209726918,1.0,0.0,4.222222222222222,0.7856742013183862,2
132,0.8770849589453463,0.06033009024058845,0.031093374196386643,0.017294395171476254,0.0007659783089291471,0.000300526058053349,100.0,0.0,62.611111111111114,2.584975583140409,1.0277777777777777,0.1145307118227128,4.611111111111111,0.8258927081843613,2
133,0.8852750769338795,0.05698469918597523,0.02707607113435076,0.017146027945014564,0.0007837835785086386,0.00030162683142875184,100.0,0.0,63.72222222222222,3.1588597724065557,1.0555555555555556,0.2290614236454256,3.9444444444444446,0.7797593804232335,2
134,0.8918001804934366,0.054657810452696166,0.024650394819690783,0.016804779666026493,0.0007755875753050394,0.00032193180162642596,100.0,0.0,64.61111111111111,2.8507092468149997,1.0555555555555556,0.15713484026367724,4.0,0.816496580927726,2
135,0.8927546594214169,0.04925965839832893,0.023702667503821537,0.01613140766784113,0.0007979167275066357,0.00036577267630806803,100.0,0.0,64.44444444444444,2.431785403137699,1.0277777777777777,0.1145307118227128,4.222222222222222,0.7114582486036499,2
136,0.9009646206329287,0.03911929075352463,0.021101039661002394,0.013445357428486711,0.0007935063052853949,0.0002940220908930684,100.0,0.0,63.833333333333336,2.3863035105460586,1.1111111111111112,0.3142696805273545,4.166666666666667,0.7637626158259734,2
137,0.908889484678403,0.03429595380326826,0.020375856757554222,0.01195799565109261,0.0007261142424551064,0.00027569540913167066,100.0,0.0,64.33333333333333,3.496029493900505,1.1111111111111112,0.3142696805273545,4.222222222222222,0.5328701692569688,2
138,0.9108882378354318,0.030780887495344352,0.01834102310667713,0.011347863272307065,0.0007599778075797818,0.0003187916021821219,100.0,0.0,63.833333333333336,2.362907813126304,1.0,0.0,4.166666666666667,0.7637626158259734,2
139,0.9150685550155819,0.027470431147478484,0.018223476598261627,0.009872606915982645,0.0007295159067804459,0.0003137042981715048,100.0,0.0,62.94444444444444,3.6738145816367647,1.0555555555555556,0.15713484026367724,4.388888888888889,0.9509579315902049,2
140,0.9168237576816064,0.029708974350043917,0.017915112216053374,0.008940866942408218,0.0007309377211782385,0.00030374983738291233,100.0,0.0,63.388888888888886,3.2513055307554515,1.0277777777777777,0.1145307118227128,3.7777777777777777,0.6285393610547089,2
141,0.920587682442329,0.02791576241520267,0.016582986295415707,0.009042962188117997,0.0007087464628861768,0.00025736063074877536,100.0,0.0,61.833333333333336,2.692582403567252,1.1666666666666667,0.37267799624996495,4.5,0.7637626158259734,2
142,0.9184816042359467,0.026695539801216236,0.01839664793952582,0.009068275223897113,0.000699192654016241,0.0002971450263697706,100.0,0.0,63.5,2.0615528128088303,1.0,0.0,4.388888888888889,0.8258927081843613,2
143,0.9187899422467978,0.023800550125277823,0.020305554154896932,0.009816007780632843,0.0006377863156639635,0.00024573762714758673,100.0,0.0,62.888888888888886,3.3811386788228757,1.0833333333333333,0.24999999999999997,4.555555555555555,0.5983516452371671,2
144,0.90839951540223,0.028096335103912604,0.022276036267470205,0.010376266411217711,0.0007167344999389789,0.00025636485525476905,100.0,0.0,62.833333333333336,2.9860788111948198,1.0277777777777777,0.1145307118227128,4.277777777777778,0.7307192465536614,2
145,0.8995224691679069,0.03693386501539687,0.02642064264772648,0.012391157685380188,0.0007068771931421003,0.00027433874749739233,100.0,0.0,63.44444444444444,3.3536418383970155,1.0555555555555556,0.2290614236454256,4.388888888888889,0.590563656263036,2
146,0.8955008978830435,0.03740055015536945,0.029745922384967243,0.011005660819807361,0.0006634474910792539,0.00023543399375485616,100.0,0.0,62.44444444444444,2.4770552010675506,1.0,0.0,4.277777777777778,0.7307192465536614,2
147,0.8874230388908867,0.03655258905790811,0.03304562163554156,0.010483114947317289,0.0006658976681260469,0.00024182725019556407,100.0,0.0,63.611111111111114,2.6276074645301035,1.0277777777777777,0.1145307118227128,4.111111111111111,0.8748897637790901,2
148,0.875810239867839,0.03792370145423237,0.03757526557226559,0.009808534207337098,0.0006417760185630517,0.00022788346343604148,100.0,0.0,63.666666666666664,2.9249881291307074,1.0,0.0,4.277777777777778,0.6502611061510902,2
149,0.8580668205889592,0.04300738741257449,0.04242458640811289,0.011571522942126279,0.0006493161258986922,0.0002055971947038614,100.0,0.0,63.333333333333336,3.6666666666666665,1.0555555555555556,0.15713484026367724,4.222222222222222,0.5328701692569688,2
150,0.8375303726488341,0.04470483796006648,0.04762087522668209,0.010449715844289347,0.0007076614343290732,0.00025834029481826515,100.0,0.0,63.27777777777778,2.88300683229536,1.1111111111111112,0.3142696805273545,4.388888888888889,0.8258927081843613,2
151,0.8227154977628836,0.04451713505333721,0.05092279889740951,0.010028495036919608,0.0007215129803163005,0.00027974776032170566,100.0,0.0,63.888888888888886,2.491962388000645,1.1111111111111112,0.3142696805273545,3.888888888888889,0.6573421981221795,2
152,0.8033765493055318,0.050745999868266625,0.055698313377131416,0.010832141150863131,0.0007307164541075624,0.000294943056585157,100.0,0.0,64.77777777777777,3.9798877085716255,1.0555555555555556,0.2290614236454256,4.055555555555555,0.5241100628920335,2
153,0.7869231228446546,0.04461795766844166,0.05940396649224322,0.008841412016551238,0.0007486069891796491,0.00032656812452350084,100.0,0.0,62.94444444444444,2.5921295882862676,1.0555555555555556,0.2290614236454256,4.111111111111111,0.7370277311900888,2
154,0.7679913269931156,0.046914313001056876,0.06364569988419823,0.00985468573644551,0.0007347665853955313,0.0003344352245004322,100.0,0.0,63.44444444444444,2.499382639822665,1.0555555555555556,0.2290614236454256,4.111111111111111,0.6573421981221795,2
155,0.7484885438985067,0.05194913641116895,0.06718551711865049,0.012012723145032506,0.0007788354842750713,0.0002853999833471457,100.0,0.0,63.27777777777778,2.3759338644825663,1.0,0.0,4.5,0.8975274678557507,2
156,0.7269707545451847,0.060976848856391784,0.07152249804964401,0.013215553029857966,0.0007407785022714175,0.000294575873446648,100.0,0.0,62.77777777777778,3.5364067695198997,1.1111111111111112,0.2664350846284844,4.444444444444445,0.7617394000445604,2
157,0.7039577055345103,0.06536243586148459,0.07571248309739455,0.013913946944357814,0.0007596789791430207,0.0003358515895333237,100.0,0.0,63.0,3.018461712712472,1.0555555555555556,0.2290614236454256,4.388888888888889,0.5905636562630361,2
158,0.6765203513999922,0.06838594113319547,0.08035683003848496,0.01333126795676509,0.000825349963738054,0.00029684089028707506,100.0,0.0,63.72222222222222,3.193840522623291,1.0277777777777777,0.1145307118227128,4.0,0.6666666666666666,2
159,0.6474351272916627,0.0797188193755044,0.08599190420095949,0.015089147017400257,0.000874158206788002,0.00032992890359342144,100.0,0.0,62.72222222222222,2.3759338644825663,1.0833333333333333,0.24999999999999997,4.055555555555555,0.9111788592698182,2
160,0.6257318636692403,0.08512199699401836,0.0900997161911065,0.016527359607940825,0.0008651294559525865,0.0003568895356760333,100.0,0.0,62.611111111111114,2.870131411797664,1.1111111111111112,0.3142696805273545,4.277777777777778,0.558326423395605,2
161,0.5992248153170143,0.0937441231852077,0.09486838085479338,0.01806575397350411,0.0008729219503040697,0.0003480881743418048,100.0,0.0,63.388888888888886,3.576759689515527,1.0555555555555556,0.2290614236454256,4.222222222222222,0.5328701692569688,2
162,0.5841200553507362,0.10087346825545157,0.0981137904902128,0.018792983202686346,0.0008487457244115384,0.000381920051692643,100.0,0.0,63.77777777777778,3.7498971179302676,1.1666666666666667,0.3726779962499649,4.111111111111111,0.7370277311900888,2
163,0.5588270586638442,0.11224347675877315,0.10339333180856267,0.020448028962099057,0.0007953617162563113,0.0003276751075009005,100.0,0.0,61.94444444444444,3.778186252426512,1.1666666666666667,0.37267799624996495,4.222222222222222,0.6285393610547089,2
164,0.5378361496786549,0.1278502130537531,0.1083305577352117,0.022745863202206455,0.0007297684966981471,0.0003039512320396275,100.0,0.0,63.666666666666664,3.018461712712472,1.0555555555555556,0.2290614236454256,4.222222222222222,0.7856742013183862,2
165,0.5133648524312373,0.131014661065709,0.11244038331106299,0.02298417241243099,0.0008091438978926624,0.0002779410399655379,100.0,0.0,62.94444444444444,2.798257835436229,1.1111111111111112,0.3142696805273545,4.333333333333333,0.6666666666666666,2
166,0.49136354636057017,0.1332789689515379,0.11671025545173414,0.024276932481405344,0.0008395288613989456,0.00029503797920787966,100.0,0.0,63.333333333333336,2.9059326290271157,1.0277777777777777,0.1145307118227128,3.9444444444444446,0.7049209744694178,2
167,0.4657643897103098,0.12568146857129212,0.1215785166686883,0.02341952319997575,0.0009306156274315241,0.0004165832063176948,100.0,0.0,63.611111111111114,2.6695586170519916,1.0555555555555556,0.2290614236454256,4.555555555555555,0.6849348892187752,2
168,0.4672379520710101,0.11913957218457713,0.12154539311064884,0.022662471329492145,0.0009699699199074547,0.0004538130252941455,100.0,0.0,62.0,2.6246692913372702,1.0833333333333333,0.24999999999999997,4.555555555555555,0.6849348892187752,2
169,0.45574576249624293,0.11048959582575016,0.12339111053053999,0.021885103744530066,0.0009685987302765369,0.00046826260263226077,100.0,0.0,64.05555555555556,2.067532673992044,1.0,0.0,4.055555555555555,0.6211299937499416,2
170,0.4360348175555194,0.1074810795420058,0.12736765268106395,0.021628653916263025,0.0009030031284067168,0.00046615881235128546,100.0,0.0,64.05555555555556,3.6738145816367647,1.0277777777777777,0.1145307118227128,4.055555555555555,0.7049209744694178,2
171,0.420450964532329,0.12127359060832853,0.13019458970096312,0.02395320210875268,0.000913786741940939,0.0005276109864268206,100.0,0.0,66.27777777777777,3.105649968749708,1.0,0.0,4.166666666666667,0.7637626158259734,2
172,0.3948099315777034,0.12264809010503509,0.13502623830318525,0.025860558586506904,0.0010555810186109395,0.0008362291735773799,100.0,0.0,63.388888888888886,2.946540134705804,1.0555555555555556,0.2290614236454256,4.277777777777778,0.7307192465536614,2
173,0.3858554058325786,0.1436991248158669,0.13744530577022743,0.031760561536161885,0.001051676734938697,0.0006532045019219194,100.0,0.0,62.833333333333336,3.023059524536176,1.1111111111111112,0.3142696805273545,4.222222222222222,0.7114582486036499,2
174,0.3747577502577092,0.15697090918924025,0.14074480742262147,0.0350161671349953,0.0009376287187766516,0.0005058011700071242,100.0,0.0,63.333333333333336,1.5986105077709065,1.0833333333333333,0.24999999999999997,3.9444444444444446,0.5241100628920335,2
175,0.362347176705391,0.16561840708210088,0.14434567509288662,0.03769476047961771,0.0008624834023326223,0.00045458009010738174,100.0,0.0,63.94444444444444,3.4556270089075527,1.1111111111111112,0.3142696805273545,4.166666666666667,0.8333333333333334,2
176,0.3447479346859181,0.16065945898142178,0.14835616845225819,0.037823033214996186,0.0008825059641297192,0.000539011698382573,100.0,0.0,63.5,3.166666666666667,1.0555555555555556,0.2290614236454256,4.611111111111111,0.950957931590205,2
177,0.32741534487136037,0.14926913028442032,0.1521915231976023,0.037799046294411436,0.0010415259548476235,0.0006191756571056069,100.0,0.0,62.27777777777778,4.174067501391519,1.2222222222222223,0.41573970964154905,4.388888888888889,0.8258927081843613,2
178,0.3263126066084364,0.14508344535628456,0.15218153760646025,0.03605709957203654,0.001071877729231366,0.0006065395039186179,100.0,0.0,62.77777777777778,2.5939150066508336,1.0555555555555556,0.2290614236454256,3.9444444444444446,0.7797593804232335,2
179,0.32568653547538684,0.15613863046464602,0.15316569324432736,0.03933816880891054,0.0010566220003579618,0.000645880215650428,100.0,0.0,63.611111111111114,3.111607103320099,1.0277777777777777,0.1145307118227128,4.222222222222222,0.7114582486036499,2
180,0.32668675709655004,0.1732505316097082,0.15269388755196717,0.04060896415390275,0.001032898888152103,0.0006452977914469925,100.0,0.0,63.0,3.197221015541813,1.1388888888888888,0.32513055307554517,4.166666666666667,0.6871842709362769,2
181,0.32589680753830547,0.19389408163506305,0.15365414134548247,0.04484178396993782,0.000923906650550452,0.0005908760475103413,100.0,0.0,63.111111111111114,2.7261875880856214,1.1111111111111112,0.3142696805273545,4.055555555555555,0.6211299937499416,2
182,0.3100857918259237,0.19274490103386901,0.15830616082201457,0.044236320651851714,0.0010122091518939577,0.0005759239316418785,100.0,0.0,63.333333333333336,2.9249881291307074,1.0,0.0,4.333333333333333,0.7453559924999299,2
183,0.3025661264361018,0.1765207924829247,0.15902621595717234,0.03973907493537578,0.0011846691729273968,0.0007078642860609017,100.0,0.0,62.388888888888886,2.984010889332397,1.0833333333333333,0.24999999999999997,4.333333333333333,0.816496580927726,2
184,0.2871844335453603,0.1634462307675359,0.16198657607694347,0.03790245410700275,0.0010646078116805405,0.0006730217581984375,100.0,0.0,63.5,2.6299556396765835,1.0555555555555556,0.15713484026367724,3.888888888888889,0.5665577237325317,2
185,0.26409633128188514,0.1467533115589926,0.16841779233688792,0.03717002860042745,0.0008596917653141309,0.00059379780670343,100.0,0.0,63.888888888888886,3.1071403231354586,1.0,0.0,4.055555555555555,0.6211299937499416,2
186,0.2535073794808383,0.12194709098136448,0.1690542025906343,0.029450516054800247,0.0009580123636736261,0.0005156114336000757,100.0,0.0,62.94444444444444,3.0087321475668896,1.0555555555555556,0.2290614236454256,4.055555555555555,0.7049209744694178,2
187,0.24575461941781052,0.11553786514225335,0.17163157835716114,0.02816742307268579,0.000957152395560647,0.0005612875911918965,100.0,0.0,63.611111111111114,2.288592213782887,1.0,0.0,4.222222222222222,0.7856742013183862,2
188,0.25111063785740195,0.10955784966466307,0.17044788473315461,0.02694301454239376,0.0009232322176135176,0.0005020071242437269,100.0,0.0,63.22222222222222,2.199887763691481,1.0,0.0,4.0,0.5773502691896257,2
189,0.24503766222857987,0.10825783756760597,0.1725611008502651,0.02739929257992845,0.0009147185018777484,0.0005049658533497658,100.0,0.0,64.27777777777777,3.444892443983888,1.1111111111111112,0.3142696805273545,3.7777777777777777,0.6285393610547089,2
190,0.24398928561813982,0.11443729475387716,0.17256116313561878,0.028704129850623077,0.0009308048311952025,0.0004143437707866473,100.0,0.0,62.388888888888886,2.946540134705804,1.1111111111111112,0.3142696805273545,4.0,0.4714045207910317,2
191,0.23364240944549092,0.1180052673555691,0.17592684622985008,0.031189277339854198,0.0009770823289693836,0.0006353473929358894,100.0,0.0,64.5,4.245913067618999,1.1111111111111112,0.3142696805273545,4.0,0.5773502691896257,2
192,0.24872178268395936,0.1168691911536538,0.17283371385239932,0.030680249002430146,0.001194632295729299,0.000682591456403115,100.0,0.0,64.05555555555556,3.7486623128527423,1.1111111111111112,0.3142696805273545,4.111111111111111,0.6573421981221795,2
193,0.26792708489793826,0.12504523525623734,0.16739872370466993,0.030445247513907907,0.0012163312294647826,0.0009175148065402953,100.0,0.0,62.44444444444444,3.218388523991164,1.0555555555555556,0.2290614236454256,4.444444444444445,0.8314794192830981,2
194,0.26483018345623055,0.13606524045795124,0.16797903400019426,0.03257367618049024,0.000980995561950499,0.0007418200160654518,100.0,0.0,64.0,3.1622776601683795,1.0277777777777777,0.1145307118227128,3.8333333333333335,0.6009252125773314,2
195,0.24655554900103416,0.12100108618306407,0.17193838886146812,0.029177667556587482,0.0007518042945694203,0.0003846912315431621,100.0,0.0,62.72222222222222,3.492938202137366,1.1111111111111112,0.3142696805273545,4.222222222222222,0.8534606386520677,2
196,0.23092697663829057,0.10928531868275834,0.17616317437884962,0.027936839336077667,0.0008299704888976138,0.0005047998024777499,100.0,0.0,63.55555555555556,3.1308895119123044,1.0,0.0,4.666666666666667,0.816496580927726,2
197,0.22131839397081307,0.10645502934569964,0.17843247281773378,0.028139099830942902,0.0009712222392306434,0.0006740747398759142,100.0,0.0,63.833333333333336,3.435921354681384,1.0,0.0,4.333333333333333,1.0540925533894598,2
198,0.22426424976120074,0.11559307006490614,0.17730423579546128,0.02908536275645751,0.001122730786017078,0.0004912454422639701,100.0,0.0,63.44444444444444,2.499382639822665,1.0833333333333333,0.24999999999999997,4.166666666666667,0.9574271077563381,2
199,0.22571366314977023,0.11132280822875004,0.17648785183589843,0.026417026475896017,0.0012512852713959114,0.0005805237086378551,100.0,0.0,63.666666666666664,3.2489314482696545,1.0,0.0,4.388888888888889,0.7556372504853024,2
200,0.2238642176204197,0.10425736479533089,0.17723514391779277,0.02741275100596857,0.001168006704109845,0.0005616871664123442,100.0,0.0,63.27777777777778,2.88300683229536,1.0555555555555556,0.2290614236454256,4.111111111111111,0.6573421981221795,2
201,0.2109551886933722,0.08924897126675173,0.17996714629316743,0.023441127913689443,0.0009717383791521219,0.0008023532769487419,100.0,0.0,63.0,2.3570226039551585,1.0833333333333333,0.24999999999999997,4.111111111111111,0.5665577237325317,2
202,0.1906832159219487,0.09140691472776603,0.18669997306039735,0.028415317576384203,0.0010199254864242124,0.0011561414804516894,100.0,0.0,62.77777777777778,3.675074535231384,1.1111111111111112,0.3142696805273545,4.388888888888889,0.590563656263036,2
203,0.19779990693067945,0.09698047873835369,0.18461111108510558,0.02724296832831063,0.000935325082635433,0.0007527320345668726,100.0,0.0,64.16666666666667,3.419714088113865,1.0555555555555556,0.2290614236454256,4.055555555555555,0.7797593804232335,2
204,0.19281597896377678,0.1112993775919578,0.18709450028012928,0.029052092164706864,0.0010486122981553932,0.0007081151171712259,100.0,0.0,63.166666666666664,2.967415635794143,1.1111111111111112,0.3142696805273545,4.555555555555555,0.7617394000445604,2
205,0.2075436156518217,0.15068174393446554,0.1857170449329134,0.035997351014191326,0.0012620440113043276,0.0009028303101608047,100.0,0.0,65.0,3.4480268109295333,1.0555555555555556,0.15713484026367724,4.111111111111111,0.31426968052735443,2
206,0.22755440494477672,0.18435268267858645,0.18317440130776244,0.04556430935524731,0.0011345787720521295,0.0008764459357411805,100.0,0.0,62.77777777777778,2.7599427440831605,1.0555555555555556,0.2290614236454256,4.388888888888889,1.0076865081787252,2
207,0.22988706884262428,0.1613677391554344,0.18008797606936508,0.03938423129190671,0.0009830068098058632,0.0007574615148301882,100.0,0.0,63.611111111111114,2.4069087802704967,1.0,0.0,4.277777777777778,0.4479032082388083,2
208,0.21538288637001207,0.13294321198348183,0.18167354283515028,0.03294738239450749,0.0006569882424415167,0.0004479281690457996,100.0,0.0,62.888888888888886,2.4469683939494713,1.1111111111111112,0.3142696805273545,4.222222222222222,0.5328701692569688,2
209,0.19783116716443713,0.10922800268711277,0.1849420401891741,0.028799688087459023,0.0008915491980564504,0.0009927167561099729,100.0,0.0,62.77777777777778,1.9594657876164887,1.0555555555555556,0.2290614236454256,4.055555555555555,0.7049209744694178,2
210,0.20199061351226266,0.09917570071179342,0.18383625720200722,0.027234544486409905,0.0009002814871672872,0.0007858565579615189,100.0,0.0,62.55555555555556,2.1140330656044943,1.1388888888888888,0.32513055307554517,4.444444444444445,0.5983516452371671,2
211,0.2082170204447293,0.12935058151218862,0.18403429665383864,0.03238833246702886,0.0010397459264223417,0.0009532007169913042,100.0,0.0,63.388888888888886,2.584975583140409,1.0,0.0,4.055555555555555,0.9702360664762767,2
212,0.21780021058804183,0.14144518350263544,0.183577465621354,0.03502239857360571,0.0010300905872054889,0.0007883800365242565,100.0,0.0,64.22222222222223,2.249828525701843,1.0,0.0,3.888888888888889,0.5665577237325317,2
213,0.21846505745240719,0.15418196873092788,0.1835490545632461,0.03950109850976809,0.0007763237845306837,0.0007463167943771305,100.0,0.0,63.666666666666664,3.1622776601683795,1.0277777777777777,0.1145307118227128,4.277777777777778,0.8031573497111644,2
214,0.2094521793174603,0.12955296873234398,0.18370265502990396,0.0341857648529708,0.0008027994883354215,0.000723721785752514,100.0,0.0,62.888888888888886,1.9116278371205837,1.0277777777777777,0.1145307118227128,4.166666666666667,0.8333333333333334,2
215,0.20057431873728485,0.119317995322762,0.18781928852545388,0.033100612504955426,0.0009322093809978561,0.0005509095468107172,100.0,0.0,63.72222222222222,3.5559895568456135,1.0,0.0,4.055555555555555,0.5241100628920335,2
216,0.21586684930651762,0.13429360956136413,0.1820757341333603,0.03426863712133784,0.001039933218605401,0.00046756214779889496,100.0,0.0,63.0,3.5433819375782165,1.0555555555555556,0.2290614236454256,4.777777777777778,0.9162456945817024,2
217,0.22080875369219605,0.12529318390284788,0.1805654028769367,0.03164010361158903,0.0007198736131625572,0.0004748032007990829,100.0,0.0,62.611111111111114,2.6486660980133814,1.0,0.0,4.333333333333333,0.6666666666666666,2
218,0.22094006963613375,0.14638350475332762,0.18349147679422093,0.03674866355983915,0.0005985448297011269,0.00033900247028066237,100.0,0.0,62.833333333333336,3.4520525295346633,1.0833333333333333,0.24999999999999997,4.333333333333333,0.5773502691896257,2
219,0.2218851941546197,0.1452492934319581,0.18242569331829947,0.03690266315112974,0.0006712308742225681,0.0005280477617176606,100.0,0.0,62.666666666666664,3.872983346207417,1.1111111111111112,0.3142696805273545,4.222222222222222,0.8534606386520676,2
220,0.2117088814463789,0.11874063120020464,0.182129276133871,0.03099133189277164,0.0007217566147288068,0.0007357928853551395,100.0,0.0,64.16666666666667,2.4094720491334933,1.0,0.0,4.444444444444445,0.8958064164776166,2
221,0.18486352709067574,0.08984276516720899,0.18820732717663932,0.026388223385079297,0.0007465170980893781,0.0007035877328340362,100.0,0.0,62.833333333333336,2.948634335492356,1.0833333333333333,0.24999999999999997,4.055555555555555,0.7049209744694178,2
222,0.16286721874479093,0.07294945270334438,0.1944634173369878,0.023111340729139153,0.0008557980175882276,0.0006365180079140388,100.0,0.0,63.611111111111114,4.001928547433778,1.1111111111111112,0.3142696805273545,4.277777777777778,0.9312808119022339,2
223,0.1642555622842888,0.06987269850371537,0.19308178039137128,0.02164472863082764,0.0010122622120027943,0.0006716404551849676,100.0,0.0,63.77777777777778,3.3425797681091836,1.1111111111111112,0.3142696805273545,4.5,0.7637626158259734,2
224,0.17292462138266673,0.09506735454998186,0.1919290098263867,0.026151495329827697,0.0010730635107079347,0.0007784102750058591,100.0,0.0,62.94444444444444,3.535097393318452,1.0555555555555556,0.2290614236454256,4.055555555555555,0.7049209744694178,2
225,0.17594611730669663,0.1375817259559688,0.19306688108250034,0.03411395601513822,0.0008989835673950746,0.000725708569149984,100.0,0.0,64.22222222222223,2.75994274408316,1.0277777777777777,0.1145307118227128,4.055555555555555,0.6211299937499416,2
226,0.1741123513798824,0.12381153520828281,0.19249812373921282,0.031776064746771596,0.001114150575116415,0.0009809762507111436,100.0,0.0,63.0,3.711842908553348,1.2777777777777777,0.4479032082388083,4.333333333333333,0.8164965809277259,2
227,0.1643627184874324,0.11325325046095283,0.19693015860024088,0.03332254126940262,0.0009075759275481898,0.000575384092627223,100.0,0.0,63.666666666666664,3.214550253664318,1.0833333333333333,0.24999999999999997,4.277777777777778,0.9312808119022339,2
228,0.1672053701177719,0.0855644246834237,0.19371966812574476,0.02630432545517472,0.0010525963714265937,0.0006740821037605185,100.0,0.0,64.72222222222223,3.2965563775881774,1.1111111111111112,0.3142696805273545,4.277777777777778,0.8031573497111645,2
229,0.167374118765002,0.0766342356787659,0.1929896228926276,0.02417851051131336,0.0008419715737961301,0.0009569199514343537,100.0,0.0,64.47058823529412,3.5166435712082644,1.088235294117647,0.2564058202082749,3.823529411764706,0.6169463812765598,3
230,0.16438755942856975,0.07770176128257543,0.1943234363212667,0.024555549683900123,0.0008168293474574138,0.0008208772050982688,100.0,0.0,62.294117647058826,2.5150068619331707,1.1176470588235294,0.32218973970892123,4.176470588235294,0.6169463812765599,3
231,0.14697171835870027,0.07955845253054991,0.2005760119389209,0.026695962681076484,0.0007706594330285702,0.0006893049119369271,100.0,0.0,62.705882352941174,2.606884683077687,1.0294117647058822,0.11764705882352941,4.529411764705882,0.7759356446042893,3
232,0.13837221628126245,0.060802921985598765,0.20115534292683968,0.01967159384274954,0.0008093386323580636,0.0005838134512958655,100.0,0.0,63.64705882352941,3.4289627392446285,1.0588235294117647,0.23529411764705885,4.176470588235294,0.8564835163859432,3
233,0.12468033150958746,0.052519742685540105,0.20760968745451808,0.019065374734860998,0.0007316455865577988,0.0005856491156596851,100.0,0.0,63.76470588235294,2.9411764705882355,1.088235294117647,0.2564058202082749,4.0588235294117645,0.7252251768198796,3
234,0.13138103886102553,0.06588264077754695,0.2043228169464841,0.021434063228616136,0.0009135592546385697,0.0007844637273160433,100.0,0.0,64.29411764705883,3.2497005451607373,1.0,0.0,4.352941176470588,0.5882352941176471,3
235,0.118880927318509,0.06161973232579339,0.21019344439211604,0.02266102641433325,0.0008709412279173985,0.0007576466106545477,100.0,0.0,62.470588235294116,3.145821636969633,1.1764705882352942,0.3812200410828153,4.294117647058823,0.6655122646461624,3
236,0.13732266277524768,0.050775181128038464,0.20122588275952935,0.018595871667066874,0.0011096018443317193,0.0010778222157465439,100.0,0.0,63.23529411764706,3.077994223988501,1.0,0.0,4.294117647058823,0.8921029934178295,3
237,0.14012978063605214,0.08486106801176713,0.20289781480171964,0.02341629868782812,0.0008427832267271546,0.0009527004960175359,100.0,0.0,62.0625,2.536452985962878,1.0,0.0,4.0,0.6123724356957945,4
238,0.1377816450384382,0.12307735202115534,0.20563509160325438,0.03188837749947163,0.0007935810499729981,0.0009454134410875951,100.0,0.0,64.1875,2.214123697989794,1.0,0.0,4.125,0.5994789404140899,4
239,0.13546547206046322,0.11794474853526066,0.20576063544840936,0.02934509308276702,0.0007672193978351492,0.0005512636724641504,100.0,0.0,63.8125,2.297246993686138,1.0,0.0,4.0625,0.5555121510822243,4
240,0.14926792696461813,0.12655732429624025,0.20236258706471097,0.030697608227767313,0.0008038184688856432,0.0005000310595034181,100.0,0.0,64.13333333333334,3.073904502239601,1.0666666666666667,0.24944382578492943,4.266666666666667,0.679869268479038,5
241,0.1480745133199188,0.11502225964764178,0.20268313213436892,0.030333877335511787,0.0005639482445581982,0.0004417007901387792,100.0,0.0,62.0,2.7516228977511745,1.1785714285714286,0.3589241293257461,4.142857142857143,0.6388765649999398,6
242,0.12406803454878743,0.0899017699767568,0.20884729451670497,0.026111252229250287,0.0005789299741386572,0.000598450882265563,100.0,0.0,63.857142857142854,2.294625486315573,1.0,0.0,4.285714285714286,0.7953949089757173,6
243,0.12388700561189224,0.06710047934840103,0.20938167668117721,0.021387225096104603,0.0004840672743057374,0.0003780509209970535,100.0,0.0,62.142857142857146,3.6224920951731336,1.0714285714285714,0.25753937681885636,4.642857142857143,0.717848258651492,6
244,0.12226211821478183,0.06322005647894066,0.20927640835874983,0.022669237765753643,0.000690135841658806,0.00066322147534133,100.0,0.0,63.76923076923077,2.777764628502737,1.0769230769230769,0.26646935501059654,3.769230769230769,0.5756395979652217,7
245,0.12437898203369764,0.06201161897516133,0.20815416731822828,0.021224093313080353,0.0009098270067743158,0.0010662696328045266,100.0,0.0,62.61538461538461,3.151030638194468,1.1153846153846154,0.28781979898261084,4.3076923076923075,0.9101661204768642,7
246,0.14407529291981008,0.06702870471308196,0.20200214130852276,0.02217598025229919,0.0007406091833115717,0.0005284395727161525,100.0,0.0,62.38461538461539,2.5279502654084594,1.1538461538461537,0.36080121229410994,4.3076923076923075,0.9910845174403943,7
247,0.16633903774313877,0.07822440276001434,0.1949960663822445,0.023330154425276285,0.0007528914279835224,0.0009201098889932057,100.0,0.0,61.30769230769231,2.671346977566975,1.0769230769230769,0.2664693550105965,4.3076923076923075,0.46153846153846156,7
248,0.19199153451321177,0.16812135798688557,0.19204820112888107,0.03780062881259206,0.0008759501714281131,0.0006058618612826392,100.0,0.0,63.15384615384615,2.4446536280108773,1.0,0.0,4.384615384615385,0.7378202343558029,7
249,0.21620426689589875,0.22602854675467535,0.18937870139531748,0.05074049089395522,0.0006922833909391915,0.0006524454045614081,100.0,0.0,63.0,2.253202848596432,1.0384615384615385,0.13323467750529824,4.153846153846154,0.94837138507215,7
250,0.1965319499220159,0.1883091403932447,0.19267738292568112,0.045622707291632994,0.0005426000426590002,0.0004960704494161812,100.0,0.0,62.15384615384615,1.4595127662315597,1.0384615384615385,0.13323467750529824,4.384615384615385,0.8355984993230935,7
251,0.19312391516235297,0.14049279339970494,0.1908897915001807,0.03638354535684344,0.000606994310693678,0.0004397719732524352,100.0,0.0,63.07692307692308,3.2453881707275367,1.0769230769230769,0.2664693550105965,3.923076923076923,0.4741856925360751,7
252,0.16554823667931062,0.10834456309207861,0.19644208787880857,0.03088211346017648,0.0006779183275987554,0.0006220128868183075,100.0,0.0,64.61538461538461,2.9752430162790335,1.0,0.0,4.230769230769231,0.696568087549032,7
253,0.1333085459649394,0.07831708403157371,0.20680749875676072,0.026793204258059127,0.0003115219203418655,0.0002510427252620707,100.0,0.0,62.76923076923077,2.832608098387995,1.0384615384615385,0.13323467750529824,4.3076923076923075,0.6056929133855238,7
254,0.12542746850770406,0.05804307243945022,0.208800118887031,0.020650531645622194,0.0005809459378003068,0.00041018695014662007,100.0,0.0,63.0,2.855494029733936,1.0384615384615385,0.13323467750529824,4.461538461538462,0.7457969011409737,7
255,0.1343624974996835,0.0700095160867333,0.20708098120928398,0.02251603264745036,0.000714156772069708,0.0005516877192081691,100.0,0.0,64.76923076923077,3.5981586349312304,1.0384615384615385,0.13323467750529824,4.230769230769231,0.696568087549032,7
256,0.14210943537418916,0.07113170472512684,0.20128725539264336,0.021054251996429775,0.0009146977597427801,0.0006993783508874279,100.0,0.0,63.92307692307692,3.361811289755716,1.0,0.0,4.0,0.5547001962252291,7
257,0.12971768439465511,0.06562374485371214,0.20770832541608095,0.02285145212017549,0.0009979331961326753,0.00100886889990721,100.0,0.0,61.92307692307692,3.074999398662567,1.0769230769230769,0.26646935501059654,4.461538461538462,0.6343239424027171,7
258,0.17179535318999198,0.05782296707574524,0.19051686862203351,0.01685548019327683,0.0013166314235737385,0.0012317401843478335,100.0,0.0,63.30769230769231,2.052563702173282,1.0,0.0,4.076923076923077,0.2664693550105965,7
259,0.17150401320899428,0.06479658300930435,0.19219971003995812,0.020884684562759475,0.0007626953728872255,0.0005800093997539041,100.0,0.0,63.23076923076923,2.939226642237354,1.0769230769230769,0.26646935501059654,3.923076923076923,0.6153846153846153,7
260,0.1595956356101661,0.06647642407042884,0.1953529258495989,0.020594987922481513,0.0007865119732356015,0.0005442049832420754,100.0,0.0,63.0,3.063431961806135,1.0,0.0,4.461538461538462,0.9294650748918902,7
261,0.1435949746772625,0.05394935305103405,0.20002088683647404,0.017982635641659275,0.0008148488233224836,0.0006209114881904783,100.0,0.0,61.61538461538461,3.3406231924013023,1.0384615384615385,0.13323467750529824,4.461538461538462,0.9294650748918902,7
262,0.12098607266757483,0.055477533775238445,0.20880432587152964,0.020428644375540015,0.0007215855372422734,0.0007377452084901173,100.0,0.0,61.53846153846154,3.9732835600446026,1.1538461538461537,0.36080121229411,4.0,0.7844645405527362,7
263,0.12758993387451129,0.07237330703396815,0.20814166014365154,0.02312392385405664,0.0007055927957585224,0.00046530829665005906,100.0,0.0,63.76923076923077,2.606319130168833,1.0,0.0,4.0,0.7844645405527362,7
264,0.12320677234890412,0.06397202666950871,0.20758971765623258,0.021919506846765073,0.0008237496183741039,0.0005706179481382313,100.0,0.0,62.0,3.3968311024337874,1.0769230769230769,0.26646935501059654,4.3076923076923075,0.9910845174403944,7
265,0.12058918700265439,0.051554396930994756,0.20764399192146232,0.01930162277842618,0.0009373329136063044,0.0008432029838064056,100.0,0.0,62.84615384615385,2.4446536280108777,1.0769230769230769,0.26646935501059654,4.3076923076923075,0.9101661204768642,7
266,0.1402928258552634,0.05890673197450794,0.1987972620947011,0.017450442103075826,0.001351917929321143,0.0010400925582738322,100.0,0.0,64.3076923076923,3.4947128281847837,1.0384615384615385,0.13323467750529824,4.076923076923077,1.071414482860317,7
267,0.1426697084780849,0.07862486140738169,0.20294713272477932,0.02308371746242805,0.0010551265457756389,0.0009939675633073954,100.0,0.0,63.53846153846154,2.5605103041681905,1.0,0.0,4.3076923076923075,0.7216024245882199,7
268,0.17226469757632534,0.12600195468827233,0.19529215398027105,0.03193900711502597,0.0006894206775297433,0.0005356653722431766,100.0,0.0,64.76923076923077,2.777764628502737,1.0,0.0,4.230769230769231,0.4213250442347432,7
269,0.1696642146875549,0.09595182673859658,0.19431991743464777,0.027337782511539496,0.0007370954608623895,0.0005621423133524556,100.0,0.0,63.76923076923077,2.081192193610567,1.0769230769230769,0.26646935501059654,4.153846153846154,0.532938710021193,7
270,0.1501712804646986,0.08067854842951473,0.1998815803106287,0.027255776161664545,0.0007129769584797128,0.0005190068233733345,100.0,0.0,62.30769230769231,2.2320950966995246,1.0769230769230769,0.26646935501059654,4.230769230769231,0.696568087549032,7
271,0.14534474894674154,0.06935752884634153,0.19972528010481783,0.02443008095386511,0.0008580795751870746,0.0007307426506430637,100.0,0.0,64.46153846153847,3.2960438900967004,1.0,0.0,4.0,0.3922322702763681,7
272,0.14044860617442745,0.06833267337191602,0.2021157650989046,0.025115034708701345,0.0008030941472401923,0.0006007846743808316,100.0,0.0,64.3076923076923,3.96881333523521,1.1153846153846154,0.28781979898261084,4.230769230769231,0.6965680875490321,7
273,0.13366202312018508,0.05670316101292767,0.20375716334449107,0.02207091065177557,0.0006097143232321477,0.0006705929164537043,100.0,0.0,64.84615384615384,2.2134607030674087,1.0,0.0,4.0,0.3922322702763681,7
274,0.13552754386346294,0.05454115063461471,0.20279274461633323,0.022705716417738393,0.0011316172382180966,0.0010920448544504734,100.0,0.0,62.53846153846154,2.2400338120863132,1.0769230769230769,0.26646935501059654,4.615384615384615,0.7378202343558029,7
275,0.16088847864490846,0.09021044527322872,0.19497616852177954,0.02854588377852835,0.0010957417285085485,0.0009091740313838714,100.0,0.0,62.76923076923077,2.3584168795009064,1.1153846153846154,0.28781979898261084,4.3076923076923075,0.46153846153846156,7
276,0.1538562168848715,0.09804756486316939,0.20030803867001684,0.02992948574165423,0.0008710659020862206,0.0005840990440034633,100.0,0.0,62.0,2.449489742783178,1.1153846153846154,0.2878197989826109,4.6923076923076925,1.0658774200423862,7
277,0.15071427533708853,0.08301414246485178,0.19999309649600255,0.02740362587453176,0.0006756624589654886,0.0005552219001870351,100.0,0.0,63.61538461538461,3.1994822066285264,1.0,0.0,4.0,0.5547001962252291,7
278,0.14691967220566352,0.06815972212009937,0.20007106493284185,0.023285324482130033,0.0008034680791336771,0.0005638241777765428,100.0,0.0,63.61538461538461,2.7326645643587097,1.0769230769230769,0.26646935501059654,3.769230769230769,0.696568087549032,7
279,0.1372520949258687,0.06249750230244674,0.20321285472537548,0.019911736423699884,0.0007914879119345166,0.0004953565576364938,100.0,0.0,62.46153846153846,3.433217477603292,1.1923076923076923,0.3689101171779015,4.0,0.6793662204867574,7
280,0.1335012125260467,0.06898110214855248,0.20668992088113536,0.022841858066645584,0.0007079610572727488,0.000489602661770863,100.0,0.0,64.3076923076923,2.7283304386104925,1.0,0.0,4.3076923076923075,0.7216024245882199,7
281,0.15557105910686164,0.07335868964242782,0.19763950597892804,0.023486732289940027,0.0008708060486623208,0.000443302032379134,100.0,0.0,64.54545454545455,1.9241827716833384,1.0,0.0,4.090909090909091,0.7925270806437589,9
282,0.1476724607475501,0.0735103911147664,0.20025978747774606,0.023701037404108168,0.0010570747410226142,0.0008197818209132177,100.0,0.0,63.45454545454545,2.535695578360246,1.0,0.0,4.2727272727272725,0.616575453011388,9
283,0.17960741795820276,0.08316781434975751,0.1901130447979594,0.024865306510507355,0.0012502231621751056,0.0008108689841504788,100.0,0.0,63.27272727272727,3.0178532132177875,1.0,0.0,4.090909090909091,0.28747978728803447,9
284,0.18994068587913618,0.11400263066038609,0.18977986342175895,0.03152584438489246,0.0009256628773183661,0.0005567982350374832,100.0,0.0,65.27272727272727,3.7921188390207656,1.0909090909090908,0.28747978728803447,3.8181818181818183,0.7158188976374373,9
285,0.178374770273759,0.1192210298232273,0.1931371791207412,0.03273742927300058,0.0006084763902259086,0.0003779575164884011,100.0,0.0,64.81818181818181,3.0989200998289657,1.0909090909090908,0.28747978728803447,4.090909090909091,0.7925270806437588,9
286,0.1541097739359875,0.09095783011764627,0.20053715461004915,0.02898153022438134,0.0005090804227967112,0.0003963300467988115,100.0,0.0,61.72727272727273,3.2777738867854445,1.2272727272727273,0.39101478486557395,4.363636363636363,1.2984415324623362,9
287,0.14952023821051413,0.06349534832233676,0.19853046187366355,0.022021862035985502,0.0006255580770092014,0.0004495097370061054,100.0,0.0,62.18181818181818,3.712832337574934,1.1818181818181819,0.32141217326661253,4.0,0.7385489458759964,9
288,0.13599921850879337,0.04719000670186597,0.20203315983482728,0.01611845478541348,0.0008095782435575808,0.0005539222461825714,100.0,0.0,62.18181818181818,1.7486712783337586,1.0454545454545454,0.14373989364401724,4.181818181818182,0.8331955809010617,9
289,0.14477550231980738,0.08095565096778572,0.20248344487787512,0.02295107937008956,0.0008532101109450006,0.0008499543482447271,100.0,0.0,63.81818181818182,3.9270201939009413,1.1818181818181819,0.38569460791993504,4.2727272727272725,1.1354541815269814,9
290,0.1847626521811444,0.17695832201443618,0.19588496834190677,0.04173678764714231,0.0009730790574257599,0.0006843057933428455,100.0,0.0,62.45454545454545,3.6522380775637573,1.1818181818181819,0.38569460791993504,4.090909090909091,0.5142594772265799,9
291,0.2018743414514805,0.18951551666907368,0.18955781348109155,0.044506961322953606,0.0007434533254079521,0.0005981271755941226,100.0,0.0,64.0,2.796101181678127,1.0,0.0,3.8181818181818183,0.5749595745760689,9
292,0.18229571179893075,0.1645750551765557,0.19367138749722154,0.042358624929766,0.0007033878992378961,0.0006426378586190871,100.0,0.0,65.18181818181819,2.5519397904760366,1.0909090909090908,0.28747978728803447,4.181818181818182,0.7158188976374373,9
293,0.16612012240398924,0.13729045550511396,0.19693157740089362,0.03793191506638201,0.0007122907503005527,0.0005209245358233483,100.0,0.0,62.72727272727273,2.2998382983042758,1.0,0.0,4.2727272727272725,0.44536177141512334,9
294,0.15238122267154602,0.11279105776760869,0.19923223672382886,0.031711362912860926,0.001108778657136184,0.0007937182557728865,100.0,0.0,63.27272727272727,2.4896479886598457,1.0909090909090908,0.28747978728803447,3.8181818181818183,0.5749595745760689,9
295,0.16249750992999243,0.123757737468425,0.19505739323060062,0.03443080814911588,0.0013127828101824363,0.001066491174779705,100.0,0.0,62.36363636363637,1.6663911618021237,1.0,0.0,4.545454545454546,0.7820295697311479,9
296,0.19380575465402297,0.13450038028218564,0.1871730804478728,0.036601054390909056,0.0013269988382587816,0.0008523810130569128,100.0,0.0,61.63636363636363,3.282812742775962,1.1818181818181819,0.38569460791993504,4.363636363636363,0.642824346533225,9
297,0.21522126561713878,0.14072597953273286,0.18028602865565804,0.03492279561670084,0.001632890239716,0.0013217239966196394,100.0,0.0,63.54545454545455,2.5712973861329,1.0,0.0,4.363636363636363,0.642824346533225,9
298,0.24050975036951341,0.11558550252620005,0.16909541845527112,0.02758093767461317,0.001283086179407282,0.0016394075321892478,100.0,0.0,65.27272727272727,2.04898684901539,1.0,0.0,3.909090909090909,0.51425947722658,9
299,0.19902112846807848,0.09575687543491458,0.18337166180296335,0.02571832254021554,0.0006450135333834475,0.00044540623010005503,100.0,0.0,62.45454545454545,3.1727142484754816,1.0,0.0,4.181818181818182,0.5749595745760689,9
300,0.17692777245842709,0.08023758178828144,0.18985434017762498,0.022998640924332497,0.0006854707578330037,0.00053855355349986,100.0,0.0,64.18181818181819,2.2489667048823603,1.0,0.0,4.454545454545454,0.655554777357089,9
301,0.1590422329659433,0.06862201609411467,0.19580227930264354,0.023061825730737135,0.0006609415519739432,0.000520149432596091,100.0,0.0,61.90909090909091,2.193152378511785,1.0,0.0,4.181818181818182,0.5749595745760689,9
302,0.15819734671651073,0.0718326537365322,0.19637521672691358,0.020320846753320958,0.000863651831722716,0.0005778900215804304,100.0,0.0,62.81818181818182,2.0368505911280073,1.1818181818181819,0.385694607919935,4.454545454545454,0.7820295697311479,9
303,0.16955790087874198,0.09394131765622257,0.19268948620714266,0.024447674726892094,0.0009905455600443711,0.0007113739912672913,100.0,0.0,62.18181818181818,4.706246947470831,1.1818181818181819,0.38569460791993504,4.181818181818182,0.5749595745760689,9
304,0.1646601614362018,0.11143979394111637,0.19481349852609064,0.02940557202906352,0.0010909971232358827,0.0007776149028660577,100.0,0.0,64.63636363636364,2.9317300902903813,1.0,0.0,4.0,0.6030226891555273,9
305,0.16420045940454733,0.09870555356324054,0.19450082638429345,0.026510138084611157,0.0008548574534575494,0.0005487012071738528,100.0,0.0,64.54545454545455,2.0610516452281153,1.0,0.0,4.0,0.4264014327112209,9
306,0.14780051776257783,0.08963420336865023,0.2002495050108963,0.025752797456303763,0.0010701517096805648,0.0012249392250289204,100.0,0.0,63.72727272727273,1.8630819574471995,1.0,0.0,4.454545454545454,0.7820295697311479,9
307,0.1513137137770212,0.07952677505290105,0.19864683879301304,0.025904299190629487,0.0008188922457328221,0.00040153815489361286,100.0,0.0,62.09090909090909,2.8747978728803445,1.0909090909090908,0.28747978728803447,4.181818181818182,0.5749595745760689,9
308,0.14407308490352158,0.061380133083242326,0.1995883456632697,0.019767873775939773,0.0009637755832724939,0.0005092365347880728,100.0,0.0,61.72727272727273,2.259964162664737,1.0,0.0,4.181818181818182,0.8331955809010617,9
309,0.1533466479070841,0.05778785239618778,0.19872259322871058,0.018764921366096466,0.0009242310188429546,0.0005764099878529712,100.0,0.0,63.09090909090909,2.9986222731764802,1.0,0.0,4.818181818181818,0.8331955809010617,9
310,0.17251015148299406,0.07983161071938538,0.1918873177604807,0.022561353447806617,0.0009468768371594772,0.0005834821994361328,100.0,0.0,63.36363636363637,3.6249821886139793,1.0,0.0,4.090909090909091,0.6680426571226848,9
311,0.1848525327379135,0.06418074360080775,0.1866368760449143,0.0173156188614896,0.0009397494054959459,0.0005257050627211945,100.0,0.0,64.18181818181819,2.479669399451974,1.0,0.0,3.909090909090909,0.6680426571226848,9
312,0.18096669654091183,0.06898493979977674,0.18787702985829613,0.02171649423175845,0.0009497448356460508,0.0005389690320485863,100.0,0.0,64.45454545454545,3.7746435440048534,1.0,0.0,4.2727272727272725,0.9620913858416693,9
313,0.17831130474175005,0.08070977281658927,0.1898508300890705,0.024598260668131908,0.0009060117283992788,0.0005891185262661153,100.0,0.0,64.0909090909091,1.9750509984000393,1.0,0.0,4.2727272727272725,0.7496555682941201,9
314,0.179409290794273,0.10242705894387248,0.19061173958482155,0.02865957983416165,0.0007859700608817236,0.0004159771047261147,100.0,0.0,65.0,2.6285149626910838,1.0909090909090908,0.28747978728803447,4.0,0.8528028654224418,9
315,0.16809097150138613,0.09946859279813929,0.19407049879904054,0.029073616844963995,0.0008084016433356748,0.00045757017198741874,100.0,0.0,63.45454545454545,2.4629485789352845,1.0454545454545454,0.14373989364401724,3.909090909090909,0.668042657122685,9
316,0.1625759270604897,0.0772473407002245,0.19427991853926735,0.02489275143432602,0.0008875400201429645,0.0006456218554039909,100.0,0.0,63.54545454545455,2.5712973861329,1.0,0.0,4.2727272727272725,0.616575453011388,9
317,0.16169786188151158,0.07706036310063445,0.1949201455651041,0.028201050993042355,0.0009500359216144515,0.000686436865877383,100.0,0.0,62.45454545454545,2.934547707557995,1.0,0.0,4.363636363636363,0.77138921583987,9
318,0.16549351763645231,0.06441387294216355,0.19283176902682506,0.0237443848208943,0.001088097052413271,0.0006929356358141985,100.0,0.0,64.45454545454545,2.0610516452281153,1.0,0.0,4.2727272727272725,0.616575453011388,9
319,0.18008588652229443,0.06000516619937114,0.18869813544718053,0.018684328787164955,0.001067183489069408,0.0006048154983956609,100.0,0.0,62.45454545454545,2.74238238709061,1.0909090909090908,0.28747978728803447,4.2727272727272725,0.44536177141512334,9
320,0.19489169521530378,0.09026118507116651,0.1866230087874019,0.02528954597054618,0.00082709682592884,0.0007049078281938804,100.0,0.0,64.0909090909091,1.928473039599675,1.0,0.0,4.181818181818182,0.8331955809010617,9
321,0.2049078556227023,0.11172599067339138,0.18312075091549984,0.02718492212685778,0.0007960069049760837,0.0007060838814681721,100.0,0.0,63.72727272727273,1.9112541856026033,1.0454545454545454,0.14373989364401724,4.0,0.4264014327112209,9
322,0.21031862444579674,0.12995969865046553,0.1820102665795376,0.03172086954389953,0.0005423006773690629,0.0003646456914829937,100.0,0.0,63.0,2.0,1.0909090909090908,0.28747978728803447,4.636363636363637,0.642824346533225,9
323,0.20147411510299776,0.12720228149031088,0.18478309036054175,0.0326618158186512,0.0007023967325053938,0.0004045601425000358,100.0,0.0,64.0909090909091,2.2745447278539643,1.0454545454545454,0.14373989364401724,4.181818181818182,0.385694607919935,9
324,0.21476479111429858,0.11173207377300914,0.18110556355287447,0.028765402519146985,0.0009699005863947906,0.0004068405569846859,100.0,0.0,64.54545454545455,1.9708621262435273,1.0454545454545454,0.14373989364401724,4.090909090909091,0.7925270806437588,9
325,0.22762851185543198,0.10707077996586442,0.1757499020064455,0.027159910228358654,0.000901413009415705,0.0003967171072714334,100.0,0.0,62.63636363636363,2.384523099746182,1.0909090909090908,0.28747978728803447,4.2727272727272725,0.9620913858416693,9
326,0.22572321247204027,0.09788953718656078,0.17522177311432474,0.02557662515377162,0.0010575434138630944,0.0005732023090844324,100.0,0.0,63.45454545454545,3.257540521303439,1.0909090909090908,0.28747978728803447,4.181818181818182,0.7158188976374373,9
327,0.24214594405221004,0.11208194902955972,0.17230138966346728,0.030044990262363836,0.001205460912050981,0.0009991040340532875,100.0,0.0,63.0,2.215646837627989,1.0,0.0,4.090909090909091,0.6680426571226848,9
328,0.263906933614967,0.1481729926457544,0.16832505030384287,0.035392032481502654,0.0013651709774582237,0.0007539235335333598,100.0,0.0,63.63636363636363,2.603240193322973,1.0,0.0,4.090909090909091,0.28747978728803447,9
329,0.29196976695767607,0.18010365555034646,0.16203490603024387,0.039911202426018165,0.0011020458995822365,0.0005163139503331807,100.0,0.0,64.0909090909091,3.175318035740542,1.0,0.0,4.2727272727272725,0.616575453011388,9
330,0.2956250254236254,0.17743509502358035,0.16108899434618312,0.038101137379281426,0.0010646417378167893,0.0006311442832185018,100.0,0.0,64.54545454545455,2.387986461193399,1.0,0.0,4.090909090909091,0.6680426571226848,9
331,0.29876001048082323,0.1605259646796675,0.15909378939553698,0.03408725328617907,0.0009708550206901687,0.0005810236740663452,100.0,0.0,62.81818181818182,2.442732516826255,1.1818181818181819,0.385694607919935,4.363636363636363,0.642824346533225,9
332,0.2957799183862234,0.1384779877515268,0.1596430209258976,0.03060502638272345,0.0009021959260792911,0.00045934000251708304,100.0,0.0,62.27272727272727,2.5616368733827946,1.0454545454545454,0.14373989364401724,4.181818181818182,0.7158188976374373,9
333,0.29384874371850506,0.12957369827610662,0.15939241720689565,0.03040264301390462,0.0009218186242618523,0.0004423139522100278,100.0,0.0,62.36363636363637,2.7393671224217027,1.1363636363636365,0.308287726505694,4.181818181818182,0.7158188976374373,9
334,0.2834427561102802,0.11834087998947877,0.16120559825779843,0.028138891198692756,0.0008499058779682053,0.00040310389756689075,100.0,0.0,64.0909090909091,4.03292236596706,1.0,0.0,4.545454545454546,0.9875254992000195,9
335,0.27730735861140937,0.11976489475582507,0.16338234407218352,0.030121624785363902,0.000917766882028024,0.0004552343135572944,100.0,0.0,62.36363636363637,4.051323628210398,1.2272727272727273,0.39101478486557395,4.2727272727272725,0.44536177141512334,9
336,0.27533233810453317,0.12828220176770685,0.16475483522488638,0.033619280008362146,0.0009613625846128411,0.0003935456322717008,100.0,0.0,63.36363636363637,4.205466729534683,1.2272727272727273,0.39101478486557395,4.090909090909091,0.51425947722658,9
337,0.2880287401547941,0.13366702335880035,0.16180203299668727,0.03256982828671725,0.0010768187943556427,0.0005088982439304399,100.0,0.0,64.72727272727273,3.305392538672335,1.0454545454545454,0.14373989364401724,4.0,0.7385489458759964,9
338,0.307053612692501,0.12742835909676045,0.15634505975893087,0.0295104120593936,0.001162267258043198,0.0005619195812221816,100.0,0.0,64.0909090909091,2.5745095015465997,1.0,0.0,4.181818181818182,0.5749595745760689,9
339,0.3280090207603598,0.1356171503843935,0.15150398256454092,0.030152279241521147,0.001064828597176985,0.000489725923710008,100.0,0.0,64.81818181818181,2.656661672036811,1.0,0.0,3.909090909090909,0.28747978728803447,9
340,0.3390033778809377,0.16055458115805152,0.14935730426045513,0.03463347695469892,0.0008638040618614014,0.00034097298009425374,100.0,0.0,64.0909090909091,2.7120788891229632,1.0,0.0,3.727272727272727,0.616575453011388,9
341,0.3402192349752268,0.1640748802702039,0.14867936908435134,0.034564541594414834,0.0009738194663560521,0.0005634988430796705,100.0,0.0,63.63636363636363,4.028821782938244,1.1818181818181819,0.38569460791993504,4.181818181818182,0.9359663764533637,9
342,0.350629974517659,0.15113430623382823,0.14463074201842638,0.032722320621636644,0.0012071636420989676,0.0008133493300353798,100.0,0.0,62.0,4.177863742936748,1.1818181818181819,0.38569460791993504,4.454545454545454,0.7820295697311479,9
343,0.36061212861638037,0.13822547548767755,0.14146912852828533,0.02995481783315943,0.0013085348430096325,0.0006196362919598322,100.0,0.0,64.18181818181819,3.1281182789245916,1.0454545454545454,0.14373989364401724,4.090909090909091,1.083306844346635,9
344,0.3871724591176861,0.13434857375576653,0.13625529599807965,0.028837231748896536,0.001322953699241758,0.0005611520425233144,100.0,0.0,62.0,1.8586407545691703,1.0,0.0,4.2727272727272725,0.44536177141512334,9
345,0.4132169099914041,0.14467354501142188,0.13079860370363203,0.029565528817493768,0.0013381380585164348,0.00043925719208340964,100.0,0.0,63.90909090909091,3.752684989190963,1.0909090909090908,0.28747978728803447,4.363636363636363,0.9791208740244552,9
346,0.43785828185726366,0.15865326304014887,0.12572049717153264,0.03298623391015919,0.0011188609667353035,0.00042708652568985983,100.0,0.0,63.72727272727273,3.6949820787093772,1.0909090909090908,0.28747978728803447,4.0,0.4264014327112209,9
347,0.44695268644001696,0.1577111981101434,0.12317223584328589,0.03189486433983315,0.0011909942992243123,0.0004734162854089956,100.0,0.0,64.36363636363636,2.9931050242098776,1.0,0.0,4.363636363636363,0.642824346533225,9
348,0.4544337705075298,0.15855327405880076,0.12192081185541691,0.03148168843212123,0.0011625624330999186,0.00044315183836318863,100.0,0.0,63.90909090909091,2.3531234737354154,1.0909090909090908,0.28747978728803447,3.909090909090909,0.668042657122685,9
349,0.4675586775105238,0.15743172684329643,0.11974274995163053,0.03067347979661676,0.0011185153146689825,0.0004634898840565598,100.0,0.0,62.81818181818182,2.9792672014861705,1.0,0.0,4.545454545454546,1.0756508696544755,9
350,0.4725156910911112,0.15344769843000627,0.1197985437268725,0.029841679181432854,0.001007761829806726,0.00040198789765053466,100.0,0.0,63.36363636363637,2.67217062849074,1.0909090909090908,0.28747978728803447,4.545454545454546,1.0756508696544755,9
351,0.49063669495239864,0.13862920996790148,0.11684850699108544,0.02590359535825339,0.0008765535962678074,0.00038128279982552324,100.0,0.0,63.36363636363637,1.2984415324623364,1.0,0.0,4.454545454545454,0.7820295697311479,9
352,0.4993798211631681,0.12586169803847996,0.11546903244663631,0.023216495757160744,0.0008081124637893149,0.00032154717353219734,100.0,0.0,63.54545454545455,2.5712973861329,1.1363636363636365,0.308287726505694,4.363636363636363,0.642824346533225,9
353,0.4956560749045282,0.11932342497328746,0.1161267737509438,0.022124234704870523,0.000799785799249566,0.0003708923494763089,100.0,0.0,63.63636363636363,3.7724534402266237,1.0454545454545454,0.14373989364401724,4.090909090909091,0.6680426571226848,9
354,0.5000206552737431,0.11488711942603061,0.1150984132375275,0.02137882852944963,0.0008807430150442413,0.0004224183434830306,100.0,0.0,61.54545454545455,2.5712973861329,1.1818181818181819,0.38569460791993504,4.181818181818182,0.7158188976374373,9
355,0.518709606136702,0.11494529073229894,0.11114891512754052,0.02051722549834759,0.0008918926302979856,0.0004458553142785722,100.0,0.0,64.36363636363636,2.459590774267033,1.0,0.0,4.454545454545454,0.7820295697311479,9
356,0.5193654232139493,0.111113723343003,0.10998966901728027,0.01998707439853295,0.0009131818603267564,0.00042032973514476184,100.0,0.0,63.09090909090909,3.2600765594620196,1.0909090909090908,0.28747978728803447,4.181818181818182,0.385694607919935,9
357,0.5318684412633639,0.11674784701775523,0.10733594752458453,0.021656630772778816,0.0009374315049406295,0.00045139655027687443,100.0,0.0,62.81818181818182,2.3671302847802793,1.0909090909090908,0.28747978728803447,4.363636363636363,0.642824346533225,9
358,0.553148138650451,0.1355017822997685,0.10342604322298009,0.0252196004495094,0.0009121037809243406,0.00047452573104243,100.0,0.0,63.45454545454545,3.257540521303439,1.0909090909090908,0.28747978728803447,4.363636363636363,0.4810456929208346,9
359,0.5524556650981545,0.13071738194234536,0.10301819188049492,0.024470053169456985,0.0009564430577314009,0.0004654988204889954,100.0,0.0,62.72727272727273,2.4528613751330983,1.0909090909090908,0.28747978728803447,4.2727272727272725,0.616575453011388,9
360,0.5737824909501404,0.13184609766634992,0.09839453906381389,0.025273378530425678,0.0010231734102982262,0.0006921317004954643,100.0,0.0,64.0,2.1320071635561044,1.0,0.0,3.909090909090909,0.6680426571226848,9
361,0.5879284874835489,0.12346947899814871,0.09512033706799276,0.024359641828953504,0.0011058774565671705,0.0007090341411524877,100.0,0.0,64.63636363636364,4.312196809320517,1.1818181818181819,0.38569460791993504,3.8181818181818183,0.7158188976374373,9
362,0.6068956188814637,0.11777737120533276,0.09204095258753521,0.023742014249527033,0.0011082874106234898,0.0005421710426165229,100.0,0.0,62.09090909090909,2.5028908905338554,1.0454545454545454,0.14373989364401724,4.454545454545454,0.49792959773196915,9
363,0.6281911779306294,0.10796676209910772,0.08885125639121222,0.02151132627485835,0.0010690333107322599,0.00046974975085521654,100.0,0.0,63.63636363636363,4.051323628210398,1.0909090909090908,0.28747978728803447,3.909090909090909,0.51425947722658,9
364,0.6533645825625233,0.09010624784656265,0.08454737786413519,0.01928939286527168,0.0009566739723905868,0.00037383616422111783,100.0,0.0,62.90909090909091,2.6783490659374976,1.0,0.0,4.454545454545454,0.49792959773196915,9
365,0.6674122720032843,0.08308776447688286,0.08385065563215202,0.016777556010933208,0.0007789084202813924,0.00040935651326024766,100.0,0.0,63.81818181818182,3.3795691446256555,1.0,0.0,4.545454545454546,0.8907235428302465,9
366,0.6823415131593895,0.08066744698265257,0.07995013398674566,0.01726370365564095,0.0008139088353357866,0.0004298249432731735,100.0,0.0,62.81818181818182,3.297883117675828,1.0909090909090908,0.28747978728803447,4.181818181818182,0.9359663764533637,9
367,0.6976665590552963,0.07119937036249091,0.07701736557891974,0.01419649380608653,0.0007852168914468064,0.0004041800752627993,100.0,0.0,63.81818181818182,3.459326834625536,1.0,0.0,4.2727272727272725,0.616575453011388,9
368,0.7007790533497665,0.07035590951388601,0.07477203847847513,0.014428055752962113,0.0009011734054315941,0.0004216956197717908,100.0,0.0,64.9090909090909,2.937362622073366,1.0,0.0,4.0,0.6030226891555273,9
369,0.7075350168879097,0.06703846843104741,0.0720657918603203,0.014099408122337474,0.000969058368912526,0.0005344856815011519,100.0,0.0,63.36363636363637,3.11222595793158,1.0909090909090908,0.28747978728803447,4.090909090909091,0.668042657122685,9
370,0.710859144542694,0.06963039079111973,0.07098240691908599,0.014857656055914624,0.0010131557553233687,0.000531504051347143,100.0,0.0,64.72727272727273,2.766386191764171,1.0454545454545454,0.14373989364401724,4.0,0.6030226891555273,9
371,0.728829758330184,0.06829461587836717,0.06718663727967147,0.016721029716534944,0.0009629745389539698,0.000481381392318839,100.0,0.0,63.54545454545455,2.8719216361693296,1.0,0.0,4.090909090909091,0.51425947722658,9
372,0.7371163867382947,0.06164325755304559,0.06419561355521898,0.01651640916604013,0.0010743756269660924,0.0004917955813716117,100.0,0.0,63.45454545454545,2.1046976186891317,1.0909090909090908,0.28747978728803447,3.727272727272727,0.616575453011388,9
373,0.7424076697264382,0.06424360027666429,0.06374816682493643,0.016169874037011294,0.0010412012107127706,0.000491673321811778,100.0,0.0,63.09090909090909,2.937362622073366,1.0909090909090908,0.28747978728803447,4.181818181818182,0.5749595745760689,9
374,0.7613196910243989,0.07388248912277053,0.06037375246369605,0.016977890482294426,0.0009313449247869761,0.00041304166962037814,100.0,0.0,64.63636363636364,2.5324342322152944,1.0,0.0,4.090909090909091,0.668042657122685,9
375,0.7736403281239038,0.06957070306560037,0.05668475757747407,0.01630558922008162,0.0009859394285114927,0.00041868356769346867,100.0,0.0,65.0909090909091,4.316028171079716,1.0909090909090908,0.28747978728803447,4.454545454545454,1.304790917673393,9
376,0.7847434182788722,0.06827329160971622,0.053858469420970674,0.017436399029906808,0.0009671222148237385,0.00039728601784255806,100.0,0.0,63.54545454545455,2.1893808325076902,1.0,0.0,4.636363636363637,0.642824346533225,9
377,0.8089862890972701,0.05992580715282411,0.0497864068941456,0.015661181306350688,0.000904929155128137,0.00046117589639299144,100.0,0.0,62.81818181818182,3.4855071841237844,1.0454545454545454,0.14373989364401724,4.181818181818182,0.7158188976374373,9
378,0.8218563459272116,0.05579388229755907,0.04729068878677955,0.015516391035624966,0.0008308047722523419,0.00040304377156539264,100.0,0.0,65.0,4.0,1.0909090909090908,0.28747978728803447,4.0,0.7385489458759964,9
379,0.8340303640163816,0.05427311715513939,0.04351854620105406,0.015437335864258645,0.0008494646974467527,0.00051571694584612,100.0,0.0,63.36363636363637,3.170108322575035,1.0454545454545454,0.14373989364401724,4.2727272727272725,1.0523488093445659,9
380,0.8391525712311197,0.04911636519504396,0.04197852408673857,0.012639426285150244,0.0008857549450431556,0.0003711056534717857,100.0,0.0,63.36363636363637,2.532434232215295,1.0,0.0,4.090909090909091,0.668042657122685,9
381,0.85692429844041,0.04247157203833045,0.03676670295149065,0.013920173362146558,0.0008595576649491774,0.0003373323772099097,100.0,0.0,63.27272727272727,2.987577586391815,1.1818181818181819,0.385694607919935,3.909090909090909,0.7925270806437588,9
382,0.8634943429857137,0.03769700569271171,0.03451868862777136,0.013172933292378348,0.0008664829229032816,0.000362519182379441,100.0,0.0,63.45454545454545,2.18938083250769,1.0,0.0,4.2727272727272725,1.0523488093445659,9
383,0.8679279901462666,0.031895066969300875,0.03163313526725347,0.012379836012078108,0.0009153476340819537,0.000289400147226094,100.0,0.0,61.36363636363637,2.931730090290382,1.0909090909090908,0.28747978728803447,4.2727272727272725,0.7496555682941201,9
384,0.8821818049102595,0.03569123530860488,0.02886434218482428,0.010483199906445601,0.0008467786523652518,0.00032296582334393685,100.0,0.0,62.45454545454545,2.9345477075579947,1.0909090909090908,0.28747978728803447,4.909090909090909,0.6680426571226848,9
385,0.8904477374476866,0.02853602950245492,0.028037898740249187,0.009935388186417017,0.0007616868686589319,0.0002273843490866405,100.0,0.0,65.0909090909091,2.7120788891229632,1.0,0.0,4.0,0.7385489458759964,9
386,0.902024450451352,0.023594559965262052,0.024124009303302364,0.008883439238249437,0.0007256878649163332,0.00025066708467745455,100.0,0.0,64.81818181818181,1.849726359034164,1.0,0.0,4.090909090909091,0.7925270806437588,9
387,0.9026246107030903,0.02340046397144441,0.020872718343022498,0.008665782796697405,0.0008013216189272035,0.0002763761481429241,100.0,0.0,64.18181818181819,2.289032420366213,1.0,0.0,4.181818181818182,0.7158188976374373,9
388,0.901993089295636,0.025912778940601705,0.023788789021709486,0.008270293738620836,0.0007664990679822004,0.0002670786605837842,100.0,0.0,63.81818181818182,2.9485954073139737,1.0,0.0,3.909090909090909,0.6680426571226848,9
389,0.9067028833972395,0.03251478584711031,0.021866811363098423,0.007660618935000979,0.000763846372972951,0.00033619495609598423,100.0,0.0,63.54545454545455,3.0260576321987704,1.0454545454545454,0.14373989364401724,4.545454545454546,0.655554777357089,9
390,0.9065917706210036,0.034856296642140246,0.0210659209149074,0.01088935864865819,0.0007507752172281143,0.0003275506625718414,100.0,0.0,63.18181818181818,3.2978831176758283,1.0909090909090908,0.28747978728803447,3.909090909090909,0.28747978728803447,9
391,0.9027926609165836,0.042885822556151726,0.023182074651881743,0.011919438847371221,0.0007421942462471273,0.00032726991076694346,100.0,0.0,63.72727272727273,3.1069104528427385,1.0,0.0,4.090909090909091,0.668042657122685,9
392,0.8932628286557214,0.040836010706415314,0.024998645975272505,0.013004293245690872,0.0008117024333967319,0.00029545856384631877,100.0,0.0,63.45454545454545,3.257540521303439,1.1818181818181819,0.38569460791993504,3.727272727272727,0.616575453011388,9
393,0.892132643525801,0.047543798288522496,0.02603332737325229,0.013389961816486794,0.0007933285318756383,0.00038302073816237636,100.0,0.0,64.63636363636364,1.9666643320712667,1.0,0.0,5.181818181818182,1.4024771473219557,9
394,0.8784600884162302,0.05270758275033472,0.030070781021111184,0.01600376223578332,0.0008069412757882432,0.00036725570629310433,100.0,0.0,63.27272727272727,4.024717022032483,1.0454545454545454,0.14373989364401724,4.090909090909091,0.6680426571226848,9
395,0.8735001746731231,0.05834592912433143,0.034379984771154906,0.014922393846750153,0.0007496165637875548,0.0003550510608830852,100.0,0.0,62.81818181818182,2.4427325168262555,1.1363636363636365,0.308287726505694,4.181818181818182,0.385694607919935,9
396,0.8568676894806004,0.05247145464510709,0.03896646325722375,0.013791300246337537,0.0008150947868867112,0.0003272409621569459,100.0,0.0,63.72727272727273,2.8948515141983013,1.0909090909090908,0.28747978728803447,4.454545454545454,0.7820295697311479,9
397,0.8494430312056405,0.055963385037184746,0.04187308006862881,0.014398640944185715,0.0007536465771382519,0.0003614285327366137,100.0,0.0,62.09090909090909,3.1175323999058633,1.0909090909090908,0.28747978728803447,4.636363636363637,0.77138921583987,9
398,0.8298652438548255,0.05150474011490414,0.047750191112746296,0.012041804324564101,0.0007738290983046383,0.00030030493297197825,100.0,0.0,63.90909090909091,2.6783490659374976,1.0909090909090908,0.28747978728803447,4.0,0.4264014327112209,9
399,0.8097405155971246,0.05065898381354526,0.05242165625084236,0.010993931703634382,0.0008491639613912011,0.0003196848887235103,100.0,0.0,62.90909090909091,2.7453943400984544,1.0909090909090908,0.28747978728803447,4.2727272727272725,0.8624393618641034,9
400,0.8010176194711227,0.057560036544151955,0.05512109112960777,0.012105079441564753,0.0007692864379884544,0.0002811961296632691,100.0,0.0,61.81818181818182,3.009626428590336,1.0,0.0,4.363636363636363,0.642824346533225,9
401,0.7885690747752374,0.06714078519798485,0.05797135152999555,0.014207809371874455,0.0007349978367501654,0.0002567573948856505,100.0,0.0,64.0,2.174229226018436,1.1818181818181819,0.38569460791993504,4.2727272727272725,0.8624393618641034,9
402,0.7628175903604816,0.07088726891289857,0.06458170332959433,0.014004016517623867,0.000690381432848764,0.0002767247971677833,100.0,0.0,62.54545454545455,2.9958649187789237,1.0909090909090908,0.28747978728803447,4.454545454545454,0.9875254992000195,9
403,0.7255734875009942,0.07835147746350136,0.07264563801596925,0.014575719780629999,0.000678009413410361,0.00026591035608455757,100.0,0.0,62.90909090909091,2.9062486114810513,1.0909090909090908,0.28747978728803447,4.090909090909091,0.51425947722658,9
404,0.6896140006572332,0.08785293522469152,0.07858478826824383,0.01587905507919742,0.0007588994453343757,0.000384114777695763,100.0,0.0,64.27272727272727,2.135880022631042,1.0,0.0,4.181818181818182,0.5749595745760689,9
405,0.6526961287730189,0.09379862926454804,0.08604566028524155,0.016354177187020015,0.0007143366049006411,0.0003249433061399494,100.0,0.0,64.54545454545455,2.7090298955911525,1.0,0.0,4.181818181818182,0.5749595745760689,9
406,0.6264887842401768,0.09362593228430163,0.09056626499692205,0.016705109429503033,0.0007678873608998744,0.00035768892066803334,100.0,0.0,62.0,4.492417854765759,1.1818181818181819,0.38569460791993504,4.090909090909091,0.7925270806437589,9
407,0.6037779190568601,0.08320224212259814,0.09400465799307436,0.016190409690733872,0.0008653211731156209,0.0003443683169995655,100.0,0.0,64.54545454545455,2.8400907912387834,1.0,0.0,4.454545454545454,0.49792959773196915,9
408,0.5854563247009391,0.08491869823467099,0.09850588225033753,0.01612478442325797,0.0007713024969069738,0.00028744934422784366,100.0,0.0,62.0,3.1333978072025612,1.2727272727272727,0.4453617714151233,4.181818181818182,0.385694607919935,9
409,0.5557101571978715,0.08392983555500534,0.10440849523251194,0.015539575181409531,0.0007330875984221962,0.0002687880881877738,100.0,0.0,63.63636363636363,3.1413004623947267,1.0454545454545454,0.14373989364401724,4.2727272727272725,0.44536177141512334,9
410,0.531444050576533,0.07330921003546058,0.10882040100114304,0.013903335206182279,0.0007823306748336725,0.00030133821073234965,100.0,0.0,63.45454545454545,2.3496087242400154,1.0,0.0,4.363636363636363,1.0679400113155209,9
411,0.5091719873014371,0.0746779776784967,0.112032290519485,0.015293541838696257,0.0008682222286863432,0.0003807295268819122,100.0,0.0,62.63636363636363,2.568081253059188,1.0909090909090908,0.28747978728803447,4.363636363636363,0.77138921583987,9
412,0.4910322707333409,0.061183471619376664,0.11555180747302121,0.012431076678571502,0.0009535085917724734,0.00040565721788378287,100.0,0.0,63.54545454545455,2.425757102568424,1.0,0.0,4.090909090909091,0.7925270806437589,9
413,0.4980261054676367,0.06723223529043557,0.11414069464301053,0.014461994028098129,0.0009972334043962753,0.0006431048382767297,100.0,0.0,64.27272727272727,2.766386191764171,1.0,0.0,4.454545454545454,0.655554777357089,9
414,0.49989117209598405,0.10306319949577489,0.11369261935571967,0.021628267340061947,0.0009262810292041422,0.0005653431980579317,100.0,0.0,63.36363636363637,2.5324342322152944,1.0,0.0,4.545454545454546,0.655554777357089,9
415,0.496192980219907,0.13845222572786642,0.11466166713666212,0.02701244770299685,0.0008500162100139284,0.0003852158643641461,100.0,0.0,63.81818181818182,2.3671302847802793,1.0909090909090908,0.28747978728803447,4.181818181818182,0.385694607919935,9
416,0.47996978080616887,0.13664354038784102,0.1185775938964826,0.025553495111724278,0.0008264139475773866,0.0004959437148766774,100.0,0.0,64.0909090909091,2.874797872880345,1.0,0.0,4.181818181818182,0.7158188976374373,9
417,0.46304903060953395,0.13512190013489075,0.12221127469574546,0.026512310305094277,0.000897914924588554,0.0005849079557338408,100.0,0.0,65.18181818181819,3.2702010452009,1.0,0.0,4.363636363636363,0.642824346533225,9
418,0.46083265115284566,0.14056713842041216,0.12272780492888057,0.027558797184832905,0.0008954704235656763,0.0005668177540233341,100.0,0.0,62.0,3.668043818514912,1.0909090909090908,0.28747978728803447,4.363636363636363,0.77138921583987,9
419,0.45756615374816206,0.15104890575038218,0.12377683496252527,0.030498409339749274,0.0008454531640158816,0.0004320732931541861,100.0,0.0,62.45454545454545,3.08555686335948,1.2727272727272727,0.4453617714151233,3.727272727272727,0.616575453011388,9
420,0.4423717249139809,0.1411439319596575,0.1270891874618902,0.0287696757542621,0.0009150985450794573,0.0004564878449388782,100.0,0.0,64.36363636363636,2.384523099746182,1.0909090909090908,0.28747978728803447,4.0,0.7385489458759964,9
421,0.4425576644563882,0.14630414727361377,0.12569143238859695,0.03241092498093324,0.0010454198002503156,0.0005739204629046109,100.0,0.0,64.45454545454545,1.970862126243527,1.0,0.0,4.2727272727272725,0.616575453011388,9
422,0.42894921989916424,0.1489895061013636,0.12929744617878294,0.03218603871037094,0.0009906060311398361,0.00033568642808919606,100.0,0.0,63.90909090909091,4.440608997025386,1.1818181818181819,0.38569460791993504,3.727272727272727,0.44536177141512323,9
423,0.4107938937928829,0.14917260858335,0.13261299027414122,0.0343139008351307,0.0010555270546348068,0.0004989922395690728,100.0,0.0,62.36363636363637,3.7239452996843716,1.1818181818181819,0.38569460791993504,4.181818181818182,1.0285189544531599,9
424,0.3915249836606924,0.1435673378629229,0.1350678259670105,0.03639863365856754,0.0012226775686810833,0.0007934293808769622,100.0,0.0,64.0909090909091,2.391444806902892,1.0,0.0,4.0,0.4264014327112209,9
425,0.3817576823565545,0.14146429947502448,0.13547311108222104,0.03743224050300875,0.0011922965466331411,0.0009158455973004065,100.0,0.0,63.54545454545455,2.0610516452281153,1.0909090909090908,0.28747978728803447,4.7272727272727275,1.052348809344566,9
426,0.3594928766188631,0.15193984191522703,0.1407087794695425,0.03993141826545422,0.0011985572679280307,0.0007843522043632253,100.0,0.0,63.63636363636363,2.10076727423479,1.0909090909090908,0.1928473039599675,4.0,0.6030226891555273,9
427,0.35811129629367694,0.1696530579675593,0.14305711127219053,0.040595234321005286,0.0011320022112257424,0.000607879789097187,100.0,0.0,64.9090909090909,3.8008263564303406,1.0909090909090908,0.28747978728803447,4.2727272727272725,0.616575453011388,9
428,0.3563418874222444,0.1809547684549974,0.14423567201911502,0.04040718837485922,0.0010801246784544075,0.000768686341573158,100.0,0.0,64.54545454545455,3.2295126669693834,1.0,0.0,4.0,0.4264014327112209,9
429,0.3460170675692164,0.18878036283907135,0.1481944309495984,0.04248213957570331,0.001044534554428702,0.0007798508717236698,100.0,0.0,61.72727272727273,2.259964162664737,1.1818181818181819,0.38569460791993504,4.2727272727272725,0.44536177141512334,9
430,0.34599074875967956,0.19238298667043183,0.1490787857181792,0.042206202658244645,0.0010108597546573666,0.0004905927616913468,100.0,0.0,63.90909090909091,2.2342192231717286,1.1363636363636365,0.308287726505694,4.181818181818182,0.7158188976374373,9
431,0.34315934297786027,0.1835314982079498,0.1506594538117491,0.04029571544531956,0.0008920729965847721,0.00026278790258048724,100.0,0.0,61.81818181818182,2.328408813611945,1.1363636363636365,0.308287726505694,4.181818181818182,0.385694607919935,9
432,0.33511822233413663,0.18050697079934228,0.15257916878385583,0.039034357598354566,0.0010027886992458159,0.0006185799231820979,100.0,0.0,65.18181818181819,1.8497263590341642,1.0,0.0,4.090909090909091,0.7925270806437589,9
433,0.32793889853228725,0.17444409387955992,0.15288251423346622,0.039739320918244926,0.0010223183179160127,0.0006281338293381828,100.0,0.0,62.45454545454545,2.7753340949952268,1.1818181818181819,0.385694607919935,4.454545454545454,0.49792959773196915,9
434,0.33439932594987337,0.18292580770345374,0.15257368943356764,0.04223640228087702,0.00136183829087223,0.0006188950003883499,100.0,0.0,61.81818181818182,2.8862741575250084,1.1363636363636365,0.308287726505694,4.181818181818182,0.5749595745760689,9
435,0.3698930614839399,0.2003737129686574,0.14669418060314585,0.04591999416091742,0.0016768053713875908,0.000716416797262143,100.0,0.0,65.27272727272727,2.987577586391815,1.0,0.0,4.0,0.6030226891555273,9
436,0.4276237610696072,0.20953477639209764,0.13369133393712423,0.04473156628403201,0.0011340304487890067,0.0007327180371309636,100.0,0.0,64.63636363636364,2.4962782214083603,1.0909090909090908,0.28747978728803447,4.090909090909091,0.28747978728803447,9
437,0.41991476658154914,0.22034410013401948,0.1363955540107917,0.047869022304647464,0.0005572368681849902,0.0005019102298222551,100.0,0.0,63.0,3.592922335521728,1.0909090909090908,0.28747978728803447,4.181818181818182,0.9359663764533636,9
438,0.37319487596015366,0.20116331191070141,0.14648215760323527,0.045218269887986516,0.0006369599453138581,0.00034730611391035974,100.0,0.0,63.09090909090909,2.466301812045552,1.0,0.0,4.545454545454546,0.655554777357089,9
439,0.3444254470334841,0.17180427867620146,0.14931536733148315,0.03728668771347132,0.0006694597556561841,0.00034106096166446916,100.0,0.0,63.63636363636363,3.723945299684371,1.0454545454545454,0.14373989364401724,4.2727272727272725,0.44536177141512334,9
440,0.3178643813913334,0.14926506839793635,0.1544178139558158,0.03319458268837566,0.0007761219921567859,0.0002745839607333117,100.0,0.0,63.36363636363637,3.3377381364883307,1.1818181818181819,0.385694607919935,3.909090909090909,0.668042657122685,9
441,0.2783909796978222,0.13628182323097918,0.163863473105313,0.03158463387729987,0.0007862169727984997,0.00035649381239634295,100.0,0.0,62.72727272727273,2.377581241931276,1.0454545454545454,0.14373989364401724,4.7272727272727275,0.616575453011388,9
442,0.254016462048696,0.12223783532582384,0.16979521003777653,0.030418601357210178,0.0008781081034210761,0.000486305174845657,100.0,0.0,62.81818181818182,3.432946834272583,1.0909090909090908,0.28747978728803447,4.090909090909091,0.51425947722658,9
443,0.23500828207405586,0.11744550455309209,0.17416349449237611,0.03177130537207289,0.0008570217861817472,0.0005393869279659243,100.0,0.0,62.54545454545455,3.6272613351381824,1.1363636363636365,0.308287726505694,4.545454545454546,1.233150906022776,9
444,0.22645499279272227,0.1184837844944561,0.17710123125626487,0.03081915583802104,0.0009338414857262589,0.0005222169204899943,100.0,0.0,64.36363636363636,2.185602778212965,1.0,0.0,4.090909090909091,0.7925270806437588,9
445,0.21597374374436337,0.12205108560632946,0.1809144186180032,0.0332104297575729,0.0009611400416828195,0.00046179172423333555,100.0,0.0,63.18181818181818,3.613564893518507,1.0,0.0,4.2727272727272725,0.44536177141512334,9
446,0.2167341825561263,0.11673437147662097,0.18166758391510923,0.03318245938054707,0.0009010116583051213,0.00045909238169930484,100.0,0.0,62.54545454545455,2.535695578360246,1.0,0.0,4.363636363636363,0.4810456929208346,9
447,0.2205964469657844,0.10917827932987079,0.18095226156164085,0.03243239167968671,0.000846246748928307,0.000410620827395182,100.0,0.0,60.54545454545455,2.01646118298353,1.1363636363636365,0.308287726505694,3.909090909090909,0.28747978728803447,9
448,0.2257830389740908,0.09773207050766015,0.17720965947264825,0.026649165554069938,0.0007726875102356666,0.00047637849557426913,100.0,0.0,63.0,3.4902461491731755,1.0,0.0,4.181818181818182,1.02851895445316,9
449,0.20930311923004544,0.10036476924503585,0.18256645373382382,0.027810056629335406,0.0007134695259441475,0.00042010263633464757,100.0,0.0,63.09090909090909,2.5028908905338554,1.0909090909090908,0.28747978728803447,4.181818181818182,0.385694607919935,9
450,0.20601278270772203,0.11201925861478401,0.1853945367579268,0.02955588778215835,0.0007600246887352818,0.000552674197219614,100.0,0.0,64.63636363636364,2.5680812530591877,1.0,0.0,4.2727272727272725,0.9620913858416693,9
451,0.21599743789297443,0.11722398879100407,0.17997336663922875,0.02921281703776856,0.0007436557854074377,0.0005920866842940145,100.0,0.0,63.09090909090909,3.232070697205669,1.0454545454545454,0.14373989364401724,4.363636363636363,0.8813963377120598,9
452,0.190341569705616,0.11541750055630526,0.1876405021115686,0.03145555677918557,0.0008052931775863263,0.0007695063175155436,100.0,0.0,63.0,3.330301651638946,1.0,0.0,4.181818181818182,0.8331955809010617,9
453,0.1600380992073648,0.09460466676297269,0.19568243758738246,0.028966223179758385,0.0009175087759876765,0.0008730930463990459,100.0,0.0,63.18181818181818,2.6566616720368104,1.0909090909090908,0.28747978728803447,4.181818181818182,0.5749595745760689,9
454,0.15101183169564655,0.07142085460509733,0.1968354508244912,0.02192364912172582,0.0009454238530510553,0.0007194993867289474,100.0,0.0,64.54545454545455,2.3496087242400154,1.0,0.0,3.909090909090909,0.51425947722658,9
455,0.13825365021135128,0.05642619784014401,0.19997798528384997,0.020289482512232122,0.0010745442219069561,0.0010365218450999769,100.0,0.0,63.0,3.9772077916777016,1.0909090909090908,0.28747978728803447,4.363636363636363,1.1499191491521379,9
456,0.12927486505851515,0.04707768043059296,0.20356794484532817,0.017546567303283567,0.0011935875473511528,0.0007834663753904698,100.0,0.0,63.54545454545455,2.7090298955911525,1.0,0.0,4.090909090909091,0.51425947722658,9
457,0.13838128704259758,0.05031817699017896,0.2025771225480301,0.014809284377671789,0.000865349096478129,0.00039923143790786204,100.0,0.0,64.54545454545455,4.142103909052551,1.0,0.0,4.545454545454546,0.655554777357089,9
458,0.14809678912911692,0.07148619103440775,0.20180733976465162,0.0235051567162132,0.0005824449185584346,0.00038045296515831317,100.0,0.0,62.72727272727273,3.620419591225432,1.0909090909090908,0.28747978728803447,4.454545454545454,0.8907235428302466,9
459,0.14952036873977448,0.0628583316292611,0.1993912797928813,0.02173652698542874,0.0007072811505990487,0.000369158221809527,100.0,0.0,65.36363636363636,2.804954294643911,1.0,0.0,4.2727272727272725,0.8624393618641034,9
460,0.15898379230789508,0.06396126114067628,0.19443596145306363,0.016675281176138982,0.0006055008949232072,0.00045798576833611413,100.0,0.0,62.36363636363637,3.574473318425,1.0,0.0,4.181818181818182,0.5749595745760689,9
461,0.1263958295604878,0.05806476617852956,0.2056670339671189,0.018114487445824414,0.0005765925564468009,0.00043425573738828827,100.0,0.0,64.0,2.335496832484569,1.0454545454545454,0.14373989364401724,4.0,0.7385489458759964,9
462,0.10543724532258793,0.04131551584358925,0.21447363948683293,0.014744074921917559,0.0008835477920646398,0.0006593377231008243,100.0,0.0,65.18181818181819,2.622219109428356,1.0,0.0,3.8181818181818183,0.7158188976374373,9
463,0.12064439625243714,0.058923188016874045,0.2075726815974065,0.02203466829349685,0.0008728435162142761,0.0009024175283852419,100.0,0.0,63.18181818181818,2.442732516826255,1.0909090909090908,0.28747978728803447,4.181818181818182,0.8331955809010617,9
464,0.1173698111167104,0.05113531333710058,0.20975734219197648,0.020051039008832133,0.0007822527160030276,0.0006447082953846007,100.0,0.0,65.63636363636364,3.053246477044848,1.0,0.0,4.0,0.4264014327112209,9
465,0.11900385943705215,0.0507450713500959,0.2095179668794919,0.021710935458639696,0.000633044072790506,0.0005417222071513352,100.0,0.0,66.27272727272727,2.525898907172692,1.0,0.0,4.0,1.1281521496355325,9
466,0.11943986221095164,0.04419393900041036,0.20873433393596297,0.0184852447774658,0.0008373158667200377,0.0006804298865187256,100.0,0.0,63.63636363636363,2.9317300902903813,1.0,0.0,4.2727272727272725,0.616575453011388,9
467,0.13223177342000228,0.05110276443863446,0.20426196480732003,0.02110244422027932,0.0009866111171656629,0.0007784897490613556,100.0,0.0,63.36363636363637,3.255002507266937,1.1818181818181819,0.38569460791993504,4.2727272727272725,0.8624393618641034,9
468,0.14145566004606341,0.0674359115985814,0.20102267591261533,0.02365649984606637,0.0008384530097913183,0.0006175500529195322,100.0,0.0,64.72727272727273,3.51854590552066,1.0454545454545454,0.14373989364401724,4.0,0.6030226891555273,9
469,0.13706750494072772,0.05457506840983296,0.2008904467500831,0.01811226411391103,0.0008498573157697566,0.0007223103429082688,100.0,0.0,63.6,2.8000000000000003,1.1,0.3,4.1,0.5385164807134504,10
470,0.14464643542058023,0.04837595556938625,0.1998590568552503,0.01651044822097947,0.0007631389510252275,0.0005657304107151348,100.0,0.0,61.9,1.8681541692269403,1.1,0.3,4.2,0.39999999999999997,10
471,0.15399384163837107,0.07332171307218843,0.1985999943603584,0.02327519974290669,0.0006263146322342034,0.0005435412316351836,100.0,0.0,64.0,2.756809750418044,1.0,0.0,4.4,0.66332495807108,10
472,0.15129573167754334,0.07383047885543131,0.20051303334113543,0.02335993581707572,0.0007903842369342568,0.0006894254439368041,100.0,0.0,61.9,2.879236009777594,1.1,0.3,4.2,0.7483314773547882,10
473,0.16017527964624334,0.08073808255663271,0.19678942156071588,0.02692194156584353,0.000643445195986739,0.0005322779845391323,100.0,0.0,62.0,2.8635642126552705,1.1,0.3,4.2,0.39999999999999997,10
474,0.16994813517089108,0.07018536703476905,0.1917837604728218,0.018754403922931488,0.0007893422997076217,0.000743627203183623,100.0,0.0,64.5,2.3345235059857505,1.1,0.3,4.3,0.6403124237432849,10
475,0.1550266198778383,0.09048679167859838,0.19792154729290767,0.025360715901977138,0.0006729559677803864,0.000503084763057963,100.0,0.0,65.4,3.006659275674582,1.0,0.0,4.2,0.8717797887081347,10
476,0.147002728567154,0.0766118961071183,0.20122693205839887,0.021292663477141635,0.0007379538790723732,0.0003488419965183534,100.0,0.0,64.0,3.8987177379235853,1.05,0.15,4.1,0.7000000000000001,10
477,0.1460713861808421,0.09986685981121662,0.20252021182561472,0.027760118106297717,0.0005287211649053383,0.00031956131205316423,100.0,0.0,62.2,3.5156791662493894,1.1,0.3,4.5,0.5,10
478,0.12497795230094229,0.08691328885741983,0.20967347456751284,0.025934027720076722,0.0006839926446424725,0.00037089634825361313,100.0,0.0,63.2,2.4,1.0,0.0,4.2,0.6,10
479,0.13103378802540105,0.05731172706017191,0.20458460139426687,0.019293076032376042,0.0008991518721127419,0.00042302394175932614,100.0,0.0,64.2,2.9257477676655586,1.0,0.0,4.7,1.004987562112089,10
480,0.12300821993653469,0.056865058339593155,0.20758431041284137,0.01982473917968134,0.0008835268488093077,0.0005582706145930575,100.0,0.0,64.3,3.8223029707232787,1.0,0.0,4.1,0.5385164807134504,10
481,0.13079353636399615,0.05574098745714449,0.20452519263832425,0.018224704645886287,0.0007235981069893413,0.00045998107546893843,100.0,0.0,62.9,3.2078029864690882,1.1,0.3,4.0,0.4472135954999579,10
482,0.12386739579900356,0.04595242223423405,0.20730280474264387,0.019143786624996145,0.0009628702788918756,0.0008922732071341557,100.0,0.0,62.9,3.2388269481403293,1.05,0.15,4.1,0.5385164807134504,10
483,0.1356868420679612,0.03994585043540785,0.20051130084516117,0.01386599075950418,0.0012048595801651284,0.0010053459945955294,100.0,0.0,63.0,3.1622776601683795,1.0,0.0,4.3,0.6403124237432849,10
484,0.13184709421596325,0.04610300663502662,0.20275088911859665,0.01695921798632802,0.0010920107691108013,0.0009404186101018283,100.0,0.0,64.2,2.3151673805580453,1.0,0.0,4.3,0.7810249675906654,10
485,0.13710704811586932,0.046454199845067844,0.20069948127008214,0.01756993727929215,0.0009171379070395972,0.0007771399827301552,100.0,0.0,61.9,3.477067730142742,1.2,0.33166247903554,4.5,0.9219544457292888,10
486,0.1394661228007557,0.06396086485165411,0.20128177750023504,0.02359559049785421,0.0010691716694616643,0.0012537522260859697,100.0,0.0,64.0,2.7202941017470885,1.1,0.3,4.4,0.4898979485566356,10
487,0.14491645406445702,0.08536267101426762,0.2018888627961486,0.025061934202927447,0.0007606939797070653,0.0007218886010559306,100.0,0.0,65.0,3.492849839314596,1.1,0.3,3.9,0.5385164807134505,10
488,0.1348588371072626,0.08239971989878794,0.20679557470106782,0.026097026217539135,0.0005688666432047258,0.0005384608191859252,100.0,0.0,60.7,3.2264531609803355,1.1,0.19999999999999998,5.0,1.3416407864998738,10
489,0.1474388795847523,0.05942711998340293,0.19811375960866395,0.017318262415501426,0.0009515274827292897,0.0006031505488344363,100.0,0.0,62.4,4.1521078984053394,1.1,0.19999999999999998,4.4,1.0198039027185568,10
490,0.14142940165010812,0.06205541829382179,0.20308370476191442,0.02128718304848419,0.0009302972779538989,0.0007486367195487136,100.0,0.0,63.2,2.85657137141714,1.05,0.15,4.0,0.7745966692414834,10
491,0.1629226103360914,0.08203446699299254,0.19822621956373815,0.02683684778197413,0.0005089365465291704,0.00037404370463213883,100.0,0.0,63.0,2.756809750418044,1.0,0.0,4.3,0.6403124237432849,10
492,0.16273280925109151,0.07885145389170906,0.19533247512202837,0.026698412892339332,0.000738973569610464,0.0005340463591578702,100.0,0.0,64.4,3.006659275674582,1.0,0.0,4.0,0.4472135954999579,10
493,0.14972965961417872,0.05492439299503604,0.19775336675799834,0.02085934022759269,0.0006707525487895337,0.000540443412955057,100.0,0.0,62.4,1.3564659966250538,1.1,0.3,4.3,0.7810249675906654,10
494,0.13697182975817065,0.05309690839512884,0.20379059303953023,0.017947250309841498,0.000740355782443557,0.00045262338197302567,100.0,0.0,63.2,2.891366458960192,1.1,0.3,4.1,1.0440306508910548,10
495,0.13761576874829878,0.07123404193154553,0.2045432814449975,0.024390215158912314,0.0008419371819738933,0.0005880409896293794,100.0,0.0,63.7,2.4103941586387903,1.0,0.0,4.2,0.8717797887081347,10
496,0.13895416444187536,0.052131630300962274,0.2003681004534598,0.021322990889694974,0.0009908289071540732,0.0006999502535318382,100.0,0.0,62.6,2.8000000000000003,1.1,0.3,4.3,0.6403124237432849,10
497,0.12208634268514236,0.03645524516521554,0.20545278595746247,0.014194461003962999,0.0010488768494151127,0.0006564467401602578,100.0,0.0,64.4,2.009975124224178,1.0,0.0,4.4,1.0198039027185568,10
498,0.11684558347142374,0.0504341220267932,0.21090366583583614,0.017352166213784357,0.0008656110253363634,0.0004521476765984289,100.0,0.0,62.1,2.947880594596735,1.2,0.4,4.4,0.6633249580710799,10
499,0.13777620037630148,0.0719820933030556,0.20413329309116762,0.02248921569843407,0.0009951912210305457,0.0010319997606587706,100.0,0.0,62.6,3.168595903550972,1.1,0.3,4.0,0.4472135954999579,10
500,0.1589823149088233,0.09691836111356666,0.20058070314851206,0.029893890750564416,0.0005336181206863531,0.00042049602337237887,100.0,0.0,62.625,2.9973947020704497,1.125,0.33071891388307384,4.375,0.8569568250501305,12
501,0.15042998956563608,0.08703744307092769,0.20056952587585003,0.02898930739802869,0.00027051955910909603,0.00026429968503821144,100.0,0.0,61.625,3.7728470681966426,1.375,0.4841229182759271,4.375,0.8569568250501305,12
502,0.12060310051858864,0.060017842025376696,0.21101819589418389,0.02347469984402233,0.00043825877703937324,0.0003149233788989936,100.0,0.0,62.75,1.920286436967152,1.125,0.33071891388307384,4.0,0.5,12
503,0.13466103204435828,0.036261919832212296,0.20342348978117678,0.012404750256977152,0.0005760973121964877,0.00037315978590091425,100.0,0.0,62.42857142857143,2.920721185751553,1.1428571428571428,0.34992710611188266,4.0,0.9258200997725514,13
504,0.11972965695938924,0.05576864616069934,0.21149393646404918,0.021157437393300924,0.0005434349985452717,0.00035070072884467896,100.0,0.0,64.57142857142857,3.3319725113401715,1.0,0.0,4.142857142857143,0.989743318610787,13
505,0.11880311058934999,0.0463951792298514,0.20948538486582052,0.019543055424901073,0.0005635416460825163,0.0004030377031625548,100.0,0.0,63.714285714285715,2.813959371941744,1.1428571428571428,0.34992710611188266,4.142857142857143,0.6388765649999399,13
506,0.11558303965065696,0.025730344505372333,0.20862193515551705,0.011310381012618656,0.0006417307159744441,0.00036853540822755394,100.0,0.0,63.57142857142857,3.8119040183218096,1.1428571428571428,0.3499271061118826,4.571428571428571,0.4948716593053935,13
507,0.10281156373358022,0.024701031182115134,0.21526869587734634,0.012756340818716051,0.0005094637798576569,0.00041161784146279156,100.0,0.0,61.714285714285715,3.410667538946663,1.2857142857142858,0.45175395145262565,4.714285714285714,1.160576914947994,13
508,0.11937344105504488,0.049633461406471846,0.20811480271603708,0.023967672714028273,0.0011646965065826673,0.001094989657646121,100.0,0.0,62.857142857142854,2.799416848895061,1.0714285714285714,0.17496355305594133,4.428571428571429,0.9035079029052513,13
509,0.13742180232954532,0.026155888718414518,0.19654044991813394,0.01148662593495269,0.0012756348663760517,0.0009452216253336928,100.0,0.0,64.42857142857143,2.920721185751553,1.1428571428571428,0.3499271061118826,3.4285714285714284,0.49487165930539345,13
510,0.1168918383816414,0.031202933523199937,0.2061610330136629,0.013837276875925886,0.0011801318753431706,0.00113946572676162,100.0,0.0,61.857142857142854,2.2946254863155735,1.1428571428571428,0.34992710611188266,4.428571428571429,0.7284313590846835,13
511,0.13311695682933458,0.0416215639988434,0.20368561592560872,0.016857655306145376,0.0008892906933277498,0.0009288499381426959,100.0,0.0,63.714285714285715,4.589250972631145,1.0714285714285714,0.1749635530559413,4.0,0.7559289460184544,13
512,0.15017912132112862,0.06462077833044227,0.19891172292440834,0.02379357655560056,0.000764456624101484,0.000653861395847646,100.0,0.0,62.57142857142857,2.610809554642438,1.0,0.0,4.714285714285714,1.2777531299998797,13
513,0.1660601391198519,0.09124724764088617,0.19313268209533546,0.025496274333760824,0.0009009255877512565,0.0006641735935828771,100.0,0.0,62.42857142857143,1.7612611437054218,1.0,0.0,4.142857142857143,0.3499271061118826,13
514,0.14370339022899223,0.06332117957798405,0.1998813538515196,0.0196637782428597,0.0005901837951091218,0.0004276503099530062,100.0,0.0,61.42857142857143,3.374574803147919,1.1428571428571428,0.34992710611188266,4.0,0.5345224838248488,13
515,0.11608998251789703,0.059454001894346395,0.211615807367486,0.024330688375955912,0.0007518202248440228,0.0006321331994161925,100.0,0.0,62.857142857142854,2.294625486315573,1.1428571428571428,0.3499271061118826,4.285714285714286,0.880630571852711,13
516,0.12127058283216295,0.04913354919906218,0.20674729773511877,0.0181708858625543,0.0010200873036924866,0.0006109555513997378,100.0,0.0,63.0,3.0237157840738176,1.2857142857142858,0.45175395145262565,4.142857142857143,0.8329931278350429,13
517,0.14577835094626343,0.06276415339645225,0.1994748087633466,0.018403943229473377,0.001309657300202336,0.0008162826799947993,100.0,0.0,62.0,3.6645015252516173,1.1428571428571428,0.3499271061118826,4.857142857142857,1.2453996981544782,13
518,0.15644704244051116,0.08634791630794277,0.2011029982129712,0.026779471368769837,0.0007532949003901324,0.0006037720894753255,100.0,0.0,61.714285714285715,1.0301575072754254,1.0,0.0,4.428571428571429,0.4948716593053935,13
519,0.18313375591245984,0.09512175651087446,0.19069787848193442,0.026718290121936734,0.0006783716103272845,0.0005883610431893364,100.0,0.0,65.0,3.265986323710904,1.0,0.0,4.5,0.9574271077563381,14
520,0.17604037970003708,0.14571957416781056,0.1967817503508457,0.03896553986948744,0.0005800036024477461,0.0006037928856592042,100.0,0.0,63.5,3.253203549323856,1.0,0.0,3.6666666666666665,0.4714045207910317,14
521,0.17303380544431254,0.12774594781533072,0.19554387050056787,0.03187531598220552,0.0007264439200952022,0.0004544065022570759,100.0,0.0,61.833333333333336,2.6718699236469,1.0,0.0,4.666666666666667,0.9428090415820634,14
522,0.16746826563967523,0.12256302431405933,0.19656184135942725,0.032005317779954606,0.0005725493117445833,0.0002439238967632528,100.0,0.0,63.833333333333336,2.4094720491334938,1.0,0.0,4.333333333333333,0.4714045207910317,14
523,0.14683994160628172,0.10557896336723442,0.20418512131361946,0.030730834610008043,0.0003505058503101766,0.00022009579640717733,100.0,0.0,63.833333333333336,3.975620147292187,1.0,0.0,3.8333333333333335,0.6871842709362768,14
524,0.14254330932178624,0.0633324083931462,0.2005306090437877,0.019327680814331942,0.0005693101419243249,0.0006391291106581555,100.0,0.0,62.333333333333336,3.0368111930481,1.3333333333333333,0.47140452079103173,3.8333333333333335,1.0671873729054748,14
525,0.11740234969423696,0.04176971356800952,0.20921356952084194,0.016754313877973298,0.0005546666046491765,0.0004562092162202413,100.0,0.0,60.833333333333336,2.544056253745625,1.4166666666666667,0.44876373392787533,3.8333333333333335,0.3726779962499649,14
526,0.1093463867482949,0.04656189316169185,0.2159380889557059,0.014827311328613969,0.0006151098674185011,0.00039589148304859667,100.0,0.0,64.0,2.0,1.0,0.0,4.0,0.5773502691896257,14
527,0.13480159560367963,0.0777543822371598,0.2071012216092466,0.02545059823553059,0.0006137496063520797,0.00040356961000211674,100.0,0.0,62.333333333333336,2.3570226039551585,1.0833333333333333,0.18633899812498245,4.5,0.5,14
528,0.146226583778599,0.0507985325215169,0.1994697334700243,0.017195165443046202,0.0006882102196156418,0.00046349472826585236,100.0,0.0,63.166666666666664,3.2871804872193366,1.1666666666666667,0.3726779962499649,4.166666666666667,0.372677996249965,14
529,0.12743440435440515,0.041303640870710534,0.20591199064353924,0.017769521516233757,0.00040586410333251846,0.00038634722802187167,100.0,0.0,65.33333333333333,2.6874192494328497,1.0,0.0,4.5,0.5,14
530,0.1147682827095371,0.032427294119373284,0.21148851338451494,0.01118705570944008,0.0008001491629035839,0.0005296231278038817,100.0,0.0,61.0,4.725815626252608,1.3333333333333333,0.4714045207910317,4.333333333333333,0.4714045207910317,14
531,0.13319999936903928,0.043097884941742215,0.20374827223553857,0.01544791775077646,0.0005761473513508152,0.000311623466258894,100.0,0.0,61.166666666666664,3.6247605284885913,1.1666666666666667,0.3726779962499649,5.166666666666667,1.3437096247164249,14
532,0.10835702100607698,0.03792078600842427,0.21213547759953913,0.015255129923680128,0.0005456398815707124,0.00046844529485137916,100.0,0.0,64.16666666666667,2.1147629234082532,1.0833333333333333,0.18633899812498245,3.8333333333333335,0.6871842709362768,14
533,0.0845287674189993,0.026908097058116993,0.22375683922676023,0.014207476038426864,0.000502789570354288,0.0003720801778898278,100.0,0.0,64.33333333333333,1.8856180831641267,1.1666666666666667,0.3726779962499649,4.333333333333333,0.4714045207910317,14
534,0.11959718731823306,0.05462290631010451,0.20729876840393371,0.022008090968079614,0.0014139619778824315,0.0014076162093622864,100.0,0.0,61.833333333333336,1.5723301886761007,1.1666666666666667,0.3726779962499649,4.5,0.7637626158259734,14
535,0.17549563612030572,0.120702919208191,0.191723407837986,0.029775333325495507,0.0009220923963966315,0.0007367557866038722,100.0,0.0,62.333333333333336,2.68741924943285,1.0,0.0,3.8333333333333335,0.3726779962499649,14
536,0.15384995778228,0.0977948536800883,0.19913908253515286,0.027013358919179945,0.0004928478797752007,0.00029351162959398875,100.0,0.0,63.833333333333336,1.5723301886761005,1.0,0.0,4.666666666666667,0.4714045207910317,14
537,0.1395726629155767,0.07838402936529966,0.20315802200167943,0.023084409375112663,0.0007584816151392991,0.00020895566240363334,100.0,0.0,61.333333333333336,3.1446603773522015,1.1666666666666667,0.3726779962499649,3.8333333333333335,0.6871842709362768,14
538,0.14415203513710173,0.08292568460863428,0.20322471178117,0.023538132543495113,0.0010316393916577381,0.0003983821596624249,100.0,0.0,62.666666666666664,2.9249881291307074,1.1666666666666667,0.3726779962499649,3.8333333333333335,0.6871842709362768,14
539,0.15207222372513504,0.09027156611926698,0.20305830870172878,0.02569003406828989,0.0008207133651850548,0.0005447121849049517,100.0,0.0,64.16666666666667,3.7155828016013257,1.1666666666666667,0.3726779962499649,4.666666666666667,0.4714045207910317,14
540,0.20630842590094237,0.11659802329099785,0.18387570773673653,0.029560354149393536,0.0005555810376376897,0.0002812545745910343,100.0,0.0,63.5,3.5,1.0833333333333333,0.18633899812498245,4.0,0.0,14
541,0.1747334472157865,0.11194908021378697,0.19294012920432846,0.031494792367450924,0.0007042377798494433,0.0006319751096437281,100.0,0.0,66.5,2.9860788111948193,1.0,0.0,4.0,0.816496580927726,14
542,0.1529668811347338,0.07088365035763249,0.19727157236569826,0.022863226364534056,0.0007196045843445388,0.0006567794443045068,100.0,0.0,65.0,3.4641016151377544,1.1666666666666667,0.3726779962499649,4.166666666666667,0.6871842709362768,14
543,0.1435582987806494,0.05062476600279469,0.20095034473403903,0.01730071800073081,0.000873801749323516,0.0007091750715601329,100.0,0.0,62.0,2.0816659994661326,1.0,0.0,4.5,0.5,14
544,0.13768409012781058,0.043946956100910595,0.20087261252877395,0.015249595563973626,0.0006355124963044574,0.0004776552729174754,100.0,0.0,65.0,2.3804761428476167,1.0,0.0,4.166666666666667,0.6871842709362768,14
545,0.12279887167068614,0.05302280613575953,0.20838352661708412,0.02086409407876433,0.0007352283111757815,0.000471605033387541,100.0,0.0,64.66666666666667,3.144660377352201,1.0,0.0,4.333333333333333,0.7453559924999298,14
546,0.14300237472577024,0.02341330690648807,0.1988699618184002,0.009251806468307783,0.0012037441472956935,0.0004827163010979493,100.0,0.0,63.0,2.7688746209726918,1.0833333333333333,0.18633899812498245,4.666666666666667,0.7453559924999298,14
547,0.16084862317379997,0.018522417684025686,0.18956476473318254,0.007804219865305625,0.000906967078241401,0.0005131258092639269,100.0,0.0,66.16666666666667,2.4094720491334933,1.0,0.0,4.333333333333333,0.4714045207910317,14
548,0.1306757333854935,0.011710908041653664,0.20098368994706417,0.006434156566051868,0.0010033142548931796,0.00041613773180096327,100.0,0.0,63.333333333333336,0.9428090415820634,1.0,0.0,4.166666666666667,1.0671873729054748,14
549,0.11553235602620193,0.00999838825692262,0.2088431678661272,0.005960135498231478,0.0009623560974380201,0.00021084420658058398,100.0,0.0,62.166666666666664,1.4624940645653537,1.0,0.0,4.5,0.5,14
550,0.12947347523304564,0.05088815660001554,0.20408152242224764,0.017166632613298663,0.0009718738691123359,0.0004270188689956469,100.0,0.0,64.5,4.7871355387816905,1.1666666666666667,0.3726779962499649,4.333333333333333,0.9428090415820634,14
551,0.12931358731545076,0.04140232304143115,0.20545062108349157,0.014892702428429227,0.0007263911117523815,0.0004766491680480881,100.0,0.0,65.83333333333333,2.7938424357067015,1.0,0.0,4.0,0.816496580927726,14
552,0.14263070639691597,0.04870633569501445,0.2025824471838467,0.016350870760783467,0.0008810560558874693,0.000597986495717305,100.0,0.0,62.333333333333336,2.1343747458109497,1.0,0.0,4.166666666666667,0.6871842709362768,14
553,0.1767763827960479,0.05719307128649046,0.18981037488919902,0.01853518965124755,0.0008656781793354044,0.0004745703195552746,100.0,0.0,62.5,5.649483752226097,1.3333333333333333,0.4714045207910317,4.166666666666667,0.6871842709362768,14
554,0.16627529272365713,0.05501128925026975,0.1930568067739804,0.020370754349146307,0.0005534753511903201,0.0003247568554037817,100.0,0.0,64.66666666666667,1.9720265943665387,1.0,0.0,4.666666666666667,0.4714045207910317,14
555,0.15614388519666667,0.03605271022133575,0.1945522108220367,0.012364565442354333,0.0005118596867440133,0.000340355470367368,100.0,0.0,64.0,2.0816659994661326,1.0,0.0,4.0,0.0,14
556,0.15046811667937113,0.0588886576519833,0.198837974236163,0.01794076936649274,0.0005996737473212448,0.0003871163489987796,100.0,0.0,64.16666666666667,2.4094720491334933,1.0,0.0,3.5,0.5,14
557,0.15535936907239192,0.08834554356086882,0.20018396966864072,0.026847600948630545,0.0008023026983451491,0.0004996987231938471,100.0,0.0,63.666666666666664,2.8087165910587863,1.0,0.0,4.333333333333333,0.4714045207910317,14
558,0.1859951658100968,0.11416010010862707,0.1890510291810945,0.026216934981863907,0.0009165839690345893,0.0004754845263162963,100.0,0.0,61.833333333333336,2.967415635794143,1.0,0.0,4.0,0.5773502691896257,14
559,0.17477646038432038,0.11377557175472139,0.19219576632233126,0.02766412508784732,0.0006649632346104444,0.0003260552452103283,100.0,0.0,60.5,2.4324199198877374,1.3333333333333333,0.3726779962499649,4.0,0.5773502691896257,14
560,0.1593898047601708,0.1015237561079925,0.19794788775363337,0.026991264377209355,0.0008337339999216104,0.00039762925896966243,100.0,0.0,64.16666666666667,2.7938424357067015,1.0,0.0,4.166666666666667,0.6871842709362768,14
561,0.15804953101501298,0.08150246932168198,0.19621832187566676,0.023419236822715666,0.0008170516639071274,0.0005003075662206112,100.0,0.0,63.833333333333336,2.266911751455907,1.0,0.0,4.5,0.5,14
562,0.13793384004601353,0.055890752450110014,0.20145925438827325,0.019622995077189176,0.0007901229104718327,0.0010519168399787935,100.0,0.0,63.333333333333336,4.818944098266987,1.0,0.0,4.166666666666667,0.6871842709362768,14
563,0.12549274751476175,0.042725571648596944,0.20451825881237692,0.017894804037090505,0.0007413008780536193,0.000608785399649494,100.0,0.0,62.833333333333336,2.4776781245530843,1.0,0.0,4.333333333333333,0.7453559924999298,14
564,0.11663577267225923,0.05430948213193904,0.20988222381984148,0.01833434465605368,0.000889279416231009,0.000572847586707611,100.0,0.0,62.333333333333336,1.8856180831641267,1.1666666666666667,0.37267799624996495,4.0,0.5773502691896257,14
565,0.133591475546967,0.08783123114993252,0.20654348544053966,0.02206951162254691,0.0009886509589117683,0.0007037458397339398,100.0,0.0,64.83333333333333,2.852873794770615,1.0,0.0,4.166666666666667,0.8975274678557507,14
566,0.15570109756854975,0.11048186541863181,0.20082284654777025,0.02963859234397016,0.0007114433178678569,0.0003461589425275755,100.0,0.0,64.66666666666667,2.808716591058786,1.1666666666666667,0.3726779962499649,3.6666666666666665,0.4714045207910317,14
567,0.14569749401240534,0.1057332737952442,0.2035106000651282,0.031460668371259236,0.0005851573572661315,0.0004778567029384085,100.0,0.0,63.833333333333336,1.950783318453271,1.0,0.0,4.333333333333333,1.3743685418725535,14
568,0.1411698191234878,0.09469132177716522,0.2031522659177254,0.029372098934263263,0.0007957732608884939,0.0005467570822701235,100.0,0.0,63.0,3.0,1.0,0.0,4.333333333333333,1.1055415967851332,14
569,0.13287834139848162,0.06934200591699155,0.20429820245426966,0.02520459008282566,0.0009167934845530277,0.0005988430049970908,100.0,0.0,61.333333333333336,3.3499585403736303,1.3333333333333333,0.4714045207910317,4.166666666666667,0.8975274678557507,14
570,0.14241371857909535,0.04406741332085421,0.19926986108677322,0.015473606523199951,0.0005868959765682975,0.000479909265638718,100.0,0.0,63.333333333333336,3.4960294939005054,1.0,0.0,3.6666666666666665,0.4714045207910317,14
571,0.1376646335936118,0.04116682600859307,0.2023870192312324,0.01665402119475873,0.0006169287649612016,0.00046432030630826933,100.0,0.0,63.833333333333336,3.435921354681384,1.0,0.0,4.166666666666667,0.6871842709362768,14
572,0.17754890876952298,0.04463407504559831,0.1905922466977293,0.012783494805843421,0.0012379288792338532,0.0005564770670116631,100.0,0.0,65.5,1.9790570145063195,1.0,0.0,4.333333333333333,0.9428090415820634,14
573,0.20394175320514232,0.053572162856897185,0.18257412109636106,0.015009227742403965,0.0012786194999877918,0.00038882788922737854,100.0,0.0,64.16666666666667,3.5784850922639815,1.1666666666666667,0.3726779962499649,3.8333333333333335,0.3726779962499649,14
574,0.23301043488000725,0.04519830827706445,0.171688072462041,0.011142954197049169,0.0009380682952466523,0.0004911423063574876,100.0,0.0,62.166666666666664,2.4776781245530843,1.0,0.0,4.666666666666667,0.9428090415820632,14
575,0.2149177497357898,0.03938063158145677,0.17644388308467485,0.011165622315565433,0.0008570366847836084,0.0005053563063074647,100.0,0.0,65.5,2.217355782608345,1.0,0.0,3.8333333333333335,0.3726779962499649,14
576,0.218091067737561,0.048415051303101905,0.17783024995044203,0.012259097876780548,0.0009312328001568109,0.0007007081100716453,100.0,0.0,61.666666666666664,2.924988129130708,1.1666666666666667,0.3726779962499649,4.333333333333333,0.4714045207910317,14
577,0.2563444641979502,0.11045221497505109,0.17067957104396914,0.025761816479448644,0.000921529109062308,0.0004913548951598152,100.0,0.0,62.5,1.118033988749895,1.0,0.0,4.0,0.0,14
578,0.2779518921132524,0.1550127718400967,0.1680759323396214,0.03646567652106677,0.0006475264653012226,0.00035145913732988014,100.0,0.0,63.5,3.095695936834452,1.0,0.0,4.333333333333333,0.9428090415820634,14
579,0.278860781343555,0.15814141590313585,0.16628044967047342,0.03782904820505634,0.0005785505820629761,0.00023940298762231297,100.0,0.0,64.0,2.8284271247461903,1.0,0.0,4.166666666666667,0.6871842709362768,14
580,0.2627738900358319,0.13021438205262884,0.16749849890597135,0.0295493376432149,0.0005184116683379928,0.00024105068253836004,100.0,0.0,64.0,3.0,1.0,0.0,4.5,0.5,14
581,0.2396802668629896,0.10705554864706918,0.17298665574513186,0.025516552454785135,0.00048331647877397,0.00028810527824400627,100.0,0.0,63.333333333333336,1.7950549357115015,1.1666666666666667,0.3726779962499649,4.166666666666667,0.372677996249965,14
582,0.224601421266876,0.10735994832216808,0.17770014248708707,0.027716123149304075,0.0005268695790255847,0.00020594866840299426,100.0,0.0,62.833333333333336,2.4094720491334933,1.1666666666666667,0.37267799624996495,4.0,0.5773502691896257,14
583,0.2126855212148516,0.09237659127966248,0.1817059481436877,0.025522801461991214,0.0006429884205562286,0.00020160907288549785,100.0,0.0,63.5,1.3844373104863459,1.0,0.0,3.8333333333333335,0.6871842709362768,14
584,0.22819656028301236,0.0999554859195329,0.1764306734487019,0.024543970574522428,0.0007470113210054169,0.00021012839118074228,100.0,0.0,62.0,2.309401076758503,1.0833333333333333,0.18633899812498245,4.5,0.5,14
585,0.22202641503488427,0.09617039101433354,0.17748373039938126,0.024456324064997075,0.0006432738749264356,0.00016846741455933833,100.0,0.0,62.333333333333336,1.5986105077709065,1.0,0.0,4.0,0.5773502691896257,14
586,0.21132352654630396,0.08329194077068208,0.1797360139586571,0.022579522790715695,0.0006692778245926189,0.00024243279502836806,100.0,0.0,64.16666666666667,2.1147629234082532,1.0,0.0,4.166666666666667,0.37267799624996495,14
587,0.2104689255768115,0.07387018162195552,0.179604854566473,0.020572631291561415,0.0009017438419189953,0.00028311368256737104,100.0,0.0,64.5,3.2015621187164243,1.0,0.0,3.8333333333333335,0.3726779962499649,14
588,0.23187422867484783,0.07009918874159969,0.17337332310210704,0.01871416778317342,0.0010210490210288976,0.00035625221785146857,100.0,0.0,61.833333333333336,1.950783318453271,1.0,0.0,4.333333333333333,0.9428090415820634,14
589,0.2502782806435819,0.05884465893629189,0.1685100186787294,0.016045234665749513,0.0011789488592346305,0.0004269592645487755,100.0,0.0,63.333333333333336,2.560381915956203,1.0833333333333333,0.18633899812498245,3.8333333333333335,0.3726779962499649,14
590,0.3019807893327257,0.08351485622227463,0.15507208428946043,0.01881628653201536,0.0015495155752924218,0.0006139553771555413,100.0,0.0,62.666666666666664,2.494438257849294,1.0,0.0,4.0,0.5773502691896257,14
591,0.357167093130574,0.15450597440293787,0.14292519760705558,0.03282805929995678,0.00132174656197506,0.0005580733339097818,100.0,0.0,62.666666666666664,2.560381915956203,1.3333333333333333,0.4714045207910317,3.8333333333333335,0.6871842709362768,14
592,0.37877959511029796,0.18903632526920094,0.14039741980384593,0.03792550645496021,0.001141510878138203,0.0004558439161626133,100.0,0.0,62.5,4.752192476461084,1.1666666666666667,0.37267799624996495,4.0,0.816496580927726,14
593,0.3940991422703763,0.20731699130805392,0.1376606149848242,0.04209741483998732,0.0011135303131898499,0.0005239722064034657,100.0,0.0,62.0,4.546060565661952,1.1666666666666667,0.3726779962499649,4.5,0.5,14
594,0.4056754720302768,0.207058991321915,0.134460035698095,0.04232861095692179,0.0010962807558463521,0.00043564480552810093,100.0,0.0,62.666666666666664,1.247219128924647,1.0,0.0,4.5,0.5,14
595,0.4233675866002596,0.2022699277400338,0.13187290610348032,0.04176206552262591,0.0011891522059453725,0.0007535082555917462,100.0,0.0,62.833333333333336,2.034425935955617,1.0,0.0,4.833333333333333,0.8975274678557507,14
596,0.4609015538869268,0.23165854325414575,0.12528641806067894,0.046268581652613425,0.0011027429516871827,0.0006061650341395708,100.0,0.0,65.33333333333333,2.1343747458109497,1.0,0.0,4.166666666666667,0.6871842709362768,14
597,0.47782502635950436,0.2375759620948048,0.12164617060684317,0.0461294322304266,0.000955630283669462,0.00047408285554985423,100.0,0.0,61.666666666666664,4.068851871911234,1.1666666666666667,0.3726779962499649,4.333333333333333,0.4714045207910317,14
598,0.4704883855505311,0.23078059247320137,0.12260796621378155,0.04521091381855827,0.0011565524505595488,0.0006816424984714948,100.0,0.0,64.5,3.593976442141304,1.0,0.0,5.0,0.816496580927726,14
599,0.4780724729833732,0.23148240475879983,0.12311540336591649,0.04648775506472367,0.0010363505087481735,0.0006059305113337146,100.0,0.0,64.0,2.3804761428476167,1.0,0.0,4.166666666666667,0.6871842709362768,14
600,0.5032521114916664,0.23589542306232453,0.11844718017800891,0.04815852755899274,0.0009764309295194499,0.00047046921423959964,100.0,0.0,64.0,1.8257418583505538,1.0,0.0,3.6666666666666665,0.4714045207910317,14
601,0.5112244849204,0.23504051136759624,0.11695782096306002,0.049128585421007745,0.0009346487526755244,0.0004548932895437993,100.0,0.0,63.166666666666664,1.950783318453271,1.0,0.0,4.333333333333333,0.4714045207910317,14
602,0.531120762408093,0.21468521658779746,0.11239690027883231,0.04496735614613551,0.0010107906247667385,0.0005650289413608428,100.0,0.0,64.16666666666667,4.374801582802229,1.25,0.3818813079129867,4.0,0.816496580927726,14
603,0.5601209178436838,0.1550951835929648,0.10420804947399942,0.03015297559029951,0.0011758642161041387,0.0006810018838841254,100.0,0.0,63.833333333333336,2.2669117514559076,1.0,0.0,4.0,0.5773502691896257,14
604,0.6026948530757292,0.11555983544409831,0.09281888019180062,0.019638152210837565,0.0012221713290124637,0.000757367689476899,100.0,0.0,62.5,1.2583057392117916,1.0,0.0,4.166666666666667,0.6871842709362768,14
605,0.632953837087208,0.09797892942300791,0.08553527531665399,0.01726863106014764,0.0013422178092714636,0.0007424006215383187,100.0,0.0,64.0,2.3804761428476167,1.0,0.0,4.166666666666667,0.6871842709362768,14
606,0.6344557539636707,0.09035005484194021,0.0842952505140661,0.016266584844210744,0.0014121730284893663,0.0006105972278905192,100.0,0.0,64.0,1.632993161855452,1.0,0.0,4.166666666666667,0.37267799624996495,14
607,0.6689417397085083,0.08242639307850418,0.07759917449701324,0.01437980490807571,0.001430526652589376,0.0005255957115464164,100.0,0.0,65.0,2.3804761428476167,1.0,0.0,4.166666666666667,0.6871842709362768,14
608,0.6975610925703378,0.10314719349058396,0.07232649885663947,0.01795757261493703,0.001391491113240036,0.0006111736972691296,100.0,0.0,61.666666666666664,1.3743685418725535,1.1666666666666667,0.3726779962499649,4.0,0.5773502691896257,14
609,0.7327924196225609,0.0981588993838187,0.06717924820296585,0.016416994326821806,0.0011848918737611817,0.000577717137584173,100.0,0.0,64.83333333333333,1.9507833184532706,1.0,0.0,4.333333333333333,0.7453559924999298,14
610,0.7464452774154867,0.10137054925719162,0.06553098136111139,0.017479992070624634,0.0010283683620808846,0.0005197745431224688,100.0,0.0,61.0,2.449489742783178,1.0,0.0,4.5,0.5,14
611,0.7607777713306785,0.10047958968468418,0.06269838192347214,0.017439704456453316,0.0008995611159462528,0.0004774195644081852,100.0,0.0,64.16666666666667,2.852873794770615,1.0,0.0,4.333333333333333,0.4714045207910317,14
612,0.7606701290993806,0.1047692415578528,0.060563439443323264,0.019791364289285383,0.0009967506664750067,0.0006498037550273806,100.0,0.0,63.333333333333336,4.307615994440028,1.1666666666666667,0.3726779962499649,4.333333333333333,0.4714045207910317,14
613,0.7591355984807123,0.090769576783879,0.06024116975654122,0.019876454937850604,0.0009652179724379935,0.0005642607766933054,100.0,0.0,64.16666666666667,3.2871804872193366,1.0,0.0,4.666666666666667,1.247219128924647,14
614,0.7647941316739634,0.08185800897531166,0.06134688411521274,0.020531998902771593,0.0007891323384929898,0.0004957552558650285,100.0,0.0,63.5,4.425306015783918,1.1666666666666667,0.3726779962499649,4.0,0.5773502691896257,14
615,0.7842351883025351,0.07569918933317175,0.05794930542972524,0.019369166318467863,0.0007383021683657976,0.0004507663651708446,100.0,0.0,64.33333333333333,3.4480268109295333,1.0,0.0,4.166666666666667,0.8975274678557505,14
616,0.7915402540401423,0.06869250089729251,0.05641598290568373,0.01909009406111493,0.0007209292410106442,0.00041506037117750147,100.0,0.0,62.666666666666664,4.346134936801766,1.0,0.0,4.166666666666667,0.37267799624996495,14
617,0.803006978889103,0.05634031174619982,0.05457071771210311,0.018214554080384013,0.0006659510328564853,0.00040386073205678517,100.0,0.0,62.166666666666664,3.131382371342656,1.0,0.0,4.666666666666667,1.1055415967851332,14
618,0.8127216372839386,0.06094537897989827,0.0507541091880813,0.021311007825410358,0.0006906333158629791,0.00039304672490783843,100.0,0.0,61.5,3.8188130791298667,1.3333333333333333,0.4714045207910317,4.833333333333333,0.372677996249965,14
619,0.8239308811144904,0.06261076883062439,0.04901318448280567,0.020753822315056417,0.0006352142310603701,0.00027755404493316684,100.0,0.0,63.166666666666664,3.435921354681384,1.0,0.0,4.5,0.5,14
620,0.8263531640299346,0.0655687961943448,0.04859598384546752,0.021898346284366835,0.000605970960492948,0.0002720006342543312,100.0,0.0,63.0,1.0,1.0,0.0,3.8333333333333335,0.6871842709362768,14
621,0.8266506210212011,0.060216858709184154,0.04574270792253202,0.021588607263541008,0.0007535248146537669,0.00031401131876693695,100.0,0.0,64.16666666666667,2.192157739660984,1.1666666666666667,0.3726779962499649,4.333333333333333,0.7453559924999298,14
622,0.8375836135797128,0.05473930455389163,0.043214690579853915,0.01773983075083188,0.000783052126411697,0.00029266679180496536,100.0,0.0,62.166666666666664,4.374801582802228,1.3333333333333333,0.4714045207910317,3.8333333333333335,0.3726779962499649,14
623,0.8417767837405533,0.05965533502198978,0.04130272491292653,0.018488434497954443,0.0008089630003565128,0.0003119120538507457,100.0,0.0,63.5,1.8929694486000912,1.0,0.0,4.5,0.7637626158259734,14
624,0.840384468726171,0.05827330377316045,0.04149903063808816,0.018987435387658146,0.0008193362855158743,0.00029225631503576783,100.0,0.0,64.16666666666667,3.1841621957571333,1.1666666666666667,0.3726779962499649,4.333333333333333,0.4714045207910317,14
625,0.8535442642143,0.06146098390505009,0.03931569952102347,0.01819834904184863,0.0007562459804535364,0.0002696299253838512,100.0,0.0,62.833333333333336,3.4840908267278117,1.3333333333333333,0.4714045207910317,4.833333333333333,0.8975274678557507,14
626,0.8606176618720638,0.06268671154243394,0.03694782791210963,0.019589003373602063,0.0007452739347105093,0.00023841349134100847,100.0,0.0,61.333333333333336,1.8856180831641267,1.0,0.0,4.0,0.5773502691896257,14
627,0.8724515430437725,0.06108035585396229,0.03545228257806099,0.017338410060462175,0.0006841513300341057,0.0003058312400185567,100.0,0.0,62.0,2.70801280154532,1.5833333333333333,0.44876373392787533,3.6666666666666665,0.4714045207910317,14
628,0.8832616028657975,0.06285884844052733,0.03190452282559805,0.018822519122266543,0.0006262285246051495,0.00023135820542133804,100.0,0.0,62.166666666666664,3.8477987935383986,1.1666666666666667,0.3726779962499649,4.166666666666667,0.6871842709362768,14
629,0.8905641415746853,0.05215229387513293,0.031863212477365434,0.01615189871104278,0.0005912149809944233,0.00021472984245139113,100.0,0.0,63.5,2.140872096444188,1.0,0.0,3.6666666666666665,0.7453559924999298,14
630,0.894716174596613,0.04895472531864359,0.03176794527606563,0.013161913078022915,0.0005962857945819972,0.00020477801219708774,100.0,0.0,62.833333333333336,3.4840908267278117,1.0,0.0,4.5,0.7637626158259734,14
631,0.8999326591881841,0.03715011640959719,0.030862283445500415,0.009129323768116102,0.0006099342177001482,0.0002098554881493373,100.0,0.0,65.33333333333333,1.8856180831641267,1.0,0.0,3.8333333333333335,0.6871842709362768,14
632,0.9105838203170159,0.04241514965403577,0.028483195344347567,0.008449383127170848,0.0005548432817785379,0.0002750675512430566,100.0,0.0,64.66666666666667,3.3499585403736303,1.0,0.0,4.0,0.816496580927726,14
633,0.9113986182832731,0.04036086590556138,0.026073458540478087,0.008436958359936733,0.0006356812991117068,0.0003202504504634077,100.0,0.0,63.333333333333336,3.1446603773522015,1.0833333333333333,0.18633899812498245,4.166666666666667,0.6871842709362768,14
634,0.9043445000799646,0.054941049107574504,0.026527816949656145,0.009048078788425605,0.0007396079787423759,0.0004894581049083816,100.0,0.0,61.333333333333336,3.72677996249965,1.1666666666666667,0.3726779962499649,4.0,0.5773502691896257,14
635,0.9127787418422616,0.04379068053732508,0.024322436757296454,0.008071988177843851,0.0006695647200222499,0.000354688588532226,100.0,0.0,61.666666666666664,1.8856180831641267,1.1666666666666667,0.23570226039551584,4.166666666666667,0.37267799624996495,14
636,0.9218235730837456,0.030754748727981642,0.019786487960166754,0.005944093942647702,0.0006505593372161748,0.0002927725861368772,100.0,0.0,65.33333333333333,3.6817870057290873,1.0,0.0,3.8333333333333335,0.6871842709362768,14
637,0.923234050202761,0.027752106393128088,0.021216183566376914,0.006301078230256256,0.0005975527054901596,0.00026873740396962615,100.0,0.0,60.0,0.816496580927726,1.1666666666666667,0.3726779962499649,4.666666666666667,1.1055415967851332,14
638,0.9299290229923743,0.03234778307544654,0.01996444189069885,0.011456208349546642,0.0005004597647820438,0.00033077813340969903,100.0,0.0,62.333333333333336,0.7453559924999299,1.1666666666666667,0.3726779962499649,4.0,0.5773502691896257,14
639,0.9198949396679191,0.03543845626865685,0.020740906275385912,0.013628321863060828,0.0005787780697230497,0.000367513396605488,100.0,0.0,64.0,2.7688746209726918,1.0,0.0,4.0,0.816496580927726,14
640,0.916290630193949,0.03718933414797361,0.022855809298903254,0.014295780453943833,0.0005601783179393407,0.0003100876860555588,100.0,0.0,64.16666666666667,5.013869652163774,1.0,0.0,4.333333333333333,0.7453559924999298,14
641,0.9049614906227115,0.04293323526094624,0.026752502892257262,0.014949567442602249,0.0005953375365002432,0.00034873129012951565,100.0,0.0,65.0,1.632993161855452,1.0,0.0,3.8333333333333335,0.6871842709362768,14
642,0.9056084455812661,0.050856805627886845,0.028438742025979704,0.0182594917201091,0.00047448139140205255,0.0002241694076058828,100.0,0.0,63.5,3.1490739379485304,1.0,0.0,4.166666666666667,0.6871842709362768,14
643,0.8887401125730556,0.05168491541119302,0.03323694587506071,0.01819112737732935,0.0005421548423787426,0.0003140796071544948,100.0,0.0,65.66666666666667,2.2852182001336816,1.0,0.0,3.8333333333333335,0.6871842709362768,14
644,0.8773442117024347,0.06125231760650431,0.036706730343366425,0.020165320325040276,0.0005273243691001835,0.0002870382030657254,100.0,0.0,62.166666666666664,2.6718699236468995,1.0,0.0,4.0,0.5773502691896257,14
645,0.857389361443525,0.07025090203191373,0.04091890712605778,0.02192377246438031,0.0005623017391690427,0.000239626136573093,100.0,0.0,63.666666666666664,3.197221015541813,1.0,0.0,4.833333333333333,1.0671873729054748,14
646,0.8515895041243037,0.07801562154977522,0.043773677519828975,0.02111845179300447,0.000512074194511026,0.00018406492484070012,100.0,0.0,61.666666666666664,1.699673171197595,1.0,0.0,4.166666666666667,0.37267799624996495,14
647,0.8330253763621887,0.08837911038463188,0.04860277571183196,0.01935731740955335,0.000577781073547589,0.0002808880989248117,100.0,0.0,61.833333333333336,2.544056253745625,1.0833333333333333,0.18633899812498245,4.333333333333333,0.4714045207910317,14
648,0.8076875064995054,0.09481776080915891,0.05449662791074673,0.020962827023427253,0.0005773192329279203,0.0002207369346094071,100.0,0.0,64.16666666666667,1.9507833184532706,1.0,0.0,3.6666666666666665,0.4714045207910317,14
649,0.7806684662359588,0.10750937998957412,0.062219546902118124,0.021579372022989703,0.0005371134334007066,0.0002142755839817712,100.0,0.0,63.166666666666664,2.852873794770615,1.1666666666666667,0.3726779962499649,4.166666666666667,0.372677996249965,14
650,0.7439724899803076,0.11540485670656596,0.06962989120615155,0.02271727520059455,0.0005477011391927414,0.00014889216374262558,100.0,0.0,65.0,1.1547005383792515,1.0,0.0,4.166666666666667,0.6871842709362768,14
651,0.7285621676481062,0.113762886664707,0.07206134397936718,0.02152934360711104,0.0006111941011861442,0.00012828238824619487,100.0,0.0,63.666666666666664,2.357022603955159,1.0,0.0,4.333333333333333,0.4714045207910317,14
652,0.7149052649970443,0.11381153752362595,0.07473883366126088,0.02048362519036228,0.0006219963112220475,0.00016934847941994145,100.0,0.0,63.5,3.3541019662496847,1.0833333333333333,0.18633899812498245,4.166666666666667,0.6871842709362768,14
653,0.6945119203236056,0.10096410113477813,0.0789914003877157,0.017550985242500195,0.0006193557395097457,0.0002606080410995013,100.0,0.0,62.666666666666664,4.749268949591669,1.0833333333333333,0.18633899812498245,4.5,0.5,14
654,0.6644804601423396,0.10060459761585945,0.08510933291095796,0.01783628617692863,0.0005920115204966259,0.00017787348244996797,100.0,0.0,65.5,3.947573094109004,1.0,0.0,4.5,0.9574271077563381,14
655,0.6110476278066798,0.09744680074516564,0.09513356306000918,0.016579343784788328,0.000615536996983002,0.0001508233116833787,100.0,0.0,66.33333333333333,1.7950549357115013,1.0,0.0,4.166666666666667,0.6871842709362768,14
656,0.5855220756280618,0.08861483778439305,0.0991758908375654,0.014806536414297506,0.0007092703944754975,0.0002343958824037287,100.0,0.0,62.5,1.8929694486000912,1.0,0.0,4.5,0.5,14
657,0.5533668790368448,0.07699321952974902,0.10592964949780624,0.014096689506100038,0.000637816697477186,0.00020988318995627793,100.0,0.0,62.333333333333336,2.0548046676563256,1.0,0.0,4.666666666666667,0.7453559924999299,14
658,0.5395337243516152,0.0616340409206065,0.10790287439936368,0.01173727114565796,0.0007258693432565795,0.00011233887123317655,100.0,0.0,61.833333333333336,1.3437096247164249,1.0833333333333333,0.18633899812498245,4.333333333333333,0.4714045207910317,14
659,0.5127244740174416,0.04832022537500736,0.11285093213087159,0.009588363647027276,0.000795202273009581,0.00014165779910247264,100.0,0.0,63.5,2.8722813232690143,1.0,0.0,3.5,0.7637626158259734,14
660,0.5167921805971907,0.037595288255560924,0.11095123073173345,0.008385030427690279,0.0010125161533887574,0.00035529158134935834,100.0,0.0,62.0,2.6457513110645907,1.0,0.0,4.333333333333333,0.4714045207910317,14
661,0.519576820442257,0.04912095194089546,0.10959619527905211,0.010594782767045985,0.0010810123948469693,0.000385807047570084,100.0,0.0,60.166666666666664,2.6718699236468995,1.3333333333333333,0.4714045207910317,4.166666666666667,0.6871842709362768,14
662,0.5253511357890658,0.06765721649812868,0.10664592006091274,0.015742272401140806,0.0013014877249867098,0.0004982837221116209,100.0,0.0,64.33333333333333,3.5433819375782165,1.0,0.0,4.666666666666667,1.247219128924647,14
663,0.5425833159989666,0.06771714644233977,0.10323247088735023,0.013699801545517271,0.001443865238094511,0.0003718211840701446,100.0,0.0,62.833333333333336,2.192157739660985,1.1666666666666667,0.3726779962499649,4.5,0.9574271077563381,14
664,0.5681081689255265,0.11037247236855523,0.0962119253254764,0.022713184132012752,0.001497957895496162,0.0003091099703103956,100.0,0.0,64.16666666666667,2.5440562537456244,1.0,0.0,3.8333333333333335,0.3726779962499649,14
665,0.5388901596949581,0.11917336130289741,0.1022430026090856,0.023301912331351267,0.0015001337655686942,0.00024651136293879744,100.0,0.0,64.66666666666667,3.448026810929534,1.0,0.0,4.166666666666667,0.6871842709362768,14
666,0.5364948006168477,0.12311659926077968,0.1021914094051473,0.023486884365238568,0.0015036156145129102,0.00033444500453645335,100.0,0.0,63.166666666666664,2.4776781245530843,1.0,0.0,4.166666666666667,0.6871842709362768,14
667,0.5170093437260362,0.10758963529058434,0.1058250260926115,0.020188774638968506,0.0015665021508643516,0.00046408551534864704,100.0,0.0,65.33333333333333,2.9249881291307074,1.0833333333333333,0.18633899812498245,4.0,0.5773502691896257,14
668,0.5030019819259004,0.09223933980359557,0.11083626909039139,0.016956247201579427,0.0013981361302996638,0.00037060812250784206,100.0,0.0,63.0,3.0,1.0,0.0,4.833333333333333,1.462494064565354,14
669,0.5060732365541232,0.08673969977111247,0.11090140936885372,0.015584608318205578,0.001246861484980057,0.0004467485982772017,100.0,0.0,64.16666666666667,3.531603350069515,1.0,0.0,4.166666666666667,0.6871842709362768,14
670,0.4929852970799901,0.09226031242330568,0.11335595407860449,0.016196497063305264,0.0013069614818548264,0.0004886687095958722,100.0,0.0,62.666666666666664,4.189935029992179,1.1666666666666667,0.3726779962499649,4.166666666666667,0.372677996249965,14
671,0.4782500701092176,0.07879002722110484,0.11643057987556743,0.01298921214204688,0.0014043056862682814,0.0005374758340740892,100.0,0.0,62.333333333333336,0.9428090415820632,1.0,0.0,4.333333333333333,0.4714045207910317,14
672,0.47496157904646347,0.08180296645241693,0.11740432157888736,0.013549312858619532,0.0014892272274728048,0.0008137635744684726,100.0,0.0,62.166666666666664,2.9107081994288304,1.0833333333333333,0.18633899812498245,3.8333333333333335,0.3726779962499649,14
673,0.4884109537600078,0.09206417852997399,0.11554445786626771,0.01632778211497796,0.0011728541278466756,0.0006852086277720955,100.0,0.0,62.833333333333336,1.5723301886761005,1.0,0.0,4.166666666666667,0.37267799624996495,14
674,0.4632670696308165,0.09917733975569973,0.12147693541119207,0.018716752979242145,0.0007617699518718646,0.00014698647561510784,100.0,0.0,63.833333333333336,2.4094720491334938,1.0,0.0,4.833333333333333,0.6871842709362768,14
675,0.41961052137646804,0.08896046454180105,0.13090965857738937,0.01796719662869277,0.0006459626542762795,0.0001662899538369898,100.0,0.0,63.0,2.7688746209726918,1.1666666666666667,0.3726779962499649,4.5,0.5,14
676,0.3841728762143643,0.08124948878686931,0.13767803662505196,0.016807177641528778,0.0006710533802088029,0.00019963061688549937,100.0,0.0,61.0,2.160246899469287,1.0,0.0,4.166666666666667,0.372677996249965,14
677,0.3483354613056142,0.06776212654933629,0.1446505939717657,0.014667584407331997,0.0006713980582699215,0.0004172444889189115,100.0,0.0,62.5,2.9297326385411577,1.0,0.0,4.166666666666667,0.8975274678557505,14
678,0.31542937719954073,0.06941510845702777,0.1523117076679619,0.01571754601122135,0.000649374411907972,0.00034731355965433646,100.0,0.0,62.333333333333336,2.13437474581095,1.0,0.0,4.666666666666667,0.7453559924999298,14
679,0.29563591926370925,0.06666896602191234,0.15646059552401304,0.016075862657409925,0.000774323816259945,0.0003561637157975841,100.0,0.0,63.833333333333336,4.561310727801336,1.1666666666666667,0.3726779962499649,4.333333333333333,0.4714045207910317,14
680,0.29112246405489056,0.06927516132537581,0.15858189289795555,0.016643064645100836,0.0008688431323775011,0.0002443993845010341,100.0,0.0,64.83333333333333,1.9507833184532708,1.0,0.0,4.333333333333333,0.4714045207910317,14
681,0.29289023261777125,0.09514115245923419,0.15947984051678796,0.022025548991064976,0.0009764672337001122,0.00034221748809926334,100.0,0.0,63.666666666666664,4.2295258468165065,1.0,0.0,4.333333333333333,0.7453559924999298,14
682,0.31080072714713486,0.11611595641772846,0.15641942051879568,0.025913496433248525,0.0009475768800429187,0.000462457207900021,100.0,0.0,63.0,2.7688746209726918,1.0,0.0,4.5,1.2583057392117916,14
683,0.3246643267835512,0.10913999353164655,0.15425403272165591,0.02521222103893453,0.0011410309435411462,0.0006621094066112099,100.0,0.0,64.5,2.6299556396765835,1.0,0.0,4.333333333333333,0.4714045207910317,14
684,0.359978061543859,0.128448971177101,0.1451890094047835,0.026864916686473003,0.0010877949361248103,0.0005419738207997419,100.0,0.0,65.33333333333333,3.34995854037363,1.1666666666666667,0.3726779962499649,3.3333333333333335,0.4714045207910317,14
685,0.35819974731091286,0.1513819744447035,0.1467670497942203,0.03172269061997624,0.0009431484059248182,0.00031789087531138336,100.0,0.0,63.666666666666664,2.1343747458109497,1.0,0.0,4.0,0.0,14
686,0.34119220397200234,0.16153468517495928,0.15132543606453555,0.03526379520066949,0.000831785471146832,0.00014856931655817158,100.0,0.0,64.33333333333333,3.34995854037363,1.0,0.0,4.333333333333333,0.9428090415820634,14
687,0.3256785067935479,0.15833498375756766,0.15488623319779252,0.0372736333833371,0.0008267147227032074,0.0001666051454094895,100.0,0.0,65.66666666666667,2.134374745810949,1.0,0.0,3.5,0.7637626158259734,14
688,0.3071313729050739,0.13663955445010267,0.15818938888835798,0.032713683151748454,0.0007939535196442053,0.00033066365077199285,100.0,0.0,63.5,2.362907813126304,1.0,0.0,4.166666666666667,0.8975274678557507,14
689,0.28004428217576033,0.12503594495821035,0.1634940574414056,0.02944860255373828,0.0008584825511154925,0.00045750890824807123,100.0,0.0,63.166666666666664,4.374801582802229,1.0,0.0,4.5,1.6072751268321592,14
690,0.2513008447772505,0.11768140032740293,0.17061844449726737,0.029467186895247445,0.000972788693196492,0.0005231011412256107,100.0,0.0,64.5,2.4324199198877374,1.0,0.0,4.0,0.5773502691896257,14
691,0.22766519062825438,0.09247839964544642,0.17633692995993658,0.02609833251222216,0.0007904201548536797,0.00020562675710619147,100.0,0.0,61.833333333333336,4.258977446393545,1.25,0.3818813079129867,4.0,0.816496580927726,14
692,0.22683296209771017,0.07774025989530335,0.17548077415390548,0.02010044877895891,0.0009658833502398204,0.00036932357493373014,100.0,0.0,66.16666666666667,4.058598553961974,1.0,0.0,3.8333333333333335,0.6871842709362768,14
693,0.2239603051211524,0.07931224187358775,0.17646029573788483,0.020517554110743172,0.0009668385208458233,0.0005054482914005787,100.0,0.0,62.833333333333336,3.387066905483596,1.1666666666666667,0.3726779962499649,4.833333333333333,0.8975274678557507,14
694,0.21655495224729357,0.10348932739420053,0.17922006502610108,0.02672467937446434,0.000739025147107391,0.00047618438334172793,100.0,0.0,63.666666666666664,1.7950549357115015,1.0,0.0,3.8333333333333335,0.3726779962499649,14
695,0.20733233467463433,0.12228579094941738,0.18319351067362485,0.031142823992899492,0.0005600832901345235,0.000288850265839029,100.0,0.0,62.5,1.8929694486000912,1.0,0.0,4.166666666666667,0.37267799624996495,14
696,0.18045010704690223,0.11438377493739364,0.19214378022905995,0.03130510758027879,0.00039455252267989595,0.00027420617180532554,100.0,0.0,60.5,1.8027756377319946,1.1666666666666667,0.3726779962499649,4.0,0.5773502691896257,14
697,0.1580301961811378,0.09170210501730122,0.1987912253820063,0.02769866798765526,0.0005364199108213711,0.00019182046693213075,100.0,0.0,62.833333333333336,2.1921577396609844,1.1666666666666667,0.3726779962499649,4.5,0.5,14
698,0.1564489114688485,0.06237742685509699,0.19522674775541252,0.020558224481142973,0.0005599770693103452,0.00017863337904698427,100.0,0.0,63.166666666666664,2.4094720491334933,1.0,0.0,4.166666666666667,0.6871842709362768,14
699,0.13210202509379348,0.05050378101687999,0.20459473138741716,0.021164308353039826,0.0006619962877289833,0.00019902633433549805,100.0,0.0,62.333333333333336,1.3743685418725535,1.0,0.0,4.166666666666667,0.6871842709362768,14
700,0.12077222418419666,0.033738690937467876,0.2069438365496257,0.01115129098399517,0.0011513894379592453,0.0005295064235445213,100.0,0.0,62.833333333333336,1.0671873729054748,1.0,0.0,4.333333333333333,0.4714045207910317,14
701,0.14972052119463525,0.03560465597340716,0.19976899497739892,0.009281356479195266,0.0012952643425855732,0.00035153543941099065,100.0,0.0,63.2,2.4819347291981715,1.0,0.0,4.6,0.7999999999999999,15
702,0.1964249853247027,0.08060085660602129,0.18451311311774582,0.021357025991592216,0.0011488424287812442,0.0005015411664479844,100.0,0.0,63.6,2.870540018881465,1.0,0.0,4.2,1.16619037896906,15
703,0.22001804356836577,0.1024791762228006,0.17753539224983933,0.024867720998914957,0.0009109056573705168,0.0005067435881433869,100.0,0.0,63.4,1.9595917942265424,1.0,0.0,4.2,0.7483314773547882,15
704,0.20243707710561307,0.1150368538852268,0.18268741001979646,0.029075643625908244,0.000992743317143406,0.00044722613642774926,100.0,0.0,65.0,1.6733200530681511,1.0,0.0,3.8,0.7483314773547882,15
705,0.19365491496695092,0.1004649701062344,0.1875118538911924,0.028726136430259282,0.0014498925269237056,0.0008248868613924112,100.0,0.0,64.4,2.8705400188814645,1.0,0.0,4.4,0.7999999999999999,15
706,0.24905098458271507,0.19917526127687027,0.1752773182263827,0.04326068392934669,0.0012779929835987467,0.0005560261624536223,100.0,0.0,65.0,3.03315017762062,1.0,0.0,3.8,0.7483314773547882,15
707,0.23840585966988118,0.22392056856664697,0.17990964066520698,0.04917628985675702,0.00087039461826371,0.0004678462185442059,100.0,0.0,63.8,1.16619037896906,1.0,0.0,4.0,0.6324555320336759,15
708,0.20584761541451493,0.203793942095117,0.18925583340658098,0.04659000255429228,0.0007980578690912571,0.0005164716350362341,100.0,0.0,63.2,2.7856776554368237,1.2,0.4,4.0,0.0,15
709,0.1754567345699369,0.17224303839058872,0.1976079069361793,0.04399183262000531,0.0007692006790769392,0.0008237795776024085,100.0,0.0,62.2,3.9698866482558417,1.2,0.4000000000000001,4.4,1.019803902718557,15
710,0.17753323054565232,0.12080582927115378,0.1924317710370592,0.03374878851037033,0.0008681446413568526,0.0009419755980700594,100.0,0.0,62.6,2.727636339397171,1.0,0.0,4.6,0.8,15
711,0.15255763055029883,0.08609075600519983,0.19879504668801679,0.027342968369241147,0.0008714323356996262,0.0007554652439623529,100.0,0.0,63.2,3.4871191548325386,1.2,0.4000000000000001,4.0,0.6324555320336759,15
712,0.13500599125922824,0.07369953415035224,0.20454702322082663,0.02485075317598251,0.0007104761574767175,0.00045076841908930367,100.0,0.0,62.8,1.9390719429665317,1.2,0.4000000000000001,4.4,0.8,15
713,0.14292647955412172,0.06158525351200961,0.20113125205166163,0.017719374123062494,0.0004621774637222755,0.00045548488810075784,100.0,0.0,62.4,2.4166091947189146,1.1,0.19999999999999998,4.2,0.39999999999999997,15
714,0.12741507987505135,0.06676915336129162,0.21075579719021156,0.02165230089766748,0.0007489964493112821,0.000525891885743805,100.0,0.0,66.2,1.7204650534085253,1.0,0.0,4.2,0.39999999999999997,15
715,0.1500817723288959,0.06797107533491965,0.19864735858096588,0.022049447742879588,0.0012021369974725647,0.0010093132025529167,100.0,0.0,63.0,2.6832815729997477,1.0,0.0,4.4,0.48989794855663565,15
716,0.13736482109413067,0.046138251421164275,0.19726088221302182,0.01382514465834671,0.0012111930490854089,0.001722391939400207,100.0,0.0,61.6,1.019803902718557,1.1,0.19999999999999998,4.0,0.6324555320336759,15
717,0.11930427327303221,0.022317501683007692,0.2079362914110975,0.01227481921025594,0.0006463346913370442,0.0003497278760641907,100.0,0.0,63.6,2.870540018881465,1.0,0.0,3.6,0.4898979485566356,15
718,0.15102196706621263,0.0961019434665795,0.20165633466146163,0.025589890948106996,0.0006692507594825519,0.0003658973602900949,100.0,0.0,62.6,2.4166091947189146,1.0,0.0,3.8,0.39999999999999997,15
719,0.22792432530954318,0.10566604651648827,0.18297143993301507,0.028988885738719102,0.001536614488327794,0.001653338759176092,100.0,0.0,65.8,2.9257477676655586,1.0,0.0,4.0,0.6324555320336759,15
720,0.342700562139542,0.30678370918107434,0.15846199088033455,0.06773949704293562,0.0006549021952014075,0.00038495112718678174,100.0,0.0,63.8,1.8330302779823362,1.0,0.0,4.4,0.48989794855663565,15
721,0.2938191907542506,0.28396718428850964,0.17174563673537696,0.06407346225442555,0.0007185562124087268,0.000609477383721164,100.0,0.0,64.0,2.1908902300206643,1.0,0.0,4.6,0.4898979485566356,15
722,0.27326304824096204,0.21754242201700819,0.17050878963808025,0.048724801611372076,0.0008477830793953446,0.0005707677737560599,100.0,0.0,65.4,2.416609194718914,1.0,0.0,4.6,0.48989794855663565,15
723,0.24138783165286756,0.16316122002469144,0.17632912743704243,0.039498911577727155,0.0008012002404882152,0.0008893593791306639,100.0,0.0,62.4,2.8,1.0,0.0,4.8,0.7483314773547882,15
724,0.29686574405997695,0.19940401096911187,0.16495744868076384,0.05019190818045802,0.0008381647486205325,0.0006251827822136753,100.0,0.0,64.6,2.2449944320643644,1.0,0.0,4.0,0.6324555320336759,15
725,0.28273073940917415,0.20275855011919414,0.16750310403026733,0.050883618286817915,0.001040636621293436,0.0009368754094065075,100.0,0.0,61.4,3.7202150475476548,1.2,0.4000000000000001,4.6,0.8,15
726,0.26299373765495576,0.2223740014022823,0.1748468472308783,0.05528343578523371,0.0011092369800394554,0.000934558582871199,100.0,0.0,62.6,5.083306010855534,1.2,0.4,4.2,0.7483314773547882,15
727,0.30664277491300884,0.24863667332960834,0.16100285274165335,0.0555746240714122,0.0011391015705228872,0.0008548086104327128,100.0,0.0,61.75,2.680951323690902,1.125,0.21650635094610965,4.0,1.0,16
728,0.2763536251707524,0.24913486526605777,0.1690177627807184,0.05273141349751385,0.0008713438820847253,0.0008240576008642389,100.0,0.0,61.5,3.840572873934304,1.25,0.4330127018922193,4.5,0.5,16
729,0.22998863338375156,0.21258858651885265,0.18433308710970792,0.049967043702414816,0.0006484601386301926,0.0002190350276884667,100.0,0.0,62.75,1.479019945774904,1.125,0.21650635094610965,4.0,0.7071067811865476,16
730,0.23444995671172075,0.1563027824442092,0.17842927085881752,0.03674142126414967,0.0006996079606143928,0.0003384821975254289,100.0,0.0,62.5,2.692582403567252,1.25,0.4330127018922193,4.5,0.8660254037844386,16
731,0.19187477529824645,0.11941254977406794,0.18921566473622703,0.034442346302679804,0.0007253373162639361,0.000274911902458052,100.0,0.0,63.0,1.8708286933869707,1.0,0.0,4.0,0.0,16
732,0.1679639628717095,0.0867868921884095,0.1942665025582042,0.027866142701389013,0.00058724164196686,0.0002549072861904582,100.0,0.0,65.0,2.1213203435596424,1.0,0.0,3.75,0.4330127018922193,16
733,0.14583653714571776,0.05703283884399034,0.2000266021240263,0.01942549241850904,0.0006400488174852157,0.0003169943573828035,100.0,0.0,63.75,5.356071321407137,1.0,0.0,4.25,0.4330127018922193,16
734,0.12551101993842215,0.04111672040453592,0.20601825945865831,0.013632969156614518,0.0006191626589931725,0.0005634506911835174,100.0,0.0,62.0,3.5355339059327378,1.0,0.0,4.25,0.82915619758885,16
735,0.1078482563834462,0.04885517869963356,0.21604033678024429,0.0181089762006493,0.0006532095520599553,0.0005107696121309053,100.0,0.0,61.5,2.5,1.5,0.5,3.75,0.4330127018922193,16
736,0.11370301720481321,0.050538393861707644,0.21163766061995842,0.020071961126778243,0.0005414814348407438,0.00032430344686326434,100.0,0.0,62.25,1.920286436967152,1.0,0.0,4.0,0.0,16
737,0.10039471082347963,0.02972592469283523,0.21880560291375342,0.013467812229262513,0.0003335932224963093,0.0002474158544202028,100.0,0.0,65.5,3.570714214271425,1.0,0.0,4.5,0.5,16
738,0.15007243490608657,0.12081377059484469,0.2047979676365863,0.03536594323246559,0.0004421299839171723,0.00021159594950331714,100.0,0.0,64.75,4.602988159880492,1.0,0.0,4.75,0.82915619758885,16
739,0.12675032708273745,0.07575904883076276,0.2077409899936044,0.02491341232936806,0.0003139724582908545,0.00026982847195988573,100.0,0.0,65.5,3.5,1.0,0.0,4.0,0.0,16
740,0.08692952931773508,0.04775425024804014,0.2225278396126796,0.02164587080398579,0.0007578967432411411,0.0012360245936819743,100.0,0.0,64.5,2.29128784747792,1.0,0.0,4.25,0.4330127018922193,16
741,0.08024795881032115,0.014769516153425383,0.22514708791917054,0.008172139765083396,0.00041635297975754955,0.000452653780736754,100.0,0.0,66.0,4.06201920231798,1.0,0.0,4.5,0.5,16
742,0.09093432735797057,0.030956290716253745,0.21930184532875885,0.01660683572841796,0.000748522371024605,0.0006358014207572396,100.0,0.0,63.75,1.0897247358851685,1.125,0.21650635094610965,4.5,0.5,16
743,0.0742589781185991,0.017971674040155587,0.22951012422018685,0.007935088553074971,0.00035146255083505127,0.0002406191157006546,100.0,0.0,63.75,1.479019945774904,1.0,0.0,4.25,0.4330127018922193,16
744,0.07910245604361227,0.025767146409590862,0.2251911409552499,0.014344702791412185,0.0005106281918003614,0.0008083261424459596,100.0,0.0,62.75,3.344772040064913,1.125,0.21650635094610965,4.5,0.5,16
745,0.07260673438841286,0.01678733235108371,0.23233079859143993,0.00818163954404579,0.0003166341335705191,0.0003605224634009583,100.0,0.0,66.0,3.265986323710904,1.0,0.0,4.0,0.816496580927726,17
746,0.21528032388555282,0.17027362299932297,0.18815325279481307,0.045993040719657,4.5128916558549095e-05,5.932607370557823e-05,100.0,0.0,62.333333333333336,0.4714045207910317,1.0,0.0,4.333333333333333,0.4714045207910317,17
747,0.17466463658278797,0.11162195064999948,0.19450014229618628,0.032601398202740876,0.00014218099381703634,9.326416989265349e-05,100.0,0.0,66.66666666666667,2.8674417556808756,1.0,0.0,4.666666666666667,0.9428090415820634,17
748,0.14661435213244792,0.08815640982566808,0.20537376809830366,0.02972851269082185,0.0003975054519844638,0.00032354940551359743,100.0,0.0,62.666666666666664,3.299831645537222,1.0,0.0,4.333333333333333,0.4714045207910317,17
749,0.1772208844649942,0.04014743333802396,0.18663115208119152,0.008105038504638779,0.0012558454814925733,0.0004001426755428093,100.0,0.0,64.66666666666667,2.0548046676563256,1.0,0.0,3.6666666666666665,0.4714045207910317,17
750,0.15453620061782966,0.05872179011495731,0.19702626922310154,0.012885323483790538,0.001181441125303423,0.0005338442786053428,100.0,0.0,64.33333333333333,4.496912521077347,1.1666666666666667,0.23570226039551584,3.6666666666666665,0.4714045207910317,17
751,0.17024611192681297,0.08786511912462658,0.19837769447373352,0.028415104141500287,0.0005180136307344042,0.00033292486049875316,100.0,0.0,64.33333333333333,3.7712361663282534,1.0,0.0,3.6666666666666665,0.4714045207910317,17
752,0.22704369779074637,0.09553962293754935,0.17767687336200003,0.025357249836492467,0.0005200681808874818,0.00016381143923790896,100.0,0.0,66.0,0.816496580927726,1.0,0.0,4.0,0.0,17
753,0.18241761939575082,0.06285998886045664,0.18717777933493807,0.018058328517696863,0.0004159121293170654,0.00023903830311291211,100.0,0.0,63.0,2.160246899469287,1.3333333333333333,0.4714045207910317,4.0,0.0,17
754,0.14348914361253096,0.04354110533737837,0.20052325247828132,0.014535991523914814,0.0006219114549393237,0.00029147141313741557,100.0,0.0,63.666666666666664,4.109609335312651,1.3333333333333333,0.4714045207910317,3.6666666666666665,0.4714045207910317,17
755,0.12587593563725058,0.023085923648788854,0.2051269568047039,0.008522855242132471,0.0006483212425378262,0.00026603970765569265,100.0,0.0,63.666666666666664,3.299831645537222,1.0,0.0,4.0,0.0,17
756,0.11288013510954532,0.04033976097297906,0.2085519206970722,0.01645145378918849,0.0007661518391510327,0.0004166708609835724,100.0,0.0,61.0,0.816496580927726,1.0,0.0,5.0,1.4142135623730951,17
757,0.1102067231334415,0.007548243736076524,0.21073977129384294,0.006180953614003059,0.0006264534937822644,0.00012067543600216129,100.0,0.0,60.333333333333336,3.091206165165235,1.1666666666666667,0.23570226039551584,4.666666666666667,0.4714045207910317,17
758,0.11568635627734374,0.04265140126094867,0.21075839709663724,0.017486761784603497,0.0005808052071202331,0.00022618270635411957,100.0,0.0,64.0,1.4142135623730951,1.0,0.0,4.0,0.816496580927726,17
759,0.11826677627048893,0.014828205606528037,0.20612992207910927,0.00655263758139875,0.00025492545023508183,0.00023213898730529482,100.0,0.0,64.66666666666667,1.247219128924647,1.0,0.0,4.0,0.816496580927726,17
760,0.07958387800588834,0.009479300947511456,0.2259687860872236,0.007003877993904375,0.00036873552100592956,0.00023399085917613955,100.0,0.0,61.666666666666664,2.357022603955158,1.5,0.408248290463863,4.0,0.0,17
761,0.09460883517412592,0.038250444643169956,0.21931138866486768,0.01759995028317594,0.00046676346305891806,0.00010711509770958614,100.0,0.0,58.666666666666664,2.8674417556808756,1.3333333333333333,0.4714045207910317,4.666666666666667,0.4714045207910317,17
762,0.07700728130630365,0.0251383270064845,0.22810419180834685,0.014046085634114969,0.00034803988674148863,0.0002480117679171387,100.0,0.0,58.0,2.160246899469287,1.3333333333333333,0.4714045207910317,4.0,0.0,17
763,0.07278260019939457,0.014495019306775079,0.22782809020258885,0.011448924238643361,0.0010439288446350494,0.0010096364196302567,100.0,0.0,61.333333333333336,2.494438257849294,1.0,0.0,4.0,0.0,17
764,0.07210138363848166,0.013835192882188735,0.22735554847179384,0.01050742901581436,0.0007344611747020366,0.0006562780065516239,100.0,0.0,64.33333333333333,1.699673171197595,1.0,0.0,4.0,0.0,17
765,0.12419008561929774,0.08964087555456417,0.20991462558565468,0.03110518155420125,0.0010040002481747831,0.0008789289516098465,100.0,0.0,65.33333333333333,1.699673171197595,1.0,0.0,4.0,0.0,17
766,0.12381738834102445,0.03375927722699655,0.20477838306393928,0.013790321692967292,0.0005073537014245274,0.0004780515956780671,100.0,0.0,66.0,2.160246899469287,1.0,0.0,3.6666666666666665,0.4714045207910317,17
767,0.09312876627548657,0.023071322744991022,0.2187270261687605,0.011756125962450301,0.0002746858609884278,8.754146585738531e-05,100.0,0.0,61.333333333333336,2.357022603955158,1.3333333333333333,0.4714045207910317,3.6666666666666665,0.4714045207910317,17
768,0.09788846466798799,0.025529493349377926,0.21703826123250422,0.01724058529122768,0.0009458283808328904,0.0007035698139186374,100.0,0.0,63.0,1.4142135623730951,1.0,0.0,3.6666666666666665,0.4714045207910317,17
769,0.15259102141770517,0.08958016750047115,0.19894067720368405,0.026130056777888655,0.0011388791866226633,0.0007152090387522007,100.0,0.0,64.33333333333333,2.8674417556808756,1.0,0.0,4.0,0.816496580927726,17
770,0.14045488529412106,0.05248853147349281,0.20398690348420997,0.01773317038440329,0.0011143402244132192,0.0004400887028669762,100.0,0.0,60.333333333333336,1.247219128924647,1.0,0.0,5.333333333333333,0.4714045207910317,17
771,0.17298093317622687,0.08907994203517752,0.19125625855751535,0.028625761991784324,0.0011474109147353864,0.0006619236026985477,100.0,0.0,63.0,0.816496580927726,1.0,0.0,4.333333333333333,0.4714045207910317,17
772,0.16952511818219218,0.07700402362911278,0.19211137138034384,0.022990203420234594,0.00031276411570554783,0.00017354660288997507,100.0,0.0,65.0,0.816496580927726,1.0,0.0,4.0,0.0,17
773,0.14487180111185924,0.08158951571129698,0.20549218936382194,0.02632813226515819,0.000617242050555407,0.00017905885663846904,100.0,0.0,66.66666666666667,2.357022603955158,1.0,0.0,3.3333333333333335,0.4714045207910317,17
774,0.20189549335338133,0.09805264365997336,0.1841499640727862,0.02284926265250755,0.0009447126505803585,0.0005482758401688944,100.0,0.0,65.0,3.559026084010437,1.0,0.0,4.333333333333333,0.4714045207910317,17
775,0.1799987934069175,0.11970199576088869,0.19535035451036742,0.03462613246002504,0.00035830852305523676,0.00022579842146093907,100.0,0.0,61.666666666666664,2.0548046676563256,1.0,0.0,4.333333333333333,0.4714045207910317,17
776,0.19811349768602482,0.07130923293281498,0.1861951194180709,0.024596780460861223,0.000739506307278167,0.0005111346739674015,100.0,0.0,61.0,1.632993161855452,1.0,0.0,4.666666666666667,0.4714045207910317,17
777,0.1913269287281092,0.019491548766388964,0.18275425745918758,0.005511710719476652,0.0004359449011063097,0.00020156394514848357,100.0,0.0,62.0,0.816496580927726,1.3333333333333333,0.4714045207910317,5.0,0.816496580927726,17
778,0.14133557383018533,0.022945911338335415,0.20013401275563358,0.007696728997141221,0.0005332202481881171,0.00022809347420862892,100.0,0.0,62.333333333333336,0.9428090415820634,1.3333333333333333,0.4714045207910317,4.0,0.0,17
779,0.1316296027850539,0.03986688525987479,0.20539358638530247,0.016472262990640783,0.0008281346288200701,0.0002667104714804525,100.0,0.0,65.0,1.632993161855452,1.0,0.0,4.333333333333333,0.4714045207910317,17
780,0.13245596212362903,0.031062825701074888,0.19975662560560756,0.012069049157655616,0.0014097039824865955,0.00019932072193115557,100.0,0.0,64.0,0.816496580927726,1.0,0.0,4.0,0.0,17
781,0.1171524195356719,0.023787733715911214,0.20447184326354562,0.013091435485015962,0.0010344779620368417,0.0007156458220690754,100.0,0.0,66.0,2.449489742783178,1.0,0.0,4.333333333333333,0.9428090415820634,17
782,0.106569117404552,0.030393956528297652,0.21004920854040102,0.009732371799584286,0.0016689327133646856,0.00018193576745720836,100.0,0.0,63.666666666666664,2.0548046676563256,1.0,0.0,4.666666666666667,0.4714045207910317,17
783,0.13683953392347178,0.0710184967949876,0.21075756848557411,0.022520110276668247,0.0012042167910941658,0.0007865928521371807,100.0,0.0,64.33333333333333,4.496912521077347,1.0,0.0,4.0,0.0,17
784,0.2952534563210571,0.0399079523565273,0.15672404223165765,0.010307312060281472,0.0008147500551042413,0.0002621033992313943,100.0,0.0,63.666666666666664,0.9428090415820634,1.0,0.0,4.0,0.0,17
785,0.23129552825541247,0.033400205382797525,0.17037966999862078,0.010196825822141995,0.0005781128527115489,0.00027329067795786274,100.0,0.0,63.666666666666664,2.0548046676563256,1.0,0.0,4.333333333333333,0.4714045207910317,17
786,0.18648533462305994,0.04121901335886941,0.18458713950869807,0.01285889406577776,0.0005253108592286349,0.00025309755580177156,100.0,0.0,65.66666666666667,2.494438257849294,1.0,0.0,4.333333333333333,0.4714045207910317,17
787,0.14667524096734202,0.04398632189410946,0.198740759342153,0.016303353552577508,0.0005598284804022201,0.0002552110925702537,100.0,0.0,63.666666666666664,2.8674417556808756,1.0,0.0,4.0,0.0,17
788,0.14463387661353513,0.014246092121997667,0.19696446869288753,0.00626889400172273,0.0006624985698000376,0.00025873223001810885,100.0,0.0,66.33333333333333,0.9428090415820634,1.0,0.0,4.666666666666667,0.4714045207910317,17
789,0.11568109550523971,0.006971330217476755,0.20723716417385418,0.003969265008471392,0.0008070641497027053,0.00039502757894844837,100.0,0.0,66.33333333333333,2.494438257849294,1.0,0.0,3.6666666666666665,0.4714045207910317,17
790,0.09408874135311164,0.0031160408749154335,0.21539277548941907,0.002697028603585319,0.0008511385750378194,0.000610580129339395,100.0,0.0,62.333333333333336,2.0548046676563256,1.0,0.0,4.333333333333333,0.4714045207910317,17
791,0.10547021647968562,0.03921508340631388,0.2174968777925643,0.01217388356283163,0.0007000909061300615,0.00029694138160313603,100.0,0.0,62.666666666666664,0.9428090415820634,1.0,0.0,3.6666666666666665,0.4714045207910317,17
792,0.2039495802955259,0.125337127854217,0.1910212770803291,0.03655301097099908,0.0010626754735825756,0.000499696009603245,100.0,0.0,60.333333333333336,2.6246692913372702,1.3333333333333333,0.4714045207910317,4.666666666666667,0.9428090415820634,17
793,0.2368028677231552,0.1063465439288553,0.1727707693480732,0.02862966763396946,0.0008529841518771663,0.0005725013911734602,100.0,0.0,60.0,0.816496580927726,1.0,0.0,4.333333333333333,0.4714045207910317,17
794,0.188459540705326,0.08972967887490164,0.1894401532581307,0.03252461758338143,0.0003432002667399882,0.00010439353085261106,100.0,0.0,62.666666666666664,2.6246692913372702,1.3333333333333333,0.4714045207910317,4.333333333333333,0.4714045207910317,17
795,0.17193220238126572,0.026202432504813314,0.18787351198037458,0.007168447917079072,0.0008107604824699805,0.0004901488402034401,100.0,0.0,65.33333333333333,2.357022603955158,1.0,0.0,4.333333333333333,0.4714045207910317,17
796,0.16772678667530608,0.015166476341761837,0.19204124974744852,0.004097894933666143,0.0007354777345105366,0.00031326876484992174,100.0,0.0,65.0,6.377042156569663,1.3333333333333333,0.4714045207910317,4.333333333333333,0.4714045207910317,17
797,0.17143994408552501,0.03288796415064437,0.19245272440063596,0.009401265473443787,0.0006787471693690868,0.00021734372047014307,100.0,0.0,63.333333333333336,4.4969125210773475,1.0,0.0,3.6666666666666665,0.4714045207910317,17
798,0.16062995309903003,0.0387825573513689,0.19644845001367092,0.013090741639513839,0.0006498189117951606,4.219025914628832e-05,100.0,0.0,62.0,2.449489742783178,1.0,0.0,5.0,0.0,17
799,0.17451457294367975,0.021697853232241143,0.18880096170143346,0.006598275468854771,0.0005253770674206586,0.0002804397578386618,100.0,0.0,64.66666666666667,2.6246692913372702,1.0,0.0,4.0,0.816496580927726,17
800,0.1652879447860479,0.02384456529896955,0.19324837315699506,0.00736760461543652,0.000832867131959507,0.0001973320697557397,100.0,0.0,64.0,3.265986323710904,1.1666666666666667,0.23570226039551584,4.333333333333333,0.4714045207910317,17
801,0.18717814127332447,0.03988020678116436,0.18910510453257076,0.008971535806043979,0.001071020888676424,0.00035590528216916184,100.0,0.0,62.666666666666664,1.247219128924647,1.0,0.0,4.666666666666667,0.4714045207910317,17
802,0.21806439910336053,0.07199848577841536,0.18091091023511643,0.01957687190209926,0.0008049385312494206,0.0003755036795952155,100.0,0.0,63.666666666666664,2.8674417556808756,1.3333333333333333,0.4714045207910317,3.6666666666666665,0.4714045207910317,17
803,0.23836140284256677,0.08381867747414891,0.175130540557109,0.023204261584473626,0.0007153711642003529,0.00012329201733490063,100.0,0.0,65.66666666666667,1.699673171197595,1.0,0.0,4.0,0.816496580927726,17
804,0.23378265045107005,0.1001596255172889,0.17706761750358846,0.02774719787126884,0.000812742886465554,0.0006506871762038929,100.0,0.0,63.333333333333336,0.9428090415820634,1.0,0.0,3.3333333333333335,0.4714045207910317,17
805,0.24450456677403054,0.1411260015357844,0.17605930337457418,0.03399914379120288,0.0010694368883411105,0.0009377931384302256,100.0,0.0,63.0,1.632993161855452,1.0,0.0,5.333333333333333,1.8856180831641267,17
806,0.2712587414223568,0.18937738620360137,0.17285008063892005,0.049435198575923885,0.0010371534093577344,0.0004039177143605212,100.0,0.0,65.0,5.0990195135927845,1.3333333333333333,0.4714045207910317,3.3333333333333335,0.4714045207910317,17
807,0.2797720800240709,0.17732832211285846,0.16947937145211114,0.048015024090518395,0.000961102253800699,9.45637587964791e-05,100.0,0.0,64.0,2.160246899469287,1.0,0.0,4.0,0.816496580927726,17
808,0.2573316180849381,0.1359162813747587,0.1703802761251492,0.03780849260752092,0.0007320268219985094,0.0005015745769080091,100.0,0.0,64.0,0.816496580927726,1.0,0.0,4.333333333333333,0.4714045207910317,17
809,0.23075579385100473,0.07646320707064759,0.17259498331914655,0.01957622231925627,0.0004771576326326211,0.0002232972360897952,100.0,0.0,62.666666666666664,2.357022603955158,1.0,0.0,4.0,0.816496580927726,17
810,0.19239255384244125,0.05960549781070502,0.18385307632987777,0.017401790986206134,0.0005647485483120854,8.979824912449375e-05,100.0,0.0,62.333333333333336,2.0548046676563256,1.0,0.0,5.0,0.0,17
811,0.17458750447434804,0.057034567577109674,0.19066270182687908,0.017844081898196796,0.0007609504250770375,0.0002234911787840192,100.0,0.0,64.0,3.7416573867739413,1.0,0.0,4.666666666666667,0.4714045207910317,17
812,0.1752616594538475,0.08364515063653602,0.19148972782256066,0.02718900730285875,0.0010124764449683011,0.00023141167536795722,100.0,0.0,62.333333333333336,3.299831645537222,1.3333333333333333,0.4714045207910317,4.333333333333333,0.4714045207910317,17
813,0.1781569378783894,0.06840021006286556,0.18832913515952873,0.021366285415425543,0.000981858375454259,0.000372903537044957,100.0,0.0,64.33333333333333,3.39934634239519,1.0,0.0,3.6666666666666665,0.4714045207910317,17
814,0.15712765560618433,0.04532187019244209,0.19344518775105135,0.014214115347544444,0.0007314846115589347,0.00029812259324752484,100.0,0.0,62.666666666666664,2.494438257849294,1.0,0.0,4.0,0.0,17
815,0.14698815731885687,0.03849942453333061,0.19709239112021107,0.011010702920843263,0.0010027536319723565,0.0004598919844137175,100.0,0.0,65.0,0.0,1.0,0.0,4.0,0.0,17
816,0.14123622924557291,0.04264726108040115,0.2015124089539617,0.01255313319291127,0.0010140177656306904,0.00011625186765421941,100.0,0.0,64.66666666666667,1.247219128924647,1.0,0.0,4.0,0.0,17
817,0.15134509848917999,0.05825962966945081,0.1989999773515219,0.020265816609444168,0.000719286870316881,0.0001744879219395869,100.0,0.0,69.0,2.8284271247461903,1.0,0.0,4.0,0.816496580927726,17
818,0.13737822770436894,0.05749225961524856,0.20411281104719406,0.02458086885254532,0.00023585186257875517,8.482739275022639e-05,100.0,0.0,60.333333333333336,0.4714045207910317,1.0,0.0,4.333333333333333,0.4714045207910317,17
819,0.1278190250124333,0.03131064295516586,0.20632269335956221,0.012412635562988699,0.0002992874640795902,0.00015109891072308452,100.0,0.0,62.333333333333336,0.4714045207910317,1.0,0.0,3.6666666666666665,0.4714045207910317,17
820,0.13625230699094346,0.04043413260197179,0.2053739657489563,0.014204869861436391,0.0005203618907333014,0.0002139485617744765,100.0,0.0,67.33333333333333,4.189935029992178,1.0,0.0,4.0,0.816496580927726,17
821,0.14265590839389222,0.046860002164475514,0.20118878317278513,0.015282684959331834,0.0005719021643579397,8.10569559511973e-05,100.0,0.0,61.333333333333336,4.921607686744467,1.3333333333333333,0.4714045207910317,4.333333333333333,0.9428090415820634,17
822,0.13847665674964524,0.037252338201042054,0.19844262150521655,0.011374715396158886,0.0006304911492527884,0.0005933802279115663,100.0,0.0,63.666666666666664,1.699673171197595,1.0,0.0,4.666666666666667,0.4714045207910317,17
823,0.11625673999136547,0.019115258145257025,0.204383519462394,0.005773173011345561,0.0014361219625557314,0.0013928771588746138,100.0,0.0,64.66666666666667,2.0548046676563256,1.0,0.0,4.333333333333333,0.4714045207910317,17
824,0.10507344610728786,0.011114650295789362,0.2110876661838672,0.008042552866379574,0.0008509211097356274,0.000499012892237275,100.0,0.0,61.333333333333336,1.247219128924647,1.0,0.0,4.333333333333333,0.4714045207910317,17
825,0.11172752378906713,0.028536630853037898,0.21102007519823504,0.01122117285419964,0.0005821361399395184,0.00016625014577943825,100.0,0.0,64.0,1.4142135623730951,1.0,0.0,4.333333333333333,0.4714045207910317,17
826,0.11921687247304291,0.04410863157987796,0.21160487485317359,0.016139531767205402,0.0007408824231365839,0.00013839496742848836,100.0,0.0,60.666666666666664,1.699673171197595,1.3333333333333333,0.4714045207910317,3.3333333333333335,0.4714045207910317,17
827,0.14862360442582837,0.04361030332528783,0.19849933394693398,0.012692641958213444,0.00115938657386335,0.0005909581901376253,100.0,0.0,63.333333333333336,1.247219128924647,1.0,0.0,4.333333333333333,0.4714045207910317,17
828,0.17342025754742274,0.025960763613266342,0.1890199839900324,0.007109464675634005,0.000608123287530551,0.0003578484843410733,100.0,0.0,63.0,1.632993161855452,1.0,0.0,4.333333333333333,0.4714045207910317,17
829,0.1853013256931669,0.05067418488889024,0.18705897905158275,0.014477566564969508,0.0007440879647886948,0.0006366520076144076,100.0,0.0,62.0,2.449489742783178,1.0,0.0,5.0,0.816496580927726,17
830,0.19805926513891156,0.07778441797914463,0.1851781564199031,0.022814230607996387,0.0006667417104237421,0.0003719402591121697,100.0,0.0,62.0,1.632993161855452,1.3333333333333333,0.4714045207910317,4.0,0.0,17
831,0.1981420903789599,0.07133715738437162,0.18484104680507796,0.022583122113993905,0.0006061108216555643,0.00010925477323963273,100.0,0.0,62.333333333333336,1.699673171197595,1.0,0.0,5.0,0.816496580927726,17
832,0.22384795134739718,0.06759124545886887,0.17589892171464552,0.01613420412545149,0.0006310813031913772,0.00032755628985127905,100.0,0.0,64.66666666666667,1.699673171197595,1.0,0.0,5.0,0.0,17
833,0.242541746163911,0.10441006594896828,0.17343605845884733,0.02198980373671976,0.0007566300789816476,0.0004272261078641134,100.0,0.0,66.33333333333333,1.247219128924647,1.0,0.0,4.0,0.0,17
834,0.27765470894853767,0.17023628116915981,0.1680996375616468,0.03461780068641261,0.0008434641336096136,0.00043321499839684877,100.0,0.0,63.666666666666664,4.189935029992179,1.1666666666666667,0.23570226039551584,3.6666666666666665,0.4714045207910317,17
835,0.3019264932805117,0.20576731050143926,0.1634319398559572,0.042953793582138515,0.0007384789040899351,0.0001778399915064278,100.0,0.0,65.66666666666667,2.494438257849294,1.0,0.0,4.333333333333333,0.9428090415820634,17
836,0.3114477603885653,0.1979962888115922,0.16006330037537375,0.04265154562292194,0.0007635728848020681,0.00043980609538768657,100.0,0.0,63.0,2.449489742783178,1.0,0.0,4.0,0.0,17
837,0.31636408827485546,0.18556114401885743,0.1571719044765079,0.03919843756563965,0.0008945662511827352,0.0004992722831072203,100.0,0.0,65.0,2.943920288775949,1.0,0.0,4.0,0.0,17
838,0.30008576248485924,0.16780602500771913,0.16014482256037008,0.03651695837438395,0.001026850931605482,0.0006446047300543377,100.0,0.0,66.33333333333333,3.681787005729087,1.0,0.0,4.0,0.816496580927726,17
839,0.3076926232472154,0.16406380887858926,0.15878573637077253,0.03685564818589613,0.0009038838036803323,0.0005241392961624576,100.0,0.0,63.0,2.943920288775949,1.0,0.0,4.666666666666667,0.9428090415820634,17
840,0.3129294728380066,0.16890282628056746,0.15962884609982728,0.03989395572475465,0.0006944925584096975,9.874299221504024e-05,100.0,0.0,66.0,0.816496580927726,1.0,0.0,4.333333333333333,0.4714045207910317,17
841,0.3277632655026728,0.1645561860051567,0.15529347298995408,0.03667484983406414,0.0009414504006386716,0.0004160095246608493,100.0,0.0,62.333333333333336,2.6246692913372702,1.0,0.0,4.333333333333333,1.247219128924647,17
842,0.318374328009899,0.1486097770796079,0.15667853108351418,0.03378762613101993,0.0010883882033076262,0.0005989727526467659,100.0,0.0,61.0,5.0990195135927845,1.3333333333333333,0.4714045207910317,4.0,0.0,17
843,0.32631610464819155,0.1483405737830271,0.1524280011481264,0.0332329185944003,0.0014013063375423566,0.000750175805777764,100.0,0.0,61.333333333333336,2.6246692913372702,1.1666666666666667,0.23570226039551584,4.0,0.816496580927726,17
844,0.3280773547239046,0.1505837057038354,0.14997248966245189,0.03451933680861953,0.0014300360865027249,0.000836421920648514,100.0,0.0,60.0,2.160246899469287,1.6666666666666667,0.4714045207910317,4.0,0.0,17
845,0.3274989488608168,0.14950828026888124,0.15018942144369762,0.03379897839216143,0.001348929423074019,0.0005867892534538644,100.0,0.0,62.333333333333336,0.4714045207910317,1.0,0.0,4.333333333333333,1.247219128924647,17
846,0.32866616638922364,0.162044137589231,0.15051995552747124,0.03623941800498308,0.0015653907363954486,0.000767059837681567,100.0,0.0,63.666666666666664,2.0548046676563256,1.0,0.0,4.0,0.816496580927726,17
847,0.33437869953170624,0.16262592281878915,0.14785501756375063,0.03512225996847166,0.0018518910516730337,0.0011967335647912036,100.0,0.0,61.333333333333336,1.699673171197595,1.0,0.0,4.333333333333333,0.4714045207910317,17
848,0.36024480152777555,0.17439758965209579,0.1439394451586586,0.037290384635908086,0.001837050443071004,0.0010894053508047107,100.0,0.0,64.66666666666667,1.247219128924647,1.0,0.0,4.0,0.0,17
849,0.378590249201078,0.14933491913261565,0.13428220347283343,0.02574529612652242,0.00245048992714649,0.001652521196178236,100.0,0.0,64.33333333333333,0.4714045207910317,1.0,0.0,4.666666666666667,0.4714045207910317,17
850,0.396516431456905,0.10652128916034498,0.12880642434731826,0.016626470130562048,0.00258480851905336,0.001477904420908499,100.0,0.0,65.0,3.559026084010437,1.0,0.0,4.0,0.816496580927726,17
851,0.46985303081278856,0.04313485717481339,0.11815312754830672,0.0069039502574933425,0.0019044972549600088,0.000760115576734234,100.0,0.0,64.0,0.0,1.0,0.0,4.0,0.0,17
852,0.5563242501228595,0.056055822264646685,0.10415889671125154,0.008906404948405342,0.0014468011033704458,0.00041455547122178354,100.0,0.0,63.0,4.320493798938574,1.0,0.0,4.666666666666667,0.9428090415820634,17
853,0.6169350913482946,0.1088022161271019,0.09206870263285737,0.017950038927917356,0.0010242337738316297,0.0002810292922500716,100.0,0.0,64.0,0.816496580927726,1.0,0.0,4.0,0.0,17
854,0.6180791961627229,0.12079170665024844,0.09295470294755569,0.019903521828541135,0.0006431395453687386,0.0002100803458997475,100.0,0.0,62.666666666666664,1.699673171197595,1.3333333333333333,0.4714045207910317,3.3333333333333335,0.4714045207910317,17
855,0.5882796054197122,0.10590191586470689,0.09916674834014193,0.016592619798630377,0.0005853004147369941,0.00021679542432069334,100.0,0.0,62.333333333333336,3.39934634239519,1.3333333333333333,0.4714045207910317,4.0,0.0,17
856,0.5948701476374144,0.11618804503664351,0.09848684000913173,0.0195043775517597,0.0005311251899004031,0.00015030278807361448,100.0,0.0,64.0,1.4142135623730951,1.0,0.0,4.0,0.0,17
857,0.5640151769438425,0.12117667955312354,0.103860475650834,0.02092230967563544,0.0005555839002102473,9.466568062366502e-05,100.0,0.0,63.0,1.4142135623730951,1.0,0.0,4.0,0.0,17
858,0.5835567999053081,0.12484186616598349,0.09871458504108847,0.024507454604552,0.0007317548504034562,0.0001247188236117764,100.0,0.0,65.0,3.559026084010437,1.0,0.0,4.333333333333333,0.4714045207910317,17
859,0.5871232871344417,0.12333976141886407,0.09696716142053534,0.024906173510965742,0.0008310273167614586,0.00020613409706245049,100.0,0.0,62.666666666666664,4.4969125210773475,1.3333333333333333,0.4714045207910317,4.666666666666667,1.247219128924647,17
860,0.5892654830981935,0.11560044305157739,0.09370422680359998,0.026636167682100666,0.001041537803282272,0.0003773841622631791,100.0,0.0,61.0,2.160246899469287,1.3333333333333333,0.4714045207910317,4.0,0.816496580927726,17
861,0.6134905777472422,0.08643275885679773,0.09014649255040245,0.019723724016404022,0.0009849513124113552,0.0002331083476057238,100.0,0.0,60.666666666666664,1.247219128924647,1.3333333333333333,0.4714045207910317,4.333333333333333,0.4714045207910317,17
862,0.6276572547883342,0.0679899920734827,0.08359914754209317,0.01603142510388534,0.0012958509882292945,0.0003165716795281011,100.0,0.0,62.666666666666664,3.6817870057290873,1.3333333333333333,0.4714045207910317,4.0,0.0,17
863,0.6288946584117797,0.06417761121105947,0.08438207175929117,0.010537126621089857,0.0012733141651399126,0.0003615809116897088,100.0,0.0,63.333333333333336,0.4714045207910317,1.0,0.0,4.0,0.0,17
864,0.6448931766437576,0.07035100077088453,0.0814687028903513,0.009599622640728453,0.001290200896166806,0.00035845742355674796,100.0,0.0,63.333333333333336,2.8674417556808756,1.3333333333333333,0.4714045207910317,4.0,0.0,17
865,0.6556291876361627,0.06126445540750047,0.0788956323447224,0.009056107146311897,0.001328140579954728,0.00025219566765530965,100.0,0.0,68.0,2.8284271247461903,1.0,0.0,3.6666666666666665,0.4714045207910317,17
866,0.6707501578413201,0.07094611660704465,0.07781842510759523,0.009420545398851435,0.0012020143840401974,0.0003094919173853574,100.0,0.0,65.33333333333333,1.247219128924647,1.0,0.0,4.0,0.816496580927726,17
867,0.6647679416128865,0.07309895451321322,0.07878060233715765,0.008341518182175453,0.0012139758026870617,0.0004512530303096775,100.0,0.0,61.666666666666664,0.4714045207910317,1.0,0.0,4.333333333333333,0.4714045207910317,17
868,0.6728794536654098,0.06793292996516695,0.07475099909132842,0.006370489388603785,0.0013721614416641748,0.0005630057365023029,100.0,0.0,65.33333333333333,2.494438257849294,1.0,0.0,4.333333333333333,0.4714045207910317,17
869,0.702804914588819,0.06493944457478353,0.06782806969167156,0.007706263376524747,0.001361492824302584,0.00044267886823607543,100.0,0.0,61.666666666666664,4.4969125210773475,1.3333333333333333,0.4714045207910317,5.0,0.816496580927726,17
870,0.7019318586227592,0.0798664863700481,0.06609769264185328,0.010963383780452075,0.0014637759136210129,0.0005078206075927969,100.0,0.0,65.0,2.160246899469287,1.0,0.0,4.0,0.0,17
871,0.7056752060304566,0.09945919087298283,0.06426260296287374,0.016134809693149652,0.0014737907450488622,0.00043259229067275456,100.0,0.0,64.0,2.943920288775949,1.0,0.0,3.6666666666666665,0.4714045207910317,17
872,0.7027052067093676,0.11534809986077402,0.06697492906098246,0.01986584184215926,0.001329263641429649,0.00040906787427807625,100.0,0.0,62.333333333333336,1.247219128924647,1.3333333333333333,0.4714045207910317,3.6666666666666665,0.4714045207910317,17
873,0.706190379555653,0.1259509842804671,0.06515330547624969,0.021271094954532693,0.0014058058899644864,0.0004615324885161152,100.0,0.0,63.666666666666664,4.4969125210773475,1.0,0.0,4.333333333333333,0.4714045207910317,17
874,0.7170300407842046,0.13389576690891367,0.061664066010615866,0.021946627642680475,0.0014442097914161385,0.0005628742462190317,100.0,0.0,60.666666666666664,1.247219128924647,1.0,0.0,3.6666666666666665,0.4714045207910317,17
875,0.7213205714518119,0.13791776619879806,0.0623400092000565,0.022673715894174756,0.001338143485987235,0.0005454512762738461,100.0,0.0,64.0,4.898979485566356,1.0,0.0,4.333333333333333,0.4714045207910317,17
876,0.7239245835000352,0.13104581124292933,0.060798210944882025,0.020486072464766563,0.001428094246843461,0.0005794928562312191,100.0,0.0,62.333333333333336,1.8856180831641267,1.0,0.0,4.0,0.0,17
877,0.7287353091284032,0.12771992731081452,0.05691556190468875,0.02807750090150193,0.0014095730033804644,0.00013618804313876204,100.0,0.0,65.0,2.449489742783178,1.0,0.0,4.666666666666667,0.4714045207910317,17
878,0.7389768009853368,0.136450378128473,0.05094920420903747,0.027299969794192837,0.0016488670666176906,0.0005178326725855388,100.0,0.0,61.333333333333336,2.0548046676563256,1.0,0.0,4.666666666666667,0.4714045207910317,17
879,0.7450012867908956,0.13257484120253885,0.046144231658457824,0.026700333520641505,0.0018009378107044069,0.0006180050066458288,100.0,0.0,63.666666666666664,1.8856180831641267,1.0,0.0,4.0,0.816496580927726,17
880,0.7501090605594656,0.12507583040449494,0.046675257830035594,0.024508193980551984,0.0017450143717833981,0.0005777736267747114,100.0,0.0,63.0,2.8284271247461903,1.3333333333333333,0.4714045207910317,4.0,0.0,17
881,0.7875248026080225,0.1244542500111549,0.04183042280109428,0.02276083637531191,0.0014490122249587827,0.0006212518676378185,100.0,0.0,60.666666666666664,2.8674417556808756,1.3333333333333333,0.4714045207910317,4.0,0.0,17
882,0.8079595181779381,0.12989722198050646,0.03439671368188205,0.022326360487226676,0.0014925990254362578,0.0008413474900569412,100.0,0.0,62.333333333333336,2.8674417556808756,1.1666666666666667,0.23570226039551584,5.0,0.0,17
883,0.8212158402015136,0.11813923949863733,0.03401969780730846,0.020454944867155912,0.0013530270048983817,0.0007750501911681453,100.0,0.0,63.0,3.7416573867739413,1.3333333333333333,0.4714045207910317,4.0,0.0,17
884,0.8329109028889842,0.10112615437364965,0.03146998992756325,0.01994589983499529,0.001275767297420455,0.0006350119074165863,100.0,0.0,65.0,1.4142135623730951,1.0,0.0,4.0,0.0,17
885,0.839119096044216,0.08475584585991015,0.029703831581925733,0.018855200388574953,0.0012417102744715564,0.0005235086257572405,100.0,0.0,62.333333333333336,2.8674417556808756,1.3333333333333333,0.4714045207910317,4.0,0.0,17
886,0.8534652515141944,0.06946651215652949,0.024424396412409746,0.018613176032749312,0.001197489071891696,0.0004396491626723032,100.0,0.0,60.666666666666664,1.247219128924647,1.0,0.0,4.0,0.0,17
887,0.8610122312129659,0.058056164722816835,0.021709148229582528,0.018803393208651303,0.0011686849883641855,0.00039837707119344686,100.0,0.0,66.0,1.632993161855452,1.0,0.0,3.3333333333333335,0.4714045207910317,17
888,0.8656033448339825,0.046422564982290665,0.020758553371278285,0.018379887649354814,0.001137521108932755,0.00028697501625923476,100.0,0.0,62.333333333333336,1.247219128924647,1.0,0.0,4.0,0.0,17
889,0.8736606677202762,0.03588952840926079,0.01847369899711888,0.014725245264778222,0.0011328246882166921,0.00020768364723586387,100.0,0.0,59.666666666666664,2.494438257849294,1.6666666666666667,0.4714045207910317,4.666666666666667,0.4714045207910317,17
890,0.8867249371977198,0.030728063283404168,0.014820332740455501,0.013450793544312301,0.0010531866056226363,0.00021424699111898335,100.0,0.0,60.0,2.943920288775949,1.0,0.0,4.333333333333333,0.4714045207910317,17
891,0.8903668352252844,0.012382904579071935,0.016285261095278992,0.009830777724751594,0.0010381534784060721,0.00017858104642795906,100.0,0.0,61.666666666666664,0.9428090415820634,1.0,0.0,4.666666666666667,0.9428090415820634,17
892,0.90528080134649,0.0024123125194354025,0.011680918166037642,0.009625645439904545,0.0009263376451272205,0.00013314712402963576,100.0,0.0,64.33333333333333,1.699673171197595,1.0,0.0,4.333333333333333,0.4714045207910317,17
893,0.9152857640398081,0.0030232787516208466,0.014392752395756644,0.004295952965606837,0.0008201552735825358,0.00010713292847120703,100.0,0.0,63.666666666666664,3.39934634239519,1.0,0.0,3.6666666666666665,0.4714045207910317,17
894,0.9203371154062353,0.012726206282036752,0.014529441714427688,0.0026745352512048104,0.0007665576157790485,0.000108245523777982,100.0,0.0,63.333333333333336,4.4969125210773475,1.3333333333333333,0.4714045207910317,4.333333333333333,0.4714045207910317,17
895,0.9244320115190258,0.025275091974475833,0.01611976090013795,0.005668692372298171,0.0006850905362230595,0.00019220023720091978,100.0,0.0,62.333333333333336,2.0548046676563256,1.1666666666666667,0.23570226039551584,3.6666666666666665,0.4714045207910317,17
896,0.9172426605063205,0.02823691408105179,0.01884625953605904,0.009324276219949799,0.0006900393903855793,0.00015486561090339245,100.0,0.0,63.666666666666664,2.494438257849294,1.0,0.0,4.333333333333333,0.4714045207910317,17
897,0.9081977216378977,0.055560672811413615,0.025292058641831625,0.011020843151320993,0.0006736081258056159,0.0003870589092122301,100.0,0.0,61.0,1.4142135623730951,1.0,0.0,4.333333333333333,0.4714045207910317,17
898,0.8909556641442006,0.05931599936244221,0.030057467301183794,0.011539183348654846,0.0007142407438005671,0.0003748394589706721,100.0,0.0,64.33333333333333,0.9428090415820634,1.0,0.0,5.333333333333333,0.9428090415820634,17
899,0.8879024587562351,0.06938706818163191,0.035625340524776054,0.013548642016286064,0.0005390229695563419,0.0003688525274228705,100.0,0.0,63.0,2.160246899469287,1.0,0.0,4.0,0.0,17
900,0.8717444655790475,0.07553256113184442,0.04068202623507036,0.013601074932997843,0.0005331086832666129,0.0003527059518803203,100.0,0.0,63.666666666666664,2.494438257849294,1.3333333333333333,0.4714045207910317,4.666666666666667,0.4714045207910317,17
901,0.8390211951430956,0.08855379703461524,0.04817661208505589,0.01449454637917839,0.0005930462623794404,0.0004563753838064852,100.0,0.0,65.66666666666667,2.6246692913372702,1.0,0.0,3.6666666666666665,0.4714045207910317,17
902,0.8143328748174223,0.08548060325676061,0.052026380786892236,0.011243147886328122,0.0007513631205540296,0.0006399934646178975,100.0,0.0,63.0,1.632993161855452,1.3333333333333333,0.4714045207910317,4.0,0.0,17
903,0.7780214311639472,0.10177599592823583,0.059759108069585516,0.01598510795553244,0.0007405011603335691,0.0005034092924863304,100.0,0.0,64.0,2.160246899469287,1.1666666666666667,0.23570226039551584,4.333333333333333,0.9428090415820634,17
904,0.7366730685628194,0.09072515144080869,0.06956555711252713,0.015325342331432408,0.0007023205827566431,0.0002965970510619639,100.0,0.0,65.0,2.8284271247461903,1.0,0.0,4.333333333333333,0.4714045207910317,17
905,0.713364331956123,0.06394816550210453,0.07431236043451844,0.0116513407791243,0.0007525089529363716,0.0003216997932667372,100.0,0.0,62.333333333333336,0.9428090415820634,1.0,0.0,4.333333333333333,0.4714045207910317,17
906,0.6780148995831171,0.076568461590162,0.07971383687302054,0.014276405300371994,0.0009192579035700132,0.00028681357245695285,100.0,0.0,60.666666666666664,1.247219128924647,1.0,0.0,4.333333333333333,0.4714045207910317,17
907,0.6482995476003891,0.07278984318671129,0.08325530880674735,0.013815458429227974,0.0010828287532096944,0.0003302435238549213,100.0,0.0,64.33333333333333,1.247219128924647,1.0,0.0,4.0,0.0,17
908,0.6254697443477256,0.06855547952770775,0.08842179472954538,0.01438704713048016,0.0009985648538650674,0.0005015075452036095,100.0,0.0,62.0,3.265986323710904,1.3333333333333333,0.4714045207910317,4.0,0.0,17
909,0.605555348508577,0.07998402326331717,0.09256786740574192,0.01810467839986718,0.0009604139284754473,0.000440939286921581,100.0,0.0,65.66666666666667,2.6246692913372702,1.0,0.0,4.666666666666667,0.4714045207910317,17
910,0.5980737400441353,0.11140309428390875,0.09490600326877907,0.02247900630873157,0.0008712336557453072,0.00022560957899511993,100.0,0.0,63.0,3.559026084010437,1.0,0.0,4.666666666666667,0.4714045207910317,17
911,0.5795437884227946,0.12397998341668107,0.09932142181967764,0.024053153689868767,0.000714284947406667,0.0002205796514477496,100.0,0.0,59.666666666666664,1.247219128924647,1.0,0.0,4.333333333333333,0.4714045207910317,17
912,0.5425243555377165,0.13705081599697116,0.10662826580414732,0.026119052560171163,0.0006542160982593938,0.0002501835510921186,100.0,0.0,64.33333333333333,2.357022603955158,1.0,0.0,4.0,0.0,17
913,0.5094490662942844,0.14225204859261234,0.11391011414129648,0.026763764593611565,0.0006000766842412682,0.00012529538957668605,100.0,0.0,63.666666666666664,1.699673171197595,1.0,0.0,4.333333333333333,0.9428090415820634,17
914,0.4704076638581403,0.14014506579043437,0.12063296435671854,0.027469612340643924,0.0007951979011752995,0.0001875765184369915,100.0,0.0,63.666666666666664,3.39934634239519,1.0,0.0,4.0,0.0,17
915,0.4451879925762248,0.14427851670120825,0.1258187709453162,0.02906882884697231,0.0007244864698176082,0.00012583309382549376,100.0,0.0,62.0,1.4142135623730951,1.0,0.0,3.6666666666666665,0.4714045207910317,17
916,0.4068029420008841,0.14732170691480467,0.13345038814994645,0.03058956950562324,0.0007894903581314169,0.00018962841657013378,100.0,0.0,63.0,3.7416573867739413,1.0,0.0,4.333333333333333,0.4714045207910317,17
917,0.3676422768917916,0.12084423613765756,0.14023118836110574,0.02785169281408697,0.001000634465320141,0.00013626402502369672,100.0,0.0,65.33333333333333,0.9428090415820634,1.0,0.0,4.0,0.0,17
918,0.36319485073581137,0.11158941630311166,0.1426939050911338,0.02547705210195535,0.0010130200237084168,6.833037001024033e-05,100.0,0.0,61.666666666666664,1.247219128924647,1.0,0.0,5.0,0.0,17
919,0.3897881978505435,0.09193214548598717,0.13786978258745294,0.021323936628972594,0.0010872539510792913,0.00041290842845985144,100.0,0.0,65.66666666666667,2.6246692913372702,1.0,0.0,4.666666666666667,0.4714045207910317,17
920,0.40680810178012033,0.12883644827797802,0.13599800974755605,0.027587002881259256,0.001040345794838904,0.0003274317795687849,100.0,0.0,61.333333333333336,1.8856180831641267,1.0,0.0,4.666666666666667,0.9428090415820634,17
921,0.4260292130977353,0.15072289700401056,0.13141977954725403,0.031279430653132816,0.0009146471754829396,0.000169437553240786,100.0,0.0,63.666666666666664,4.4969125210773475,1.0,0.0,4.0,0.0,17
922,0.4399627897206657,0.12554364662525402,0.12886762927878534,0.026832527316474033,0.0009809103081381604,0.00019949783587474174,100.0,0.0,61.0,2.943920288775949,1.3333333333333333,0.4714045207910317,5.0,0.816496580927726,17
923,0.4429744416982153,0.09218186918420875,0.12806809126901506,0.022726518143374418,0.0010475303143480975,6.915395381334476e-05,100.0,0.0,63.666666666666664,4.189935029992179,1.3333333333333333,0.4714045207910317,4.333333333333333,0.4714045207910317,17
924,0.46427505412271874,0.0237826443409592,0.11884903063478787,0.011973942962730738,0.0013825576723850098,0.0005304341631168181,100.0,0.0,62.666666666666664,2.0548046676563256,1.0,0.0,4.0,0.0,17
925,0.45257809381865793,0.0356019340216923,0.12060260821763615,0.012928455396692339,0.001304583594051231,0.0005646127745833275,100.0,0.0,62.666666666666664,0.9428090415820634,1.0,0.0,4.0,0.0,17
926,0.4255667809699008,0.035266888567161404,0.12677650843012897,0.011279626010210523,0.0010500623899429324,0.0007815932242233671,100.0,0.0,64.0,0.816496580927726,1.0,0.0,3.6666666666666665,0.4714045207910317,17
927,0.42231242693527865,0.0720200128059324,0.12715730887119606,0.017489871278723177,0.0013523837827138952,0.000775003362834992,100.0,0.0,63.666666666666664,1.8856180831641267,1.0,0.0,4.0,0.0,17
928,0.40196781072182963,0.10884768757032291,0.13120230853935308,0.025033557649606242,0.0014747746452991697,0.0009823011698017756,100.0,0.0,61.0,1.632993161855452,1.3333333333333333,0.4714045207910317,4.0,0.0,17
929,0.4033060987793773,0.13692882626879635,0.13075926281838232,0.0324780817319616,0.0014790424516208014,0.001017704700624943,100.0,0.0,64.0,2.943920288775949,1.0,0.0,4.0,0.0,17
930,0.3868390824148878,0.15621232215191314,0.13742912372661553,0.03713365965553014,0.001196702327426707,0.0007037745317083623,100.0,0.0,64.33333333333333,2.0548046676563256,1.0,0.0,4.333333333333333,0.4714045207910317,17
931,0.37725688632232285,0.1801496787885572,0.1413025347895959,0.04264798659969827,0.0011001883428711438,0.0005120084095728971,100.0,0.0,62.333333333333336,1.699673171197595,1.0,0.0,4.333333333333333,0.9428090415820634,17
932,0.36581481744404093,0.1682114101744224,0.14432440172280037,0.038165933482266275,0.0009916699831765128,0.00025534328278453884,100.0,0.0,64.66666666666667,2.494438257849294,1.0,0.0,3.6666666666666665,0.4714045207910317,17
933,0.3384051508388431,0.16236569609295246,0.15105245186233907,0.037490018096814695,0.0008780491513601815,0.0003021247038707891,100.0,0.0,61.666666666666664,3.091206165165235,1.0,0.0,5.0,0.0,17
934,0.3409278376310431,0.16915957969918025,0.15234443945238196,0.04162597107953517,0.0009229956821059861,0.00016299672031462988,100.0,0.0,60.666666666666664,4.109609335312651,1.3333333333333333,0.4714045207910317,4.0,0.816496580927726,17
935,0.31641463401876885,0.1523139524009309,0.15710687113758548,0.0399107773260865,0.0011095884683169288,0.00010264926585680033,100.0,0.0,61.0,2.449489742783178,1.3333333333333333,0.4714045207910317,4.333333333333333,0.4714045207910317,17
936,0.27013736863070686,0.11469561176533825,0.16607547489555008,0.03191285547625712,0.0009128196324826974,0.00014527208353634253,100.0,0.0,62.0,3.7416573867739413,1.3333333333333333,0.4714045207910317,4.0,0.0,17
937,0.24756807278985118,0.11113479394540988,0.1727079957462776,0.03290131425267062,0.0006449644054983735,0.00022653407458493097,100.0,0.0,62.333333333333336,1.8856180831641267,1.0,0.0,4.333333333333333,0.4714045207910317,17
938,0.22650575226226652,0.11205252705927371,0.1798095360598799,0.03418019556038836,0.0008168216342720724,0.0004118498580735918,100.0,0.0,67.0,2.943920288775949,1.0,0.0,5.0,0.816496580927726,17
939,0.22973936036452938,0.13930286415885204,0.18240770851755916,0.039391367466377114,0.0007591190522898246,0.0004988469638750499,100.0,0.0,65.66666666666667,1.699673171197595,1.0,0.0,4.0,0.816496580927726,17
940,0.2260777010293781,0.14534536086087813,0.18182873361476712,0.03993394896680553,0.0006702584864609778,0.00043411366620947726,100.0,0.0,66.0,0.0,1.0,0.0,4.666666666666667,1.247219128924647,17
941,0.23797798056209243,0.13540712187439502,0.17473615577519505,0.03335703165989741,0.0004927726151836518,0.0003804964966598083,100.0,0.0,67.0,3.7416573867739413,1.0,0.0,4.333333333333333,0.4714045207910317,17
942,0.21137654680082818,0.13726346429144426,0.18369237268410712,0.036895981058811665,0.00044927638765442703,0.00028631676227677946,100.0,0.0,61.0,3.559026084010437,1.3333333333333333,0.4714045207910317,4.333333333333333,0.4714045207910317,17
943,0.1739336212535099,0.12249202245981694,0.19627892096198227,0.037648873748194055,0.0004674892766731516,0.0001923404630274643,100.0,0.0,63.666666666666664,0.4714045207910317,1.0,0.0,3.6666666666666665,0.4714045207910317,17
944,0.16979715671796414,0.11081411484875892,0.19435229345900643,0.03414130209994782,0.0009029033477594372,0.000363101024866038,100.0,0.0,62.333333333333336,0.4714045207910317,1.0,0.0,4.333333333333333,0.4714045207910317,17
945,0.14874161178120981,0.09239749133595762,0.19905426610023227,0.030656416691941846,0.0009723374487920169,0.0005809786787119275,100.0,0.0,65.0,2.943920288775949,1.0,0.0,4.0,0.816496580927726,17
946,0.13326381550599595,0.08527980376374612,0.20512391361191154,0.03321208976024439,0.0010841575370024545,0.0007080335321498343,100.0,0.0,62.666666666666664,2.0548046676563256,1.0,0.0,4.333333333333333,0.4714045207910317,17
947,0.14061644678675747,0.04410081149651832,0.19795140420048066,0.016159265857152633,0.0011695245601584796,0.0005522698275469423,100.0,0.0,63.333333333333336,2.357022603955158,1.0,0.0,4.666666666666667,0.9428090415820634,17
948,0.1251289070636342,0.02746019182265004,0.20424825489043022,0.012350432327307141,0.0006154561022196861,0.0005079555073358699,100.0,0.0,61.666666666666664,1.699673171197595,1.3333333333333333,0.4714045207910317,4.666666666666667,0.9428090415820634,17
949,0.1007552011941331,0.02760180650379947,0.2157801560126261,0.014900756415272446,0.0007250207904636981,0.0006865581589793096,100.0,0.0,67.0,2.160246899469287,1.0,0.0,3.6666666666666665,0.4714045207910317,17
950,0.10884492192817481,0.029691578406950477,0.2105970392512818,0.01659111766991235,0.0008743830018446594,0.00048049396599672675,100.0,0.0,64.0,0.816496580927726,1.0,0.0,4.333333333333333,0.4714045207910317,17
951,0.10174883672236822,0.007346956045557565,0.21254382287295145,0.002544231348882432,0.0008686853601673365,5.89791065697957e-05,100.0,0.0,66.66666666666667,1.247219128924647,1.0,0.0,4.333333333333333,0.4714045207910317,17
952,0.09783964524213079,0.035651164230917534,0.219591513266046,0.012538691616743373,0.0008795795023091563,0.0004428096308438754,100.0,0.0,67.33333333333333,2.6246692913372702,1.0,0.0,4.666666666666667,0.4714045207910317,17
953,0.18130517272748714,0.15570611260946737,0.2009100335807585,0.042423284458096004,0.0008261465619678691,0.0008714495749866867,100.0,0.0,65.33333333333333,3.39934634239519,1.0,0.0,4.0,0.0,17
954,0.19085354303167854,0.1550527936606341,0.19416252620984173,0.04153873965923603,0.0008446260965244857,0.00019726223229266082,100.0,0.0,64.66666666666667,3.39934634239519,1.1666666666666667,0.23570226039551584,3.6666666666666665,0.4714045207910317,17
955,0.19672027740922746,0.109795454035715,0.1852164003944896,0.029329940854786567,0.0005504620015572292,0.0002829359182347865,100.0,0.0,66.33333333333333,1.247219128924647,1.0,0.0,4.666666666666667,0.4714045207910317,17
956,0.15394651126857253,0.08604438249764819,0.200039065010156,0.028520877534354148,0.00048807345666967706,0.0002648434625369433,100.0,0.0,62.333333333333336,2.6246692913372702,1.0,0.0,4.0,0.0,17
957,0.15683133319759765,0.03081965278319011,0.19647116517092497,0.011895840671747456,0.0008141500823793648,0.00034233068667003736,100.0,0.0,63.0,0.816496580927726,1.0,0.0,4.0,0.0,17
958,0.17502123041800352,0.028513839925753032,0.188619686250003,0.007881981853868557,0.0005177110528863012,0.0002685474111638014,100.0,0.0,62.666666666666664,2.494438257849294,1.0,0.0,5.0,0.0,17
959,0.14635990575433677,0.034675030551722996,0.19747038728674723,0.012941157984302665,0.0006251774482714838,0.0005838816379796711,100.0,0.0,66.66666666666667,5.436502143433364,1.0,0.0,4.333333333333333,0.9428090415820634,17
960,0.11609779696586882,0.04266895843498193,0.2106602176957411,0.018626763697647344,0.0005877210214453886,0.00043288755621482096,100.0,0.0,63.0,2.160246899469287,1.0,0.0,4.333333333333333,0.4714045207910317,17
961,0.1024642280902179,0.03234211202164323,0.21540992039272597,0.013333622329074634,0.0006289541731399036,0.0002824418634538258,100.0,0.0,61.666666666666664,1.8856180831641267,1.3333333333333333,0.4714045207910317,4.666666666666667,1.247219128924647,17
962,0.11513355193132858,0.01882905616277897,0.21039084428047614,0.006672572396189779,0.0008476768256398774,0.00043603638949040027,100.0,0.0,63.0,0.0,1.0,0.0,4.0,0.0,17
963,0.14622513196284792,0.04458747396583791,0.198731247196545,0.015908721317188325,0.0007530582128579142,0.0006136843780293416,100.0,0.0,64.33333333333333,3.681787005729087,1.0,0.0,3.6666666666666665,0.4714045207910317,17
964,0.1282654758485687,0.053755548939319754,0.2096735714743899,0.023646046847483438,0.0009758682628480782,0.00078481063837846,100.0,0.0,68.0,1.632993161855452,1.0,0.0,4.333333333333333,1.247219128924647,17
965,0.19370676583833615,0.0350751707756572,0.18351257465937354,0.010241180866759113,0.0006633086755490564,0.0004727320373249559,100.0,0.0,62.0,2.160246899469287,1.3333333333333333,0.4714045207910317,4.333333333333333,0.4714045207910317,17
966,0.15732363032914967,0.020325552912019495,0.19256941237854272,0.006617804400780298,0.0005136159109448615,0.00033001593244881626,100.0,0.0,65.0,0.0,1.0,0.0,4.0,0.0,17
967,0.11546760146272594,0.010998514640336977,0.20867828556249216,0.0037175291743779997,0.0005246304187979641,0.0001304839912002837,100.0,0.0,61.333333333333336,1.699673171197595,1.0,0.0,5.0,0.816496580927726,17
968,0.09575927415689284,0.02921260051670365,0.2209462790679578,0.008004622866856126,0.0008375857294130331,7.586240188133913e-05,100.0,0.0,62.0,1.632993161855452,1.0,0.0,4.666666666666667,0.4714045207910317,17
969,0.1430290599298394,0.06743677537178426,0.20005264326066682,0.01966232448577377,0.0013470114197865841,0.0002889975105510086,100.0,0.0,62.666666666666664,2.494438257849294,1.0,0.0,4.333333333333333,0.4714045207910317,17
970,0.170104050904216,0.0579138913840893,0.19623743533756868,0.016101528044503197,0.0016006279080920957,0.0010233580560407623,100.0,0.0,63.333333333333336,2.494438257849294,1.1666666666666667,0.23570226039551584,4.333333333333333,0.4714045207910317,17
971,0.2803336301933212,0.19756915460213437,0.1626745849781163,0.040278884700143465,0.0018674174197743797,0.0014519053044017346,100.0,0.0,62.0,1.4142135623730951,1.3333333333333333,0.4714045207910317,4.333333333333333,0.9428090415820634,17
972,0.2555257015730715,0.16965729344497515,0.16616044450357612,0.03451073079476399,0.0021343052359504826,0.002130476216286206,100.0,0.0,62.0,2.160246899469287,1.0,0.0,4.333333333333333,0.4714045207910317,17
973,0.21725768851291058,0.12697705085387448,0.1797642816911235,0.03255788829167377,0.0013997354855598795,0.0008690650597904867,100.0,0.0,59.333333333333336,1.699673171197595,1.1666666666666667,0.23570226039551584,4.333333333333333,0.4714045207910317,17
974,0.218519835883942,0.09782088451271455,0.17906324130272175,0.0268676502292938,0.0005687138060630504,0.00025528034653056166,100.0,0.0,66.66666666666667,2.6246692913372702,1.0,0.0,3.6666666666666665,0.4714045207910317,17
975,0.17951787679098738,0.07740999424648015,0.189054919713464,0.02382284187050161,0.00048235952796336174,0.00028665054535316654,100.0,0.0,61.666666666666664,2.0548046676563256,1.3333333333333333,0.4714045207910317,4.666666666666667,0.4714045207910317,17
976,0.15896339946581506,0.06025270384461068,0.1957134833844941,0.019756263612729474,0.0005228378403935584,0.00023030776522228868,100.0,0.0,62.333333333333336,2.0548046676563256,1.0,0.0,4.0,0.816496580927726,17
977,0.14076087685812483,0.06588704157134659,0.20566104467785618,0.023100811473885704,0.0005444748834281055,0.0001588043395521518,100.0,0.0,61.333333333333336,0.9428090415820634,1.3333333333333333,0.4714045207910317,4.333333333333333,0.4714045207910317,17
978,0.14118828536164105,0.046791965684210145,0.20165391587467074,0.015683557916752768,0.000478323161615269,0.00029216015682898846,100.0,0.0,63.0,2.160246899469287,1.0,0.0,3.6666666666666665,0.4714045207910317,17
979,0.1244718303960658,0.06286597202014418,0.20913654450893304,0.02466214318166675,0.0004912493152671076,0.0004950229380795314,100.0,0.0,61.666666666666664,2.6246692913372702,1.0,0.0,4.0,0.816496580927726,17
980,0.14718051340097715,0.07962650320648755,0.20355957064672628,0.029227877247837986,0.001022518182727134,0.0007220096417708753,100.0,0.0,61.5,3.5,1.5,0.5,4.0,0.0,18
981,0.15960632866987043,0.08347235978969045,0.19851359256031892,0.026085304301713977,0.001065560242823873,0.0002366344329571597,100.0,0.0,62.5,2.5,1.25,0.25,4.5,0.5,18
982,0.1553344496216057,0.07518600963980432,0.19884304869283148,0.024218752819828354,0.0007258685359283241,9.803248207507589e-05,100.0,0.0,61.5,1.5,1.0,0.0,4.5,0.5,18
983,0.13891343653088611,0.0444365360757797,0.1959816818561341,0.009414510761907496,0.0015586782755881538,0.001106930516862695,100.0,0.0,63.5,0.5,1.0,0.0,4.0,0.0,18
984,0.11122977657366676,0.03566277159401169,0.21088246701590901,0.01413378065321551,0.0007503787251126838,0.0006650585296925787,100.0,0.0,64.0,3.0,1.0,0.0,4.0,0.0,18
985,0.09780787436718216,0.007165446759776796,0.21623562390859657,0.0040012791200348535,0.0003762199133253724,0.00012877778810846117,100.0,0.0,63.0,0.0,1.0,0.0,4.5,0.5,18
986,0.09783285699352484,0.00976867804545,0.21723569171088597,0.0034813221418779766,0.0007804912478706579,0.00020901247572471842,100.0,0.0,67.5,2.5,1.0,0.0,4.0,0.0,18
987,0.1085172046900377,0.008633343631123058,0.20866481176541357,0.0049266305439305685,0.0008506471318624138,9.642702107898334e-05,100.0,0.0,62.5,0.5,1.0,0.0,4.5,0.5,18
988,0.08824106737145535,0.01633035948708745,0.22057668155609633,0.005837877734059943,0.000834975379168727,7.26050855365112e-05,100.0,0.0,66.0,2.0,1.0,0.0,3.5,0.5,18
989,0.16373085899971593,0.09909320487089598,0.20057894587035377,0.03135902639456828,0.0014793067961405728,0.0007948333932841321,100.0,0.0,64.5,2.5,1.0,0.0,4.0,0.0,18
990,0.26020243869111354,0.1977564911068784,0.18108947334282702,0.050262439258218605,0.0011586198639531027,0.00010788931430774727,100.0,0.0,61.0,1.0,1.0,0.0,4.5,0.5,18
991,0.28557107259653397,0.12705925403998833,0.16392086476914947,0.030654454591116403,0.00026183902955464393,5.910509262775724e-05,100.0,0.0,61.0,3.0,1.25,0.25,4.5,0.5,18
992,0.21477935421987016,0.07946637443870215,0.18055567693083097,0.024099804208972495,0.00022847180900368216,0.00020134669511040788,100.0,0.0,62.5,3.5,1.5,0.5,4.0,0.0,18
993,0.15379200722850056,0.036377014970813366,0.1978637192490163,0.015647645479824154,0.0002224376871180101,0.0002200585037001497,100.0,0.0,64.0,1.0,1.0,0.0,4.0,0.0,18
994,0.16829429906141236,0.047107267404584,0.19074730456891315,0.014795283320009608,0.00021090944462199873,6.27184760248427e-05,100.0,0.0,68.5,2.5,1.0,0.0,3.5,0.5,18
995,0.11902971440229465,0.046022295021489634,0.21076478681711197,0.01881051266570459,0.0003210846954032857,0.00012003415317651013,100.0,0.0,68.0,1.0,1.0,0.0,3.5,0.5,18
996,0.10265628285064696,0.015619300458603165,0.21399666861260427,0.004365867033771009,0.0007808482255653437,0.00029462158362568804,100.0,0.0,66.5,0.5,1.0,0.0,4.0,0.0,18
997,0.09553794523620354,0.0015568891322899209,0.21836414034051027,0.0023929855484802337,0.0002164718942574023,0.0001878301745926007,100.0,0.0,63.5,0.5,1.0,0.0,4.0,0.0,18
998,0.07318899163391877,0.0111656514339247,0.23096253632473523,0.005786552862558858,0.00025693476191039817,8.8570212089561e-05,100.0,0.0,68.5,0.5,1.0,0.0,4.0,0.0,18
999,0.13941680822594588,0.056018712762469274,0.2038451657556566,0.018996515649758253,0.000870158327114295,0.0008569531079264089,100.0,0.0,64.5,1.5,1.0,0.0,4.0,1.0,18
