generation,mean_fitness_mean,mean_fitness_std,distance_from_optimum_mean,distance_from_optimum_std,phenotype_variance_mean,phenotype_variance_std,population_size_mean,population_size_std,n_parents_mean,n_parents_std,median_offspring_mean,median_offspring_std,max_offspring_mean,max_offspring_std,extinct_count
0,0.6735759407880908,0.033271908278429435,0.01715038281164811,0.0073814534167869995,0.004638958459681004,0.0006847424499837606,100.0,0.0,63.0,2.9154759474226504,1.15,0.3570714214271425,4.25,0.6224949798994366,0
1,0.7328859813470598,0.03380615894180815,0.022236210820741925,0.011847554022484556,0.003314042727185514,0.0005247456342612526,100.0,0.0,63.8,1.9899748742132402,1.0,0.0,4.35,0.6538348415311012,0
2,0.7614539298852028,0.0430863695683853,0.033026121188887196,0.01283957508679234,0.002482125300893233,0.0005507123446281282,100.0,0.0,63.75,2.947456530637899,1.05,0.2179449471770337,4.05,0.4974937185533099,0
3,0.7771538911657678,0.04603961889443962,0.039346926832534566,0.011862707698054599,0.0019785398819815742,0.0005534894707073747,100.0,0.0,62.2,3.1080540535840107,1.125,0.3112474899497183,4.2,0.6782329983125269,0
4,0.7585286204688492,0.05560186674108374,0.050426720814383395,0.011626118168334686,0.0017595579475874873,0.0006238999691761763,100.0,0.0,63.1,2.3853720883753127,1.05,0.21794494717703372,4.2,0.9797958971132711,0
5,0.7260562167015716,0.06877739122414098,0.06196003563279483,0.015206322445708723,0.001567390030322325,0.0005430536623900624,100.0,0.0,63.6,2.8530685235374214,1.05,0.21794494717703372,4.55,0.9733961166965892,0
6,0.6957418247021562,0.07429244258965081,0.07117011833064248,0.017116651930145766,0.0013410003258759382,0.0005890399808227679,100.0,0.0,63.55,2.4181604578687494,1.075,0.23848480035423641,4.15,0.6538348415311012,0
7,0.653385076307577,0.09007100574165017,0.08120510111373508,0.018983043956574068,0.001255243200573178,0.0005553368680565122,100.0,0.0,64.05,2.9744747435471695,1.05,0.2179449471770337,4.0,0.5477225575051661,0
8,0.6098523639949989,0.10669572848139246,0.09138095627610952,0.020961032462007773,0.00116556700712501,0.0005138558504731116,100.0,0.0,64.25,2.118372016431486,1.025,0.10897247358851683,4.3,0.9,0
9,0.5623487079068447,0.10239988220379478,0.10101995358259135,0.01871198887076128,0.0011603139660966084,0.00045894271977953106,100.0,0.0,63.7,2.5317977802344327,1.025,0.10897247358851683,4.4,0.9695359714832658,0
10,0.5196240547163753,0.11248799925586334,0.10981021146298706,0.02113848384331344,0.0010627520845153458,0.0004678562526730322,100.0,0.0,63.1,2.681417535558384,1.125,0.3112474899497183,4.25,0.698212002188447,0
11,0.4761474902860156,0.12813639572148558,0.11883429388692128,0.02353478134111553,0.0008916702788096458,0.00037682312020149343,100.0,0.0,64.7,2.3473389188611007,1.0,0.0,4.25,1.0428326807307104,0
12,0.4311151531637341,0.13237867825578256,0.12780926733125353,0.024684138902246657,0.0009478977574269763,0.0005867040376390137,100.0,0.0,63.15,3.902242944769072,1.2,0.3674234614174767,3.95,0.49749371855331004,0
13,0.39466899724014853,0.127565331817696,0.1349144464153196,0.02476906750214017,0.0009691011428133485,0.0007092022024837347,100.0,0.0,62.4,3.916631205513228,1.15,0.3570714214271425,4.45,0.5894913061275798,0
14,0.35719869153065936,0.11842039978617556,0.14246775885249374,0.025019044388008865,0.0010704290443745495,0.0006016884444819752,100.0,0.0,62.5,3.427827300200522,1.075,0.23848480035423641,4.15,0.6538348415311012,0
15,0.32790397635084406,0.1243431325616115,0.15005205492853566,0.028974485950052174,0.0012415534719902443,0.0007496772264830575,100.0,0.0,62.7,2.8653097563788807,1.1,0.2549509756796392,4.4,0.6633249580710799,0
16,0.3242662667620252,0.15242313686643025,0.1526282521738389,0.034111395003214584,0.001284663660896901,0.0005313737860841836,100.0,0.0,64.15,3.2905166767545793,1.05,0.21794494717703372,4.0,0.8366600265340756,0
17,0.31609559065543,0.15800996284128085,0.15551210974865315,0.03485550735616941,0.0012359942654582659,0.000566015976849226,100.0,0.0,63.65,2.5937424698685874,1.05,0.21794494717703372,3.85,0.3570714214271425,0
18,0.30617244620975625,0.15432701236668225,0.15779411554497097,0.03494818221009435,0.000986105075284033,0.0005134311445624831,100.0,0.0,63.75,2.662235902394827,1.05,0.21794494717703372,4.2,0.8717797887081348,0
19,0.2794580161239502,0.13919775581666144,0.16416198824954348,0.033101765820055855,0.0007576218135271126,0.0005231205353333932,100.0,0.0,63.1,3.766961640367472,1.1,0.3,4.4,0.6633249580710799,0
20,0.26104482966372117,0.13718937039613016,0.1698052093252637,0.03437969297768683,0.0007496845116270964,0.0004583534536652148,100.0,0.0,62.5,2.5592967784139455,1.0,0.0,4.25,0.6224949798994366,0
21,0.24626512179320117,0.12391440049187841,0.17410047321735675,0.03383950522534254,0.0006845325835249161,0.00032336786229071314,100.0,0.0,64.4,2.615339366124404,1.025,0.10897247358851683,4.15,0.653834841531101,0
22,0.23623058419434187,0.11164618735378244,0.1756299906862904,0.03116361743109825,0.0008244393939380347,0.00044793776779688594,100.0,0.0,64.3,3.287856444554719,1.0,0.0,4.1,0.7000000000000001,0
23,0.23864668356023205,0.11769739908094577,0.17462909473705232,0.03024607552031473,0.0010032347389731322,0.0006444608353250722,100.0,0.0,63.6,3.32264954516723,1.1,0.3,4.4,0.7999999999999999,0
24,0.24172041411988943,0.13917617625769269,0.17528486409413033,0.03523900755016635,0.0010200071988644636,0.0006770089079231155,100.0,0.0,62.1,2.022374841615669,1.1,0.3,4.35,0.8529361054615991,0
25,0.23827438796026007,0.13293700523265972,0.1761821443632385,0.03495722058320513,0.0009739853084120302,0.0006826826005150175,100.0,0.0,63.9,2.5475478405713994,1.05,0.21794494717703372,4.15,0.7262919523166976,0
26,0.24269820397198621,0.11775263993078584,0.17301002951970385,0.03171733480833111,0.0009653371955555988,0.0007624879729252267,100.0,0.0,64.15,2.4550967394381837,1.0,0.0,4.05,0.5894913061275798,0
27,0.2280027342111622,0.09801450947566608,0.17557878149412992,0.02848928184044715,0.0009783612091761552,0.0007546064812704975,100.0,0.0,63.0,1.8973665961010275,1.0,0.0,4.25,0.7664854858377946,0
28,0.21630597978151384,0.0918069306724983,0.17783003886810225,0.026343860189448703,0.000889893340421608,0.0007045830948157534,100.0,0.0,63.45,3.0573681492420897,1.075,0.23848480035423641,4.05,0.49749371855331,0
29,0.20796904050100423,0.09578241123083783,0.18074415748353617,0.026182068326944714,0.0010329687543811786,0.0006962290488148568,100.0,0.0,63.55,3.169779172119093,1.0,0.0,4.4,0.7999999999999999,0
30,0.20667551721855904,0.08865944083395863,0.1815901389324286,0.025304474465488922,0.0012076986792557054,0.0007200655492467683,100.0,0.0,63.85,2.7069355367278325,1.05,0.21794494717703372,4.3,0.6403124237432849,0
31,0.21248387470898433,0.09315107291403069,0.17985996589960143,0.025070896600803614,0.0013968127175070662,0.0007145661014699795,100.0,0.0,63.25,3.5899164335677787,1.05,0.15,4.1,0.8306623862918074,0
32,0.22337439395493308,0.11081369348450124,0.17701174126321131,0.029438240433320453,0.0011312805096329048,0.000662474516785059,100.0,0.0,62.8,2.6381811916545836,1.05,0.21794494717703372,4.05,0.5894913061275798,0
33,0.2154805376354818,0.10221225344674105,0.17872449336493357,0.026942776903081292,0.0009254810296678847,0.0006082350847206289,100.0,0.0,63.9,3.8327535793473597,1.0,0.0,4.1,0.8888194417315588,0
34,0.20416178517811484,0.10090748296000294,0.1816793748379623,0.0263001128442804,0.0009677101891072572,0.0006401481974612666,100.0,0.0,62.85,3.4536212878658255,1.075,0.23848480035423641,4.35,0.7262919523166975,0
35,0.19234186387404978,0.09889985863664687,0.1860213882049952,0.026589769077844844,0.0009603854365647632,0.0005257592914760442,100.0,0.0,63.95,3.3537292675468007,1.075,0.23848480035423641,4.15,0.4769696007084728,0
36,0.19300670294911956,0.09389499561005069,0.18489103394541245,0.025718227099433416,0.0010330537168849589,0.0006493313037287966,100.0,0.0,63.55,3.089902911096076,1.1,0.3,4.35,0.792148975887743,0
37,0.1785783516886121,0.08380000007298348,0.18770462334984198,0.022692270916963044,0.0009544297172829616,0.0006138485891170706,100.0,0.0,63.5,2.8548204847240397,1.125,0.3112474899497183,4.3,0.714142842854285,0
38,0.15490604199002397,0.07828649270315345,0.19546391469063437,0.023701209563785935,0.000898687414137831,0.0005900511843088762,100.0,0.0,63.55,2.854382595238418,1.0,0.0,4.3,0.6403124237432849,0
39,0.143265365257411,0.06405583558467826,0.2001867432289583,0.022108044170534264,0.0009041960623907819,0.0005946757211228833,100.0,0.0,63.5,2.5592967784139455,1.025,0.10897247358851683,4.15,0.653834841531101,0
40,0.14910577320382257,0.07101617447484729,0.19833784017045802,0.023486868861778965,0.0009650025779627163,0.000638666468967577,100.0,0.0,63.75,3.672533185690771,1.025,0.10897247358851683,3.9,0.6244997998398398,0
41,0.1526201608246554,0.06193544610720829,0.19704258529023871,0.018809631731072973,0.0009867204740315993,0.0006400576325462957,100.0,0.0,63.35,2.554897258208243,1.0,0.0,4.05,0.6689544080129826,0
42,0.16312209091843838,0.07952078164585674,0.194463481172113,0.023776494147916032,0.001140269526650799,0.0009215846642981207,100.0,0.0,62.85,3.5535193822462827,1.025,0.10897247358851683,4.15,0.7921489758877431,0
43,0.17690952209065286,0.09972580916577752,0.18966522177744635,0.027305958207554677,0.0011472713934471497,0.0010968557601864972,100.0,0.0,63.15,3.5252659474144643,1.05,0.21794494717703372,4.35,0.9096702699330126,0
44,0.1778675254337841,0.09252975967091277,0.19007438135637053,0.025369841115991616,0.0008880392708851022,0.0006606562917260168,100.0,0.0,64.35,3.4391132578035286,1.05,0.21794494717703372,4.2,1.0770329614269007,0
45,0.17772568177650538,0.08378310194167045,0.18960835257381797,0.02388576342116028,0.0008043045867410436,0.0007549175695542144,100.0,0.0,64.0,3.271085446759225,1.05,0.21794494717703372,4.4,0.66332495807108,0
46,0.17317895622115975,0.08920850972800062,0.1936366031461551,0.02700240880236054,0.0008242696775864701,0.0006956961629002086,100.0,0.0,64.0,2.32379000772445,1.025,0.10897247358851683,4.05,0.5894913061275798,0
47,0.19859381004366178,0.11354583019948547,0.1873641726260316,0.030298692190996703,0.0009873315242909448,0.0006917882401139521,100.0,0.0,62.95,3.3387872049593095,1.075,0.23848480035423641,4.25,0.7664854858377946,0
48,0.23015804111106947,0.14736188395632277,0.17896809853837736,0.036016934915935724,0.0009851173242392296,0.0006514753172971037,100.0,0.0,63.8,3.3406586176980126,1.05,0.21794494717703372,4.0,0.5477225575051661,0
49,0.2437599619672605,0.1607963682583258,0.17640408133147084,0.03798868970559769,0.0009648317644037642,0.0004983838092138274,100.0,0.0,63.2,2.6758176320519302,1.05,0.2179449471770337,4.1,0.6244997998398398,0
50,0.25480306431823835,0.15366260045069405,0.1743863168078439,0.03839280387699758,0.0008522474060484526,0.0005249755584698089,100.0,0.0,64.4,2.8,1.05,0.15,4.0,0.8366600265340756,0
51,0.26681464331708893,0.14300059360120954,0.16837509100025,0.033101332667727766,0.001109432469032539,0.0014829881945267855,100.0,0.0,62.7,3.874274125562103,1.125,0.3112474899497183,4.5,0.5916079783099616,0
52,0.27016153099413187,0.13604343151194623,0.16737708284365066,0.033698505972707904,0.0008349716814926146,0.0006433971336915848,100.0,0.0,64.45,3.2935543110748915,1.0,0.0,4.5,0.9746794344808963,0
53,0.2632712655815977,0.11830679447336667,0.166075353968768,0.027184828161992195,0.0008495342992814384,0.0005525517490204239,100.0,0.0,62.95,2.376446927663229,1.075,0.23848480035423641,4.35,0.47696960070847283,0
54,0.2413426905831461,0.11227494838564588,0.17234894626685426,0.02766873392055761,0.0008743220747858393,0.0006057339052093546,100.0,0.0,62.55,3.5563323804166562,1.1,0.2549509756796392,4.55,0.5894913061275798,0
55,0.23217421721571987,0.11281704657595312,0.17565899710463376,0.0299409151244121,0.0010034757322929687,0.0005792613343960761,100.0,0.0,64.05,3.57036412708844,1.05,0.21794494717703372,4.1,0.6244997998398398,0
56,0.2326569791226159,0.10639157635852527,0.1759600466831238,0.02950061314309917,0.0011086248522526438,0.0007130616443050538,100.0,0.0,63.5,3.0083217912982647,1.0,0.0,3.95,0.3840572873934304,0
57,0.2428591606076444,0.11609592548125541,0.17283603642063342,0.029935680538333617,0.0011081972520287076,0.0007565600078422807,100.0,0.0,62.4,3.2619012860600183,1.075,0.23848480035423641,4.35,0.5722761571129799,0
58,0.24924017599061526,0.125931871466812,0.17055857976082228,0.031328228030711655,0.0009690604973819527,0.0007638199763120198,100.0,0.0,63.25,2.9979159427842537,1.125,0.3112474899497183,4.2,0.6,0
59,0.24426132644858076,0.13750509759383567,0.17257691371603498,0.03273261693279163,0.0009584265557867859,0.0005908870049940912,100.0,0.0,62.95,2.4181604578687494,1.1,0.3,4.35,0.7262919523166975,0
60,0.23595536193121655,0.14188801197398243,0.17617366066421536,0.03498180828159483,0.0009274525660001349,0.0006674446497340124,100.0,0.0,64.3,2.685144316419511,1.05,0.2179449471770337,4.2,0.6,0
61,0.2354122354388955,0.13550399843829122,0.17533840531088427,0.03306580369684344,0.001001623785420203,0.0009750095901500679,100.0,0.0,63.6,2.817800560721074,1.05,0.21794494717703372,4.1,0.5385164807134504,0
62,0.23642345236835535,0.13224981075489772,0.17508829479563995,0.03325496172107275,0.0010623026403030265,0.0008748988607972431,100.0,0.0,63.85,2.7253440149823285,1.05,0.21794494717703372,4.05,0.739932429347437,0
63,0.2407295286107105,0.12521822659302395,0.17294383445829128,0.03182942921960646,0.001202859271759983,0.0008786867329653532,100.0,0.0,62.0,2.6457513110645907,1.1,0.3,4.5,1.0723805294763609,0
64,0.24509928213391774,0.13339993818825888,0.1721934421420828,0.035600587290124205,0.0013815032628870577,0.0009717078162049759,100.0,0.0,63.1,3.576310948449533,1.0,0.0,4.25,0.7664854858377946,0
65,0.2749669583211092,0.15657750152802585,0.16494185946967038,0.03981547183458003,0.0015834681036161185,0.0011109662579414567,100.0,0.0,63.95,2.8892040426387333,1.0,0.0,4.25,0.8874119674649424,0
66,0.31941345902440854,0.179624710360803,0.1539625209731673,0.04064100704656657,0.0015811175402571434,0.0010585738850489585,100.0,0.0,63.45,2.5782746168707473,1.1,0.3,4.05,0.739932429347437,0
67,0.3437901570216128,0.19611036099559426,0.15006304520968008,0.04416656393514988,0.0011287045972456745,0.0007741677452915565,100.0,0.0,62.65,3.7719358425084595,1.1,0.3,4.1,0.5385164807134504,0
68,0.35471041602294073,0.198352576192847,0.149492698932099,0.044646171329633756,0.0008400775927009895,0.0005434563525154556,100.0,0.0,63.15,2.7436289836637897,1.075,0.23848480035423641,4.25,0.6224949798994366,0
69,0.3588903036861029,0.2024259324710553,0.1489206539095715,0.044786829427137624,0.0007104305324619144,0.00042063437623931544,100.0,0.0,63.7,2.4919871588754225,1.05,0.21794494717703372,3.95,0.5894913061275798,0
70,0.35585691044051687,0.20053683969341005,0.14919539519387656,0.04408100957764143,0.0006640144452494919,0.0004797410986784246,100.0,0.0,64.6,3.3823069050575523,1.05,0.21794494717703372,4.1,0.8306623862918076,0
71,0.3453392460267243,0.1819024299861066,0.1502743646112089,0.04013723886476813,0.0008191412123445367,0.0007635256041814893,100.0,0.0,63.8,2.1587033144922905,1.0,0.0,4.2,0.7483314773547883,0
72,0.35263911872303955,0.17072697640183765,0.14845810714186752,0.03900962740366006,0.0009390606616860983,0.000861693529111431,100.0,0.0,63.4,2.7459060435491964,1.075,0.23848480035423641,4.15,0.7262919523166976,0
73,0.36526843744553344,0.16096723778961472,0.14534123919663797,0.03887879342354825,0.0010182937521516782,0.0007897726816466336,100.0,0.0,62.95,2.747271373563231,1.1,0.3,4.5,0.806225774829855,0
74,0.3643535075185112,0.15684147643707053,0.14540559447695317,0.03820561755995296,0.0009037970697826052,0.0005204980520711952,100.0,0.0,63.7,1.8734993995195195,1.125,0.3112474899497183,4.15,0.5722761571129799,0
75,0.37310678052863,0.1517481060930097,0.14242616506804417,0.03343137773029043,0.0010245236872338233,0.000463938961245526,100.0,0.0,63.35,2.372235232855292,1.2,0.4,4.25,0.7664854858377946,0
76,0.3835108512753248,0.14782244077090714,0.1403278207764061,0.03164695591346246,0.0009822739430678513,0.0005658856751824806,100.0,0.0,63.85,3.1980462785894765,1.125,0.3112474899497183,4.05,0.49749371855331004,0
77,0.39909297161502516,0.14543040987964276,0.13689889838490535,0.030859530637315828,0.0009066663346420705,0.000509794622127995,100.0,0.0,62.45,2.5975950415721076,1.025,0.10897247358851683,4.45,0.8046738469715541,0
78,0.4037245149805086,0.14250870222848896,0.1357650343920888,0.02952532105439077,0.0008370478430227713,0.0005374972353660802,100.0,0.0,63.4,3.2155870381627056,1.125,0.3112474899497183,4.25,0.698212002188447,0
79,0.39930401714268016,0.13447040033736046,0.13546448212046702,0.027104928842919523,0.0009580117253528522,0.000577991796901242,100.0,0.0,62.65,3.7453304260105007,1.025,0.10897247358851683,4.25,0.698212002188447,0
80,0.3922899241364915,0.12497498059733524,0.13664158160583345,0.026251508456671617,0.0010341813475716432,0.0006178156232989741,100.0,0.0,62.65,3.785168424258028,1.05,0.21794494717703372,4.1,0.5385164807134504,0
81,0.40485201898330037,0.12716837781475918,0.1335693260229059,0.02604406485546088,0.0010146094449950999,0.0005545485657483961,100.0,0.0,63.4,3.1208973068654475,1.0,0.0,4.45,0.5894913061275798,0
82,0.40656536035758284,0.14124815648775704,0.13262127076622837,0.028965604542480445,0.0010398736520613528,0.0005669417417810998,100.0,0.0,63.35,3.1666228067138023,1.025,0.10897247358851683,4.3,0.9539392014169457,0
83,0.4036165034817336,0.14186735181218485,0.13329441571309678,0.029552699145224487,0.001092289067363422,0.0005405657448977277,100.0,0.0,62.5,3.170173496829472,1.0,0.0,4.45,0.6689544080129827,0
84,0.4166309239834013,0.1329601106098134,0.1303710360141657,0.028998371017082296,0.0011678432742994595,0.0005876090853789957,100.0,0.0,64.3,2.5709920264364885,1.025,0.10897247358851683,4.15,0.792148975887743,0
85,0.43508600695548943,0.1226142185882866,0.12695955026421366,0.026255385856673284,0.0011899071527510185,0.0004873804918429346,100.0,0.0,62.4,3.4263683398023628,1.125,0.3112474899497183,4.45,0.9205976319760985,0
86,0.46071157431357584,0.11368726349780468,0.12182116387080281,0.023024823911408428,0.00107802783642144,0.00039896788216194686,100.0,0.0,64.35,2.95423424934449,1.0,0.0,4.15,1.0136567466356647,0
87,0.46680419320256644,0.11428252505771001,0.12146528242237035,0.022567236348282105,0.0009717730908807226,0.00040636678865063044,100.0,0.0,62.75,2.7179955849853767,1.0,0.0,4.25,0.698212002188447,0
88,0.482349902272447,0.11925166100046658,0.1183291938568188,0.022693536671922202,0.0008801200279844213,0.0004053577407246547,100.0,0.0,63.5,2.9748949561287032,1.0,0.0,4.25,0.698212002188447,0
89,0.48514023411231477,0.12921425411620358,0.11756404655232404,0.0248809599653308,0.0008697593834064923,0.0004456847044416539,100.0,0.0,64.35,2.393219588754864,1.05,0.21794494717703372,4.2,0.7483314773547883,0
90,0.4999778353621074,0.1433480551207888,0.11517750851750823,0.027329936476301987,0.0008651389901685897,0.00047210744258197805,100.0,0.0,65.3,3.1638584039112754,1.0,0.0,4.0,0.7745966692414834,0
91,0.5091985708749507,0.14410477614931652,0.11350012642761809,0.027245042493131342,0.00085601238838528,0.0003277380428277335,100.0,0.0,62.15,3.811495769379785,1.2,0.3674234614174767,4.2,0.8717797887081347,0
92,0.5216937566819957,0.15464082315392794,0.11134619284186047,0.029180892468593043,0.0007826713141613482,0.0004261853915616814,100.0,0.0,63.3,3.116087290176577,1.025,0.10897247358851683,4.35,0.6538348415311012,0
93,0.5226153329491243,0.15724803657755712,0.11049228358426125,0.030245319815687396,0.0008321864264743746,0.0005213969221131657,100.0,0.0,64.7,2.8478061731796287,1.05,0.21794494717703372,4.1,0.8306623862918074,0
94,0.5281772215104822,0.1481673676046702,0.10926506622828161,0.029029995731471327,0.000881773458918359,0.0005293107869129004,100.0,0.0,62.3,3.0182776545573144,1.1,0.3,4.45,0.6689544080129827,0
95,0.5372575881622564,0.14702739313391722,0.1078422321418622,0.028644459884282474,0.000888618487827133,0.00045555696723373524,100.0,0.0,63.65,2.903015673398957,1.0,0.0,4.3,0.5567764362830022,0
96,0.5499935973715651,0.14171483301014048,0.10511649764219544,0.026921162109130654,0.000882452456014872,0.0004538670661853524,100.0,0.0,64.35,3.3507461855533016,1.075,0.23848480035423641,4.0,0.6324555320336759,0
97,0.5607044504739063,0.13784873326359853,0.10296880211727169,0.026237880766820636,0.0008166186007211168,0.00029714455490696966,100.0,0.0,63.7,3.3481338085566414,1.15,0.3570714214271425,4.4,0.7348469228349535,0
98,0.5666487417542961,0.12469678262179058,0.10189108367068814,0.02291453343933396,0.0008440119258178823,0.00034940893790844286,100.0,0.0,63.25,2.6995369973386176,1.1,0.2549509756796392,4.3,0.7810249675906654,0
99,0.5815457757248984,0.11409312997208257,0.09844076584543979,0.021358114845694505,0.000949848542699778,0.0005017097831020887,100.0,0.0,62.7,3.536947836765479,1.2,0.4,4.1,0.7681145747868608,0
100,0.5927509689096793,0.10331831867354344,0.09565581319261068,0.019819869042877542,0.0009950265857383207,0.0005093632066734452,100.0,0.0,64.1,2.773084924772409,1.0,0.0,4.25,0.8874119674649424,0
101,0.605104518388995,0.10596317545577161,0.09243851547179979,0.020872894657694253,0.0010427949554365327,0.0004364095073849824,100.0,0.0,64.75,1.894069692487581,1.025,0.10897247358851683,4.1,0.7681145747868608,0
102,0.6239082146807349,0.10954120237620432,0.08814005056048702,0.02191806438564719,0.0010691047934661827,0.00047272449691972883,100.0,0.0,63.35,3.758656674930553,1.1,0.3,3.9,0.6244997998398398,0
103,0.6312572652060241,0.10966348418233325,0.08631395739032806,0.0218222905993661,0.0011168966270826335,0.0004975689559207026,100.0,0.0,63.95,3.0736785778607367,1.05,0.21794494717703372,4.2,0.6,0
104,0.6435109744809994,0.11025738928464195,0.08470718314145423,0.02099347396382182,0.0010720684444450103,0.0005795925319610119,100.0,0.0,64.15,3.5815499438092444,1.15,0.3570714214271425,4.25,0.698212002188447,0
105,0.6569342407043843,0.11041175588231932,0.0818033254911901,0.02210948282802713,0.0010689323809725938,0.0005659747312243723,100.0,0.0,64.3,2.3473389188611007,1.05,0.21794494717703372,4.05,0.804673846971554,0
106,0.672186573789331,0.10980501532000829,0.07933152460110919,0.022092961789254822,0.0010157546387596155,0.000573953365494851,100.0,0.0,62.15,1.8241436346954694,1.1,0.3,4.4,0.6633249580710799,0
107,0.6837575220728278,0.1082657476855218,0.07736993314831479,0.02281302495619276,0.0009366829286482955,0.0005857761276471278,100.0,0.0,64.3,3.6891733491393435,1.0,0.0,4.1,0.5385164807134504,0
108,0.7012203064645824,0.10022380157642488,0.07427939094417271,0.021867316478977297,0.0009009431835338094,0.0005178671337449229,100.0,0.0,63.05,3.4709508783617204,1.05,0.15,4.2,0.6,0
109,0.7095982123950471,0.101735339886685,0.07283065637797877,0.021885960686553095,0.000885839741939372,0.0005116418090669627,100.0,0.0,61.95,2.6358110706194404,1.025,0.10897247358851683,4.5,1.0723805294763609,0
110,0.7180271785118761,0.10330026933486997,0.07107714337317751,0.022348830117333313,0.0008617806713494185,0.00043914541373255505,100.0,0.0,63.9,2.754995462791182,1.05,0.21794494717703372,4.15,0.8529361054615991,0
111,0.7276219949396836,0.0965873984961802,0.06887207761191508,0.02092480330893461,0.0008934966841892454,0.00038543117765684333,100.0,0.0,63.2,3.325657829663178,1.025,0.10897247358851683,4.1,0.8306623862918076,0
112,0.745919126055025,0.09630608694856325,0.06431357106801552,0.022481105898981068,0.0009119799964564754,0.0004048056914856523,100.0,0.0,64.15,3.118894034750139,1.05,0.21794494717703372,4.25,0.7664854858377946,0
113,0.7563816891627263,0.09599177535901432,0.062258517276738014,0.022080225791797307,0.0008907480450144327,0.00037630025270489925,100.0,0.0,63.05,2.7290108097990378,1.125,0.3112474899497183,4.3,0.6403124237432849,0
114,0.770333760284655,0.09824348574189173,0.058773582533602355,0.021772706944918615,0.000902531330354205,0.00039406616184978595,100.0,0.0,62.9,3.254228019054596,1.05,0.21794494717703372,4.35,0.7262919523166975,0
115,0.7880773020203254,0.09537570781422602,0.05507741520057281,0.02077446247937569,0.0008840207513681833,0.00032743438760257567,100.0,0.0,63.75,2.6433879775772606,1.025,0.10897247358851683,4.55,0.9733961166965892,0
116,0.798440818355706,0.09780002094540059,0.05350827957706976,0.02176274620898515,0.0008163492940017461,0.00031376307537082904,100.0,0.0,63.4,2.7820855486487113,1.075,0.23848480035423641,4.15,0.5722761571129799,0
117,0.8086288290011133,0.09876434008976342,0.050873924733499,0.021781504261742524,0.0008355816707728458,0.00028349175683525004,100.0,0.0,63.55,2.957617284234051,1.05,0.21794494717703372,4.1,0.43588989435406733,0
118,0.8129326848660072,0.09637104655575907,0.05049139741819024,0.021731931219581935,0.0007988304430281074,0.0003118689854719992,100.0,0.0,63.55,3.2167530212933664,1.075,0.23848480035423641,4.0,0.6324555320336759,0
119,0.8273940310640568,0.09125067902351156,0.04846200396881372,0.020214359751842687,0.0007107830976151768,0.00027067260252827577,100.0,0.0,62.95,2.246664193866097,1.025,0.10897247358851683,4.25,0.7664854858377946,0
120,0.8330605219550808,0.08279537255850423,0.045901245945821234,0.018501986568034923,0.0007817620245914941,0.00033833699825090144,100.0,0.0,63.1,3.176476034853718,1.075,0.23848480035423641,4.1,0.6244997998398398,0
121,0.8389717457461021,0.07234339606262105,0.044574325976566576,0.0163631052461453,0.000792112234374673,0.0003040481625955486,100.0,0.0,62.85,2.5937424698685874,1.025,0.10897247358851683,4.4,0.58309518948453,0
122,0.8512675313469344,0.06126054342587433,0.041863948267022784,0.014752913859622224,0.0007620947725019665,0.0003290770462995908,100.0,0.0,63.95,2.3973944189473704,1.025,0.10897247358851683,4.05,0.5894913061275798,0
123,0.860599883364707,0.0477474006195332,0.03872790876640414,0.012473076566722167,0.0008051319725978581,0.00031997020502103567,100.0,0.0,62.9,3.548238999842034,1.1,0.3,4.2,0.5099019513592784,0
124,0.8739147790246141,0.04780879741021815,0.03685455917951487,0.012614955853547011,0.0006992582819511427,0.00028274188346409917,100.0,0.0,64.0,3.8340579025361627,1.175,0.36314597615834876,4.0,0.6324555320336759,0
125,0.882491892919975,0.042745347082049565,0.034433635631238836,0.01150692004792066,0.0006774439463196694,0.000260171278260809,100.0,0.0,63.35,3.5535193822462823,1.15,0.3570714214271425,4.0,0.8366600265340756,0
126,0.8868967390847249,0.04602784451892917,0.0327961840832537,0.01162962370045165,0.0006820318540118253,0.00035441338180042215,100.0,0.0,62.85,3.7050641020095725,1.15,0.3570714214271425,4.05,0.739932429347437,0
127,0.8934988883803141,0.04247387217505062,0.0309149308452788,0.011719928830841012,0.0006606110903083062,0.0003653878639440025,100.0,0.0,63.55,3.2167530212933664,1.075,0.23848480035423641,3.95,0.49749371855331004,0
128,0.8950438310374771,0.04540311098753175,0.03020020678685925,0.011839481003703245,0.0006665487211652992,0.00040559569511296623,100.0,0.0,63.95,2.9576172842340505,1.0,0.0,4.0,0.7071067811865476,0
129,0.9025574773783873,0.042869371467130005,0.02849010053799151,0.01157697273173133,0.0006270797576657294,0.0003810650450430963,100.0,0.0,63.8,2.541653005427767,1.05,0.21794494717703372,4.45,0.5894913061275798,0
130,0.9037733913894715,0.03459138447859269,0.025843417127265966,0.010666978975071057,0.0006980434675273814,0.0003395579972223415,100.0,0.0,63.1,2.6814175355583845,1.05,0.21794494717703372,4.3,0.7810249675906654,0
131,0.9143457553673725,0.024418349298702,0.02440693034030896,0.009973126746480324,0.0006049677132601995,0.00022224759390862203,100.0,0.0,64.25,2.680951323690902,1.0,0.0,4.25,0.7664854858377946,0
132,0.9197406818349263,0.024687929011807545,0.02087527628246793,0.009815341152811028,0.0006194467060938668,0.00027477546700975633,100.0,0.0,62.5,2.5199206336708304,1.075,0.23848480035423641,4.55,0.8046738469715541,0
133,0.9228939498141069,0.023780138473220958,0.018924159101755593,0.00907324794408031,0.0006352461398005292,0.00026730845231558387,100.0,0.0,64.0,3.146426544510455,1.05,0.21794494717703372,3.9,0.7681145747868608,0
134,0.9285793787365458,0.023751515744774826,0.017375495288633355,0.009080316551141807,0.000589766784313542,0.0002171703659153974,100.0,0.0,64.4,2.9899832775452104,1.05,0.15,4.05,0.804673846971554,0
135,0.9274261747053382,0.024969622524325243,0.01727975407044313,0.008403572602380295,0.0006186285641072371,0.0002473282510017617,100.0,0.0,64.1,2.605762844159076,1.025,0.10897247358851683,4.2,0.6782329983125268,0
136,0.9291559832296736,0.025821652589286533,0.016296769818544533,0.008845917486661973,0.0006069318688310834,0.00025474099957197705,100.0,0.0,63.8,2.3151673805580453,1.1,0.3,4.15,0.7262919523166975,0
137,0.929072919484599,0.025305304192461367,0.016671121119973077,0.008597203120091703,0.0006019944972603539,0.00025195102914138195,100.0,0.0,64.35,3.7453304260105007,1.1,0.3,4.2,0.5099019513592785,0
138,0.9322428205452298,0.02156483903709748,0.01708689760433063,0.007194146711756518,0.0005700606372094131,0.0002245115420530906,100.0,0.0,63.6,2.353720459187964,1.0,0.0,4.15,0.7262919523166976,0
139,0.9309751608597552,0.02203016173912712,0.01671828498814771,0.007287558226849537,0.0005870211833909767,0.00027004250849777304,100.0,0.0,63.1,3.5482389998420345,1.05,0.15,4.35,0.9096702699330126,0
140,0.9304660211162359,0.024458633472548327,0.017813175596417465,0.007219807456022666,0.00058090304477627,0.00027847509716827395,100.0,0.0,63.25,3.1284980421921316,1.025,0.10897247358851683,3.8,0.6,0
141,0.9307291621877788,0.024432058702106046,0.01910217165200038,0.008807595152727495,0.0005403859635416993,0.00022748463872715024,100.0,0.0,62.05,2.654712790491657,1.15,0.3570714214271425,4.5,0.7416198487095663,0
142,0.9212327284891083,0.029435411210974365,0.020786628176003807,0.008815091751469469,0.0006234986057585074,0.0003112255964105985,100.0,0.0,63.35,2.2197972880423116,1.05,0.21794494717703372,4.25,0.8874119674649424,0
143,0.9143196158114811,0.02727225082470864,0.02180108233183945,0.009773364334804796,0.0006781707503521935,0.0003391783043620242,100.0,0.0,62.7,3.3926390907374753,1.075,0.23848480035423641,4.55,0.5894913061275798,0
144,0.9026211056384955,0.03376359452317238,0.02530382612632114,0.010617657632700131,0.0007232950379084322,0.0003664990642341227,100.0,0.0,62.95,3.007906248539007,1.025,0.10897247358851683,4.3,0.714142842854285,0
145,0.9006946457490415,0.031103680904515783,0.028779076443928707,0.009819022795753323,0.0006481702398400233,0.00028572416527578183,100.0,0.0,63.25,3.2384409829422554,1.1,0.3,4.35,0.5722761571129799,0
146,0.894864383162538,0.03109459575596437,0.03248900381703706,0.010130659006591896,0.0005958157280330992,0.00023346327646509712,100.0,0.0,62.75,2.56661255354212,1.0,0.0,4.25,0.698212002188447,0
147,0.886919185409979,0.03555374618684467,0.03595356637799137,0.010318419521813367,0.0005804960912118584,0.00027560166736217035,100.0,0.0,63.45,2.6167728216259047,1.05,0.15,4.0,0.8944271909999159,0
148,0.8712853350859314,0.03755023751685895,0.040212736650560806,0.010794533129759127,0.0005885627992304154,0.0002820534354626911,100.0,0.0,63.6,2.8000000000000003,1.0,0.0,4.25,0.6224949798994366,0
149,0.8563553372007355,0.03605008885294718,0.04514111747368048,0.010143456332408839,0.0005626169224174835,0.0002016399603256383,100.0,0.0,63.5,3.7349698793966195,1.05,0.15,4.2,0.5099019513592784,0
150,0.8439026675419681,0.037654704006800675,0.04795441310988853,0.010044000734522171,0.0005829656646017541,0.0002359987986309819,100.0,0.0,63.4,2.764054992217051,1.125,0.3112474899497183,4.25,0.8874119674649424,0
151,0.8334101108593736,0.043061696751063624,0.05036952402558422,0.010782342388329936,0.0005832459928123677,0.00020862429155130166,100.0,0.0,63.75,2.5273503912200224,1.1,0.3,4.05,0.804673846971554,0
152,0.8182540027892129,0.04427580216636491,0.053610103664297526,0.011392854614696024,0.0006008283991850445,0.00021120884614271568,100.0,0.0,64.35,3.9909272105614755,1.05,0.21794494717703372,4.05,0.5894913061275798,0
153,0.7980246284336654,0.04982469487559437,0.05772336091386052,0.0113281600096145,0.0006412484907790955,0.00022089219235710907,100.0,0.0,62.75,2.6052830940226053,1.05,0.21794494717703372,4.15,0.7262919523166975,0
154,0.7846660556783559,0.0471317162705445,0.060512871203712196,0.011185573937013436,0.0006622950401725359,0.00029907911774792214,100.0,0.0,63.55,2.3973944189473704,1.05,0.21794494717703372,4.15,0.6538348415311012,0
155,0.7656098416297396,0.05310767833971453,0.06398227012588717,0.012217232721919304,0.0007212390202470124,0.00034310176220272775,100.0,0.0,63.2,2.5219040425836985,1.0,0.0,4.45,0.8645808232895291,0
156,0.753772284382315,0.05221885774360802,0.06600037823264673,0.012405793821501785,0.0007757972144968488,0.00032656944548030073,100.0,0.0,62.8,3.370459909270543,1.1,0.2549509756796392,4.4,0.7348469228349533,0
157,0.7389232271024475,0.06443221524030385,0.0681455567872563,0.016339096906749128,0.0007955916097530985,0.0003340773704506809,100.0,0.0,63.0,2.8809720581775866,1.05,0.21794494717703372,4.35,0.5722761571129799,0
158,0.7251434477301468,0.08158716237955999,0.07035353241302708,0.018151946113269958,0.000830868346653859,0.00029585998228562436,100.0,0.0,63.35,3.2446109165815247,1.025,0.10897247358851683,4.15,0.9096702699330127,0
159,0.7042298408426604,0.08455878481111812,0.07419052361294923,0.018224980513393628,0.0008917670649225641,0.00031753693915752957,100.0,0.0,63.25,3.031088913245535,1.1,0.2549509756796392,4.05,0.864580823289529,0
160,0.6927454983387393,0.08544602071227869,0.07719859288111723,0.018114192224550404,0.0008167178688235878,0.0002815987394871353,100.0,0.0,62.65,2.7436289836637897,1.1,0.3,4.25,0.5361902647381804,0
161,0.6834387670417758,0.09234524642201136,0.07897914106098773,0.018417229495213714,0.000874192347462545,0.00038305267980224313,100.0,0.0,62.95,3.694252292413175,1.1,0.3,4.15,0.5722761571129799,0
162,0.6717030256519035,0.09757135800118895,0.08190907260210542,0.01877737835564562,0.000848853118882578,0.00031531828012627003,100.0,0.0,63.9,3.6318039594669758,1.15,0.3570714214271425,4.1,0.7000000000000001,0
163,0.6658342632953695,0.09817905961069841,0.08335341485208539,0.018705251043665855,0.0008556222862672808,0.0003857712393449238,100.0,0.0,61.95,3.800986713999406,1.15,0.3570714214271425,4.2,0.6,0
164,0.6606067138854076,0.10253463940826896,0.0854311370090309,0.019396545824571957,0.000765706622559037,0.0003078755634298817,100.0,0.0,64.05,3.1220986531498327,1.05,0.2179449471770337,4.2,0.7483314773547883,0
165,0.6518449695005455,0.10945281994982486,0.08728315793478655,0.020883335606277663,0.000718184478773007,0.00025139994655991045,100.0,0.0,63.05,2.692118125194361,1.1,0.3,4.3,0.6403124237432849,0
166,0.6396911386400644,0.11165452005255147,0.08918558088434243,0.02112786821969176,0.0007277850301475243,0.0002996476547403064,100.0,0.0,63.1,2.8442925306655784,1.025,0.10897247358851683,3.95,0.6689544080129826,0
167,0.6204040847348834,0.11855323473949672,0.09286339717852855,0.022068200768357984,0.0007023761301481584,0.00029016589788680494,100.0,0.0,63.65,2.6129485260907837,1.05,0.21794494717703372,4.45,0.7399324293474372,0
168,0.6111935623425239,0.11052707801917575,0.09420650716934809,0.0202845208563359,0.0007524594958141541,0.0003177475915209493,100.0,0.0,62.05,3.232259271778797,1.125,0.3112474899497183,4.5,0.6708203932499369,0
169,0.5977749623604408,0.10998362473481978,0.09664876461484607,0.019862355130655217,0.0007873004399706915,0.00034496143974880163,100.0,0.0,64.25,2.1418449990603894,1.0,0.0,4.05,0.5894913061275798,0
170,0.5758353271927744,0.11156529768449179,0.1007520156089167,0.019306475203866785,0.0008429785561664396,0.00044488222324181703,100.0,0.0,63.85,3.5954832776693593,1.025,0.10897247358851683,4.1,0.7000000000000001,0
171,0.555926604131135,0.10960484602856943,0.1040933132328331,0.018576771541980532,0.0009316383242507243,0.0005806635710906402,100.0,0.0,66.3,2.98496231131986,1.0,0.0,4.15,0.7262919523166976,0
172,0.5481956697820201,0.10560305634255522,0.10483654687909956,0.018649801036835487,0.001036658809283263,0.0007102247708885765,100.0,0.0,63.15,2.8857408061016154,1.05,0.21794494717703367,4.3,0.714142842854285,0
173,0.5407407364349335,0.10574489844147757,0.10597170772580367,0.020162136616420183,0.0010194429608628799,0.0006702581060373658,100.0,0.0,63.0,2.949576240750525,1.1,0.3,4.15,0.7262919523166975,0
174,0.535402494881847,0.12057338386191623,0.10740346537425013,0.024224915534657002,0.0009279615691632928,0.0005776931968827149,100.0,0.0,62.95,1.9615045245933032,1.125,0.3112474899497183,4.0,0.5477225575051661,0
175,0.5184532847269281,0.13418013359512732,0.11067324621792585,0.0267736111505452,0.0009411329035714213,0.0005098084417321266,100.0,0.0,63.75,3.3893214660164652,1.1,0.3,4.15,0.7921489758877431,0
176,0.5049707027117478,0.139711618007712,0.11372509408044185,0.02769136743313995,0.0009322037373987466,0.000519489356690999,100.0,0.0,63.15,3.4245437652335533,1.05,0.21794494717703372,4.7,0.9539392014169457,0
177,0.5004953298788568,0.14909403398429422,0.11426146429395581,0.02962690330363986,0.00100228441858331,0.0005770586409666577,100.0,0.0,62.4,3.9799497484264803,1.2,0.4,4.35,0.7921489758877431,0
178,0.4925689267665363,0.1431510315193771,0.11617454569486765,0.028737161575628424,0.0009898006147122961,0.0005974320109851174,100.0,0.0,62.55,2.558808316384797,1.1,0.3,4.0,0.7745966692414834,0
179,0.48419383524072374,0.14983720600345335,0.11731422834315682,0.029628607677801712,0.0009945625424638061,0.0006155569140118027,100.0,0.0,63.85,3.0540956108150903,1.025,0.10897247358851683,4.15,0.7262919523166976,0
180,0.4784948137709605,0.16246119586794733,0.11832656800751609,0.03228840910958873,0.0009031673440767701,0.0005418798849443196,100.0,0.0,62.65,3.395217224272992,1.125,0.3112474899497183,4.25,0.7664854858377946,0
181,0.46031575420084503,0.1673244179814546,0.12212284483101554,0.033726518541832375,0.0008764058423888773,0.0006243213740863482,100.0,0.0,63.3,2.666458325194677,1.1,0.3,4.05,0.5894913061275797,0
182,0.4459795924892277,0.18216679843143385,0.12537602708531043,0.0376952906915156,0.0008890220069132234,0.0005498655930676671,100.0,0.0,63.3,2.7766886753829643,1.0,0.0,4.3,0.7810249675906654,0
183,0.4297342569506224,0.18091954534786173,0.12909529112195733,0.03691689409978897,0.0009130238626492675,0.0005205799480473643,100.0,0.0,63.0,3.3763886032268267,1.075,0.23848480035423641,4.3,0.7810249675906654,0
184,0.4244976417207518,0.18217062702166062,0.13019555726518023,0.03799090308643273,0.0010154041966556817,0.0004956134706397708,100.0,0.0,63.65,2.5548972582082436,1.075,0.17853571071357124,3.8,0.6,0
185,0.42034710569411293,0.18232752136102914,0.1313328721521529,0.037097257716939655,0.0010675106716470926,0.0006598575791245047,100.0,0.0,63.75,3.4478254016118624,1.0,0.0,4.15,0.6538348415311009,0
186,0.4217143740019096,0.18104490133622952,0.13078199957235942,0.03744693105220289,0.001260723341378012,0.0007340658109948579,100.0,0.0,62.95,2.9236107812087435,1.05,0.2179449471770337,4.1,0.7000000000000001,0
187,0.4351383421085545,0.17206461310425578,0.12844777171534913,0.0352552977124763,0.00131894607740591,0.0007714192914220385,100.0,0.0,63.4,2.3958297101421877,1.05,0.21794494717703372,4.2,0.7483314773547883,0
188,0.4412842647646105,0.15825908484679285,0.12667425709933466,0.03115924311751296,0.001275784865671592,0.0008268228555917938,100.0,0.0,63.15,2.104162541250081,1.0,0.0,4.05,0.5894913061275797,0
189,0.4552556370563135,0.16373064531182177,0.12322057195699791,0.033731774830443886,0.0012143433254284352,0.0009917269285624106,100.0,0.0,64.3,3.303028912982749,1.1,0.3,3.8,0.6782329983125268,0
190,0.45859623304550745,0.16930946445298017,0.12198324964581327,0.03665951254418319,0.001221747524733683,0.0006752524748718045,100.0,0.0,62.55,3.4128433893163046,1.1,0.3,4.05,0.49749371855331004,0
191,0.4547661162164407,0.1829747412587411,0.12358209646049131,0.039720041065515625,0.0011348328276275035,0.000513833878448551,100.0,0.0,64.15,4.269367634673781,1.1,0.3,4.1,0.7,0
192,0.44738255413857564,0.17283396728085307,0.1262679343472269,0.03639992921596044,0.0010297724822749706,0.0005724201072085512,100.0,0.0,64.3,3.661966684720111,1.1,0.3,4.05,0.6689544080129826,0
193,0.44014048983915177,0.16556869561030763,0.1277437698223019,0.03260485602033853,0.000972030260561077,0.0006054036950178861,100.0,0.0,62.15,3.1823733281939126,1.05,0.21794494717703372,4.4,0.8,0
194,0.43555886090712026,0.16789536440420996,0.12993296762791098,0.03381050739679228,0.0008815356260566934,0.0005407258784886084,100.0,0.0,63.9,3.014962686336267,1.025,0.10897247358851683,3.9,0.7681145747868608,0
195,0.4349903664325126,0.1678684864666021,0.13053041016114558,0.03564354579111953,0.0009952456902689462,0.0006364941089395817,100.0,0.0,63.25,3.686122624113311,1.1,0.3,4.15,0.852936105461599,0
196,0.43986308542305796,0.16687791048483394,0.12982331641919756,0.03558240963400688,0.0010049804058715073,0.0006730735716862606,100.0,0.0,63.45,2.991237202229205,1.0,0.0,4.55,0.8645808232895291,0
197,0.43901012241069176,0.16167045403324995,0.12889687511365658,0.033903814864323346,0.0009291560534095616,0.0007192254132124689,100.0,0.0,63.85,3.2752862470324637,1.0,0.0,4.3,1.0049875621120892,0
198,0.4198242803902601,0.17621904881492506,0.1330371014385434,0.036136773086456214,0.0007952855051964976,0.0006098270013575554,100.0,0.0,63.2,2.5612496949731396,1.075,0.23848480035423641,4.15,0.9096702699330127,0
199,0.3917484970664994,0.1775046577090565,0.13854623259407767,0.03702333332364452,0.000813562068654403,0.0005017318589942841,100.0,0.0,63.65,3.1823733281939126,1.0,0.0,4.4,0.7348469228349535,0
200,0.359705593042283,0.15944770762379046,0.14377543467869708,0.03404225396874323,0.0010080059862614167,0.0005840868532034798,100.0,0.0,63.4,2.7640549922170505,1.05,0.21794494717703372,4.2,0.7483314773547883,0
201,0.3400472085331335,0.14633588931579655,0.14759972803480004,0.03281437435068062,0.001155880340903903,0.0010486162490919524,100.0,0.0,63.05,2.2907422377910613,1.075,0.23848480035423641,4.15,0.5722761571129799,0
202,0.3320706527157823,0.14940870856491775,0.14861641568199563,0.0385508719979871,0.0012240254333908609,0.0009804859273979947,100.0,0.0,62.6,3.6523964735499352,1.15,0.3570714214271425,4.35,0.5722761571129799,0
203,0.33404740342217215,0.1676155684814338,0.14971067202834856,0.042060300141765046,0.0011962992361662494,0.0006489752378921606,100.0,0.0,64.15,3.259984662540608,1.05,0.21794494717703372,4.05,0.739932429347437,0
204,0.3433536344917899,0.18317284963292452,0.14858200592370818,0.04479317985323757,0.0011651226471626184,0.0006885496288644342,100.0,0.0,63.6,3.1368774282716245,1.1,0.3,4.45,0.8046738469715541,0
205,0.34805607251619197,0.19968865824081342,0.14946852585296105,0.04539963306139522,0.0011112803072374834,0.0006297678380334585,100.0,0.0,64.95,3.4565155865408737,1.05,0.15,4.15,0.3570714214271425,0
206,0.3477990163074237,0.21473770861494712,0.15055746128744743,0.04844552186894931,0.0010295149113302559,0.0006020090633681942,100.0,0.0,62.9,2.808914381037628,1.05,0.21794494717703372,4.35,0.963068014212911,0
207,0.3458306150062153,0.21701763226279155,0.1520378285769583,0.04880739610481667,0.0009234964048504922,0.0005104530846078261,100.0,0.0,63.3,2.471841418861655,1.0,0.0,4.25,0.4330127018922193,0
208,0.3206005663083237,0.19898325194879304,0.15678912550749036,0.04424431131867265,0.0008508286893164685,0.0005792371270456356,100.0,0.0,62.65,2.669737814842499,1.1,0.3,4.35,0.653834841531101,0
209,0.2998242397466536,0.17761470630549792,0.16035053703724073,0.03852315150470579,0.0008441050343610606,0.0004604928067545535,100.0,0.0,62.5,2.1330729007701543,1.075,0.23848480035423641,4.05,0.6689544080129826,0
210,0.2805862803812873,0.15609115091015074,0.16427111657133228,0.035339286931294865,0.0008344943694862838,0.00038617790542450347,100.0,0.0,62.6,2.1071307505705477,1.125,0.3112474899497183,4.4,0.58309518948453,0
211,0.2718709412932458,0.14351108464643084,0.16627497809495587,0.033135377250609166,0.0008250565339467076,0.000520069706419437,100.0,0.0,63.6,2.5377155080899043,1.0,0.0,4.05,0.9733961166965892,0
212,0.26245874153237414,0.12446791984806319,0.16780398349065978,0.031422448212308704,0.0008964163507408677,0.0005867696572699656,100.0,0.0,63.95,2.3339880033967613,1.0,0.0,4.0,0.6324555320336759,0
213,0.25020776983554555,0.11385220308820518,0.1701511681774225,0.02862434593390734,0.0009726459262255384,0.0008003040305643081,100.0,0.0,63.5,3.057776970284131,1.025,0.10897247358851683,4.35,0.8529361054615991,0
214,0.24301615897094342,0.10563245804803546,0.17315474399099645,0.030238515732845247,0.0009998934512998007,0.0007071154222249126,100.0,0.0,62.9,1.8411952639521971,1.025,0.10897247358851683,4.2,0.812403840463596,0
215,0.23885554689580038,0.0987855982029664,0.17463787075332035,0.028398277528202145,0.00097190954135194,0.0005623926770520202,100.0,0.0,63.65,3.6093628246547893,1.0,0.0,4.1,0.5385164807134504,0
216,0.25048469688433517,0.10494425463740635,0.17052503112849024,0.026611861094295284,0.001019668201018386,0.000541041073901817,100.0,0.0,62.75,3.476708213238494,1.05,0.21794494717703372,4.75,0.8874119674649424,0
217,0.2545023350191814,0.12217104334724489,0.17072559522344677,0.030667093826363935,0.0010723086132877631,0.0004919723152943373,100.0,0.0,62.55,2.5975950415721085,1.0,0.0,4.35,0.653834841531101,0
218,0.2701320264185076,0.13252022703314714,0.16816910134127924,0.031838718848750114,0.0010848186611115951,0.000535532894658992,100.0,0.0,63.0,3.40587727318528,1.075,0.23848480035423641,4.25,0.6224949798994366,0
219,0.2860334083837428,0.12244322931448465,0.16425247795115394,0.028602537195639002,0.000998452933780912,0.0006277398931078741,100.0,0.0,63.0,3.924283374069717,1.1,0.3,4.05,0.9733961166965893,0
220,0.28709505552640385,0.11832287303410532,0.16281066414339732,0.02781298754186569,0.0007483193407930076,0.00045633292113222474,100.0,0.0,64.2,2.420743687382041,1.0,0.0,4.45,0.8645808232895292,0
221,0.27186251712301984,0.12040029331842832,0.16611804886402476,0.028317861049936385,0.0005962138921391608,0.00030196501735768285,100.0,0.0,62.85,2.7977669667075564,1.075,0.23848480035423641,4.05,0.6689544080129826,0
222,0.23936430383769375,0.10632329429635062,0.17278615618742835,0.02453943806244602,0.0006652452375818594,0.00035228848725027764,100.0,0.0,63.2,3.9949968710876362,1.15,0.3570714214271425,4.2,0.9273618495495703,0
223,0.23172969159842655,0.10126566781123304,0.17612515102247286,0.025179540966282884,0.0009519986683990022,0.0006013594738725479,100.0,0.0,63.85,3.2752862470324637,1.1,0.3,4.45,0.7399324293474372,0
224,0.24367461635490512,0.11657626151096345,0.1743452044524265,0.02997549168404825,0.0012005091084395085,0.0006267537604679907,100.0,0.0,62.95,3.412843389316304,1.05,0.21794494717703372,4.0,0.7071067811865476,0
225,0.26458825748714443,0.13703326470685773,0.16823711614953132,0.03264806031901797,0.0011849302021387548,0.0005472446931794473,100.0,0.0,64.2,2.694438717061496,1.025,0.10897247358851683,4.1,0.6244997998398398,0
226,0.27253853260052896,0.13548317799138052,0.16517245220748708,0.030177973465684595,0.001077387914488063,0.0005424933109685945,100.0,0.0,63.35,3.6779749863205975,1.25,0.4330127018922193,4.3,0.7810249675906654,0
227,0.2589813667050928,0.13390683651241908,0.1686531923174695,0.030478656098408448,0.0009638950176284382,0.0005695954537843974,100.0,0.0,64.15,3.409912022325503,1.075,0.23848480035423641,4.2,0.9273618495495703,0
228,0.23248515435700168,0.1290869497281519,0.17510563315912328,0.030073642364256224,0.0008178162697987268,0.0004676503799886297,100.0,0.0,64.65,3.15079355083763,1.1,0.3,4.3,0.9,0
229,0.2128590049682919,0.11457050333534753,0.180851039884498,0.029763457209603078,0.0008818446714495351,0.0006750492000716942,100.0,0.0,64.15,3.539420856580918,1.075,0.23848480035423641,3.85,0.653834841531101,0
230,0.20845379974858166,0.11030738568388124,0.18196276095629307,0.030406140358025302,0.0011510041391711017,0.0008209276010133149,100.0,0.0,62.75,2.56661255354212,1.1,0.3,4.2,0.6,0
231,0.21810115086999993,0.12175013708264662,0.1793525221158373,0.03040504782014219,0.0011371137745029146,0.0006714829519925761,100.0,0.0,62.2,3.0757112998459393,1.075,0.23848480035423641,4.5,0.7416198487095663,0
232,0.22879790236642297,0.12879365080418145,0.17611102189411207,0.030878156479577357,0.0009783444597944962,0.0005860582939681339,100.0,0.0,63.65,3.320767983464066,1.05,0.21794494717703372,4.25,0.82915619758885,0
233,0.22197515765285075,0.12636895205262413,0.1792413902578216,0.03195095099140831,0.0010643856592975937,0.0006386223794943966,100.0,0.0,63.7,2.968164415931166,1.125,0.3112474899497183,4.1,0.7,0
234,0.22870271313017607,0.12527132997063828,0.17907056122965526,0.03355863770384579,0.0009939749725491479,0.0005985335399716346,100.0,0.0,63.8,3.2341923257592455,1.0,0.0,4.4,0.7348469228349535,0
235,0.24011446750361518,0.1341468491098576,0.1766481837351732,0.036408889598182455,0.0009014517886716588,0.0006661027220695372,100.0,0.0,63.05,3.2476914878109957,1.15,0.3570714214271425,4.2,0.6782329983125268,0
236,0.25166136275592066,0.12589946515077213,0.17132411868570718,0.03184105907651243,0.001058341074898936,0.0008392090971494315,100.0,0.0,63.45,3.368605052540295,1.0,0.0,4.25,0.8874119674649424,0
237,0.23495290474533675,0.12581119698094181,0.17486654025249665,0.03132285769123119,0.0006944935700787654,0.00045595095088306017,100.0,0.0,62.2,2.5612496949731396,1.05,0.21794494717703372,4.0,0.6324555320336759,0
238,0.20192952382353518,0.11458842104531033,0.18398018071436667,0.029104315598240282,0.0006310293078183189,0.00042909199427463126,100.0,0.0,63.7,2.666458325194677,1.05,0.21794494717703372,4.15,0.5722761571129799,0
239,0.17809248477330045,0.10325745861166259,0.19185070670067317,0.02828131171473731,0.0006359827069388964,0.0003968656607141102,100.0,0.0,63.65,2.535251466817444,1.0,0.0,4.1,0.6244997998398398,0
240,0.16698225318528961,0.0800367212757486,0.19291740974745814,0.022027836368945307,0.0007696003943542679,0.0005770518958182999,100.0,0.0,63.75,3.0639027399707057,1.05,0.21794494717703372,4.15,0.7262919523166976,0
241,0.14999732180624123,0.06924699945773946,0.19825193469856348,0.021817429755609467,0.000704979323640154,0.00042135442311872845,100.0,0.0,62.75,2.680951323690902,1.125,0.3112474899497183,4.25,0.6224949798994366,0
242,0.144202380744269,0.06277033946375424,0.20143151234082352,0.02059443177753678,0.0007624433849967107,0.0005166767741666156,100.0,0.0,64.1,2.913760456866693,1.0,0.0,4.45,0.8046738469715541,0
243,0.14784515302560705,0.08492488057129506,0.20001409906501766,0.024742975325568243,0.0008526406479663802,0.0008180674793125648,100.0,0.0,62.35,3.1823733281939126,1.05,0.21794494717703372,4.65,0.7921489758877431,0
244,0.14114038443858265,0.07174998988232784,0.20211982130828612,0.022938287495328866,0.0007524401324909361,0.0005045964224690544,100.0,0.0,63.8,2.580697580112788,1.05,0.21794494717703372,3.9,0.6244997998398398,0
245,0.13998482349819827,0.06330390690846288,0.20060179697912645,0.021441045250153064,0.0009355043155007388,0.0006680007190560976,100.0,0.0,62.9,2.964793416074719,1.075,0.23848480035423641,4.3,0.8426149773176358,0
246,0.14415078426119915,0.07219579791147865,0.20203051451091722,0.02306459443479047,0.0010831720374289689,0.0006991893609971001,100.0,0.0,62.7,2.8301943396169813,1.1,0.3,4.35,0.9630680142129111,0
247,0.17956709346919325,0.0880141784396161,0.18993312071289148,0.023737209762520264,0.0012352163224905995,0.0009329681505798319,100.0,0.0,62.55,3.353729267546801,1.05,0.2179449471770337,4.15,0.6538348415311009,0
248,0.19172698127132168,0.10640757733974707,0.1889785669289872,0.029446891632116987,0.0010868285539426521,0.001106166243714193,100.0,0.0,63.15,2.3932195887548637,1.05,0.21794494717703372,4.25,0.7664854858377946,0
249,0.22014515957515252,0.16646505853920054,0.1828231718676974,0.0410083719876783,0.0009188501322701161,0.0011450729562963956,100.0,0.0,63.65,2.885740806101615,1.075,0.23848480035423641,4.05,0.804673846971554,0
250,0.2195579024417978,0.1618495373466686,0.18144252837281644,0.03864131938125871,0.0006316886934456516,0.00041951355392970467,100.0,0.0,63.0,1.8439088914585775,1.025,0.10897247358851683,4.35,0.7262919523166975,0
251,0.2044730980024238,0.13279521507873726,0.1849270337445306,0.03238135943683121,0.0006561776245062709,0.0004309347298727494,100.0,0.0,63.3,2.7766886753829643,1.05,0.2179449471770337,4.05,0.49749371855331004,0
252,0.19234323421313618,0.1151294350964111,0.18652628878799704,0.02945062253058253,0.0007387380301264424,0.0006690245711860327,100.0,0.0,63.6,3.2924155266308657,1.05,0.21794494717703372,4.35,0.7262919523166976,0
253,0.1828401547886242,0.10906510872322585,0.19029079774915264,0.03026695635070819,0.0008811191007224885,0.0006546517726580817,100.0,0.0,63.7,3.2572994949804666,1.075,0.23848480035423641,4.35,0.7262919523166976,0
254,0.18265781492093439,0.0995670752343326,0.18974564246880848,0.028925059103018763,0.0008885508740145026,0.0005820786442645875,100.0,0.0,63.15,2.632014437650371,1.025,0.10897247358851683,4.45,0.6689544080129827,0
255,0.17338610029946072,0.0928244369021787,0.19104922539095834,0.02692464055938542,0.0009763795750226126,0.0006998009788554612,100.0,0.0,64.7,3.241913015489466,1.025,0.10897247358851683,4.1,0.6244997998398398,0
256,0.159321007164049,0.09053841139327096,0.19677782948008982,0.027385116092534974,0.0008631641675817053,0.0005434909842709397,100.0,0.0,63.15,3.0376800358168077,1.0,0.0,4.15,0.6538348415311012,0
257,0.1654662532876334,0.08476390605494562,0.19465582638342152,0.025206186826819143,0.0009951337567797665,0.0008723943144211026,100.0,0.0,62.8,3.370459909270543,1.1,0.2549509756796392,4.2,0.6782329983125269,0
258,0.17469625784810083,0.09250205670984614,0.19370377242440434,0.026590325414156905,0.0011918068462941306,0.0007693107068801689,100.0,0.0,63.95,2.558808316384797,1.0,0.0,4.15,0.6538348415311009,0
259,0.19822196582579157,0.10319399772388436,0.18489379129341493,0.02757902672234643,0.0010692388492465313,0.0007629973118275232,100.0,0.0,63.3,2.491987158875423,1.05,0.21794494717703372,3.95,0.5894913061275798,0
260,0.19321342202056122,0.09409018594866188,0.18535915102308143,0.027089716076192035,0.0011892418700147104,0.0009477424828210408,100.0,0.0,62.95,2.8892040426387333,1.0,0.0,4.45,0.8645808232895292,0
261,0.19010216809252548,0.08663655512342944,0.18645697430611213,0.0279424007768995,0.0009396501558722826,0.0005905716857395498,100.0,0.0,62.15,3.0540956108150903,1.05,0.15,4.2,0.8717797887081347,0
262,0.1848584854443292,0.06963174944340614,0.18663705915680484,0.02185628942701311,0.0009293422556616267,0.000513728604585987,100.0,0.0,62.25,4.345975149491768,1.15,0.3570714214271425,4.1,0.7,0
263,0.18380819281497743,0.0673155112628451,0.18743709664797503,0.021523800242368493,0.0010046576714844635,0.0005177392353106093,100.0,0.0,63.75,2.7363296585024255,1.025,0.10897247358851683,3.95,0.6689544080129826,0
264,0.18522845050048423,0.07983276892484849,0.18768921294290164,0.02305893407148728,0.0011332067657188233,0.0006996289654441573,100.0,0.0,62.0,3.271085446759225,1.05,0.21794494717703372,4.3,1.004987562112089,0
265,0.19139377549493564,0.08337544841668554,0.18456129715856273,0.023207781472438235,0.0011432045840477248,0.0009735548515806964,100.0,0.0,63.2,2.7495454169735036,1.15,0.3570714214271425,4.35,1.0136567466356645,0
266,0.18656706387378755,0.08279755000002946,0.18765246656286574,0.026615572793504752,0.0008888718638396401,0.0006692207103069736,100.0,0.0,63.9,3.3451457367355464,1.025,0.10897247358851683,4.25,0.9937303457175896,0
267,0.19939785938036386,0.1118662884230443,0.18453472618871952,0.028635997535828024,0.0008986056228478341,0.000709715065568357,100.0,0.0,64.25,2.6052830940226053,1.0,0.0,4.35,0.653834841531101,0
268,0.19418215880223832,0.1170826611271571,0.18703776688288698,0.029478929853839052,0.0007358715004781411,0.0005926996676837053,100.0,0.0,63.7,3.551056180912941,1.05,0.21794494717703372,4.15,0.4769696007084728,0
269,0.20133280079002938,0.1000340552903648,0.18487580975127232,0.025616858582555652,0.0009187734005329949,0.0005254317716031341,100.0,0.0,63.95,2.4181604578687494,1.1,0.3,4.1,0.5385164807134504,0
270,0.21464172193052494,0.09457916854181028,0.18215818663558347,0.025832725058157598,0.0008874248752879444,0.0005538449468530924,100.0,0.0,63.35,2.4550967394381837,1.05,0.21794494717703372,4.4,0.8602325267042626,0
271,0.22600613833405564,0.11272914387556555,0.17780845455085648,0.02624798355493036,0.0007203785965280251,0.0004590033024019101,100.0,0.0,64.4,3.4263683398023628,1.05,0.15,3.95,0.5894913061275798,0
272,0.20943545341204145,0.11405561976989213,0.18104308842667344,0.026691076298993536,0.0006147179481150748,0.00040446848222364324,100.0,0.0,63.8,3.558089374931439,1.075,0.23848480035423641,4.35,0.6538348415311012,0
273,0.18203416830160032,0.1082010138447247,0.18972939558318075,0.027501969419174863,0.0007121319228363718,0.0004541766488090422,100.0,0.0,64.4,2.5573423705088847,1.0,0.0,4.05,0.3840572873934304,0
274,0.18010668770504265,0.11559010615176692,0.1916762037917597,0.03193099454163839,0.0009545921126460652,0.0006761621403046799,100.0,0.0,63.15,2.4753787588973126,1.05,0.21794494717703372,4.4,0.9165151389911681,0
275,0.21577755345562313,0.16211209408964605,0.18504888029416638,0.042663806673472096,0.0011804960692774183,0.0009467395316293005,100.0,0.0,62.25,2.680951323690902,1.075,0.23848480035423641,4.25,0.698212002188447,0
276,0.24607123293558186,0.19555474535876066,0.17600454369845087,0.04543253390519656,0.0010933557966300868,0.0006786977534634355,100.0,0.0,62.45,2.4591665254715873,1.1,0.2549509756796392,4.45,0.9205976319760986,0
277,0.24635108236625167,0.19178564616264804,0.17726251702256138,0.0451142627122058,0.0008465323962566036,0.0005456749372797853,100.0,0.0,64.1,3.0149626863362666,1.0,0.0,4.0,0.4472135954999579,0
278,0.24398730277718167,0.17594414430303357,0.17780021710551228,0.044364463039113164,0.0007746389292736351,0.0006740702452952862,100.0,0.0,64.75,3.533765696816924,1.05,0.21794494717703372,4.0,0.7071067811865476,0
279,0.2426887062657826,0.15267769598191117,0.1751700717439188,0.03857698569212036,0.0007877829195970596,0.0005928254908217025,100.0,0.0,62.95,2.9406631905065224,1.125,0.3112474899497183,4.0,0.6324555320336759,0
280,0.22756008920622572,0.14061161847631498,0.17882268997765735,0.03602584624038817,0.0007688165144929212,0.0005232862879267807,100.0,0.0,63.65,2.7436289836637897,1.05,0.21794494717703372,4.15,0.6538348415311012,0
281,0.21192423107550978,0.12982062010527706,0.18205083431249125,0.03397963659506203,0.0009943621551251542,0.0005982483227829524,100.0,0.0,63.7,2.6476404589747453,1.05,0.21794494717703372,4.25,0.7664854858377946,0
282,0.21079232696051928,0.12823245675920447,0.18171717134811455,0.033538180755084926,0.0012977954677372038,0.0008139374395811956,100.0,0.0,63.35,3.1980462785894765,1.025,0.10897247358851683,4.25,0.698212002188447,0
283,0.2252614473407346,0.12376393898131881,0.1785400240781562,0.03442676055013871,0.001303123697854931,0.0010917570621347798,100.0,0.0,62.4,2.7820855486487113,1.025,0.10897247358851683,4.15,0.3570714214271425,0
284,0.2468219897132627,0.14140712555510138,0.17216882734708522,0.03525315233416373,0.0011564365869503642,0.0007671215530474727,100.0,0.0,63.1,4.253234063627348,1.15,0.32015621187164245,4.05,0.6689544080129826,0
285,0.24329957711807415,0.14141791081124494,0.17249830369235056,0.03424865504305405,0.001032189930291669,0.0006928764734263664,100.0,0.0,64.3,2.7766886753829643,1.05,0.21794494717703367,4.2,0.6782329983125268,0
286,0.24865557331568197,0.1657754216438501,0.17374953227413453,0.03774901668145516,0.0009978661041748008,0.0006409105293873225,100.0,0.0,62.6,2.764054992217051,1.125,0.3112474899497183,4.25,1.0428326807307104,0
287,0.2596743818685639,0.16548130239541492,0.17046247220574265,0.03717007287467459,0.0011142721637768217,0.0005972174114949987,100.0,0.0,62.4,3.583294573433783,1.1,0.2549509756796392,4.1,0.7681145747868608,0
288,0.27528150566284854,0.16434786875330415,0.165905529261028,0.036857721699320625,0.0011738673414352437,0.0004982424624541957,100.0,0.0,62.95,1.883480820183736,1.025,0.10897247358851683,4.0,0.7745966692414834,0
289,0.27226840626848675,0.15225814887818986,0.1658258912967921,0.0344130226777991,0.0010239890904771582,0.0007479226880806217,100.0,0.0,64.0,3.2093613071762426,1.125,0.3112474899497183,4.4,0.9695359714832658,0
290,0.25635113640286417,0.14593265026293836,0.16986797274888543,0.03485866277970175,0.0008590690133003162,0.0005688927399199224,100.0,0.0,64.1,3.4770677301427417,1.1,0.3,4.0,0.6324555320336759,0
291,0.24572203859750816,0.13898036148566167,0.172799692517666,0.03357825965020002,0.0008071850707600089,0.0005616522961642095,100.0,0.0,63.35,2.8857408061016145,1.0,0.0,4.2,0.7483314773547883,0
292,0.2372373826106761,0.15256780434612746,0.1769846497170104,0.038334978032557976,0.0007509399649790094,0.00045048281307321194,100.0,0.0,64.6,2.3748684174075834,1.05,0.2179449471770337,4.4,0.9165151389911679,0
293,0.2286281640277894,0.14097964958691225,0.17808290634305504,0.03567127902867616,0.000934948520634976,0.000567376147453762,100.0,0.0,62.75,3.404041715373065,1.1,0.3,4.2,0.5099019513592784,0
294,0.22016281102404375,0.13134329135138587,0.18120069002222977,0.03581430908473429,0.0008999385683848265,0.0004958086037291587,100.0,0.0,63.95,2.4794152536434875,1.05,0.21794494717703372,3.9,0.5385164807134504,0
295,0.2168104706265292,0.1211369966078007,0.1809323739088424,0.032927920654236074,0.0008791398547923436,0.00036608538693065206,100.0,0.0,62.4,1.9078784028338913,1.1,0.3,4.45,0.9205976319760986,0
296,0.21156377794861142,0.10448041421786619,0.18165223917920642,0.029193122537979836,0.000795016598500491,0.0004556832198144508,100.0,0.0,61.8,3.171750305430741,1.2,0.4,4.3,0.6403124237432849,0
297,0.21298262650219982,0.09065285152144777,0.17923805759381034,0.024424320987807044,0.0008118834379437723,0.0004119133498959654,100.0,0.0,63.45,2.765411361804967,1.075,0.23848480035423641,4.3,0.8426149773176358,0
298,0.2061010794523407,0.08694099567633866,0.18144993629119927,0.023140627681930984,0.0009690770968634724,0.000437159832133016,100.0,0.0,65.05,2.4591665254715873,1.025,0.10897247358851683,4.0,0.5477225575051661,0
299,0.20872256546640386,0.0935789457844276,0.18098414322155898,0.02463291985631014,0.0011326221872970843,0.0004865217239348788,100.0,0.0,63.95,3.1220986531498327,1.0,0.0,4.35,0.7262919523166976,0
300,0.2188608213055326,0.10069948904221525,0.17856454866163762,0.02792263130536456,0.0010730405171394094,0.0005611699381038734,100.0,0.0,64.05,2.011839953873071,1.0,0.0,4.2,0.6782329983125269,0
301,0.21540229449364995,0.10275096122317817,0.17872347590010942,0.029320014617137468,0.0010097989786293717,0.0007248675680052597,100.0,0.0,63.0,2.4698178070456938,1.0,0.0,4.15,0.7262919523166975,0
302,0.2088577042590968,0.09631930395880674,0.1791806785397056,0.026611143002950668,0.0010857111412842149,0.0007971103381416546,100.0,0.0,62.55,2.0365411854416298,1.15,0.3570714214271425,4.6,1.019803902718557,0
303,0.1963028953711436,0.09557011997070983,0.18345499967403275,0.028800611234924636,0.0011157572874251533,0.0008566998732745371,100.0,0.0,62.05,4.06786184622831,1.175,0.36314597615834876,4.15,0.5722761571129799,0
304,0.21041794236313277,0.0921335058313383,0.17958363399142527,0.025283308751917883,0.0009755309293553339,0.0008228226339752053,100.0,0.0,65.0,3.082207001484488,1.0,0.0,4.0,0.9486832980505138,0
305,0.2128329047201174,0.10744761671844016,0.18018871906397257,0.02812366313967442,0.0008329048148299365,0.0006008319792275975,100.0,0.0,64.5,2.0371548787463363,1.05,0.21794494717703372,4.05,0.4974937185533099,0
306,0.2041024428315664,0.10949622286766676,0.18347466523296965,0.030639138635482486,0.0007549226911830296,0.0005550532104599908,100.0,0.0,64.4,2.6532998322843193,1.0,0.0,4.3,0.714142842854285,0
307,0.1995145658821555,0.10788062647735522,0.18507323495676634,0.030089323384859867,0.0008103886913450757,0.0005634978396877464,100.0,0.0,62.75,2.7363296585024255,1.05,0.2179449471770337,4.2,0.6,0
308,0.20025208160601565,0.10236232550464432,0.1841193881473278,0.02817157155719166,0.0009624812246300018,0.0006118145438651246,100.0,0.0,62.9,3.1606961258558215,1.025,0.10897247358851683,4.2,0.7483314773547883,0
309,0.21421073743899527,0.10572109076601424,0.17895075404183264,0.026926566426130907,0.001069278708055638,0.0008168842109615704,100.0,0.0,62.3,2.882707061079915,1.05,0.21794494717703372,4.75,0.82915619758885,0
310,0.22774693440578594,0.12913489797979805,0.17643485349604845,0.03133248707465775,0.0009000303742941884,0.0006277349569508667,100.0,0.0,64.2,3.385262175962151,1.0,0.0,4.1,0.6244997998398398,0
311,0.22392903171734835,0.11504471793916668,0.17728873388652927,0.029964571500483272,0.0010763748752026683,0.0007102376306438919,100.0,0.0,64.45,2.15580611373101,1.0,0.0,4.1,0.6244997998398398,0
312,0.22774307051278112,0.10653053930603758,0.1755838432204763,0.028916651930405053,0.0010299368291490922,0.0005818528161101703,100.0,0.0,63.8,3.325657829663178,1.0,0.0,4.15,0.8529361054615991,0
313,0.2275857727556984,0.11074057051844165,0.1762808503355336,0.03096093746499245,0.0009367547994034665,0.0005437434088154061,100.0,0.0,63.7,2.5317977802344327,1.075,0.23848480035423641,4.35,0.7262919523166976,0
314,0.21884021866082026,0.10976885538628445,0.1783158139007431,0.030449668096145553,0.000846273752287007,0.0005472258970581137,100.0,0.0,63.15,3.9531632903283924,1.15,0.3570714214271425,4.2,0.812403840463596,0
315,0.22149454004634284,0.1203350680032239,0.17808167074072304,0.03237108054482806,0.0009348880634129234,0.00057295126367955,100.0,0.0,63.15,2.286372673034735,1.075,0.23848480035423641,4.1,0.6244997998398398,0
316,0.23078128084707444,0.12665947009087736,0.17593129736076668,0.033266260963637516,0.0010451557414945301,0.0005607885971143594,100.0,0.0,63.55,2.8892040426387338,1.0,0.0,4.25,0.698212002188447,0
317,0.2552396426808763,0.14819345766832023,0.17033621235431173,0.03610459405011891,0.0011357755584434537,0.0006126799311778066,100.0,0.0,63.1,2.9137604568666933,1.025,0.10897247358851683,4.4,0.9165151389911679,0
318,0.28034153326295186,0.17210003121125014,0.16581362460622795,0.04118870894728203,0.0010896300861627983,0.0006220870324619956,100.0,0.0,63.75,2.878801834096956,1.0,0.0,4.35,0.5722761571129799,0
319,0.28746376678863583,0.18128233984996597,0.16413432863218919,0.04165846023618686,0.001029792983800152,0.000541925599179439,100.0,0.0,63.15,2.5548972582082436,1.05,0.2179449471770337,4.3,0.6403124237432849,0
320,0.2924600552977502,0.19009391461844763,0.16335810687198926,0.0428017456004676,0.0008914046413186118,0.0005315861617400388,100.0,0.0,62.9,2.2781571499789037,1.025,0.10897247358851683,4.45,0.9733961166965891,0
321,0.2974649832343072,0.19506564322430947,0.16291798318121217,0.04427743494683768,0.0009562429535594363,0.0005657951379469632,100.0,0.0,63.05,3.1220986531498327,1.125,0.3112474899497183,4.1,0.7,0
322,0.3136783808444915,0.18662975809078505,0.1578466364661804,0.040453245642688554,0.0010264296047796167,0.0005289055257109894,100.0,0.0,62.55,2.3973944189473704,1.05,0.21794494717703372,4.65,0.653834841531101,0
323,0.32337684458684995,0.18444972672208473,0.15601297531051653,0.040105338534354516,0.000837638022254168,0.0003737461408511809,100.0,0.0,63.7,2.3895606290697042,1.075,0.23848480035423641,4.3,0.6403124237432849,0
324,0.3395852839123351,0.17278163030827293,0.1520658646107569,0.03669155230565223,0.0008073292587865436,0.0004483427859293158,100.0,0.0,63.65,2.286372673034735,1.1,0.2549509756796392,4.2,0.6782329983125268,0
325,0.35976931095107373,0.17124439098772914,0.14763326686852823,0.03673505347961495,0.0008035440444911833,0.0003296693863803197,100.0,0.0,63.15,2.372235232855292,1.05,0.21794494717703372,4.35,0.7921489758877431,0
326,0.35789080399635786,0.1629715348909588,0.147050308881105,0.03529430562390837,0.0007510049013259078,0.0003788698051942876,100.0,0.0,63.5,2.958039891549808,1.1,0.3,4.0,0.6324555320336759,0
327,0.35831416973752267,0.14662703574673175,0.14586851695788353,0.03172603818447864,0.0007978563571897091,0.0004974926846962287,100.0,0.0,63.55,2.836811590500857,1.0,0.0,4.0,0.7071067811865476,0
328,0.3667154732710349,0.13571998319926729,0.14347988290890937,0.029493010565847556,0.0009358753138472276,0.0005737922363177989,100.0,0.0,62.95,2.67348087705897,1.075,0.23848480035423641,4.1,0.5385164807134504,0
329,0.38248194657436274,0.12953854124262643,0.13979595003666706,0.02765582202004338,0.0011032216352225845,0.0005949249320906847,100.0,0.0,63.65,4.2340878592679205,1.15,0.3570714214271425,4.25,0.6224949798994366,0
330,0.41316030412674687,0.13472391575426407,0.13292164599030332,0.02689341832542948,0.0010625357233441679,0.0005264647022820967,100.0,0.0,63.9,2.947880594596735,1.025,0.10897247358851683,4.35,0.8529361054615991,0
331,0.41840966738306706,0.1398386972411823,0.13128341222170187,0.027655472790726193,0.0008933851059731267,0.00046306679050714487,100.0,0.0,63.45,2.801338965566288,1.1,0.3,4.35,0.5722761571129799,0
332,0.41137802961161923,0.13841110643916715,0.1322234868543494,0.028368500241238215,0.0009907332931497835,0.0004777329953109785,100.0,0.0,62.8,2.6191601707417593,1.025,0.10897247358851683,4.3,0.6403124237432849,0
333,0.41016882548601635,0.13033541323465853,0.13175783093483262,0.02741105020409701,0.0010991481442315452,0.00044409084413973555,100.0,0.0,63.7,2.7946377224964243,1.075,0.23848480035423641,4.3,0.8426149773176358,0
334,0.4222694023963801,0.1304948431177958,0.12937945936001155,0.028087250557312912,0.0011797748240219262,0.0005400301859668374,100.0,0.0,64.1,3.6041642581880198,1.0,0.0,4.4,1.0198039027185568,0
335,0.43583401702909674,0.1444996608417753,0.12631349440032089,0.03198692232574816,0.0012185666526991544,0.0005731329033965413,100.0,0.0,62.9,3.7403208418530087,1.175,0.36314597615834876,4.3,0.45825756949558405,0
336,0.4424694885086085,0.15830943933104782,0.1250313450895006,0.03381581793624987,0.0010982094382994503,0.0006078275934142605,100.0,0.0,63.95,3.7212229172679243,1.175,0.36314597615834876,4.45,0.6689544080129827,0
337,0.43864812449306373,0.15553105893914781,0.12479029559819818,0.03454045306846879,0.001154091103885925,0.0006665127118967324,100.0,0.0,64.6,2.9051678092667896,1.025,0.10897247358851683,4.15,0.6538348415311009,0
338,0.44305406754868903,0.1482787998606881,0.12374893299327952,0.031677699615936666,0.0010930954145750957,0.0005656053873422224,100.0,0.0,63.5,2.5199206336708304,1.0,0.0,4.2,0.6,0
339,0.4383205478244747,0.14512775578870696,0.12566632373862902,0.02991293178643996,0.0010299570949680518,0.0005351492862139947,100.0,0.0,64.15,2.688401011754013,1.025,0.10897247358851683,4.1,0.6244997998398398,0
340,0.44786877774875605,0.15086475324771936,0.12359974765273649,0.03072575947560304,0.0010663956238610036,0.0005524411771865677,100.0,0.0,62.75,2.8262165522125158,1.05,0.21794494717703372,4.05,0.6689544080129826,0
341,0.4697792510821805,0.16508004044583627,0.1194969304418724,0.03330372799979259,0.0009960586554317653,0.0004326795556252563,100.0,0.0,63.35,3.365635155509284,1.125,0.3112474899497183,4.25,0.7664854858377946,0
342,0.47669760749213247,0.16664534098005668,0.11755924532810769,0.03337613942698184,0.001059390393960744,0.00042261141521772867,100.0,0.0,62.25,3.6314597615834874,1.1,0.3,4.25,0.7664854858377946,0
343,0.4876488482461786,0.16460274524033067,0.11487792669845556,0.03240911746897993,0.0011225390094018986,0.0005419880826064829,100.0,0.0,63.95,2.5782746168707478,1.025,0.10897247358851683,4.05,0.8645808232895291,0
344,0.4928779211696592,0.16147535617306694,0.11375307701104057,0.03081458826407325,0.0010838723497961955,0.0006018815336043165,100.0,0.0,62.4,2.4166091947189146,1.0,0.0,4.3,0.45825756949558405,0
345,0.500756375150078,0.16406475100769516,0.11272255912657163,0.03127934768508294,0.0010758073777735334,0.000574813277975807,100.0,0.0,63.15,3.48245602987317,1.1,0.3,4.4,0.8602325267042626,0
346,0.5165322259681322,0.16186102213614556,0.1103036230763967,0.03046110006881611,0.0010409444966753738,0.0005144784920134849,100.0,0.0,63.8,3.4727510708370675,1.15,0.3570714214271425,3.85,0.5722761571129799,0
347,0.52495111954452,0.15576513563036207,0.10905319084619955,0.028652685263606793,0.001087021749205555,0.0005879767849059658,100.0,0.0,64.1,3.064310689208912,1.0,0.0,4.3,0.7810249675906654,0
348,0.5373684216694526,0.15401587000879707,0.1067887865287265,0.027927734737085465,0.0011058490066611771,0.0006807238495312516,100.0,0.0,63.65,2.43464576478797,1.05,0.21794494717703372,4.05,0.5894913061275798,0
349,0.5625286974039477,0.15464882880360997,0.10234943818653741,0.028197079480209237,0.001028333283942558,0.0006757040302957137,100.0,0.0,63.55,2.940663190506523,1.0,0.0,4.3,1.0049875621120892,0
350,0.5721282749067835,0.1455919186278391,0.1010634960211286,0.026294884983792906,0.000921085180284649,0.0006331938656273293,100.0,0.0,62.9,2.5278449319529077,1.05,0.21794494717703372,4.45,0.9205976319760986,0
351,0.5898432340351867,0.14471619703988647,0.09824593696525405,0.026641185536093123,0.0007950567719454554,0.0005113267977094923,100.0,0.0,63.1,1.9723082923316022,1.05,0.21794494717703372,4.2,0.8124038404635961,0
352,0.6046550340074498,0.14182080965765423,0.09462028908062296,0.025912314235184815,0.0008556287153270451,0.0005400327296238498,100.0,0.0,63.8,3.171750305430741,1.075,0.23848480035423641,4.55,0.6689544080129827,0
353,0.6107430718316605,0.14077397931743887,0.0932153485318171,0.025635939674676866,0.0008589895456794349,0.0006555428603931843,100.0,0.0,63.9,3.047950130825634,1.025,0.10897247358851683,4.15,0.7262919523166975,0
354,0.6182200935395922,0.1306135684882238,0.09074800126407274,0.023717912628552308,0.0009635655533072482,0.0007210185465595435,100.0,0.0,63.0,2.9832867780352594,1.1,0.3,4.2,0.8124038404635961,0
355,0.6202534063691968,0.12769143867060673,0.09007370922320658,0.02409486890062495,0.0009716768124116086,0.0006675520318214489,100.0,0.0,63.1,2.930870177950569,1.05,0.21794494717703372,4.5,0.8660254037844386,0
356,0.6278954556386577,0.12935205204955194,0.08757599042289435,0.02508888710343119,0.0010369904597718384,0.0006516221756048178,100.0,0.0,63.35,2.903015673398957,1.05,0.21794494717703372,4.35,0.653834841531101,0
357,0.6322033573588325,0.13173609402233072,0.08636210546543939,0.02550948636237658,0.0010651149337348423,0.0006072329220588337,100.0,0.0,63.1,2.3430749027719964,1.05,0.21794494717703372,4.3,0.5567764362830021,0
358,0.6390657386295093,0.1272356011851316,0.08478813353457887,0.024940485718005084,0.0010758475433553431,0.0005763313328209933,100.0,0.0,63.45,2.836811590500857,1.1,0.3,4.15,0.47696960070847283,0
359,0.6571481520115187,0.12629588018544552,0.08126872804822159,0.025289146601112828,0.001051479537929144,0.0005612600454309402,100.0,0.0,62.95,2.3973944189473704,1.05,0.21794494717703372,4.1,0.6244997998398398,0
360,0.6690568296726549,0.1242300632389385,0.07921904889786364,0.025610453756967147,0.001004956183214378,0.00046953314196213997,100.0,0.0,64.2,2.0639767440550294,1.05,0.21794494717703372,4.0,0.6324555320336759,0
361,0.6909957111056845,0.11919028393371149,0.0750703216939393,0.024334227699644183,0.00100447542955702,0.00047514789997751697,100.0,0.0,63.7,3.716180835212409,1.15,0.3570714214271425,4.05,0.804673846971554,0
362,0.7150435796040091,0.11379905948336183,0.07098200674391195,0.0224982592538361,0.0009531534687803563,0.000409994884211331,100.0,0.0,62.5,2.247220505424423,1.025,0.10897247358851683,4.2,0.6,0
363,0.727080553500444,0.11954885585055007,0.06871476206621477,0.022331917030821012,0.0009581059891718393,0.0004960247332480234,100.0,0.0,62.3,3.7696153649941526,1.15,0.3570714214271425,4.05,0.5894913061275798,0
364,0.7364837434281077,0.11052199278584124,0.06745637250939107,0.02010542979562617,0.0009119943773226718,0.0004867766528476014,100.0,0.0,64.7,3.132091952673165,1.0,0.0,4.15,0.6538348415311012,0
365,0.7542635504259964,0.09656904002765797,0.06402501504091093,0.01717804376691649,0.0009215893537276832,0.0005526684802990031,100.0,0.0,63.45,2.9912372022292053,1.05,0.21794494717703372,4.45,0.8645808232895291,0
366,0.7685866772224323,0.08348450191540689,0.06083021216081519,0.01600344612687001,0.0009084616327527282,0.0004970165179000243,100.0,0.0,62.75,2.878801834096956,1.1,0.3,4.05,0.739932429347437,0
367,0.7834906298337957,0.07724987449136467,0.05692695433615784,0.01488158171033316,0.0009383730845673158,0.000505736494177278,100.0,0.0,63.75,3.2384409829422554,1.075,0.23848480035423641,4.1,0.7000000000000001,0
368,0.8009832063748835,0.06856952258136646,0.053712606535990026,0.015035943658939368,0.000850856565874153,0.00042249869556250597,100.0,0.0,63.45,3.6670833096617805,1.075,0.23848480035423641,4.2,0.7483314773547883,0
369,0.8110501855819185,0.06488234888656846,0.05108020132490354,0.01628125464343107,0.0008265860447572174,0.0003735676842081904,100.0,0.0,63.45,3.2011716605018234,1.05,0.2179449471770337,4.05,0.49749371855331004,0
370,0.8176170333474095,0.06515564808487163,0.04917288807409097,0.015762588181705863,0.0008175420822709608,0.0003686454438151464,100.0,0.0,64.1,2.844292530665578,1.05,0.15,4.25,0.698212002188447,0
371,0.8256607701503208,0.06469721803281178,0.04752184028743119,0.016721213347318204,0.0007697902297909918,0.0003373539067466368,100.0,0.0,63.85,3.1666228067138023,1.0,0.0,4.15,0.6538348415311009,0
372,0.8384773712268881,0.06382987878546688,0.044064119888661,0.01716133762429136,0.0007490785215579849,0.0002966343559810703,100.0,0.0,63.75,1.8131464364468746,1.05,0.21794494717703372,3.95,0.5894913061275798,0
373,0.8468439086488152,0.06388064021649709,0.04188538663767245,0.01726510115735474,0.0007339569220706375,0.00028983109542888945,100.0,0.0,63.25,2.5273503912200224,1.05,0.21794494717703372,4.15,0.653834841531101,0
374,0.8531281862008842,0.06220714784178391,0.04027284644238204,0.017274920057239067,0.0007166062422577762,0.00024049550356120437,100.0,0.0,64.4,3.307567081708245,1.05,0.21794494717703372,4.0,0.5477225575051661,0
375,0.8579248178374529,0.055662008662818244,0.03943027473236639,0.016680103819291654,0.0006996612552694746,0.0002749967619103351,100.0,0.0,64.85,3.5252659474144643,1.075,0.23848480035423641,4.35,1.1947803145348521,0
376,0.8681378997018244,0.052105041161376035,0.036516120790723375,0.01557523335531514,0.0007002966535012026,0.0002273573138740168,100.0,0.0,63.8,3.2186953878862163,1.05,0.21794494717703372,4.15,0.7921489758877431,0
377,0.8743417155592592,0.05286223771765394,0.0343818218484724,0.014056487007017091,0.0007326668584729039,0.00029620449654141345,100.0,0.0,62.75,3.2384409829422554,1.025,0.10897247358851683,4.3,0.7810249675906654,0
378,0.8785758444657945,0.050797835905496,0.03164933853770265,0.014820648286433135,0.0007688496580538554,0.00031936764064803585,100.0,0.0,64.05,3.667083309661781,1.05,0.21794494717703372,4.15,0.7262919523166975,0
379,0.8884804336426274,0.0431912682213214,0.02980460721267128,0.013093016377042747,0.0007268455049252297,0.0002866530774274407,100.0,0.0,63.95,3.3834154341434335,1.075,0.23848480035423641,4.3,0.8426149773176358,0
380,0.8906324579223928,0.03940796191534203,0.029537990364713423,0.012207329381565006,0.000719647559905757,0.0002268664481114078,100.0,0.0,63.05,2.8543825952384165,1.0,0.0,4.2,0.7483314773547882,0
381,0.8970591720633067,0.04192708948918689,0.02769162049687642,0.01275230489166466,0.0006801732648365836,0.00025390351052447305,100.0,0.0,63.4,2.6720778431774774,1.15,0.3570714214271425,4.2,0.812403840463596,0
382,0.899028658012756,0.041489621714086974,0.025595105187311146,0.011709767297218676,0.0007342372084024181,0.0003438675561242533,100.0,0.0,62.85,2.8155816450602176,1.075,0.23848480035423641,4.25,0.82915619758885,0
383,0.9023103860982113,0.03632354880443749,0.02421533825980591,0.011649206966174525,0.0007301564427433709,0.0002927956898826762,100.0,0.0,62.0,2.792848008753788,1.05,0.21794494717703372,4.25,0.7664854858377946,0
384,0.9078149226785133,0.03580151013958074,0.023349612362678192,0.01037583095875192,0.0006905762622555891,0.0003272231584470246,100.0,0.0,62.3,2.968164415931166,1.1,0.3,4.5,0.7416198487095663,0
385,0.912662410211151,0.028733165534415402,0.02125195737722369,0.01025324443325337,0.0006813514261150463,0.00027742912312961527,100.0,0.0,64.1,3.491418050019218,1.15,0.3570714214271425,3.9,0.7681145747868608,0
386,0.9157284534815704,0.03016086673088928,0.021641494622627787,0.007917052336776228,0.0006603678406798435,0.00028210876229123,100.0,0.0,63.25,3.222964473896664,1.1,0.3,4.25,0.82915619758885,0
387,0.9142926607623545,0.027327922349914803,0.02163834451048372,0.007243423791010838,0.0006854342305964481,0.00027684639467064775,100.0,0.0,63.95,2.4387496796514396,1.0,0.0,4.15,0.7262919523166976,0
388,0.91711014198985,0.027536612730319907,0.021082172280799696,0.006270841348757863,0.0006732164296599399,0.00031001460890071696,100.0,0.0,63.5,2.80178514522438,1.05,0.21794494717703367,4.25,0.82915619758885,0
389,0.9189611233861432,0.02983913625476553,0.0219538221197642,0.006845108510674557,0.0006319417617660126,0.00028568766996047356,100.0,0.0,63.75,2.7726341266023544,1.1,0.2549509756796392,4.35,0.5722761571129799,0
390,0.9150008834780673,0.032277665042292805,0.022973011349973205,0.006922696939146072,0.0006522013930160511,0.00033088898863592773,100.0,0.0,63.45,2.81913107180209,1.05,0.2179449471770337,4.1,0.6244997998398398,0
391,0.9144364981906866,0.02740038046500035,0.022822731224997703,0.00796883942901675,0.0006609495634643023,0.0002894835368694536,100.0,0.0,63.3,3.0512292604784714,1.0,0.0,4.35,0.6538348415311012,0
392,0.9080870343722219,0.03135400033282161,0.02391930707264401,0.010140388569071339,0.0007042291524041559,0.00035670016550931496,100.0,0.0,63.8,2.9933259094191524,1.1,0.3,4.1,1.1789826122551597,0
393,0.9067741015911235,0.0315105062987095,0.024493418698755105,0.011252021714885487,0.0006961641035348061,0.0003207403227519606,100.0,0.0,63.8,2.5999999999999996,1.05,0.21794494717703372,4.9,1.1789826122551597,0
394,0.9071944588964402,0.031948069085022755,0.02726075375148786,0.011660089532166872,0.0006118519791163956,0.0002550563995923025,100.0,0.0,63.05,3.761316258971054,1.05,0.15,4.15,0.7262919523166976,0
395,0.9015914682015891,0.03485027118087452,0.029503314050318735,0.011172286367109076,0.000617575088650417,0.00031041785203036467,100.0,0.0,62.85,2.5937424698685874,1.125,0.3112474899497183,4.15,0.5722761571129799,0
396,0.8938587662293502,0.04263828421093891,0.03244080327597912,0.012237523552932785,0.0006081671898578081,0.0002863019437042189,100.0,0.0,63.4,3.246536616149586,1.125,0.3112474899497183,4.35,0.6538348415311012,0
397,0.8873542532966144,0.045947410091903486,0.035830684853994155,0.012405742098063851,0.0005568559597912943,0.0002504234179679531,100.0,0.0,62.9,3.047950130825634,1.05,0.21794494717703372,4.65,0.7921489758877431,0
398,0.8807700744872602,0.04725430912548013,0.038668227840157936,0.012536444632591204,0.0005135874390366673,0.00017186550247474356,100.0,0.0,63.35,2.4550967394381837,1.05,0.21794494717703367,4.05,0.5894913061275798,0
399,0.8675687225309885,0.052457184001089806,0.042205638301028144,0.012185204032191187,0.0005439080457461376,0.00021873977916669283,100.0,0.0,62.85,2.4550967394381833,1.05,0.2179449471770337,4.4,0.8,0
400,0.8558732628660278,0.057994582428048974,0.044702388570598196,0.013510958231631195,0.0005619111269647875,0.00024430866556784546,100.0,0.0,62.55,3.0736785778607367,1.05,0.21794494717703372,4.2,0.5099019513592784,0
401,0.8411863645738636,0.057688152932265806,0.04844472321337867,0.012649916847302312,0.0005814682107111453,0.00024783658556438813,100.0,0.0,63.85,2.414021540914662,1.1,0.3,3.95,0.804673846971554,0
402,0.8252407818224141,0.057890920797072754,0.0521228429057316,0.011430986553867309,0.0006208007096953018,0.0003116216422446365,100.0,0.0,63.75,3.5899164335677787,1.1,0.3,4.15,0.9630680142129111,0
403,0.8051403938268686,0.062390634765069036,0.05694122362420997,0.012363592959219292,0.0006018206645024586,0.0002635463057474895,100.0,0.0,62.85,2.5352514668174435,1.1,0.3,4.15,0.4769696007084728,0
404,0.7906304918695634,0.057720304873875,0.0593367369245674,0.011262182756089659,0.0006465253563564444,0.0002985490309840658,100.0,0.0,63.65,2.6884010117540127,1.05,0.21794494717703372,4.2,0.6,0
405,0.7670986088550814,0.05343343785490436,0.06390287246440153,0.010831130940755973,0.0006903273084378546,0.0003438060006526224,100.0,0.0,63.4,2.8000000000000003,1.05,0.21794494717703372,4.15,0.7262919523166975,0
406,0.7412414316082243,0.054171904594544004,0.06901856965214286,0.010532005015961427,0.0007328307334575255,0.00039845667353897676,100.0,0.0,62.65,4.162631379308046,1.15,0.32015621187164245,4.1,0.8888194417315588,0
407,0.7217018689038923,0.058370376672506205,0.07297816300377016,0.010753434604113382,0.0007329040314220324,0.0003491301509992838,100.0,0.0,63.95,2.8892040426387333,1.0,0.0,4.35,0.7262919523166976,0
408,0.694924234472191,0.06666618745852457,0.07790800914497382,0.012698257552551453,0.0007269148829697013,0.00032581916315804754,100.0,0.0,63.05,3.0736785778607367,1.15,0.3570714214271425,4.25,0.4330127018922193,0
409,0.6737259916253517,0.07408007907799417,0.08154946930056756,0.013781787220165992,0.000750837087955985,0.0003811973300063774,100.0,0.0,63.25,3.031088913245535,1.075,0.23848480035423641,4.3,0.45825756949558405,0
410,0.6574741461612533,0.08357370199665728,0.08421386660247239,0.015456432554583443,0.0008134356239249527,0.00040744129522655726,100.0,0.0,64.15,2.7798381247835278,1.0,0.0,4.25,0.9420721840708386,0
411,0.6427697841436264,0.09086582671939906,0.08695769035710502,0.016415759619541538,0.0008321181883917388,0.00041687787547486194,100.0,0.0,62.55,2.7290108097990378,1.15,0.3570714214271425,4.15,0.7262919523166975,0
412,0.6257407441328944,0.0975630055376056,0.08996781910985954,0.017855808592442887,0.0008614488683917404,0.00045982660010153507,100.0,0.0,62.95,3.0244834269673224,1.075,0.23848480035423641,4.2,0.8717797887081348,0
413,0.6168925362849418,0.09949287381410679,0.0911811954732976,0.01784268265866231,0.000950722072044279,0.0004648072966604737,100.0,0.0,64.65,2.903015673398957,1.0,0.0,4.3,0.5567764362830021,0
414,0.6103422087524952,0.10489972379481838,0.0925689317391712,0.019524605769168132,0.0009498595698028215,0.00039055239517486794,100.0,0.0,63.75,2.5074887836239665,1.0,0.0,4.35,0.7262919523166975,0
415,0.6073711160173783,0.10672967501059513,0.09325024140388466,0.01943392757320935,0.0009948978809184092,0.0003741461046110026,100.0,0.0,63.85,2.286372673034735,1.05,0.21794494717703367,4.2,0.5099019513592784,0
416,0.5983479282287851,0.10343126128642179,0.09515040945955756,0.01833884300244451,0.0009772331769701066,0.0004224368287568084,100.0,0.0,63.05,3.169779172119093,1.075,0.23848480035423641,4.25,0.698212002188447,0
417,0.58942198456165,0.10006457994387596,0.09657513297904262,0.017405238655743147,0.00101172639514077,0.0004846633256825964,100.0,0.0,65.4,2.672077843177477,1.0,0.0,4.25,0.698212002188447,0
418,0.5826426806097679,0.09297213849294877,0.0974450734968223,0.016706390916660534,0.0010018584996711285,0.0005538328910559312,100.0,0.0,62.55,3.5843409436045564,1.05,0.21794494717703372,4.3,0.8426149773176358,0
419,0.5729247808320941,0.09397966201029279,0.0992693050396252,0.017487764894844805,0.0009370560383709113,0.00048493688513651014,100.0,0.0,61.8,3.043024810940588,1.2,0.4,3.95,0.5894913061275798,0
420,0.544293998299225,0.09063931688825895,0.1039431182454494,0.01696868073348198,0.0010214634954588213,0.00048554782105288173,100.0,0.0,64.25,2.624404694402142,1.05,0.21794494717703372,4.05,0.6689544080129826,0
421,0.5321897016078216,0.09536904547387476,0.10518369663713667,0.017471439634395715,0.0011941847690507441,0.0006802165301409643,100.0,0.0,63.75,2.299456457513384,1.0,0.0,4.25,0.5361902647381804,0
422,0.5237955414074909,0.10274171933519355,0.1066017914901218,0.019203144721195078,0.0012669533052306948,0.0007573759662695884,100.0,0.0,63.9,3.7403208418530087,1.125,0.3112474899497183,3.95,0.4974937185533099,0
423,0.5171375951113693,0.12431958179036744,0.10790348440084208,0.024083655757166395,0.0013197771929912578,0.0008141813973894226,100.0,0.0,62.6,4.1521078984053394,1.2,0.4,4.15,0.9096702699330127,0
424,0.5280088735881445,0.1476877425887476,0.10629215894984205,0.030410174208058367,0.0013190140543381974,0.0007647020909077955,100.0,0.0,63.9,2.5670995305986875,1.025,0.10897247358851683,4.1,0.43588989435406733,0
425,0.5362884964763536,0.16168559110943442,0.10536452171962674,0.03300019432216044,0.0012744202983049806,0.0007566515148820774,100.0,0.0,62.5,3.0413812651491097,1.1,0.3,4.65,0.9096702699330126,0
426,0.5492256010962409,0.17231773604702627,0.10438190895173147,0.03511569833042704,0.0011637036251867835,0.0005475401873370173,100.0,0.0,63.0,2.569046515733026,1.05,0.15,4.1,0.7,0
427,0.5454520647262846,0.16985139047796172,0.1064251659024412,0.03340704937065897,0.0010493005357721074,0.0004696226958550691,100.0,0.0,63.95,3.528101472463625,1.05,0.21794494717703372,4.25,0.5361902647381804,0
428,0.5376615603088772,0.16044321047373858,0.10834378816413251,0.03150934545444279,0.000933737720614574,0.0005621821217008406,100.0,0.0,63.6,3.023243291566195,1.05,0.21794494717703372,4.3,0.6403124237432849,0
429,0.5197650842903666,0.14699688687894624,0.1121638504190849,0.02793175910673814,0.000842507991284637,0.0005030166470239937,100.0,0.0,62.45,2.836811590500857,1.15,0.3570714214271425,4.2,0.6782329983125269,0
430,0.4923546776230244,0.13694085296201627,0.11732571635772589,0.02560691193094923,0.0007292253062781657,0.0005171569117324068,100.0,0.0,63.55,2.132486811213612,1.1,0.2549509756796392,4.2,0.6782329983125268,0
431,0.45648037375494627,0.13067526066786073,0.12358730438527424,0.02465013115399873,0.0007915833680946629,0.0004987205975611555,100.0,0.0,62.55,3.169779172119093,1.125,0.3112474899497183,4.1,0.5385164807134504,0
432,0.42548045950458063,0.13026133735437923,0.1290495732703735,0.0236213697117224,0.0008233362824123502,0.0005999962169551252,100.0,0.0,63.95,2.4994999499899975,1.05,0.21794494717703372,4.05,0.6689544080129826,0
433,0.39609775735675307,0.12593790136405722,0.1351083842233939,0.02349440540653503,0.0008857911762078391,0.00057859672473536,100.0,0.0,63.4,3.6660605559646724,1.1,0.3,4.25,0.5361902647381804,0
434,0.37828946027899163,0.11147544651927302,0.1384842148870626,0.022052704815857447,0.0010514059507899846,0.0005710944115416098,100.0,0.0,63.2,3.3105890714493693,1.075,0.23848480035423641,4.15,0.6538348415311012,0
435,0.3720600174033672,0.10943315545179663,0.1400434671469149,0.021943813090995495,0.0010189347198100598,0.0005853499345721988,100.0,0.0,64.0,3.40587727318528,1.05,0.21794494717703372,4.15,0.6538348415311012,0
436,0.36468428795520735,0.12917784033714053,0.14139638249631437,0.02648955035405574,0.0009795742777468446,0.0006289531284662803,100.0,0.0,64.65,2.2863726730347356,1.05,0.21794494717703372,4.2,0.39999999999999997,0
437,0.3550048958232248,0.1340027912953664,0.14354491772906336,0.028911439139357082,0.0010331885664280034,0.0007014339904143066,100.0,0.0,62.75,3.1444395367060247,1.05,0.21794494717703372,4.3,0.7810249675906654,0
438,0.35937244639912447,0.15381216462741104,0.14370704219814195,0.033444589396769,0.0010185805440755162,0.0005919014320333929,100.0,0.0,63.1,2.826658805020514,1.0,0.0,4.55,0.6689544080129827,0
439,0.3511907667822788,0.16546594576481558,0.14656647348791363,0.035587003455636326,0.0009922328483670411,0.0004345688138866779,100.0,0.0,63.85,2.868361901852694,1.025,0.10897247358851683,4.25,0.5361902647381804,0
440,0.3591234976062029,0.16793562783728988,0.14508160013049903,0.03519046824579821,0.0010470307978185087,0.0005067659397909907,100.0,0.0,63.2,2.712931993250107,1.1,0.3,4.05,0.804673846971554,0
441,0.3592627986859026,0.1787107908322985,0.1445933846642186,0.03692220119215528,0.001102567882738225,0.0006466117270449509,100.0,0.0,63.25,2.1880356487041066,1.025,0.10897247358851683,4.55,0.6689544080129827,0
442,0.35372809072308653,0.16955891201937542,0.14551435114071115,0.033890768739758166,0.001114867870838848,0.000762139267443702,100.0,0.0,62.85,3.365635155509284,1.1,0.3,4.15,0.47696960070847283,0
443,0.346628150494648,0.16646839057580828,0.1479497768087112,0.03425374502951103,0.001011134372836627,0.0006839205324761795,100.0,0.0,62.15,3.335790760824186,1.1,0.25495097567963926,4.5,1.118033988749895,0
444,0.33812255168565825,0.15668573380364004,0.15017760881032433,0.03310521106890901,0.0008240489760721727,0.0004926731334231586,100.0,0.0,65.35,2.903015673398957,1.0,0.0,4.05,0.6689544080129826,0
445,0.31839880219822486,0.14100838064104004,0.15437125499628282,0.03193392082550936,0.0007307293536301578,0.00044951897162217837,100.0,0.0,62.85,3.5815499438092444,1.05,0.15,4.3,0.8426149773176358,0
446,0.29652381009612744,0.13815272991136668,0.15931465321249424,0.032328471868783695,0.0006560596213099188,0.00039181087055995076,100.0,0.0,62.95,2.9406631905065224,1.025,0.10897247358851683,4.3,0.5567764362830021,0
447,0.2767670406320281,0.13256267069563374,0.16452591147390547,0.03269889847501044,0.0007175267627686311,0.00040461368377228473,100.0,0.0,61.85,3.1348843678834477,1.125,0.3112474899497183,3.85,0.3570714214271425,0
448,0.2763610080872174,0.14007824340410177,0.16435670819448997,0.03191149580796158,0.0009064743519271072,0.0005833024738737059,100.0,0.0,64.05,3.3537292675468007,1.0,0.0,4.2,0.812403840463596,0
449,0.28311133195245053,0.1437877731636546,0.16270293988870327,0.03204168929292477,0.001039342322466655,0.0006562539970248487,100.0,0.0,62.85,2.8508770580296865,1.1,0.3,4.25,0.82915619758885,0
450,0.2871676118110114,0.13719639900664515,0.16144582988621084,0.030579477758689418,0.0009724614069963862,0.0005346726367381427,100.0,0.0,63.65,2.937260628544903,1.05,0.21794494717703372,4.2,0.812403840463596,0
451,0.2750932079794332,0.13525401814523122,0.16473902311170768,0.03244464294336388,0.0008456667929293369,0.0004966056338030417,100.0,0.0,62.55,2.923610781208744,1.025,0.10897247358851683,4.35,0.8529361054615991,0
452,0.26410403271335126,0.12893843463550367,0.16729631626657493,0.03187372406874398,0.0008529807873550862,0.0005701784994393184,100.0,0.0,62.65,3.08666486681013,1.05,0.21794494717703372,4.35,0.9630680142129111,0
453,0.24612065230324612,0.1307097034469964,0.17287386368209984,0.03343406824556989,0.0008470978292948308,0.0005585542420149317,100.0,0.0,64.05,3.201171660501823,1.05,0.21794494717703372,4.1,0.7000000000000001,0
454,0.23756489478719417,0.11784111618816218,0.1748416154197588,0.031029055018459355,0.0010092903056294067,0.00047507115186600223,100.0,0.0,63.55,2.97447474354717,1.0,0.0,3.95,0.5894913061275798,0
455,0.2349051985968326,0.09994805596529535,0.17420870880330658,0.026197863150989882,0.0009475865239549595,0.0005289414035982597,100.0,0.0,62.8,3.501428280002319,1.05,0.21794494717703372,4.4,0.9165151389911681,0
456,0.22970120277176367,0.09179180752601213,0.175581501106086,0.025065410611520355,0.0009713885707052733,0.000585219512496385,100.0,0.0,62.55,2.7106272336859605,1.0,0.0,4.15,0.47696960070847283,0
457,0.22770304046980133,0.10073502151728515,0.17664176598530315,0.026565936505293996,0.00088428283214868,0.0005046607883745459,100.0,0.0,63.65,4.138538389335056,1.025,0.10897247358851683,4.35,0.7262919523166975,0
458,0.22112379048828906,0.11695739081500979,0.17948685962247604,0.029840369640415965,0.0007541155051719005,0.00047189214963251733,100.0,0.0,62.65,3.118894034750139,1.05,0.21794494717703372,4.7,0.9539392014169458,0
459,0.21775397315266595,0.1332651023963486,0.1824980360184894,0.035859138176277075,0.0008069859647899223,0.0005084076983054392,100.0,0.0,64.65,2.5743931323712004,1.0,0.0,4.25,0.82915619758885,0
460,0.24378852685285884,0.12328551819666651,0.173777899750606,0.030443745991408967,0.0008803604558780591,0.0004229457449392369,100.0,0.0,63.65,3.380458548777074,1.025,0.10897247358851683,4.2,0.7483314773547883,0
461,0.24136861519238365,0.12596976246340622,0.1742726119167563,0.03185208187209787,0.0008322321902249722,0.0004818003376735411,100.0,0.0,63.75,2.48746859276655,1.025,0.10897247358851683,4.2,0.7483314773547883,0
462,0.23672749537912194,0.13402796789516846,0.17537400985682594,0.03408615915297085,0.0008325173835360149,0.0005491656558954203,100.0,0.0,64.15,3.380458548777074,1.1,0.3,4.05,0.6689544080129826,0
463,0.22845110551487938,0.1423214731719039,0.17830666500868775,0.037393194037718264,0.0009278034925832258,0.0006492433409589231,100.0,0.0,63.45,2.9064583258667245,1.1,0.3,4.05,0.6689544080129826,0
464,0.21813814113502766,0.13475059034701922,0.1797254042232611,0.03527779591821923,0.0010180341238820983,0.0007517575241728455,100.0,0.0,65.25,3.222964473896664,1.05,0.21794494717703372,3.95,0.49749371855331004,0
465,0.21124695173279343,0.12114171987773895,0.17978622670526082,0.031182990185865414,0.0011873698374005384,0.0009028332832052965,100.0,0.0,65.2,2.976575213227443,1.0,0.0,4.0,1.0488088481701516,0
466,0.2091444981537319,0.12220792868303984,0.18258863418756638,0.03275182488297467,0.0010231139689330956,0.0006296214128134581,100.0,0.0,64.05,3.1220986531498327,1.075,0.23848480035423641,4.1,0.7000000000000001,0
467,0.21307825871143696,0.11376197792251252,0.1812892369728372,0.03119977939489258,0.0010180978987079884,0.0006980181640920079,100.0,0.0,63.15,3.8114957693797855,1.15,0.3570714214271425,4.15,0.7921489758877431,0
468,0.22746290034405464,0.10370582886269362,0.17588974226748427,0.028619006564780253,0.0012979802040753246,0.0009547631134414191,100.0,0.0,64.95,3.040970239906994,1.025,0.10897247358851683,4.0,0.5477225575051661,0
469,0.23868347477909407,0.13010801442461997,0.17420561820442498,0.03290498573648025,0.0011513607562395416,0.000707204504293295,100.0,0.0,63.35,2.6509432283623124,1.05,0.2179449471770337,4.05,0.49749371855331004,0
470,0.2421665886004945,0.1487376373172191,0.17410755060404925,0.03529644633142689,0.0009701337289037649,0.0005215609585433474,100.0,0.0,62.45,2.7290108097990378,1.1,0.3,4.2,0.6,0
471,0.23070618967990303,0.14615238707585107,0.17825057399402047,0.038476490791667664,0.0009114525088992117,0.0005783637427557508,100.0,0.0,63.2,3.709447398198282,1.025,0.10897247358851683,4.45,0.9733961166965892,0
472,0.21606145230295182,0.13071322935988594,0.18014677379434046,0.03667010069459676,0.000955792721529209,0.0008987420351816106,100.0,0.0,61.85,3.7719358425084595,1.075,0.23848480035423641,4.4,0.9695359714832658,0
473,0.2007332139647035,0.11203112468507194,0.1834886855473839,0.03245135642442692,0.0011462851862490476,0.0008477942131482044,100.0,0.0,63.55,3.2935543110748915,1.05,0.21794494717703372,4.15,0.47696960070847283,0
474,0.2037788377056668,0.11286925434597025,0.1831628660140957,0.03241627594583411,0.0010488600091729326,0.0008108870134105988,100.0,0.0,63.2,3.009983388658482,1.1,0.3,4.4,0.5830951894845301,0
475,0.2032023514805565,0.12715577034136574,0.18496905322753102,0.03461924724153753,0.000991655084520726,0.0005684141192974564,100.0,0.0,63.8,3.443835071544512,1.0,0.0,4.35,0.7921489758877431,0
476,0.20181671759414432,0.13739393640245426,0.1867232512846753,0.03637640011627037,0.0009170006990728323,0.0005158574028177983,100.0,0.0,64.5,3.263433774416144,1.025,0.10897247358851683,4.1,0.7681145747868608,0
477,0.20417558714485176,0.14259313623299608,0.18689265952787676,0.03728136690177492,0.0008144455849376862,0.00041730390819050603,100.0,0.0,63.25,3.207413287993925,1.05,0.21794494717703372,4.4,0.5830951894845301,0
478,0.21129474796202863,0.1292639492432901,0.1825167410222403,0.033371762403785823,0.0007356561981705892,0.0005535392352015595,100.0,0.0,63.8421052631579,2.7959210495354583,1.0,0.0,4.2105263157894735,0.6137844099837158,1
479,0.18553246470470827,0.10306311997442186,0.18951271863880587,0.030631010887559103,0.0007943034411007439,0.0006183075636560924,100.0,0.0,63.578947368421055,2.852806364814243,1.0526315789473684,0.22329687826943603,4.473684210526316,0.8187552203212656,1
480,0.18192624467303609,0.07908934635987944,0.188241830417133,0.024526496193564812,0.000819574479840035,0.0006712240691440131,100.0,0.0,63.89473684210526,3.024370083907082,1.0,0.0,4.2631578947368425,0.5469634129164875,1
481,0.16490312828423323,0.0816705362481556,0.19471973925056787,0.02514649808523618,0.0007429147484912741,0.00042990581992446633,100.0,0.0,62.68421052631579,3.699966309646721,1.1578947368421053,0.36464227527765836,4.2631578947368425,0.7841928645132284,1
482,0.15072194020010343,0.0778706126224876,0.1993448230264633,0.02443838970961867,0.0007295953917407037,0.0005316479581899717,100.0,0.0,63.21052631578947,2.876016019434579,1.0263157894736843,0.11164843913471803,4.105263157894737,0.5520046569316588,1
483,0.15982898002612841,0.08156064343814808,0.1966752262676795,0.026920109760293524,0.0010161873515869228,0.0007788735932977248,100.0,0.0,63.78947368421053,3.3337026572869717,1.0,0.0,4.157894736842105,0.8119604537127112,1
484,0.17848544179895845,0.08732529091242432,0.19105574241739273,0.027769430016396205,0.0013212779000608141,0.0009052369921731307,100.0,0.0,64.42105263157895,2.5816312565117308,1.0,0.0,4.2631578947368425,0.6359497880839248,1
485,0.2078870787391507,0.09180246353848413,0.1811993089597254,0.02879381006695052,0.001208160149419929,0.0009113222249404894,100.0,0.0,63.526315789473685,3.423885466798019,1.105263157894737,0.26051302464767545,4.052631578947368,0.8869631340185642,1
486,0.20667590817485468,0.11939654633429857,0.1818620246578856,0.0319219348057231,0.0009792386575355905,0.0006802090684002222,100.0,0.0,63.578947368421055,2.6420842943181335,1.0526315789473684,0.22329687826943606,4.2631578947368425,0.5469634129164875,1
487,0.1965239775207966,0.12829326100503743,0.1867722033099255,0.03506458650814574,0.0008033813512415612,0.0006814886142586838,100.0,0.0,63.26315789473684,3.566541967599456,1.105263157894737,0.30689220499185793,4.157894736842105,0.5860804592452655,1
488,0.21051617736768272,0.11955298513619778,0.18152664824958423,0.029554834271075983,0.0010434581362338054,0.0007415786644297431,100.0,0.0,62.44444444444444,3.9752319599996264,1.0555555555555556,0.15713484026367724,4.5,1.2583057392117916,2
489,0.20430758522396153,0.12026519889401643,0.1829235075244433,0.030650662743272425,0.0008848905860044653,0.00069211872386956,100.0,0.0,63.833333333333336,3.4840908267278126,1.0277777777777777,0.1145307118227128,4.5,1.0671873729054748,2
490,0.19854086688626774,0.11013737789684425,0.1850372313619591,0.030999321172676272,0.000963161420425109,0.0007190426417949083,100.0,0.0,62.666666666666664,3.1269438398822866,1.0833333333333333,0.24999999999999997,4.0,0.6666666666666666,2
491,0.20805824581731824,0.12064484779925863,0.18412877681210366,0.03280946208442514,0.000984965236309627,0.0007504694370044586,100.0,0.0,64.0,3.1091263510296048,1.0,0.0,4.166666666666667,0.6009252125773316,2
492,0.2081063271102966,0.13349182127938217,0.1845987026630694,0.03487803545000782,0.000954962309771902,0.0006241094159108613,100.0,0.0,64.38888888888889,2.3837153281027703,1.0,0.0,4.166666666666667,0.6009252125773314,2
493,0.2003237173481591,0.12275766608783838,0.18555669235528466,0.03364608959267986,0.0007616581495531546,0.00043101592295670063,100.0,0.0,63.888888888888886,2.8458329944145997,1.0555555555555556,0.2290614236454256,4.166666666666667,0.7637626158259734,2
494,0.1812905843923526,0.10234863352615299,0.19055890134914882,0.029447892601665734,0.0007014478360875528,0.0005245485843899038,100.0,0.0,64.16666666666667,2.4776781245530843,1.0555555555555556,0.2290614236454256,4.055555555555555,0.9111788592698182,2
495,0.18180218128265943,0.10919967540849501,0.19046343805692,0.030051955154173762,0.0007918398149254236,0.0005841914627628196,100.0,0.0,63.833333333333336,2.0069324297987157,1.0,0.0,4.388888888888889,0.7556372504853024,2
496,0.1825528899338562,0.12826058734804197,0.19121927879838382,0.03132075108007779,0.0007800392041446536,0.00045806003197040846,100.0,0.0,63.666666666666664,2.8284271247461903,1.1111111111111112,0.3142696805273545,3.9444444444444446,0.6211299937499416,2
497,0.18246323894523175,0.13819048936859657,0.19024719802005588,0.030775153996983804,0.0007409054649563607,0.00044566419462979093,100.0,0.0,64.22222222222223,2.3465235646603193,1.0,0.0,4.333333333333333,0.8164965809277259,2
498,0.1731221164054527,0.12752114539542936,0.19225216773801027,0.02916150935342757,0.0008673114008034795,0.0004464978138078399,100.0,0.0,63.44444444444444,2.8717439962933518,1.1111111111111112,0.3142696805273545,4.555555555555555,1.0657403385139377,2
499,0.1646352622583781,0.10863847762433217,0.1945098256382353,0.027454773622364047,0.001008772251592953,0.0005743624359838995,100.0,0.0,62.166666666666664,3.2015621187164247,1.1111111111111112,0.3142696805273545,4.333333333333333,0.6666666666666666,2
500,0.1496154630973897,0.09440295031528283,0.1998886317674222,0.026579918244816897,0.0008231586942007967,0.0005461426036181629,100.0,0.0,63.05555555555556,3.3742854753467144,1.0833333333333333,0.24999999999999997,4.222222222222222,0.7114582486036499,2
501,0.1454111425449367,0.08610238004773386,0.2015372297336454,0.0263196643062401,0.0008731959641127551,0.000818383348607794,100.0,0.0,63.833333333333336,3.670452590924207,1.1666666666666667,0.3726779962499649,4.166666666666667,0.8333333333333334,2
502,0.15889364919593704,0.10009308129768578,0.1994338394880123,0.030444977408365114,0.0008188749727670841,0.0007878386949062636,100.0,0.0,63.72222222222222,2.940248582755387,1.0277777777777777,0.1145307118227128,4.055555555555555,0.7049209744694178,2
503,0.1659797568295619,0.13141707216520676,0.19979529707717816,0.0357028677516021,0.0005865594635586324,0.00047507498951060266,100.0,0.0,62.22222222222222,2.370081000855727,1.1111111111111112,0.3142696805273545,4.277777777777778,0.9312808119022339,2
504,0.17639485197682916,0.13188243075413422,0.19706406929578885,0.03749982872970977,0.0007877496868382473,0.0007294734770543922,100.0,0.0,63.388888888888886,3.6535962327683076,1.1111111111111112,0.3142696805273545,4.166666666666667,0.8333333333333334,2
505,0.19192467158152204,0.13464424284272586,0.18885481773138163,0.034815269658799865,0.0007938896630098756,0.0004232027653630638,100.0,0.0,63.166666666666664,2.9107081994288304,1.1111111111111112,0.3142696805273545,4.166666666666667,0.6009252125773316,2
506,0.17012785369258887,0.1135273755397551,0.19412093194668611,0.03175159534602019,0.000739382657605782,0.00038175001268836445,100.0,0.0,64.0,3.018461712712472,1.0555555555555556,0.2290614236454256,4.388888888888889,0.590563656263036,2
507,0.15627939487419046,0.09055437864662663,0.19722522852656615,0.026000590908996004,0.0008608855935235767,0.0004671286398184063,100.0,0.0,63.611111111111114,3.285302098216115,1.1111111111111112,0.3142696805273545,4.277777777777778,1.0957268290731121,2
508,0.15666635481418043,0.08653186468054086,0.19710235947844557,0.02670652136583677,0.0009455081927638539,0.0006565956453982808,100.0,0.0,63.0,2.6666666666666665,1.0833333333333333,0.24999999999999997,4.444444444444445,0.7617394000445604,2
509,0.15216300885951586,0.09073382981701937,0.20025806161490708,0.028192216572080996,0.0008905087048839033,0.000558721536874499,100.0,0.0,63.72222222222222,3.633265374831656,1.1111111111111112,0.3142696805273545,4.166666666666667,0.8975274678557507,2
510,0.1620930688566279,0.08728303623225646,0.1963377499081198,0.027038991220496435,0.0008765356306368794,0.0006877328903037749,100.0,0.0,62.72222222222222,2.8442057191489343,1.1388888888888888,0.32513055307554517,4.222222222222222,0.6285393610547089,2
511,0.17797602744750468,0.0765187923379919,0.19073472671934424,0.022571048259871468,0.0010261603726999353,0.0008006045268530848,100.0,0.0,62.666666666666664,2.4037008503093262,1.0555555555555556,0.15713484026367724,4.277777777777778,0.6502611061510902,2
512,0.1776632543418732,0.07436491047192594,0.1912222009687876,0.02587895214985285,0.0008343636849164586,0.0006415061225909276,100.0,0.0,61.77777777777778,3.504846732352779,1.1111111111111112,0.3142696805273545,4.5,0.8975274678557507,2
513,0.19457651488511898,0.08240627233088284,0.18283524996477535,0.024349183665719684,0.0009385519571007635,0.0010808352750157125,100.0,0.0,63.94444444444444,1.9285061064121982,1.0,0.0,4.444444444444445,0.7617394000445604,2
514,0.17121998652318357,0.08113510678493113,0.19093380270133273,0.022834297993702003,0.0008217976591814212,0.0008797229715957949,100.0,0.0,63.666666666666664,4.109609335312651,1.0555555555555556,0.2290614236454256,4.111111111111111,0.6573421981221795,2
515,0.1636431551168369,0.06774572420263382,0.19307559811817707,0.0211846927311529,0.0010269545890293926,0.0008687598848455711,100.0,0.0,64.16666666666667,3.730504880933232,1.1111111111111112,0.3142696805273545,4.277777777777778,0.6502611061510902,2
516,0.16265613301091345,0.0690464152609187,0.19275850861245636,0.02192856715996259,0.0010971246783945772,0.0009755918758465572,100.0,0.0,63.72222222222222,3.870193155609729,1.1111111111111112,0.3142696805273545,4.222222222222222,0.7114582486036499,2
517,0.15873505075492278,0.06859237284036515,0.19432518000767873,0.022922380955020787,0.0011385400181288907,0.0008657940507151072,100.0,0.0,61.888888888888886,2.8458329944145997,1.1111111111111112,0.3142696805273545,4.611111111111111,1.1124991330278213,2
518,0.16287198443209294,0.07274145079686778,0.19369665159844116,0.023006389805357994,0.0011293448483222347,0.00077735902445097,100.0,0.0,62.94444444444444,3.3077723659120433,1.1111111111111112,0.3142696805273545,4.166666666666667,0.6871842709362769,2
519,0.16750665082509458,0.08555240952163876,0.1932108074130225,0.02520566425642488,0.000977407067281298,0.0007377345243220701,100.0,0.0,62.333333333333336,3.681787005729087,1.0555555555555556,0.2290614236454256,4.444444444444445,0.8314794192830981,2
520,0.1626366601438557,0.09614496157887074,0.1957880463571733,0.02826030175539453,0.0007926519530456536,0.0009173425519397229,100.0,0.0,63.166666666666664,2.8333333333333335,1.0833333333333333,0.24999999999999997,4.333333333333333,0.7453559924999299,2
521,0.1651074367353924,0.08441123437934796,0.19347265297932548,0.024051852847075863,0.001082481533729384,0.001060043147432913,100.0,0.0,63.388888888888886,3.960062974932608,1.0277777777777777,0.1145307118227128,4.166666666666667,0.8975274678557507,2
522,0.16471618146211317,0.07417711022789958,0.1944777745749853,0.021780506024695036,0.0008967181092872234,0.0005997378956571427,100.0,0.0,63.333333333333336,2.9814239699997196,1.0,0.0,4.444444444444445,0.6849348892187752,2
523,0.16791559780230167,0.08086010616169104,0.19516108029042806,0.024613574332279127,0.0008110054160570643,0.0004988116159274142,100.0,0.0,63.611111111111114,3.093701287183523,1.0555555555555556,0.2290614236454256,4.055555555555555,0.7049209744694178,2
524,0.1816562602143862,0.10872292370976011,0.19034147516401181,0.02690161848011853,0.0008557767245439842,0.00041412686938570884,100.0,0.0,62.333333333333336,2.6874192494328497,1.1666666666666667,0.3726779962499649,4.166666666666667,0.8333333333333334,2
525,0.17538460749829876,0.10444257412801687,0.19229706940843916,0.027444865390209662,0.0009416242363915721,0.00048090641010115867,100.0,0.0,62.27777777777778,2.5992639033976856,1.1388888888888888,0.32513055307554517,4.166666666666667,0.5,2
526,0.18568350141182322,0.09493276705599615,0.18867312898199148,0.02673844983838714,0.0011550998960328635,0.0007791580644276307,100.0,0.0,63.333333333333336,3.1446603773522015,1.1111111111111112,0.3142696805273545,4.5,0.7637626158259734,2
527,0.19236822045349586,0.10486585858184573,0.1861667263844845,0.02828316914996044,0.0011750169506778774,0.0007119669645904825,100.0,0.0,64.22222222222223,2.8974232912011777,1.0277777777777777,0.1145307118227128,4.222222222222222,0.8534606386520676,2
528,0.1983807033908139,0.08956878160501996,0.18442841612318014,0.02528987749349035,0.0009593572821788931,0.0005607624874814368,100.0,0.0,63.27777777777778,2.704020783030657,1.0555555555555556,0.2290614236454256,4.166666666666667,0.6871842709362769,2
529,0.19317134625268106,0.09157962085242766,0.18569282185870725,0.02546292288602222,0.0009565369007956902,0.0006267594448940757,100.0,0.0,64.05555555555556,2.933943539224643,1.0,0.0,4.055555555555555,0.5241100628920335,2
530,0.19497861810413497,0.09954156452911966,0.18761311713562312,0.02775275577701402,0.0010760924023083406,0.0006361704714358464,100.0,0.0,63.27777777777778,3.5559895568456135,1.1111111111111112,0.3142696805273545,4.166666666666667,0.6009252125773316,2
531,0.22143989759818894,0.1287767364314912,0.18075969806790365,0.033527209357503626,0.0009230193883692706,0.0005739585736328129,100.0,0.0,63.22222222222222,3.8232556742411674,1.0555555555555556,0.2290614236454256,4.944444444444445,1.1290223018278651,2
532,0.21283240602495146,0.12038073552413417,0.18224232678950156,0.03283263464766319,0.0008400884665462963,0.0005025203079232389,100.0,0.0,63.27777777777778,2.6833965946074048,1.0833333333333333,0.24999999999999997,3.9444444444444446,0.7049209744694178,2
533,0.20802259938620524,0.10702625449143506,0.18268499675994598,0.030254645785081177,0.000858091437071848,0.0007027165230371195,100.0,0.0,63.55555555555556,2.891024851390597,1.1111111111111112,0.3142696805273545,4.111111111111111,0.5665577237325317,2
534,0.19343957427719627,0.09916396143514497,0.18649237802791294,0.02986819271133641,0.0008642667701824538,0.0008485205254764308,100.0,0.0,62.77777777777778,2.5507200629442215,1.0833333333333333,0.24999999999999997,4.277777777777778,0.6502611061510902,2
535,0.2114773606389159,0.11277835330413118,0.1820799281483854,0.030840020532686026,0.0010318536837324685,0.0007051654204802708,100.0,0.0,62.0,2.96273147243853,1.1111111111111112,0.3142696805273545,4.055555555555555,0.6211299937499415,2
536,0.22782787414130995,0.11071541710425005,0.17573931174264587,0.02894612535051908,0.001098733686499164,0.0008499296593401102,100.0,0.0,63.27777777777778,2.8442057191489343,1.0833333333333333,0.24999999999999997,4.055555555555555,0.6211299937499416,2
537,0.22669295172321208,0.09759164482489922,0.17587571783736103,0.027440329365906235,0.0010180462438695703,0.00048035612333590495,100.0,0.0,63.166666666666664,2.9107081994288304,1.0833333333333333,0.25,3.9444444444444446,0.7797593804232335,2
538,0.22458294824448397,0.09055330037903621,0.17614676953159522,0.025666728144774026,0.0010855594949629706,0.0006471907673189016,100.0,0.0,63.888888888888886,2.6851213274654606,1.0555555555555556,0.2290614236454256,3.9444444444444446,0.7049209744694178,2
539,0.2180073188114654,0.08455095271287215,0.17629159893388024,0.023105870552969778,0.001341121836014668,0.0009074505540042295,100.0,0.0,62.55555555555556,3.148583847845501,1.1388888888888888,0.32513055307554517,4.555555555555555,0.7617394000445604,2
540,0.2266710801632189,0.0928796076093855,0.17466917512423033,0.025988304189350046,0.0013902032024549595,0.0007671554467170148,100.0,0.0,63.72222222222222,3.708931495661004,1.0833333333333333,0.24999999999999997,4.111111111111111,0.5665577237325317,2
541,0.23759670757183787,0.11691019807668247,0.17454445615970537,0.030250480642230564,0.0011473994537313482,0.0005713241825442243,100.0,0.0,65.05555555555556,3.535097393318452,1.0555555555555556,0.2290614236454256,4.166666666666667,0.6871842709362769,2
542,0.2695832394604944,0.13259595545151043,0.1663896725258077,0.029665004617746536,0.0010657008696882235,0.0006185711340295659,100.0,0.0,64.11111111111111,2.9793528172870944,1.0555555555555556,0.2290614236454256,4.333333333333333,0.7453559924999299,2
543,0.26149911659368363,0.13601051889265894,0.16819508887530263,0.031236169841062925,0.0007499072955939194,0.0005098613968552285,100.0,0.0,63.111111111111114,2.746490465401839,1.0,0.0,4.277777777777778,0.7307192465536614,2
544,0.23816738891254255,0.11616531992914425,0.17272229214772875,0.025645105881343975,0.0007026844406909936,0.0004194030531705593,100.0,0.0,63.888888888888886,2.306726610225188,1.0,0.0,4.222222222222222,0.5328701692569688,2
545,0.22170105345030444,0.09928577496018653,0.177791806691718,0.024638641503430533,0.0007994154494464297,0.00039115740969400083,100.0,0.0,63.388888888888886,3.268348017796162,1.0555555555555556,0.2290614236454256,4.277777777777778,0.6502611061510902,2
546,0.22056624843905542,0.0949223606661118,0.1791391324256517,0.02462815818035056,0.0009397248378064065,0.0005395090326849579,100.0,0.0,63.5,3.0230595245361758,1.0833333333333333,0.24999999999999997,4.222222222222222,0.8534606386520676,2
547,0.2430733252911983,0.11703797867732246,0.17496731834294887,0.030110116801754697,0.0009078532317192087,0.0005368912379019892,100.0,0.0,63.94444444444444,3.807481264595653,1.0277777777777777,0.1145307118227128,4.333333333333333,0.5773502691896257,2
548,0.2593799134868051,0.13377166879882563,0.1709979051687901,0.03316469030849206,0.0008626391789163471,0.00047890469349505424,100.0,0.0,64.11111111111111,2.469567863432541,1.0277777777777777,0.1145307118227128,4.166666666666667,0.7637626158259734,2
549,0.25662710112428966,0.12916984562799144,0.1699436887714328,0.030524908303582895,0.0008940300442330525,0.0007689690127354512,100.0,0.0,63.333333333333336,2.70801280154532,1.0277777777777777,0.1145307118227128,4.111111111111111,0.5665577237325317,2
550,0.25315762288657784,0.12844705903568704,0.1702829465555349,0.03206427304714461,0.0009383194781831161,0.0007845249756740881,100.0,0.0,63.55555555555556,3.8761696761138684,1.1388888888888888,0.32513055307554517,4.055555555555555,0.7797593804232335,2
551,0.25122866182008996,0.12306765783110421,0.17095182803396222,0.03116108745679232,0.0008368125660144936,0.00039077835179310993,100.0,0.0,64.83333333333333,3.0956959368344514,1.0555555555555556,0.2290614236454256,4.166666666666667,0.9574271077563382,2
552,0.25580285201985126,0.13898955934238283,0.1706809972232154,0.03407516230580823,0.0010012121285401662,0.0005706784245362946,100.0,0.0,62.833333333333336,2.753785273643051,1.0,0.0,4.333333333333333,0.5773502691896257,2
553,0.2591414728951508,0.1420608202920516,0.16972212389083255,0.03623668537026294,0.0009733693584551795,0.000643995628605609,100.0,0.0,62.611111111111114,3.817196308067085,1.1111111111111112,0.3142696805273545,4.111111111111111,0.5665577237325317,2
554,0.2580538589904909,0.1488286497018573,0.16955724710816536,0.037759589893181414,0.0010309358480429095,0.0006257043078247639,100.0,0.0,63.94444444444444,2.7176832908077793,1.0,0.0,4.333333333333333,0.7453559924999299,2
555,0.26164009384703013,0.1508952375230282,0.16847048534346895,0.03933650297194075,0.0011960399630898395,0.0006573914639764784,100.0,0.0,63.05555555555556,2.527014536787591,1.0833333333333333,0.25,4.111111111111111,0.4581228472908512,2
556,0.26521687961889223,0.1612048882852393,0.1681762571441805,0.04075913011147071,0.0010838553499221996,0.0006814125270471821,100.0,0.0,63.611111111111114,3.561193446786077,1.0,0.0,3.888888888888889,0.5665577237325317,2
557,0.2672432665746679,0.16594671446362746,0.16769129194906734,0.0409487608150543,0.001177284717716478,0.0005631934965366277,100.0,0.0,62.72222222222222,3.123487288193466,1.0833333333333333,0.24999999999999997,4.166666666666667,0.5,2
558,0.271336414421929,0.15441831070318016,0.164548606263662,0.03708242756506931,0.0013895416836973906,0.0008754087777324857,100.0,0.0,63.888888888888886,3.7101795237919997,1.0555555555555556,0.2290614236454256,4.333333333333333,0.816496580927726,2
559,0.28604682860695907,0.16357693819360933,0.16278962159533383,0.04037755691494803,0.001315436898520381,0.0007757690704530496,100.0,0.0,62.44444444444444,3.320345066107541,1.2222222222222223,0.3808697000222802,3.9444444444444446,0.6211299937499416,2
560,0.29778393076610565,0.1676509488077449,0.16059161692709314,0.041367269357276824,0.0013218162032496655,0.0007911433530246583,100.0,0.0,63.166666666666664,3.403429642777023,1.1111111111111112,0.3142696805273545,4.222222222222222,0.7114582486036499,2
561,0.32202555349796474,0.17050177954577053,0.15508972098889778,0.039904336463920144,0.0013974929322559033,0.0007736260538206911,100.0,0.0,62.94444444444444,2.4601766472760587,1.0,0.0,4.611111111111111,0.590563656263036,2
562,0.3394207179238593,0.1490479894190602,0.1495271181177598,0.03503631230192309,0.0012049390373858684,0.0007699407387558769,100.0,0.0,64.16666666666667,3.562926387738658,1.0,0.0,4.0,0.7453559924999299,2
563,0.35129072146167173,0.15998453689955108,0.14780413444467552,0.03728996538997767,0.0010133470798495358,0.0005336739159898621,100.0,0.0,63.111111111111114,3.281071791162978,1.0555555555555556,0.2290614236454256,4.166666666666667,0.8333333333333334,2
564,0.36000903496573217,0.16693731896670033,0.14572731988240797,0.036711458113437574,0.000994967147725374,0.0006968092254831906,100.0,0.0,63.0,2.0,1.0555555555555556,0.2290614236454256,4.222222222222222,0.5328701692569688,2
565,0.36198901238422804,0.17980180685689687,0.14601391803660146,0.03907081021773438,0.0008595789187685151,0.0008004459803079103,100.0,0.0,63.44444444444444,2.891024851390597,1.1111111111111112,0.3142696805273545,4.277777777777778,0.8695819912499182,2
566,0.3651878560279092,0.1890451303597786,0.1469515079767324,0.0414839121144895,0.0008443748037001366,0.00038501754121007304,100.0,0.0,63.55555555555556,3.166179299727779,1.0555555555555556,0.2290614236454256,4.333333333333333,0.8164965809277259,2
567,0.38583915391712104,0.1639510350685122,0.14078210747544048,0.03299437226444764,0.0009457209767075522,0.0006728943290199685,100.0,0.0,63.22222222222222,3.3920750049941657,1.2222222222222223,0.41573970964154905,4.222222222222222,0.9749960430435692,2
568,0.38383036973940665,0.1550928573806079,0.14071976034690237,0.03180480081179939,0.0007699438280382854,0.0005780656838329807,100.0,0.0,62.44444444444444,2.3147407395555177,1.0,0.0,4.388888888888889,0.8906233078822999,2
569,0.3742463109862337,0.1415841794289425,0.14197568697909937,0.02837118882483313,0.000719761853508439,0.00043532471227669645,100.0,0.0,61.94444444444444,2.5921295882862676,1.1666666666666667,0.3726779962499649,4.111111111111111,0.7370277311900889,2
570,0.354346283749127,0.13005555839124724,0.14577517519419947,0.02645094292440377,0.0007173163353319474,0.00034555454771095995,100.0,0.0,64.11111111111111,2.7666443551086073,1.0,0.0,3.9444444444444446,0.6211299937499416,2
571,0.3439049098691378,0.12112792614069473,0.14762593392262052,0.024793502675585374,0.0007354762155043124,0.0004647471650948252,100.0,0.0,63.27777777777778,3.0877096070200563,1.0555555555555556,0.2290614236454256,4.277777777777778,0.558326423395605,2
572,0.3337121305947039,0.108562026013551,0.14894056957189347,0.023393254087775265,0.0008947226676089982,0.0006374247779353073,100.0,0.0,63.833333333333336,2.8528737947706153,1.0555555555555556,0.2290614236454256,4.388888888888889,0.7556372504853023,2
573,0.3373432649094703,0.10901463224649055,0.1486163789648254,0.024821670163951964,0.0009259284735232448,0.0005459652466308408,100.0,0.0,63.44444444444444,3.6089737264248254,1.1111111111111112,0.3142696805273545,4.222222222222222,0.7856742013183862,2
574,0.3443483549774062,0.11069866976820116,0.1473684817502891,0.026123043059325123,0.0009567060778053477,0.000530055204795571,100.0,0.0,63.55555555555556,3.7449554547450483,1.0555555555555556,0.2290614236454256,4.388888888888889,0.8258927081843613,2
575,0.34421661473544574,0.11725735384299078,0.1477702772432884,0.028168932263622187,0.000904562814498511,0.0004435020121871074,100.0,0.0,63.333333333333336,2.4720661623652207,1.0,0.0,4.166666666666667,0.8333333333333335,2
576,0.34626809768826694,0.121854364895702,0.14740511243520082,0.02951879085774955,0.0008924022590953774,0.0004727087449577783,100.0,0.0,63.833333333333336,3.876567783204336,1.1111111111111112,0.3142696805273545,4.166666666666667,0.6871842709362769,2
577,0.35255247561624636,0.1344594788984945,0.1463404057842098,0.03200864091711395,0.0009091155811491893,0.00047699701976763165,100.0,0.0,62.77777777777778,1.74977952755818,1.0,0.0,4.0,0.5773502691896257,2
578,0.3609604148440804,0.13704895596988945,0.1442527859503572,0.034183061192151976,0.0010229173085368973,0.0005837379254225086,100.0,0.0,62.72222222222222,2.88300683229536,1.0555555555555556,0.2290614236454256,4.444444444444445,0.8958064164776166,2
579,0.37459972116275514,0.14691890254055304,0.14148283268934914,0.03619069394353854,0.0010367835408257998,0.000640512983148572,100.0,0.0,64.33333333333333,3.073181485764296,1.0,0.0,3.888888888888889,0.5665577237325317,2
580,0.3921394042530664,0.17794770879007568,0.13722485255003924,0.04122935852647058,0.0010969564264844288,0.0006955881212431718,100.0,0.0,62.833333333333336,3.484090826727812,1.0555555555555556,0.2290614236454256,4.222222222222222,0.5328701692569688,2
581,0.4047479831127803,0.18959713960012345,0.1355704046505059,0.04072915668180826,0.0009370849028761843,0.0003287239736781882,100.0,0.0,63.44444444444444,2.0608041101101566,1.0555555555555556,0.2290614236454256,4.111111111111111,0.7370277311900888,2
582,0.4130618781019968,0.18858904576162358,0.13418522210522713,0.03958167084794705,0.0008738611882823503,0.00047051189055953823,100.0,0.0,62.833333333333336,2.7537852736430515,1.1111111111111112,0.3142696805273545,4.388888888888889,0.6781419786518722,2
583,0.4270468358698352,0.18471952951063958,0.13033051561062753,0.038177861647558604,0.0009053132715179763,0.0006235388991123514,100.0,0.0,62.888888888888886,2.3778816176702997,1.0,0.0,4.166666666666667,0.6871842709362768,2
584,0.42418263831457936,0.17438004920047906,0.12928403063475233,0.036798601640109514,0.00113974338885301,0.0007720812500741955,100.0,0.0,62.77777777777778,1.9594657876164885,1.0555555555555556,0.15713484026367724,4.277777777777778,0.558326423395605,2
585,0.4386638987227594,0.1788198563143324,0.12676032337699525,0.03790056519610679,0.0011659873072925279,0.0006621674486608012,100.0,0.0,63.55555555555556,3.2183885239911643,1.0833333333333333,0.24999999999999997,4.0,0.6666666666666666,2
586,0.44469370663012087,0.1789391506393213,0.12549057766267074,0.03753443381135544,0.0011558612708280694,0.0005136584141581386,100.0,0.0,63.888888888888886,3.381138678822875,1.0,0.0,3.9444444444444446,0.6211299937499416,2
587,0.45566964111857305,0.17136561312427634,0.1229854886702698,0.03418591653617878,0.001182703136886924,0.0005135072550200206,100.0,0.0,63.111111111111114,3.1426968052735447,1.0833333333333333,0.25,4.222222222222222,0.628539361054709,2
588,0.46739698061236123,0.1627797932788036,0.12059561850070888,0.03275639494167908,0.001271620119432565,0.0005436505256860145,100.0,0.0,63.333333333333336,2.848001248439177,1.0,0.0,4.222222222222222,0.8534606386520676,2
589,0.4921399004199485,0.15988089906999362,0.11637809939081557,0.0315690159568533,0.0012393097586507694,0.0005433613349072358,100.0,0.0,63.05555555555556,3.7486623128527423,1.0277777777777777,0.1145307118227128,4.277777777777778,0.9312808119022339,2
590,0.5076759408311999,0.16503926883531828,0.11424205751222855,0.03245356541373655,0.001050776015007269,0.0005078412155340095,100.0,0.0,62.27777777777778,2.704020783030657,1.0833333333333333,0.24999999999999997,4.333333333333333,0.6666666666666666,2
591,0.5139087404619316,0.1636955666387231,0.1128110910629591,0.032800565322163924,0.0009579012496128179,0.000556863132132533,100.0,0.0,62.833333333333336,2.7537852736430515,1.1388888888888888,0.32513055307554517,4.0,0.6666666666666666,2
592,0.5081349418956695,0.16257130012830942,0.11393879585513123,0.03412458170568447,0.0009003244538533847,0.000558916670778189,100.0,0.0,61.888888888888886,4.026149095998542,1.2222222222222223,0.41573970964154905,4.111111111111111,0.5665577237325317,2
593,0.5077198832170549,0.16435261156124528,0.11380337158416413,0.03649717124461701,0.0009319448926680908,0.0005377610838733429,100.0,0.0,62.05555555555556,3.6889056224520065,1.2777777777777777,0.4479032082388083,4.277777777777778,0.558326423395605,2
594,0.5070308043905407,0.16349221235184772,0.11342862560054111,0.037881128918961886,0.0009607977855943536,0.0006242789650007756,100.0,0.0,63.111111111111114,1.6629588385661962,1.0,0.0,4.388888888888889,0.6781419786518724,2
595,0.5060721640945646,0.17016776012399729,0.11305625186374758,0.036649461525901685,0.0009052311973516175,0.0004981864991457872,100.0,0.0,63.05555555555556,2.2966696231771544,1.0555555555555556,0.2290614236454256,4.5,0.6871842709362768,2
596,0.5050543788994843,0.1726008644975852,0.11287949260118893,0.03665747323538787,0.000985348074545523,0.0005639111379698371,100.0,0.0,64.27777777777777,2.6833965946074048,1.0,0.0,4.222222222222222,0.6285393610547089,2
597,0.5146423505336544,0.17936169586451348,0.11111322826857283,0.036180685909219,0.0010620581920015243,0.0005216176338714646,100.0,0.0,62.611111111111114,3.4341243245612425,1.1111111111111112,0.3142696805273545,4.277777777777778,0.7307192465536614,2
598,0.5187321951713674,0.1716492585142687,0.1093596540709465,0.03332471011545463,0.001170442059229753,0.0006963504426424303,100.0,0.0,63.55555555555556,3.0041124076879497,1.0833333333333333,0.24999999999999997,4.444444444444445,0.8958064164776166,2
599,0.5240214514677226,0.16940092442656035,0.10774375825671506,0.03350920681705534,0.0012095943017628433,0.0006680744689219783,100.0,0.0,63.94444444444444,2.758264797179202,1.0833333333333333,0.24999999999999997,4.166666666666667,0.6871842709362769,2
600,0.5498487658372726,0.1636981602283236,0.10295039122134275,0.03140493112069279,0.0011380228362938972,0.00058249132366683,100.0,0.0,63.22222222222222,2.3227272178185414,1.0277777777777777,0.1145307118227128,4.0,0.6666666666666666,2
601,0.5597376563792229,0.1591423087824687,0.09938717127510535,0.03224905652186464,0.0012567156867411087,0.0008073265923235066,100.0,0.0,62.611111111111114,2.7312774562848565,1.0555555555555556,0.2290614236454256,4.611111111111111,0.9509579315902049,2
602,0.5863094544803394,0.15947500230596756,0.09332684416797657,0.03327410198295488,0.0012535994584083267,0.0009463464710208805,100.0,0.0,62.44444444444444,3.578053819578804,1.1944444444444444,0.37781862524265125,4.444444444444445,0.7617394000445604,2
603,0.5874313738984146,0.14495228793971807,0.09352010075655569,0.030851356388478444,0.0011870793272048287,0.000773206900521344,100.0,0.0,64.72222222222223,3.6025539637496613,1.1111111111111112,0.3142696805273545,3.888888888888889,0.4581228472908512,2
604,0.5940929930851301,0.14820935163507024,0.09284718141922334,0.03135261033730845,0.0010910508179253057,0.0006388268936135254,100.0,0.0,62.77777777777778,3.794082461991972,1.0555555555555556,0.2290614236454256,4.333333333333333,0.6666666666666666,2
605,0.5994174565839585,0.15196887569021117,0.09311433045279063,0.030995707309709658,0.00101217269094378,0.0004875200054543215,100.0,0.0,64.33333333333333,2.8284271247461903,1.0,0.0,4.0,0.6666666666666666,2
606,0.6061602361424598,0.14497829189697775,0.09128030465297625,0.029118745242019996,0.0010877021404251375,0.000464244809100185,100.0,0.0,64.05555555555556,1.98528537613396,1.0,0.0,4.222222222222222,0.5328701692569688,2
607,0.620908467007794,0.13169124350737538,0.08873009416500578,0.025437201646894076,0.001062787444441228,0.0004797130622920715,100.0,0.0,64.44444444444444,2.0336672464136805,1.0,0.0,4.0,0.5773502691896257,2
608,0.6382252760225839,0.13720817199148647,0.08522665875493148,0.027036204720890838,0.0010237595518024364,0.0005492107763230476,100.0,0.0,63.0,3.3333333333333335,1.1944444444444444,0.37781862524265125,4.111111111111111,0.4581228472908512,2
609,0.6487910265000576,0.13023041819734404,0.08299398085515443,0.0255866599259598,0.001051239719333135,0.0005969688663400959,100.0,0.0,65.05555555555556,3.063625706436053,1.0,0.0,4.388888888888889,1.2082535094961968,2
610,0.6649222028170956,0.13202176675441024,0.08035280212557838,0.0257443833568614,0.0009885989293710751,0.0005947719326500392,100.0,0.0,62.72222222222222,3.296556377588177,1.1388888888888888,0.32513055307554517,4.277777777777778,0.558326423395605,2
611,0.683397725549947,0.13015582605207635,0.07663027437467984,0.026045570112028182,0.0009798310972093914,0.0005173427539712659,100.0,0.0,63.166666666666664,3.387066905483596,1.1111111111111112,0.3142696805273545,4.333333333333333,0.7453559924999299,2
612,0.6852227348226443,0.1277834806095557,0.0753623532295301,0.026129735315370953,0.0010396642118552886,0.0005230657396192525,100.0,0.0,63.05555555555556,3.0817062774130366,1.0555555555555556,0.2290614236454256,4.5,0.8975274678557507,2
613,0.6919571041957684,0.13154187967806816,0.07435528141188863,0.02697629575479184,0.0009829810278104798,0.00046834157098646416,100.0,0.0,64.05555555555556,3.1353224576716583,1.0,0.0,4.222222222222222,0.9162456945817024,2
614,0.7025033876775206,0.13101661744716295,0.07267603259449057,0.027265510805947486,0.0009399111799656816,0.0004553102525574184,100.0,0.0,63.111111111111114,3.229875967499696,1.1111111111111112,0.3142696805273545,3.9444444444444446,0.4044505494044732,2
615,0.7144381497088876,0.13257424769364068,0.07001920380120802,0.02903218445349099,0.0008990235195682422,0.00041632669037461345,100.0,0.0,63.388888888888886,3.0393509703533175,1.0,0.0,4.388888888888889,0.8258927081843613,2
616,0.7311753834941901,0.12774314704093173,0.06812145438034868,0.027108288090318015,0.0008059342322815382,0.00037017896973892336,100.0,0.0,63.44444444444444,4.003085229922627,1.0555555555555556,0.2290614236454256,4.388888888888889,0.590563656263036,2
617,0.7465928529176928,0.1193507561786051,0.0653728189371321,0.02505196457840345,0.0008130584427712465,0.0003480444633172453,100.0,0.0,63.27777777777778,3.193840522623291,1.0555555555555556,0.2290614236454256,4.5,0.7637626158259734,2
618,0.750986034355543,0.12077658574335189,0.06413064874835978,0.025133533264017988,0.0008314142319864105,0.00036878495132627333,100.0,0.0,63.44444444444444,4.01693944056116,1.1388888888888888,0.32513055307554517,4.444444444444445,0.6849348892187752,2
619,0.7576878290854961,0.11555639612412952,0.062172171587996865,0.024054859320755146,0.0008933646249156107,0.00038024439849518326,100.0,0.0,63.666666666666664,2.6457513110645907,1.0555555555555556,0.2290614236454256,4.277777777777778,0.6502611061510902,2
620,0.7725153005676951,0.10123678092636162,0.059091563150401476,0.021188400217793956,0.0008924920038624666,0.00036022884227587305,100.0,0.0,63.333333333333336,2.8087165910587863,1.0,0.0,4.111111111111111,0.5665577237325317,2
621,0.7931338137646243,0.09054063551594328,0.05499225612645678,0.02018118715393111,0.0008431932309640757,0.00032763535263219114,100.0,0.0,63.111111111111114,2.1573875376608442,1.0555555555555556,0.2290614236454256,4.222222222222222,0.5328701692569688,2
622,0.8087537500114161,0.07917125190933684,0.05161552801127886,0.017806479136656853,0.0008138992091539166,0.0003385606342464824,100.0,0.0,63.5,3.8622100754188224,1.2222222222222223,0.41573970964154905,3.9444444444444446,0.5241100628920335,2
623,0.8255824370308614,0.07230919816248448,0.047485924966821795,0.01722215917566475,0.0007980662670932184,0.0004214577331831612,100.0,0.0,62.55555555555556,2.3856567281759875,1.0833333333333333,0.24999999999999997,4.388888888888889,0.7556372504853023,2
624,0.8336461934548585,0.06205297593086635,0.045805435244299746,0.016422896279484078,0.0007653397534137448,0.0003405890380288464,100.0,0.0,63.888888888888886,3.1426968052735447,1.1111111111111112,0.3142696805273545,4.277777777777778,0.558326423395605,2
625,0.8441176335552042,0.050385452560572704,0.04200219447616433,0.013699797160414981,0.0008215882001899531,0.00031243431267616767,100.0,0.0,63.22222222222222,2.8781852993308044,1.1111111111111112,0.3142696805273545,4.555555555555555,0.8314794192830981,2
626,0.8486510340231919,0.05345330364909912,0.04018424590475281,0.014910208548711112,0.0008229600230725719,0.0003270250960224359,100.0,0.0,63.611111111111114,3.0575750901815586,1.0555555555555556,0.2290614236454256,4.277777777777778,0.8695819912499182,2
627,0.8583117462265233,0.05024211921023547,0.038782113709093576,0.013932225912790891,0.0007698842231123228,0.00035853000916429386,100.0,0.0,62.666666666666664,2.96273147243853,1.3055555555555556,0.4129463540921807,4.0,0.5773502691896257,2
628,0.8708933090658244,0.04679794798435595,0.03598012203717707,0.01375534160306209,0.0007188881033692047,0.00028818308371956434,100.0,0.0,63.55555555555556,4.387130449422141,1.1666666666666667,0.3726779962499649,4.333333333333333,0.6666666666666666,2
629,0.8742464057702105,0.04378595998230167,0.034859732503562134,0.01395031899396377,0.0007163181376036934,0.00029737072338418733,100.0,0.0,63.666666666666664,3.1269438398822866,1.0277777777777777,0.1145307118227128,3.888888888888889,0.7370277311900889,2
630,0.8812853117122253,0.03624405685569062,0.03256152810633718,0.012907770194544803,0.0007265355143722704,0.0002875429639760181,100.0,0.0,63.111111111111114,3.177855476905576,1.0277777777777777,0.1145307118227128,4.388888888888889,0.8258927081843613,2
631,0.8875740846244222,0.030750244409759306,0.0297266792066977,0.01282455281185092,0.0007363944658501563,0.0002699960004951965,100.0,0.0,63.94444444444444,2.9902103646217535,1.0277777777777777,0.1145307118227128,4.277777777777778,0.8695819912499182,2
632,0.8949045501665397,0.02534422604837403,0.02632528638586405,0.011965641768808818,0.0007579156627709375,0.00025662562465430345,100.0,0.0,64.0,3.1446603773522015,1.0555555555555556,0.2290614236454256,4.0,0.6666666666666666,2
633,0.9043044315953317,0.02701553161368255,0.025632936638550253,0.01070382655941565,0.0006832089667496268,0.000274783572337179,100.0,0.0,64.0,3.1269438398822866,1.0833333333333333,0.24999999999999997,4.111111111111111,0.9938079899999066,2
634,0.9061189098673622,0.024759688736037632,0.02426606247039064,0.01012867661608139,0.0007175848982336436,0.0002977769610993873,100.0,0.0,62.333333333333336,3.1797973380564852,1.0555555555555556,0.2290614236454256,4.277777777777778,0.6502611061510902,2
635,0.9079594833890123,0.024681500527688586,0.02361822608647572,0.00881724442266166,0.0007228938452684065,0.0002831228999498606,100.0,0.0,62.44444444444444,2.6712922844825124,1.1666666666666667,0.3333333333333333,4.277777777777778,0.8031573497111645,2
636,0.9193622033530146,0.0236840955032515,0.021401793414010675,0.007815324361759973,0.0006245622921964244,0.00029399818092221597,100.0,0.0,64.55555555555556,2.852332811776319,1.0,0.0,4.277777777777778,1.0437941237808854,2
637,0.9204440986612517,0.028105895138492563,0.020224482607736956,0.006674519084125915,0.0006572778191680458,0.0002901429134576907,100.0,0.0,60.5,2.9486343354923554,1.2777777777777777,0.4479032082388083,4.333333333333333,0.8819171036881968,2
638,0.9178894365358867,0.031173190071784842,0.017996550539378032,0.009198366941882781,0.0007193019133988581,0.0003428737164374346,100.0,0.0,63.05555555555556,2.3681268317719018,1.0555555555555556,0.2290614236454256,4.166666666666667,0.7637626158259734,2
639,0.9204356723779282,0.03268831027890383,0.017610376451986223,0.008652102919951344,0.0006935426572036326,0.00035192574086268197,100.0,0.0,63.72222222222222,3.262677080005783,1.0,0.0,4.111111111111111,0.7370277311900888,2
640,0.9186633664694654,0.02909495385926953,0.018116432601704698,0.00810809855044601,0.0007200089111124889,0.0003348810155605779,100.0,0.0,62.611111111111114,3.4179085367271163,1.0,0.0,4.444444444444445,0.5983516452371671,2
641,0.9234006163269421,0.02948638892133573,0.019247743602222527,0.008424437898250524,0.0006400832799631131,0.0003021504813461275,100.0,0.0,64.16666666666667,1.9790570145063195,1.0,0.0,4.166666666666667,0.6871842709362768,2
642,0.9237878045265027,0.029631754648530236,0.02004215455713577,0.010591262861102338,0.0005822454708607676,0.0003123651725749765,100.0,0.0,64.05555555555556,2.9715731378480736,1.0,0.0,4.055555555555555,0.5241100628920335,2
643,0.9198280592029214,0.03237302408426455,0.022260935623304987,0.011225080698676754,0.000570941448879431,0.00030858287429030585,100.0,0.0,64.33333333333333,3.5118845842842465,1.0833333333333333,0.24999999999999997,4.388888888888889,1.0076865081787252,2
644,0.9171527070230029,0.03440364885620875,0.023196553534882265,0.012098504051222812,0.0005733986531807479,0.0003217736632157083,100.0,0.0,62.333333333333336,3.1622776601683795,1.0555555555555556,0.2290614236454256,4.277777777777778,0.558326423395605,2
645,0.9122049557450809,0.03994621383377087,0.024621741188528026,0.013073558285255228,0.0005920027590139649,0.00029980782835869774,100.0,0.0,63.888888888888886,2.4241582476968255,1.0555555555555556,0.2290614236454256,4.388888888888889,0.950957931590205,2
646,0.9061987725634402,0.043303704935547756,0.027764868139892034,0.013409192409969179,0.0005644037015365855,0.00021202315806443438,100.0,0.0,62.166666666666664,2.4324199198877374,1.1388888888888888,0.32513055307554517,4.222222222222222,0.628539361054709,2
647,0.89583638148016,0.04836628457724811,0.031412476499305925,0.012390425168544595,0.0005932194459739013,0.0002590819564553621,100.0,0.0,64.61111111111111,3.4179085367271163,1.0277777777777777,0.1145307118227128,4.333333333333333,0.4714045207910317,2
648,0.8884368015441846,0.04548026163818887,0.03498487257705832,0.01123553499224389,0.0005696141637873611,0.00022766780741085308,100.0,0.0,64.5,2.386303510546059,1.0555555555555556,0.2290614236454256,3.9444444444444446,0.5241100628920335,2
649,0.8719560718709056,0.04519163489295192,0.03983677489425037,0.01120210074742574,0.0005834179259454516,0.00021362083691855622,100.0,0.0,62.833333333333336,3.484090826727812,1.1666666666666667,0.37267799624996495,4.055555555555555,0.7049209744694178,2
650,0.8576839142491495,0.044673741546279844,0.042703734000573645,0.013054887119259223,0.000640164295167928,0.00025643043899810006,100.0,0.0,64.61111111111111,3.0756912301480916,1.0,0.0,4.277777777777778,0.558326423395605,2
651,0.8408530815066636,0.04895563049630222,0.04612265272241267,0.01267013866624649,0.0007102354560143911,0.00028027946507758677,100.0,0.0,63.666666666666664,2.7284509239574835,1.0277777777777777,0.1145307118227128,4.111111111111111,0.6573421981221795,2
652,0.8329784541246963,0.0539186354886155,0.04852428804553392,0.012896883939100812,0.00069783817265643,0.00025540319966431624,100.0,0.0,64.0,3.2145502536643185,1.0833333333333333,0.24999999999999997,4.333333333333333,0.5773502691896257,2
653,0.8192287139261663,0.05653582442465557,0.05112429630035147,0.013401128150520542,0.0007362944955723482,0.0003002112948241814,100.0,0.0,63.166666666666664,3.624760528488591,1.0833333333333333,0.24999999999999997,4.388888888888889,0.590563656263036,2
654,0.8018307579020552,0.060930190709194504,0.056311187614577776,0.013586625804154083,0.0006730288666431021,0.00026299236563057793,100.0,0.0,64.5,3.435921354681384,1.0555555555555556,0.2290614236454256,4.222222222222222,0.7856742013183862,2
655,0.7814896333147696,0.0646522494548975,0.06077311713755234,0.014617782297472468,0.0006714072790905464,0.00028832460321856745,100.0,0.0,64.0,3.8873012632302,1.0,0.0,4.111111111111111,0.4581228472908512,2
656,0.7594797821188205,0.06342491596218104,0.06429198146292542,0.014835021977323204,0.0007327226971159948,0.00032359848314621805,100.0,0.0,63.111111111111114,3.0530292586742416,1.0,0.0,4.166666666666667,0.8333333333333334,2
657,0.7404391978074388,0.06835013926119675,0.0676828338437212,0.01506583341832793,0.0007832049355331474,0.0003104870281411199,100.0,0.0,63.888888888888886,2.960647243216495,1.0277777777777777,0.1145307118227128,4.333333333333333,0.7453559924999299,2
658,0.7136054294957318,0.06648757228787898,0.07412898451052416,0.013102843312098607,0.0007357849318025913,0.0002907094895306424,100.0,0.0,62.72222222222222,2.8442057191489343,1.1111111111111112,0.2664350846284844,4.277777777777778,0.6502611061510903,2
659,0.698716760105299,0.06810681730691202,0.07677866576305707,0.012259981935792185,0.0007771529810402431,0.00039759094476375016,100.0,0.0,63.888888888888886,3.710179523792,1.1111111111111112,0.3142696805273545,3.8333333333333335,0.8975274678557507,2
660,0.6791016522754842,0.06240627644053552,0.07902234147293695,0.011768223979067184,0.000960205405847517,0.0005145808547866909,100.0,0.0,62.166666666666664,3.5,1.2222222222222223,0.41573970964154905,4.055555555555555,0.8480187512485416,2
661,0.664621361054347,0.06523353813583344,0.08139058272845495,0.013588026560138595,0.0010048598562258345,0.0005497761757390276,100.0,0.0,61.55555555555556,2.7532248207475254,1.1111111111111112,0.3142696805273545,4.333333333333333,0.8819171036881968,2
662,0.6527712826283851,0.06857076906295119,0.08445762247887684,0.014712306737245284,0.0009617459783162023,0.0004608004819609027,100.0,0.0,62.388888888888886,2.669558617051992,1.0,0.0,4.388888888888889,0.950957931590205,2
663,0.6541148572999087,0.08058711541300903,0.08422631186693325,0.015435211980508935,0.0009677503979846441,0.00035738994773614835,100.0,0.0,64.27777777777777,2.996397013369289,1.1111111111111112,0.3142696805273545,4.166666666666667,0.7637626158259734,2
664,0.6527543652962217,0.07791180609494106,0.08500863478027362,0.0136649636002532,0.0009658413030008201,0.0003748495152929187,100.0,0.0,63.27777777777778,2.103054803416411,1.1111111111111112,0.3142696805273545,3.9444444444444446,0.4044505494044732,2
665,0.6347788768749704,0.08480793762642629,0.08834798550597041,0.014443911100793955,0.0009920246216318608,0.0004481614544463379,100.0,0.0,64.11111111111111,2.579597059165311,1.0,0.0,4.111111111111111,0.4581228472908512,2
666,0.6365101167054648,0.09039193128447813,0.08825248174028061,0.016041662229894376,0.0009685265752719175,0.0004957102979971815,100.0,0.0,63.888888888888886,2.9606472432164956,1.0277777777777777,0.1145307118227128,4.277777777777778,0.7307192465536614,2
667,0.6387789772034773,0.08748435384392084,0.08781974663459852,0.01524504317418685,0.0009282510235343595,0.0005041769812432302,100.0,0.0,64.0,3.1622776601683795,1.0833333333333333,0.24999999999999997,3.9444444444444446,0.7049209744694178,2
668,0.6328545317071111,0.08653806447059631,0.0890171296191603,0.01598865000870765,0.0009174142840306931,0.00045989435029485543,100.0,0.0,63.55555555555556,2.8910248513905965,1.0,0.0,4.222222222222222,1.0304020550550783,2
669,0.6241058849219332,0.08199840135155605,0.09136899912453623,0.01524755523513466,0.0008775833829317359,0.0004174250958831643,100.0,0.0,63.666666666666664,2.886751345948129,1.0,0.0,4.444444444444445,0.6849348892187751,2
670,0.6123553840205385,0.08039379284723751,0.09343305940850063,0.014930833124375646,0.0008618102675765127,0.0004292193836545185,100.0,0.0,63.111111111111114,2.806517986736687,1.0555555555555556,0.2290614236454256,4.166666666666667,0.6009252125773316,2
671,0.6003679852569701,0.0878276438795531,0.09531394754390725,0.016551888465378497,0.000903502562933517,0.000481881736493176,100.0,0.0,63.22222222222222,2.249828525701843,1.0,0.0,4.222222222222222,0.6285393610547089,2
672,0.5826024275261844,0.09767344043744915,0.09851997987603851,0.01821917516027665,0.0008654844129699682,0.0004415729545369138,100.0,0.0,62.611111111111114,3.0575750901815586,1.0555555555555556,0.15713484026367724,4.055555555555555,0.7049209744694178,2
673,0.5594003194033249,0.09793455017044159,0.10267344241508805,0.018151854526207194,0.0008669972219816142,0.00035918286778693724,100.0,0.0,62.77777777777778,2.9917582261858358,1.0555555555555556,0.2290614236454256,4.388888888888889,0.48749802152178456,2
674,0.5351719417082824,0.09490346085272272,0.10715468956061097,0.01779108178012449,0.0009190303937017592,0.00034716354989225965,100.0,0.0,63.94444444444444,2.8180415228827553,1.0555555555555556,0.2290614236454256,4.5,0.7637626158259734,2
675,0.5273535125636727,0.09611336759712488,0.1085341403238767,0.017939192676021457,0.0010625858215491928,0.0004954434799148266,100.0,0.0,62.72222222222222,2.620550314460168,1.1388888888888888,0.32513055307554517,4.388888888888889,0.48749802152178456,2
676,0.52127639034513,0.10844302542016127,0.1088717609816987,0.020612827218677243,0.0011671531960773052,0.0006088566749658902,100.0,0.0,63.166666666666664,2.7131367660166177,1.0,0.0,4.333333333333333,0.6666666666666666,2
677,0.5226734278935493,0.13471429321401354,0.10853970491333316,0.025326373392159703,0.001149189932347445,0.0005607985307267133,100.0,0.0,63.333333333333336,2.8087165910587863,1.0833333333333333,0.24999999999999997,4.166666666666667,0.6871842709362768,2
678,0.5126294032652892,0.14633607569192159,0.11113290557055357,0.02710593506022164,0.0010228835417851647,0.0005381161361206412,100.0,0.0,62.888888888888886,2.6223163824902103,1.0555555555555556,0.2290614236454256,4.222222222222222,0.7114582486036499,2
679,0.4877455095984577,0.15082571352187624,0.1163218509670693,0.028147122692412877,0.0009879504860643871,0.0005792810268191676,100.0,0.0,62.77777777777778,3.504846732352779,1.1111111111111112,0.2664350846284844,4.277777777777778,0.558326423395605,2
680,0.4696647246930967,0.13507081483064032,0.12063134033037572,0.025499324226584026,0.0009584190457573095,0.0004515005427549372,100.0,0.0,65.0,3.34995854037363,1.0,0.0,4.111111111111111,0.8748897637790901,2
681,0.44777642170382087,0.13228742262837223,0.1244727484184706,0.02502126833855653,0.000982608769246964,0.0005844475791790526,100.0,0.0,63.22222222222222,3.2413226990699604,1.0555555555555556,0.2290614236454256,4.333333333333333,0.7453559924999299,2
682,0.4318159187889718,0.12943079425194592,0.1270917109907256,0.02564157530095284,0.0009740345503336461,0.0004827254605983952,100.0,0.0,63.77777777777778,3.567687635111627,1.0555555555555556,0.2290614236454256,4.444444444444445,1.0122703976826999,2
683,0.4087257498569095,0.12640492195257924,0.13193495732524732,0.02579120457471081,0.0010180741058406287,0.0004798245811586086,100.0,0.0,63.5,2.6299556396765835,1.0,0.0,4.333333333333333,0.5773502691896257,2
684,0.3941069007932988,0.11732815928150912,0.13444987441376402,0.0247185713688022,0.0011876894775587614,0.0005333466291269406,100.0,0.0,64.11111111111111,2.979352817287094,1.0555555555555556,0.2290614236454256,4.111111111111111,0.8089010988089463,2
685,0.39137902267867003,0.1025303260242262,0.1345332373029581,0.02123178858562371,0.0012215665585529137,0.0005684701270120101,100.0,0.0,64.33333333333333,1.855921454276674,1.0,0.0,4.166666666666667,0.5,2
686,0.39335390550287064,0.10540733955602201,0.1346133404030611,0.021439200679924497,0.0011965971279888595,0.0005997816867294387,100.0,0.0,64.5,2.91070819942883,1.0277777777777777,0.1145307118227128,4.0,0.6666666666666666,2
687,0.39132729331460975,0.12415893506749204,0.13559637953895534,0.025366352594554123,0.0011446918947726004,0.0004902018006794795,100.0,0.0,63.55555555555556,3.059088866208045,1.0,0.0,4.333333333333333,1.0540925533894598,2
688,0.38045684555165926,0.13744551479789396,0.13845339702440512,0.028465682777266327,0.0011290407995204253,0.0006149642126820495,100.0,0.0,63.888888888888886,3.160325034072865,1.0277777777777777,0.1145307118227128,4.055555555555555,0.7797593804232333,2
689,0.3772402564004824,0.16206259489358424,0.1403548404272141,0.0344722379932373,0.00107005822426771,0.0006465908309723691,100.0,0.0,63.27777777777778,3.9972984704332997,1.0833333333333333,0.24999999999999997,4.333333333333333,1.0540925533894598,2
690,0.37063540183258376,0.18577222956493236,0.14329385744673212,0.040023409724541596,0.0009752068325102116,0.000442510870003788,100.0,0.0,64.22222222222223,2.322727217818541,1.0,0.0,4.166666666666667,0.5,2
691,0.367802798924475,0.1819006582366685,0.14398430577892554,0.03941001484154664,0.0010391249655626693,0.0005834537626700408,100.0,0.0,63.166666666666664,3.730504880933232,1.0833333333333333,0.24999999999999997,4.055555555555555,0.8480187512485416,2
692,0.3685429346278495,0.17165361693856504,0.14342513241920382,0.037505440857293695,0.0011043988225088103,0.0007037833621616361,100.0,0.0,64.44444444444444,3.4029761846919007,1.0833333333333333,0.24999999999999997,3.9444444444444446,0.7797593804232335,2
693,0.36890250666994023,0.17583379953475134,0.14318503713749922,0.03685237818421564,0.0010709136097619009,0.0006651387877392594,100.0,0.0,64.0,3.4480268109295333,1.0555555555555556,0.2290614236454256,4.388888888888889,0.7556372504853023,2
694,0.3577033440902347,0.17678517808135413,0.1459503580172704,0.036706946493033174,0.0010374658877302105,0.0007142062531379002,100.0,0.0,63.77777777777778,1.90191586318041,1.0,0.0,4.0,0.4714045207910317,2
695,0.3396952945368607,0.1765031722203665,0.1498586808486516,0.037944266636750906,0.001033322720108835,0.0006797312076318713,100.0,0.0,62.611111111111114,2.6902888917340557,1.0833333333333333,0.24999999999999997,4.277777777777778,0.558326423395605,2
696,0.322716079804791,0.16950492465431902,0.1535495661818489,0.03664835127968222,0.001037728567440261,0.0008647778715839218,100.0,0.0,63.0,3.415650255319866,1.1666666666666667,0.3726779962499649,4.0,0.6666666666666666,2
697,0.29547996669230403,0.16561584682580616,0.15955120698046418,0.03737134615168178,0.0009978623533185163,0.0010452370369922223,100.0,0.0,63.55555555555556,2.3147407395555177,1.1111111111111112,0.3142696805273545,4.111111111111111,0.6573421981221795,2
698,0.2685571493846678,0.14981409277691085,0.1655411976222848,0.03433287342162624,0.0010418333529131367,0.0009608627685041513,100.0,0.0,63.27777777777778,3.014880789158919,1.0277777777777777,0.1145307118227128,4.388888888888889,0.8258927081843613,2
699,0.2656081239501402,0.14624348473822452,0.16718406303078603,0.03333801812672348,0.0010175173912496142,0.0008091804294690175,100.0,0.0,63.388888888888886,3.129410467890591,1.0555555555555556,0.2290614236454256,3.9444444444444446,0.8480187512485416,2
700,0.2596564683007308,0.12737879319649345,0.1686689186630811,0.02996328836692105,0.0010286865754370956,0.0007756951288225623,100.0,0.0,62.888888888888886,2.7464904654018394,1.0555555555555556,0.2290614236454256,4.388888888888889,0.5905636562630361,2
701,0.27281737322384597,0.11863355785233502,0.16472590573839846,0.027855839013625528,0.0010617872826442422,0.0007848447543601409,100.0,0.0,62.666666666666664,3.448026810929534,1.1111111111111112,0.3142696805273545,4.333333333333333,0.8819171036881968,2
702,0.2771221660989264,0.12975922115086688,0.16387132498411228,0.02926581154949051,0.0008849627426815663,0.0006363206227918886,100.0,0.0,63.44444444444444,2.966895538404153,1.0,0.0,4.444444444444445,1.0122703976826999,2
703,0.2672169694904731,0.13462309243065695,0.1665139750644249,0.03161383169119189,0.0008678191927733781,0.0008943283165784734,100.0,0.0,64.05555555555556,1.840055017964355,1.0,0.0,4.0,0.6666666666666666,2
704,0.26439789565558985,0.13328422406446663,0.16879038257708856,0.0325514021146406,0.0007746087004205768,0.0005413072167449233,100.0,0.0,62.94444444444444,2.247769813793768,1.0555555555555556,0.2290614236454256,4.444444444444445,0.8958064164776166,2
705,0.27199890315481934,0.1486833780194531,0.16813265880785783,0.036136611945759706,0.0008544749683558821,0.0006119570674770451,100.0,0.0,62.77777777777778,2.8781852993308044,1.0277777777777777,0.1145307118227128,4.333333333333333,0.5773502691896257,2
706,0.2781580362960251,0.15549235430966954,0.16648053968616994,0.037029939203858525,0.0008446895436865382,0.0006466524669321115,100.0,0.0,62.55555555555556,2.891024851390597,1.0,0.0,4.277777777777778,0.6502611061510902,2
707,0.27632882282619153,0.15718896226233248,0.16755340849393752,0.03864473360180652,0.0008319834271036755,0.0005423458551119303,100.0,0.0,63.666666666666664,3.3499585403736303,1.0555555555555556,0.2290614236454256,4.111111111111111,0.6573421981221795,2
708,0.2588756499118528,0.15016305651074244,0.17166372333654453,0.037404730604643416,0.0008043891931987772,0.0004933184885312881,100.0,0.0,63.22222222222222,2.593915006650834,1.1111111111111112,0.3142696805273545,4.222222222222222,0.628539361054709,2
709,0.24828233386380807,0.14968364390099342,0.17394337006209132,0.03788361778608373,0.000778777063909566,0.0004809165283266951,100.0,0.0,62.333333333333336,3.5433819375782165,1.1111111111111112,0.3142696805273545,4.111111111111111,0.8089010988089465,2
710,0.2472919301694161,0.14601065895266604,0.17317565878397853,0.03408538453771481,0.000783705388648531,0.00031920980894504635,100.0,0.0,63.44444444444444,2.948110924760355,1.0,0.0,4.166666666666667,0.6009252125773316,2
711,0.24026155166339425,0.13911036605900232,0.17486691995672846,0.03219590346033562,0.0009252583283835283,0.00047276036089252465,100.0,0.0,63.166666666666664,3.5158371849548313,1.1111111111111112,0.3142696805273545,4.111111111111111,0.7370277311900888,2
712,0.2362735084269043,0.13091328566700489,0.1735060700552764,0.030264496194618445,0.0009238093823596027,0.0005800736687581124,100.0,0.0,63.05555555555556,2.5921295882862676,1.0555555555555556,0.2290614236454256,4.333333333333333,0.8819171036881968,2
713,0.21587337700552595,0.12939114932617155,0.18024847559177679,0.0319129310855462,0.0008804216665557382,0.0005083546182217594,100.0,0.0,62.666666666666664,2.848001248439177,1.0833333333333333,0.24999999999999997,4.222222222222222,0.7856742013183862,2
714,0.20483764612670902,0.12949357362745453,0.18434028679520695,0.033343066757260814,0.0008741115831785933,0.0005046657544145387,100.0,0.0,64.22222222222223,3.6599264648890233,1.0555555555555556,0.2290614236454256,4.222222222222222,0.7856742013183862,2
715,0.2059979360505543,0.11578747327003068,0.18349226374751268,0.031007795273099943,0.0009641513942177939,0.000520620805222626,100.0,0.0,64.11111111111111,2.401131420552701,1.0,0.0,4.222222222222222,0.5328701692569688,2
716,0.2044891950405577,0.09440524040209272,0.18169031069741606,0.02560709316087729,0.0011814951406931675,0.0009308808782259491,100.0,0.0,63.666666666666664,2.3570226039551585,1.0277777777777777,0.1145307118227128,4.055555555555555,0.6211299937499416,2
717,0.2018811152603412,0.08336759708347448,0.181720900985293,0.023329097932102225,0.0010317313758266171,0.000565611159537423,100.0,0.0,62.388888888888886,2.8507092468149997,1.0555555555555556,0.2290614236454256,4.0,0.5773502691896257,2
718,0.18625571604538682,0.07305342810723463,0.18464859867549527,0.02031145768964595,0.001095009412772557,0.0007200928460774988,100.0,0.0,63.27777777777778,2.3992025424099097,1.0555555555555556,0.2290614236454256,3.8333333333333335,0.7637626158259734,2
719,0.17485846675334998,0.07696742443717626,0.18853261080342257,0.022593325081739078,0.0012384937291948703,0.0013198423701571886,100.0,0.0,63.27777777777778,3.1763983019828457,1.0555555555555556,0.2290614236454256,4.222222222222222,0.5328701692569688,2
720,0.20052797964180494,0.14842974254593935,0.18424853092710236,0.04122050839674747,0.0014064482074502176,0.0016484001200483221,100.0,0.0,63.55555555555556,1.8921540406584891,1.0,0.0,4.222222222222222,0.5328701692569688,2
721,0.2321862554640782,0.21826186372214096,0.1785576344139127,0.04999794086385191,0.001069644453294706,0.0010233613324548629,100.0,0.0,63.77777777777778,2.0153730163574504,1.0277777777777777,0.1145307118227128,4.444444444444445,0.5983516452371671,2
722,0.2382454639456648,0.22056142687205754,0.17800653226960123,0.050582333553976455,0.0007285458467207601,0.0006620435834965613,100.0,0.0,63.72222222222222,2.7849906354431737,1.0555555555555556,0.2290614236454256,4.277777777777778,0.6502611061510902,2
723,0.22918518136178623,0.19752213945128988,0.18002293909322273,0.04512629093184163,0.0008290574179407547,0.0007388679653604689,100.0,0.0,63.888888888888886,2.514157444218836,1.0,0.0,4.333333333333333,0.816496580927726,2
724,0.23172704091103646,0.17736712690258613,0.17885134666812189,0.04017769664469243,0.0009411193505994888,0.0007210809656869391,100.0,0.0,63.666666666666664,2.4267032964268394,1.1111111111111112,0.3142696805273545,4.222222222222222,1.0304020550550783,2
725,0.24100038265679416,0.1678509479859138,0.17941065687375918,0.041242698988474956,0.0008919939189052263,0.0007613241811473549,100.0,0.0,62.94444444444444,3.0271406057389507,1.0833333333333333,0.24999999999999997,4.388888888888889,0.8906233078822998,2
726,0.25508315486020716,0.13742648830516152,0.1707565438192179,0.032224551268775534,0.0007679577610770128,0.0007250137510628815,100.0,0.0,62.666666666666664,3.3166247903554003,1.1944444444444444,0.37781862524265125,4.055555555555555,0.6211299937499416,2
727,0.23814296849417138,0.12589515961698455,0.17532587028065263,0.032183447055954516,0.0008926910313612811,0.0007364955640189935,100.0,0.0,62.5,2.9486343354923554,1.0277777777777777,0.1145307118227128,4.0,0.7453559924999299,2
728,0.234352366660811,0.12863464168362151,0.17771096172841247,0.03376189138796282,0.0009205800439750186,0.0006435904696932477,100.0,0.0,62.5,3.2188679859713276,1.0833333333333333,0.25,4.277777777777778,0.4479032082388083,2
729,0.2584969096386493,0.138714460159658,0.16846287075526428,0.03047090483308889,0.0012211426121200436,0.0008228980794786151,100.0,0.0,63.44444444444444,2.499382639822665,1.0277777777777777,0.1145307118227128,4.444444444444445,0.8314794192830981,2
730,0.2638781830135552,0.14133251542698816,0.16830874846469437,0.03427719329202646,0.0011806957381477916,0.0010581279847007873,100.0,0.0,62.888888888888886,2.5141574442188355,1.0833333333333333,0.24999999999999997,4.444444444444445,0.8958064164776166,2
731,0.26394312024980854,0.15279841981302728,0.16812673132182004,0.03737281096365901,0.0010806790905438105,0.0007603164012161411,100.0,0.0,63.27777777777778,2.88300683229536,1.0,0.0,4.111111111111111,0.7370277311900888,2
732,0.2529372664925218,0.16009473530672444,0.17165075847948746,0.03871809420186084,0.0010639740744240078,0.0006133732341625304,100.0,0.0,63.388888888888886,3.1822229981377084,1.0555555555555556,0.2290614236454256,4.055555555555555,0.6211299937499416,2
733,0.2630687197819748,0.16305408964397347,0.16963314632852933,0.0399223981281844,0.0011229881786329024,0.0009626952351139501,100.0,0.0,63.0,4.910306620885412,1.1111111111111112,0.3142696805273545,4.388888888888889,0.6781419786518723,2
734,0.27801114995852605,0.13910543331452707,0.16357028430585846,0.03451102029388021,0.0013058737754770974,0.0012583474005311319,100.0,0.0,63.0,3.4480268109295333,1.0,0.0,4.388888888888889,0.7556372504853023,2
735,0.27659756195436547,0.14994332941843402,0.16438298312752683,0.03693176657536451,0.001228503649518487,0.0011395341146035495,100.0,0.0,62.22222222222222,2.5507200629442215,1.2222222222222223,0.41573970964154905,4.166666666666667,0.6871842709362768,2
736,0.27951928801459164,0.16540845398774107,0.1648527688553684,0.03993954965384464,0.0011277053555547385,0.0009929018665687228,100.0,0.0,63.888888888888886,2.903807632304885,1.0,0.0,3.8333333333333335,0.49999999999999994,2
737,0.2733163374213246,0.16709466010480178,0.16550741512790915,0.039469136053138856,0.001108062373727496,0.0008369502470413994,100.0,0.0,63.333333333333336,3.0368111930480994,1.0277777777777777,0.1145307118227128,4.555555555555555,0.8314794192830981,2
738,0.26357139430570775,0.14460598597338883,0.1654553067697634,0.03109296575828664,0.0012573356957765402,0.0008782721860350063,100.0,0.0,63.611111111111114,3.318950451387522,1.0,0.0,4.277777777777778,0.558326423395605,2
739,0.2481051197072529,0.15021435440557118,0.1715158602633249,0.03471831037027585,0.0011374567453972487,0.0007363654284589078,100.0,0.0,63.388888888888886,3.0210169165161163,1.0555555555555556,0.2290614236454256,4.222222222222222,0.9162456945817024,2
740,0.2431959211217603,0.1702325628375616,0.17693536449089156,0.042354224797352735,0.0009283299127694268,0.0005716239872910886,100.0,0.0,64.38888888888889,2.7312774562848565,1.0,0.0,4.222222222222222,0.5328701692569688,2
741,0.2481985181054379,0.16679225992010255,0.17540550753882195,0.04170617091608494,0.0009125208223114483,0.00048751876210175084,100.0,0.0,64.27777777777777,3.396167047906206,1.0,0.0,4.555555555555555,0.7617394000445604,2
742,0.2413267793208622,0.1593599813142635,0.1779875041922092,0.040745714246289866,0.0007320116590609179,0.0006684880581608238,100.0,0.0,63.166666666666664,2.034425935955617,1.0833333333333333,0.24999999999999997,4.444444444444445,0.5983516452371671,2
743,0.23778275703240398,0.14817914506972357,0.17832843791886158,0.03816361316746458,0.0007740896551196291,0.0004414814301061834,100.0,0.0,64.61111111111111,2.6486660980133814,1.0,0.0,4.333333333333333,0.8819171036881969,2
744,0.2338989189576401,0.13009773393828097,0.17735887616663365,0.03424796221061936,0.0007946786038950281,0.0004892486760034322,100.0,0.0,62.888888888888886,2.7261875880856214,1.0833333333333333,0.24999999999999997,4.333333333333333,0.7453559924999299,2
745,0.22399788649415198,0.14305621518646547,0.18076153463642453,0.036470060358277094,0.0008638027331025164,0.0005136422044911327,100.0,0.0,63.77777777777778,2.839318297595697,1.1111111111111112,0.3142696805273545,4.111111111111111,0.7370277311900888,2
746,0.23855875297909993,0.13845854654518724,0.17541526544999683,0.03274923100267854,0.0010380971836435526,0.0008164284587203608,100.0,0.0,63.611111111111114,2.5416287185995277,1.0,0.0,4.222222222222222,0.41573970964154905,2
747,0.23183606588712838,0.13632572421751527,0.17896362824357243,0.03663099406569256,0.0011389394870296044,0.0010618865000261942,100.0,0.0,62.94444444444444,3.290934048804419,1.0,0.0,4.666666666666667,0.9428090415820634,2
748,0.25847636784237366,0.1479001167153268,0.1710806194011675,0.03662769200756721,0.0009702416005621867,0.0008512128174828725,100.0,0.0,62.111111111111114,3.1952897432329794,1.1388888888888888,0.32513055307554517,4.388888888888889,0.6781419786518723,2
749,0.25289836053847276,0.15798697374832998,0.1728974962353314,0.03795325333871735,0.0008707647121926903,0.0006273567813756995,100.0,0.0,64.61111111111111,2.3837153281027703,1.0,0.0,4.277777777777778,0.558326423395605,2
750,0.24724242997521506,0.16684335995858487,0.17562251537169812,0.03935059636159984,0.0009098999360707162,0.0005568224285232052,100.0,0.0,63.44444444444444,3.402976184691901,1.1388888888888888,0.32513055307554517,4.333333333333333,0.5773502691896257,2
751,0.24296111285214847,0.16146586254707043,0.1773491959055612,0.040021776580154614,0.0009126182457537033,0.0005598192101402261,100.0,0.0,64.94444444444444,3.2227011138384833,1.0555555555555556,0.2290614236454256,3.9444444444444446,0.7049209744694178,2
752,0.23761740129140618,0.1305345565165643,0.17601381102215785,0.03177327883853056,0.0008663065295117818,0.0004984071737574383,100.0,0.0,64.5,2.753785273643051,1.0,0.0,4.166666666666667,0.5,2
753,0.22429066716495452,0.1195605600287282,0.17963667259224972,0.031990705792129,0.0008188663005033853,0.000643842156199142,100.0,0.0,63.27777777777778,2.42224770628796,1.0833333333333333,0.24999999999999997,4.0,0.7453559924999299,2
754,0.22050240981001562,0.11375923360410818,0.17870721533129244,0.030169133376501976,0.0009835903059480038,0.000760077720674758,100.0,0.0,63.05555555555556,3.7486623128527423,1.1944444444444444,0.3778186252426512,4.444444444444445,1.0657403385139377,2
755,0.21570014114481104,0.12188491751614818,0.18110883717293955,0.0323312549120638,0.0010480892092960895,0.0007603734203043232,100.0,0.0,63.44444444444444,3.2527291485120995,1.0,0.0,4.333333333333333,0.6666666666666666,2
756,0.22297758674866078,0.13549807861174104,0.17983824470228965,0.03534513405253429,0.001217521360683259,0.0007123456090457805,100.0,0.0,63.05555555555556,3.0271406057389507,1.0,0.0,4.555555555555555,0.8958064164776166,2
757,0.2330079291060463,0.16420648281369676,0.17934655020055545,0.041376125988662235,0.0010400562401393708,0.0005461498768030616,100.0,0.0,64.05555555555556,2.8571979712497315,1.0833333333333333,0.25,4.055555555555555,0.7797593804232335,2
758,0.24275213634100604,0.15778697500467154,0.17404314205937832,0.03756087698570486,0.0009401519963808453,0.0006243462631624245,100.0,0.0,63.166666666666664,3.149073937948531,1.1388888888888888,0.32513055307554517,4.055555555555555,0.6211299937499416,2
759,0.23382788571128174,0.1483890277713809,0.1777808902644982,0.03720601654127918,0.0011044237862454429,0.0007480865151739442,100.0,0.0,64.05555555555556,2.5706078447242833,1.0555555555555556,0.2290614236454256,4.055555555555555,0.9111788592698182,2
760,0.25553343391883077,0.14362188168056447,0.17184694123474886,0.03480727410253098,0.0012242440548705547,0.000850137653106334,100.0,0.0,63.5,3.1841621957571333,1.0833333333333333,0.24999999999999997,4.277777777777778,0.7307192465536614,2
761,0.26585415119164385,0.15388515144487958,0.17026572375543989,0.037952576874757955,0.0009304031449361911,0.0004892788091853397,100.0,0.0,61.888888888888886,4.55691036764664,1.1944444444444444,0.37781862524265125,4.055555555555555,0.6211299937499416,2
762,0.2511795031440418,0.12534481155758256,0.17180791928441375,0.03166207780827984,0.0008633718623606026,0.000525071227560948,100.0,0.0,62.388888888888886,3.86061147846482,1.1111111111111112,0.3142696805273545,4.0,0.7453559924999299,2
763,0.23004425595593536,0.1027471872214023,0.17629725855678333,0.02806376909827898,0.0007341530128340103,0.0005773542799260024,100.0,0.0,63.833333333333336,3.640054944640259,1.1666666666666667,0.3726779962499649,4.111111111111111,0.6573421981221795,2
764,0.22123637541807673,0.08132000289600855,0.17841227741464913,0.02180144467879231,0.000727160120285245,0.0004827893086933818,100.0,0.0,63.27777777777778,2.0764701767811955,1.0,0.0,4.0,0.4714045207910317,2
765,0.20852163008485416,0.08921767696916348,0.18225394891721539,0.025307592433920084,0.0007080583639336824,0.0004315085519142891,100.0,0.0,63.44444444444444,2.3856567281759875,1.0,0.0,4.0,0.5773502691896257,2
766,0.22384041806437013,0.11808935780345689,0.17885754187832942,0.028399292820735014,0.0008218987490143412,0.0004072799301806525,100.0,0.0,63.77777777777778,2.370081000855727,1.0833333333333333,0.25,4.111111111111111,0.5665577237325317,2
767,0.22019587824339956,0.12912325760740667,0.1809999522094902,0.032212896762524146,0.0008354233404998299,0.0003636004091634712,100.0,0.0,63.5,3.4681086744474685,1.1111111111111112,0.3142696805273545,4.222222222222222,0.7114582486036499,2
768,0.21634175556035296,0.11706689986451481,0.18120236996389552,0.028972781223340807,0.0009701579079535003,0.0005768112269638029,100.0,0.0,63.5,2.1666666666666665,1.0,0.0,4.111111111111111,0.7370277311900888,2
769,0.21047147516131026,0.11974496774089691,0.18300972561145462,0.030368613200591074,0.000895764937970888,0.0006627258293332114,100.0,0.0,63.77777777777778,2.462057756240038,1.0,0.0,4.333333333333333,0.8164965809277259,2
770,0.21355295251407191,0.13719342240650068,0.18300033353067355,0.03555189164841864,0.0007726749238763041,0.0006797008772779697,100.0,0.0,63.388888888888886,3.4179085367271163,1.0,0.0,4.5,0.8975274678557507,2
771,0.212773951179137,0.14454303139836636,0.18371086244875987,0.038165574910972416,0.0009309999858553342,0.0009288054172295517,100.0,0.0,63.72222222222222,3.678851806920734,1.0833333333333333,0.24999999999999997,4.388888888888889,0.8258927081843613,2
772,0.22869377904474394,0.16552601506786652,0.18036820423800723,0.04176649250264806,0.0008503558953641306,0.000667225779770265,100.0,0.0,64.83333333333333,3.253203549323856,1.0833333333333333,0.24999999999999997,4.222222222222222,0.7856742013183862,2
773,0.23126508913882113,0.1589476943633118,0.17806495618626064,0.03899864941141674,0.000790774833566583,0.000718350676660279,100.0,0.0,63.22222222222222,3.9518709430619423,1.1111111111111112,0.3142696805273545,4.333333333333333,0.7453559924999299,2
774,0.21252771595925024,0.14045621143491335,0.18290613078099793,0.03591912986925234,0.0007199491084985747,0.0006144850532694648,100.0,0.0,64.16666666666667,3.2360813064912666,1.0,0.0,4.111111111111111,0.6573421981221795,2
775,0.19628653835970716,0.12230818426036422,0.18566163390039503,0.03262972593419411,0.0007091847215056788,0.0006346710085570318,100.0,0.0,63.388888888888886,2.870131411797664,1.0,0.0,4.166666666666667,0.6009252125773316,2
776,0.1690184470313646,0.10516400499576191,0.19364149001661224,0.030827459725528087,0.0006787159311626554,0.000491648437777277,100.0,0.0,62.611111111111114,1.975935471530971,1.0,0.0,4.055555555555555,0.7049209744694178,2
777,0.15996972290820352,0.08290523812547926,0.19617760640569545,0.026382380697269357,0.0008857652844368011,0.0005403797398713737,100.0,0.0,62.22222222222222,2.9917582261858358,1.1666666666666667,0.3726779962499649,4.666666666666667,0.7453559924999299,2
778,0.17584912529232546,0.07546449293707169,0.19072180899800018,0.02381285467787898,0.0011854517839702346,0.0005866120653847445,100.0,0.0,62.388888888888886,2.7312774562848565,1.1388888888888888,0.32513055307554517,4.055555555555555,0.6211299937499416,2
779,0.1866991713351297,0.08677685941501774,0.1856619994855648,0.0224872839815044,0.0011887591533734894,0.0006623487290055731,100.0,0.0,64.33333333333333,2.449489742783178,1.0555555555555556,0.2290614236454256,4.111111111111111,0.7370277311900888,2
780,0.17534787729382106,0.0925580351251955,0.19036595592354205,0.02577624285191469,0.0009454720449822832,0.0007203995570801173,100.0,0.0,63.833333333333336,3.562926387738658,1.1111111111111112,0.3142696805273545,4.222222222222222,0.628539361054709,2
781,0.17002559631918798,0.08394473703153173,0.19190867974710957,0.024119931216428914,0.00108630640288647,0.0008636590986382622,100.0,0.0,63.55555555555556,3.269764215458258,1.0555555555555556,0.2290614236454256,4.166666666666667,0.6871842709362768,2
782,0.17489097288371755,0.09495745987606487,0.1918732515727536,0.026312581184033856,0.0010716575800042809,0.0006558284038925966,100.0,0.0,62.77777777777778,2.5507200629442215,1.0,0.0,4.444444444444445,0.5983516452371671,2
783,0.20125203120861784,0.11174669926114317,0.18540673487525927,0.028380713550949045,0.001129492550070517,0.0008591214469738601,100.0,0.0,63.0,3.5118845842842465,1.1111111111111112,0.3142696805273545,4.166666666666667,0.5,2
784,0.2193026314863206,0.15241520583699858,0.18363256197664024,0.037682377933082406,0.0010233422448905124,0.000697131600803276,100.0,0.0,64.11111111111111,2.960647243216495,1.0277777777777777,0.1145307118227128,4.0,0.6666666666666666,2
785,0.24412474506737636,0.16787817562051938,0.17660034376788297,0.04167937381148686,0.0007087309554893225,0.0007684606526096691,100.0,0.0,64.55555555555556,2.3386183533165767,1.0,0.0,4.166666666666667,0.6871842709362769,2
786,0.23547578090702861,0.16037943837351945,0.1781384514460449,0.04176774616549843,0.0007312216642574429,0.0006553632269827208,100.0,0.0,62.77777777777778,3.275422882885261,1.0277777777777777,0.1145307118227128,4.388888888888889,0.6781419786518723,2
787,0.22883711596911865,0.1535307879930719,0.17881595035173115,0.04136346314727118,0.0006529174777984638,0.0004549722498735587,100.0,0.0,63.888888888888886,2.1314806770278754,1.0,0.0,4.0,0.3333333333333333,2
788,0.20919369380588482,0.13263867800511656,0.18218668640872485,0.034514002588633914,0.0007747803658953125,0.000489201061970633,100.0,0.0,64.94444444444444,2.2229165581936177,1.0,0.0,4.0,0.5773502691896257,2
789,0.1920038735585604,0.13419772331833743,0.18814876583348575,0.0366001114703693,0.0009379745061398145,0.0007267059406688669,100.0,0.0,64.0,3.073181485764296,1.0277777777777777,0.1145307118227128,4.055555555555555,0.6211299937499415,2
790,0.19019307163264,0.13875429980382692,0.19028421737907508,0.038207112423717396,0.0009580033817629059,0.0005232483020462963,100.0,0.0,64.11111111111111,3.089208616546187,1.0833333333333333,0.24999999999999997,4.111111111111111,0.7370277311900888,2
791,0.20117663760503804,0.13542990477731684,0.187155883948976,0.036136993585733405,0.0009466923018097419,0.000539948782924521,100.0,0.0,63.0,2.848001248439177,1.0,0.0,4.166666666666667,0.8333333333333334,2
792,0.21115648500099787,0.1386088574628674,0.18227338933584733,0.035553437064968205,0.0010791366275779658,0.0005453894145327261,100.0,0.0,62.27777777777778,2.8636719930799717,1.1944444444444444,0.37781862524265125,4.333333333333333,1.0,2
793,0.21090130306754185,0.1422899735207235,0.18194490404166516,0.03531131460004149,0.001160200814762537,0.0008071798321247145,100.0,0.0,62.166666666666664,2.91070819942883,1.1666666666666667,0.3726779962499649,4.277777777777778,0.6502611061510902,2
794,0.22617050942850034,0.16110245206974438,0.17898788829369494,0.03893747480464881,0.0012655035149403842,0.000855720896122017,100.0,0.0,64.5,3.6094013046179527,1.1666666666666667,0.3726779962499649,4.055555555555555,0.5241100628920335,2
795,0.2362087304927583,0.17667280895275211,0.17796819676813325,0.04155521966797911,0.0013144545292555648,0.0009196375993100562,100.0,0.0,63.833333333333336,2.733536577809454,1.0555555555555556,0.2290614236454256,4.333333333333333,0.5773502691896257,2
796,0.2481662629198597,0.19295833317835442,0.17628308500199774,0.04473777215451503,0.0009975120353112404,0.0007052633500869425,100.0,0.0,64.05555555555556,4.3265616605416755,1.1111111111111112,0.3142696805273545,4.277777777777778,0.6502611061510902,2
797,0.25613962771160337,0.16175518006334322,0.17077415911057428,0.03625928740025303,0.0009722292328285136,0.0009081471054464513,100.0,0.0,63.111111111111114,3.3481153718487473,1.1111111111111112,0.3142696805273545,4.555555555555555,0.8958064164776166,2
798,0.2561446076829908,0.1559855637039572,0.17043667332896406,0.03601877262226647,0.0009791713829038222,0.0009053395712282571,100.0,0.0,62.22222222222222,3.24132269906996,1.0555555555555556,0.2290614236454256,4.666666666666667,0.7453559924999299,2
799,0.23839902821288195,0.14603722870638353,0.17625795972179503,0.03734434432379745,0.0007811219071174867,0.0005724190750153194,100.0,0.0,62.833333333333336,2.9107081994288304,1.0555555555555556,0.2290614236454256,4.333333333333333,0.5773502691896257,2
800,0.23477000229406805,0.13357890251540117,0.17603989146430252,0.0344613384243669,0.0008822117397371979,0.0004716359467334045,100.0,0.0,63.111111111111114,2.7261875880856214,1.0277777777777777,0.1145307118227128,4.388888888888889,0.48749802152178456,2
801,0.23311757748177556,0.1304129343880286,0.17616357448463865,0.034269314087398896,0.000942411359429844,0.0005138025219652967,100.0,0.0,63.0,2.5385910352879693,1.0555555555555556,0.2290614236454256,4.166666666666667,0.6871842709362769,2
802,0.23489170406848667,0.13946881107361422,0.17521697624173,0.03485693918917024,0.0009644956476271583,0.0006094147412707742,100.0,0.0,63.94444444444444,2.990210364621753,1.0555555555555556,0.2290614236454256,4.055555555555555,0.7049209744694178,2
803,0.23854158420766985,0.14195458643433703,0.17476211273514386,0.03474653241897694,0.0009211304046714849,0.00048716290606580503,100.0,0.0,63.72222222222222,3.3467323292953406,1.0555555555555556,0.15713484026367724,4.111111111111111,0.5665577237325317,2
804,0.23917994978873025,0.14869449816489502,0.17627557139474653,0.037101701080529244,0.0010082067199896749,0.0006030089436966585,100.0,0.0,63.388888888888886,3.4663283310681106,1.1388888888888888,0.32513055307554517,3.7777777777777777,0.5328701692569688,2
805,0.26523074444615474,0.15082218605355596,0.16885456332373464,0.034382345335079625,0.0012088254910164644,0.0008392090698425251,100.0,0.0,63.22222222222222,3.3259176771323924,1.0277777777777777,0.1145307118227128,4.444444444444445,1.11665284679121,2
806,0.2753367833127521,0.1505111628119781,0.16526236040454412,0.036830442107251275,0.0010542464321561542,0.0006023612842551125,100.0,0.0,64.22222222222223,2.8781852993308044,1.0555555555555556,0.2290614236454256,4.0,0.5773502691896257,2
807,0.2626226027466798,0.14183770696284376,0.1674955146304764,0.03638012246291085,0.0009929088661899453,0.0006722297346153462,100.0,0.0,63.833333333333336,2.9486343354923554,1.0,0.0,4.444444444444445,0.6849348892187752,2
808,0.26010711900589634,0.12642841495319468,0.16810090784646586,0.032443359442604354,0.0010914838719928036,0.0006777690525097598,100.0,0.0,63.5,2.544056253745625,1.0555555555555556,0.2290614236454256,4.055555555555555,0.6211299937499416,2
809,0.2737536881631042,0.13674662622938627,0.16431617431497691,0.032496950894581544,0.0011278031860119933,0.0006004899849998194,100.0,0.0,63.27777777777778,3.330091015699046,1.0,0.0,4.333333333333333,0.5773502691896257,2
810,0.28057003407390935,0.14810416968756054,0.16306743256517595,0.03536816775293909,0.0011199986105796627,0.0007196392028886778,100.0,0.0,63.666666666666664,2.9059326290271157,1.0555555555555556,0.2290614236454256,4.222222222222222,0.9162456945817024,2
811,0.2904465331406916,0.1618943690240954,0.16140358400626845,0.03828702854861559,0.0010589448338351232,0.0005751051029236248,100.0,0.0,62.333333333333336,2.4720661623652207,1.0,0.0,4.277777777777778,0.7307192465536614,2
812,0.3025609884115783,0.1693373386898303,0.15984618520185326,0.038884054446016135,0.001010250564578821,0.000440547403466891,100.0,0.0,63.888888888888886,3.3811386788228757,1.0555555555555556,0.2290614236454256,4.277777777777778,0.8031573497111645,2
813,0.3123939020214547,0.16915854436218036,0.15840093250859155,0.03794449899527495,0.0009052136336910326,0.0003172890969305336,100.0,0.0,63.166666666666664,2.6087459737497545,1.0,0.0,4.333333333333333,1.0,2
814,0.3219913783299356,0.16067246186688236,0.1552529932940164,0.03465904101768209,0.000860715171063243,0.00043129639016935956,100.0,0.0,63.05555555555556,3.47166662221511,1.0555555555555556,0.2290614236454256,4.333333333333333,0.7453559924999298,2
815,0.3193367708662078,0.1542388776208977,0.15529524260004968,0.034117982543383774,0.0008099316090301599,0.0004810329440528637,100.0,0.0,63.72222222222222,2.996397013369289,1.0,0.0,4.111111111111111,0.8089010988089463,2
816,0.315033830271377,0.151948687352527,0.15637659159681006,0.03407618330120134,0.000743838782942628,0.0003010417339809704,100.0,0.0,64.55555555555556,2.0875882475617704,1.0555555555555556,0.15713484026367724,3.888888888888889,0.5665577237325317,2
817,0.30736722923905824,0.16136840076818815,0.15815710517344533,0.0353620849395999,0.0007750538844476637,0.0003242747896088717,100.0,0.0,64.27777777777777,3.7830845080518265,1.0833333333333333,0.24999999999999997,4.111111111111111,0.5665577237325317,2
818,0.29149708582901473,0.15278812246606466,0.1619017439509424,0.03432782774579477,0.0007147144761820881,0.00022071845370856408,100.0,0.0,63.0,2.2852182001336816,1.0,0.0,4.055555555555555,0.4044505494044732,2
819,0.28789659614995045,0.1536799644762333,0.16254094084820367,0.03533491834457611,0.0008144667150406733,0.00037969789535300617,100.0,0.0,62.5,2.9486343354923554,1.0555555555555556,0.2290614236454256,4.5,1.0671873729054748,2
820,0.2909001122802575,0.14724429157031219,0.1606614235617177,0.03396916205102193,0.0009332609428584489,0.0005595749604673358,100.0,0.0,64.22222222222223,3.5986966090448105,1.0555555555555556,0.2290614236454256,4.111111111111111,0.6573421981221795,2
821,0.2807840732732345,0.1419793111359605,0.16253864350136693,0.03457577605881747,0.000965654532506244,0.00062980217074249,100.0,0.0,62.5,2.753785273643051,1.0555555555555556,0.2290614236454256,4.222222222222222,0.6285393610547089,2
822,0.27077638392067616,0.13323930303231654,0.16394679203228027,0.03273479734726757,0.001069345727270853,0.0007061289133739325,100.0,0.0,63.833333333333336,2.813657169355689,1.1666666666666667,0.3333333333333333,4.222222222222222,0.7114582486036499,2
823,0.2664714942896212,0.13033314801136087,0.16504745955271388,0.03271584888010442,0.001131821480063625,0.0007164396201456521,100.0,0.0,63.611111111111114,2.9653346989072262,1.1111111111111112,0.3142696805273545,4.0,0.5773502691896257,2
824,0.2738153693461187,0.14011781988244199,0.1643177791300465,0.03345696736026224,0.0010992883286606123,0.0005865176727794535,100.0,0.0,62.72222222222222,3.3632913039256245,1.0555555555555556,0.2290614236454256,4.277777777777778,0.7307192465536614,2
825,0.27851052477370153,0.1542864085914366,0.16437679121757717,0.03664386173047488,0.001100747168467174,0.0005607843463111461,100.0,0.0,62.666666666666664,3.590109871423003,1.2222222222222223,0.41573970964154905,4.277777777777778,0.7307192465536614,2
826,0.2940126293204067,0.1752150203350757,0.16224268249301677,0.04115530633538035,0.0010447126754312998,0.0005414521084152206,100.0,0.0,63.388888888888886,4.231349783184358,1.1111111111111112,0.3142696805273545,4.166666666666667,0.8333333333333334,2
827,0.31210363114507766,0.18683796642586942,0.15736734802701738,0.04111843080921616,0.0011650917356824354,0.0007894668401797418,100.0,0.0,64.16666666666667,1.740051084818425,1.0277777777777777,0.1145307118227128,4.333333333333333,0.6666666666666666,2
828,0.32060287737682375,0.19543312496854748,0.1556302662768558,0.042916500435495504,0.0011455375871360892,0.0008193186088106188,100.0,0.0,63.44444444444444,3.113094605804867,1.0277777777777777,0.1145307118227128,3.9444444444444446,0.6211299937499416,2
829,0.32668038492890594,0.194170734766951,0.1534096394982498,0.04228225452426145,0.0012173503003806724,0.0009725171535086159,100.0,0.0,63.166666666666664,3.760171390892826,1.1666666666666667,0.3726779962499649,4.444444444444445,0.6849348892187752,2
830,0.3313680241416022,0.18803713265313016,0.1514906358667792,0.040144993259183116,0.0013401352319942815,0.0009925289138284377,100.0,0.0,62.888888888888886,2.8458329944145997,1.0555555555555556,0.2290614236454256,4.333333333333333,0.8164965809277259,2
831,0.35722631460331555,0.18618447685304568,0.144533601636173,0.038542832510369426,0.001373004807320501,0.000944501721111691,100.0,0.0,63.94444444444444,2.8958250066493667,1.0277777777777777,0.1145307118227128,4.5,0.9574271077563381,2
832,0.3791663917604937,0.17501090701165287,0.13913260658012805,0.03639285677462462,0.001478517296802785,0.0009981060811730443,100.0,0.0,62.888888888888886,2.6434171674156266,1.0555555555555556,0.2290614236454256,4.444444444444445,0.7617394000445604,2
833,0.4064824791425525,0.17903426125227184,0.13306818526010097,0.03727430258476493,0.0013903123879047228,0.0010078450892345968,100.0,0.0,62.888888888888886,2.491962388000645,1.0,0.0,4.444444444444445,0.8314794192830981,2
834,0.4245135688623687,0.18526992747347718,0.1297404646533449,0.03801431017698541,0.0011562992808271412,0.0007568932983890708,100.0,0.0,63.388888888888886,3.5455588634686337,1.0833333333333333,0.24999999999999997,4.0,0.6666666666666666,2
835,0.44074751429933845,0.19594851167620295,0.12747618315709572,0.03946890541978949,0.0009988220412157816,0.00055471966445157,100.0,0.0,64.66666666666667,3.2489314482696545,1.0,0.0,4.333333333333333,0.7453559924999299,2
836,0.44974133030053426,0.18781433111092707,0.1262167642174007,0.03766444241902401,0.0009576865253997805,0.0004990713479977271,100.0,0.0,62.833333333333336,3.113590282044901,1.0,0.0,4.222222222222222,0.6285393610547089,2
837,0.4563931342606468,0.18253014161696648,0.12445341538065387,0.036563321876327944,0.0008820536742836961,0.00038107514867894484,100.0,0.0,62.94444444444444,2.120592742665813,1.1388888888888888,0.32513055307554517,4.222222222222222,0.7114582486036499,2
838,0.4641412472266178,0.1759646537887463,0.1233190275817509,0.034678303237609114,0.0008245155870181414,0.0004933126943642937,100.0,0.0,63.05555555555556,3.00873214756689,1.0555555555555556,0.2290614236454256,4.111111111111111,0.5665577237325317,2
839,0.4622546598635575,0.16697643882165777,0.1230021651671679,0.03474529261502087,0.0008688106772278587,0.0005914878845536534,100.0,0.0,62.05555555555556,2.634645711417639,1.1111111111111112,0.3142696805273545,4.333333333333333,0.7453559924999299,2
840,0.4628902165344364,0.16291022794394322,0.1230179151190224,0.03447328580916322,0.000861669745597906,0.00045400791158626473,100.0,0.0,63.5,2.3392781412697,1.0555555555555556,0.2290614236454256,4.388888888888889,0.5905636562630361,2
841,0.4579496583751361,0.16074423025781337,0.12466489937695223,0.03370478677226848,0.0007514806883505191,0.00041042005078217495,100.0,0.0,62.55555555555556,2.2415823335368907,1.0555555555555556,0.2290614236454256,4.277777777777778,0.7307192465536614,2
842,0.4625062865425453,0.15554359292744074,0.12350619114317081,0.03242807020008326,0.0008058254349545342,0.00034119929344972636,100.0,0.0,62.611111111111114,4.124976617965904,1.1666666666666667,0.3726779962499649,4.277777777777778,0.9312808119022339,2
843,0.46742849394272834,0.1465321027197604,0.12225860046627236,0.030503820904669958,0.0008065997503074517,0.00027023018249864737,100.0,0.0,62.94444444444444,3.2740091329239043,1.0277777777777777,0.1145307118227128,4.333333333333333,0.816496580927726,2
844,0.477338900991453,0.14188887432941663,0.12001534023062058,0.02898106874472065,0.0009333267090518228,0.0003894243240771482,100.0,0.0,63.22222222222222,3.9377878103709665,1.1666666666666667,0.3726779962499649,4.222222222222222,0.5328701692569688,2
845,0.4911348160065998,0.14581763439234122,0.11761515050593838,0.029747070498124518,0.0009760434710401485,0.000398644828419977,100.0,0.0,63.27777777777778,2.4676924793903123,1.1388888888888888,0.32513055307554517,4.0,0.7453559924999299,2
846,0.5087078985396976,0.153244214247854,0.11393551507002428,0.030743340978501777,0.0009587979594905883,0.0004155464873872959,100.0,0.0,63.611111111111114,2.6276074645301035,1.0555555555555556,0.2290614236454256,4.0,0.6666666666666666,2
847,0.5251176903943119,0.1638011718796361,0.11127931152357348,0.032965070924822155,0.0008424138950388706,0.00034600168321804905,100.0,0.0,63.94444444444444,2.391471472225654,1.0,0.0,4.222222222222222,0.5328701692569688,2
848,0.5350765224814367,0.15576459308820215,0.10958166582826682,0.030690040217921915,0.0008127122493300728,0.0003847478996416458,100.0,0.0,64.0,2.943920288775949,1.0555555555555556,0.2290614236454256,3.9444444444444446,0.5241100628920335,2
849,0.5459132478494491,0.13938358086402436,0.10713025663002756,0.02679940236648444,0.0008632233339760726,0.0005166671737830368,100.0,0.0,62.72222222222222,2.7849906354431737,1.0555555555555556,0.2290614236454256,4.5,0.5,2
850,0.5619563643623048,0.1251672448787586,0.10235431282936089,0.024169515171763054,0.0009527951487538471,0.0005180544940034972,100.0,0.0,64.5,3.890872509976251,1.0,0.0,4.111111111111111,0.7370277311900888,2
851,0.5800845980404631,0.12985701044420442,0.09886390748453726,0.02464874762552944,0.0008761695535243588,0.0004417313171040358,100.0,0.0,63.666666666666664,2.5385910352879697,1.0,0.0,4.055555555555555,0.6211299937499416,2
852,0.5829472998896188,0.13215932272851033,0.09780776144166117,0.025966990266344952,0.0008397081041643407,0.0004962369400501118,100.0,0.0,63.55555555555556,3.3701668640229108,1.0,0.0,4.222222222222222,0.628539361054709,2
853,0.582076952251373,0.11981042387380625,0.09813315620790558,0.023147971261545334,0.000939488227118312,0.0005204031626460916,100.0,0.0,64.61111111111111,1.889705705743883,1.0,0.0,4.055555555555555,0.5241100628920335,2
854,0.5958717901694371,0.11749042617546711,0.09464454276322817,0.02449352096444233,0.0010096210952145745,0.0004682273738644289,100.0,0.0,63.888888888888886,2.8262438537726458,1.1111111111111112,0.3142696805273545,3.9444444444444446,0.9702360664762767,2
855,0.6137560728006128,0.11958628184536324,0.08992252769330006,0.025039220561622527,0.0011404060858551783,0.00048582315780397207,100.0,0.0,63.77777777777778,3.6294406602357947,1.1111111111111112,0.3142696805273545,4.166666666666667,0.6871842709362768,2
856,0.6405200462032175,0.12467054951400787,0.08345367843194887,0.026232154777832074,0.001170978539339389,0.00048760579187476347,100.0,0.0,63.888888888888886,1.9688939051854835,1.0,0.0,4.055555555555555,0.5241100628920335,2
857,0.6674963081240021,0.12748607385572813,0.0778840256436959,0.026508035024808023,0.001156362823673623,0.0005374739079597634,100.0,0.0,63.0,3.48010216963685,1.1111111111111112,0.3142696805273545,4.166666666666667,0.6009252125773316,2
858,0.6948010633218124,0.12458726381427694,0.0722452361732717,0.026225798045219992,0.0011340387203340881,0.000506112508935534,100.0,0.0,63.44444444444444,3.9752319599996264,1.0833333333333333,0.25,4.111111111111111,0.5665577237325317,2
859,0.7096760145702917,0.10733603683313843,0.07050419667940688,0.023684512039995196,0.0010677795373610788,0.00039032513089207676,100.0,0.0,62.77777777777778,3.375657229102958,1.1111111111111112,0.3142696805273545,4.333333333333333,0.8819171036881968,2
860,0.7320544665107379,0.11283821326434598,0.066369971727075,0.023479917359796595,0.0009626432372031404,0.0004401839431085827,100.0,0.0,61.666666666666664,2.5166114784235836,1.1666666666666667,0.3333333333333333,4.388888888888889,0.950957931590205,2
861,0.7397237613742457,0.11180855105581977,0.06417263885032126,0.024638469019363146,0.0009545868034719775,0.0004940305053749226,100.0,0.0,62.833333333333336,2.8722813232690148,1.1111111111111112,0.3142696805273545,4.333333333333333,0.6666666666666666,2
862,0.7492499124695485,0.10253046088822522,0.06314000402884319,0.02311797325723034,0.0008907572491696172,0.0005093346721485423,100.0,0.0,63.44444444444444,2.4993826398226653,1.0833333333333333,0.24999999999999997,4.0,0.7453559924999299,2
863,0.7599085462758126,0.10377976582539279,0.06075129123548026,0.024624164917748992,0.0008160365223617342,0.0004934110357708627,100.0,0.0,63.611111111111114,2.606378690164422,1.0555555555555556,0.2290614236454256,4.166666666666667,0.6871842709362768,2
864,0.7609054037053293,0.09516326248976464,0.061341481762979516,0.021242518274783864,0.0008130956332400067,0.00046756207103338445,100.0,0.0,64.05555555555556,2.6971635764307456,1.1111111111111112,0.3142696805273545,4.111111111111111,0.31426968052735443,2
865,0.7577197720006555,0.09651442297884802,0.06220140184685741,0.02150475087750181,0.0008015134667529917,0.00041745108501115133,100.0,0.0,64.27777777777777,3.6179422567033197,1.0555555555555556,0.2290614236454256,4.055555555555555,0.7049209744694178,2
866,0.7675679309373926,0.09058833634597922,0.06020504565157214,0.021200325272495695,0.0007922653659053359,0.000451628454943688,100.0,0.0,63.44444444444444,2.2415823335368903,1.0555555555555556,0.2290614236454256,4.333333333333333,1.0,2
867,0.766633255120952,0.08843338605323728,0.06114345676555119,0.02131659640153419,0.0007505994197890827,0.000405513262531582,100.0,0.0,63.888888888888886,2.5361582690029616,1.0,0.0,4.0,0.5773502691896257,2
868,0.7789270019242386,0.0811712915204722,0.058409725040961855,0.019673644800055456,0.0007720265127511014,0.0003659711924139996,100.0,0.0,63.77777777777778,2.1227747971714224,1.0,0.0,4.277777777777778,0.6502611061510902,2
869,0.7884965536846538,0.0735970010607382,0.05613345627932039,0.019222057160918633,0.0007839803270086039,0.000359323625418827,100.0,0.0,63.111111111111114,3.5572912430182497,1.1111111111111112,0.2664350846284844,4.277777777777778,0.8031573497111645,2
870,0.8039540627803761,0.06948478826007505,0.05226845440550049,0.019389364324138635,0.0007766523945531651,0.0003143088113130271,100.0,0.0,62.388888888888886,3.9319049509378883,1.25,0.4166666666666667,4.222222222222222,0.7856742013183862,2
871,0.8132727856923849,0.06375599114671114,0.0501287874508459,0.018867277660037936,0.0007632094162840655,0.0002857039569932287,100.0,0.0,64.72222222222223,3.141223320717151,1.0,0.0,3.7222222222222223,0.558326423395605,2
872,0.8196439047521299,0.0578742595563618,0.047262350798931055,0.018430759403725513,0.0008301197858123023,0.0003049531939801208,100.0,0.0,63.0,2.4720661623652207,1.1111111111111112,0.3142696805273545,4.111111111111111,0.5665577237325317,2
873,0.8259655808705497,0.04954021971794119,0.04519678860643342,0.017135193510113042,0.0008809856502920045,0.00031444433354268857,100.0,0.0,63.77777777777778,2.9543857334018515,1.0555555555555556,0.2290614236454256,4.222222222222222,0.7114582486036499,2
874,0.837494488466091,0.04198746126546359,0.041914073826528134,0.0144808499614147,0.0009001237007071591,0.0003218083700668677,100.0,0.0,64.38888888888889,3.401615447742585,1.0277777777777777,0.1145307118227128,3.8333333333333335,0.6009252125773314,2
875,0.8496151587242777,0.04290237558860064,0.03915917156929189,0.013901824340117717,0.0008653614897070345,0.0003517540857114024,100.0,0.0,63.833333333333336,2.7738861628488736,1.0,0.0,4.388888888888889,0.6781419786518724,2
876,0.8610016197758837,0.03786815625916906,0.03598465466160903,0.014003438516436914,0.0008456163980778325,0.0003839823066523199,100.0,0.0,63.111111111111114,3.314763086705844,1.1111111111111112,0.3142696805273545,4.277777777777778,0.7307192465536614,2
877,0.8723915614120625,0.03912722660886662,0.03270204068908884,0.013388823186551243,0.0008334323232060713,0.0003853976925157591,100.0,0.0,63.27777777777778,3.5559895568456135,1.0555555555555556,0.2290614236454256,4.388888888888889,0.590563656263036,2
878,0.8801118001750302,0.03374968914370565,0.031572706140407934,0.011171093174421104,0.0007916029629408951,0.0002741313384981693,100.0,0.0,62.388888888888886,3.6076906877898267,1.1111111111111112,0.3142696805273545,4.555555555555555,0.6849348892187751,2
879,0.8921721214681875,0.03040879392098235,0.02872037353750713,0.010808857966464845,0.0007346092219621284,0.00027592431413891365,100.0,0.0,62.833333333333336,2.6718699236468995,1.0833333333333333,0.24999999999999997,4.666666666666667,1.1055415967851334,2
880,0.9001385760908411,0.028991796488473692,0.026814175518262807,0.00989114205611566,0.0006979973128686279,0.000245532251469541,100.0,0.0,63.44444444444444,2.2415823335368903,1.0555555555555556,0.2290614236454256,4.333333333333333,0.6666666666666666,2
881,0.9021248964104309,0.03022728843705529,0.025065627497796762,0.010410370637624684,0.0007230116272713916,0.00029645461012969967,100.0,0.0,63.22222222222222,3.3259176771323924,1.1666666666666667,0.3726779962499649,4.444444444444445,0.9558139185602919,2
882,0.9066364431500735,0.025849846308183613,0.02531666463278646,0.009236712559326133,0.0006726527913889815,0.00021144679571599235,100.0,0.0,62.94444444444444,3.0817062774130366,1.0833333333333333,0.25,4.611111111111111,0.6781419786518724,2
883,0.9112972097030507,0.027726080082181043,0.02317517921672529,0.00883026273667559,0.0006644437424039332,0.00025896369154474315,100.0,0.0,64.66666666666667,3.4480268109295333,1.1111111111111112,0.3142696805273545,4.111111111111111,0.7370277311900888,2
884,0.9130082781296499,0.025090287951354987,0.023042231436100704,0.00846626225619344,0.0006681980045927925,0.00023286117614164942,100.0,0.0,63.333333333333336,2.788866755113585,1.0555555555555556,0.2290614236454256,4.277777777777778,0.7307192465536614,2
885,0.91589221938468,0.026276536883843994,0.02227912540273482,0.007679342189089691,0.0006579423830166162,0.00025149157036232655,100.0,0.0,62.888888888888886,2.9793528172870936,1.1666666666666667,0.3726779962499649,4.111111111111111,0.4581228472908512,2
886,0.9178744334375512,0.028351396046709512,0.020662714765620076,0.009393212413470606,0.0006530282195025697,0.00027421746711881286,100.0,0.0,62.111111111111114,2.9979416807182315,1.0277777777777777,0.1145307118227128,4.388888888888889,0.6781419786518724,2
887,0.9184720920274996,0.02956336439060832,0.020656827921850914,0.010818261934050322,0.0006352188154584968,0.00023924768005505792,100.0,0.0,63.666666666666664,3.6666666666666665,1.0833333333333333,0.24999999999999997,3.7777777777777777,0.7114582486036499,2
888,0.92308573968428,0.027517604416010377,0.02055590460570236,0.010401237582779606,0.0005785309554421306,0.00020182875848527663,100.0,0.0,63.5,2.91070819942883,1.1388888888888888,0.32513055307554517,3.888888888888889,0.5665577237325317,2
889,0.9185662286889481,0.02613828937388517,0.01974564807697634,0.009605204741857982,0.0006601121600288529,0.0002285861249161652,100.0,0.0,63.388888888888886,3.5611934467860773,1.1111111111111112,0.3142696805273545,4.333333333333333,0.6666666666666666,2
890,0.9183207548208681,0.029844011853277258,0.021191045066584303,0.009107363894628302,0.0006492419515000388,0.0002643273904697349,100.0,0.0,63.0,2.943920288775949,1.0277777777777777,0.1145307118227128,4.388888888888889,0.48749802152178456,2
891,0.9233306108421117,0.02734022265219368,0.019814852219475956,0.009157795271764248,0.0006076570255290405,0.00020914122991112078,100.0,0.0,64.05555555555556,3.1353224576716583,1.0,0.0,4.222222222222222,0.628539361054709,2
892,0.9250111950625691,0.0248668469709449,0.019831290213483677,0.009024044023913061,0.0005836099239081847,0.00017585090199074207,100.0,0.0,64.44444444444444,3.3866112564729267,1.0555555555555556,0.2290614236454256,4.111111111111111,0.7370277311900888,2
893,0.9177454566934767,0.028214879258409178,0.021922702657324197,0.00985654124948,0.0006269564552795792,0.00019845192523869164,100.0,0.0,63.27777777777778,2.1552405268078694,1.0555555555555556,0.2290614236454256,4.111111111111111,0.4581228472908512,2
894,0.916552596721516,0.03361484753172886,0.022981267698540878,0.010895062843104557,0.0006049356507228852,0.00020825723111565444,100.0,0.0,63.77777777777778,2.8974232912011773,1.1111111111111112,0.3142696805273545,4.222222222222222,0.7114582486036499,2
895,0.9142026819960416,0.039217677181475355,0.025931141152883128,0.011483570688593884,0.0005590871658853754,0.00024021584972670437,100.0,0.0,62.77777777777778,3.2413226990699604,1.1666666666666667,0.3333333333333333,4.0,0.7453559924999299,2
896,0.9012970202063535,0.04136007582150168,0.03081897745593312,0.011591721808349232,0.0005711403415678665,0.00019299111012727397,100.0,0.0,63.833333333333336,3.5316033500695156,1.0833333333333333,0.24999999999999997,4.444444444444445,1.0122703976826999,2
897,0.8917580164716087,0.04012920461366472,0.03345063352920971,0.010417080400931382,0.0006026998598164025,0.00015890712403615595,100.0,0.0,63.0,3.415650255319866,1.0555555555555556,0.2290614236454256,4.555555555555555,0.8314794192830981,2
898,0.88471923992109,0.042354826726069,0.03672749640165897,0.010875779167155286,0.000568451257072338,0.00017573109439090984,100.0,0.0,63.55555555555556,3.3701668640229108,1.0555555555555556,0.2290614236454256,4.5,0.8333333333333334,2
899,0.8698094339531299,0.03900120313837766,0.03982650842406971,0.011408000588347452,0.0006219353002477745,0.00025929421112755834,100.0,0.0,63.333333333333336,3.4641016151377544,1.0,0.0,4.111111111111111,0.5665577237325317,2
900,0.857955095672923,0.04237361310349367,0.043378518330630784,0.01193951742264052,0.000605836045227874,0.00026982667091455105,100.0,0.0,63.333333333333336,3.073181485764296,1.1111111111111112,0.3142696805273545,4.055555555555555,0.7797593804232335,2
901,0.845890475621631,0.04006371528682626,0.04552443236841832,0.011693371116515716,0.0006627811269541096,0.0002702989449448228,100.0,0.0,64.05555555555556,2.5921295882862676,1.0833333333333333,0.24999999999999997,4.111111111111111,0.5665577237325317,2
902,0.8263740711258639,0.03941325381300896,0.05096491655860297,0.011006180600224666,0.0006550373988661263,0.0002577747585211934,100.0,0.0,61.611111111111114,2.908586691712984,1.1944444444444444,0.37781862524265125,4.333333333333333,0.5773502691896257,2
903,0.8035900057346579,0.045218112641670395,0.05675293780971354,0.011299485480541653,0.000616856918093042,0.0002446115328895268,100.0,0.0,63.5,2.1147629234082532,1.0277777777777777,0.1145307118227128,4.0,0.6666666666666666,2
904,0.779262699948954,0.048336618511130205,0.0618917647273973,0.0113180316048876,0.00066498089589641,0.0003226103210661128,100.0,0.0,64.16666666666667,3.947573094109004,1.1111111111111112,0.3142696805273545,4.111111111111111,0.5665577237325317,2
905,0.7653975778010532,0.06015280256722192,0.06468148306544355,0.012780230468053634,0.0006512072518753829,0.0002811026852022629,100.0,0.0,63.0,2.516611478423583,1.0,0.0,4.277777777777778,0.6502611061510902,2
906,0.7464029012707528,0.06169603362362579,0.06788047498221597,0.013015838781982508,0.0007029022783246667,0.00025615202437758567,100.0,0.0,62.333333333333336,2.8674417556808756,1.0555555555555556,0.2290614236454256,4.333333333333333,1.1055415967851334,2
907,0.7240242410454689,0.06342256950590182,0.07198428148226016,0.013493615499424667,0.0007408542509036239,0.0002627433764683872,100.0,0.0,62.94444444444444,2.655648533937138,1.0555555555555556,0.2290614236454256,4.222222222222222,0.5328701692569688,2
908,0.7106150097250127,0.07391737334542686,0.07384763046317558,0.016318060923407283,0.0007849662904922221,0.0003134698550773035,100.0,0.0,62.666666666666664,2.848001248439177,1.1111111111111112,0.3142696805273545,4.222222222222222,0.41573970964154905,2
909,0.6936412159550559,0.08087879644829779,0.07728596820922665,0.01641645099214942,0.0007694707696497822,0.0003373775039165626,100.0,0.0,62.22222222222222,3.3756572291029583,1.1388888888888888,0.32513055307554517,4.277777777777778,0.9312808119022339,2
910,0.6728376990853198,0.08460603153481693,0.08099594562121379,0.016347459319790075,0.0008397710195191282,0.0004096006159802316,100.0,0.0,62.666666666666664,3.944053188733078,1.1944444444444444,0.37781862524265125,4.111111111111111,0.7370277311900888,2
911,0.6462097617489126,0.08252682350140468,0.0860684978450653,0.015373774401453414,0.0008507377175847593,0.00041040696054599646,100.0,0.0,62.22222222222222,3.3591592128513272,1.0277777777777777,0.1145307118227128,4.5,0.7637626158259734,2
912,0.623320388004804,0.07783705968171012,0.08962189008369913,0.013363106843107687,0.0009443607787338735,0.0003154955861224443,100.0,0.0,63.611111111111114,2.452637783849346,1.0555555555555556,0.2290614236454256,4.5,0.7637626158259734,2
913,0.6024082828002606,0.07539348693713559,0.09392148766464647,0.0120132652000041,0.0009678015305541554,0.0003373402545651652,100.0,0.0,63.72222222222222,2.4901038701127742,1.0,0.0,4.5,0.8333333333333334,2
914,0.5874099740277339,0.08080013127475703,0.09637024169116401,0.013433219091146153,0.0010309542162154134,0.0003632286582167701,100.0,0.0,63.888888888888886,2.6643508462848438,1.0,0.0,4.0,0.6666666666666666,2
915,0.5798799580073519,0.07970590099412257,0.09725806507151384,0.01215230036060187,0.001077192295939296,0.0005025201972107859,100.0,0.0,62.72222222222222,2.744804294896806,1.1111111111111112,0.3142696805273545,4.166666666666667,1.0137937550497034,2
916,0.5722556357730628,0.07561598077118634,0.09815649207019034,0.01244208957143724,0.001110327760220116,0.0007059227724446472,100.0,0.0,63.44444444444444,4.152940353562391,1.0555555555555556,0.2290614236454256,4.111111111111111,0.8089010988089463,2
917,0.564881267566768,0.08401625901914343,0.0986406885792818,0.01971433117287879,0.0011280977204343628,0.000934057567030525,100.0,0.0,63.94444444444444,3.00873214756689,1.1111111111111112,0.3142696805273545,4.0,0.6666666666666666,2
918,0.567709863265267,0.09620866013005715,0.09762300312879944,0.025757304994036934,0.0010553902637132609,0.0007240070383554286,100.0,0.0,62.5,2.9674156357941426,1.1111111111111112,0.3142696805273545,4.388888888888889,0.48749802152178456,2
919,0.5594308068148336,0.11858011828537615,0.10017456918317395,0.026366405643952897,0.0010442782263139947,0.0005230295215107306,100.0,0.0,64.33333333333333,2.6034165586355513,1.0,0.0,4.222222222222222,0.5328701692569688,2
920,0.5542404839925353,0.1309621698421622,0.1016090006040747,0.027416864057747937,0.0010338214767851939,0.0004324993094077803,100.0,0.0,63.333333333333336,3.109126351029605,1.0277777777777777,0.1145307118227128,4.333333333333333,0.8164965809277259,2
921,0.5548947779277131,0.13315700061138683,0.10170422344960543,0.027844387621340512,0.001030221193805037,0.0005054677239524076,100.0,0.0,62.72222222222222,3.9694045950880557,1.1111111111111112,0.3142696805273545,4.333333333333333,0.8819171036881968,2
922,0.5529963447201051,0.12248995329308558,0.10210356671235621,0.02419201914520879,0.0011111252150033794,0.0006041988175481071,100.0,0.0,62.22222222222222,2.858817851170802,1.1111111111111112,0.3142696805273545,4.222222222222222,0.8534606386520677,2
923,0.5444173639526787,0.11875447532000769,0.10290462484438395,0.0235597167774562,0.001225134956192168,0.0005957389110942828,100.0,0.0,63.77777777777778,3.224137361899313,1.0555555555555556,0.2290614236454256,3.9444444444444446,0.4044505494044732,2
924,0.5488878426730439,0.11697325477712198,0.1020075729934402,0.02337156462356395,0.0012403345388853316,0.0005332755228199151,100.0,0.0,64.77777777777777,3.0286695934308914,1.0,0.0,4.055555555555555,0.6211299937499416,2
925,0.5399167773403712,0.12328173461837152,0.10443512612712708,0.024226841915435164,0.0011600472252000593,0.0004978811979213461,100.0,0.0,64.77777777777777,2.799911815189812,1.0555555555555556,0.2290614236454256,4.111111111111111,0.6573421981221795,2
926,0.5357010510225713,0.1295034294753853,0.10554694449695635,0.02434016659647888,0.0012237431038055796,0.0005552717512204623,100.0,0.0,62.94444444444444,2.6971635764307456,1.0,0.0,4.166666666666667,0.6009252125773316,2
927,0.5412598182979814,0.12133326403529239,0.10493607671394355,0.023194235996714347,0.0011672180747227098,0.0006308411617772436,100.0,0.0,63.888888888888886,2.424158247696825,1.0277777777777777,0.1145307118227128,4.222222222222222,0.7114582486036499,2
928,0.5348012006839542,0.12675704808134042,0.10653284348239901,0.024674733380207516,0.0011631888535065234,0.0006078917415910471,100.0,0.0,63.55555555555556,3.531166351571267,1.1111111111111112,0.3142696805273545,3.7777777777777777,0.6285393610547089,2
929,0.533356810981998,0.13866509175154582,0.10846508764164771,0.02626395715436389,0.0009802833073827373,0.0005326986123767283,100.0,0.0,64.05555555555556,2.697163576430746,1.0555555555555556,0.2290614236454256,4.111111111111111,0.5665577237325317,2
930,0.5244151705036025,0.14192433308564767,0.11100961199978249,0.02733659094309819,0.0008873002941884386,0.0004456511304326214,100.0,0.0,62.888888888888886,2.9979416807182315,1.1111111111111112,0.3142696805273545,4.055555555555555,0.6211299937499416,2
931,0.5144549908728091,0.15106899187799586,0.11341784869983937,0.029186675919562383,0.0007240525190727637,0.0002946042761080384,100.0,0.0,63.333333333333336,3.0,1.0,0.0,4.333333333333333,0.6666666666666666,2
932,0.48786498382450766,0.13414170976771836,0.11849067410855772,0.025503102964392916,0.0007549474336437029,0.00035913258467521364,100.0,0.0,63.44444444444444,3.320345066107541,1.0555555555555556,0.2290614236454256,4.222222222222222,0.8534606386520676,2
933,0.46995370386350604,0.1211274085791029,0.12102794946831971,0.02270709695442014,0.0008469224565311827,0.0005468850041743735,100.0,0.0,63.44444444444444,3.730091184798782,1.0555555555555556,0.2290614236454256,4.333333333333333,0.5773502691896257,2
934,0.4526487963506164,0.13265112535033127,0.12395657644339922,0.025800532870772608,0.0009069338964009571,0.0004716712986790432,100.0,0.0,62.0,3.1797973380564852,1.2777777777777777,0.4479032082388083,4.222222222222222,0.7114582486036499,2
935,0.436281709349353,0.13454333127446166,0.1271590429572464,0.02663891542003203,0.0008360886490644423,0.000426711905803981,100.0,0.0,63.666666666666664,3.0912061651652345,1.1111111111111112,0.3142696805273545,4.5,0.7637626158259734,2
936,0.4073326302345128,0.13622405245204589,0.1326333312564224,0.028299754625958462,0.0009207633366497709,0.00042995382460776,100.0,0.0,63.333333333333336,3.366501646120693,1.1388888888888888,0.32513055307554517,4.111111111111111,0.7370277311900888,2
937,0.386192902383963,0.12570356603103391,0.13681868655230855,0.0278513699238374,0.000983567884681462,0.00042160647529357944,100.0,0.0,63.388888888888886,3.302169133714129,1.0,0.0,4.333333333333333,1.0,2
938,0.36535533426796035,0.12882305946296935,0.14224678564311324,0.0295448427821389,0.0009629043870378782,0.0005071419962238266,100.0,0.0,64.44444444444444,2.8910248513905965,1.0,0.0,4.444444444444445,0.6849348892187752,2
939,0.35884751485494554,0.13682386146172415,0.1445908825690767,0.03251690599397782,0.0008596381182120221,0.00047204758106640497,100.0,0.0,64.83333333333333,2.3863035105460586,1.0,0.0,4.166666666666667,0.5,2
940,0.3342502978893232,0.1349463597943546,0.14982497845499781,0.032857088507798046,0.000874535633993649,0.00047173963428885667,100.0,0.0,63.0,3.0,1.0,0.0,4.166666666666667,0.7637626158259734,2
941,0.3217317612654094,0.1353642507558969,0.15267650954126138,0.03269553939913434,0.0009488282738165741,0.0005982983176669342,100.0,0.0,64.88888888888889,3.4300775645406962,1.1111111111111112,0.3142696805273545,4.111111111111111,0.6573421981221795,2
942,0.32127783371704544,0.14848915291526604,0.1545849741904559,0.03662040127314539,0.0009703605609248046,0.000524250375671326,100.0,0.0,63.333333333333336,3.265986323710904,1.0555555555555556,0.2290614236454256,4.333333333333333,0.6666666666666666,2
943,0.3321666978801955,0.16190720657570393,0.15311734827132492,0.04004169616375658,0.0009993880069944943,0.0005966240690097587,100.0,0.0,63.166666666666664,2.692582403567252,1.0555555555555556,0.2290614236454256,4.388888888888889,0.8906233078822999,2
944,0.33419650293179354,0.1641115827134803,0.15267955097153063,0.03850595273386639,0.0010189949866279706,0.0007021674898317716,100.0,0.0,63.94444444444444,3.170562905195617,1.1111111111111112,0.3142696805273545,4.111111111111111,0.6573421981221795,2
945,0.345217333064735,0.17814202259657777,0.15082473006205654,0.04079694487380051,0.0009834245234179317,0.0008309824267390947,100.0,0.0,65.05555555555556,3.290934048804419,1.0555555555555556,0.2290614236454256,4.333333333333333,0.9428090415820634,2
946,0.34212747886885336,0.1762229102249482,0.15108827497614938,0.03912011626930943,0.0008731583842678381,0.0006321293633299343,100.0,0.0,63.666666666666664,2.748737083745107,1.0555555555555556,0.2290614236454256,4.055555555555555,0.7049209744694178,2
947,0.3351301342060495,0.18940294137658065,0.1532544106920705,0.042610642136220504,0.0006562579389682344,0.00040380551005283897,100.0,0.0,63.388888888888886,3.129410467890591,1.0833333333333333,0.24999999999999997,4.166666666666667,0.7637626158259734,2
948,0.3083334510866115,0.16860827949555848,0.1579096655267029,0.0376268911341294,0.0007013205819738125,0.0004272882648085932,100.0,0.0,62.22222222222222,2.57240820062005,1.1111111111111112,0.3142696805273545,4.166666666666667,0.8333333333333334,2
949,0.2871587834399014,0.1508538519199147,0.16174173218247873,0.034462615880342835,0.0008200179178063242,0.0005725955614561808,100.0,0.0,63.166666666666664,3.419714088113866,1.0555555555555556,0.2290614236454256,4.111111111111111,0.5665577237325317,2
950,0.27725231848801113,0.13888643823281618,0.16481520948995595,0.03409123974350747,0.0009479342227216732,0.0004993971776303358,100.0,0.0,62.22222222222222,3.1720227608044884,1.1666666666666667,0.37267799624996495,4.222222222222222,0.7114582486036499,2
951,0.27490974580860594,0.12330833453464819,0.165632924736221,0.032421479618590716,0.0008685015905672369,0.0004849170387517462,100.0,0.0,64.16666666666667,2.544056253745625,1.0,0.0,4.444444444444445,1.0122703976826999,2
952,0.2632285838140419,0.11630628323502126,0.16831923396934062,0.03332830643263461,0.000827278146043654,0.0005195949033648062,100.0,0.0,63.44444444444444,2.966895538404153,1.0833333333333333,0.24999999999999997,4.166666666666667,0.6009252125773316,2
953,0.2570109257125303,0.11244296217848208,0.16914758595419924,0.029264477062594687,0.0007067219191495334,0.0005580396109961565,100.0,0.0,62.44444444444444,2.7733297720774854,1.1111111111111112,0.3142696805273545,4.444444444444445,0.8314794192830981,2
954,0.243317064215016,0.10761962576421026,0.17268356508505983,0.028929106910771954,0.0008216737245960231,0.0005567312916993108,100.0,0.0,63.5,3.0595932917809696,1.1388888888888888,0.32513055307554517,4.388888888888889,1.1124991330278213,2
955,0.2442543486004213,0.11141514351400689,0.17257214537525742,0.02990651975425441,0.0008976270049423137,0.00047430519615055614,100.0,0.0,63.5,3.0230595245361758,1.1111111111111112,0.3142696805273545,4.222222222222222,0.5328701692569688,2
956,0.2439697778678931,0.10857712833902834,0.1731567742735147,0.02892671823944702,0.0009272663234655538,0.00046138828285910676,100.0,0.0,63.333333333333336,2.472066162365221,1.0,0.0,4.277777777777778,0.8031573497111644,2
957,0.25254432290042234,0.11918450904575588,0.17066036716391725,0.02902179319126801,0.0010522500799804808,0.000528526291712962,100.0,0.0,63.611111111111114,2.5196756600996815,1.0555555555555556,0.2290614236454256,4.166666666666667,0.7637626158259734,2
958,0.2616348402731688,0.12771446403226444,0.1682597519452577,0.028834377841564725,0.0012403808286610195,0.0008186880399249709,100.0,0.0,63.888888888888886,2.6223163824902103,1.0555555555555556,0.2290614236454256,4.555555555555555,0.8314794192830981,2
959,0.27413005773187316,0.11661684935963598,0.16402879288515526,0.027094227764013993,0.0010570006159467038,0.0006921978695512184,100.0,0.0,63.55555555555556,3.8618104882183926,1.0555555555555556,0.2290614236454256,4.333333333333333,0.6666666666666666,2
960,0.26499548255824806,0.10232007167159553,0.1652807547631652,0.024948579357938316,0.0009909255403927073,0.0007063818789152331,100.0,0.0,62.333333333333336,2.7284509239574835,1.0555555555555556,0.2290614236454256,4.444444444444445,0.7617394000445604,2
961,0.24688912998618967,0.09789859458405438,0.169140577202332,0.025580797387402283,0.0009611839767752645,0.0007753124365768552,100.0,0.0,64.33333333333333,2.309401076758503,1.1111111111111112,0.3142696805273545,4.277777777777778,0.7307192465536614,2
962,0.23565865285858845,0.09090186127110347,0.17214173379174846,0.02451910925922657,0.0010900886619956006,0.0007796478244122802,100.0,0.0,62.72222222222222,1.7576991132840416,1.0277777777777777,0.1145307118227128,4.166666666666667,0.6871842709362768,2
963,0.22643045620424315,0.0859215967368887,0.17463284949866997,0.023677035702408353,0.0012376271998886341,0.0008512585161563514,100.0,0.0,65.05555555555556,2.837687286471585,1.0555555555555556,0.2290614236454256,4.111111111111111,0.8089010988089463,2
964,0.23741013310506678,0.11145866853741192,0.1725192154899353,0.024913191758250016,0.0011459760109502324,0.0006517306799543217,100.0,0.0,63.55555555555556,3.84739770959573,1.1111111111111112,0.3142696805273545,4.444444444444445,0.9558139185602919,2
965,0.23481339829297218,0.16346215846804796,0.17691091709309834,0.03519573725228807,0.0008959133127484935,0.0004890680519790144,100.0,0.0,62.666666666666664,2.516611478423583,1.0555555555555556,0.2290614236454256,4.166666666666667,0.6871842709362768,2
966,0.2321989278029487,0.16601762114707805,0.1795013269058502,0.0378751582615912,0.0009103861178436747,0.0004890841498391679,100.0,0.0,63.5,3.1490739379485304,1.0833333333333333,0.25,4.055555555555555,0.5241100628920335,2
967,0.23373293154230654,0.15290860203336154,0.18017923224871357,0.03953304563512937,0.0009001513655504617,0.0005474421021635822,100.0,0.0,62.72222222222222,3.0515124766354353,1.0555555555555556,0.2290614236454256,4.222222222222222,0.8534606386520676,2
968,0.23599104475867916,0.13187924809713328,0.17684971241390257,0.034838701591937436,0.0008950752020926048,0.0007460510382417105,100.0,0.0,62.833333333333336,2.217355782608345,1.0,0.0,4.111111111111111,0.7370277311900888,2
969,0.22743438354043052,0.12016642282492279,0.17793125590796602,0.033159487445917936,0.0007063838232663826,0.000493206332435237,100.0,0.0,63.388888888888886,2.4751854899939403,1.0,0.0,4.388888888888889,0.7556372504853023,2
970,0.21309949870762487,0.10695648930817056,0.1808556961276061,0.030632372229572203,0.0008695495400637865,0.000721187266406806,100.0,0.0,63.77777777777778,2.9917582261858358,1.0833333333333333,0.24999999999999997,4.222222222222222,0.628539361054709,2
971,0.22097164199883512,0.0955657361638819,0.1777428605166722,0.024329174734162747,0.001291831805393279,0.0008933898690508255,100.0,0.0,62.833333333333336,3.0776975521032313,1.1666666666666667,0.3726779962499649,4.388888888888889,0.6781419786518723,2
972,0.2515449964108616,0.1507079490072202,0.1719239832382683,0.03404185203248375,0.001032537752688468,0.000583321547744089,100.0,0.0,64.27777777777777,3.0515124766354353,1.0277777777777777,0.1145307118227128,4.166666666666667,0.6871842709362768,2
973,0.2521111258223553,0.15946661305043414,0.17257967854228642,0.03611950608636185,0.0008080138196118838,0.00043047135337986994,100.0,0.0,62.55555555555556,2.948110924760355,1.0277777777777777,0.1145307118227128,4.333333333333333,0.4714045207910317,2
974,0.2348879111002192,0.1474988843584093,0.1776045569865606,0.03476933046160048,0.0007427385366471493,0.00037346546141800343,100.0,0.0,64.16666666666667,2.852873794770615,1.0555555555555556,0.2290614236454256,4.111111111111111,0.8089010988089463,2
975,0.22945405386681678,0.13917391815539176,0.1783899072765302,0.03375606633685847,0.0007289153511041033,0.00050515990396111,100.0,0.0,63.44444444444444,2.4317854031376984,1.0555555555555556,0.2290614236454256,4.111111111111111,0.8089010988089465,2
976,0.21775244651130268,0.13174062232809913,0.18118077080228356,0.03479240934222751,0.0008279155751712924,0.0006200002469286587,100.0,0.0,64.38888888888889,3.0756912301480908,1.0,0.0,4.388888888888889,0.7556372504853023,2
977,0.21372927449193704,0.1347004919330986,0.18216623632095352,0.03567105853479068,0.00078060626540763,0.0005533538482812646,100.0,0.0,63.333333333333336,2.6874192494328497,1.0833333333333333,0.24999999999999997,4.388888888888889,0.48749802152178456,2
978,0.2058251236862942,0.13465658675554207,0.1827526046835836,0.03661350463122064,0.0009744760205744711,0.000842869858732019,100.0,0.0,63.333333333333336,4.08248290463863,1.1111111111111112,0.3142696805273545,4.055555555555555,0.5241100628920335,2
979,0.18890381679658078,0.12097759342068638,0.18687953609519775,0.032045568933561225,0.0008497528105359031,0.0008431679624876776,100.0,0.0,63.44444444444444,3.624334762288909,1.1111111111111112,0.3142696805273545,4.277777777777778,0.6502611061510902,2
980,0.1771502589004142,0.12377735772595794,0.19316841830423442,0.03262811294814692,0.0008645496807354626,0.0006090859560087973,100.0,0.0,62.611111111111114,2.497529643665447,1.1111111111111112,0.3142696805273545,4.333333333333333,0.9428090415820634,2
981,0.19362858613201123,0.13552515639569293,0.18884158494787578,0.03301801707843694,0.0009166440100954842,0.00041723232571370955,100.0,0.0,64.0,2.560381915956203,1.0833333333333333,0.24999999999999997,4.166666666666667,0.6009252125773316,2
982,0.19239866230730185,0.11980599095955691,0.1895860760452655,0.03133971677438067,0.0007707801845190659,0.0004104982320198061,100.0,0.0,63.55555555555556,2.8131086447049247,1.0277777777777777,0.1145307118227128,4.333333333333333,0.8164965809277259,2
983,0.19827814386698314,0.11159644458147817,0.18658704435994822,0.031026312626571715,0.0007555329444326155,0.0005027452573624357,100.0,0.0,62.55555555555556,2.8131086447049247,1.1388888888888888,0.32513055307554517,4.333333333333333,0.7453559924999299,2
984,0.19180972970724094,0.10209881483559785,0.1875569065064009,0.029044335139315786,0.000817076683971811,0.0007802550414905538,100.0,0.0,63.166666666666664,3.304037933599835,1.0555555555555556,0.2290614236454256,4.277777777777778,0.9312808119022338,2
985,0.18645782229123287,0.09474584114662964,0.18824088628306948,0.028396957682933488,0.0008556524950958315,0.0008052992361182929,100.0,0.0,63.388888888888886,2.6276074645301035,1.0833333333333333,0.24999999999999997,3.9444444444444446,0.4044505494044732,2
986,0.18202167422466178,0.08836754744155971,0.1893088029460593,0.025357393396457668,0.000858741986773461,0.0007157666392407673,100.0,0.0,64.44444444444444,3.890475866669244,1.0555555555555556,0.2290614236454256,4.0,0.5773502691896257,2
987,0.17467960308364325,0.09906714945797905,0.19238635337993557,0.028629188163801233,0.0009536272002200467,0.0007984359831240919,100.0,0.0,63.0,2.3333333333333335,1.1111111111111112,0.3142696805273545,4.388888888888889,0.7556372504853024,2
988,0.18058179945101227,0.09854128981926068,0.18910051344872442,0.0283063999879289,0.0009790787789245884,0.0008032364203129547,100.0,0.0,64.0,2.5385910352879693,1.0,0.0,4.055555555555555,0.7049209744694178,2
989,0.18030700187770518,0.10333758504828093,0.18816826499862768,0.027916520064787256,0.0011102243712638824,0.0008313859518264951,100.0,0.0,63.44444444444444,2.408831487630978,1.0555555555555556,0.2290614236454256,4.333333333333333,0.8164965809277259,2
990,0.17073146292981012,0.12354976917350122,0.19221567096383915,0.032054965031860685,0.0013176676040011475,0.001152187157312033,100.0,0.0,63.0,2.260776661041756,1.0,0.0,4.055555555555555,0.8480187512485416,2
991,0.1684477486737769,0.13530690568268053,0.19375685826421907,0.03395173784649339,0.001294758094720618,0.0011248845016354875,100.0,0.0,63.0,3.3166247903554,1.0833333333333333,0.25,4.388888888888889,0.8906233078822998,2
992,0.165097012152008,0.12994805707620763,0.19679427134318245,0.03232354543682692,0.0008647326082917093,0.000798711181331277,100.0,0.0,64.05555555555556,2.391471472225654,1.1111111111111112,0.3142696805273545,4.333333333333333,0.7453559924999299,2
993,0.16122695978166546,0.11419945376656149,0.1982012672359142,0.03018301016504628,0.000774733989356431,0.0007598986019578258,100.0,0.0,63.55555555555556,3.4676636742949407,1.0,0.0,4.444444444444445,0.9558139185602919,2
994,0.16346667501346196,0.11675792136501617,0.1976374210862347,0.03078231050050779,0.0007154412983886487,0.0005593986458203625,100.0,0.0,63.111111111111114,3.6038388311615237,1.1388888888888888,0.32513055307554517,4.166666666666667,0.6009252125773316,2
995,0.1644844710803794,0.10227448217663196,0.19514863241995925,0.026925774408192313,0.0008068327674823326,0.0007341823372364844,100.0,0.0,63.388888888888886,2.9085866917129835,1.0277777777777777,0.1145307118227128,4.166666666666667,0.5,2
996,0.1661584942194564,0.08960092559263365,0.19539013903918087,0.026897272295417607,0.0010146111832368156,0.0009664268689772745,100.0,0.0,63.111111111111114,3.4138425546082707,1.0555555555555556,0.2290614236454256,4.277777777777778,0.558326423395605,2
997,0.1833110787098483,0.09820970613083274,0.18981829396504654,0.02974150816611947,0.0009278113538387209,0.0005956781755328218,100.0,0.0,63.611111111111114,1.8897057057438833,1.0,0.0,4.0,0.6666666666666666,2
998,0.17557815868297022,0.08494079934541718,0.18930409112422597,0.023941796813941024,0.0010160435843546397,0.0008247254180370103,100.0,0.0,62.388888888888886,3.931904950937888,1.1111111111111112,0.3142696805273545,4.111111111111111,0.5665577237325317,2
999,0.1541947382451322,0.0836544051439361,0.19655298893507822,0.02608207350008602,0.0010093271122242143,0.0009785141795563698,100.0,0.0,63.22222222222222,3.3756572291029583,1.0277777777777777,0.1145307118227128,4.111111111111111,0.6573421981221795,2
