generation,mean_fitness_mean,mean_fitness_std,distance_from_optimum_mean,distance_from_optimum_std,phenotype_variance_mean,phenotype_variance_std,population_size_mean,population_size_std,n_parents_mean,n_parents_std,median_offspring_mean,median_offspring_std,max_offspring_mean,max_offspring_std,extinct_count
0,0.6735759407880908,0.03327190827842945,0.01715038281164811,0.007381453416786999,0.004638958459681004,0.0006847424499837604,100.0,0.0,63.0,2.9154759474226504,1.15,0.3570714214271425,4.25,0.6224949798994366,0
1,0.7386208867025011,0.03509013206711801,0.0195590294605021,0.008061923246348662,0.003292037199949644,0.000498022060833823,100.0,0.0,63.8,1.9899748742132402,1.0,0.0,4.35,0.6538348415311012,0
2,0.7821550258232801,0.04882251468355144,0.02082970118215838,0.009515429001646982,0.0025129788052590807,0.0005806799394266017,100.0,0.0,63.75,2.947456530637899,1.05,0.2179449471770337,4.05,0.4974937185533099,0
3,0.8156243563798743,0.05607222221233746,0.020047474268785025,0.010908892712177485,0.002066604114969603,0.0007191567126052561,100.0,0.0,62.2,3.1080540535840107,1.125,0.3112474899497183,4.2,0.6782329983125269,0
4,0.8387838937687639,0.04334343612754464,0.022541542828737895,0.009240236050692668,0.001674293203855454,0.0006186605675270508,100.0,0.0,63.1,2.3853720883753127,1.05,0.21794494717703372,4.2,0.9797958971132711,0
5,0.8524873878276068,0.03843090819623888,0.027255424674134453,0.00994870243417067,0.0013391181833641655,0.0005493030117655371,100.0,0.0,63.6,2.8530685235374214,1.05,0.21794494717703372,4.55,0.9733961166965892,0
6,0.854201241932882,0.03566455918047566,0.031060336719164038,0.012598474409790585,0.0011452120926368626,0.0004284522428381605,100.0,0.0,63.55,2.4181604578687494,1.075,0.23848480035423641,4.15,0.6538348415311012,0
7,0.8535497056578898,0.0432109947427008,0.034987561458341795,0.01436494551132536,0.0009959117937755019,0.0003306607138036059,100.0,0.0,64.05,2.9744747435471695,1.05,0.2179449471770337,4.0,0.5477225575051661,0
8,0.8478809279963965,0.04826046639790555,0.03854591971727517,0.014142516884825122,0.0009308518848386183,0.0003304749793247799,100.0,0.0,64.25,2.118372016431486,1.025,0.10897247358851683,4.3,0.9,0
9,0.8352445235228865,0.04598387119429508,0.04400741881140872,0.01170820822484071,0.0008916734408700274,0.0003050074250980244,100.0,0.0,63.7,2.5317977802344327,1.025,0.10897247358851683,4.4,0.9695359714832658,0
10,0.8219452907748351,0.055981431554916194,0.04765679040252571,0.01365036074552197,0.0008860156332815148,0.0002757253866913776,100.0,0.0,63.1,2.681417535558384,1.125,0.3112474899497183,4.25,0.698212002188447,0
11,0.8117732048927442,0.06732867778062615,0.04971838493807276,0.015431111928184292,0.0008975225063037332,0.00030868214432888403,100.0,0.0,64.7,2.3473389188611007,1.0,0.0,4.25,1.0428326807307104,0
12,0.8030422263599132,0.059872838051427596,0.0527343685103618,0.013263485793844936,0.0008806910887080067,0.0003258962076740335,100.0,0.0,63.15,3.902242944769072,1.2,0.3674234614174767,3.95,0.49749371855331004,0
13,0.7841105348834534,0.06251917484004982,0.057031622118402125,0.013700058579905921,0.0008999422298001687,0.00036218807325300365,100.0,0.0,62.4,3.916631205513228,1.15,0.3570714214271425,4.45,0.5894913061275798,0
14,0.7692088943709765,0.0643450436911794,0.060576769608789015,0.013589083314010136,0.000928387464656001,0.00031805922928669964,100.0,0.0,62.5,3.427827300200522,1.075,0.23848480035423641,4.15,0.6538348415311012,0
15,0.752534952937741,0.05821053001203224,0.06475803014790858,0.011446741562843048,0.0009085281454949155,0.00031195121323625454,100.0,0.0,62.7,2.8653097563788807,1.1,0.2549509756796392,4.4,0.6633249580710799,0
16,0.7375308427754931,0.05422480203647078,0.0686500307338277,0.010658496145550317,0.0008564550440472868,0.000274282135361433,100.0,0.0,64.15,3.2905166767545793,1.05,0.21794494717703372,4.0,0.8366600265340756,0
17,0.7264345840726654,0.05275324767826544,0.07051955478787243,0.010592429728984604,0.0008951357638402839,0.00032156519237975286,100.0,0.0,63.65,2.5937424698685874,1.05,0.21794494717703372,3.85,0.3570714214271425,0
18,0.7089754717763286,0.06254289650155061,0.07387994196494581,0.012787878242207167,0.0008948883909440113,0.0003389631695288267,100.0,0.0,63.75,2.662235902394827,1.05,0.21794494717703372,4.2,0.8717797887081348,0
19,0.6955426258086945,0.06494479900286548,0.0763878891690751,0.01297350697577473,0.0009202574139825477,0.00031817342083394445,100.0,0.0,63.1,3.766961640367472,1.1,0.3,4.4,0.6633249580710799,0
20,0.6886257167400119,0.07623288343678553,0.07745852619629559,0.015048133114644377,0.0009322261903235967,0.00038629872384716985,100.0,0.0,62.5,2.5592967784139455,1.0,0.0,4.25,0.6224949798994366,0
21,0.6905327719838441,0.08241403469377022,0.07689873810623161,0.016827918259502757,0.0009147731464395889,0.00038495734760769307,100.0,0.0,64.4,2.615339366124404,1.025,0.10897247358851683,4.15,0.653834841531101,0
22,0.6796295506937171,0.10069535247170912,0.07917118208055149,0.021045961469643232,0.0008871642618010986,0.00031482173322294743,100.0,0.0,64.3,3.287856444554719,1.0,0.0,4.1,0.7000000000000001,0
23,0.6722190772408032,0.10579923262153923,0.08026373888403146,0.021030146893483946,0.0009295777627971416,0.00029318352872053375,100.0,0.0,63.6,3.32264954516723,1.1,0.3,4.4,0.7999999999999999,0
24,0.6720568657728556,0.09017723371689279,0.08010509743248488,0.017915217791339342,0.0010016425258879357,0.00035870796411214406,100.0,0.0,62.1,2.022374841615669,1.1,0.3,4.35,0.8529361054615991,0
25,0.6673031762902221,0.08341087972123985,0.08092628389675169,0.01658017769985261,0.0010122340123957477,0.00041672351355265827,100.0,0.0,63.9,2.5475478405713994,1.05,0.21794494717703372,4.15,0.7262919523166976,0
26,0.6648011792788984,0.0925030844008074,0.08139501154045467,0.01997134125862464,0.0009577277864723906,0.0004388644909301972,100.0,0.0,64.15,2.4550967394381837,1.0,0.0,4.05,0.5894913061275798,0
27,0.6707920312037153,0.10773800268206707,0.08007345350435356,0.02159367510999988,0.0009438078719073504,0.00036730447784501057,100.0,0.0,63.0,1.8973665961010275,1.0,0.0,4.25,0.7664854858377946,0
28,0.6562912136700157,0.10408764213737666,0.08225150304517694,0.020798709400718336,0.0010342633650577175,0.00043275504063679547,100.0,0.0,63.45,3.0573681492420897,1.075,0.23848480035423641,4.05,0.49749371855331,0
29,0.6398397482018586,0.10238818013778352,0.08528386127403716,0.020020943459476866,0.001057760585700226,0.000529478379721294,100.0,0.0,63.55,3.169779172119093,1.0,0.0,4.4,0.7999999999999999,0
30,0.6308263727060859,0.09977852230928096,0.08655162532018071,0.019387061735374633,0.0011006430292736834,0.0005384008181934679,100.0,0.0,63.85,2.7069355367278325,1.05,0.21794494717703372,4.3,0.6403124237432849,0
31,0.628435277306617,0.09869400902988765,0.08710555021305924,0.019276433167283072,0.0010841335723652946,0.0005981599295567175,100.0,0.0,63.25,3.5899164335677787,1.05,0.15,4.1,0.8306623862918074,0
32,0.6107811474551137,0.10368000288464549,0.0900954662138709,0.019588989180843848,0.0011247653167185772,0.0006128781972367129,100.0,0.0,62.8,2.6381811916545836,1.05,0.21794494717703372,4.05,0.5894913061275798,0
33,0.6000630395646656,0.10237381929996865,0.09248404049507307,0.020031176442023527,0.0011371868648691887,0.00045754902712151924,100.0,0.0,63.9,3.8327535793473597,1.0,0.0,4.1,0.8888194417315588,0
34,0.6038530944591707,0.10754335418635053,0.09217235310003472,0.020729668987413987,0.0010746755329781314,0.0003515129000491685,100.0,0.0,62.85,3.4536212878658255,1.075,0.23848480035423641,4.35,0.7262919523166975,0
35,0.5997557038903373,0.10812606328059184,0.0936948411027374,0.02060436895030663,0.000982987814942666,0.0003421879596395513,100.0,0.0,63.95,3.3537292675468007,1.075,0.23848480035423641,4.15,0.4769696007084728,0
36,0.5999390697914446,0.10815065003219378,0.09362526686594277,0.02039685732550177,0.001008909982638924,0.0003383365427135943,100.0,0.0,63.55,3.089902911096076,1.1,0.3,4.35,0.792148975887743,0
37,0.5945887587712524,0.11364644479743509,0.09494501826447879,0.021023663893482123,0.0010062231318053987,0.00034842148256877874,100.0,0.0,63.5,2.8548204847240397,1.125,0.3112474899497183,4.3,0.714142842854285,0
38,0.596542007073843,0.1124280097026875,0.09557698654780296,0.02022073683452654,0.0009136122306324957,0.00035785898953795485,100.0,0.0,63.55,2.854382595238418,1.0,0.0,4.3,0.6403124237432849,0
39,0.5918754207221069,0.10668540314780672,0.09607106415541905,0.019351240678742394,0.0009771888733582288,0.00042450553431444543,100.0,0.0,63.5,2.5592967784139455,1.025,0.10897247358851683,4.15,0.653834841531101,0
40,0.5880878585501799,0.10746998293974339,0.09661846509713529,0.019990192921690603,0.0009727774502981889,0.0004159277938380994,100.0,0.0,63.75,3.672533185690771,1.025,0.10897247358851683,3.9,0.6244997998398398,0
41,0.5871977331711847,0.11070345640506443,0.09690474016510213,0.02059671165369078,0.0009369553697675963,0.0004456842083815803,100.0,0.0,63.35,2.554897258208243,1.0,0.0,4.05,0.6689544080129826,0
42,0.5789291483896443,0.11154578051294307,0.0980083196137026,0.020379298499666274,0.0009805860536589192,0.0005240257754604355,100.0,0.0,62.85,3.5535193822462827,1.025,0.10897247358851683,4.15,0.7921489758877431,0
43,0.5754262447345603,0.11341595103609427,0.09787473811534837,0.022360677301967218,0.0010553676464599032,0.0005477029854414555,100.0,0.0,63.15,3.5252659474144643,1.05,0.21794494717703372,4.35,0.9096702699330126,0
44,0.5816041888195932,0.11916625681977079,0.09668717284371023,0.023888463511587188,0.0010867431972351996,0.0005537772090679857,100.0,0.0,64.35,3.4391132578035286,1.05,0.21794494717703372,4.2,1.0770329614269007,0
45,0.5889445859622662,0.12982229194634282,0.09563921840878414,0.025458925534815914,0.0010213643146316262,0.0004921022627282578,100.0,0.0,64.0,3.271085446759225,1.05,0.21794494717703372,4.4,0.66332495807108,0
46,0.5900651815964137,0.1339942287005458,0.09581556770068181,0.024893956125312727,0.001038748726044003,0.00044442309282778755,100.0,0.0,64.0,2.32379000772445,1.025,0.10897247358851683,4.05,0.5894913061275798,0
47,0.588803915244161,0.13729654951736348,0.09618670913483568,0.024073113302722063,0.0010461905793909382,0.0006248516584683826,100.0,0.0,62.95,3.3387872049593095,1.075,0.23848480035423641,4.25,0.7664854858377946,0
48,0.5881982096409931,0.13502420554631767,0.09557561337066513,0.023371728630258336,0.0011132388737942523,0.0008469084114218339,100.0,0.0,63.8,3.3406586176980126,1.05,0.21794494717703372,4.0,0.5477225575051661,0
49,0.5770397636285638,0.1299052396909794,0.09836585710865228,0.022200195229696084,0.0010392184371182463,0.0007918620540980058,100.0,0.0,63.2,2.6758176320519302,1.05,0.2179449471770337,4.1,0.6244997998398398,0
50,0.5744362472295104,0.11900745336084512,0.09880984962570696,0.021381307246424095,0.0010027334747822495,0.0006443078731968097,100.0,0.0,64.4,2.8,1.05,0.15,4.0,0.8366600265340756,0
51,0.563724732154176,0.10693519748441568,0.10004839223752778,0.018391384630650792,0.0011043744500416862,0.000568777364494532,100.0,0.0,62.7,3.874274125562103,1.125,0.3112474899497183,4.5,0.5916079783099616,0
52,0.5704225624768569,0.10639870831354825,0.09847714220793577,0.01823065821508504,0.001163204389372943,0.0006150875673509714,100.0,0.0,64.45,3.2935543110748915,1.0,0.0,4.5,0.9746794344808963,0
53,0.5703524507417287,0.11078903401808796,0.0990219099773177,0.018749440891534228,0.001153088880203604,0.0007344642102570274,100.0,0.0,62.95,2.376446927663229,1.075,0.23848480035423641,4.35,0.47696960070847283,0
54,0.5773561356822786,0.11382692018291395,0.0969299130112521,0.02072582137158333,0.001188805344596999,0.0007299033239629558,100.0,0.0,62.55,3.5563323804166562,1.1,0.2549509756796392,4.55,0.5894913061275798,0
55,0.5847443229478438,0.12014622564830871,0.094534565341623,0.023931752081648862,0.0011990522338872066,0.0009155858653529365,100.0,0.0,64.05,3.57036412708844,1.05,0.21794494717703372,4.1,0.6244997998398398,0
56,0.5878924199736617,0.12431088945041312,0.0944105685441036,0.025048143061465744,0.0011450002457555467,0.0007891610678919902,100.0,0.0,63.5,3.0083217912982647,1.0,0.0,3.95,0.3840572873934304,0
57,0.5915741106172865,0.12316564658089568,0.09372956195950012,0.025338491696753042,0.0011410868205259557,0.0006970260145499216,100.0,0.0,62.4,3.2619012860600183,1.075,0.23848480035423641,4.35,0.5722761571129799,0
58,0.5982870015802014,0.12907190663142787,0.09419117062393087,0.025180859979643064,0.0010443316029122608,0.0005365552009281894,100.0,0.0,63.25,2.9979159427842537,1.125,0.3112474899497183,4.2,0.6,0
59,0.6052164817331225,0.13821431110099347,0.09317620212321495,0.02676896889716164,0.0010494828272310758,0.00051627832220764,100.0,0.0,62.95,2.4181604578687494,1.1,0.3,4.35,0.7262919523166975,0
60,0.6130775138582197,0.1402081823234106,0.09200562643777568,0.027671124360334656,0.0010229450131449785,0.0005117444434281179,100.0,0.0,64.3,2.685144316419511,1.05,0.2179449471770337,4.2,0.6,0
61,0.6260330478973225,0.13887096042934235,0.08985830404368551,0.026530543658873192,0.0010330986217083134,0.0005287643898959526,100.0,0.0,63.6,2.817800560721074,1.05,0.21794494717703372,4.1,0.5385164807134504,0
62,0.6345722976745446,0.1290013467364752,0.08855041014880524,0.024607886789431998,0.0010024394877264755,0.0005408789221822681,100.0,0.0,63.85,2.7253440149823285,1.05,0.21794494717703372,4.05,0.739932429347437,0
63,0.6450656629331789,0.1179655733345299,0.08687662861850165,0.021321888984112056,0.0009706739844737335,0.0004926886203512013,100.0,0.0,62.0,2.6457513110645907,1.1,0.3,4.5,1.0723805294763609,0
64,0.6514066368162885,0.12480411820908113,0.0862691596566782,0.022186525713657833,0.0008530204921532337,0.0004642997025674347,100.0,0.0,63.1,3.576310948449533,1.0,0.0,4.25,0.7664854858377946,0
65,0.6494667143442543,0.1205794808551914,0.0861310866518604,0.021212121232713172,0.0008535730438069663,0.00046347003067374014,100.0,0.0,63.95,2.8892040426387333,1.0,0.0,4.25,0.8874119674649424,0
66,0.640338799356626,0.11617868563495781,0.08692200340093298,0.02112030809822849,0.0009540247688497816,0.00043663062492646336,100.0,0.0,63.45,2.5782746168707473,1.1,0.3,4.05,0.739932429347437,0
67,0.633130357298983,0.10146855968613702,0.08888060445019119,0.01900690160317997,0.000916044803043288,0.00042241859501935435,100.0,0.0,62.65,3.7719358425084595,1.1,0.3,4.1,0.5385164807134504,0
68,0.6332526638273818,0.09539394377403825,0.08782366713491686,0.018559190293427955,0.000997074323797327,0.0005098155736181761,100.0,0.0,63.15,2.7436289836637897,1.075,0.23848480035423641,4.25,0.6224949798994366,0
69,0.6342921591307517,0.10567865211792225,0.08747725594252649,0.020681060144099334,0.0009378639439454748,0.000537085107790238,100.0,0.0,63.7,2.4919871588754225,1.05,0.21794494717703372,3.95,0.5894913061275798,0
70,0.6307423312009993,0.1096748671109609,0.08877908407354505,0.021202787615541993,0.0009074625460074746,0.00042448579396736353,100.0,0.0,64.6,3.3823069050575523,1.05,0.21794494717703372,4.1,0.8306623862918076,0
71,0.6224268459940043,0.12481113584459665,0.09043607234979104,0.024034813487570035,0.0009001006230017732,0.0003830730056748627,100.0,0.0,63.8,2.1587033144922905,1.0,0.0,4.2,0.7483314773547883,0
72,0.6225962315377089,0.1387787810348209,0.09182029606521654,0.025744281622526528,0.00078237300294611,0.0003828354434233789,100.0,0.0,63.4,2.7459060435491964,1.075,0.23848480035423641,4.15,0.7262919523166976,0
73,0.6153436591007452,0.13816965821424257,0.09375036848901411,0.024622572064191196,0.0007679738046026891,0.0003683691926582037,100.0,0.0,62.95,2.747271373563231,1.1,0.3,4.5,0.806225774829855,0
74,0.6119143448335604,0.12765457861561783,0.09363139811690649,0.023167630589636973,0.000880793479077504,0.00047955908884115823,100.0,0.0,63.7,1.8734993995195195,1.125,0.3112474899497183,4.15,0.5722761571129799,0
75,0.6209261280634722,0.10156417958975769,0.09160247701007583,0.018068169877097643,0.00098713986892731,0.0005527213841889253,100.0,0.0,63.35,2.372235232855292,1.2,0.4,4.25,0.7664854858377946,0
76,0.6313024116376849,0.08405886363276398,0.08932196193162292,0.015306955482483895,0.0009733746844746264,0.0005993956163106276,100.0,0.0,63.85,3.1980462785894765,1.125,0.3112474899497183,4.05,0.49749371855331004,0
77,0.6291142069284243,0.08712034202216425,0.08963368060960955,0.016453841454262066,0.0009314633277918646,0.0006499130133605373,100.0,0.0,62.45,2.5975950415721076,1.025,0.10897247358851683,4.45,0.8046738469715541,0
78,0.6237603413415206,0.09025591894749109,0.09109355587556005,0.01725770209072296,0.0008541553567484152,0.0005609667417524869,100.0,0.0,63.4,3.2155870381627056,1.125,0.3112474899497183,4.25,0.698212002188447,0
79,0.6256419634240444,0.09784292966018983,0.09112673544857815,0.018392383219241325,0.0007541504385656617,0.00049530179170728,100.0,0.0,62.65,3.7453304260105007,1.025,0.10897247358851683,4.25,0.698212002188447,0
80,0.6133268420524456,0.1054200637288533,0.09249661943654894,0.021333750265409984,0.0008106792536076655,0.0005544553961131537,100.0,0.0,62.65,3.785168424258028,1.05,0.21794494717703372,4.1,0.5385164807134504,0
81,0.6028854481017654,0.1042002616848399,0.09388345387969813,0.02157617054380168,0.0008670596783762414,0.0005644209436207164,100.0,0.0,63.4,3.1208973068654475,1.0,0.0,4.45,0.5894913061275798,0
82,0.5981488250748832,0.10151196526267743,0.09427975813724962,0.02126254941252861,0.0009640207862677708,0.0004809542394743037,100.0,0.0,63.35,3.1666228067138023,1.025,0.10897247358851683,4.3,0.9539392014169457,0
83,0.5958431503534227,0.11075045945891414,0.09418005896080443,0.02254548205636673,0.0010186022581606708,0.0005366868309340079,100.0,0.0,62.5,3.170173496829472,1.0,0.0,4.45,0.6689544080129827,0
84,0.5916100195893066,0.11313547732030634,0.09479315437866208,0.023279109384904545,0.0010647156208170093,0.0004737557469978555,100.0,0.0,64.3,2.5709920264364885,1.025,0.10897247358851683,4.15,0.792148975887743,0
85,0.5940412727823509,0.11458483934385684,0.09387967319481505,0.02357510871854265,0.0011083834557189737,0.0005408085612088421,100.0,0.0,62.4,3.4263683398023628,1.125,0.3112474899497183,4.45,0.9205976319760985,0
86,0.605356066244884,0.11298430666055945,0.09129971350718875,0.023269107467661268,0.0011255577963479593,0.0004373958555282479,100.0,0.0,64.35,2.95423424934449,1.0,0.0,4.15,1.0136567466356647,0
87,0.6080792133035874,0.11415821324798206,0.08939857610336613,0.0243813156463317,0.0012284592781263504,0.0005569073309450345,100.0,0.0,62.75,2.7179955849853767,1.0,0.0,4.25,0.698212002188447,0
88,0.6220708584804255,0.12080205238978559,0.08626878667483194,0.026208586290915714,0.001276680089613681,0.0006406019305447836,100.0,0.0,63.5,2.9748949561287032,1.0,0.0,4.25,0.698212002188447,0
89,0.6239012757481768,0.13020818674292547,0.08749332339434032,0.027188058201754937,0.0011829087871786724,0.0005450018529141601,100.0,0.0,64.35,2.393219588754864,1.05,0.21794494717703372,4.2,0.7483314773547883,0
90,0.6382907636820588,0.13646672809343677,0.08481941849783889,0.028419181057489206,0.001155548115235569,0.0005574948482756644,100.0,0.0,65.3,3.1638584039112754,1.0,0.0,4.0,0.7745966692414834,0
91,0.6419535312975178,0.13389020337872592,0.08419274087259063,0.02761570719016648,0.0011897340516024877,0.0006214769187361026,100.0,0.0,62.15,3.811495769379785,1.2,0.3674234614174767,4.2,0.8717797887081347,0
92,0.6564930914017246,0.13850552971430294,0.08155542859469314,0.02800647620005056,0.0011364562527961413,0.0005778143669226446,100.0,0.0,63.3,3.116087290176577,1.025,0.10897247358851683,4.35,0.6538348415311012,0
93,0.6597681245958247,0.1285187178101154,0.08216474817542932,0.02449448273344297,0.0010522447877213375,0.00059921979895007,100.0,0.0,64.7,2.8478061731796287,1.05,0.21794494717703372,4.1,0.8306623862918074,0
94,0.6661056769084437,0.12268106768064502,0.08075289958808589,0.02165983169287867,0.0010847056265288746,0.0006984281700633157,100.0,0.0,62.3,3.0182776545573144,1.1,0.3,4.45,0.6689544080129827,0
95,0.6658751898481642,0.110238907770706,0.0809499527649672,0.01977473186693063,0.001080799301591081,0.000763191220545782,100.0,0.0,63.65,2.903015673398957,1.0,0.0,4.3,0.5567764362830022,0
96,0.66658210041125,0.10978666577562674,0.0817291867861142,0.019466905597561802,0.0009879746043724537,0.0006132826968076077,100.0,0.0,64.35,3.3507461855533016,1.075,0.23848480035423641,4.0,0.6324555320336759,0
97,0.670829273662904,0.0971083380518048,0.08164571187765686,0.017882504781598703,0.0009222068002737577,0.0005240715602503038,100.0,0.0,63.7,3.3481338085566414,1.15,0.3570714214271425,4.4,0.7348469228349535,0
98,0.6804983917070148,0.10057542946591887,0.07938379420819971,0.018942248671151178,0.0009264885777068299,0.0005347546195048113,100.0,0.0,63.25,2.6995369973386176,1.1,0.2549509756796392,4.3,0.7810249675906654,0
99,0.688175856375558,0.1033283707601326,0.07794366718635945,0.02037118151138036,0.000896847325922227,0.0004698635451500683,100.0,0.0,62.7,3.536947836765479,1.2,0.4,4.1,0.7681145747868608,0
100,0.6954079035398164,0.11756708904083088,0.07665445102700237,0.022641657568421434,0.0008276609369543695,0.0003620385546242867,100.0,0.0,64.1,2.773084924772409,1.0,0.0,4.25,0.8874119674649424,0
101,0.6881139928251689,0.12545315064550877,0.07740527624492896,0.02362945423665788,0.0008811041443523871,0.00035005674968366536,100.0,0.0,64.75,1.894069692487581,1.025,0.10897247358851683,4.1,0.7681145747868608,0
102,0.6871051853293829,0.12280230236238363,0.0762801156597527,0.02277572106894396,0.0010046612924781574,0.00043682218290981995,100.0,0.0,63.35,3.758656674930553,1.1,0.3,3.9,0.6244997998398398,0
103,0.6898060107345866,0.11726192682910963,0.07552431981302318,0.022660231249594293,0.001018790569082863,0.0005205767051506011,100.0,0.0,63.95,3.0736785778607367,1.05,0.21794494717703372,4.2,0.6,0
104,0.6958518336786512,0.11028637946652219,0.07431198864727287,0.021200068693844606,0.0010594695378965701,0.0005719473195362987,100.0,0.0,64.15,3.5815499438092444,1.15,0.3570714214271425,4.25,0.698212002188447,0
105,0.7006025060130807,0.08900007166861751,0.07368935414095204,0.017725580720164526,0.001047455435509462,0.0005349634939550398,100.0,0.0,64.3,2.3473389188611007,1.05,0.21794494717703372,4.05,0.804673846971554,0
106,0.7087077342868368,0.06893965905458908,0.07188886339809288,0.0148952999460196,0.0010797741179557475,0.0004952148273522177,100.0,0.0,62.15,1.8241436346954694,1.1,0.3,4.4,0.6633249580710799,0
107,0.7135667154390524,0.06686679253860518,0.0720387972422807,0.01401388428769874,0.000969188210211297,0.000447653896032524,100.0,0.0,64.3,3.6891733491393435,1.0,0.0,4.1,0.5385164807134504,0
108,0.7130744035579901,0.056985939005662054,0.07223775814325968,0.012986464026097466,0.0009454823639715793,0.00044497444369717514,100.0,0.0,63.05,3.4709508783617204,1.05,0.15,4.2,0.6,0
109,0.7139128463839088,0.06937470240618014,0.07269916554493974,0.014445597593176191,0.0008737820978413446,0.00047820137692437825,100.0,0.0,61.95,2.6358110706194404,1.025,0.10897247358851683,4.5,1.0723805294763609,0
110,0.7043369765191981,0.07918235351633862,0.07525282167005184,0.016935681903872388,0.0007920306106381648,0.00045424116695099836,100.0,0.0,63.9,2.754995462791182,1.05,0.21794494717703372,4.15,0.8529361054615991,0
111,0.6975742684739614,0.07920652485033282,0.07616683656904692,0.016896641005224224,0.0008530173196211029,0.00046956816105159216,100.0,0.0,63.2,3.325657829663178,1.025,0.10897247358851683,4.1,0.8306623862918076,0
112,0.6965686050365216,0.07466738328332324,0.07560156063168602,0.01807281180868903,0.0008928403409510027,0.0005220643162546987,100.0,0.0,64.15,3.118894034750139,1.05,0.21794494717703372,4.25,0.7664854858377946,0
113,0.68576495951636,0.07850538785905292,0.07740123755494427,0.018392450933577144,0.0009269235598869495,0.0004579544587006887,100.0,0.0,63.05,2.7290108097990378,1.125,0.3112474899497183,4.3,0.6403124237432849,0
114,0.6805268133146917,0.08590270527606142,0.07842963565429738,0.0197845835231887,0.0009345436219465103,0.0004206265634305912,100.0,0.0,62.9,3.254228019054596,1.05,0.21794494717703372,4.35,0.7262919523166975,0
115,0.6791283896552744,0.08791447626982876,0.07933123468220438,0.01952839722336122,0.0008863568196073743,0.0004076843243438767,100.0,0.0,63.75,2.6433879775772606,1.025,0.10897247358851683,4.55,0.9733961166965892,0
116,0.6811400209524834,0.09547800204759783,0.07973955353482264,0.019720578565260247,0.0008087362167390978,0.00032192115312383167,100.0,0.0,63.4,2.7820855486487113,1.075,0.23848480035423641,4.15,0.5722761571129799,0
117,0.6743029525459302,0.09624881033220269,0.08014564920729272,0.019663290540483457,0.0008619608522430829,0.00036974960775374647,100.0,0.0,63.55,2.957617284234051,1.05,0.21794494717703372,4.1,0.43588989435406733,0
118,0.668271063996283,0.10265441538411302,0.08170863826381611,0.01978385069176461,0.0008427172064438282,0.00040309355570396037,100.0,0.0,63.55,3.2167530212933664,1.075,0.23848480035423641,4.0,0.6324555320336759,0
119,0.6633353880942796,0.09979120142205163,0.08269305720385123,0.019077625214729506,0.0008528609323779053,0.0003575833511283759,100.0,0.0,62.95,2.246664193866097,1.025,0.10897247358851683,4.25,0.7664854858377946,0
120,0.6643587129801098,0.10025662238218477,0.08218623446641346,0.019110829110390765,0.0008765107098076729,0.0004562438949242749,100.0,0.0,63.1,3.176476034853718,1.075,0.23848480035423641,4.1,0.6244997998398398,0
121,0.657041424345714,0.092927438893602,0.08342503303718439,0.01758135478689625,0.0009748528071944802,0.00046447567867878234,100.0,0.0,62.85,2.5937424698685874,1.025,0.10897247358851683,4.4,0.58309518948453,0
122,0.6645530608502079,0.09144154678984345,0.08249547767548088,0.017698904139275756,0.0009052267882106139,0.0004758332988813982,100.0,0.0,63.95,2.3973944189473704,1.025,0.10897247358851683,4.05,0.5894913061275798,0
123,0.6740964361831786,0.10011791181393971,0.08106209445615112,0.018636354023730765,0.000879917817428524,0.00034098595849643855,100.0,0.0,62.9,3.548238999842034,1.1,0.3,4.2,0.5099019513592784,0
124,0.6796871718413972,0.11196507396242705,0.07981922106205008,0.020361398999970436,0.0008695297676335603,0.000380987802071257,100.0,0.0,64.0,3.8340579025361627,1.175,0.36314597615834876,4.0,0.6324555320336759,0
125,0.6816338790319991,0.11731039040811544,0.07918200804448279,0.02105210381144049,0.0008869184295496326,0.0004474744609688942,100.0,0.0,63.35,3.5535193822462823,1.15,0.3570714214271425,4.0,0.8366600265340756,0
126,0.6819424020716467,0.11828473521815605,0.07940574684023183,0.02184674311355552,0.0008498966943447369,0.0004044960629196483,100.0,0.0,62.85,3.7050641020095725,1.15,0.3570714214271425,4.05,0.739932429347437,0
127,0.6889155443350308,0.12940173819853756,0.07770934669760647,0.024055025045893578,0.000821626566998912,0.000350203635077473,100.0,0.0,63.55,3.2167530212933664,1.075,0.23848480035423641,3.95,0.49749371855331004,0
128,0.6871283316276455,0.13076308068889714,0.07799455348778161,0.02464635719729688,0.000810691663048025,0.000410905475989605,100.0,0.0,63.95,2.9576172842340505,1.0,0.0,4.0,0.7071067811865476,0
129,0.6786285451608933,0.12953084304763365,0.07940679501845722,0.024016464157866273,0.0008758966895872203,0.0004176835734687726,100.0,0.0,63.8,2.541653005427767,1.05,0.21794494717703372,4.45,0.5894913061275798,0
130,0.6768981064609454,0.12933377789038636,0.07940022325286848,0.02409951013821939,0.0008904416946072805,0.00047095039158364163,100.0,0.0,63.1,2.6814175355583845,1.05,0.21794494717703372,4.3,0.7810249675906654,0
131,0.6778905001705673,0.13111266429253013,0.07872131253714292,0.02443662987366696,0.0009297162790669743,0.0005840484480340598,100.0,0.0,64.25,2.680951323690902,1.0,0.0,4.25,0.7664854858377946,0
132,0.6789611195586258,0.12993264953714093,0.07844442247305042,0.024741919116766486,0.0009474220216530252,0.0005504547812606691,100.0,0.0,62.5,2.5199206336708304,1.075,0.23848480035423641,4.55,0.8046738469715541,0
133,0.6776284359434457,0.13464669315786432,0.07824575585492854,0.026358707912198333,0.0009497903810889996,0.0004910926345421515,100.0,0.0,64.0,3.146426544510455,1.05,0.21794494717703372,3.9,0.7681145747868608,0
134,0.6842174946354024,0.13716004419453248,0.07717079155228562,0.02778648768229454,0.000887611553937345,0.0005001698061192417,100.0,0.0,64.4,2.9899832775452104,1.05,0.15,4.05,0.804673846971554,0
135,0.6817016873234355,0.1255055427007563,0.07559674358480092,0.02817286351403535,0.0010307039539775961,0.0005400663094305214,100.0,0.0,64.1,2.605762844159076,1.025,0.10897247358851683,4.2,0.6782329983125268,0
136,0.6895454105746424,0.12197482605884849,0.07448416510667202,0.027364397407317675,0.0009592106552154239,0.0005547888173972718,100.0,0.0,63.8,2.3151673805580453,1.1,0.3,4.15,0.7262919523166975,0
137,0.700284580232006,0.11970031699227131,0.07259697339031787,0.027063118707485952,0.000909461992791317,0.0005366952663484676,100.0,0.0,64.35,3.7453304260105007,1.1,0.3,4.2,0.5099019513592785,0
138,0.688290098680967,0.12061932799283821,0.07441820558073887,0.028237727636818897,0.0009467885451513221,0.0005476626679517057,100.0,0.0,63.6,2.353720459187964,1.0,0.0,4.15,0.7262919523166976,0
139,0.6960776687694856,0.11552072720870414,0.07204388685064575,0.028466625281289785,0.0009934953956820891,0.0005104099169409842,100.0,0.0,63.1,3.5482389998420345,1.05,0.15,4.35,0.9096702699330126,0
140,0.6928654432807886,0.11790925011362069,0.07237275517172927,0.02937716076525964,0.0009994327334076117,0.0005901391421021336,100.0,0.0,63.25,3.1284980421921316,1.025,0.10897247358851683,3.8,0.6,0
141,0.6937362547623733,0.1218553063304653,0.0724211542306736,0.02966779505672287,0.0009941656721880513,0.000650554657807492,100.0,0.0,62.05,2.654712790491657,1.15,0.3570714214271425,4.5,0.7416198487095663,0
142,0.7098227745529265,0.12373451094316214,0.06941148995639641,0.02908905020055698,0.0009598463692357652,0.0005359759973871834,100.0,0.0,63.35,2.2197972880423116,1.05,0.21794494717703372,4.25,0.8874119674649424,0
143,0.7148269516224922,0.130447877345895,0.06924300259607094,0.029689748220885853,0.0009051244120506414,0.0004560066666425235,100.0,0.0,62.7,3.3926390907374753,1.075,0.23848480035423641,4.55,0.5894913061275798,0
144,0.718839940432835,0.13106205481082145,0.06869027577557216,0.02872201586815693,0.0009072901317900329,0.0004039660078367891,100.0,0.0,62.95,3.007906248539007,1.025,0.10897247358851683,4.3,0.714142842854285,0
145,0.7190650779084777,0.12721473138442813,0.06914971950924023,0.02696201064062069,0.0009223524192902866,0.00032486415942765886,100.0,0.0,63.25,3.2384409829422554,1.1,0.3,4.35,0.5722761571129799,0
146,0.7232968768794713,0.12977430249072702,0.06879383451936984,0.026204118404496952,0.0008972247871044918,0.0003556534116378113,100.0,0.0,62.75,2.56661255354212,1.0,0.0,4.25,0.698212002188447,0
147,0.7176698052870314,0.1268218055696855,0.06913353816635695,0.025556593689371722,0.0009801689212890089,0.00047918959682842103,100.0,0.0,63.45,2.6167728216259047,1.05,0.15,4.0,0.8944271909999159,0
148,0.7165281505945413,0.11870718283161379,0.07040232012061708,0.023866476997852933,0.0009433559005042414,0.0004430468570078008,100.0,0.0,63.6,2.8000000000000003,1.0,0.0,4.25,0.6224949798994366,0
149,0.7252700397263752,0.1094119518530553,0.06950010128593218,0.02248967997363528,0.0008966545962768826,0.00042014076272402326,100.0,0.0,63.5,3.7349698793966195,1.05,0.15,4.2,0.5099019513592784,0
150,0.7357765031325295,0.10380591627224053,0.06834175917315169,0.022034908832884868,0.0007997299359236221,0.0004102315849826908,100.0,0.0,63.4,2.764054992217051,1.125,0.3112474899497183,4.25,0.8874119674649424,0
151,0.7423491000894396,0.09901356601325104,0.06664021241511592,0.020330555481556916,0.0008230231329319642,0.0004231374123206435,100.0,0.0,63.75,2.5273503912200224,1.1,0.3,4.05,0.804673846971554,0
152,0.7385791443056613,0.098467527026531,0.06686859811572927,0.020362548530269708,0.0008779429005971705,0.0003722945699793032,100.0,0.0,64.35,3.9909272105614755,1.05,0.21794494717703372,4.05,0.5894913061275798,0
153,0.7515741869906439,0.09288740416102922,0.0636417347089174,0.01878278289966379,0.0009331814500028554,0.0004345603960090305,100.0,0.0,62.75,2.6052830940226053,1.05,0.21794494717703372,4.15,0.7262919523166975,0
154,0.7536732004955775,0.07887881831047057,0.06308337461868185,0.01731712760962913,0.0009613015370106424,0.00043769291170281486,100.0,0.0,63.55,2.3973944189473704,1.05,0.21794494717703372,4.15,0.6538348415311012,0
155,0.7596936106494316,0.07460362899054358,0.06325253023071001,0.014892806338632037,0.0008689641285363035,0.00047654790859140786,100.0,0.0,63.2,2.5219040425836985,1.0,0.0,4.45,0.8645808232895291,0
156,0.7639041506687335,0.06905789671546754,0.06311317677315507,0.014246356635110006,0.0008313996063633187,0.000425518932856544,100.0,0.0,62.8,3.370459909270543,1.1,0.2549509756796392,4.4,0.7348469228349533,0
157,0.773135743745931,0.06987340388477994,0.06059403915526286,0.01514303977834303,0.0008235557854523416,0.00042611555599271966,100.0,0.0,63.0,2.8809720581775866,1.05,0.21794494717703372,4.35,0.5722761571129799,0
158,0.7654027179458507,0.0711197454464971,0.060148086534419734,0.016629181036952694,0.0009332349013092926,0.00039205674621579977,100.0,0.0,63.35,3.2446109165815247,1.025,0.10897247358851683,4.15,0.9096702699330127,0
159,0.7653592105199855,0.06811279070531286,0.060570057716106386,0.016413476936287807,0.0008957852300433644,0.00035617340089544335,100.0,0.0,63.25,3.031088913245535,1.1,0.2549509756796392,4.05,0.864580823289529,0
160,0.7661543883908495,0.06673411241049944,0.060258295696260754,0.016927514307337164,0.0008956148362926972,0.0004231327479182955,100.0,0.0,62.65,2.7436289836637897,1.1,0.3,4.25,0.5361902647381804,0
161,0.766567000294172,0.06817240097271936,0.060549938259898385,0.015905284887795208,0.0009002152510741126,0.0004270655466621028,100.0,0.0,62.95,3.694252292413175,1.1,0.3,4.15,0.5722761571129799,0
162,0.7734384707166628,0.06296431007060026,0.05965035403153537,0.015791142742272748,0.0008487351814619575,0.0004428081870294219,100.0,0.0,63.9,3.6318039594669758,1.15,0.3570714214271425,4.1,0.7000000000000001,0
163,0.7750589622993252,0.06979640367946749,0.05927276272977995,0.01699803163684333,0.0008415045064344643,0.00042571372985627625,100.0,0.0,61.95,3.800986713999406,1.15,0.3570714214271425,4.2,0.6,0
164,0.7700862849312811,0.07766842493159651,0.06097884074169453,0.017440065129171567,0.0008050913257567538,0.0004050067980421661,100.0,0.0,64.05,3.1220986531498327,1.05,0.2179449471770337,4.2,0.7483314773547883,0
165,0.7634474232390673,0.08266302441802312,0.06256390126901638,0.01758341918648687,0.0008037196006931982,0.0004813863961779025,100.0,0.0,63.05,2.692118125194361,1.1,0.3,4.3,0.6403124237432849,0
166,0.762575494879153,0.09538125661331462,0.0633060449596102,0.01954063969304711,0.0007426109545920767,0.0004382547427913897,100.0,0.0,63.1,2.8442925306655784,1.025,0.10897247358851683,3.95,0.6689544080129826,0
167,0.751490668095741,0.09770876674241925,0.06621609304270715,0.01995071811418903,0.0007165203586781783,0.00033984220468983553,100.0,0.0,63.65,2.6129485260907837,1.05,0.21794494717703372,4.45,0.7399324293474372,0
168,0.7468991321071594,0.10010522132366753,0.06701805414367197,0.020032587624394225,0.0007184646898416828,0.00030018431972226965,100.0,0.0,62.05,3.232259271778797,1.125,0.3112474899497183,4.5,0.6708203932499369,0
169,0.7467946806541351,0.09169743873362397,0.06616648361950794,0.018938435800162634,0.000782822130739237,0.0004874345398567935,100.0,0.0,64.25,2.1418449990603894,1.0,0.0,4.05,0.5894913061275798,0
170,0.7426561300472979,0.09201845490012138,0.06690842424976622,0.018920906716248912,0.000837536460459644,0.0004829074708539112,100.0,0.0,63.85,3.5954832776693593,1.025,0.10897247358851683,4.1,0.7000000000000001,0
171,0.7534865899006641,0.07631450475842724,0.0649384538795544,0.01637720857766811,0.0008197372687473003,0.0004633401478254187,100.0,0.0,66.3,2.98496231131986,1.0,0.0,4.15,0.7262919523166976,0
172,0.7598098669956104,0.07619507793915338,0.06358770944924494,0.0166050147453653,0.0008061199826731596,0.00040803702702464086,100.0,0.0,63.15,2.8857408061016154,1.05,0.21794494717703367,4.3,0.714142842854285,0
173,0.7615649723644276,0.06954264486552514,0.06329988033091657,0.01534949954196336,0.000815983259309423,0.0004927104740588179,100.0,0.0,63.0,2.949576240750525,1.1,0.3,4.15,0.7262919523166975,0
174,0.7678297652322275,0.06517470025632706,0.06272638660716756,0.014921177721953807,0.0007425391375556489,0.0004439443304730963,100.0,0.0,62.95,1.9615045245933032,1.125,0.3112474899497183,4.0,0.5477225575051661,0
175,0.7647503247105985,0.06434444729007072,0.0634510250801355,0.014765113297131753,0.0007457417587806022,0.0003411307176377165,100.0,0.0,63.75,3.3893214660164652,1.1,0.3,4.15,0.7921489758877431,0
176,0.7647881340518295,0.0630336138337706,0.06405671040113883,0.013493189702827747,0.0006930290608375102,0.0002480500385278811,100.0,0.0,63.15,3.4245437652335533,1.05,0.21794494717703372,4.7,0.9539392014169457,0
177,0.7651376220525974,0.06313496913868714,0.06426533646416738,0.01407349018704598,0.0006863714270749992,0.00022108495171337177,100.0,0.0,62.4,3.9799497484264803,1.2,0.4,4.35,0.7921489758877431,0
178,0.7639353267161672,0.0670821233514416,0.06518090649599431,0.014048335513489814,0.0006361316726108959,0.0002478674640422625,100.0,0.0,62.55,2.558808316384797,1.1,0.3,4.0,0.7745966692414834,0
179,0.7657496619224753,0.06853841797131356,0.06476578786484995,0.014186969146903112,0.0006237682781864059,0.00023970203454183123,100.0,0.0,63.85,3.0540956108150903,1.025,0.10897247358851683,4.15,0.7262919523166976,0
180,0.7544673421492307,0.07111296843181353,0.06590551409285886,0.014614150294483317,0.0007373993951729273,0.00030307903849439614,100.0,0.0,62.65,3.395217224272992,1.125,0.3112474899497183,4.25,0.7664854858377946,0
181,0.7566109338450109,0.07250579640937066,0.06550485281905333,0.015455393575279395,0.0007134073932571945,0.00028169183918045693,100.0,0.0,63.3,2.666458325194677,1.1,0.3,4.05,0.5894913061275797,0
182,0.7518723361582051,0.06385517703310205,0.06616604119871093,0.015286280715246476,0.0007357434952704196,0.0002728092994014143,100.0,0.0,63.3,2.7766886753829643,1.0,0.0,4.3,0.7810249675906654,0
183,0.7543983095103634,0.06786231463581635,0.06531243479269852,0.015847840623563918,0.0007450304886512911,0.00026822703959449566,100.0,0.0,63.0,3.3763886032268267,1.075,0.23848480035423641,4.3,0.7810249675906654,0
184,0.7578992122152772,0.07211258691875282,0.06324494912366879,0.017596480121896314,0.0008068040997625308,0.0003306875771051475,100.0,0.0,63.65,2.5548972582082436,1.075,0.17853571071357124,3.8,0.6,0
185,0.7617924839902245,0.07777421722119886,0.06322303584993341,0.018199034812246388,0.000731269827794534,0.0002804429509071844,100.0,0.0,63.75,3.4478254016118624,1.0,0.0,4.15,0.6538348415311009,0
186,0.7595357692976468,0.07984550720283336,0.06323154321631472,0.01835558836587045,0.0007712847150773445,0.0003115803129641183,100.0,0.0,62.95,2.9236107812087435,1.05,0.2179449471770337,4.1,0.7000000000000001,0
187,0.7554874302086307,0.07373764227252033,0.06414473453821849,0.016078368588057255,0.0008142767755831887,0.0003636335174466636,100.0,0.0,63.4,2.3958297101421877,1.05,0.21794494717703372,4.2,0.7483314773547883,0
188,0.7620025785889284,0.07100932159359455,0.06196294212031887,0.01686437848289226,0.000854850248631891,0.0004088157503853114,100.0,0.0,63.15,2.104162541250081,1.0,0.0,4.05,0.5894913061275797,0
189,0.7673573585254989,0.0697238409271969,0.06079864005954629,0.017077348060289495,0.0008553953184109063,0.0003838502422120386,100.0,0.0,64.3,3.303028912982749,1.1,0.3,3.8,0.6782329983125268,0
190,0.764862773306038,0.0795331018666834,0.06059257957721237,0.019894129947085736,0.0008780083065015505,0.0003585902134371058,100.0,0.0,62.55,3.4128433893163046,1.1,0.3,4.05,0.49749371855331004,0
191,0.7678797184632294,0.07813570964827388,0.061150165281383194,0.01793049270764669,0.0008121380771872512,0.00040434159718845885,100.0,0.0,64.15,4.269367634673781,1.1,0.3,4.1,0.7,0
192,0.7740186369810005,0.07780128516533821,0.05915860188698261,0.016482195652242602,0.0008498133281758102,0.0004986482202722227,100.0,0.0,64.3,3.661966684720111,1.1,0.3,4.05,0.6689544080129826,0
193,0.7855249280830852,0.07001384660092154,0.05595662305914728,0.01564646734287749,0.0008942256026710262,0.00046993297769082587,100.0,0.0,62.15,3.1823733281939126,1.05,0.21794494717703372,4.4,0.8,0
194,0.7901813126517544,0.07279515105262092,0.054647191465251585,0.016473091469891166,0.000905872313879013,0.00042886117305021,100.0,0.0,63.9,3.014962686336267,1.025,0.10897247358851683,3.9,0.7681145747868608,0
195,0.7951315505046525,0.07971039050984416,0.05267517491478968,0.018233922045100905,0.0009233595095225566,0.00046475206245718355,100.0,0.0,63.25,3.686122624113311,1.1,0.3,4.15,0.852936105461599,0
196,0.7954166440985833,0.0843213375092315,0.05279489446030703,0.01955192523594822,0.000885423460846414,0.000515956915821189,100.0,0.0,63.45,2.991237202229205,1.0,0.0,4.55,0.8645808232895291,0
197,0.802219389854887,0.08514769556159456,0.05222520554392875,0.02015018850445848,0.000794553392812113,0.00047637838474827015,100.0,0.0,63.85,3.2752862470324637,1.0,0.0,4.3,1.0049875621120892,0
198,0.8037119915998913,0.08838074654918411,0.051564487198683076,0.020727003961420423,0.0008228768324700439,0.00043243330780935453,100.0,0.0,63.2,2.5612496949731396,1.075,0.23848480035423641,4.15,0.9096702699330127,0
199,0.808587010730433,0.08643298644113147,0.05085292033274702,0.020075816260219585,0.0008109120167559255,0.00037982608975600953,100.0,0.0,63.65,3.1823733281939126,1.0,0.0,4.4,0.7348469228349535,0
200,0.8182093040591356,0.0819229878319254,0.049405822904940125,0.0198269449850706,0.0007497263194255157,0.0003797954794335443,100.0,0.0,63.4,2.7640549922170505,1.05,0.21794494717703372,4.2,0.7483314773547883,0
201,0.8206138509940425,0.08144348444166677,0.04920975015279698,0.020808669254971032,0.0006968903215361855,0.0003391918889636389,100.0,0.0,63.05,2.2907422377910613,1.075,0.23848480035423641,4.15,0.5722761571129799,0
202,0.8235747462716987,0.08873379534191503,0.04915260264937578,0.02113513896038857,0.0006705001411853718,0.00029278310129501395,100.0,0.0,62.6,3.6523964735499352,1.15,0.3570714214271425,4.35,0.5722761571129799,0
203,0.8307577933450186,0.08827283417017802,0.0482734285686305,0.02115610157440268,0.0006297416904339686,0.00027284653500777445,100.0,0.0,64.15,3.259984662540608,1.05,0.21794494717703372,4.05,0.739932429347437,0
204,0.8334017739970019,0.08760561659904198,0.047280447974244924,0.020930639514997164,0.000641258083760231,0.0003027379914528474,100.0,0.0,63.6,3.1368774282716245,1.1,0.3,4.45,0.8046738469715541,0
205,0.8357163038560683,0.0854055193779575,0.04666042111655939,0.019637046815264594,0.0006681929589186861,0.00029170912686984576,100.0,0.0,64.95,3.4565155865408737,1.05,0.15,4.15,0.3570714214271425,0
206,0.8410683704132815,0.08964363239182643,0.045566648299559954,0.02088253768458133,0.0006415364028532343,0.00025469534814527643,100.0,0.0,62.9,2.808914381037628,1.05,0.21794494717703372,4.35,0.963068014212911,0
207,0.8441534600717283,0.08560682475094941,0.04619771457751439,0.01919274709126138,0.0005856834252132767,0.00022476280551656048,100.0,0.0,63.3,2.471841418861655,1.0,0.0,4.25,0.4330127018922193,0
208,0.8433326070469637,0.08408902601788218,0.04558032223806323,0.01922152554398398,0.0006205367853239158,0.00023704457368690964,100.0,0.0,62.65,2.669737814842499,1.1,0.3,4.35,0.653834841531101,0
209,0.843250463436994,0.08643698334322175,0.04533394051113893,0.018792122503258523,0.0006314189676912647,0.00027772692171608145,100.0,0.0,62.5,2.1330729007701543,1.075,0.23848480035423641,4.05,0.6689544080129826,0
210,0.8419540940079104,0.0846809599922905,0.0455541108041219,0.017899703229418154,0.0006512611965582506,0.0003112116715103612,100.0,0.0,62.6,2.1071307505705477,1.125,0.3112474899497183,4.4,0.58309518948453,0
211,0.8386298742489474,0.07621122589652608,0.04686392298531396,0.01624377083994758,0.0006534991290159083,0.000260556969987765,100.0,0.0,63.6,2.5377155080899043,1.0,0.0,4.05,0.9733961166965892,0
212,0.8423602536675707,0.0766815402609965,0.0455085263930551,0.01633961375262411,0.0006656650182239359,0.00027222140211765234,100.0,0.0,63.95,2.3339880033967613,1.0,0.0,4.0,0.6324555320336759,0
213,0.8463318844114562,0.07083152400689949,0.045308400415745256,0.01435442395483967,0.0006449418657940631,0.00031650417374696533,100.0,0.0,63.5,3.057776970284131,1.025,0.10897247358851683,4.35,0.8529361054615991,0
214,0.8481547336462327,0.06147927488355244,0.04414877332164636,0.013747923707413776,0.0006884090170364537,0.00032244404756849007,100.0,0.0,62.9,1.8411952639521971,1.025,0.10897247358851683,4.2,0.812403840463596,0
215,0.8473322589111228,0.06050395114704271,0.044252482492934384,0.011856234323074548,0.0007230814412051577,0.0003611481437533339,100.0,0.0,63.65,3.6093628246547893,1.0,0.0,4.1,0.5385164807134504,0
216,0.8491994390262837,0.05420255140757735,0.04282330825998084,0.010865217417571784,0.0007575891179654884,0.00036829242313484773,100.0,0.0,62.75,3.476708213238494,1.05,0.21794494717703372,4.75,0.8874119674649424,0
217,0.8529591341998455,0.05649439655254117,0.04243350146216488,0.010795317078451825,0.0007340365046023592,0.0003774816758360108,100.0,0.0,62.55,2.5975950415721085,1.0,0.0,4.35,0.653834841531101,0
218,0.8616233051377243,0.054241463963469086,0.04095661030172475,0.012046959053540541,0.0006634915558901439,0.00038310254100122073,100.0,0.0,63.0,3.40587727318528,1.075,0.23848480035423641,4.25,0.6224949798994366,0
219,0.8566787559999065,0.050200942181739164,0.04057343617712204,0.011513281169125932,0.0007571319643376632,0.0004197275548896512,100.0,0.0,63.0,3.924283374069717,1.1,0.3,4.05,0.9733961166965893,0
220,0.8578079493733564,0.04101660303430704,0.041011698501751584,0.010317547362543908,0.0007379626846649492,0.00040629544704136897,100.0,0.0,64.2,2.420743687382041,1.0,0.0,4.45,0.8645808232895292,0
221,0.8653866979791867,0.04006969023301487,0.03969452403308066,0.011438028003103562,0.0006666526552775751,0.000360067816775469,100.0,0.0,62.85,2.7977669667075564,1.075,0.23848480035423641,4.05,0.6689544080129826,0
222,0.8637037585811068,0.04457111140126939,0.03893492830608725,0.013048918488840556,0.0007030253911410019,0.00033645648533008017,100.0,0.0,63.2,3.9949968710876362,1.15,0.3570714214271425,4.2,0.9273618495495703,0
223,0.8680366310605343,0.04323303605690946,0.037298517532163386,0.0128933306103689,0.0007100433070511174,0.0002898580687278955,100.0,0.0,63.85,3.2752862470324637,1.1,0.3,4.45,0.7399324293474372,0
224,0.8728990907134959,0.04400927336992846,0.036556711382352225,0.01255614682532045,0.0006788810037555218,0.0002804091913931862,100.0,0.0,62.95,3.412843389316304,1.05,0.21794494717703372,4.0,0.7071067811865476,0
225,0.8733456726098764,0.04638980655388422,0.03670904701947078,0.013619827662000943,0.0006764791929591157,0.00027392100923396114,100.0,0.0,64.2,2.694438717061496,1.025,0.10897247358851683,4.1,0.6244997998398398,0
226,0.8801137742379398,0.046742451513536586,0.03550729584617937,0.01231337165955248,0.0006513158423374137,0.0002990125209568676,100.0,0.0,63.35,3.6779749863205975,1.25,0.4330127018922193,4.3,0.7810249675906654,0
227,0.8804224866495796,0.04884431317162531,0.03378144524172114,0.013183312448986765,0.0006975891099385831,0.0003551241708649437,100.0,0.0,64.15,3.409912022325503,1.075,0.23848480035423641,4.2,0.9273618495495703,0
228,0.8800846720292093,0.04817302748381487,0.03299555087722901,0.012291138305077137,0.0007317198894521281,0.0004049948717677033,100.0,0.0,64.65,3.15079355083763,1.1,0.3,4.3,0.9,0
229,0.8816746729827241,0.04627271571543067,0.03252138040200331,0.013495938616553623,0.0007191801797181748,0.0003928328711373497,100.0,0.0,64.15,3.539420856580918,1.075,0.23848480035423641,3.85,0.653834841531101,0
230,0.8827125179156043,0.04135662316554373,0.03273216081350343,0.014408123703215404,0.0006792349882956011,0.0003643225742543884,100.0,0.0,62.75,2.56661255354212,1.1,0.3,4.2,0.6,0
231,0.8893778174760815,0.039645102704242555,0.03072481338961842,0.01320632232621177,0.0006785607645933434,0.0003393144454740518,100.0,0.0,62.2,3.0757112998459393,1.075,0.23848480035423641,4.5,0.7416198487095663,0
232,0.8890323193082811,0.03655603967456217,0.029770957928178732,0.014661799811643042,0.0006956815817334824,0.0003587147956335715,100.0,0.0,63.65,3.320767983464066,1.05,0.21794494717703372,4.25,0.82915619758885,0
233,0.8919425352186263,0.04055956182264864,0.02952439030881207,0.01466387278101101,0.0006640421854100164,0.000374933030493086,100.0,0.0,63.7,2.968164415931166,1.125,0.3112474899497183,4.1,0.7,0
234,0.8947252158886277,0.041233700380201105,0.030147444615951497,0.013556319530189324,0.000637499368701878,0.0003597031261472153,100.0,0.0,63.8,3.2341923257592455,1.0,0.0,4.4,0.7348469228349535,0
235,0.8924664362839865,0.04098683900105686,0.0281968072389736,0.012583577625720294,0.0007588083651417961,0.0003694372777013423,100.0,0.0,63.05,3.2476914878109957,1.15,0.3570714214271425,4.2,0.6782329983125268,0
236,0.8979871686831167,0.03396371688603689,0.027666074047569024,0.01137479293457836,0.0007076838382577119,0.00033532925635714763,100.0,0.0,63.45,3.368605052540295,1.0,0.0,4.25,0.8874119674649424,0
237,0.9061582031219977,0.03357396505052804,0.026500365067499577,0.011101362750245265,0.0006343850584156964,0.0003201436436004533,100.0,0.0,62.2,2.5612496949731396,1.05,0.21794494717703372,4.0,0.6324555320336759,0
238,0.9111094706679245,0.03185273357702327,0.025377829118977548,0.010102863285545091,0.0006044197067099908,0.00036305599116001787,100.0,0.0,63.7,2.666458325194677,1.05,0.21794494717703372,4.15,0.5722761571129799,0
239,0.9108951800226498,0.029874432189078676,0.024485249066076586,0.01230917525783772,0.0006019334184219595,0.00028513339653626565,100.0,0.0,63.65,2.535251466817444,1.0,0.0,4.1,0.6244997998398398,0
240,0.9061844648257724,0.03253122748901626,0.02455220614396695,0.013520601025848494,0.0006513893744127621,0.0002929742859293071,100.0,0.0,63.75,3.0639027399707057,1.05,0.21794494717703372,4.15,0.7262919523166976,0
241,0.9054094240943023,0.04223186563640981,0.02466891919130583,0.014612985599742785,0.0006501174421281353,0.0002942017926425945,100.0,0.0,62.75,2.680951323690902,1.125,0.3112474899497183,4.25,0.6224949798994366,0
242,0.9078018276522111,0.041452784193979395,0.024074742071668313,0.01286427480679441,0.0006644938297296765,0.00031637996665425007,100.0,0.0,64.1,2.913760456866693,1.0,0.0,4.45,0.8046738469715541,0
243,0.9066069110324673,0.03689931039347076,0.023771411805652308,0.011196770592752613,0.0007012144982155283,0.0003612650883761165,100.0,0.0,62.35,3.1823733281939126,1.05,0.21794494717703372,4.65,0.7921489758877431,0
244,0.9143994437384517,0.035119254936678536,0.022308438082377084,0.010233467933205913,0.0006401407352517404,0.000290382344936908,100.0,0.0,63.8,2.580697580112788,1.05,0.21794494717703372,3.9,0.6244997998398398,0
245,0.9165899768433133,0.03578709800901067,0.021071180044262852,0.010526996791574404,0.0006424381664743581,0.000297346903937868,100.0,0.0,62.9,2.964793416074719,1.075,0.23848480035423641,4.3,0.8426149773176358,0
246,0.9181727531569435,0.039561501376270305,0.020709443219968003,0.011015382799074847,0.0006317143581713525,0.00034904520740193816,100.0,0.0,62.7,2.8301943396169813,1.1,0.3,4.35,0.9630680142129111,0
247,0.9212521763636812,0.035028997232474685,0.020082727007568406,0.010774601206476045,0.0006049223012390345,0.0003015916789702724,100.0,0.0,62.55,3.353729267546801,1.05,0.2179449471770337,4.15,0.6538348415311009,0
248,0.9260055116135764,0.028342206432075058,0.019716740252994556,0.009713516826489266,0.0005644322635234375,0.0002766179595660136,100.0,0.0,63.15,2.3932195887548637,1.05,0.21794494717703372,4.25,0.7664854858377946,0
249,0.9281687696393899,0.026415530709383697,0.018852518868873375,0.008684529872600055,0.0005731162027618853,0.00028902162248292733,100.0,0.0,63.65,2.885740806101615,1.075,0.23848480035423641,4.05,0.804673846971554,0
250,0.9264692557920989,0.02285873179022609,0.018785961885635926,0.009129895590869309,0.0006244158527619602,0.0002672127584281133,100.0,0.0,63.0,1.8439088914585775,1.025,0.10897247358851683,4.35,0.7262919523166975,0
251,0.9317435153354398,0.024726470635813486,0.01785537588708742,0.009930267657986968,0.0005375849575685919,0.00027411366463662664,100.0,0.0,63.3,2.7766886753829643,1.05,0.2179449471770337,4.05,0.49749371855331004,0
252,0.9334106599171648,0.023125878691731966,0.017641380366791,0.009030596761732122,0.0005332369044261766,0.00021677759123276278,100.0,0.0,63.6,3.2924155266308657,1.05,0.21794494717703372,4.35,0.7262919523166976,0
253,0.9351578936923541,0.02152693707719699,0.01724542614396942,0.008603706776139971,0.0005201236804434679,0.00020290815422444465,100.0,0.0,63.7,3.2572994949804666,1.075,0.23848480035423641,4.35,0.7262919523166976,0
254,0.9362344462230088,0.02233016892361319,0.01615158693582398,0.008550883271383364,0.000536553856474441,0.0002497844746108615,100.0,0.0,63.15,2.632014437650371,1.025,0.10897247358851683,4.45,0.6689544080129827,0
255,0.9384315532366803,0.01953941327195559,0.015884254408791973,0.007953256405852873,0.0005134932230131232,0.00023078135169513197,100.0,0.0,64.7,3.241913015489466,1.025,0.10897247358851683,4.1,0.6244997998398398,0
256,0.9370782759652876,0.022917378006799282,0.01667120237354293,0.00782192997855656,0.0005263373270254465,0.0002482248259481643,100.0,0.0,63.15,3.0376800358168077,1.0,0.0,4.15,0.6538348415311012,0
257,0.9317525970612779,0.0265770846926283,0.017491573052945023,0.007867754507948299,0.0005672527560897759,0.0002934380020705042,100.0,0.0,62.8,3.370459909270543,1.1,0.2549509756796392,4.2,0.6782329983125269,0
258,0.9305780322436619,0.024988873439631076,0.017621828534089837,0.007350103204819855,0.0005855981179251066,0.00022624033341605125,100.0,0.0,63.95,2.558808316384797,1.0,0.0,4.15,0.6538348415311009,0
259,0.9357632651842989,0.02301051738611305,0.01641061132423032,0.006774132673260084,0.0005446250336261385,0.00020590241753433964,100.0,0.0,63.3,2.491987158875423,1.05,0.21794494717703372,3.95,0.5894913061275798,0
260,0.9372159641977159,0.022147333432078004,0.015647304591314685,0.006795003927342349,0.0005383684840875305,0.0002227327791673331,100.0,0.0,62.95,2.8892040426387333,1.0,0.0,4.45,0.8645808232895292,0
261,0.9385488687905168,0.02396191233245703,0.01572071019134446,0.007832026379193462,0.0005102586033632582,0.00022095719653315716,100.0,0.0,62.15,3.0540956108150903,1.05,0.15,4.2,0.8717797887081347,0
262,0.9366548656982525,0.02734800920956049,0.015518396595897304,0.0072210519796089305,0.00054206377032669,0.0002797135765532067,100.0,0.0,62.25,4.345975149491768,1.15,0.3570714214271425,4.1,0.7,0
263,0.9366651460699561,0.026401282036028043,0.014404520948777252,0.007970105319083098,0.0005568215027634886,0.00028100866618914195,100.0,0.0,63.75,2.7363296585024255,1.025,0.10897247358851683,3.95,0.6689544080129826,0
264,0.9323932193750561,0.03240938172098823,0.013236356765999099,0.00921826282781822,0.0006250839233854585,0.0003506737148005066,100.0,0.0,62.0,3.271085446759225,1.05,0.21794494717703372,4.3,1.004987562112089,0
265,0.9385364949438332,0.02521932700302401,0.012913370196707432,0.007645027300990761,0.0005671002084375575,0.00028081627984507526,100.0,0.0,63.2,2.7495454169735036,1.15,0.3570714214271425,4.35,1.0136567466356645,0
266,0.9357955010324478,0.029325229756835998,0.013859848239999664,0.008541218011026103,0.0005924224237401948,0.0003140291986904267,100.0,0.0,63.9,3.3451457367355464,1.025,0.10897247358851683,4.25,0.9937303457175896,0
267,0.9379293211199652,0.02428901712614555,0.014141570651893013,0.008785047796929644,0.0005487294151684979,0.0002550349735871956,100.0,0.0,64.25,2.6052830940226053,1.0,0.0,4.35,0.653834841531101,0
268,0.9401385853441313,0.02496297615580792,0.01378633734182092,0.008763313915060396,0.0005258029475541158,0.0002572206072983033,100.0,0.0,63.7,3.551056180912941,1.05,0.21794494717703372,4.15,0.4769696007084728,0
269,0.9394176356375425,0.02017757905478288,0.01469642071133068,0.007485484230410405,0.0005365415627175734,0.00021351152199816333,100.0,0.0,63.95,2.4181604578687494,1.1,0.3,4.1,0.5385164807134504,0
270,0.9407812006230992,0.021467953531946794,0.015546992196306378,0.0070744845360311325,0.0005081187048648068,0.0001921374965831731,100.0,0.0,63.35,2.4550967394381837,1.05,0.21794494717703372,4.4,0.8602325267042626,0
271,0.9445998988976296,0.016616358045090093,0.014758821427099871,0.006189736126962993,0.0004798485768333372,0.0001661181081992739,100.0,0.0,64.4,3.4263683398023628,1.05,0.15,3.95,0.5894913061275798,0
272,0.9427217377126682,0.01762708322319994,0.0148565546681653,0.00616909356890337,0.0005181453226433078,0.0001982875971506443,100.0,0.0,63.8,3.558089374931439,1.075,0.23848480035423641,4.35,0.6538348415311012,0
273,0.9418214109490026,0.02081569012618202,0.014453919966257953,0.0067048743881056765,0.000520295746119856,0.00020745049833489714,100.0,0.0,64.4,2.5573423705088847,1.0,0.0,4.05,0.3840572873934304,0
274,0.9401797858290497,0.022820412657474618,0.01434117179931802,0.005963639472187843,0.0005462792795241186,0.000215323729067257,100.0,0.0,63.15,2.4753787588973126,1.05,0.21794494717703372,4.4,0.9165151389911681,0
275,0.9394144109052702,0.021345981143172692,0.014003328211969179,0.004949458333066272,0.0005649864081762986,0.0002227949965679275,100.0,0.0,62.25,2.680951323690902,1.075,0.23848480035423641,4.25,0.698212002188447,0
276,0.9396611221036044,0.021869768431066066,0.01605949979147351,0.005228451563878253,0.0005267967381835496,0.00022893383258089194,100.0,0.0,62.45,2.4591665254715873,1.1,0.2549509756796392,4.45,0.9205976319760986,0
277,0.9412919974654367,0.01786433714907486,0.01452281313770904,0.005446730168937948,0.0005302662442696177,0.00021615154508910041,100.0,0.0,64.1,3.0149626863362666,1.0,0.0,4.0,0.4472135954999579,0
278,0.9397008322907073,0.020020425629932805,0.014916763601388544,0.006081531247343932,0.0005497601948059015,0.00023004374947281883,100.0,0.0,64.75,3.533765696816924,1.05,0.21794494717703372,4.0,0.7071067811865476,0
279,0.9423504707682788,0.017586221788525876,0.01527369198712735,0.0070636007200488736,0.000495843007525606,0.00021523773983025813,100.0,0.0,62.95,2.9406631905065224,1.125,0.3112474899497183,4.0,0.6324555320336759,0
280,0.9380573721046819,0.01794068346510318,0.015919848208052416,0.006888947292344815,0.0005399951589442258,0.00022162356458707284,100.0,0.0,63.65,2.7436289836637897,1.05,0.21794494717703372,4.15,0.6538348415311012,0
281,0.9389527173278189,0.019999689990181656,0.015350328296071927,0.007623035278521599,0.0005297272194081956,0.00021061360007572138,100.0,0.0,63.7,2.6476404589747453,1.05,0.21794494717703372,4.25,0.7664854858377946,0
282,0.9336451096622793,0.024378083565351358,0.01687240329314004,0.007186253048251623,0.0005731726663653532,0.0002486361247085828,100.0,0.0,63.35,3.1980462785894765,1.025,0.10897247358851683,4.25,0.698212002188447,0
283,0.9370159166147672,0.02393215026762114,0.015892635313090986,0.00883696225332657,0.000535276304908462,0.00021996382921197927,100.0,0.0,62.4,2.7820855486487113,1.025,0.10897247358851683,4.15,0.3570714214271425,0
284,0.9348749171981436,0.022877703352862693,0.018109554405176014,0.008906410382806955,0.0005074311373133508,0.00018054846425275624,100.0,0.0,63.1,4.253234063627348,1.15,0.32015621187164245,4.05,0.6689544080129826,0
285,0.9305977912178889,0.02321641324814525,0.01907701680098054,0.007705605771468781,0.0005572829969942093,0.00023604146868209995,100.0,0.0,64.3,2.7766886753829643,1.05,0.21794494717703367,4.2,0.6782329983125268,0
286,0.9241265381375185,0.024879394398427162,0.020478414008753963,0.007453789489693582,0.0006159830120543107,0.00027863186428877124,100.0,0.0,62.6,2.764054992217051,1.125,0.3112474899497183,4.25,1.0428326807307104,0
287,0.9209924931028779,0.02879410712331721,0.020963369883395054,0.0087839126634224,0.0006341979661307244,0.00034991889005253147,100.0,0.0,62.4,3.583294573433783,1.1,0.2549509756796392,4.1,0.7681145747868608,0
288,0.9252203819705663,0.0277621014804015,0.021899275266392487,0.009783978695833381,0.000543377661282163,0.00031709485918676267,100.0,0.0,62.95,1.883480820183736,1.025,0.10897247358851683,4.0,0.7745966692414834,0
289,0.9248272307957095,0.027794939477695253,0.022461966407577284,0.010122658583804052,0.0005344570351825726,0.0002741620852040641,100.0,0.0,64.0,3.2093613071762426,1.125,0.3112474899497183,4.4,0.9695359714832658,0
290,0.9226692414545955,0.027241725149877362,0.024020586834351362,0.009070399871829967,0.0005260192289588979,0.00027255768151202367,100.0,0.0,64.1,3.4770677301427417,1.1,0.3,4.0,0.6324555320336759,0
291,0.9163848010203604,0.03254747929465225,0.02664957650033088,0.009922984957868029,0.000531132004345169,0.0003135653013961872,100.0,0.0,63.35,2.8857408061016145,1.0,0.0,4.2,0.7483314773547883,0
292,0.9130375837824746,0.033679196543462325,0.02739080297505749,0.009585032241974403,0.0005470509508006915,0.0002699549307499463,100.0,0.0,64.6,2.3748684174075834,1.05,0.2179449471770337,4.4,0.9165151389911679,0
293,0.9091924904773349,0.03650221259577463,0.028912026511112205,0.010093928897301492,0.0005369850998189792,0.00031975255124333177,100.0,0.0,62.75,3.404041715373065,1.1,0.3,4.2,0.5099019513592784,0
294,0.9001559957741337,0.034183361704839,0.030852245033734228,0.01020833865162191,0.0005921977446733941,0.00027865678125989815,100.0,0.0,63.95,2.4794152536434875,1.05,0.21794494717703372,3.9,0.5385164807134504,0
295,0.8998230404603321,0.03197208546164801,0.02996526027820213,0.009216512141847261,0.0006267311674972497,0.00032420454913762315,100.0,0.0,62.4,1.9078784028338913,1.1,0.3,4.45,0.9205976319760986,0
296,0.8952265165404965,0.02909887157550368,0.03134195177252374,0.008171326705356695,0.0006411392040964797,0.0002795947349881837,100.0,0.0,61.8,3.171750305430741,1.2,0.4,4.3,0.6403124237432849,0
297,0.8935149346889875,0.029940559546510204,0.031689772961955756,0.008165027442495393,0.0006506397054967592,0.00025741403813680017,100.0,0.0,63.45,2.765411361804967,1.075,0.23848480035423641,4.3,0.8426149773176358,0
298,0.8891112369930733,0.03136566314896718,0.03349359998991182,0.008573762670151261,0.000641691270599454,0.0003063920507433318,100.0,0.0,65.05,2.4591665254715873,1.025,0.10897247358851683,4.0,0.5477225575051661,0
299,0.8832474440064366,0.030310917097470216,0.03564618245293793,0.008405641561133735,0.0006351675715562736,0.0002568595805832598,100.0,0.0,63.95,3.1220986531498327,1.0,0.0,4.35,0.7262919523166976,0
300,0.8757638221326364,0.03489360484935367,0.03608266616605013,0.008704472682294106,0.0007257590839674066,0.0003777151903315042,100.0,0.0,64.05,2.011839953873071,1.0,0.0,4.2,0.6782329983125269,0
301,0.8729989361148617,0.03817167458792799,0.036505411025779234,0.0088514053319015,0.0007314943383339694,0.0003828688049712345,100.0,0.0,63.0,2.4698178070456938,1.0,0.0,4.15,0.7262919523166975,0
302,0.8709912813688894,0.04118256606061135,0.03689108767244294,0.010216512911243822,0.0007237858063056969,0.00039743216031693125,100.0,0.0,62.55,2.0365411854416298,1.15,0.3570714214271425,4.6,1.019803902718557,0
303,0.8685668038812345,0.04042418233304776,0.03867101433856678,0.010479112745756443,0.0006781299468903242,0.0003960027643911011,100.0,0.0,62.05,4.06786184622831,1.175,0.36314597615834876,4.15,0.5722761571129799,0
304,0.86398567197852,0.041638368711498584,0.0409130750290166,0.00990514672244736,0.0006505616859534065,0.0003598023893785157,100.0,0.0,65.0,3.082207001484488,1.0,0.0,4.0,0.9486832980505138,0
305,0.8628092377879619,0.03885587497094462,0.04084807795617006,0.011632453237379735,0.0006451657074334661,0.000355013453094002,100.0,0.0,64.5,2.0371548787463363,1.05,0.21794494717703372,4.05,0.4974937185533099,0
306,0.8582116510656164,0.04745678398654877,0.041879804358008935,0.012582738821777382,0.000660114065388793,0.00039822990641118124,100.0,0.0,64.4,2.6532998322843193,1.0,0.0,4.3,0.714142842854285,0
307,0.8514466637081519,0.05051471591134221,0.04290586177082795,0.013320433277373936,0.0006895614800687465,0.0004376015621595962,100.0,0.0,62.75,2.7363296585024255,1.05,0.2179449471770337,4.2,0.6,0
308,0.8461822577738612,0.05104334503839294,0.04314841697571046,0.014355649986609159,0.0007263981803469574,0.000406136029910099,100.0,0.0,62.9,3.1606961258558215,1.025,0.10897247358851683,4.2,0.7483314773547883,0
309,0.8430864250595345,0.056397602693882644,0.04385287469886122,0.014429093760616015,0.0007372116852001181,0.00041145499634670426,100.0,0.0,62.3,2.882707061079915,1.05,0.21794494717703372,4.75,0.82915619758885,0
310,0.8384195841716728,0.06169035245537442,0.04513070629336714,0.0153072796505033,0.0007372446040531343,0.00040637542006940027,100.0,0.0,64.2,3.385262175962151,1.0,0.0,4.1,0.6244997998398398,0
311,0.8351016154173564,0.06008898277141655,0.04657731633814857,0.016315002300732375,0.0007011858002946037,0.0003295609857310735,100.0,0.0,64.45,2.15580611373101,1.0,0.0,4.1,0.6244997998398398,0
312,0.8304390817896776,0.0639356273971488,0.046252908474725886,0.01715370003485365,0.0007672956658522965,0.00032399859626383994,100.0,0.0,63.8,3.325657829663178,1.0,0.0,4.15,0.8529361054615991,0
313,0.8275856515786604,0.07465441188373337,0.04735478229112117,0.018456523051103447,0.000732545251123404,0.00027307377196222703,100.0,0.0,63.7,2.5317977802344327,1.075,0.23848480035423641,4.35,0.7262919523166976,0
314,0.8229724928845528,0.06579093678550374,0.04821138498938019,0.01725796192454196,0.0007675410535012713,0.00025619072278411646,100.0,0.0,63.15,3.9531632903283924,1.15,0.3570714214271425,4.2,0.812403840463596,0
315,0.818174238207558,0.06637433924105654,0.048448660986290915,0.017102878763632607,0.0008122704518358477,0.0002631348713667156,100.0,0.0,63.15,2.286372673034735,1.075,0.23848480035423641,4.1,0.6244997998398398,0
316,0.8216997517261483,0.06785780785509658,0.04822318891284193,0.0159882079329031,0.0008080749414239898,0.000305799743527032,100.0,0.0,63.55,2.8892040426387338,1.0,0.0,4.25,0.698212002188447,0
317,0.8206590635107185,0.07766347225420411,0.048216165960419166,0.017241380082888863,0.0008028719655235009,0.0003823459349413462,100.0,0.0,63.1,2.9137604568666933,1.025,0.10897247358851683,4.4,0.9165151389911679,0
318,0.8199476040258433,0.07667498178639369,0.04792559854893012,0.017390118263168105,0.0008296472512308034,0.00038483855407184817,100.0,0.0,63.75,2.878801834096956,1.0,0.0,4.35,0.5722761571129799,0
319,0.8146759732406332,0.0722518377502714,0.04906571539413926,0.016999063139933216,0.0008483187462306691,0.00042603773974693514,100.0,0.0,63.15,2.5548972582082436,1.05,0.2179449471770337,4.3,0.6403124237432849,0
320,0.8079844081705094,0.07172960786237134,0.0508777115016254,0.01665008496486397,0.0008466818274091971,0.00044449537406657816,100.0,0.0,62.9,2.2781571499789037,1.025,0.10897247358851683,4.45,0.9733961166965891,0
321,0.8074794047520047,0.06599819785526463,0.05191747723514931,0.014309069323752047,0.0008277637584581255,0.000426516701336775,100.0,0.0,63.05,3.1220986531498327,1.125,0.3112474899497183,4.1,0.7,0
322,0.8056485292346922,0.06714961306929713,0.05195034555412999,0.013875970937551987,0.0008533885666176745,0.0004661519023085615,100.0,0.0,62.55,2.3973944189473704,1.05,0.21794494717703372,4.65,0.653834841531101,0
323,0.8014878967373473,0.06720147953468654,0.05255318413054616,0.014949010053925096,0.0008737560434148156,0.00045131955664875443,100.0,0.0,63.7,2.3895606290697042,1.075,0.23848480035423641,4.3,0.6403124237432849,0
324,0.8005863447387791,0.06079511497154625,0.05318700641335576,0.012426401608072013,0.0008795872357182505,0.00040841540513525447,100.0,0.0,63.65,2.286372673034735,1.1,0.2549509756796392,4.2,0.6782329983125268,0
325,0.8001511997223391,0.057489685497787144,0.05457502035115954,0.011554375474024598,0.0008265533950140283,0.00037621674008756146,100.0,0.0,63.15,2.372235232855292,1.05,0.21794494717703372,4.35,0.7921489758877431,0
326,0.7945608953869915,0.05314632527269684,0.05468533262916516,0.010927422151419517,0.0008937979355345632,0.00037620401629882,100.0,0.0,63.5,2.958039891549808,1.1,0.3,4.0,0.6324555320336759,0
327,0.7923759077659385,0.05683042692398164,0.05644514247065746,0.011089054786878692,0.0008165274841039516,0.0003438525043647611,100.0,0.0,63.55,2.836811590500857,1.0,0.0,4.0,0.7071067811865476,0
328,0.7881767542892778,0.05658198717610013,0.05708354089156851,0.011301791323196959,0.0008142903247564516,0.00033233088975132604,100.0,0.0,62.95,2.67348087705897,1.075,0.23848480035423641,4.1,0.5385164807134504,0
329,0.7911120192158065,0.05710102517824549,0.057020571168904,0.011572125784540808,0.0007946006395226589,0.0003039475287962495,100.0,0.0,63.65,4.2340878592679205,1.15,0.3570714214271425,4.25,0.6224949798994366,0
330,0.7892059689010311,0.05072876174818807,0.05693046233024559,0.011308277433826498,0.000818806558476029,0.00034646850878445023,100.0,0.0,63.9,2.947880594596735,1.025,0.10897247358851683,4.35,0.8529361054615991,0
331,0.7865481829796,0.05344611384955108,0.05731700002477619,0.011633322098409137,0.0008293538843766206,0.00041143665069892985,100.0,0.0,63.45,2.801338965566288,1.1,0.3,4.35,0.5722761571129799,0
332,0.7827044568790745,0.05967169829548932,0.056809217708739666,0.014180984517079722,0.0009023410005431446,0.00043542446000931076,100.0,0.0,62.8,2.6191601707417593,1.025,0.10897247358851683,4.3,0.6403124237432849,0
333,0.7817747693071646,0.06066000826488579,0.05676976335144679,0.013708792241028337,0.0009139748745169629,0.0003571105856908483,100.0,0.0,63.7,2.7946377224964243,1.075,0.23848480035423641,4.3,0.8426149773176358,0
334,0.7808152331394073,0.06382832821392788,0.056666419967922675,0.015199451693607664,0.0009144838186815548,0.0003252561066954353,100.0,0.0,64.1,3.6041642581880198,1.0,0.0,4.4,1.0198039027185568,0
335,0.7837452440578263,0.06472727411870581,0.05643733938967098,0.015741013982061673,0.0008926843784738406,0.0003968434751439669,100.0,0.0,62.9,3.7403208418530087,1.175,0.36314597615834876,4.3,0.45825756949558405,0
336,0.7819131173140758,0.0638559252362679,0.056715873175661645,0.016365241199747728,0.0008927330477667484,0.0003669153031865939,100.0,0.0,63.95,3.7212229172679243,1.175,0.36314597615834876,4.45,0.6689544080129827,0
337,0.7860381610363,0.06704069016524919,0.055249755496133666,0.016642583492253185,0.0009220308840024278,0.0003741600987109366,100.0,0.0,64.6,2.9051678092667896,1.025,0.10897247358851683,4.15,0.6538348415311009,0
338,0.7877435712489891,0.0799626264526827,0.05571504767183187,0.018084512666442523,0.0008686034495041567,0.0003359587820398058,100.0,0.0,63.5,2.5199206336708304,1.0,0.0,4.2,0.6,0
339,0.7883582197134891,0.06988525434471948,0.05542747967142886,0.015883641742376272,0.0009210420097208145,0.0003490150384540609,100.0,0.0,64.15,2.688401011754013,1.025,0.10897247358851683,4.1,0.6244997998398398,0
340,0.7948297739205212,0.07455862314361822,0.055308196827052535,0.01662107535074302,0.000825698995850138,0.00037518646676117817,100.0,0.0,62.75,2.8262165522125158,1.05,0.21794494717703372,4.05,0.6689544080129826,0
341,0.7924397097433231,0.07295761285727806,0.055606522372971166,0.01756813638094718,0.0008303058798248712,0.00033951407366863295,100.0,0.0,63.35,3.365635155509284,1.125,0.3112474899497183,4.25,0.7664854858377946,0
342,0.7934872060436321,0.07812617551972059,0.056444774439262144,0.018328852663223445,0.0007520126418359327,0.00030817304549563825,100.0,0.0,62.25,3.6314597615834874,1.1,0.3,4.25,0.7664854858377946,0
343,0.790877116880624,0.07587273190644907,0.056974177350569234,0.017258468805755278,0.0007841060344512896,0.00031581739682154495,100.0,0.0,63.95,2.5782746168707478,1.025,0.10897247358851683,4.05,0.8645808232895291,0
344,0.793219937458302,0.07973746289325115,0.057666587063385774,0.0175220551459205,0.0007026470179441804,0.0002906324556839981,100.0,0.0,62.4,2.4166091947189146,1.0,0.0,4.3,0.45825756949558405,0
345,0.7919296470567078,0.08792704152013212,0.058520506822328275,0.01828896578651145,0.0006523822429621621,0.00028546860114933684,100.0,0.0,63.15,3.48245602987317,1.1,0.3,4.4,0.8602325267042626,0
346,0.788838459593604,0.07816853321555543,0.058436382143831386,0.015738125125163108,0.0007403456088361734,0.0003484365176859864,100.0,0.0,63.8,3.4727510708370675,1.15,0.3570714214271425,3.85,0.5722761571129799,0
347,0.7871433422210592,0.07279085076230578,0.058283529540965565,0.015336066890397048,0.0007482284302139652,0.0004080264774552671,100.0,0.0,64.1,3.064310689208912,1.0,0.0,4.3,0.7810249675906654,0
348,0.7817997439662622,0.06970873795324696,0.05879742915500261,0.01514030388150381,0.0007963778829820211,0.0004895932533267575,100.0,0.0,63.65,2.43464576478797,1.05,0.21794494717703372,4.05,0.5894913061275798,0
349,0.7791241873874553,0.06792574804884846,0.05944771845815664,0.016154356848998006,0.0007486418282186321,0.00048296265783838037,100.0,0.0,63.55,2.940663190506523,1.0,0.0,4.3,1.0049875621120892,0
350,0.7767673909586119,0.07270425385762486,0.060083779331944184,0.017060071394100203,0.0007242195771464807,0.0004494831944143524,100.0,0.0,62.9,2.5278449319529077,1.05,0.21794494717703372,4.45,0.9205976319760986,0
351,0.7660972919113558,0.07060744279437126,0.06251257941663425,0.017335670381177438,0.0007124664164590152,0.00040332813447961185,100.0,0.0,63.1,1.9723082923316022,1.05,0.21794494717703372,4.2,0.8124038404635961,0
352,0.7583395636223778,0.06940571516804907,0.06407539128844533,0.016460722066292545,0.0007360332668639795,0.00039369042725793555,100.0,0.0,63.8,3.171750305430741,1.075,0.23848480035423641,4.55,0.6689544080129827,0
353,0.7492653102032406,0.066004664698005,0.06580424855687372,0.017181893404460018,0.0007383767508517682,0.00034507888380998436,100.0,0.0,63.9,3.047950130825634,1.025,0.10897247358851683,4.15,0.7262919523166975,0
354,0.7401428297708837,0.06446884743561107,0.06692804592410773,0.01676978555113992,0.0008111440667127908,0.0004003273778038797,100.0,0.0,63.0,2.9832867780352594,1.1,0.3,4.2,0.8124038404635961,0
355,0.7343465427077178,0.0778984364684156,0.0682566549877128,0.018319794620322852,0.0007663299923437914,0.00032504429277977506,100.0,0.0,63.1,2.930870177950569,1.05,0.21794494717703372,4.5,0.8660254037844386,0
356,0.7266040595522951,0.08284375804774648,0.06853907691926646,0.019035008986661658,0.0008764493975683279,0.00026286448812841087,100.0,0.0,63.35,2.903015673398957,1.05,0.21794494717703372,4.35,0.653834841531101,0
357,0.720984705733939,0.09358824489632155,0.06963503579282207,0.02062892217709138,0.0008629731988958507,0.00034998597529280363,100.0,0.0,63.1,2.3430749027719964,1.05,0.21794494717703372,4.3,0.5567764362830021,0
358,0.7119717238262232,0.09389925071549868,0.07070705553675435,0.020317741076896743,0.0009757507251508159,0.0002858386974880973,100.0,0.0,63.45,2.836811590500857,1.1,0.3,4.15,0.47696960070847283,0
359,0.7199987279270345,0.09332508568696844,0.06845466744073322,0.019888825121213472,0.00105215978442541,0.0003909501857552453,100.0,0.0,62.95,2.3973944189473704,1.05,0.21794494717703372,4.1,0.6244997998398398,0
360,0.7240392744424401,0.10035445687400525,0.06722261248508019,0.02088557983705757,0.0010647029872004879,0.0005009260126946489,100.0,0.0,64.2,2.0639767440550294,1.05,0.21794494717703372,4.0,0.6324555320336759,0
361,0.7180182334990997,0.10329902540318235,0.06942355358906269,0.019543671293451692,0.001093784407176371,0.0005647507599578755,100.0,0.0,63.7,3.716180835212409,1.15,0.3570714214271425,4.05,0.804673846971554,0
362,0.7266290315725102,0.09766925255841585,0.0690488346010378,0.018587532802851407,0.0009696086292185274,0.0005166510774806051,100.0,0.0,62.5,2.247220505424423,1.025,0.10897247358851683,4.2,0.6,0
363,0.7300705441645202,0.08888950085540528,0.06953932549469659,0.01687817808831966,0.0008884543629963491,0.0004431927783887971,100.0,0.0,62.3,3.7696153649941526,1.15,0.3570714214271425,4.05,0.5894913061275798,0
364,0.731653979184889,0.08883946325739815,0.06915806872376108,0.016945957184596787,0.0008688293898308132,0.0003975633235201861,100.0,0.0,64.7,3.132091952673165,1.0,0.0,4.15,0.6538348415311012,0
365,0.7246625742263149,0.0931018948721513,0.07030604088177692,0.017177531682946265,0.000873371003846341,0.00038959371259088613,100.0,0.0,63.45,2.9912372022292053,1.05,0.21794494717703372,4.45,0.8645808232895291,0
366,0.7240815944263039,0.0960986750570687,0.07054286450585416,0.018523991068259818,0.0008281968678830168,0.000396147250299893,100.0,0.0,62.75,2.878801834096956,1.1,0.3,4.05,0.739932429347437,0
367,0.7168635383592958,0.10274127581622775,0.07193506344443362,0.018639634616774817,0.0008350939618072317,0.0003565749727615219,100.0,0.0,63.75,3.2384409829422554,1.075,0.23848480035423641,4.1,0.7000000000000001,0
368,0.713079100883057,0.10418955896381736,0.07233741035208605,0.01843714742557604,0.0008651744924179714,0.0003584691543159022,100.0,0.0,63.45,3.6670833096617805,1.075,0.23848480035423641,4.2,0.7483314773547883,0
369,0.7006862724287877,0.09800830972266356,0.07399280780867926,0.016580394214304874,0.0009694194123346595,0.0004036989457449838,100.0,0.0,63.45,3.2011716605018234,1.05,0.2179449471770337,4.05,0.49749371855331004,0
370,0.7002255942325354,0.09122838416687798,0.07377789962392255,0.015236477086555077,0.0010236683976020474,0.00044690200488913174,100.0,0.0,64.1,2.844292530665578,1.05,0.15,4.25,0.698212002188447,0
371,0.6939421736130864,0.08968089784517237,0.07448390694169232,0.015035325463251396,0.0010873635698540724,0.00047783504313243016,100.0,0.0,63.85,3.1666228067138023,1.0,0.0,4.15,0.6538348415311009,0
372,0.6947843820301259,0.08844728781417917,0.07378967657586291,0.015297512661412471,0.0011206286321119243,0.0005672103460327245,100.0,0.0,63.75,1.8131464364468746,1.05,0.21794494717703372,3.95,0.5894913061275798,0
373,0.6971422124315174,0.08786952724047871,0.07395840785228408,0.01596799383505889,0.0010550074080424663,0.0005327029516098851,100.0,0.0,63.25,2.5273503912200224,1.05,0.21794494717703372,4.15,0.653834841531101,0
374,0.6960757756777874,0.09207116159913706,0.07480014425128212,0.01645303452343699,0.0010402601017115009,0.0004884382451695011,100.0,0.0,64.4,3.307567081708245,1.05,0.21794494717703372,4.0,0.5477225575051661,0
375,0.6928774931244852,0.09528095505119415,0.07583070026096703,0.017610830617598928,0.0009822101379136018,0.00042319470594485964,100.0,0.0,64.85,3.5252659474144643,1.075,0.23848480035423641,4.35,1.1947803145348521,0
376,0.695464217219327,0.09971228264437096,0.07663682769737695,0.01866279843747788,0.0008490265464171692,0.00035319787595583985,100.0,0.0,63.8,3.2186953878862163,1.05,0.21794494717703372,4.15,0.7921489758877431,0
377,0.6903946188257883,0.10508423936999052,0.07779500522049067,0.019742822834735822,0.0008050657138377959,0.0003870089729125382,100.0,0.0,62.75,3.2384409829422554,1.025,0.10897247358851683,4.3,0.7810249675906654,0
378,0.6817061591501076,0.10204437947535822,0.07959687983398941,0.01946834854742451,0.0007901706751537426,0.0003355578131173977,100.0,0.0,64.05,3.667083309661781,1.05,0.21794494717703372,4.15,0.7262919523166975,0
379,0.6788417956385264,0.11025573646117333,0.07892912958544222,0.021740732401804404,0.0008670501219853081,0.00041470493601626407,100.0,0.0,63.95,3.3834154341434335,1.075,0.23848480035423641,4.3,0.8426149773176358,0
380,0.6809501374120558,0.11762966941340254,0.07899634486005858,0.023772381341023413,0.0008093748415977208,0.00040802291257160554,100.0,0.0,63.05,2.8543825952384165,1.0,0.0,4.2,0.7483314773547882,0
381,0.6770135515063733,0.12344493630738865,0.07964214369541835,0.024771638358250934,0.0008365400217915624,0.00037660223676211303,100.0,0.0,63.4,2.6720778431774774,1.15,0.3570714214271425,4.2,0.812403840463596,0
382,0.67453499696209,0.13167913117238372,0.0796734512432649,0.02685039809909787,0.0008580338689085341,0.0004523505457344334,100.0,0.0,62.85,2.8155816450602176,1.075,0.23848480035423641,4.25,0.82915619758885,0
383,0.6729571713702557,0.14645177640710813,0.07914180112437054,0.02989102610932098,0.000897128711738689,0.0005538634838839756,100.0,0.0,62.0,2.792848008753788,1.05,0.21794494717703372,4.25,0.7664854858377946,0
384,0.6827542489752358,0.15044612977218447,0.0777620744168166,0.029550960850445437,0.0008755174824181391,0.0005938359139040535,100.0,0.0,62.3,2.968164415931166,1.1,0.3,4.5,0.7416198487095663,0
385,0.6774280728523677,0.15339904526216824,0.07956670000398751,0.029966119480339348,0.0008557411871557592,0.0004652457563710771,100.0,0.0,64.1,3.491418050019218,1.15,0.3570714214271425,3.9,0.7681145747868608,0
386,0.6787168093724002,0.15062497366537775,0.07956099317332606,0.029140444531589243,0.000850912666705154,0.00046308418596218657,100.0,0.0,63.25,3.222964473896664,1.1,0.3,4.25,0.82915619758885,0
387,0.673774355335033,0.1451825149486718,0.08137972436440497,0.02753604051595626,0.0008228847458810206,0.00047654484250611253,100.0,0.0,63.95,2.4387496796514396,1.0,0.0,4.15,0.7262919523166976,0
388,0.6731706169856146,0.14300662308901002,0.08145614756903022,0.027541013324182396,0.0008208144935621704,0.0004340998110952294,100.0,0.0,63.5,2.80178514522438,1.05,0.21794494717703367,4.25,0.82915619758885,0
389,0.6686498900199132,0.13382117786285558,0.082229215064586,0.025565092212572166,0.0008459372481353051,0.0004229016569072064,100.0,0.0,63.75,2.7726341266023544,1.1,0.2549509756796392,4.35,0.5722761571129799,0
390,0.6706808247250656,0.11824577947262503,0.08136479176521179,0.022789393241902416,0.0008816061574891653,0.0003823976990093208,100.0,0.0,63.45,2.81913107180209,1.05,0.2179449471770337,4.1,0.6244997998398398,0
391,0.6698314134294917,0.1161177618642861,0.08169781419517036,0.022305750595821593,0.000849618551071106,0.00033291238491111447,100.0,0.0,63.3,3.0512292604784714,1.0,0.0,4.35,0.6538348415311012,0
392,0.6698381250484028,0.11771710843285595,0.08076346414676995,0.022616974634009013,0.000898532256052655,0.0003671180814698656,100.0,0.0,63.8,2.9933259094191524,1.1,0.3,4.1,1.1789826122551597,0
393,0.6640750478197889,0.12849394372775427,0.08174934599968488,0.02463091615028159,0.000910802279262924,0.0004335634405254358,100.0,0.0,63.8,2.5999999999999996,1.05,0.21794494717703372,4.9,1.1789826122551597,0
394,0.6643049542989014,0.12602688179436353,0.08149942596488091,0.02441810369697922,0.0009011658775544884,0.0005060053172048206,100.0,0.0,63.05,3.761316258971054,1.05,0.15,4.15,0.7262919523166976,0
395,0.6617904762553228,0.13061804532214683,0.08068543694121538,0.02646017334954442,0.0010003132850511813,0.0005943919112413346,100.0,0.0,62.85,2.5937424698685874,1.125,0.3112474899497183,4.15,0.5722761571129799,0
396,0.6611187095296439,0.12881645670493064,0.08081623659957027,0.02593358948916233,0.0010488399651107135,0.0006238087546107305,100.0,0.0,63.4,3.246536616149586,1.125,0.3112474899497183,4.35,0.6538348415311012,0
397,0.6595609230586761,0.1348294487909398,0.08063273863100864,0.027421092755971117,0.0010530972245933452,0.0006101071976225426,100.0,0.0,62.9,3.047950130825634,1.05,0.21794494717703372,4.65,0.7921489758877431,0
398,0.6643731853783276,0.1454534978542472,0.07941019635399128,0.030300504277011232,0.001032737186617972,0.0005686772030878721,100.0,0.0,63.35,2.4550967394381837,1.05,0.21794494717703367,4.05,0.5894913061275798,0
399,0.6739758526296481,0.15526737170368232,0.07790471493263007,0.03181762575398459,0.000983264786652603,0.0005069878574238251,100.0,0.0,62.85,2.4550967394381833,1.05,0.2179449471770337,4.4,0.8,0
400,0.6804643561162846,0.1561931847181989,0.07659901536228622,0.031967921864835755,0.0009972268480170586,0.0005812564517443066,100.0,0.0,62.55,3.0736785778607367,1.05,0.21794494717703372,4.2,0.5099019513592784,0
401,0.6844460844234675,0.15874782437028065,0.07605641536564965,0.03207539883318838,0.0009504578655891041,0.0005612282430874426,100.0,0.0,63.85,2.414021540914662,1.1,0.3,3.95,0.804673846971554,0
402,0.6845759554801762,0.1550059685520866,0.07622131336520309,0.030717916254589046,0.0009512075034476649,0.0006716105231727037,100.0,0.0,63.75,3.5899164335677787,1.1,0.3,4.15,0.9630680142129111,0
403,0.6821738635553022,0.15040146311880254,0.07703368783884756,0.029866355701848025,0.0009134313193543643,0.0006644018015745582,100.0,0.0,62.85,2.5352514668174435,1.1,0.3,4.15,0.4769696007084728,0
404,0.6790952031886617,0.1489130947680364,0.07769098788778889,0.029562882281310897,0.0009105738283072178,0.0005367646639401022,100.0,0.0,63.65,2.6884010117540127,1.05,0.21794494717703372,4.2,0.6,0
405,0.6767026894211372,0.16221156874899803,0.07838559092052719,0.03197689842455878,0.0008728165125268039,0.000482020425952434,100.0,0.0,63.4,2.8000000000000003,1.05,0.21794494717703372,4.15,0.7262919523166975,0
406,0.6655275408896556,0.16200628656120203,0.08068036022686288,0.03159978518641247,0.0008979447872202379,0.00047289293506507554,100.0,0.0,62.65,4.162631379308046,1.15,0.32015621187164245,4.1,0.8888194417315588,0
407,0.6595409789256215,0.16054483935747224,0.08167165779711355,0.03150554120111562,0.0009193565587556478,0.0005420856941624615,100.0,0.0,63.95,2.8892040426387333,1.0,0.0,4.35,0.7262919523166976,0
408,0.6619815438758431,0.1601159998520322,0.08141702199859213,0.03107179062846551,0.0009185777007806204,0.0005871249886799625,100.0,0.0,63.05,3.0736785778607367,1.15,0.3570714214271425,4.25,0.4330127018922193,0
409,0.6578946373610204,0.154377816069738,0.08296863899788076,0.03013392896769566,0.0008788355468814016,0.0005517321649323241,100.0,0.0,63.25,3.031088913245535,1.075,0.23848480035423641,4.3,0.45825756949558405,0
410,0.6612781055673066,0.137474477601501,0.08226327532228199,0.026714383357482413,0.0009487769205567589,0.0005188352358645682,100.0,0.0,64.15,2.7798381247835278,1.0,0.0,4.25,0.9420721840708386,0
411,0.6620474591326158,0.13529078023145655,0.08275016108731188,0.026732991367923124,0.0008802860822961333,0.0005200154283419468,100.0,0.0,62.55,2.7290108097990378,1.15,0.3570714214271425,4.15,0.7262919523166975,0
412,0.6643466585728415,0.13971180991854415,0.08288904752043535,0.02676436621591587,0.0008026186579223399,0.00045683972084747704,100.0,0.0,62.95,3.0244834269673224,1.075,0.23848480035423641,4.2,0.8717797887081348,0
413,0.661964155096782,0.13615525909969758,0.08300699974721731,0.025919997106210266,0.0008601075622935257,0.0005550141088268114,100.0,0.0,64.65,2.903015673398957,1.0,0.0,4.3,0.5567764362830021,0
414,0.6571397845908519,0.13451712727468032,0.08330394444732396,0.025810829012001928,0.0008902650756657514,0.0005433407229634548,100.0,0.0,63.75,2.5074887836239665,1.0,0.0,4.35,0.7262919523166975,0
415,0.6475947360564246,0.14268631511238847,0.08522837666506651,0.028073186284879682,0.0008604138004322916,0.0005058425702938413,100.0,0.0,63.85,2.286372673034735,1.05,0.21794494717703367,4.2,0.5099019513592784,0
416,0.6373578699851986,0.1512394570532867,0.08719465356126999,0.029789341125342837,0.000905307528623745,0.00043718995320335174,100.0,0.0,63.05,3.169779172119093,1.075,0.23848480035423641,4.25,0.698212002188447,0
417,0.6336627483683982,0.1468521718951676,0.08790701795655761,0.029203753871594202,0.0009205836405976806,0.0003809086395025058,100.0,0.0,65.4,2.672077843177477,1.0,0.0,4.25,0.698212002188447,0
418,0.6328041397239279,0.14423144431563814,0.08835608896697442,0.02829331644305761,0.0009439990423559346,0.0003744714748637707,100.0,0.0,62.55,3.5843409436045564,1.05,0.21794494717703372,4.3,0.8426149773176358,0
419,0.6369170659845863,0.15050990708841228,0.08731049889594632,0.02929208202452315,0.0009809344072463457,0.000467849919908245,100.0,0.0,61.8,3.043024810940588,1.2,0.4,3.95,0.5894913061275798,0
420,0.6368741001925067,0.14933460238472548,0.08778746886901964,0.028544112011803718,0.000979603435852199,0.0005031430965681172,100.0,0.0,64.25,2.624404694402142,1.05,0.21794494717703372,4.05,0.6689544080129826,0
421,0.6500787423373136,0.14869286159318956,0.08533081235700737,0.0289396985880914,0.000989760680747463,0.0005011110761875508,100.0,0.0,63.75,2.299456457513384,1.0,0.0,4.25,0.5361902647381804,0
422,0.6553481510419108,0.14884395920324467,0.0847877753849686,0.02901864218648381,0.0009316798924528103,0.0005475316921144084,100.0,0.0,63.9,3.7403208418530087,1.125,0.3112474899497183,3.95,0.4974937185533099,0
423,0.6594882670558322,0.13989662165972558,0.08449632259700886,0.027459113254682678,0.0008861294573330281,0.00046833439508797085,100.0,0.0,62.6,4.1521078984053394,1.2,0.4,4.15,0.9096702699330127,0
424,0.6539934084055548,0.13451810623037538,0.08595765981856451,0.02649422488063784,0.0008496406632995795,0.0003889524220348712,100.0,0.0,63.9,2.5670995305986875,1.025,0.10897247358851683,4.1,0.43588989435406733,0
425,0.6500363878878335,0.13778083900417196,0.08682031553020056,0.02713407901920387,0.0007813578124078238,0.00034133609981612566,100.0,0.0,62.5,3.0413812651491097,1.1,0.3,4.65,0.9096702699330126,0
426,0.6389573104873113,0.13198796648897831,0.08896364516975765,0.025951422296188267,0.0008012237641352039,0.00035492207677620543,100.0,0.0,63.0,2.569046515733026,1.05,0.15,4.1,0.7,0
427,0.6356583256228173,0.12299487114109706,0.08924725443405093,0.024451490591429405,0.0008356063912915957,0.0004099199475997536,100.0,0.0,63.95,3.528101472463625,1.05,0.21794494717703372,4.25,0.5361902647381804,0
428,0.6328221120218129,0.09607354123629482,0.08935314261531982,0.018815274802070344,0.0009415193208979006,0.000479777668004866,100.0,0.0,63.6,3.023243291566195,1.05,0.21794494717703372,4.3,0.6403124237432849,0
429,0.6352116144115086,0.0851556993053887,0.08957691291133582,0.016422815066784266,0.0008623278053640401,0.0003586065679676985,100.0,0.0,62.45,2.836811590500857,1.15,0.3570714214271425,4.2,0.6782329983125269,0
430,0.6392825775901817,0.08992236679100996,0.08905218858655999,0.017053300691101902,0.0007669907554396829,0.0003875064693104494,100.0,0.0,63.55,2.132486811213612,1.1,0.2549509756796392,4.2,0.6782329983125268,0
431,0.6368543748200289,0.09889579750848392,0.08911040956316292,0.020357818748176684,0.0007715781294095745,0.0003838551193665532,100.0,0.0,62.55,3.169779172119093,1.125,0.3112474899497183,4.1,0.5385164807134504,0
432,0.6366919792725494,0.1053160978625457,0.08934810940731429,0.021262384561778078,0.000721806774224322,0.00038800282617925845,100.0,0.0,63.95,2.4994999499899975,1.05,0.21794494717703372,4.05,0.6689544080129826,0
433,0.6304948831056231,0.12047584107572215,0.09040998704738572,0.023471204936682998,0.0007259349706036288,0.00030306686544581983,100.0,0.0,63.4,3.6660605559646724,1.1,0.3,4.25,0.5361902647381804,0
434,0.6194217582205042,0.13624867074394495,0.0922189214990397,0.0266481032116636,0.000705883029251333,0.00031480767717967037,100.0,0.0,63.2,3.3105890714493693,1.075,0.23848480035423641,4.15,0.6538348415311012,0
435,0.6055224629048487,0.13889713540953283,0.0944555436036201,0.02690393468310696,0.0007175654523228241,0.000406074149903417,100.0,0.0,64.0,3.40587727318528,1.05,0.21794494717703372,4.15,0.6538348415311012,0
436,0.5961490827876977,0.14041874845145288,0.09553723736651382,0.027504180970707323,0.0008156718884528905,0.0004897966160989741,100.0,0.0,64.65,2.2863726730347356,1.05,0.21794494717703372,4.2,0.39999999999999997,0
437,0.5915194296607226,0.14314100092071605,0.0962252047921319,0.02769508299304726,0.0008987102475514488,0.00047705505084370527,100.0,0.0,62.75,3.1444395367060247,1.05,0.21794494717703372,4.3,0.7810249675906654,0
438,0.5972817761659582,0.1489380490337212,0.09474206174559184,0.02877196064277512,0.0009234859987934975,0.0005665884943187908,100.0,0.0,63.1,2.826658805020514,1.0,0.0,4.55,0.6689544080129827,0
439,0.5980239621385601,0.16169142369139172,0.09381377723102532,0.03190987978635198,0.0008986451963263565,0.0004650194294392775,100.0,0.0,63.85,2.868361901852694,1.025,0.10897247358851683,4.25,0.5361902647381804,0
440,0.5954632409988161,0.16433961824999832,0.09376850884367764,0.032696779681711065,0.0009500854736437727,0.00046441109539206845,100.0,0.0,63.2,2.712931993250107,1.1,0.3,4.05,0.804673846971554,0
441,0.5879143613214387,0.16176033597683248,0.09507972453808546,0.031773527006300574,0.0009505741842258164,0.0004932257359133013,100.0,0.0,63.25,2.1880356487041066,1.025,0.10897247358851683,4.55,0.6689544080129827,0
442,0.5780420157852394,0.15952135507368975,0.09691708661780903,0.030846396960685456,0.0010039419545455246,0.0006025430165211413,100.0,0.0,62.85,3.365635155509284,1.1,0.3,4.15,0.47696960070847283,0
443,0.5642000914112382,0.15495853852866562,0.1002518962215212,0.029116914373243576,0.0009435145303706069,0.0006300807517747531,100.0,0.0,62.15,3.335790760824186,1.1,0.25495097567963926,4.5,1.118033988749895,0
444,0.5579729100280864,0.15090094728536474,0.10130640260795687,0.02831647086553369,0.000954195008199283,0.0007075564218055667,100.0,0.0,65.35,2.903015673398957,1.0,0.0,4.05,0.6689544080129826,0
445,0.548636633142755,0.14486298112311957,0.10310166285034661,0.027376283229347344,0.0009830553854674744,0.0007278003559288161,100.0,0.0,62.85,3.5815499438092444,1.05,0.15,4.3,0.8426149773176358,0
446,0.5498591450313403,0.15054000208072602,0.10324600728105268,0.02818841291439194,0.0009948469861228671,0.0007590786306273711,100.0,0.0,62.95,2.9406631905065224,1.025,0.10897247358851683,4.3,0.5567764362830021,0
447,0.5492416788661589,0.14890506171659487,0.10281063022360423,0.029529175846479867,0.001064292071789979,0.0007518394661741395,100.0,0.0,61.85,3.1348843678834477,1.125,0.3112474899497183,3.85,0.3570714214271425,0
448,0.5551209621045443,0.1516440727638344,0.1020291708658632,0.03060614844756241,0.0010059241068340503,0.0006129724587749257,100.0,0.0,64.05,3.3537292675468007,1.0,0.0,4.2,0.812403840463596,0
449,0.5545447852820277,0.15505247449423662,0.10203929354535808,0.030706862407838195,0.0010589338052132732,0.0006587763159564821,100.0,0.0,62.85,2.8508770580296865,1.1,0.3,4.25,0.82915619758885,0
450,0.558900630631574,0.15407082857645965,0.10115101024937398,0.029854596774622325,0.0010913374466333555,0.0006279075794582193,100.0,0.0,63.65,2.937260628544903,1.05,0.21794494717703372,4.2,0.812403840463596,0
451,0.5642327630580868,0.1524378634551018,0.09954691134254755,0.02796200503004838,0.001222114473277938,0.0009752569299287839,100.0,0.0,62.55,2.923610781208744,1.025,0.10897247358851683,4.35,0.8529361054615991,0
452,0.5681125893903093,0.14300254424060155,0.09789937852295282,0.026308018488921253,0.0012665918264342013,0.0011264945835397595,100.0,0.0,62.65,3.08666486681013,1.05,0.21794494717703372,4.35,0.9630680142129111,0
453,0.582893759719793,0.14744536185529,0.09545696089572914,0.027147035499798255,0.001200810617278989,0.001029560684287918,100.0,0.0,64.05,3.201171660501823,1.05,0.21794494717703372,4.1,0.7000000000000001,0
454,0.5871619740159407,0.14707785228621614,0.09538128397901506,0.026349063249177504,0.0011260428773004355,0.0009764927187616259,100.0,0.0,63.55,2.97447474354717,1.0,0.0,3.95,0.5894913061275798,0
455,0.5853597987856822,0.15003214641238496,0.09579283701288266,0.026472251183370335,0.0011368352765010413,0.0008766780006943688,100.0,0.0,62.8,3.501428280002319,1.05,0.21794494717703372,4.4,0.9165151389911681,0
456,0.5805992428404154,0.15453707747621212,0.09678601734840234,0.02686154856389152,0.00114163597347105,0.0009392843693189377,100.0,0.0,62.55,2.7106272336859605,1.0,0.0,4.15,0.47696960070847283,0
457,0.5741096002764696,0.15087764068473303,0.09790586078380342,0.02765349706835767,0.001110221309797902,0.0007834837027458188,100.0,0.0,63.65,4.138538389335056,1.025,0.10897247358851683,4.35,0.7262919523166975,0
458,0.5669995682451688,0.14465455319591977,0.09912070731330432,0.027770301850327757,0.0011121183940264521,0.0007030297100063203,100.0,0.0,62.65,3.118894034750139,1.05,0.21794494717703372,4.7,0.9539392014169458,0
459,0.5654514085699393,0.14278403182040236,0.09923534772697054,0.028313482607361967,0.0010834636803354661,0.000615989954842053,100.0,0.0,64.65,2.5743931323712004,1.0,0.0,4.25,0.82915619758885,0
460,0.5545197927205782,0.1531367883087222,0.10148317085902803,0.03119235944776019,0.0010432401024825949,0.0004970463067289159,100.0,0.0,63.65,3.380458548777074,1.025,0.10897247358851683,4.2,0.7483314773547883,0
461,0.5500025080562935,0.15538652307358572,0.10187618838901039,0.03136407893418423,0.0011257510932409817,0.0005693737354565759,100.0,0.0,63.75,2.48746859276655,1.025,0.10897247358851683,4.2,0.7483314773547883,0
462,0.538037157429262,0.1546129684097101,0.10451492107272715,0.03134523116718553,0.001131071277861434,0.0005068103279635184,100.0,0.0,64.15,3.380458548777074,1.1,0.3,4.05,0.6689544080129826,0
463,0.5433877229668178,0.1603362052155106,0.10325170639233487,0.03320522552492498,0.0011751110677396808,0.000549131453704078,100.0,0.0,63.45,2.9064583258667245,1.1,0.3,4.05,0.6689544080129826,0
464,0.5434433336119586,0.151265283131119,0.10373092167368365,0.03141298166778348,0.0011725468449380449,0.0005586860523885304,100.0,0.0,65.25,3.222964473896664,1.05,0.21794494717703372,3.95,0.49749371855331004,0
465,0.5506317418818446,0.14677963879077238,0.10321586341201232,0.029636777282926935,0.0011285436706126256,0.0005606740249748076,100.0,0.0,65.2,2.976575213227443,1.0,0.0,4.0,1.0488088481701516,0
466,0.5629220817697321,0.14382323196547936,0.10168487730668622,0.027507254162917657,0.0010266670193912043,0.0004928651062359897,100.0,0.0,64.05,3.1220986531498327,1.075,0.23848480035423641,4.1,0.7000000000000001,0
467,0.5639403956588392,0.138298872363402,0.10054525311989573,0.027219312597767678,0.0011498849554237149,0.0005925998566648205,100.0,0.0,63.15,3.8114957693797855,1.15,0.3570714214271425,4.15,0.7921489758877431,0
468,0.5780033833297638,0.1398512636666247,0.0978559845366308,0.02734162705668043,0.0010477318247579907,0.0005209711695470022,100.0,0.0,64.95,3.040970239906994,1.025,0.10897247358851683,4.0,0.5477225575051661,0
469,0.5769548757249297,0.13489837701696475,0.09757414797247659,0.026473251175547965,0.0011462592669438314,0.0005258571345661677,100.0,0.0,63.35,2.6509432283623124,1.05,0.2179449471770337,4.05,0.49749371855331004,0
470,0.5823828919351326,0.1320913556846748,0.09658341007200152,0.026471561005362316,0.001132439180026781,0.000465752917648795,100.0,0.0,62.45,2.7290108097990378,1.1,0.3,4.2,0.6,0
471,0.5946226111020457,0.13827863909318355,0.09456867454283399,0.02685542174502826,0.001043659264826844,0.000377462324796127,100.0,0.0,63.2,3.709447398198282,1.025,0.10897247358851683,4.45,0.9733961166965892,0
472,0.5909152455603632,0.13639919582534513,0.0957545278805236,0.0256734330770836,0.0010301609798627756,0.00042132999820128765,100.0,0.0,61.85,3.7719358425084595,1.075,0.23848480035423641,4.4,0.9695359714832658,0
473,0.5975829740904829,0.13811587825597044,0.09420835335397997,0.02626564368001198,0.001018545922115289,0.0004396541904172401,100.0,0.0,63.55,3.2935543110748915,1.05,0.21794494717703372,4.15,0.47696960070847283,0
474,0.6018822017819406,0.12938143536999067,0.09370124507251336,0.024675163076123944,0.0010224383336767562,0.0005110965007883031,100.0,0.0,63.2,3.009983388658482,1.1,0.3,4.4,0.5830951894845301,0
475,0.6082547861423385,0.12219389147328989,0.09253049348088753,0.023204420466573263,0.001038056120409784,0.0004932803779471241,100.0,0.0,63.8,3.443835071544512,1.0,0.0,4.35,0.7921489758877431,0
476,0.6049957887662862,0.11748875087979331,0.0936744316837502,0.021972940141648502,0.0010070339895352689,0.0004908290835498829,100.0,0.0,64.5,3.263433774416144,1.025,0.10897247358851683,4.1,0.7681145747868608,0
477,0.6093276575750786,0.11679377057454679,0.09278020717789234,0.02188604168298511,0.0009607927363833506,0.0005348018213370676,100.0,0.0,63.25,3.207413287993925,1.05,0.21794494717703372,4.4,0.5830951894845301,0
478,0.6109489915186397,0.12789677608832462,0.09226605383388933,0.02478460135014995,0.0009151836611767898,0.0004788573051345706,100.0,0.0,63.9,2.7367864366808017,1.0,0.0,4.2,0.6,0
479,0.6088107888103886,0.13551592516546376,0.09320086838337377,0.025265752327571542,0.0008239369181056016,0.0004538866927203168,100.0,0.0,63.55,2.7834331319433563,1.05,0.21794494717703372,4.45,0.8046738469715541,0
480,0.5949370827003014,0.13936332037702545,0.09587717727720883,0.02546219445341764,0.0008568304353299512,0.00046849282280090145,100.0,0.0,63.65,3.134884367883447,1.0,0.0,4.3,0.5567764362830022,0
481,0.5955560453580201,0.13523348485652623,0.0958051459862676,0.024003519856075992,0.0008857251323346537,0.0005620322951024988,100.0,0.0,62.55,3.6534230524263136,1.15,0.3570714214271425,4.3,0.7810249675906654,0
482,0.5943592275052865,0.1304362199134018,0.09612438190358946,0.024085654351099776,0.0009214929275081872,0.000536555132731838,100.0,0.0,63.2,2.803569153775237,1.025,0.10897247358851683,4.1,0.5385164807134504,0
483,0.5943464041290524,0.12818278037299713,0.09641963063347365,0.023618577283504884,0.0009581106148051502,0.0004945383536227215,100.0,0.0,63.9,3.2848135411313684,1.0,0.0,4.15,0.7921489758877431,0
484,0.600445763781406,0.1296023736155506,0.09533342641047601,0.023611099097985713,0.0009683246340638846,0.00047889447231114717,100.0,0.0,64.5,2.539685019840059,1.0,0.0,4.2,0.6782329983125269,0
485,0.604060761272717,0.1236729054925517,0.09396808236693067,0.02295077182142229,0.0009984151525100167,0.000640265369163689,100.0,0.0,63.35,3.4245437652335533,1.1,0.2549509756796392,4.1,0.8888194417315588,0
486,0.6042607386642973,0.12128439504245828,0.09401510830994923,0.02309232771554791,0.0009828472875249895,0.0005653002107794915,100.0,0.0,63.55,2.5782746168707473,1.05,0.21794494717703367,4.25,0.5361902647381804,0
487,0.6148311393386711,0.11773564645196925,0.09162089008523416,0.02265314144486236,0.000979852868802663,0.000563500977927926,100.0,0.0,63.55,3.694252292413175,1.1,0.3,4.15,0.5722761571129799,0
488,0.6147366191550605,0.11355969143196028,0.09042371907793217,0.021836197614586123,0.0010608832089997855,0.0005379336237473623,100.0,0.0,62.4,3.786819245752298,1.05,0.15,4.45,1.2031209415515964,0
489,0.6116124014945484,0.12362032507205821,0.09024005564591325,0.02530405543721103,0.0010922795517936015,0.0005649675135678397,100.0,0.0,63.35,3.623189202898463,1.05,0.15,4.45,1.023474474522936,0
490,0.6063339830133663,0.12174070446412198,0.09135322756826744,0.025052997405711694,0.0010720481606621647,0.0005757526157628792,100.0,0.0,62.6,3.0397368307141326,1.075,0.23848480035423641,4.05,0.6689544080129826,0
491,0.6058549925176594,0.12779790506053018,0.09214603016237861,0.02546356511345606,0.0009977022314451084,0.0005873957815383716,100.0,0.0,63.65,3.1666228067138023,1.0,0.0,4.25,0.6224949798994366,0
492,0.6008061303804355,0.13233765486183519,0.093675666434353,0.025731895773262816,0.0009449841518286092,0.0006563028750274478,100.0,0.0,64.3,2.5317977802344327,1.0,0.0,4.2,0.6,0
493,0.5985898843238456,0.14306414994555258,0.0936942672957057,0.027507916549988343,0.000978432807357143,0.0006470456896209159,100.0,0.0,63.8,2.712931993250107,1.05,0.21794494717703372,4.15,0.7262919523166975,0
494,0.5888080137124196,0.14962827349767824,0.09599728792585602,0.028170660222359235,0.0009894629942752942,0.0007022645849499957,100.0,0.0,64.0,2.5298221281347035,1.05,0.21794494717703367,4.25,1.0428326807307104,0
495,0.5838851539454288,0.15026597049678517,0.09762853152448628,0.028289682454984498,0.000918669034373957,0.000654681496513607,100.0,0.0,64.15,2.2197972880423116,1.0,0.0,4.3,0.7810249675906654,0
496,0.5876033612721498,0.14799485326205905,0.09722626250283602,0.028118892937248216,0.0009110024847842418,0.0005163078612770695,100.0,0.0,63.45,2.871846096154876,1.1,0.3,4.05,0.6689544080129826,0
497,0.5838679123920347,0.14482176693070223,0.0977795219855263,0.02768326894332492,0.0009081534135159357,0.00039630045577127715,100.0,0.0,64.3,2.3259406699226015,1.0,0.0,4.3,0.7810249675906654,0
498,0.5708098471841446,0.13777798126430715,0.10000331653730296,0.025852774482848014,0.0009474706894059496,0.00046774263934004417,100.0,0.0,63.05,2.9744747435471695,1.1,0.3,4.5,1.02469507659596,0
499,0.568880077229547,0.13019369541892029,0.09992658265492275,0.024561227942727158,0.000976451753478802,0.0004976917826478544,100.0,0.0,62.5,3.2326459750489227,1.1,0.3,4.3,0.6403124237432849,0
500,0.5657643516645935,0.13103501948727428,0.10000126155955866,0.02573748136099536,0.0010283038681670157,0.0006272210988528676,100.0,0.0,63.5,3.640054944640259,1.075,0.23848480035423641,4.2,0.7483314773547883,0
501,0.5643478250728943,0.13736831874521627,0.10029051251263126,0.02744569576726527,0.001010945055960885,0.0005832562870448545,100.0,0.0,63.6,3.7202150475476548,1.15,0.3570714214271425,4.2,0.8124038404635961,0
502,0.5612184066461231,0.13567605959404452,0.10100448267220337,0.026492231346236704,0.0010245178827174286,0.0004312092674954076,100.0,0.0,63.55,2.836811590500857,1.075,0.23848480035423641,4.0,0.7071067811865476,0
503,0.5631988769426863,0.1403970368739549,0.10127293380083055,0.027645119483768413,0.0010054736142670454,0.0004994665598185724,100.0,0.0,62.3,2.282542442102666,1.1,0.3,4.25,0.8874119674649424,0
504,0.563981737742643,0.14825028427528616,0.10179669332799786,0.02898787198054651,0.0009295794810573745,0.0005466892492692926,100.0,0.0,63.35,3.5954832776693593,1.1,0.3,4.2,0.8124038404635961,0
505,0.564832225178665,0.15321611940180915,0.10154990924337641,0.030052315839406287,0.0009306769915984432,0.0005330494816096776,100.0,0.0,63.75,3.329789783154486,1.1,0.3,4.15,0.5722761571129799,0
506,0.5675049738001203,0.15694919843135513,0.10143439648461375,0.02989395596987708,0.0009224710524301441,0.00037333875289134846,100.0,0.0,63.8,2.9257477676655586,1.05,0.2179449471770337,4.35,0.5722761571129799,0
507,0.5636819126847872,0.1471110504829489,0.10210350570837216,0.027937384477851327,0.0009336653479311922,0.00037879488127502247,100.0,0.0,63.6,3.120897306865447,1.1,0.3,4.35,1.1079259903080168,0
508,0.5653373680992285,0.14613532444257424,0.1019326919801653,0.027044047528398507,0.0009808220160478377,0.0004316095914884003,100.0,0.0,63.1,2.5670995305986875,1.075,0.23848480035423641,4.4,0.7348469228349535,0
509,0.5684488359949282,0.13637320814888723,0.10129870389608162,0.025289467449565117,0.0009733112340375154,0.0004565226747251892,100.0,0.0,63.75,3.672533185690771,1.1,0.3,4.1,0.8888194417315588,0
510,0.5660208978381389,0.12116631945015417,0.10123948283652348,0.02257672653659025,0.0009992354797034458,0.0004712770005996929,100.0,0.0,62.45,2.9744747435471703,1.125,0.3112474899497183,4.25,0.6224949798994366,0
511,0.5662527240756999,0.11630692885144729,0.10122388679314501,0.021340063981628556,0.0010080688111482742,0.0005290672354819556,100.0,0.0,63.45,3.456515586540874,1.05,0.15,4.2,0.6782329983125269,0
512,0.5679214124252157,0.12232795796077586,0.10095082719282744,0.023085566301888398,0.000960183494979981,0.0004456623532695771,100.0,0.0,62.0,3.449637662132068,1.1,0.3,4.5,0.8660254037844386,0
513,0.5725446523822766,0.12988420503171438,0.10027941876327844,0.024810761792517413,0.0009490148440500308,0.00041178796139430834,100.0,0.0,63.75,1.9461500456028564,1.0,0.0,4.45,0.7399324293474372,0
514,0.5735668401918879,0.13111485548618274,0.10000525942413152,0.025668409719593333,0.0009894314843778647,0.00045281538673686423,100.0,0.0,63.4,3.9924929555354263,1.05,0.21794494717703372,4.15,0.653834841531101,0
515,0.5869986372172494,0.13444949126416714,0.0981608043993593,0.02564107048674876,0.0009697365699591256,0.0004033355170791155,100.0,0.0,64.2,3.6276714294434105,1.1,0.3,4.3,0.6403124237432849,0
516,0.5988300195822511,0.1387678819629102,0.09659863374295488,0.026442593117957394,0.0009302192788114302,0.000331271856808563,100.0,0.0,63.65,4.138538389335056,1.15,0.3570714214271425,4.15,0.7262919523166976,0
517,0.6114899596533493,0.13706247087065887,0.09406149297430326,0.025889438035412562,0.0008599192345233669,0.00034587307350412077,100.0,0.0,62.25,2.913331426391443,1.1,0.3,4.7,1.1,0
518,0.6197180815851197,0.1409497548305683,0.09264541134928472,0.02603800403285519,0.0007886739219673327,0.0003801137292921204,100.0,0.0,62.9,3.2388269481403293,1.1,0.3,4.25,0.698212002188447,0
519,0.6112166040080032,0.1413002144762513,0.09453796423428545,0.026538916284716933,0.0007609842658892296,0.00041412105751128527,100.0,0.0,62.85,3.8506492958980307,1.05,0.21794494717703372,4.35,0.8529361054615991,0
520,0.6018731786706286,0.14270485911423986,0.09639160458761062,0.02673466329185482,0.0007389108256031724,0.00032032065684503525,100.0,0.0,63.05,2.7834331319433563,1.075,0.23848480035423641,4.25,0.7664854858377946,0
521,0.6004199025094941,0.15684438137759274,0.09737180957568883,0.028995417630203822,0.0006436260763426182,0.0003093701609393362,100.0,0.0,63.25,3.897114317029974,1.025,0.10897247358851683,4.25,0.8874119674649424,0
522,0.5935876732600267,0.15606617189714328,0.09799820470822986,0.02931843407227185,0.0007461300928525091,0.00034591856371626173,100.0,0.0,63.5,2.8722813232690143,1.0,0.0,4.35,0.7262919523166976,0
523,0.5858490250501043,0.1408065918191413,0.0991859875275207,0.02672153221191997,0.0007874391718145481,0.0003563434825675733,100.0,0.0,63.6,3.1368774282716245,1.075,0.23848480035423641,4.05,0.6689544080129826,0
524,0.5812557591815752,0.13520793854343474,0.09961961507209291,0.025539810010329393,0.0008797455243451964,0.00044604544520827883,100.0,0.0,62.2,2.5806975801127883,1.15,0.3570714214271425,4.2,0.8124038404635961,0
525,0.5826629367419189,0.12776919322363017,0.09874462773083695,0.024341351745459535,0.000960926755222763,0.0004661909458861427,100.0,0.0,62.15,2.515452245621053,1.175,0.36314597615834876,4.2,0.5099019513592784,0
526,0.5749230928971494,0.11542234745584064,0.09977757303472541,0.022602066607664933,0.000950869147969061,0.0004827578745775854,100.0,0.0,63.45,3.0409702399069944,1.1,0.3,4.5,0.7416198487095663,0
527,0.5769370635574641,0.10935192672474105,0.09950025795064672,0.022220635151924913,0.0009103639307886802,0.00038038530543955837,100.0,0.0,64.15,2.7617928959282954,1.025,0.10897247358851683,4.25,0.82915619758885,0
528,0.5826715867856029,0.09921458742990248,0.09825207768665403,0.02053555460848624,0.0009591069265683456,0.00036643182391341093,100.0,0.0,63.4,2.6343879744638983,1.05,0.21794494717703367,4.15,0.7262919523166976,0
529,0.5961389588818692,0.10162475359921336,0.09531770996409365,0.02082646269426436,0.0009819401325902488,0.0003500174834721495,100.0,0.0,63.9,3.031501278244824,1.0,0.0,4.0,0.5477225575051661,0
530,0.6025812335525059,0.10231967870559347,0.09388098956380206,0.020943512920044215,0.0010275856112817463,0.00043173426320805607,100.0,0.0,63.35,3.5110539728121526,1.1,0.3,4.15,0.5722761571129799,0
531,0.607217760577849,0.10186023034285306,0.09353371235452328,0.01993445631064585,0.0009536228343240856,0.000345279759705032,100.0,0.0,63.25,3.6314597615834874,1.05,0.21794494717703367,4.85,1.107925990308017,0
532,0.6119316713099142,0.10952593923012373,0.09267905658917722,0.02136306757854076,0.0009713246952553591,0.0003134150456883375,100.0,0.0,63.3,2.5903667693977237,1.075,0.23848480035423641,3.95,0.6689544080129826,0
533,0.6216525398129162,0.11895955188405685,0.09089354055479285,0.023305660995395393,0.0009554619901452188,0.0003248679026180246,100.0,0.0,63.6,2.90516780926679,1.1,0.3,4.1,0.6244997998398398,0
534,0.6264485761986857,0.13198733273189048,0.08929060485124002,0.026222081837182793,0.0009777236756396432,0.0003580705350375331,100.0,0.0,63.25,2.843853020111975,1.075,0.23848480035423641,4.2,0.6782329983125268,0
535,0.6217844822490842,0.13254089107557815,0.09012314834551757,0.025046552925710536,0.0009747756953678183,0.00038836536183543634,100.0,0.0,61.7,2.9512709126747416,1.1,0.3,4.05,0.5894913061275798,0
536,0.6109260685983743,0.12917556135022923,0.09196711964575258,0.024448646480137132,0.0010259241827328624,0.0003602546184213386,100.0,0.0,63.25,2.7179955849853767,1.075,0.23848480035423641,4.05,0.5894913061275798,0
537,0.595099641055845,0.1228802961265548,0.09522115568414427,0.022909166932479953,0.0010765723694107757,0.00042327751119153746,100.0,0.0,63.15,2.779838124783528,1.075,0.23848480035423641,4.0,0.7745966692414834,0
538,0.6020554728885126,0.10996813854356031,0.09295137127634341,0.02051052065157199,0.0012234327485862854,0.0005940734712523429,100.0,0.0,63.8,2.6381811916545836,1.05,0.21794494717703372,4.0,0.7071067811865476,0
539,0.6105098592488858,0.0992864353833444,0.09159203856678506,0.019160411673905774,0.001219295812287168,0.0006378165753952521,100.0,0.0,62.6,3.0066592756745814,1.175,0.36314597615834876,4.5,0.806225774829855,0
540,0.6342337942355737,0.08996342384974393,0.08693351024821395,0.01862408242014156,0.0011892205039065991,0.0005484389946253752,100.0,0.0,63.2,3.9319206502675,1.125,0.3112474899497183,4.25,0.698212002188447,0
541,0.6488119022879264,0.08955459703006195,0.08560522127587296,0.017659003650370556,0.0010053138922325236,0.00047186358587007743,100.0,0.0,65.15,3.4245437652335533,1.05,0.21794494717703372,4.2,0.6782329983125269,0
542,0.6582775503864055,0.09163196886017798,0.08395286512809018,0.017654750031450353,0.0009545254199372586,0.00041012173909907155,100.0,0.0,64.05,2.8718460961548757,1.05,0.21794494717703372,4.4,0.8,0
543,0.6546664379663281,0.09253875582187439,0.0848680622889568,0.017284269788810248,0.0008935527904757911,0.000393032731577322,100.0,0.0,63.65,3.1666228067138023,1.0,0.0,4.3,0.714142842854285,0
544,0.6567393117001439,0.09101196630685329,0.08402381566215934,0.01728485976495655,0.0008958814958492961,0.00038869188474901286,100.0,0.0,63.65,2.3081377775167584,1.0,0.0,4.3,0.6403124237432849,0
545,0.6499667553540146,0.09579454018698934,0.08490045089134281,0.01777501587390683,0.0009605285507715174,0.0003718239375764559,100.0,0.0,63.5,3.122498999199199,1.05,0.21794494717703372,4.2,0.6782329983125269,0
546,0.6401826526997503,0.09985763978226347,0.08541024153713167,0.020068832576371605,0.0010182182533835856,0.0003626350258748554,100.0,0.0,63.35,2.920188350089768,1.075,0.23848480035423641,4.25,0.82915619758885,0
547,0.6378974147938239,0.10938680926907872,0.08542917473534722,0.02175060420234358,0.0010686902801019227,0.0004275355170184034,100.0,0.0,63.75,3.672533185690771,1.025,0.10897247358851683,4.35,0.5722761571129799,0
548,0.628007635522789,0.11068273468177073,0.08709613792851408,0.0213077485176231,0.0011387358591647924,0.0005101408772863884,100.0,0.0,64.25,2.5074887836239665,1.025,0.10897247358851683,4.1,0.7681145747868608,0
549,0.6298515516858283,0.10527490284570837,0.08735664289689161,0.0207205267914291,0.0011214494213466586,0.000545168202504113,100.0,0.0,63.45,2.635811070619441,1.025,0.10897247358851683,4.1,0.5385164807134504,0
550,0.634784109757702,0.1020997500249732,0.08536193444135604,0.02114434305322703,0.0012343140149898909,0.0005474046457563709,100.0,0.0,63.45,3.694252292413175,1.125,0.3112474899497183,4.05,0.804673846971554,0
551,0.6375831830466875,0.10314265783646041,0.08479707233814432,0.021255175673285064,0.0012717368050150267,0.0005209641485425507,100.0,0.0,64.4,3.307567081708245,1.05,0.21794494717703372,4.15,0.9096702699330127,0
552,0.6512613064200478,0.10577896368936335,0.0828295661044472,0.022268333475656845,0.0011703047676342566,0.00046191226855451254,100.0,0.0,63.05,2.71062723368596,1.0,0.0,4.35,0.5722761571129799,0
553,0.6668093650933022,0.1025638429954909,0.08147428728597235,0.021518668424179706,0.0009896609798992144,0.00045625019501774805,100.0,0.0,63.0,3.8078865529319543,1.1,0.3,4.15,0.5722761571129799,0
554,0.6740366098848902,0.11635266896823256,0.0809792504643301,0.024085561258905725,0.0007901948414809087,0.00044712425543850186,100.0,0.0,63.75,2.7179955849853767,1.0,0.0,4.3,0.714142842854285,0
555,0.6654743700130206,0.11385287372747742,0.0822228547595272,0.02395838929320961,0.0008052435383825534,0.0005399995926204001,100.0,0.0,62.9,2.487971060924946,1.075,0.23848480035423641,4.1,0.43588989435406733,0
556,0.657075472349512,0.10660551102202845,0.08371935635241594,0.023086193724390032,0.0007917898351063703,0.0004930871537882372,100.0,0.0,63.7,3.4799425282610637,1.0,0.0,3.9,0.6244997998398398,0
557,0.6452657655876887,0.10790430941982326,0.08532328148513164,0.024322578973235587,0.0008504022808254088,0.0005025270573991466,100.0,0.0,63.0,3.082207001484488,1.075,0.23848480035423641,4.15,0.47696960070847283,0
558,0.6427102073141324,0.11612055931794572,0.08694813531157501,0.023400092417803033,0.0008000678507306165,0.0003832858318967133,100.0,0.0,63.85,3.6915443922564446,1.05,0.21794494717703372,4.35,0.792148975887743,0
559,0.6370130246049335,0.1231815445193149,0.08812049122935225,0.024040154511725025,0.0007909196287301119,0.0003456468386632042,100.0,0.0,62.85,3.4680686267719674,1.2,0.3674234614174767,4.0,0.6324555320336759,0
560,0.627923874537055,0.13065645423259506,0.08961542970508192,0.024421371190073638,0.0008112305161957439,0.00030633256528280915,100.0,0.0,62.95,3.2935543110748906,1.1,0.3,4.25,0.698212002188447,0
561,0.620494559654046,0.14206412116670322,0.09059630856442567,0.025714469653657368,0.0008717935494836351,0.0002789436267846897,100.0,0.0,63.2,2.4617067250182343,1.0,0.0,4.6,0.5830951894845301,0
562,0.6145734752651928,0.14010273137756818,0.09229882743635397,0.02506251525362648,0.0008454150177351673,0.0003253316932216528,100.0,0.0,64.7,3.8223029707232783,1.0,0.0,4.1,0.7681145747868608,0
563,0.5932449897208428,0.1376234415930214,0.09638673966806333,0.02495116927865583,0.0008734547974277685,0.0003327678352331494,100.0,0.0,63.25,3.1760824926314495,1.05,0.21794494717703372,4.15,0.7921489758877431,0
564,0.5823005379441936,0.12949291844459648,0.09823492735481383,0.02307782624897246,0.0009856753040929287,0.0005151405257043983,100.0,0.0,63.15,2.104162541250081,1.05,0.2179449471770337,4.2,0.5099019513592784,0
565,0.596292562113852,0.11892016332860852,0.09570216164097801,0.021008983819023514,0.0009874080132621275,0.0005728852171699576,100.0,0.0,63.7,2.9171904291629644,1.1,0.3,4.3,0.8426149773176358,0
566,0.6085688965276184,0.10615049056861062,0.09375944613915058,0.018964229120858205,0.0009333170052316056,0.0005264791334451542,100.0,0.0,63.1,3.3600595232822887,1.1,0.3,4.4,0.7999999999999999,0
567,0.6079349022007835,0.10448818411775389,0.09313303132005833,0.01889192932336823,0.000986180436800265,0.0005500524751817074,100.0,0.0,63.45,3.470950878361721,1.2,0.4,4.25,0.9420721840708386,0
568,0.6157326994759516,0.10803649239762571,0.09097056106671435,0.01992192088747214,0.0010480228784296654,0.0006311299783055584,100.0,0.0,62.5,2.202271554554524,1.0,0.0,4.4,0.8602325267042626,0
569,0.6215173200811451,0.11008483417983757,0.09034794495060813,0.02044750286569134,0.0010085987012102226,0.000624397481479504,100.0,0.0,62.3,2.685144316419511,1.15,0.3570714214271425,4.15,0.7262919523166975,0
570,0.6390219808209415,0.12436057170761604,0.08740743380312904,0.0231972070350482,0.000983858350687564,0.0005421327754251895,100.0,0.0,64.05,2.67348087705897,1.0,0.0,4.0,0.6324555320336759,0
571,0.6415329307160632,0.1290781833399158,0.08715547173360821,0.024297180037377804,0.0009595830828357639,0.0004635388201016065,100.0,0.0,63.35,2.937260628544903,1.05,0.21794494717703372,4.35,0.6538348415311012,0
572,0.6461546089391973,0.13859323837744855,0.0864920814844403,0.02550549972948095,0.0009000253675604715,0.0003557362562794913,100.0,0.0,63.65,2.7617928959282954,1.05,0.21794494717703372,4.35,0.7262919523166975,0
573,0.6480779469070528,0.14369420747679126,0.08559578884303101,0.02685524431329105,0.000918799648323749,0.00040024758869688107,100.0,0.0,63.85,3.66435533211505,1.1,0.3,4.1,0.8306623862918076,0
574,0.6492995338972457,0.14089317802481893,0.08449114388681804,0.02698051217090606,0.0010048258905718372,0.0006136496146361398,100.0,0.0,63.7,3.579106033634656,1.05,0.21794494717703372,4.45,0.8645808232895291,0
575,0.6469130388948343,0.13899327123020103,0.08304685448139251,0.02783694147211818,0.001159245612398375,0.0007997307469647984,100.0,0.0,63.2,2.694438717061496,1.05,0.21794494717703372,4.25,0.8874119674649424,0
576,0.6493743984525862,0.14189426564784804,0.08299378799485685,0.029316474794376712,0.001091802756454921,0.0006961514618017434,100.0,0.0,63.45,3.866199684444661,1.1,0.3,4.15,0.6538348415311012,0
577,0.6593102860184545,0.1538230854052232,0.08127992709764788,0.032378471640242254,0.0010711744071566017,0.000596196007367654,100.0,0.0,62.6,1.8547236990991405,1.0,0.0,4.05,0.5894913061275798,0
578,0.6608145674559999,0.16086612874644363,0.08074461836027659,0.03390874202415684,0.0010774126624768445,0.0005297155466689358,100.0,0.0,62.5,2.819574435974337,1.1,0.3,4.4,0.9165151389911681,0
579,0.6679044879565932,0.17043076638078958,0.07933923883352385,0.03556984162889098,0.0010467918184534199,0.0005820566991609824,100.0,0.0,64.2,2.959729717389748,1.0,0.0,3.9,0.6244997998398398,0
580,0.6734400578533706,0.1720422741852136,0.07783426248690631,0.03551802219994875,0.001022012845909474,0.0006862361813138676,100.0,0.0,63.1,3.4336569426778794,1.05,0.21794494717703367,4.2,0.5099019513592784,0
581,0.6768790193954557,0.1613287705941315,0.07750175030599984,0.03331511681915092,0.0009970494618765165,0.0006782951370210581,100.0,0.0,63.35,2.2643983748448506,1.05,0.2179449471770337,4.1,0.7,0
582,0.6725047996608872,0.16521315715115353,0.07864371232725048,0.034273161132950314,0.0009458305309099854,0.0004928606169660708,100.0,0.0,62.9,2.662705391138869,1.1,0.3,4.3,0.714142842854285,0
583,0.6688987464564556,0.16503251432436225,0.08012970200503444,0.033297847792442915,0.0009327615308917691,0.00044897030757959816,100.0,0.0,63.3,2.590366769397724,1.0,0.0,4.1,0.7000000000000001,0
584,0.6752622018908707,0.16479332055958293,0.07916077000042313,0.03349433892018749,0.0008731434209469533,0.00041680614023227136,100.0,0.0,63.0,2.0,1.05,0.15,4.3,0.5567764362830021,0
585,0.6688846650675597,0.15566292349452823,0.08071517984846402,0.03160612021697163,0.0008840952395394574,0.0003746673074903406,100.0,0.0,63.55,3.0899029110960754,1.075,0.23848480035423641,4.0,0.6324555320336759,0
586,0.6644574538597177,0.14245526652147097,0.08146772027154384,0.02878955960522859,0.0009577422963619603,0.00039751850939182307,100.0,0.0,64.0,3.286335345030997,1.0,0.0,3.95,0.5894913061275798,0
587,0.6716894306760594,0.13065822886786368,0.07929586446958711,0.02681802533819712,0.0009933952385066636,0.0003966967703880395,100.0,0.0,62.85,3.1188940347501393,1.075,0.23848480035423641,4.3,0.6403124237432849,0
588,0.672042946705283,0.12343887194254893,0.07931172755244059,0.023454477632977665,0.0009866526303131567,0.00039752741107624054,100.0,0.0,63.5,2.7477263328068173,1.0,0.0,4.15,0.852936105461599,0
589,0.6684251123402387,0.12349886557581737,0.08048357483403057,0.023736945677609745,0.0009478335845496983,0.0004169523782936899,100.0,0.0,63.25,3.6588932752951404,1.025,0.10897247358851683,4.25,0.9420721840708386,0
590,0.6645719773447814,0.1305757164986836,0.08169567680279169,0.02555311956932665,0.0008880504036444974,0.00042906110550973946,100.0,0.0,62.55,2.765411361804967,1.075,0.23848480035423641,4.35,0.653834841531101,0
591,0.6627919448549326,0.13345658732771323,0.08212705745356734,0.02661508797013441,0.0008556615891992869,0.00047388450450335754,100.0,0.0,62.65,2.688401011754013,1.175,0.36314597615834876,4.0,0.6324555320336759,0
592,0.6617965402035453,0.135144964078416,0.08292872116108518,0.028118580532070763,0.0007580271230539874,0.00036880996503659545,100.0,0.0,62.1,3.9862262855989496,1.2,0.4,4.15,0.5722761571129799,0
593,0.6557429401528472,0.13800387437517234,0.08385286978354324,0.028711188246045048,0.0007510620148960957,0.0003560758386275209,100.0,0.0,62.25,3.6038174204584785,1.25,0.4330127018922193,4.3,0.5567764362830021,0
594,0.64280192068109,0.14225845628571937,0.0864105984426674,0.029197528209039477,0.0007564034882381811,0.0003105944503115532,100.0,0.0,63.15,1.930673457630782,1.0,0.0,4.4,0.6633249580710799,0
595,0.6315945436729585,0.14966089325276397,0.08827549170109958,0.030342278617962827,0.0008285238984146098,0.00033605831652618084,100.0,0.0,62.85,2.351063589101749,1.05,0.21794494717703372,4.5,0.6708203932499369,0
596,0.6198976299058372,0.14217611136251657,0.09086880334817177,0.027638153272530903,0.0008300823573702971,0.0003678005388490247,100.0,0.0,64.25,2.5470571253900056,1.0,0.0,4.2,0.6,0
597,0.6152181191445748,0.14313021701868553,0.09188884531245473,0.02637365200469956,0.0008778864929652897,0.00043153164483697784,100.0,0.0,62.65,3.2752862470324633,1.1,0.3,4.25,0.698212002188447,0
598,0.6149949459341169,0.13588767075197625,0.09191405084065361,0.025174093633577106,0.0008902849901641956,0.00037663015582285134,100.0,0.0,63.35,3.118894034750139,1.075,0.23848480035423641,4.35,0.9096702699330126,0
599,0.6126661321931205,0.13564850166869086,0.09144444604853239,0.025966977398036373,0.0009574001928968788,0.00038160510411218857,100.0,0.0,64.45,3.0409702399069944,1.075,0.23848480035423641,4.1,0.7000000000000001,0
600,0.612449892791292,0.1327640652491435,0.09106164134885864,0.025765798861700585,0.001011596729352742,0.0003983383551268727,100.0,0.0,63.45,2.4387496796514396,1.025,0.10897247358851683,4.05,0.6689544080129826,0
601,0.6163649149244577,0.12966673742807597,0.09038651985444066,0.025687818327150436,0.00103141520261103,0.00045832682027432915,100.0,0.0,63.25,3.2384409829422554,1.05,0.21794494717703372,4.55,0.9205976319760985,0
602,0.6249536340163224,0.12258277735389594,0.08897462462988528,0.024255490811179354,0.0010010948523881294,0.00040834613276242716,100.0,0.0,62.6,3.4263683398023628,1.175,0.36314597615834876,4.35,0.7921489758877431,0
603,0.6345003311879603,0.12238256830243344,0.08858888119619705,0.022818581567442122,0.0008740813651499054,0.00032884407291502483,100.0,0.0,64.7,3.4510867853474796,1.1,0.3,3.85,0.47696960070847283,0
604,0.6389548445295677,0.12192451352656826,0.08770149048582603,0.02265273409280413,0.0008744693610165912,0.00036435862663708186,100.0,0.0,63.1,3.845776904605882,1.05,0.21794494717703372,4.25,0.698212002188447,0
605,0.6414208548916969,0.12234124428737865,0.08692011626745125,0.022252657198509693,0.0009186166405209589,0.0005025887976827796,100.0,0.0,64.35,2.725344014982329,1.0,0.0,4.0,0.6324555320336759,0
606,0.6496081893415898,0.12152644245070576,0.08519459400903594,0.022341595333823627,0.0009303303258531581,0.0006876076045463516,100.0,0.0,64.1,2.364318083507378,1.0,0.0,4.2,0.5099019513592784,0
607,0.6594062072546281,0.12857400453490178,0.08271109848474972,0.025610200973288505,0.000938717873449184,0.0006502133096761393,100.0,0.0,64.45,1.9868316486305526,1.0,0.0,4.05,0.5894913061275798,0
608,0.6667383593469012,0.12187972616918064,0.08186811914659345,0.023982453327277102,0.0009158032852655132,0.0005601022781562788,100.0,0.0,62.95,3.1697791721190924,1.175,0.36314597615834876,4.15,0.4769696007084728,0
609,0.6658806551219458,0.1260556159739133,0.08267622810517752,0.024019566032450236,0.0008316784665571567,0.00043250544671676045,100.0,0.0,64.65,3.395217224272992,1.05,0.21794494717703372,4.4,1.1575836902790224,0
610,0.661125861971475,0.13057324747631247,0.08403339511542444,0.024654396531118707,0.0007817097562620734,0.0004042654010636403,100.0,0.0,62.8,3.171750305430741,1.125,0.3112474899497183,4.25,0.5361902647381804,0
611,0.6587596477516986,0.1387536463494016,0.0852332857329566,0.0248654749662185,0.0007255748555250639,0.00039333773009412275,100.0,0.0,63.1,3.40440890610984,1.1,0.3,4.4,0.7348469228349535,0
612,0.6602402790943652,0.14032810973350915,0.08460876075043237,0.025067021959286184,0.0007612037460543922,0.00044753158131478584,100.0,0.0,63.1,2.964793416074719,1.05,0.21794494717703372,4.4,0.9165151389911679,0
613,0.6578788298178065,0.1364546908691861,0.08457021309615693,0.02466319048290111,0.000794570081939241,0.00047613425920469993,100.0,0.0,64.2,3.009983388658482,1.0,0.0,4.25,0.8874119674649424,0
614,0.6488506611485456,0.13133628122709362,0.08587116515038237,0.024504620548984574,0.0008022632374444441,0.0005163316175705768,100.0,0.0,63.05,3.0736785778607363,1.1,0.3,3.9,0.43588989435406733,0
615,0.6487707864272593,0.12791967759822326,0.08655404607820211,0.02403008332091115,0.0007284417796696084,0.00046692306481257084,100.0,0.0,63.35,2.885740806101615,1.0,0.0,4.35,0.7921489758877431,0
616,0.6432371850741513,0.12157869679106416,0.08768455946299338,0.023305616169786582,0.0007250336928502014,0.00047255671343411865,100.0,0.0,63.5,3.8535697735995385,1.05,0.21794494717703372,4.4,0.5830951894845301,0
617,0.635102224704297,0.11902800723745753,0.08989837662229329,0.022731495405684348,0.0006762481629581203,0.0003904827960895975,100.0,0.0,63.1,3.080584360149872,1.05,0.21794494717703367,4.5,0.7416198487095663,0
618,0.6275707998327611,0.10900615165911193,0.09114122565779122,0.020913629589302256,0.0006899354271793872,0.0003507155668591733,100.0,0.0,63.25,3.884263121880391,1.125,0.3112474899497183,4.35,0.7262919523166976,0
619,0.621781728468572,0.11413184611414545,0.0916975073094476,0.02247596252571151,0.0007315555241646398,0.0003576499059201658,100.0,0.0,63.45,2.5975950415721076,1.05,0.21794494717703372,4.25,0.6224949798994366,0
620,0.6210712056158889,0.12265301839726789,0.09200706292271209,0.023655943615988433,0.000713773719687025,0.00032335348276847604,100.0,0.0,63.05,2.8368115905008566,1.0,0.0,4.1,0.5385164807134504,0
621,0.6151679126441449,0.12177495705858303,0.09274270999633165,0.023022659435826313,0.0007518449369789363,0.0002786216255007345,100.0,0.0,63.45,2.5391927851189244,1.05,0.21794494717703372,4.2,0.5099019513592784,0
622,0.6170511350945118,0.12717999936780305,0.0918729275340268,0.02495245088088724,0.0008087066162638533,0.0002895995743780342,100.0,0.0,63.9,3.8845849199110063,1.2,0.4,3.95,0.49749371855331004,0
623,0.6211555442086808,0.12438111326599312,0.09129768223432452,0.02362246914558948,0.0008037885639257684,0.0003607101282373306,100.0,0.0,62.55,2.2688102609076854,1.075,0.23848480035423641,4.4,0.7348469228349535,0
624,0.6180896780417309,0.11247744468695298,0.09155652521967274,0.020276652916151553,0.0009497694308161058,0.0005967724881546488,100.0,0.0,63.7,3.179622619116929,1.1,0.3,4.3,0.5567764362830021,0
625,0.6300813690463964,0.10223880678330745,0.08806643165012093,0.01867265196710572,0.00105515116175008,0.0009399334063089235,100.0,0.0,63.1,2.7730849247724096,1.1,0.3,4.55,0.8046738469715541,0
626,0.6430832103060969,0.08905370884023159,0.08496376864749813,0.018645122856365434,0.001071982127848604,0.0009584646821023795,100.0,0.0,63.35,3.070423423568808,1.1,0.3,4.3,0.8426149773176358,0
627,0.6551337824493608,0.0908972413105524,0.08263572420348839,0.019031237724819548,0.0010547247947379245,0.0007294474135356194,100.0,0.0,62.65,2.815581645060217,1.275,0.40233692348577704,4.0,0.5477225575051661,0
628,0.6660694235326167,0.10166983333634354,0.08126046521011444,0.019324557269870996,0.0009769610239862847,0.0005719661528974726,100.0,0.0,63.35,4.210403781111736,1.15,0.3570714214271425,4.35,0.6538348415311012,0
629,0.6787623486978277,0.10647589455029809,0.07908079643738083,0.01947224345705263,0.0009415001025213001,0.0005215187666320803,100.0,0.0,63.8,3.0594117081556704,1.025,0.10897247358851683,3.9,0.7000000000000001,0
630,0.6836346619879394,0.10294182084682837,0.07654944042475059,0.01888788173011702,0.001086160513501438,0.0007046348586070995,100.0,0.0,62.9,3.0967725134404045,1.025,0.10897247358851683,4.35,0.7921489758877431,0
631,0.696370396248673,0.1054019542019218,0.07349686647938845,0.0214466009923571,0.0010517359834285834,0.0006738004152816231,100.0,0.0,63.75,2.9643717715563276,1.05,0.15,4.25,0.82915619758885,0
632,0.7067086026444136,0.11130087759135716,0.07107621417442228,0.024435912308914117,0.0010197411350500504,0.0006398640638458181,100.0,0.0,64.0,3.0,1.05,0.21794494717703372,3.95,0.6689544080129826,0
633,0.7178004349822357,0.12297045176465171,0.06877575391643435,0.026450697919047642,0.000959238136281896,0.000644786525746989,100.0,0.0,63.95,2.9744747435471695,1.075,0.23848480035423641,4.1,0.9433981132056604,0
634,0.725856485145915,0.12082368637969775,0.06743634184526741,0.026340605523157288,0.0009264211011602285,0.0005832031014289956,100.0,0.0,62.4,3.039736830714133,1.05,0.21794494717703372,4.25,0.6224949798994366,0
635,0.7220864943057349,0.12374861997397468,0.06850694111557261,0.02688419973993951,0.0009095503082250718,0.0005039532447618456,100.0,0.0,62.9,2.896549671592048,1.15,0.32015621187164245,4.25,0.7664854858377946,0
636,0.7235410805167308,0.12904187730920486,0.0684654032688045,0.02740310752158245,0.0008834383508921415,0.0004885192425000663,100.0,0.0,64.65,2.725344014982329,1.0,0.0,4.3,1.0049875621120892,0
637,0.7297596469974611,0.1381698632896413,0.06765922827361491,0.029454323461783574,0.0007939180122145334,0.00043344071250828273,100.0,0.0,60.35,2.903015673398957,1.25,0.4330127018922193,4.45,0.9205976319760985,0
638,0.7219732478188521,0.1300211066918436,0.06895828710494263,0.02828646351277127,0.0008504137897959025,0.0004532316892153452,100.0,0.0,62.8,2.5019992006393608,1.1,0.3,4.15,0.7262919523166975,0
639,0.7263816686575864,0.12066197679689676,0.06837248701104862,0.02594429009298629,0.0008548925439297351,0.00043080253055502243,100.0,0.0,63.7,3.4073450074801643,1.05,0.21794494717703372,4.15,0.7262919523166976,0
640,0.7165527390767849,0.10832026509869087,0.070766653323355,0.022635545955584268,0.0008875995134984077,0.0004197027709279714,100.0,0.0,62.9,3.448187929913334,1.0,0.0,4.35,0.6538348415311012,0
641,0.7039211806250819,0.11047433953745749,0.07275603965169526,0.022962453263867616,0.0009159950251796167,0.00043718746609519116,100.0,0.0,63.85,2.197157254271983,1.0,0.0,4.2,0.6782329983125268,0
642,0.7043586278969723,0.11728024109942213,0.07278373615141118,0.025493346728386303,0.0008748817661718245,0.0004647299367953538,100.0,0.0,63.85,3.1507935508376304,1.025,0.10897247358851683,4.05,0.49749371855331,0
643,0.704468304483987,0.12387061227161912,0.07285615628071596,0.027127810785448035,0.0008160923598945884,0.00047123495936710747,100.0,0.0,64.4,3.352610922848042,1.075,0.23848480035423641,4.4,0.9695359714832659,0
644,0.7039827573130089,0.12838696036233885,0.07289848932280425,0.027414455029062798,0.0008163504204873918,0.0005159076765323043,100.0,0.0,62.4,3.0724582991474434,1.05,0.21794494717703372,4.25,0.5361902647381804,0
645,0.7007811334794448,0.12794586167823283,0.07425190526633395,0.02581098778176922,0.0008262303465703929,0.00048188983598066864,100.0,0.0,63.95,2.3553131426627756,1.05,0.21794494717703372,4.3,0.9539392014169457,0
646,0.7013464411827763,0.12342136277793354,0.0741100677748504,0.024079522965797562,0.0008571859349757891,0.0005550644574377538,100.0,0.0,62.45,2.4794152536434875,1.125,0.3112474899497183,4.2,0.6,0
647,0.703567749535566,0.12022168337914584,0.07354209059088926,0.023012208095594164,0.000906208501659279,0.0005191763693401514,100.0,0.0,64.4,3.3970575502926055,1.025,0.10897247358851683,4.25,0.5361902647381804,0
648,0.7037845830403887,0.11981082241531249,0.07402947036471014,0.02241074071447081,0.0009201990769593467,0.0005877401157523031,100.0,0.0,64.4,2.2891046284519194,1.05,0.21794494717703367,4.05,0.5894913061275798,0
649,0.706913774772157,0.11527165224059772,0.07356745537468264,0.02127236208162816,0.0008954172212504677,0.0005425225923161632,100.0,0.0,62.95,3.4565155865408737,1.2,0.4,4.0,0.7071067811865476,0
650,0.7092028499533136,0.12406822133183756,0.07280340335256372,0.023620323572864636,0.000879814117454698,0.000409863928512366,100.0,0.0,64.65,2.9372606285449034,1.0,0.0,4.3,0.5567764362830022,0
651,0.7054063540495639,0.12000084641041225,0.07203648031413541,0.02204577982306771,0.001003147131860925,0.0005795943805735001,100.0,0.0,63.7,2.5903667693977237,1.025,0.10897247358851683,4.1,0.6244997998398398,0
652,0.7053817805507757,0.12223618239223806,0.07210212019364085,0.021837105695944888,0.0010203128054677058,0.0006388385416909533,100.0,0.0,63.45,3.5563323804166562,1.075,0.23848480035423641,4.45,0.6689544080129827,0
653,0.7068045252307259,0.11956893523987003,0.07149612112615064,0.021148624483161706,0.0010469305407326747,0.0005876291446321241,100.0,0.0,63.6,3.7067505985701277,1.075,0.23848480035423641,4.3,0.6403124237432849,0
654,0.7087911073927933,0.11644951338129922,0.07128231487800948,0.02085614803012486,0.0010359610091573192,0.0006096405007566856,100.0,0.0,64.35,3.3507461855533016,1.05,0.21794494717703367,4.25,0.7664854858377946,0
655,0.7108683656341603,0.11476290520185732,0.0715623044106329,0.02050165419117988,0.0009853725180320072,0.0006088436437114437,100.0,0.0,63.65,3.8376425054973526,1.0,0.0,4.2,0.6,0
656,0.7072342234683646,0.11022895838998603,0.07130927786239925,0.019478033147995795,0.001052909206576914,0.0005694479930476303,100.0,0.0,63.3,3.018277654557314,1.0,0.0,4.2,0.812403840463596,0
657,0.7058120473940743,0.10025873431399339,0.07179005888090408,0.018887984774373052,0.001018657176501814,0.0005410745928298525,100.0,0.0,64.15,2.95423424934449,1.025,0.10897247358851683,4.35,0.7262919523166975,0
658,0.7098155452531021,0.09496904403838867,0.07040304633640211,0.018563182993991338,0.0010793700864810598,0.0005157300805131966,100.0,0.0,62.85,2.7436289836637897,1.1,0.2549509756796392,4.25,0.6224949798994366,0
659,0.7118379569326894,0.09208945550190625,0.07088363428483549,0.017621163215961202,0.001035095971857265,0.00048316949657494396,100.0,0.0,63.9,3.5763109484495335,1.15,0.3570714214271425,3.85,0.852936105461599,0
660,0.7131247291598172,0.08886156371895042,0.07011247063373963,0.017792649936952776,0.0010899556551048474,0.0005674184439390562,100.0,0.0,62.5,3.4713109915419564,1.2,0.4,4.05,0.804673846971554,0
661,0.726067366811539,0.07800966278100716,0.06753518761009047,0.016576828611378713,0.0010473444749123926,0.0004422117694391962,100.0,0.0,61.9,2.808914381037628,1.1,0.3,4.35,0.852936105461599,0
662,0.7232164733488892,0.07742804947389631,0.06825750943644882,0.015927381443695217,0.0010531332473420988,0.00044535965889051045,100.0,0.0,62.25,2.56661255354212,1.0,0.0,4.4,0.9165151389911681,0
663,0.7384653707224871,0.07866014071177543,0.06605407000199395,0.01630660533268894,0.0009672490074523428,0.00032181880112855426,100.0,0.0,64.25,2.9979159427842537,1.1,0.3,4.25,0.82915619758885,0
664,0.7455364759496506,0.08019874709172771,0.06335367563827185,0.015924904644058154,0.0010539573081485894,0.000427474401294104,100.0,0.0,63.0,2.16794833886788,1.1,0.3,4.0,0.4472135954999579,0
665,0.7547395600802236,0.08038464470853736,0.0618911619626661,0.015246011825022866,0.0010230419519383469,0.00046042802128809106,100.0,0.0,64.05,2.4591665254715873,1.0,0.0,4.05,0.4974937185533099,0
666,0.7624188426967818,0.07233535120942176,0.059550141458649064,0.015111953672682633,0.0010383883720009599,0.00044527804083688505,100.0,0.0,64.0,2.8460498941515415,1.025,0.10897247358851683,4.3,0.714142842854285,0
667,0.7658366900732656,0.07582257910145737,0.059356655696165515,0.01614363204224261,0.0009777617618770798,0.0005170746653727366,100.0,0.0,63.7,3.6619666847201113,1.125,0.3112474899497183,3.95,0.6689544080129826,0
668,0.7750597398434808,0.08190440380284665,0.058705269697824816,0.016874347790205753,0.0009090503111010811,0.00046228107235534615,100.0,0.0,63.85,2.920188350089768,1.0,0.0,4.25,0.9937303457175896,0
669,0.7751814047468601,0.08632794851927474,0.057473502938261034,0.017823963402470423,0.0009438900207752179,0.0005016321661481721,100.0,0.0,63.8,2.767670500619609,1.0,0.0,4.45,0.6689544080129827,0
670,0.7710513470879021,0.08162490436678231,0.057150317865229325,0.017400225580126816,0.001024189573816079,0.000671218748004418,100.0,0.0,62.95,2.9236107812087435,1.05,0.21794494717703372,4.15,0.5722761571129799,0
671,0.7761191123921489,0.0669681683798582,0.05720832987678352,0.015341092382656582,0.0009636778944851994,0.0005741706119813784,100.0,0.0,63.0,2.23606797749979,1.0,0.0,4.25,0.6224949798994366,0
672,0.7754818473433072,0.06707836933199163,0.058438753618535164,0.014777847385032737,0.0009090347219019778,0.0005375737990432784,100.0,0.0,62.65,2.903015673398957,1.05,0.15,4.05,0.6689544080129826,0
673,0.7763378174284318,0.0676894735242479,0.05820191371601139,0.016003212439097025,0.0009087594960885401,0.00045531412029835267,100.0,0.0,62.55,3.3981612675092396,1.1,0.3,4.35,0.5722761571129799,0
674,0.7805204333207393,0.07028649239315696,0.05787056364806938,0.01682659757400951,0.000843118956916661,0.00044148939669613014,100.0,0.0,64.05,2.8543825952384165,1.05,0.21794494717703372,4.5,0.7416198487095663,0
675,0.7825508777233985,0.06857975018911487,0.057542360332086484,0.01738661167552801,0.0008267793075232425,0.00038842147494331744,100.0,0.0,62.75,2.5074887836239665,1.125,0.3112474899497183,4.5,0.7416198487095663,0
676,0.7790356499088932,0.06874691869048487,0.05863631769879916,0.017515583956120833,0.0008245444539068302,0.0003769105071953962,100.0,0.0,63.15,2.5743931323712,1.0,0.0,4.45,0.7399324293474372,0
677,0.7842582603586726,0.07531302367593336,0.05781600253587689,0.0195436181138385,0.0007686616619334507,0.0003575637625329434,100.0,0.0,63.1,2.773084924772409,1.1,0.2549509756796392,4.15,0.6538348415311009,0
678,0.7824941375074453,0.08505253755835575,0.057821014951051485,0.02184925475591293,0.0007466795230260581,0.00033209208282526084,100.0,0.0,63.1,2.6438608132804573,1.05,0.21794494717703372,4.15,0.7262919523166976,0
679,0.7825206958952913,0.08885818804198768,0.058053413175242354,0.022317057928785897,0.0007199775646493007,0.0002915247338900708,100.0,0.0,62.4,3.5693136595149495,1.15,0.32015621187164245,4.25,0.5361902647381804,0
680,0.7828971863417811,0.09374743891269167,0.057378097514329915,0.02344861207676698,0.0007386157675850374,0.00036605292609574546,100.0,0.0,64.8,3.249615361854384,1.0,0.0,4.15,0.9630680142129111,0
681,0.7804030175896459,0.09501844688226872,0.05566145198258103,0.024718370425979744,0.0008420752896095465,0.0004115481658810294,100.0,0.0,63.55,3.2630507198019467,1.05,0.21794494717703372,4.4,0.7348469228349535,0
682,0.7848444530478546,0.09391619916150558,0.05586971735950973,0.024405198891116243,0.0007825710055330828,0.0003368067457671676,100.0,0.0,63.75,3.3893214660164652,1.05,0.21794494717703372,4.45,0.9733961166965893,0
683,0.7923518044573924,0.09164506315169907,0.0548485688276617,0.02290575442465279,0.0007634344088887149,0.00034722635482814713,100.0,0.0,63.7,2.685144316419511,1.0,0.0,4.35,0.7262919523166976,0
684,0.7934898178129373,0.09285029085942949,0.055180120615114805,0.02240340689906462,0.0007520840266172035,0.0002998294228660855,100.0,0.0,64.05,2.836811590500857,1.05,0.2179449471770337,4.15,0.7921489758877431,0
685,0.7934650444395449,0.08976973949018287,0.054597700666425796,0.022457320815277928,0.0007825117675747835,0.00032288119329343943,100.0,0.0,64.4,1.772004514666935,1.0,0.0,4.2,0.5099019513592784,0
686,0.79400963693031,0.0880872839138253,0.05480174685240398,0.02139423590316726,0.0008008283382241592,0.00047183793812185485,100.0,0.0,64.25,2.930443652418521,1.025,0.10897247358851683,4.05,0.6689544080129826,0
687,0.7984206461860531,0.08655547204785596,0.0544306442944207,0.01995078843029738,0.0007775779145424912,0.0005186556219494363,100.0,0.0,63.4,2.956349099818897,1.0,0.0,4.4,1.0677078252031311,0
688,0.8001183903520218,0.08035303750656775,0.053252496439646746,0.019799658329857174,0.0008142449677718029,0.00041182704133498684,100.0,0.0,64.05,3.0409702399069936,1.025,0.10897247358851683,4.05,0.739932429347437,0
689,0.80638445523472,0.08219398143771339,0.05105978220467291,0.019339765927019407,0.0008404454784128456,0.0004188244652284608,100.0,0.0,62.95,3.9303307748839664,1.075,0.23848480035423641,4.35,1.0136567466356647,0
690,0.806825738736538,0.08333658690426843,0.05194971961275141,0.018892227332491986,0.0007877514400477471,0.00034730690610417484,100.0,0.0,63.7,2.72213151776324,1.05,0.21794494717703372,4.1,0.5385164807134504,0
691,0.8053831771545743,0.07995535577570717,0.05080529460142237,0.018583830926993807,0.0008818765055440983,0.0004155287569925926,100.0,0.0,63.2,3.5721142198983498,1.075,0.23848480035423641,4.25,0.9937303457175896,0
692,0.8047013180009419,0.0802004624917538,0.05107248701506084,0.018575019360233733,0.0008759548107225382,0.0004248201418717536,100.0,0.0,64.2,3.54400902933387,1.1,0.2549509756796392,4.05,0.804673846971554,0
693,0.8068974169053702,0.08057991263177638,0.05052995361829603,0.019216906853767503,0.0008668686540931186,0.00042197597200211643,100.0,0.0,64.05,3.3087006513131403,1.05,0.2179449471770337,4.35,0.7921489758877431,0
694,0.8170851992306156,0.07660872263396935,0.047092560550826966,0.01932664737693712,0.0008965175418005021,0.0004382166906680574,100.0,0.0,64.05,2.1324868112136124,1.0,0.0,3.9,0.5385164807134504,0
695,0.8221205836321237,0.07768856086205869,0.046244802302075075,0.02063253658840447,0.0008587620801898158,0.00040491056434458525,100.0,0.0,62.75,2.6052830940226053,1.075,0.23848480035423641,4.25,0.5361902647381804,0
696,0.818669014684635,0.07578882290413755,0.046583219376699604,0.02041711688040479,0.0008996182818493681,0.0004062833931984498,100.0,0.0,62.8,3.3105890714493693,1.15,0.3570714214271425,4.05,0.6689544080129826,0
697,0.8227123706754707,0.08112114515874902,0.04487719340396148,0.021353715534457304,0.000904926167345387,0.00047016837059070035,100.0,0.0,63.55,2.2017038856303994,1.1,0.3,4.15,0.6538348415311012,0
698,0.8302591679395972,0.07236482229123704,0.04460151208753414,0.01901757822385831,0.0008488108288927787,0.00042326443214271773,100.0,0.0,62.95,3.0409702399069936,1.025,0.10897247358851683,4.5,0.8660254037844386,0
699,0.8348729352412134,0.06576405954593269,0.043539047012959034,0.018454766813839018,0.0008316268651855658,0.0003811340947034853,100.0,0.0,63.5,3.0903074280724887,1.05,0.21794494717703372,4.0,0.8366600265340756,0
700,0.8400545930771914,0.06690885860424593,0.042738596172094655,0.01817992361192537,0.0008030129285162318,0.0004128281217844016,100.0,0.0,63.05,2.654712790491657,1.05,0.21794494717703372,4.4,0.7348469228349535,0
701,0.8419372137174133,0.0717895703773647,0.04327031298982617,0.018606463551069433,0.0007472147871583372,0.0004187162356541142,100.0,0.0,62.7,3.3331666624997918,1.1,0.3,4.35,0.8529361054615991,0
702,0.8440817645301764,0.062096789910971735,0.04245169228713523,0.01732599265528713,0.0007629646057089335,0.00036596846522312835,100.0,0.0,63.75,3.0639027399707057,1.0,0.0,4.35,1.0136567466356645,0
703,0.8417738787175943,0.06549811283254187,0.04204700171233282,0.017118935742067094,0.0008239005687350114,0.00046501006940192287,100.0,0.0,63.95,2.1788758569500923,1.0,0.0,4.0,0.6324555320336759,0
704,0.8440519644774955,0.06877981983474729,0.04221770333868083,0.017080329702672623,0.0007905204477937431,0.00047494263091433527,100.0,0.0,62.75,2.913331426391443,1.1,0.3,4.45,0.8645808232895291,0
705,0.847134385331446,0.06824578342335623,0.041788637851878946,0.017296494504773777,0.0007598389224666802,0.00040198381033305805,100.0,0.0,62.75,2.7363296585024255,1.025,0.10897247358851683,4.35,0.5722761571129799,0
706,0.8512092801995225,0.07124831740657256,0.04190390495358901,0.017848877792030055,0.0006973583003116448,0.00038653211883119204,100.0,0.0,62.6,2.764054992217051,1.0,0.0,4.25,0.6224949798994366,0
707,0.8503635687912382,0.06794016918682565,0.042007787897824646,0.016986930452913523,0.0007097464231946936,0.0003724875413092051,100.0,0.0,63.25,3.418698582794336,1.1,0.3,4.1,0.6244997998398398,0
708,0.8592327667948068,0.0696874350060971,0.039236436632685334,0.017124270770229856,0.0007152592743000264,0.00035267106413761263,100.0,0.0,63.25,2.5074887836239665,1.1,0.3,4.2,0.6,0
709,0.8629708214339272,0.06738979231671996,0.03910397487274918,0.01708689352001752,0.0006650614847186502,0.0003354010046065241,100.0,0.0,62.65,3.4967842369811724,1.1,0.3,4.1,0.7681145747868608,0
710,0.8621258676591189,0.06598845079810448,0.038535734728851224,0.016304475932350813,0.0007081523674746773,0.00030637251555806386,100.0,0.0,63.45,2.801338965566288,1.0,0.0,4.2,0.6,0
711,0.863642350166262,0.0667692588876549,0.038777824059362184,0.016274013859670023,0.0006960318215778972,0.0003519849717608809,100.0,0.0,63.35,3.6093628246547893,1.1,0.3,4.1,0.7000000000000001,0
712,0.8647881531904249,0.06589305023492992,0.03866242476540169,0.016414089438987634,0.0006761124742737654,0.00031956557411492016,100.0,0.0,63.05,2.479415253643488,1.075,0.23848480035423641,4.3,0.8426149773176358,0
713,0.8681614572278578,0.06822770983122801,0.03740257633465721,0.016177740847820376,0.0006900410870552781,0.0003253080863727517,100.0,0.0,62.6,2.870540018881465,1.075,0.23848480035423641,4.25,0.7664854858377946,0
714,0.867655483899785,0.06295699507841251,0.03760177654265746,0.015422943732464424,0.0006979808280712737,0.0003311945941839743,100.0,0.0,64.6,3.7067505985701277,1.05,0.21794494717703372,4.2,0.7483314773547883,0
715,0.870717045481156,0.05278346763026211,0.03760670659253266,0.013171256150055271,0.0006887635208520163,0.00035027254013177134,100.0,0.0,64.1,2.4677925358506134,1.0,0.0,4.2,0.5099019513592784,0
716,0.8758022913266862,0.045777153853963554,0.03591728734402025,0.012811709591680698,0.0006877618767587112,0.00037317186836906523,100.0,0.0,63.9,2.364318083507378,1.025,0.10897247358851683,4.1,0.6244997998398398,0
717,0.8664845978100472,0.04449308529703879,0.0367322739719463,0.012419175710660937,0.0008031430697399442,0.000448075626455605,100.0,0.0,62.75,2.913331426391443,1.05,0.21794494717703372,4.15,0.8529361054615991,0
718,0.8725039922540588,0.04068733305617858,0.035917907834094334,0.012235104729801757,0.0007441656470227869,0.00034193877180820986,100.0,0.0,63.45,2.3553131426627756,1.05,0.21794494717703372,3.9,0.7681145747868608,0
719,0.8693893062241631,0.04153405369820603,0.03551248343694485,0.01315669599417715,0.0007853141390268363,0.00034002313813333545,100.0,0.0,63.25,3.404041715373065,1.075,0.23848480035423641,4.2,0.5099019513592784,0
720,0.8752369768561437,0.0417066466337225,0.03338171671907088,0.013855570204251363,0.0007665573204019633,0.0003385735076245483,100.0,0.0,63.55,1.8020821290940099,1.0,0.0,4.25,0.5361902647381804,0
721,0.8752881212760386,0.037811338145063066,0.03343054422916708,0.013017603650964354,0.0007665027168659622,0.00030641950942567444,100.0,0.0,63.55,2.1788758569500923,1.025,0.10897247358851683,4.4,0.58309518948453,0
722,0.8795186254900891,0.03945482473137064,0.032665821314565996,0.01162251280466298,0.0007515078520932171,0.0003058789539480406,100.0,0.0,63.2,3.0757112998459397,1.05,0.21794494717703372,4.3,0.6403124237432849,0
723,0.8769866609337834,0.04018810908398391,0.034060607224962444,0.012499635489795819,0.0007276347652959818,0.0003195943387804534,100.0,0.0,63.6,2.615339366124404,1.05,0.21794494717703372,4.35,0.7921489758877431,0
724,0.8755326059544911,0.04040321855407364,0.03413544721720611,0.012335642587524872,0.000750089491552879,0.00034518068090849,100.0,0.0,63.7,2.3895606290697042,1.1,0.3,4.2,0.9797958971132712,0
725,0.8794639380720634,0.03876263003523858,0.03232356976417991,0.012438229951013312,0.0007493968428395857,0.0003461724240735688,100.0,0.0,63.3,3.0675723300355937,1.075,0.23848480035423641,4.4,0.8602325267042626,0
726,0.8854878625976536,0.038162412382846095,0.031273531099974314,0.012055568853017132,0.0007157503136045436,0.0002762695685707085,100.0,0.0,62.75,3.191786333700926,1.2,0.3674234614174767,4.05,0.6689544080129826,0
727,0.8845886217987816,0.043589685936908595,0.030555373918635553,0.012617470741841419,0.0007458619844311999,0.0003502165755011845,100.0,0.0,62.6,2.8530685235374214,1.025,0.10897247358851683,4.05,0.739932429347437,0
728,0.8833260214226973,0.03809135267203215,0.03187686058019945,0.011915290448596844,0.0007282614516622889,0.0003458721460629669,100.0,0.0,62.95,3.3537292675468007,1.075,0.23848480035423641,4.25,0.5361902647381804,0
729,0.8871859148659331,0.03964838158169795,0.03209551938595458,0.012490086003064985,0.0006730154956344912,0.00029862790752591383,100.0,0.0,63.15,2.6509432283623124,1.075,0.23848480035423641,4.45,0.8046738469715541,0
730,0.8842975126531336,0.036745546549288334,0.03286006518906515,0.011912741556818063,0.0006835245905254317,0.0003040030876122347,100.0,0.0,63.3,2.8478061731796287,1.075,0.23848480035423641,4.3,0.9539392014169457,0
731,0.8833635647217519,0.03958480954950481,0.032778842075210216,0.012042315958143656,0.0007033615363235469,0.0003237313774242299,100.0,0.0,63.45,2.9406631905065233,1.0,0.0,4.1,0.7681145747868608,0
732,0.8801648218337398,0.04075592404126366,0.032927187796348505,0.01270202999817299,0.0007462917349376697,0.0003810304159566476,100.0,0.0,63.55,3.0736785778607367,1.05,0.21794494717703372,4.05,0.6689544080129826,0
733,0.8802530060312364,0.038770131106402594,0.03220210860127218,0.013328269361443601,0.0007740750167657886,0.0003836256102053552,100.0,0.0,62.85,4.80910594601533,1.1,0.3,4.4,0.66332495807108,0
734,0.8875873181525357,0.03958940032881198,0.030135347043466258,0.013958140447101969,0.0007242134408165315,0.00042242102300951847,100.0,0.0,62.95,3.3686050525402944,1.0,0.0,4.35,0.7262919523166975,0
735,0.8878594335637764,0.03578657833671515,0.029630866217000045,0.014841294549821407,0.0007153721014307894,0.00039819326985939815,100.0,0.0,62.15,2.4753787588973126,1.225,0.40233692348577704,4.2,0.6782329983125269,0
736,0.8845709368213125,0.034003996117380184,0.030197856334061975,0.013914101668652427,0.0007514428960002129,0.00039422533608479893,100.0,0.0,64.1,2.844292530665578,1.0,0.0,3.85,0.47696960070847283,0
737,0.8898447566363409,0.03581690680766083,0.030392948048088918,0.013623668257645275,0.0006728199379284589,0.0003373064656947598,100.0,0.0,63.7,3.1480152477394387,1.025,0.10897247358851683,4.5,0.806225774829855,0
738,0.8848011857428455,0.04027679554067357,0.03010560803533388,0.014051614564087449,0.0007484292914962936,0.0003521429733276823,100.0,0.0,63.65,3.1666228067138023,1.0,0.0,4.15,0.653834841531101,0
739,0.8841576360928236,0.042383176008105206,0.02956545173681614,0.015094279973618835,0.0007734233343726089,0.0003849149739417543,100.0,0.0,63.9,3.345145736735546,1.05,0.21794494717703372,4.15,0.9096702699330127,0
740,0.8925188134302051,0.04306201779971861,0.026932429895698044,0.015230220090842937,0.0007251076156154706,0.0004145665397807579,100.0,0.0,64.4,2.8178005607210737,1.0,0.0,4.25,0.5361902647381804,0
741,0.8930685139701156,0.04085709954479858,0.02598954735886439,0.013427142531995617,0.000775728201794598,0.0004336724362770364,100.0,0.0,63.6,3.8131351929875237,1.05,0.21794494717703372,4.55,0.7399324293474372,0
742,0.8921143719392847,0.04527624338340773,0.025751736051722734,0.014564304233826991,0.0007709662469043961,0.0004334808935401698,100.0,0.0,63.05,1.9868316486305526,1.075,0.23848480035423641,4.45,0.5894913061275798,0
743,0.8968004848326547,0.04459350218580652,0.02511349380771692,0.015357345026542263,0.0007307397774514044,0.00042105392965937233,100.0,0.0,64.8,2.803569153775237,1.0,0.0,4.3,0.9,0
744,0.8977361247286971,0.044767743595177795,0.02499279298682933,0.015603836891400782,0.0007332563076995111,0.00038492840553683126,100.0,0.0,62.95,2.6358110706194404,1.075,0.23848480035423641,4.3,0.714142842854285,0
745,0.8973556780722347,0.05058342365935933,0.025356156277683135,0.015776284739575406,0.0007180603373540108,0.00042397531582633974,100.0,0.0,63.75,3.0475399915341552,1.1,0.3,4.15,0.7262919523166975,0
746,0.8985690361234063,0.052948552081335816,0.024115374242687733,0.01589243444354541,0.000736343843941103,0.00043440983712261056,100.0,0.0,63.4,2.4979991993593593,1.0,0.0,4.2,0.39999999999999997,0
747,0.8960085727697912,0.05100170255635112,0.023968405673147793,0.014625297077169877,0.0007785253137043448,0.00046344137396188656,100.0,0.0,62.6,3.4698703145794947,1.0,0.0,4.65,0.9096702699330126,0
748,0.8991495292529825,0.044713843122494684,0.022811483312801188,0.014827652491570534,0.0007662779853970971,0.0003775277185047205,100.0,0.0,62.35,3.1507935508376295,1.125,0.3112474899497183,4.45,0.7399324293474372,0
749,0.9042409324279126,0.039576918914518054,0.022454229259113934,0.013945000330186282,0.000714449821226214,0.0003331197590494313,100.0,0.0,64.25,2.5074887836239665,1.0,0.0,4.25,0.5361902647381804,0
750,0.9097014098263028,0.03964695597545653,0.022172391433585917,0.013736903582456338,0.0006592639263023692,0.00031412653097408964,100.0,0.0,63.55,3.5422450508117027,1.125,0.3112474899497183,4.25,0.6224949798994366,0
751,0.9097006953217448,0.037820516891911786,0.0206520197327534,0.013915064801572988,0.000691407331716364,0.0002850363367334195,100.0,0.0,64.8,3.1240998703626612,1.05,0.21794494717703372,3.95,0.6689544080129827,0
752,0.9122771788008619,0.043634247520931105,0.021408566942362872,0.013907743331738586,0.0006686747374079383,0.0002757317660972484,100.0,0.0,64.55,2.7834331319433563,1.0,0.0,4.2,0.5099019513592784,0
753,0.9183239795839697,0.04142630933255068,0.022199651053856767,0.013073422818313772,0.0005862088450235449,0.00022821537287283196,100.0,0.0,62.7,3.0838287890218554,1.125,0.3112474899497183,4.0,0.7071067811865476,0
754,0.9219177759591055,0.03994660585510655,0.02159454332946762,0.013213174125534686,0.0005526493044518681,0.00020970375036397757,100.0,0.0,63.2,3.6687872655688283,1.175,0.36314597615834876,4.4,1.0198039027185568,0
755,0.9245364873250639,0.040097775812464,0.021494911261419624,0.01328984963043605,0.0005150515230074334,0.0002112568130936269,100.0,0.0,63.4,3.1048349392520045,1.0,0.0,4.3,0.6403124237432849,0
756,0.9238623154548067,0.04138885766453013,0.020401192361809546,0.012675441409860499,0.0005549924067615548,0.00022884298159549102,100.0,0.0,63.0,2.8809720581775866,1.0,0.0,4.6,0.8602325267042626,0
757,0.9268953147724774,0.03704470898940042,0.019275378385364007,0.012143218593222729,0.0005471517279273727,0.00024109270292565663,100.0,0.0,63.85,2.7977669667075564,1.125,0.3112474899497183,4.0,0.7745966692414834,0
758,0.9237622672470664,0.039053659757577956,0.01958360049019383,0.0119338814908218,0.0005873999320844805,0.00022290515464098203,100.0,0.0,63.15,3.1348843678834477,1.15,0.32015621187164245,4.0,0.6324555320336759,0
759,0.9265696885472459,0.04304154458697599,0.01844757879828239,0.013104943999700445,0.0005568083020318384,0.00022518995446758544,100.0,0.0,64.05,2.5194245374688244,1.05,0.21794494717703367,4.2,1.0770329614269007,0
760,0.9275005310988019,0.04041775144085022,0.017956123777483533,0.011705336746576617,0.000572934863667125,0.000267166737493221,100.0,0.0,63.55,3.089902911096076,1.075,0.23848480035423641,4.3,0.714142842854285,0
761,0.9267123554096013,0.037801971969275164,0.017478391010142084,0.010844594054064221,0.0006023660848347948,0.0002674159072162724,100.0,0.0,62.05,4.684815898197067,1.175,0.36314597615834876,4.1,0.6244997998398398,0
762,0.927985501758104,0.037227902027382825,0.015745756859333486,0.010093013352297711,0.0006303332521612221,0.00034591983377506275,100.0,0.0,62.25,3.7399866309921483,1.15,0.3570714214271425,4.1,0.8306623862918074,0
763,0.9263377203363206,0.04104490317553213,0.01470831981247736,0.010348842286521755,0.0006665973504381059,0.0003559850015753269,100.0,0.0,63.75,3.476708213238494,1.15,0.3570714214271425,4.1,0.6244997998398398,0
764,0.925929988628544,0.04194611985203707,0.015497268559845762,0.010004394970401457,0.0006799251197370274,0.0004076618759498619,100.0,0.0,63.05,2.1788758569500923,1.0,0.0,4.0,0.4472135954999579,0
765,0.9270268813715139,0.03635432858436947,0.015602545149184674,0.010160138324364703,0.0006407103767239856,0.000326741757890403,100.0,0.0,63.7,2.5709920264364885,1.0,0.0,4.05,0.5894913061275798,0
766,0.926072710841279,0.037880802034741055,0.01682821980655244,0.010558927117255576,0.0006285128311233414,0.00028755342254063124,100.0,0.0,63.55,2.3973944189473704,1.125,0.3112474899497183,4.15,0.5722761571129799,0
767,0.9250386689318628,0.035780526115967194,0.017725804098495297,0.010057034049608468,0.0006563516156053445,0.00035993201171214334,100.0,0.0,63.6,3.3376638536557275,1.1,0.3,4.25,0.698212002188447,0
768,0.9312523375764876,0.03363641811473499,0.01714239487772474,0.010484094566817832,0.0005597177715976843,0.00025300915509094703,100.0,0.0,63.2,2.249444375840399,1.0,0.0,4.2,0.812403840463596,0
769,0.9340153225723018,0.03370723247671827,0.017276047860987628,0.011105300984771051,0.0005198341499374729,0.000253002477505,100.0,0.0,63.55,2.4387496796514396,1.0,0.0,4.4,0.7999999999999999,0
770,0.9337835282244974,0.0299371742332512,0.016727677395948215,0.01024467854423507,0.0005397723479825427,0.00022666202470434822,100.0,0.0,63.55,3.4128433893163046,1.0,0.0,4.45,0.9205976319760985,0
771,0.9366068314649496,0.028188467669897698,0.01637479777714127,0.009564774999984354,0.0005220045397615429,0.00023496622386973143,100.0,0.0,64.1,3.6728735344413916,1.075,0.23848480035423641,4.3,0.8426149773176358,0
772,0.935275585465912,0.029863631776521942,0.015971670864027072,0.009051654134697138,0.0005485088342428639,0.00029794767881677206,100.0,0.0,64.55,3.2011716605018234,1.075,0.23848480035423641,4.15,0.7921489758877431,0
773,0.9404899968134138,0.027499575704899377,0.015130664037687674,0.009596396768531329,0.0004880734798302749,0.0002695637044250732,100.0,0.0,63.4,3.903844259188627,1.1,0.3,4.3,0.7810249675906654,0
774,0.9397639309017682,0.02821481486310202,0.016162935800706484,0.009176966848002122,0.0004920456004594402,0.00024430202029832737,100.0,0.0,64.1,3.080584360149872,1.0,0.0,4.05,0.6689544080129826,0
775,0.9404087092510934,0.026009430944915084,0.015620087903712707,0.008394780032229406,0.0004933186612067411,0.0002394200136768913,100.0,0.0,63.5,2.7838821814150108,1.0,0.0,4.1,0.6244997998398398,0
776,0.9380745635916055,0.032558747880453764,0.016425255529424306,0.007886883330026608,0.0005189518546454897,0.00031775704229234655,100.0,0.0,63.0,2.345207879911715,1.0,0.0,4.05,0.6689544080129826,0
777,0.931242000152608,0.032699598469078085,0.016935136223463373,0.006678970851021003,0.0006166882918014722,0.0003316072049296803,100.0,0.0,62.6,3.1208973068654475,1.15,0.3570714214271425,4.6,0.7348469228349535,0
778,0.9345742018367487,0.031464637787609696,0.016926785871221237,0.005558101252414541,0.0005803370761443976,0.00033104491965914925,100.0,0.0,62.45,2.7654113618049667,1.125,0.3112474899497183,4.1,0.6244997998398398,0
779,0.9364259022930836,0.025936095819063757,0.01704039211102578,0.00543433951697812,0.0005419884203568221,0.00028923651815719484,100.0,0.0,64.25,2.342541355024496,1.05,0.21794494717703372,4.1,0.7681145747868608,0
780,0.9386406163407071,0.024840148447348026,0.017788065755135512,0.006200013781476719,0.0004986904269592756,0.000245537020724806,100.0,0.0,63.65,3.424543765233553,1.1,0.3,4.2,0.6,0
781,0.9355689052422267,0.02602443840942123,0.018060285894647383,0.0065596195412710254,0.0005318323470828735,0.0002493903871354132,100.0,0.0,63.6,3.1685959035509725,1.05,0.21794494717703372,4.1,0.7000000000000001,0
782,0.9297826545697377,0.02745052589201997,0.018166154649898427,0.007934372411188197,0.0005919995987770576,0.0002519310177222268,100.0,0.0,63.1,2.6057628441590768,1.0,0.0,4.4,0.66332495807108,0
783,0.9311053449022133,0.029623377390412594,0.019675688481030157,0.00899263317883142,0.0005276733495602851,0.0002603214188530791,100.0,0.0,63.3,3.4655446902326914,1.1,0.3,4.1,0.5385164807134504,0
784,0.9306026952881343,0.031365565148480705,0.019966766660815025,0.008494115679206786,0.0005305228024615255,0.00025101407280101807,100.0,0.0,64.4,2.956349099818896,1.025,0.10897247358851683,3.95,0.6689544080129826,0
785,0.9261911184095638,0.03179385899732559,0.021149551762798726,0.007722293616734901,0.0005603863138505677,0.0002820116743587687,100.0,0.0,64.3,2.3473389188611007,1.0,0.0,4.15,0.6538348415311012,0
786,0.9252640568398552,0.039208144783261,0.022830717948538585,0.009482300897882408,0.0005311398441024899,0.0002941366018441859,100.0,0.0,62.65,3.1666228067138023,1.025,0.10897247358851683,4.4,0.6633249580710799,0
787,0.9207359817199853,0.03569573348914228,0.022668487314019506,0.009076030586367898,0.0005878306975117644,0.0003152696998603061,100.0,0.0,63.95,2.0365411854416298,1.0,0.0,4.05,0.3840572873934304,0
788,0.9200058129689115,0.034193856514229654,0.023265902659144723,0.007678139758138508,0.0005893735177862213,0.00033673943990434203,100.0,0.0,64.6,2.4779023386727737,1.0,0.0,4.1,0.7,0
789,0.9180118724465546,0.03524054221434651,0.02398267778059462,0.008638299332448838,0.0005859671625668088,0.0003559597336094835,100.0,0.0,63.95,2.9236107812087435,1.025,0.10897247358851683,4.0,0.6324555320336759,0
790,0.9136175796093129,0.028616681930215358,0.025837017901641158,0.006977048387437929,0.0006044553171672302,0.00032177146514386564,100.0,0.0,64.35,3.118894034750139,1.075,0.23848480035423641,4.1,0.7681145747868608,0
791,0.9114025434428943,0.02554260982687909,0.026756961611738284,0.007022546001406093,0.0006101709265302908,0.00031292245145261816,100.0,0.0,62.95,2.7472713735632306,1.0,0.0,4.25,0.82915619758885,0
792,0.9089242490444566,0.03091746820404096,0.028528892794814888,0.007562357213562999,0.0005837564816726086,0.00027430316546710756,100.0,0.0,62.45,2.923610781208744,1.175,0.36314597615834876,4.35,0.9630680142129111,0
793,0.9092630444523515,0.03231992387306295,0.02943968360611627,0.008313450866705497,0.0005364046516694376,0.00023679447099422693,100.0,0.0,62.35,2.8857408061016154,1.15,0.3570714214271425,4.2,0.6782329983125269,0
794,0.9058206640874232,0.03065707231241758,0.029357139226903306,0.007634092216534386,0.0005811590563482734,0.00024968622088273533,100.0,0.0,64.6,3.4698703145794942,1.15,0.3570714214271425,4.15,0.653834841531101,0
795,0.8999102710195425,0.036994742431918255,0.0313232831687819,0.007972864895726389,0.0005887320807488911,0.0003083268811937208,100.0,0.0,63.65,2.669737814842499,1.05,0.21794494717703372,4.3,0.5567764362830021,0
796,0.8999472395834914,0.026258186240731594,0.03195193489152322,0.007083285448290234,0.0005765263446495032,0.00028501570737737766,100.0,0.0,64.15,4.304358256465184,1.1,0.3,4.2,0.6782329983125268,0
797,0.8984521214935983,0.022965829557485485,0.03246518063891854,0.008579539069025572,0.0005660255590761288,0.00022713253173108834,100.0,0.0,63.05,3.1855140872392953,1.1,0.3,4.55,0.8645808232895291,0
798,0.8966199976847851,0.01793564216668784,0.032688862722065684,0.008104785018032079,0.0005781443295383589,0.00017536330894977743,100.0,0.0,62.4,3.184336665618132,1.05,0.21794494717703372,4.75,0.7664854858377946,0
799,0.8892958701813635,0.023728324181785228,0.03486735674339715,0.009295442978114405,0.0005834337906240386,0.00018464045066468484,100.0,0.0,62.5,2.9410882339705484,1.05,0.21794494717703372,4.45,0.6689544080129827,0
800,0.8875570882278824,0.03004419796220361,0.03511147963188491,0.00982186658466783,0.0005858567458278515,0.0001888858580478434,100.0,0.0,63.5,2.9916550603303182,1.025,0.10897247358851683,4.4,0.4898979485566356,0
801,0.8843407643033722,0.03093376663863966,0.03697721072063796,0.010961526881985735,0.000541275463862747,0.0001806150072978855,100.0,0.0,63.05,2.4591665254715873,1.05,0.21794494717703372,4.15,0.6538348415311012,0
802,0.8846487983253091,0.030823785559020163,0.037406517853998976,0.010989069673853652,0.0005193730935704164,0.00020749927678801329,100.0,0.0,63.7,2.9342801502242426,1.1,0.3,4.1,0.8306623862918076,0
803,0.8738828594235855,0.036796369140005725,0.03973493981969911,0.012545690153788192,0.0005545867018376666,0.00023788343689415902,100.0,0.0,63.45,3.2935543110748915,1.075,0.17853571071357124,4.15,0.5722761571129799,0
804,0.8717463906419175,0.03880484866853083,0.041320149117992304,0.01193084305299155,0.0005135730473538521,0.0002248796284627496,100.0,0.0,63.65,3.395217224272992,1.125,0.3112474899497183,3.8,0.5099019513592784,0
805,0.8633553365047686,0.04256752741456415,0.04262291065795211,0.01247635470031934,0.0005585479040954584,0.0002227082263531096,100.0,0.0,62.9,3.3000000000000003,1.075,0.23848480035423641,4.45,1.0712142642814275,0
806,0.8574433103640636,0.038925636650633005,0.04311070922399952,0.012056322330981738,0.0006204200161093439,0.00022349420159467026,100.0,0.0,64.05,3.278337993557101,1.05,0.21794494717703372,4.0,0.6324555320336759,0
807,0.8562231882646987,0.04527720001300981,0.043831938153250496,0.012887157412221894,0.0005835204946615139,0.00027071762986158484,100.0,0.0,63.75,2.8262165522125158,1.0,0.0,4.4,0.6633249580710799,0
808,0.848672460426428,0.04646307554666375,0.043820254321795024,0.01419712328559742,0.000658205319795084,0.00027434004953984806,100.0,0.0,63.4,2.4372115213907883,1.05,0.21794494717703372,4.15,0.7262919523166976,0
809,0.8409096226481036,0.05024816696855459,0.04500250428155526,0.014983797194411041,0.0006940162687764781,0.0003039535103868927,100.0,0.0,63.7,3.407345007480164,1.0,0.0,4.35,0.5722761571129799,0
810,0.8376076073974963,0.04937371853789811,0.04490217254435349,0.014485605851147517,0.0007573935945910958,0.0003051132390519159,100.0,0.0,63.65,2.868361901852693,1.05,0.21794494717703372,4.25,0.8874119674649424,0
811,0.837854767670043,0.04738540691432823,0.045343767586870795,0.014273653226198115,0.0007358026589154059,0.000274075700059737,100.0,0.0,62.8,2.8913664589601917,1.0,0.0,4.25,0.7664854858377946,0
812,0.8313196616864131,0.046771445382633815,0.04586312208091242,0.015016423717368672,0.0007907375028184151,0.0003198649552707731,100.0,0.0,64.4,3.6110940170535573,1.05,0.2179449471770337,4.15,0.8529361054615991,0
813,0.8328414000842447,0.048627217330227956,0.046651832874221255,0.01415838449793402,0.0007618054365240501,0.0003292679141506144,100.0,0.0,63.25,2.662235902394827,1.0,0.0,4.3,0.9539392014169457,0
814,0.8278853095948661,0.0534634222509408,0.04674619394808412,0.01408679554632836,0.0008314954362632495,0.0003990982672827817,100.0,0.0,63.05,3.3537292675468007,1.05,0.21794494717703372,4.3,0.714142842854285,0
815,0.8305919139601853,0.054925765909510676,0.04623647026407627,0.013992502997973876,0.0008150313475503038,0.0003223680412681989,100.0,0.0,63.85,2.8857408061016154,1.0,0.0,4.15,0.7921489758877431,0
816,0.8306451088697683,0.05889789629196463,0.04650568698082406,0.01649947019476689,0.0007644712939340088,0.000259096907744026,100.0,0.0,64.75,2.5074887836239665,1.075,0.17853571071357124,3.95,0.5894913061275798,0
817,0.831757261628683,0.060563985396257396,0.04720442605742569,0.015068645440460134,0.000728438613445928,0.0003082783376807837,100.0,0.0,64.05,3.7745860700214533,1.125,0.3112474899497183,4.05,0.5894913061275798,0
818,0.8334794250976975,0.05672691972902752,0.04668817269643049,0.012737722080942857,0.0007719647121941771,0.0003763181073093663,100.0,0.0,63.35,2.4550967394381837,1.0,0.0,3.95,0.49749371855331,0
819,0.8258646060717709,0.061183597174464185,0.047797648628035413,0.013102476361035122,0.0008280208645187822,0.00044833630083788366,100.0,0.0,62.25,2.913331426391443,1.05,0.21794494717703372,4.5,1.02469507659596,0
820,0.8246166906400083,0.06490799818793004,0.048262222425021914,0.013695924543416385,0.0007919855499736994,0.0004682237251870177,100.0,0.0,64.3,3.4365680554879163,1.05,0.21794494717703372,4.1,0.6244997998398398,0
821,0.8211423398136205,0.06140063979924122,0.05022919506478592,0.013850185567113276,0.0007375939292533572,0.00033729922248264596,100.0,0.0,62.65,3.08666486681013,1.05,0.21794494717703372,4.25,0.6224949798994366,0
822,0.8217822228796784,0.05935613616006775,0.05079016553599571,0.013134174439963571,0.0007052709973647848,0.0002707428478630797,100.0,0.0,63.7,2.703701166919155,1.15,0.32015621187164245,4.2,0.6782329983125268,0
823,0.8128677680925296,0.06114819997330158,0.05155816644572995,0.013872001813930421,0.0007921628342434123,0.0002809934975442727,100.0,0.0,63.05,3.3387872049593095,1.2,0.4,3.95,0.5894913061275798,0
824,0.8116773842485424,0.056462083543900414,0.05095941070141937,0.013058209678565715,0.000829377291345855,0.00030323627055264655,100.0,0.0,62.7,3.287856444554719,1.05,0.21794494717703372,4.25,0.698212002188447,0
825,0.8089338485700317,0.05652527694201733,0.05166105763325239,0.012370613722270427,0.0008334242759800728,0.00032032531442441803,100.0,0.0,62.65,3.439113257803529,1.2,0.4,4.25,0.698212002188447,0
826,0.8054628521732848,0.05972011929361682,0.052695212699246305,0.012533467894720937,0.000824448715664272,0.0003436532476423565,100.0,0.0,63.05,4.153010955921017,1.15,0.3570714214271425,4.2,0.812403840463596,0
827,0.8045126301354415,0.05563579155191801,0.052480025137670784,0.01134708015841102,0.0008711825784803121,0.00036198443605490186,100.0,0.0,63.8,2.1354156504062622,1.025,0.10897247358851683,4.35,0.6538348415311012,0
828,0.8048685687718244,0.05563482362872299,0.05221893180206923,0.012636120161805604,0.0008534538049209731,0.00038013928587294813,100.0,0.0,63.15,3.08666486681013,1.025,0.10897247358851683,4.0,0.6324555320336759,0
829,0.8089714582817612,0.056081569386070014,0.05155348081239861,0.014121882338325887,0.0008238386647815259,0.0003567463353703769,100.0,0.0,63.2,3.5721142198983498,1.15,0.3570714214271425,4.4,0.6633249580710799,0
830,0.8032474853547369,0.057696835540731205,0.052702345123557905,0.014371541779027578,0.0008507759127939484,0.00037727328946035837,100.0,0.0,62.6,2.8530685235374214,1.1,0.3,4.3,0.7810249675906654,0
831,0.8087538008229906,0.0608678248352584,0.0506730950942252,0.01654232729044452,0.0008455199292995098,0.0003597155863363763,100.0,0.0,63.6,2.973213749463701,1.025,0.10897247358851683,4.5,0.9219544457292888,0
832,0.8089316577203579,0.062162191852773364,0.05143984473806519,0.016416525392414175,0.0008067090806987188,0.0003755130679933756,100.0,0.0,62.9,2.5865034312755126,1.05,0.21794494717703372,4.45,0.7399324293474372,0
833,0.807987422142943,0.05192132736300139,0.05115115330354205,0.015809282430011944,0.0008405508557122922,0.00043445619315833346,100.0,0.0,63.1,2.4677925358506134,1.0,0.0,4.4,0.7999999999999999,0
834,0.8092393206982089,0.05644025111996771,0.05155593211634808,0.016175070881037226,0.0008081507755905605,0.0003484747917473618,100.0,0.0,63.55,3.4128433893163046,1.075,0.23848480035423641,3.95,0.6689544080129827,0
835,0.8114848544661513,0.062020504256246965,0.05218468774886713,0.017027986443885135,0.0007362776940459952,0.00029454915978498333,100.0,0.0,64.5,3.263433774416144,1.05,0.21794494717703372,4.3,0.714142842854285,0
836,0.8127403949864643,0.06059053610500672,0.05209330962005587,0.017268990342586284,0.0007019214802536937,0.0002937453711927888,100.0,0.0,63.25,3.222964473896664,1.0,0.0,4.25,0.6224949798994366,0
837,0.8100446757449001,0.06544303253902574,0.052102235671475636,0.017854615803595878,0.0007169341050249727,0.000360751112730725,100.0,0.0,63.1,2.0712315177207983,1.125,0.3112474899497183,4.15,0.7262919523166975,0
838,0.8007774063003176,0.07288416066565867,0.05507802584328121,0.017929655286431877,0.000694447085154807,0.00027650883652891495,100.0,0.0,63.25,2.9811910371527683,1.05,0.21794494717703372,4.15,0.5722761571129799,0
839,0.7951436731091965,0.07284848637880462,0.05644564409512798,0.01665616614954524,0.0007241262122470531,0.0002769980309025782,100.0,0.0,62.25,2.6433879775772606,1.1,0.3,4.35,0.7262919523166975,0
840,0.7880601973254564,0.07317929521442065,0.05607147865593413,0.017045782414696994,0.0008447601011373508,0.00033398575983390914,100.0,0.0,63.5,2.224859546128699,1.05,0.21794494717703372,4.35,0.5722761571129799,0
841,0.7850703501840441,0.07562017541145541,0.05781367205933613,0.017678378905808208,0.0007702722087517787,0.000307560432618414,100.0,0.0,62.5,2.224859546128699,1.05,0.21794494717703367,4.3,0.714142842854285,0
842,0.7914145117590844,0.07015907256784372,0.05589107457859447,0.017115337784179754,0.000802447611720104,0.0003086199937431133,100.0,0.0,62.95,4.09237095092808,1.15,0.3570714214271425,4.3,0.9,0
843,0.7928204356070638,0.070343456213935,0.056590515747297655,0.016239655163485935,0.0007636629631949014,0.00027882871911005276,100.0,0.0,63.1,3.1448370387032774,1.025,0.10897247358851683,4.3,0.7810249675906654,0
844,0.7884946042332894,0.07026382590300347,0.05819211748958064,0.014309995811091943,0.0007759107740305082,0.00030568145528851303,100.0,0.0,63.25,3.7399866309921483,1.15,0.3570714214271425,4.2,0.5099019513592784,0
845,0.7828414452567811,0.07344079169103138,0.05986369574220816,0.014228030943842973,0.000758880769068554,0.00033256541700263587,100.0,0.0,63.45,2.4794152536434875,1.125,0.3112474899497183,3.95,0.7399324293474371,0
846,0.7885221699338965,0.06637467689368896,0.05910138902976055,0.012614823382664382,0.0007313639660820292,0.00028000073287101667,100.0,0.0,63.8,2.6,1.05,0.21794494717703372,4.0,0.6324555320336759,0
847,0.7914750527463803,0.06475483846759969,0.05904036082357119,0.01262849345851363,0.000681662107400714,0.00026870071761549657,100.0,0.0,63.75,2.426417111710186,1.0,0.0,4.3,0.6403124237432849,0
848,0.7854062102915943,0.06586176406317612,0.05949995962871955,0.012579256451854579,0.0007496708514181671,0.0002575443296105027,100.0,0.0,63.8,2.9257477676655586,1.1,0.3,3.95,0.49749371855331004,0
849,0.7817706923433829,0.0675592640043321,0.0608845937059191,0.012851126710275032,0.0007293908092844681,0.0002807183305836757,100.0,0.0,62.9,2.7367864366808012,1.05,0.21794494717703372,4.55,0.8046738469715542,0
850,0.7773921749153339,0.0631975557546691,0.061596439377328935,0.012163085487177922,0.0007524605886248115,0.00022838961524948936,100.0,0.0,64.25,3.7798809505062456,1.0,0.0,4.1,0.7000000000000001,0
851,0.7727177782505039,0.062435027070382336,0.061576378542890976,0.01285405788955856,0.0007993506871247688,0.000262389105714385,100.0,0.0,63.75,2.426417111710186,1.0,0.0,4.1,0.6244997998398398,0
852,0.7689420451367088,0.06785333682241715,0.06175056995387993,0.013957034253698777,0.0008343814153192923,0.0002443840584343082,100.0,0.0,63.5,3.442382895611701,1.0,0.0,4.2,0.6,0
853,0.7637025059912957,0.06984998235037017,0.06158453453396066,0.014729784844942155,0.0009121390477323327,0.00027848922649803586,100.0,0.0,64.4,2.0591260281974,1.0,0.0,4.0,0.5477225575051661,0
854,0.7581196220076645,0.0708475538720293,0.0627539802431987,0.015260914731742412,0.0008942944341754645,0.0003387224052267665,100.0,0.0,63.35,3.1666228067138023,1.1,0.3,3.95,0.9205976319760983,0
855,0.7520312354447005,0.07732109090481992,0.06355826441397058,0.016726974710063,0.0008991184775750819,0.00029989842491373,100.0,0.0,63.75,3.4478254016118624,1.1,0.3,4.15,0.6538348415311009,0
856,0.747828467770191,0.0772386253751267,0.06406156920925452,0.017245529381005754,0.0008994998089296314,0.00035488768136583216,100.0,0.0,63.9,1.8681541692269403,1.0,0.0,4.05,0.49749371855331004,0
857,0.7400515861700734,0.08210689372151711,0.06513262789457477,0.019197295023601277,0.0009142082005011794,0.00036420667945615513,100.0,0.0,63.05,3.3087006513131403,1.1,0.3,4.1,0.6244997998398398,0
858,0.737209744812922,0.08221756928638195,0.0662771400282682,0.018525951718183352,0.0009011690275458683,0.00036919140916405967,100.0,0.0,63.6,3.813135192987524,1.075,0.23848480035423641,4.1,0.5385164807134504,0
859,0.7366806361348329,0.08851906126138133,0.06529872969783743,0.02076998181258387,0.0009642060592932459,0.0003955828080645716,100.0,0.0,62.6,3.2619012860600183,1.1,0.3,4.3,0.8426149773176358,0
860,0.7425948170818242,0.0957325820894202,0.06384456545649712,0.023444744530108055,0.000929103981737169,0.00034348194470827713,100.0,0.0,61.85,2.5743931323712,1.15,0.32015621187164245,4.4,1.019803902718557,0
861,0.7417178189836988,0.10140984826612834,0.0637695748373602,0.0249520725854414,0.0009339126215435891,0.0003771993378419914,100.0,0.0,63.4,3.2465366161495854,1.1,0.3,4.3,0.6403124237432849,0
862,0.7362385264353714,0.10932680461108805,0.06589396385369724,0.02501891326499056,0.0009206346030523691,0.00033415991696783526,100.0,0.0,63.45,2.3764469276632285,1.075,0.23848480035423641,4.05,0.739932429347437,0
863,0.7409563279875391,0.10765715899467133,0.06592043801547673,0.024077006219535024,0.0008166662106686505,0.0003224899417318007,100.0,0.0,63.5,2.5,1.05,0.21794494717703372,4.15,0.653834841531101,0
864,0.7373921947834663,0.11386998747713664,0.06717326784345243,0.02494758841067896,0.0007701155505808211,0.00034330988567034726,100.0,0.0,63.9,2.7184554438136375,1.1,0.3,4.1,0.30000000000000004,0
865,0.7345144218485479,0.11944924364568678,0.06813816382372559,0.02485864076638101,0.0007705095228551696,0.000391351726949883,100.0,0.0,63.8,3.8026306683663087,1.05,0.21794494717703372,4.2,0.812403840463596,0
866,0.7281269933648686,0.11110051325091308,0.06891999879912843,0.023306912407759815,0.0008385967757509307,0.00040054753108522925,100.0,0.0,63.65,2.815581645060217,1.075,0.23848480035423641,4.35,0.963068014212911,0
867,0.7310778732085341,0.11628966250884731,0.06862365712055722,0.023361954236239896,0.0008268396177400714,0.0003657929320093367,100.0,0.0,64.0,2.449489742783178,1.0,0.0,4.0,0.5477225575051661,0
868,0.7309758160635107,0.11922615746736456,0.06830001757573134,0.023219483294582673,0.0008609644689041955,0.00041358124581063167,100.0,0.0,64.0,2.32379000772445,1.0,0.0,4.25,0.6224949798994366,0
869,0.7268722664330801,0.11643179694930497,0.06870056468119393,0.022472651400689592,0.0008918377240863008,0.00042734808447017166,100.0,0.0,63.35,3.453621287865825,1.1,0.2549509756796392,4.35,0.8529361054615991,0
870,0.7249908468904825,0.11115297885858293,0.06923632716723513,0.02079997832754633,0.0009302037038898221,0.0005026854108862241,100.0,0.0,62.05,4.06786184622831,1.275,0.43229041164476456,4.2,0.7483314773547883,0
871,0.7261283627714775,0.10166433615021465,0.06952073864648126,0.019667408856614804,0.0008968598370109314,0.00048486064907336655,100.0,0.0,64.8,3.026549190084311,1.0,0.0,3.85,0.7262919523166975,0
872,0.7270179926338876,0.10159205250972493,0.06919488695139338,0.019598154346965956,0.0009261691780524533,0.0005168768749685914,100.0,0.0,62.9,2.8442925306655784,1.15,0.3570714214271425,4.15,0.5722761571129799,0
873,0.7248983141527756,0.09514002216271313,0.06841809097934837,0.01796101857690075,0.0010218368726409928,0.0006414938487074286,100.0,0.0,63.85,2.8508770580296865,1.05,0.21794494717703372,4.2,0.6782329983125269,0
874,0.7279064541202886,0.09551479855294415,0.06677820689290476,0.01845355986358805,0.001092642635730824,0.0006665619897459302,100.0,0.0,64.35,3.365635155509284,1.025,0.10897247358851683,3.85,0.5722761571129799,0
875,0.7298111085449266,0.09224739204899271,0.06608181285345603,0.019090147110756055,0.0010951100083029927,0.0006598085137598801,100.0,0.0,63.95,2.654712790491657,1.0,0.0,4.35,0.653834841531101,0
876,0.7272349588097311,0.09529667368755393,0.06729950625260286,0.02081490921488008,0.0010231643073527644,0.0006115123950757333,100.0,0.0,62.9,3.345145736735546,1.15,0.3570714214271425,4.2,0.7483314773547883,0
877,0.7315432943802249,0.09945207162276791,0.06692517171655984,0.021724883434308884,0.000966584057067551,0.0005648711544836634,100.0,0.0,63.5,3.52845575287547,1.05,0.21794494717703372,4.35,0.6538348415311012,0
878,0.7320301039745092,0.10074947311346136,0.06709678138316909,0.022217385635276952,0.0009079807352676076,0.00039945983976991426,100.0,0.0,62.15,3.5535193822462827,1.1,0.3,4.6,0.66332495807108,0
879,0.7296838356147162,0.10680222730397107,0.06854925100442967,0.02367731812926221,0.0008296480273542933,0.0003655014965994333,100.0,0.0,62.8,2.580697580112788,1.075,0.23848480035423641,4.6,1.0677078252031311,0
880,0.7299136769074682,0.10404010290654005,0.06863052944260517,0.023038091823455332,0.0008413023910046884,0.00036713311703541116,100.0,0.0,63.75,2.3637893307145625,1.05,0.21794494717703372,4.3,0.6403124237432849,0
881,0.7255582399514404,0.10125681833899233,0.06902558545662438,0.021747674797643824,0.0009075999408835446,0.000439484106474536,100.0,0.0,63.15,3.1666228067138023,1.15,0.3570714214271425,4.4,0.9165151389911679,0
882,0.7283069710339732,0.09530963102464446,0.06913306869951283,0.019595022435212574,0.0009126605944494018,0.0004212077157609515,100.0,0.0,63.2,3.0594117081556704,1.075,0.23848480035423641,4.55,0.7399324293474372,0
883,0.7380656376869743,0.09181399748552936,0.06694281131830632,0.019337971084290213,0.0009128085524375794,0.000432103137003005,100.0,0.0,64.7,3.287856444554719,1.1,0.3,4.1,0.7,0
884,0.7312503560462364,0.09409789657085174,0.06906972914652817,0.019654599963162586,0.0008468003803718281,0.0004201110442822261,100.0,0.0,63.05,2.8892040426387333,1.05,0.21794494717703372,4.3,0.714142842854285,0
885,0.7345354257102672,0.09240968422582257,0.06870901367705667,0.01909634680152544,0.000815036582762638,0.0003102070512125237,100.0,0.0,62.9,2.896549671592048,1.15,0.3570714214271425,4.15,0.47696960070847283,0
886,0.7222209192664619,0.10217102589919026,0.07168484389925428,0.020394195611391875,0.0007625791307293913,0.00025872920267745134,100.0,0.0,61.9,2.981610303175114,1.05,0.15,4.3,0.714142842854285,0
887,0.7197168721218055,0.10357661642890524,0.07232893551264889,0.020247774989141192,0.0007556729451137815,0.0003391687986595427,100.0,0.0,63.7,3.479942528261063,1.075,0.23848480035423641,3.8,0.7483314773547883,0
888,0.7174475444991903,0.09994709771949967,0.07319762288402648,0.019922876004250446,0.0007233525680975933,0.0003699927432441708,100.0,0.0,63.15,3.102821296820041,1.125,0.3112474899497183,3.95,0.5894913061275798,0
889,0.7103515236960507,0.10435039115043944,0.07365616600367292,0.02209865476351708,0.0007837722780646703,0.0003677372133492614,100.0,0.0,63.55,3.4274626183227737,1.1,0.3,4.35,0.6538348415311009,0
890,0.7044260835532417,0.11260723338630385,0.0743991662973382,0.02356046983974055,0.0008086226553960102,0.0003789307314992248,100.0,0.0,63.1,2.826658805020514,1.025,0.10897247358851683,4.4,0.4898979485566356,0
891,0.6997655004784913,0.11357546548570505,0.07582112812497616,0.02326111528088232,0.0007768363509434064,0.00041293242211087053,100.0,0.0,63.9,3.047950130825634,1.0,0.0,4.3,0.6403124237432849,0
892,0.6962736634999075,0.1139558983167348,0.07625754352429702,0.023628997255278176,0.0008052840979212803,0.00045768146027213734,100.0,0.0,64.55,3.6670833096617805,1.05,0.21794494717703372,4.2,0.7483314773547883,0
893,0.6989641488278534,0.10789148985973965,0.07591981364810718,0.022802736088572667,0.0008218847577333991,0.0005077353710582314,100.0,0.0,63.25,2.2555487137279924,1.05,0.21794494717703372,4.2,0.5099019513592784,0
894,0.6995635587812072,0.10475678083973829,0.0759923636331323,0.02219311825016274,0.0008021084277241849,0.0004966895807395553,100.0,0.0,63.4,3.120897306865447,1.15,0.3570714214271425,4.2,0.7483314773547883,0
895,0.6961127083789398,0.1052771321393499,0.07655919953777379,0.0218863944220364,0.0008278146997188868,0.0004436408889811882,100.0,0.0,62.75,3.080178566252288,1.15,0.32015621187164245,3.95,0.739932429347437,0
896,0.6984385962439825,0.10408892997539954,0.07663926696514126,0.021336639614091397,0.0007517674667415874,0.00041239379410919083,100.0,0.0,63.5,3.5,1.075,0.23848480035423641,4.45,0.9733961166965893,0
897,0.6876292028256044,0.10996547370816868,0.07948639444099843,0.021243071897740322,0.0006867865263644944,0.0003858025287906783,100.0,0.0,63.2,3.5298725189445577,1.1,0.3,4.45,0.8645808232895291,0
898,0.6753838780202355,0.10966735020481932,0.08110066355327808,0.0212205665074973,0.0007493452247914134,0.0004284011310065568,100.0,0.0,63.8,3.295451410656816,1.05,0.21794494717703372,4.4,0.8602325267042626,0
899,0.6638018777197814,0.10579310374528966,0.08297517746956479,0.020390230777330123,0.000813014535680494,0.0004710515235551259,100.0,0.0,63.55,3.4420197558991443,1.0,0.0,4.1,0.5385164807134504,0
900,0.6633523076466733,0.10326898732403889,0.08269992269061321,0.02010306092810516,0.0008616569786258178,0.0004951036791555902,100.0,0.0,63.4,2.989983277545211,1.1,0.3,4.1,0.7681145747868608,0
901,0.6534535975118713,0.1015159559768632,0.08331916182786538,0.020211236038044755,0.0010023714000181774,0.0005201520744549788,100.0,0.0,64.2,2.6191601707417584,1.075,0.23848480035423641,4.15,0.5722761571129799,0
902,0.6586792936980193,0.1067492676463163,0.0824903589489395,0.021300633712385778,0.0009708574523662006,0.00043791973075075824,100.0,0.0,62.1,3.223352292257239,1.175,0.36314597615834876,4.3,0.5567764362830021,0
903,0.661575770365845,0.0995911932497929,0.08261823121043389,0.019845268919503015,0.0009136343554573122,0.0003314277256637589,100.0,0.0,63.75,2.2332711434127295,1.025,0.10897247358851683,4.05,0.6689544080129826,0
904,0.657869567283977,0.09127615873244058,0.08262080196895602,0.017621215236077823,0.0010333273708913351,0.00046369891575818805,100.0,0.0,63.7,4.026164427839479,1.15,0.3570714214271425,4.1,0.5385164807134504,0
905,0.6603648957974332,0.08502954871661618,0.08137331107397411,0.017693939514453316,0.001071153378287081,0.0003564545510855633,100.0,0.0,63.5,2.819574435974337,1.0,0.0,4.25,0.6224949798994366,0
906,0.6626208645124196,0.08548623050337512,0.08055065742461717,0.017354355015047524,0.001141858552483648,0.0004120378035837103,100.0,0.0,62.7,2.934280150224242,1.05,0.21794494717703372,4.25,1.0897247358851685,0
907,0.6734036845621703,0.08193213919411868,0.07746437244490349,0.016833743385060745,0.0011887602602052086,0.000454744496232371,100.0,0.0,63.15,2.669737814842499,1.05,0.21794494717703372,4.25,0.5361902647381804,0
908,0.6792105223230178,0.07499713748665278,0.07643018623522899,0.016894920828141178,0.0011692293543398853,0.0005168706530882126,100.0,0.0,62.65,2.7436289836637897,1.1,0.3,4.15,0.4769696007084728,0
909,0.6817365765081465,0.07197899137723975,0.0763499873924643,0.016979370613677772,0.0011178551686880536,0.000477637399356313,100.0,0.0,62.45,3.308700651313141,1.125,0.3112474899497183,4.25,0.9420721840708386,0
910,0.689853736935284,0.07684478372890963,0.07501035042949972,0.01857821691374759,0.0010404544049190298,0.0004039053485973797,100.0,0.0,62.4,3.839270764090493,1.225,0.40233692348577704,4.2,0.7483314773547882,0
911,0.6900205484078842,0.08597987358226063,0.07541898361159596,0.01907476624332561,0.0010021963713667962,0.0003057155532371762,100.0,0.0,62.25,3.222964473896664,1.025,0.10897247358851683,4.55,0.8046738469715541,0
912,0.6904835194300434,0.09494325136899039,0.0741580264384697,0.02148939062714371,0.0010522120037576202,0.00034748936044071144,100.0,0.0,63.9,2.5278449319529077,1.05,0.21794494717703372,4.45,0.7399324293474372,0
913,0.68117603836614,0.09775510791208418,0.07514642738339682,0.022087015299362602,0.0011421649056465337,0.0005020105009298682,100.0,0.0,63.65,2.4550967394381837,1.0,0.0,4.55,0.8046738469715541,0
914,0.6856734201588102,0.11005843997940926,0.07498721843272452,0.022960267966683528,0.0010845016586879788,0.0005549227899198603,100.0,0.0,63.65,2.6697378148424984,1.05,0.21794494717703372,4.0,0.6324555320336759,0
915,0.6838839191591866,0.11653563644513806,0.07533675873558777,0.0244442847746075,0.0010943556567428916,0.0005514890675960052,100.0,0.0,62.9,2.773084924772409,1.1,0.3,4.25,1.0428326807307104,0
916,0.6909036194910045,0.11628940504789181,0.07419965769376749,0.024340267297412805,0.0010876854236974137,0.0005916019851554848,100.0,0.0,63.55,3.9808918598726084,1.05,0.21794494717703372,4.0,0.8366600265340756,0
917,0.6945144818559216,0.12258132156688821,0.07389419277010027,0.025707874679287205,0.0010157697941395748,0.000540634163902781,100.0,0.0,63.8,2.8913664589601917,1.1,0.3,4.0,0.6324555320336759,0
918,0.6917309838295946,0.11453100905831218,0.07393162184071464,0.02458400652707255,0.0010576196647794347,0.0005168467387285523,100.0,0.0,63.05,3.323777970924051,1.1,0.3,4.35,0.5722761571129799,0
919,0.6911973237493768,0.11124482432506018,0.07502699004415293,0.023107616011461246,0.0009913102335392767,0.0005226840452968943,100.0,0.0,64.0,2.6832815729997477,1.0,0.0,4.3,0.6403124237432849,0
920,0.6772347979106628,0.11853528220932451,0.07913010509161783,0.023683421410241285,0.0009205056555916314,0.0004302568156032704,100.0,0.0,63.25,2.9979159427842537,1.025,0.10897247358851683,4.3,0.7810249675906654,0
921,0.6651458405520744,0.12445425732589249,0.08157881471450455,0.024073350687360214,0.0009171318913894523,0.0004884861075806765,100.0,0.0,62.95,3.840247387864485,1.1,0.3,4.3,0.8426149773176358,0
922,0.6621228739914977,0.1184714109845844,0.0828989210178044,0.022775109090236428,0.0008411365630376231,0.0005014997691993797,100.0,0.0,62.35,2.7436289836637897,1.1,0.3,4.25,0.82915619758885,0
923,0.6574185890705496,0.12396094410703408,0.08362850516238515,0.024061145711545318,0.0008606497296735878,0.0005401251610724366,100.0,0.0,63.7,3.083828789021855,1.05,0.2179449471770337,3.95,0.3840572873934304,0
924,0.6510330341215651,0.12158029728882712,0.08448907815736258,0.02410006681017162,0.0008931339577427447,0.0005834656922522537,100.0,0.0,64.6,2.9899832775452104,1.0,0.0,4.1,0.6244997998398398,0
925,0.6539967533172263,0.11337966199627185,0.08397530266387343,0.02371289119916532,0.0009160608227029937,0.0004997169924502916,100.0,0.0,64.6,2.8705400188814645,1.05,0.21794494717703372,4.1,0.6244997998398398,0
926,0.652044819297219,0.1120104640379053,0.08447367553896892,0.022754844539205402,0.0009466776828195879,0.00046553232788734683,100.0,0.0,63.3,2.98496231131986,1.0,0.0,4.1,0.6244997998398398,0
927,0.6463372029367499,0.11621130990772605,0.08638222857729945,0.022592720290975997,0.0008803740610509949,0.0003887350728716457,100.0,0.0,63.65,2.4550967394381837,1.025,0.10897247358851683,4.2,0.6782329983125268,0
928,0.6409291172743161,0.12233368246026731,0.0874004725847928,0.023166323391306642,0.000869906112488658,0.00039690492877750516,100.0,0.0,63.75,3.491060010942235,1.1,0.3,3.75,0.6224949798994366,0
929,0.6328194728454555,0.12362973906053254,0.08840550736992422,0.0227727995059345,0.0009344247369473208,0.000401399614638483,100.0,0.0,63.75,2.7363296585024255,1.05,0.21794494717703372,4.2,0.6782329983125269,0
930,0.6225993301632291,0.12983882093989305,0.08927738462164372,0.025179732253992868,0.0009927428996554762,0.0005309752625165732,100.0,0.0,62.6,3.1208973068654475,1.15,0.3570714214271425,4.1,0.6244997998398398,0
931,0.617938194561976,0.12705677972063562,0.09011190480186881,0.025389399630531266,0.0009752853490263378,0.000488866379099149,100.0,0.0,63.45,3.353729267546801,1.0,0.0,4.3,0.6403124237432849,0
932,0.616189882151837,0.12090923234888908,0.09011694380225883,0.023655427970126146,0.00099651084580683,0.0004880624507541866,100.0,0.0,63.25,3.207413287993925,1.05,0.21794494717703372,4.3,0.8426149773176358,0
933,0.6081159066303476,0.12415824069934843,0.09204906179500585,0.02311949016200483,0.0009635635366982406,0.0004463788211699903,100.0,0.0,63.4,3.541186241925155,1.05,0.21794494717703372,4.35,0.5722761571129799,0
934,0.6031796285393635,0.12896683615898716,0.09290235385570209,0.023553621036508803,0.0009969865399477925,0.0005622659434692624,100.0,0.0,62.4,3.2619012860600183,1.25,0.4330127018922193,4.2,0.6782329983125269,0
935,0.5973357127182719,0.12147361588407936,0.0940828769450357,0.02221182734441138,0.0010173625741616227,0.0006018644094099415,100.0,0.0,63.6,2.9563490998188966,1.1,0.3,4.5,0.7416198487095663,0
936,0.5951976107148788,0.11596021263421366,0.09439380009279533,0.021204909396432974,0.0010353271947195878,0.000627141813709193,100.0,0.0,63.5,3.248076353782343,1.125,0.3112474899497183,4.1,0.7681145747868608,0
937,0.588526777778425,0.10962913670393042,0.0953451968808382,0.019541450073540263,0.001062640519421489,0.0006742429215170429,100.0,0.0,63.3,3.333166662499792,1.05,0.21794494717703372,4.3,0.9539392014169458,0
938,0.5888428112044289,0.10690301112415729,0.09489260770471147,0.019064776043978975,0.0010968693904921205,0.0006980151994357065,100.0,0.0,64.15,3.08666486681013,1.0,0.0,4.4,0.66332495807108,0
939,0.5921703271485087,0.10254003246372446,0.09320044601292687,0.019353073066533742,0.001225798526901413,0.0007261499076791331,100.0,0.0,64.75,2.277608394786075,1.0,0.0,4.15,0.4769696007084728,0
940,0.5881272113555077,0.0997845912274107,0.09411987987455887,0.018941339844931848,0.001216955017614259,0.0006456442349485286,100.0,0.0,63.25,2.947456530637899,1.0,0.0,4.2,0.7483314773547883,0
941,0.5866513838106822,0.10244758264357873,0.0952022174696804,0.019647525962356888,0.001162718245109367,0.00057542207665879,100.0,0.0,64.85,3.4391132578035286,1.1,0.3,4.0,0.7071067811865476,0
942,0.6036787119897609,0.10948757274910016,0.09219391354885317,0.021817593439705033,0.0011048870607980681,0.0005247484595954207,100.0,0.0,63.25,3.2996211903792836,1.05,0.21794494717703372,4.35,0.6538348415311012,0
943,0.6121499024221538,0.12672962192466092,0.09197702503768021,0.024692863508031997,0.000982902537657812,0.00037746407107269134,100.0,0.0,63.3,2.6286878856189833,1.05,0.21794494717703372,4.4,0.8602325267042626,0
944,0.6253228954472373,0.13518605159269906,0.08995440600307628,0.02550725512274991,0.000910084604727237,0.0003651610056578599,100.0,0.0,63.85,3.0866648668101306,1.1,0.3,4.2,0.6782329983125269,0
945,0.6216521061154551,0.13067138959688504,0.09072097205777244,0.02461105038069892,0.0009276817182646479,0.00045889517818130295,100.0,0.0,65.0,3.1304951684997055,1.05,0.21794494717703372,4.3,0.9539392014169458,0
946,0.6291313630589842,0.12134772008971142,0.08900804061725072,0.023526555694359592,0.0009610686767645169,0.0005720525399363884,100.0,0.0,63.5,2.9410882339705484,1.05,0.21794494717703372,4.05,0.6689544080129826,0
947,0.6312052748690153,0.11246224383465359,0.08889326180020109,0.021355152832494315,0.0009706257880139237,0.0005495114035777569,100.0,0.0,63.3,3.0182776545573144,1.075,0.23848480035423641,4.1,0.7681145747868608,0
948,0.6318680366881715,0.1159458981284805,0.08920158953686028,0.021799457249036223,0.0008840810645073581,0.0004689109918090077,100.0,0.0,62.4,2.4979991993593593,1.1,0.3,4.1,0.8306623862918076,0
949,0.6358854167137118,0.12224467810379244,0.08835584351449655,0.023937033633804505,0.0008636714673069921,0.0004668865733665164,100.0,0.0,62.7,3.536947836765479,1.05,0.21794494717703372,4.15,0.5722761571129799,0
950,0.6383827135169392,0.1268035521499078,0.08666547214534956,0.02619880307510987,0.0009420902153208048,0.0004387489983071432,100.0,0.0,62.3,3.083828789021855,1.15,0.3570714214271425,4.2,0.6782329983125269,0
951,0.6359012043425958,0.12724006510210722,0.08734836644130219,0.025823694155892956,0.0009357156227677909,0.00042527956527623227,100.0,0.0,63.95,2.8013389655662877,1.0,0.0,4.45,1.0712142642814273,0
952,0.6366511400909823,0.1303571902624131,0.08734680077808651,0.026354703066358932,0.0009384510488686236,0.00042413386321548465,100.0,0.0,63.85,3.259984662540608,1.075,0.23848480035423641,4.15,0.5722761571129799,0
953,0.6440046780221385,0.12463394024718197,0.08600276370948086,0.025324710431472813,0.0009701344031323061,0.0004181082590040583,100.0,0.0,62.2,2.803569153775237,1.15,0.3570714214271425,4.4,0.7999999999999999,0
954,0.6578006187587337,0.11757326827414777,0.08378739310751651,0.024040754207731725,0.0008996385342613757,0.00033557717871590486,100.0,0.0,63.35,2.9542342493444895,1.125,0.3112474899497183,4.35,1.061838029079765,0
955,0.6487768685955674,0.11209496988392847,0.08586549274329633,0.022909694667972914,0.0008526441478354348,0.00033011527540613433,100.0,0.0,63.8,3.0430248109405875,1.1,0.3,4.2,0.5099019513592784,0
956,0.6431111631720781,0.11188006562823716,0.08700986443691008,0.02243873559756342,0.0008360517905433449,0.00032834644452793007,100.0,0.0,63.55,2.6734808770589704,1.0,0.0,4.25,0.7664854858377946,0
957,0.627733103346557,0.12231491436650807,0.08982218005739184,0.024445877951600855,0.0007998314804587624,0.00030784421291371106,100.0,0.0,63.65,2.4753787588973126,1.05,0.21794494717703367,4.2,0.7483314773547882,0
958,0.6206362141908552,0.13098648714006594,0.09125334952062178,0.02540032714775351,0.0007931877207507543,0.000264007047691867,100.0,0.0,63.75,2.5273503912200224,1.05,0.21794494717703372,4.55,0.8046738469715541,0
959,0.6079906184360966,0.1310422752796481,0.09294050092439521,0.024889531774365793,0.0009037894633450838,0.00035170311711485186,100.0,0.0,63.35,3.8765319552404045,1.1,0.3,4.25,0.698212002188447,0
960,0.5945553286516477,0.1284772133457475,0.09525056431772091,0.02430591229197283,0.0009670550084484031,0.00033874467507010293,100.0,0.0,62.55,2.7106272336859605,1.05,0.21794494717703372,4.3,0.8426149773176358,0
961,0.6011683713657516,0.1273376447298025,0.09445761693236948,0.023332418261446268,0.0009521793898813,0.0004534068741819288,100.0,0.0,63.85,2.632014437650371,1.1,0.3,4.35,0.7262919523166975,0
962,0.5961742654945515,0.12350753998292335,0.09575434604121899,0.02274647992788894,0.0009141431047779696,0.00041630961327085143,100.0,0.0,62.9,2.0712315177207983,1.025,0.10897247358851683,4.15,0.6538348415311012,0
963,0.5915564003440721,0.12596717253187784,0.0961001111874891,0.023687995745348217,0.0009546033687624203,0.0004937507500557278,100.0,0.0,64.6,3.1208973068654466,1.1,0.3,4.1,0.7681145747868608,0
964,0.5812889089030893,0.12255390102922074,0.09819759808094614,0.023784064604693216,0.0008907149389664074,0.0004971633372746352,100.0,0.0,63.6,3.7067505985701277,1.1,0.3,4.4,0.9165151389911679,0
965,0.5800309617699833,0.11778871658503114,0.0987357191640407,0.022826050706739407,0.0008642201281026888,0.0004590262527382767,100.0,0.0,62.4,2.6907248094147422,1.1,0.3,4.1,0.7000000000000001,0
966,0.5715123879350965,0.11144305405722948,0.10089122085312885,0.020758538401650845,0.0008512539183283942,0.0004575079041630092,100.0,0.0,63.7,3.0512292604784714,1.075,0.23848480035423641,4.05,0.49749371855331004,0
967,0.5743964282021699,0.10302985784335326,0.10056000407681312,0.01864027885670018,0.0008422274791178679,0.0004894584897408617,100.0,0.0,63.15,3.2291639784935047,1.05,0.21794494717703372,4.15,0.8529361054615991,0
968,0.5739729280774527,0.09942185839033221,0.10052273993196689,0.01811798384702075,0.0009189281341425286,0.0005800958809695495,100.0,0.0,62.5,2.3345235059857505,1.0,0.0,4.15,0.7262919523166976,0
969,0.586215526638475,0.10965023210988468,0.09852119880158453,0.020446834382059284,0.00095488535617904,0.0006324172263385788,100.0,0.0,63.25,2.56661255354212,1.05,0.21794494717703372,4.35,0.7262919523166976,0
970,0.5932868959421899,0.12357604568053496,0.09684941320505422,0.02397018457094002,0.0009023082412348019,0.0005021377144433956,100.0,0.0,64.2,3.6414282912066254,1.075,0.23848480035423641,4.15,0.6538348415311009,0
971,0.6017946042499309,0.14505936650703402,0.09508884335319898,0.027546183050139388,0.0008349173821210777,0.00037810666197992564,100.0,0.0,62.85,2.9372606285449034,1.15,0.3570714214271425,4.4,0.66332495807108,0
972,0.5998923781559427,0.15233912725301813,0.09578231444782456,0.028393039106109103,0.000759601875156748,0.0003509251337764216,100.0,0.0,64.15,3.070423423568808,1.025,0.10897247358851683,4.2,0.6782329983125268,0
973,0.5866731822136788,0.15566302711068064,0.0975389594070282,0.028835860206280133,0.0008184184620471619,0.00047680788890852984,100.0,0.0,62.5,2.819574435974337,1.025,0.10897247358851683,4.4,0.4898979485566356,0
974,0.5839307650458955,0.1516824956336816,0.09893910813418048,0.027297191225423328,0.0007982252961589867,0.00049524448174191,100.0,0.0,64.3,2.7766886753829647,1.05,0.21794494717703372,4.2,0.8717797887081347,0
975,0.5754943795716307,0.14181856871269155,0.10086631785862857,0.025905070075149517,0.000816414879478918,0.0005513652824758169,100.0,0.0,63.5,2.5,1.05,0.2179449471770337,4.2,0.812403840463596,0
976,0.5826854352347455,0.13942822175070216,0.0988336971915745,0.026686378203510226,0.0008892076452187167,0.0005396114339007111,100.0,0.0,63.95,3.2167530212933664,1.0,0.0,4.4,0.7348469228349533,0
977,0.5824100867387365,0.1376215281074459,0.09926163200640944,0.026528878950412404,0.0009204353815429969,0.0005520797651638529,100.0,0.0,62.9,2.861817604250837,1.075,0.23848480035423641,4.45,0.5894913061275798,0
978,0.5883687305554919,0.1398216394497363,0.09741474645366036,0.02744206843964368,0.0009753793756711795,0.0005166686991154328,100.0,0.0,63.15,3.91503512117069,1.1,0.3,4.1,0.5385164807134504,0
979,0.5887069440261128,0.1476932078945921,0.09806610249570451,0.029071175616911683,0.0008471478755435848,0.0005316825324082468,100.0,0.0,63.6,3.8131351929875237,1.1,0.3,4.3,0.6403124237432849,0
980,0.5983608227977137,0.14663279559946496,0.09587909198128935,0.029481862325140256,0.0008480143488023568,0.0004579141968573364,100.0,0.0,62.85,2.495495942693556,1.1,0.3,4.3,0.9,0
981,0.6020780756910901,0.13868082881848529,0.0957221418358885,0.02725342888406206,0.0008429063314643866,0.00040723326049678,100.0,0.0,63.85,2.706935536727833,1.075,0.23848480035423641,4.2,0.6,0
982,0.6004420715379855,0.13976002055641631,0.09540383609812235,0.028199162198390974,0.0009008712351710581,0.00045188965279140044,100.0,0.0,63.7,2.703701166919155,1.025,0.10897247358851683,4.35,0.7921489758877431,0
983,0.5983431966109019,0.14143260205195152,0.09570650209181839,0.028092600950424425,0.0009645827259900068,0.0004891705292034256,100.0,0.0,63.0,3.0,1.125,0.3112474899497183,4.25,0.7664854858377946,0
984,0.6037199240553692,0.13649146107984114,0.09431664046729046,0.026671361673036,0.0009904255451342924,0.0004773226525992997,100.0,0.0,63.2,3.171750305430741,1.05,0.21794494717703372,4.25,0.8874119674649424,0
985,0.6093585187538538,0.13767806851922815,0.0934686473345105,0.02610927958115669,0.0008893620798527994,0.0004802353466941057,100.0,0.0,63.15,3.0376800358168077,1.1,0.2549509756796392,4.0,0.4472135954999579,0
986,0.6030635044937508,0.13200330897764,0.09445686108034312,0.024952044661545533,0.0008695180832220476,0.0005422503682735429,100.0,0.0,64.6,4.042276586281548,1.1,0.3,4.0,0.5477225575051661,0
987,0.5956848770517713,0.13368276155514155,0.09581581205936258,0.026466252384416147,0.0008473851454633242,0.0005404444804836366,100.0,0.0,63.4,2.5961509971494343,1.1,0.3,4.35,0.7262919523166975,0
988,0.587527115589038,0.13010596338528505,0.0974742358491416,0.025869259799625576,0.0008149243159556211,0.0004497703732548555,100.0,0.0,64.0,2.4289915602982237,1.0,0.0,4.1,0.7000000000000001,0
989,0.5852248952577022,0.13483562599326562,0.09789680071664811,0.026295898325145922,0.0008306931967927246,0.0003475649079820068,100.0,0.0,63.45,2.692118125194361,1.05,0.21794494717703372,4.35,0.7921489758877431,0
990,0.5707488062493932,0.13921344556501958,0.10002950167453215,0.02706622220349722,0.00088302494197595,0.0003946419233197692,100.0,0.0,62.95,2.1558061137310096,1.0,0.0,4.15,0.8529361054615991,0
991,0.5634541474596666,0.14190504496087014,0.10070629476049671,0.028911047312407415,0.0009412785160847547,0.00043862570526585613,100.0,0.0,63.3,3.333166662499792,1.075,0.23848480035423641,4.35,0.9096702699330127,0
992,0.5640773236555254,0.1405236975187639,0.09973760689203254,0.029097685957350843,0.0010191251247350104,0.0004548480266789557,100.0,0.0,63.55,2.747271373563231,1.15,0.3570714214271425,4.3,0.714142842854285,0
993,0.5667974716399838,0.13811138849443472,0.09901804659694075,0.028348785079565755,0.00107540473827937,0.0004773459372539698,100.0,0.0,63.65,3.305676935213119,1.0,0.0,4.35,0.9630680142129111,0
994,0.5643532618444274,0.1329572119951013,0.09919306332297981,0.026801560608209974,0.0011561430420696617,0.0005089378098734267,100.0,0.0,62.85,3.5110539728121526,1.125,0.3112474899497183,4.15,0.5722761571129799,0
995,0.5661210913190623,0.1348136937689536,0.09872643101726492,0.027043433719737144,0.001166970462665622,0.0005796601941240625,100.0,0.0,64.0,3.605551275463989,1.025,0.10897247358851683,4.15,0.47696960070847283,0
996,0.5761134637053783,0.1420595448143565,0.0963303805182856,0.02815748112267322,0.0011952294627548125,0.0006098583802845465,100.0,0.0,63.2,3.2649655434629015,1.05,0.21794494717703372,4.25,0.5361902647381804,0
997,0.5902726238168522,0.14735707002261234,0.09490878835072276,0.02765455038718357,0.0010899350234831208,0.0005695165017397314,100.0,0.0,63.5,1.8303005217723127,1.0,0.0,4.05,0.6689544080129826,0
998,0.5974628960245522,0.13996932367068393,0.09337967049498704,0.026123147052305555,0.001099286794300883,0.0006368531108347218,100.0,0.0,62.7,3.874274125562103,1.1,0.3,4.15,0.5722761571129799,0
999,0.6029778456065794,0.1293068215966364,0.0925519083357853,0.02378880576721117,0.0011383017490315091,0.000709467853518225,100.0,0.0,63.15,3.2446109165815247,1.025,0.10897247358851683,4.2,0.7483314773547883,0
