generation,mean_fitness_mean,mean_fitness_std,distance_from_optimum_mean,distance_from_optimum_std,phenotype_variance_mean,phenotype_variance_std,population_size_mean,population_size_std,n_parents_mean,n_parents_std,median_offspring_mean,median_offspring_std,max_offspring_mean,max_offspring_std,extinct_count
0,0.6735759407880908,0.033271908278429435,0.017150382811648105,0.007381453416786997,0.004638958459681004,0.0006847424499837604,100.0,0.0,63.0,2.9154759474226504,1.15,0.3570714214271425,4.25,0.6224949798994366,0
1,0.7353799489459315,0.033286055322804216,0.01873788666045407,0.006972426112791163,0.00338615618819567,0.0004947965422191016,100.0,0.0,63.8,1.9899748742132402,1.0,0.0,4.35,0.6538348415311012,0
2,0.7793110667403684,0.0363881642840986,0.01822861749529023,0.008474291398479892,0.002624244652467294,0.0005035158832407363,100.0,0.0,63.75,2.947456530637899,1.05,0.2179449471770337,4.05,0.4974937185533099,0
3,0.8187591366953487,0.045184453515451854,0.018387527270241514,0.007230899513933547,0.002012311995805303,0.0004973158488617589,100.0,0.0,62.2,3.1080540535840107,1.125,0.3112474899497183,4.2,0.6782329983125269,0
4,0.8342352783087039,0.047776693518527105,0.015985310456943513,0.006687249478273831,0.00181686646428262,0.0005566009422053939,100.0,0.0,63.1,2.3853720883753127,1.05,0.21794494717703372,4.2,0.9797958971132711,0
5,0.8526489348052901,0.046173630988237735,0.013591898772678463,0.006777925040475629,0.0016140012810784733,0.0005375885569960741,100.0,0.0,63.6,2.8530685235374214,1.05,0.21794494717703372,4.55,0.9733961166965892,0
6,0.8634832573624525,0.05108859140117912,0.013747733137542633,0.0063434346157032135,0.0014683843591494518,0.0006122210862340468,100.0,0.0,63.55,2.4181604578687494,1.075,0.23848480035423641,4.15,0.6538348415311012,0
7,0.8693693631200379,0.044435434051117884,0.014626494229785205,0.00613680258531239,0.001377295537606889,0.0005341970425853094,100.0,0.0,64.05,2.9744747435471695,1.05,0.2179449471770337,4.0,0.5477225575051661,0
8,0.8780975655733556,0.04248942679925526,0.015063475602320284,0.007369716831964912,0.0012449431523887725,0.0005309908160557037,100.0,0.0,64.25,2.118372016431486,1.025,0.10897247358851683,4.3,0.9,0
9,0.8816585897446572,0.04266267830452169,0.014789149568508733,0.0065272147890021665,0.0012288583047659874,0.0005397535277196194,100.0,0.0,63.7,2.5317977802344327,1.025,0.10897247358851683,4.4,0.9695359714832658,0
10,0.8807912712178829,0.03820666989593536,0.015881055050746596,0.009116288389966212,0.001205209674696023,0.000444857952365518,100.0,0.0,63.1,2.681417535558384,1.125,0.3112474899497183,4.25,0.698212002188447,0
11,0.888942017787218,0.032291554484131624,0.017199719873577157,0.00801136702144364,0.0010686405581233458,0.0003821838499983017,100.0,0.0,64.7,2.3473389188611007,1.0,0.0,4.25,1.0428326807307104,0
12,0.8873774204119499,0.03732632725317669,0.01540201804394387,0.007267621471091603,0.001142103808737214,0.00049828670744408,100.0,0.0,63.15,3.902242944769072,1.2,0.3674234614174767,3.95,0.49749371855331004,0
13,0.8915325456383038,0.030359249429289668,0.015784385698520385,0.005918593359894305,0.0010770992929547778,0.00039987055449928804,100.0,0.0,62.4,3.916631205513228,1.15,0.3570714214271425,4.45,0.5894913061275798,0
14,0.8955363563536201,0.02864873197777802,0.01730567207456748,0.007396462712877579,0.0010002515664393858,0.0003547270135469673,100.0,0.0,62.5,3.427827300200522,1.075,0.23848480035423641,4.15,0.6538348415311012,0
15,0.9006203187147092,0.02803037659028609,0.015751295788717517,0.006968487351521295,0.0009559801071890377,0.00037246557373686617,100.0,0.0,62.7,2.8653097563788807,1.1,0.2549509756796392,4.4,0.6633249580710799,0
16,0.8960728942999321,0.036304469091824255,0.016684760254767898,0.008111875386202998,0.000991819157219509,0.0004866457526552055,100.0,0.0,64.15,3.2905166767545793,1.05,0.21794494717703372,4.0,0.8366600265340756,0
17,0.897672038484348,0.032117930539474246,0.017224703240120563,0.008655022201275767,0.0009694947998028023,0.00040963887192713914,100.0,0.0,63.65,2.5937424698685874,1.05,0.21794494717703372,3.85,0.3570714214271425,0
18,0.8987070334400228,0.03303694355593497,0.01562976887698026,0.008831315976328701,0.0009777880114511714,0.00047032510592214715,100.0,0.0,63.75,2.662235902394827,1.05,0.21794494717703372,4.2,0.8717797887081348,0
19,0.9036053543299755,0.02743767770714394,0.015495808448828002,0.009749916005606245,0.0008970586651100362,0.0003742443949739441,100.0,0.0,63.1,3.766961640367472,1.1,0.3,4.4,0.6633249580710799,0
20,0.9045057976569064,0.027645804854093202,0.018162795353141515,0.007802869802111457,0.0008730114724722976,0.00040098657856650963,100.0,0.0,62.5,2.5592967784139455,1.0,0.0,4.25,0.6224949798994366,0
21,0.9077386298522017,0.025262214412957604,0.017266232990984766,0.008138170723180889,0.0008451392005659466,0.00032268434698087817,100.0,0.0,64.4,2.615339366124404,1.025,0.10897247358851683,4.15,0.653834841531101,0
22,0.9088431236208425,0.02623836053269031,0.01742944557963234,0.006056022614016656,0.0008432420966797511,0.00034031151162373756,100.0,0.0,64.3,3.287856444554719,1.0,0.0,4.1,0.7000000000000001,0
23,0.9095005084848327,0.028951459771416044,0.015445221555071465,0.0069708764064466255,0.000863443673329505,0.0003926992565108309,100.0,0.0,63.6,3.32264954516723,1.1,0.3,4.4,0.7999999999999999,0
24,0.9145872143355078,0.025491106561203316,0.016392800825311346,0.008259457318012557,0.0007738012742998311,0.0002796677651852479,100.0,0.0,62.1,2.022374841615669,1.1,0.3,4.35,0.8529361054615991,0
25,0.9139799285443388,0.026998524131816127,0.017897911433605283,0.008055823359526877,0.0007537768831634133,0.00030069997213851533,100.0,0.0,63.9,2.5475478405713994,1.05,0.21794494717703372,4.15,0.7262919523166976,0
26,0.9186918446545613,0.02665278382859549,0.016404632341984228,0.008825481702849669,0.0007197938312454623,0.00028817861095396525,100.0,0.0,64.15,2.4550967394381837,1.0,0.0,4.05,0.5894913061275798,0
27,0.9174066110772904,0.027304870357437623,0.016648677427433898,0.00845178525504282,0.0007383691571863976,0.0003249656569794978,100.0,0.0,63.0,1.8973665961010275,1.0,0.0,4.25,0.7664854858377946,0
28,0.9146280784168042,0.02368758004443556,0.01742227501010454,0.00895423790905081,0.0007537252338684921,0.000283339580696669,100.0,0.0,63.45,3.0573681492420897,1.075,0.23848480035423641,4.05,0.49749371855331,0
29,0.9137102642821852,0.022307707686196325,0.017138008220718575,0.006463332302424114,0.0007845930740514321,0.0002696513790304998,100.0,0.0,63.55,3.169779172119093,1.0,0.0,4.4,0.7999999999999999,0
30,0.9118838747727317,0.024020812481925446,0.018157714451966938,0.007121357369586271,0.0007925409883252334,0.00027259812683414516,100.0,0.0,63.85,2.7069355367278325,1.05,0.21794494717703372,4.3,0.6403124237432849,0
31,0.9158810795263573,0.022040268491310147,0.017689873159481125,0.007256800641756802,0.0007473159261858612,0.00023340123192967108,100.0,0.0,63.25,3.5899164335677787,1.05,0.15,4.1,0.8306623862918074,0
32,0.9169951274666603,0.024431562921982824,0.01828310469675711,0.0066276484920630725,0.0007266635749509309,0.00026135523749716777,100.0,0.0,62.8,2.6381811916545836,1.05,0.21794494717703372,4.05,0.5894913061275798,0
33,0.919845715642251,0.02302118317920478,0.017082692380761485,0.006217244033682647,0.0007153636726187436,0.00026549873866675436,100.0,0.0,63.9,3.8327535793473597,1.0,0.0,4.1,0.8888194417315588,0
34,0.9194085559434269,0.02789075201974883,0.017234698086977657,0.005722047204924541,0.0007224458348854559,0.0003320695937812971,100.0,0.0,62.85,3.4536212878658255,1.075,0.23848480035423641,4.35,0.7262919523166975,0
35,0.9192812192313753,0.026120419595802063,0.015888585592015843,0.007728377339683608,0.000740071975865208,0.00030195111220110096,100.0,0.0,63.95,3.3537292675468007,1.075,0.23848480035423641,4.15,0.4769696007084728,0
36,0.9254007527122706,0.02737257131172959,0.01644689793353166,0.006993316947698202,0.0006647063096258604,0.0002996210388320325,100.0,0.0,63.55,3.089902911096076,1.1,0.3,4.35,0.792148975887743,0
37,0.9284326409075447,0.02510524379415871,0.016629933184120534,0.0077176914637185805,0.0006119816690092525,0.00024697482038024454,100.0,0.0,63.5,2.8548204847240397,1.125,0.3112474899497183,4.3,0.714142842854285,0
38,0.9266102898089665,0.02970736627720123,0.016560002939959524,0.0075891100434739706,0.0006389949188700376,0.00030875018520889173,100.0,0.0,63.55,2.854382595238418,1.0,0.0,4.3,0.6403124237432849,0
39,0.9242221305347436,0.029156833225816737,0.016155824936386613,0.007813155588361192,0.0006734007219643902,0.00029932226605863295,100.0,0.0,63.5,2.5592967784139455,1.025,0.10897247358851683,4.15,0.653834841531101,0
40,0.9286666752598511,0.031379115232027195,0.01694319125777554,0.00883039737918875,0.0005980730064809031,0.00030837373855180914,100.0,0.0,63.75,3.672533185690771,1.025,0.10897247358851683,3.9,0.6244997998398398,0
41,0.9267199038677066,0.025608516513504258,0.017364974761712254,0.008599304804892672,0.0006152951864823692,0.0002686038267003734,100.0,0.0,63.35,2.554897258208243,1.0,0.0,4.05,0.6689544080129826,0
42,0.9320586996409107,0.024041106328461292,0.017270827060377112,0.008542253474826988,0.0005519548670692716,0.00028746038593285644,100.0,0.0,62.85,3.5535193822462827,1.025,0.10897247358851683,4.15,0.7921489758877431,0
43,0.9298713795348007,0.02386105069258655,0.01833815882209524,0.008040316881588135,0.0005686718422227806,0.0002420555011821743,100.0,0.0,63.15,3.5252659474144643,1.05,0.21794494717703372,4.35,0.9096702699330126,0
44,0.9298779768870725,0.021900313173492038,0.01776990944835779,0.00793956252091087,0.0005785182798752146,0.00023909496053232314,100.0,0.0,64.35,3.4391132578035286,1.05,0.21794494717703372,4.2,1.0770329614269007,0
45,0.9271394455516656,0.026819119867705396,0.0182202732549691,0.008319218619213215,0.0006158420070057532,0.00036561984307755706,100.0,0.0,64.0,3.271085446759225,1.05,0.21794494717703372,4.4,0.66332495807108,0
46,0.9322798409665969,0.018131740056286472,0.017688686492847442,0.008987645783989785,0.0005423875271783455,0.0001795765649381112,100.0,0.0,64.0,2.32379000772445,1.025,0.10897247358851683,4.05,0.5894913061275798,0
47,0.9367474979714918,0.016945054941868775,0.01743433378360135,0.007425765523512684,0.0005126209496424132,0.00017833755648355952,100.0,0.0,62.95,3.3387872049593095,1.075,0.23848480035423641,4.25,0.7664854858377946,0
48,0.9356722670429818,0.01912217920340474,0.017745168034604658,0.007959085496184888,0.0005128503297245795,0.00018961380413908644,100.0,0.0,63.8,3.3406586176980126,1.05,0.21794494717703372,4.0,0.5477225575051661,0
49,0.9371306343926842,0.0213778396404865,0.01704430046274421,0.008866913025414268,0.0005067335710862108,0.0001884223327240511,100.0,0.0,63.2,2.6758176320519302,1.05,0.2179449471770337,4.1,0.6244997998398398,0
50,0.9371708102825747,0.01743503949984859,0.01710591204447405,0.008503614058072513,0.000503598894662831,0.00016569591841820685,100.0,0.0,64.4,2.8,1.05,0.15,4.0,0.8366600265340756,0
51,0.9336973059857397,0.01748481586616838,0.018339555654581344,0.008804665247562793,0.000525236883684592,0.000176632827924644,100.0,0.0,62.7,3.874274125562103,1.125,0.3112474899497183,4.5,0.5916079783099616,0
52,0.9350482252735299,0.02266187145318451,0.01665039583183156,0.008448595002211325,0.0005543738192879615,0.00020510975024619116,100.0,0.0,64.45,3.2935543110748915,1.0,0.0,4.5,0.9746794344808963,0
53,0.9364036620068246,0.024440044485355947,0.01681870650801561,0.008578344862897375,0.000521644517203633,0.00021450304741935078,100.0,0.0,62.95,2.376446927663229,1.075,0.23848480035423641,4.35,0.47696960070847283,0
54,0.9340910078143994,0.02437072882682282,0.016841820590824053,0.007667037686603598,0.0005548382774421326,0.00024071038352781472,100.0,0.0,62.55,3.5563323804166562,1.1,0.2549509756796392,4.55,0.5894913061275798,0
55,0.9328853734515496,0.027687532071651852,0.01688380428929026,0.007853928873172347,0.000574074465463059,0.0002442855933877169,100.0,0.0,64.05,3.57036412708844,1.05,0.21794494717703372,4.1,0.6244997998398398,0
56,0.9317225079554223,0.030080318356474952,0.016212645340384062,0.00791818283845406,0.0006053551456875323,0.0003154110945617919,100.0,0.0,63.5,3.0083217912982647,1.0,0.0,3.95,0.3840572873934304,0
57,0.9338575265144764,0.03073983175508312,0.015951666836155155,0.00671100228083715,0.0005923018054869015,0.0003036134150866444,100.0,0.0,62.4,3.2619012860600183,1.075,0.23848480035423641,4.35,0.5722761571129799,0
58,0.937901417714673,0.025493806432420208,0.015970427438763486,0.0057911686556164615,0.0005375771341943825,0.00024281644878202776,100.0,0.0,63.25,2.9979159427842537,1.125,0.3112474899497183,4.2,0.6,0
59,0.9368810618171803,0.019734055267038173,0.01582157708473173,0.0064867912427408,0.0005538147148539859,0.00019519628494161194,100.0,0.0,62.95,2.4181604578687494,1.1,0.3,4.35,0.7262919523166975,0
60,0.9399169928486808,0.020809860148921555,0.01506858351484373,0.006545687487857882,0.0005187496199161358,0.00020892044533340703,100.0,0.0,64.3,2.685144316419511,1.05,0.2179449471770337,4.2,0.6,0
61,0.9392886464126897,0.02038519558334447,0.015274572989210786,0.007046084832800185,0.0005335368737487079,0.00022171413076000997,100.0,0.0,63.6,2.817800560721074,1.05,0.21794494717703372,4.1,0.5385164807134504,0
62,0.9388343388018727,0.023139566957934184,0.015253023969171836,0.007012864065901395,0.000529471694943386,0.0002397727096076549,100.0,0.0,63.85,2.7253440149823285,1.05,0.21794494717703372,4.05,0.739932429347437,0
63,0.9362472871248269,0.019871032054595877,0.015460679065314198,0.007018166755727468,0.0005575528354402902,0.0002296460232458387,100.0,0.0,62.0,2.6457513110645907,1.1,0.3,4.5,1.0723805294763609,0
64,0.9358939903069399,0.022923323227265473,0.01702107411688734,0.0073644549321850074,0.0005317577421435286,0.00022677289226894396,100.0,0.0,63.1,3.576310948449533,1.0,0.0,4.25,0.7664854858377946,0
65,0.9338816962835252,0.022920180226522546,0.017751764807391324,0.0076680147031501925,0.0005412029733695374,0.0002081178413071623,100.0,0.0,63.95,2.8892040426387333,1.0,0.0,4.25,0.8874119674649424,0
66,0.9337155335433044,0.02003503256437133,0.018956944418554684,0.007170511380433678,0.0005274703760583363,0.0002026245920375519,100.0,0.0,63.45,2.5782746168707473,1.1,0.3,4.05,0.739932429347437,0
67,0.9344751439632075,0.022273519731836874,0.017799948008344786,0.008242359832883772,0.0005305884227347656,0.0002377129748468577,100.0,0.0,62.65,3.7719358425084595,1.1,0.3,4.1,0.5385164807134504,0
68,0.9356779422847415,0.02185714321940459,0.017107629473324674,0.008830261406425895,0.0005181549069569549,0.00022669721474830612,100.0,0.0,63.15,2.7436289836637897,1.075,0.23848480035423641,4.25,0.6224949798994366,0
69,0.9382685414621351,0.021178488288170705,0.017284697596532332,0.009775071454755287,0.0004788156303328574,0.0001896943215325814,100.0,0.0,63.7,2.4919871588754225,1.05,0.21794494717703372,3.95,0.5894913061275798,0
70,0.9383933829022553,0.02252971655075848,0.017340721925160906,0.008520639954772233,0.0004874469175824549,0.00021055769246573322,100.0,0.0,64.6,3.3823069050575523,1.05,0.21794494717703372,4.1,0.8306623862918076,0
71,0.939869098798191,0.021717756872428527,0.017745260944711027,0.007891974416741818,0.0004682484590525511,0.00022018845074020188,100.0,0.0,63.8,2.1587033144922905,1.0,0.0,4.2,0.7483314773547883,0
72,0.9357336073886442,0.023354633576595032,0.017380718200612835,0.008600438047578129,0.0005224210088685135,0.00020618885301583936,100.0,0.0,63.4,2.7459060435491964,1.075,0.23848480035423641,4.15,0.7262919523166976,0
73,0.9390856809426602,0.02121948171657391,0.017433303375915848,0.008924972669356662,0.0004653115197572502,0.00015196397000290075,100.0,0.0,62.95,2.747271373563231,1.1,0.3,4.5,0.806225774829855,0
74,0.9379130681219875,0.02236246039777881,0.016518862641279518,0.00764529789019152,0.0005099955000018557,0.00018617743737835404,100.0,0.0,63.7,1.8734993995195195,1.125,0.3112474899497183,4.15,0.5722761571129799,0
75,0.9358617349327158,0.026148951431685295,0.014862247293299245,0.008466731892533205,0.0005610746543982649,0.00028162637248354877,100.0,0.0,63.35,2.372235232855292,1.2,0.4,4.25,0.7664854858377946,0
76,0.9380389518241147,0.02398889151092197,0.013658325719287965,0.007873554432451614,0.0005604233701020002,0.0002658526302315735,100.0,0.0,63.85,3.1980462785894765,1.125,0.3112474899497183,4.05,0.49749371855331004,0
77,0.937832728649037,0.019644097136127275,0.014516395121320682,0.008042275556943318,0.0005515208401163848,0.00020862795250413207,100.0,0.0,62.45,2.5975950415721076,1.025,0.10897247358851683,4.45,0.8046738469715541,0
78,0.9390377871067159,0.021482275651661404,0.014988659978610075,0.007343616824560364,0.0005308840933396444,0.00021950169433550905,100.0,0.0,63.4,3.2155870381627056,1.125,0.3112474899497183,4.25,0.698212002188447,0
79,0.9341543505668494,0.024515304697727294,0.014621324962757847,0.008766498779360697,0.0005874090803979997,0.00024021093691843366,100.0,0.0,62.65,3.7453304260105007,1.025,0.10897247358851683,4.25,0.698212002188447,0
80,0.9326984455631824,0.022386695155674947,0.014550938046411638,0.008223669331140023,0.0006086188958840633,0.00021074609393418673,100.0,0.0,62.65,3.785168424258028,1.05,0.21794494717703372,4.1,0.5385164807134504,0
81,0.9315805406902292,0.02668564548132426,0.014233747539187375,0.007909037139506789,0.0006332185460546275,0.00025895780534033775,100.0,0.0,63.4,3.1208973068654475,1.0,0.0,4.45,0.5894913061275798,0
82,0.930703803772787,0.024142610173090218,0.013978520283243593,0.008182020692962661,0.0006508525388614801,0.0002668646431655104,100.0,0.0,63.35,3.1666228067138023,1.025,0.10897247358851683,4.3,0.9539392014169457,0
83,0.9334815009338737,0.01973824927767062,0.012210527534333304,0.008987080180130249,0.0006168745887618487,0.00019952767167232249,100.0,0.0,62.5,3.170173496829472,1.0,0.0,4.45,0.6689544080129827,0
84,0.9320876076722472,0.025456135124758167,0.012659326304280715,0.008693402257567285,0.0006439675020210263,0.00030981987974736455,100.0,0.0,64.3,2.5709920264364885,1.025,0.10897247358851683,4.15,0.792148975887743,0
85,0.9301815728040432,0.025668550008431903,0.013448337534720531,0.007845282209091066,0.000658181266382794,0.0003147382236937092,100.0,0.0,62.4,3.4263683398023628,1.125,0.3112474899497183,4.45,0.9205976319760985,0
86,0.9308150694731904,0.021663202842675318,0.013969074623666769,0.0080895142868522,0.000643568517436104,0.00028133324618917493,100.0,0.0,64.35,2.95423424934449,1.0,0.0,4.15,1.0136567466356647,0
87,0.9251431265827582,0.02051942579463544,0.013957327890584828,0.00823221162851543,0.0007110437494034342,0.00027452640439957555,100.0,0.0,62.75,2.7179955849853767,1.0,0.0,4.25,0.698212002188447,0
88,0.928073492322069,0.022372102046273497,0.014022975094104728,0.007682782846153401,0.000676708241078097,0.00029734404337222953,100.0,0.0,63.5,2.9748949561287032,1.0,0.0,4.25,0.698212002188447,0
89,0.930447260617807,0.02186511807924575,0.015849298414273884,0.007665501680491542,0.0006176522406322073,0.00024113541360765988,100.0,0.0,64.35,2.393219588754864,1.05,0.21794494717703372,4.2,0.7483314773547883,0
90,0.9361694299760919,0.02141128980129189,0.015125443750876894,0.008053977147707754,0.0005556144262028803,0.00021184174518836449,100.0,0.0,65.3,3.1638584039112754,1.0,0.0,4.0,0.7745966692414834,0
91,0.9343479326043038,0.023624796333074034,0.015430721311925143,0.007286900807911408,0.0005793145228981572,0.0002525951379740363,100.0,0.0,62.15,3.811495769379785,1.2,0.3674234614174767,4.2,0.8717797887081347,0
92,0.9347279389842391,0.0247850879119182,0.016028864018973646,0.008756796734070446,0.0005609564380348146,0.00028316803974136616,100.0,0.0,63.3,3.116087290176577,1.025,0.10897247358851683,4.35,0.6538348415311012,0
93,0.937906625823179,0.02423058935280293,0.015288811574390968,0.007864321228427751,0.0005333630296213397,0.00026502503281864093,100.0,0.0,64.7,2.8478061731796287,1.05,0.21794494717703372,4.1,0.8306623862918074,0
94,0.9408048779649475,0.02583872096741684,0.014625804367197843,0.008916402374649957,0.0004969521445479434,0.00026201430337334275,100.0,0.0,62.3,3.0182776545573144,1.1,0.3,4.45,0.6689544080129827,0
95,0.9368111099482576,0.02963249328206512,0.015483457853665932,0.008184166822187729,0.0005422172975043123,0.00031708096402549037,100.0,0.0,63.65,2.903015673398957,1.0,0.0,4.3,0.5567764362830022,0
96,0.9368235108289191,0.025285625144575677,0.015905488364955384,0.00741829887334136,0.0005355212367053649,0.00027373173890338204,100.0,0.0,64.35,3.3507461855533016,1.075,0.23848480035423641,4.0,0.6324555320336759,0
97,0.934381518377337,0.022043940652552593,0.014455019656493942,0.007993283280773877,0.0005869132758620786,0.00025306189134052185,100.0,0.0,63.7,3.3481338085566414,1.15,0.3570714214271425,4.4,0.7348469228349535,0
98,0.9340123871189305,0.02222608798491012,0.015004866679048195,0.007774146909433206,0.0005881177205823933,0.00024133296336492345,100.0,0.0,63.25,2.6995369973386176,1.1,0.2549509756796392,4.3,0.7810249675906654,0
99,0.9327919224972538,0.017054549416294564,0.014425224351039856,0.0073812248027788074,0.0006137211059117221,0.0001816371200379787,100.0,0.0,62.7,3.536947836765479,1.2,0.4,4.1,0.7681145747868608,0
100,0.9296352439473076,0.024437355269409995,0.014744549723872683,0.007575567050971931,0.0006804706440193117,0.00039438481622080704,100.0,0.0,64.1,2.773084924772409,1.0,0.0,4.25,0.8874119674649424,0
101,0.928440180835848,0.022517332713457835,0.015577429221817065,0.007480887293040168,0.0006703822158162146,0.000302926734628563,100.0,0.0,64.75,1.894069692487581,1.025,0.10897247358851683,4.1,0.7681145747868608,0
102,0.9242517647714047,0.023010736402308538,0.01649095680347225,0.008112187796757302,0.0006997030746077477,0.000320412572201229,100.0,0.0,63.35,3.758656674930553,1.1,0.3,3.9,0.6244997998398398,0
103,0.9278336703446168,0.024720737924096032,0.01526654207839637,0.00827090773070488,0.000666886657938754,0.00031810597912940446,100.0,0.0,63.95,3.0736785778607367,1.05,0.21794494717703372,4.2,0.6,0
104,0.931221185004682,0.02197311582028525,0.015047343102000755,0.008567397772185237,0.0006234838786815832,0.00031364948670531314,100.0,0.0,64.15,3.5815499438092444,1.15,0.3570714214271425,4.25,0.698212002188447,0
105,0.9306003065588504,0.022469649413882624,0.01585379626327122,0.007615962922471242,0.0006308891058904808,0.00030168971608551007,100.0,0.0,64.3,2.3473389188611007,1.05,0.21794494717703372,4.05,0.804673846971554,0
106,0.9313699026944617,0.019729351770218197,0.01565785306801583,0.007186350025914674,0.0006262818993543826,0.0002924040329839559,100.0,0.0,62.15,1.8241436346954694,1.1,0.3,4.4,0.6633249580710799,0
107,0.9358156430618829,0.019391772780335666,0.016805597967576497,0.006959363465706875,0.0005451616248921545,0.00022526592443843492,100.0,0.0,64.3,3.6891733491393435,1.0,0.0,4.1,0.5385164807134504,0
108,0.9338141450635092,0.02111168238208742,0.01689389353585994,0.007914084246899858,0.0005573962499361392,0.00021244363801892037,100.0,0.0,63.05,3.4709508783617204,1.05,0.15,4.2,0.6,0
109,0.937320455916978,0.020390878902221785,0.017351645654729145,0.009037919017940096,0.0004955294363257173,0.00018936455857847346,100.0,0.0,61.95,2.6358110706194404,1.025,0.10897247358851683,4.5,1.0723805294763609,0
110,0.9399587487739473,0.021343147981549515,0.016582818908476703,0.009539688697689196,0.00047628679253382917,0.00022266029153225137,100.0,0.0,63.9,2.754995462791182,1.05,0.21794494717703372,4.15,0.8529361054615991,0
111,0.9384311056232623,0.022243305312094907,0.017220929939011788,0.007967876266012796,0.0004961719244100974,0.0002196493239652789,100.0,0.0,63.2,3.325657829663178,1.025,0.10897247358851683,4.1,0.8306623862918076,0
112,0.939281268263661,0.0196729765281746,0.016693716362227676,0.007572329083737851,0.000492075144613113,0.0001868681351502152,100.0,0.0,64.15,3.118894034750139,1.05,0.21794494717703372,4.25,0.7664854858377946,0
113,0.9422388629643346,0.021419241824708956,0.01617293392454917,0.0073998909934132285,0.0004729872163829642,0.00018917196533272334,100.0,0.0,63.05,2.7290108097990378,1.125,0.3112474899497183,4.3,0.6403124237432849,0
114,0.9383057076266971,0.021580620782397423,0.01595019221526227,0.007902350936311846,0.0005235782979023972,0.00017580654497679674,100.0,0.0,62.9,3.254228019054596,1.05,0.21794494717703372,4.35,0.7262919523166975,0
115,0.9402759491833008,0.019182038105107806,0.01626720385865231,0.007600023069647831,0.0004906090873987169,0.00016087271330318784,100.0,0.0,63.75,2.6433879775772606,1.025,0.10897247358851683,4.55,0.9733961166965892,0
116,0.9415981723431784,0.02070382168315803,0.01559032894975119,0.008433717943439828,0.00047655119397579037,0.0001800212205538605,100.0,0.0,63.4,2.7820855486487113,1.075,0.23848480035423641,4.15,0.5722761571129799,0
117,0.9412119852067068,0.01648090573341332,0.01485803641081795,0.008067830908581633,0.0005112055079638362,0.00015969768319550235,100.0,0.0,63.55,2.957617284234051,1.05,0.21794494717703372,4.1,0.43588989435406733,0
118,0.9331473878020635,0.02383801615043651,0.01618827740943516,0.008764558911207905,0.0005857206114352742,0.00020574087036803005,100.0,0.0,63.55,3.2167530212933664,1.075,0.23848480035423641,4.0,0.6324555320336759,0
119,0.9353889253366802,0.02298223121618154,0.015671784615943252,0.00821510782102433,0.0005554905228440248,0.0002431840083015436,100.0,0.0,62.95,2.246664193866097,1.025,0.10897247358851683,4.25,0.7664854858377946,0
120,0.9395733744769137,0.021372689729318387,0.015486364799519505,0.008080064172329572,0.0005119367603060455,0.0002159025581553601,100.0,0.0,63.1,3.176476034853718,1.075,0.23848480035423641,4.1,0.6244997998398398,0
121,0.9400424125935455,0.022100151789953632,0.0152358872297058,0.00743205866154187,0.0005237036037339245,0.0002460285659461412,100.0,0.0,62.85,2.5937424698685874,1.025,0.10897247358851683,4.4,0.58309518948453,0
122,0.9416081625632817,0.025906138894269223,0.015372480569009219,0.007247090634935098,0.0005066145003988766,0.0002650895496367906,100.0,0.0,63.95,2.3973944189473704,1.025,0.10897247358851683,4.05,0.5894913061275798,0
123,0.9410325053763584,0.02110577643705685,0.015289013712293825,0.006616767082400141,0.0005134300408684992,0.00020985530406736352,100.0,0.0,62.9,3.548238999842034,1.1,0.3,4.2,0.5099019513592784,0
124,0.9406826099950859,0.02717931170625778,0.01545417143100192,0.007268512876268244,0.0005250447786269949,0.0002784479244444269,100.0,0.0,64.0,3.8340579025361627,1.175,0.36314597615834876,4.0,0.6324555320336759,0
125,0.9463092666274713,0.02600241312905636,0.014860492455913157,0.006702507803377545,0.000459466164526982,0.00023746307198100917,100.0,0.0,63.35,3.5535193822462823,1.15,0.3570714214271425,4.0,0.8366600265340756,0
126,0.9440686269538784,0.022052679399099284,0.015478686392315599,0.0075081617767796946,0.00046951797131345737,0.00021343080037241493,100.0,0.0,62.85,3.7050641020095725,1.15,0.3570714214271425,4.05,0.739932429347437,0
127,0.9433912212770961,0.02125857377319945,0.014996607054734235,0.007849002280707533,0.0004780770820184672,0.00023385220634804913,100.0,0.0,63.55,3.2167530212933664,1.075,0.23848480035423641,3.95,0.49749371855331004,0
128,0.9448741611378602,0.016837020435289708,0.015341644214556444,0.0077476556017678335,0.0004549703835773584,0.0001712356601503608,100.0,0.0,63.95,2.9576172842340505,1.0,0.0,4.0,0.7071067811865476,0
129,0.9428020251971857,0.019342882040084202,0.015791041702151176,0.008870022531764707,0.00046880596099449734,0.00017369887196777927,100.0,0.0,63.8,2.541653005427767,1.05,0.21794494717703372,4.45,0.5894913061275798,0
130,0.9380194259950277,0.017343971541799032,0.016181920849853634,0.009608682795068978,0.0005161189363778196,0.00016116618642452742,100.0,0.0,63.1,2.6814175355583845,1.05,0.21794494717703372,4.3,0.7810249675906654,0
131,0.9376918429137024,0.021555231034159943,0.015534108420709403,0.009920672408309033,0.0005174129613642654,0.00018474131281066546,100.0,0.0,64.25,2.680951323690902,1.0,0.0,4.25,0.7664854858377946,0
132,0.9367777672682823,0.02471545207545769,0.014675521317573412,0.00982803508860043,0.0005469183749561293,0.00026531758879276454,100.0,0.0,62.5,2.5199206336708304,1.075,0.23848480035423641,4.55,0.8046738469715541,0
133,0.9398435139284553,0.027774631246844875,0.014354411488769347,0.009685404594813344,0.0005260594710822354,0.00024262391584845813,100.0,0.0,64.0,3.146426544510455,1.05,0.21794494717703372,3.9,0.7681145747868608,0
134,0.9423016241604788,0.02614440730750046,0.013395313406902767,0.00964899458834782,0.0005030811264510218,0.00020705489016170327,100.0,0.0,64.4,2.9899832775452104,1.05,0.15,4.05,0.804673846971554,0
135,0.9402325858756679,0.027740036301345933,0.013496938917922594,0.009531540053181803,0.0005314856584747906,0.00024055075738619339,100.0,0.0,64.1,2.605762844159076,1.025,0.10897247358851683,4.2,0.6782329983125268,0
136,0.9377375242245967,0.030112201913635353,0.014380506421553127,0.009303325469549687,0.0005513968471923624,0.00024179029183717663,100.0,0.0,63.8,2.3151673805580453,1.1,0.3,4.15,0.7262919523166975,0
137,0.9403995471579305,0.02957911183659704,0.012971941401913725,0.009522726466780207,0.0005330159439819835,0.00025591675708595363,100.0,0.0,64.35,3.7453304260105007,1.1,0.3,4.2,0.5099019513592785,0
138,0.9378664066822692,0.0330954935678195,0.013872921717709905,0.009633305669909577,0.0005540574170105143,0.000240951432666429,100.0,0.0,63.6,2.353720459187964,1.0,0.0,4.15,0.7262919523166976,0
139,0.9349663474792479,0.02766261511619062,0.015153918203854241,0.00854164599480653,0.0005797634894167191,0.00023253685806817284,100.0,0.0,63.1,3.5482389998420345,1.05,0.15,4.35,0.9096702699330126,0
140,0.9320331834918593,0.03427224552217608,0.0162214460238525,0.009532770472834901,0.0005914577240319727,0.00023259967722786501,100.0,0.0,63.25,3.1284980421921316,1.025,0.10897247358851683,3.8,0.6,0
141,0.9362963546607019,0.028631753214723304,0.01429847520840408,0.009777987581490722,0.0005567762523596974,0.00020734873220635332,100.0,0.0,62.05,2.654712790491657,1.15,0.3570714214271425,4.5,0.7416198487095663,0
142,0.9377542738762562,0.03075624573889133,0.0145617259449599,0.01041896717209356,0.0005319078924770881,0.00021477349469177908,100.0,0.0,63.35,2.2197972880423116,1.05,0.21794494717703372,4.25,0.8874119674649424,0
143,0.9399313347207171,0.02989706380628286,0.014972735974472273,0.011112865686976094,0.00048746270672049243,0.00020762737329161815,100.0,0.0,62.7,3.3926390907374753,1.075,0.23848480035423641,4.55,0.5894913061275798,0
144,0.9353458130546791,0.027866326208396675,0.01575854433131865,0.011058857396933646,0.0005333061035880098,0.00022344212955372684,100.0,0.0,62.95,3.007906248539007,1.025,0.10897247358851683,4.3,0.714142842854285,0
145,0.9367114538589144,0.02714825094027953,0.014880118481205292,0.011015904275096773,0.0005310906053999717,0.0002332287560717685,100.0,0.0,63.25,3.2384409829422554,1.1,0.3,4.35,0.5722761571129799,0
146,0.9453101139311872,0.02159179847348568,0.014093799817926874,0.010868697077070196,0.00043577779258404574,0.00015792386853071339,100.0,0.0,62.75,2.56661255354212,1.0,0.0,4.25,0.698212002188447,0
147,0.9441083476878118,0.023161005339389598,0.014161779598204713,0.010123841598910166,0.0004833097189724107,0.0002881041396527709,100.0,0.0,63.45,2.6167728216259047,1.05,0.15,4.0,0.8944271909999159,0
148,0.9447634434493128,0.022333044159329848,0.014082077801987563,0.009619963734230809,0.0004511927857852602,0.00017266456866838584,100.0,0.0,63.6,2.8000000000000003,1.0,0.0,4.25,0.6224949798994366,0
149,0.9443869485061323,0.02253598683412978,0.015734129015736727,0.0096408993434049,0.00043565955735552574,0.0001550657388317584,100.0,0.0,63.5,3.7349698793966195,1.05,0.15,4.2,0.5099019513592784,0
150,0.9448043336158639,0.0212756267161051,0.014445750241085704,0.00989913715740178,0.00044830641810443496,0.00013727791080050405,100.0,0.0,63.4,2.764054992217051,1.125,0.3112474899497183,4.25,0.8874119674649424,0
151,0.9430912985372364,0.02308834367339416,0.015393916352268614,0.00966668526450577,0.00046188406493519635,0.0001787439655548876,100.0,0.0,63.75,2.5273503912200224,1.1,0.3,4.05,0.804673846971554,0
152,0.941812474922358,0.02173621470088898,0.016046642997909786,0.009357909417281344,0.0004615968295494011,0.00018228036582057603,100.0,0.0,64.35,3.9909272105614755,1.05,0.21794494717703372,4.05,0.5894913061275798,0
153,0.9413071166890103,0.021728034954220776,0.015394648980048279,0.008318787126912154,0.000492873729941799,0.0002068355763095108,100.0,0.0,62.75,2.6052830940226053,1.05,0.21794494717703372,4.15,0.7262919523166975,0
154,0.9364038310169664,0.021745541786026154,0.016794063202967512,0.007033723840545164,0.0005386565144170181,0.00020121531432827744,100.0,0.0,63.55,2.3973944189473704,1.05,0.21794494717703372,4.15,0.6538348415311012,0
155,0.9375862671273774,0.02237135324422956,0.016570284398362868,0.007944340739393829,0.0005197797157917868,0.00019406406985095068,100.0,0.0,63.2,2.5219040425836985,1.0,0.0,4.45,0.8645808232895291,0
156,0.9357461915283325,0.021520064805556145,0.017428782999209885,0.007945482853219816,0.0005339922637654256,0.00017869951013488222,100.0,0.0,62.8,3.370459909270543,1.1,0.2549509756796392,4.4,0.7348469228349533,0
157,0.9343131248064681,0.022595770017593615,0.01653349884812423,0.008810302598855532,0.0005711763355862728,0.00023848415036146304,100.0,0.0,63.0,2.8809720581775866,1.05,0.21794494717703372,4.35,0.5722761571129799,0
158,0.9369756929313612,0.017343069557371044,0.016002115915846403,0.006409056832068728,0.0005561036601882694,0.00019889001026192284,100.0,0.0,63.35,3.2446109165815247,1.025,0.10897247358851683,4.15,0.9096702699330127,0
159,0.9357710833588808,0.015275473603854997,0.01561961931148122,0.007028908691899775,0.0005676859916859559,0.00016721364399090622,100.0,0.0,63.25,3.031088913245535,1.1,0.2549509756796392,4.05,0.864580823289529,0
160,0.9297504751698042,0.024127492118075588,0.016080226507060823,0.008531827756619684,0.0006231171877018958,0.00025897130359430495,100.0,0.0,62.65,2.7436289836637897,1.1,0.3,4.25,0.5361902647381804,0
161,0.9290835924549032,0.018915893723331748,0.01618806005866901,0.008287180948848729,0.0006355337500039771,0.0002230469409298666,100.0,0.0,62.95,3.694252292413175,1.1,0.3,4.15,0.5722761571129799,0
162,0.9332062116315898,0.017344728390094617,0.01540105485242505,0.007826765083389713,0.0006044867270773612,0.00021875735352543243,100.0,0.0,63.9,3.6318039594669758,1.15,0.3570714214271425,4.1,0.7000000000000001,0
163,0.9352513659123165,0.01604079911929181,0.016216851427974504,0.0072875651915492315,0.0005671938769695485,0.00017638964098207045,100.0,0.0,61.95,3.800986713999406,1.15,0.3570714214271425,4.2,0.6,0
164,0.9373349958181978,0.020279042384007767,0.015891188522737933,0.00754367220176611,0.0005501524561182991,0.00019895676592181517,100.0,0.0,64.05,3.1220986531498327,1.05,0.2179449471770337,4.2,0.7483314773547883,0
165,0.9390220204481368,0.015420182460475183,0.014927350718663936,0.007446449579935355,0.00054088975315743,0.0001791786808651952,100.0,0.0,63.05,2.692118125194361,1.1,0.3,4.3,0.6403124237432849,0
166,0.9384697885590262,0.016593588351694787,0.014043256613636234,0.007784922495061748,0.0005637202342865801,0.00018427658884611492,100.0,0.0,63.1,2.8442925306655784,1.025,0.10897247358851683,3.95,0.6689544080129826,0
167,0.9402737618688702,0.021179938513415493,0.013446117721813627,0.008606341434490869,0.0005319469272945461,0.0001785744914956429,100.0,0.0,63.65,2.6129485260907837,1.05,0.21794494717703372,4.45,0.7399324293474372,0
168,0.9438503727810457,0.01991815530302333,0.013083867088996035,0.0072153430133396765,0.0004986155831535416,0.00020031121364649142,100.0,0.0,62.05,3.232259271778797,1.125,0.3112474899497183,4.5,0.6708203932499369,0
169,0.9458357627721616,0.02161114701548401,0.012312239850026883,0.006435182810324299,0.0004967063857871293,0.00022965542860308837,100.0,0.0,64.25,2.1418449990603894,1.0,0.0,4.05,0.5894913061275798,0
170,0.947058358755225,0.01997694476988269,0.012013791680848578,0.006619886105921644,0.0004851054952180794,0.00021744829359589564,100.0,0.0,63.85,3.5954832776693593,1.025,0.10897247358851683,4.1,0.7000000000000001,0
171,0.945858208100255,0.016596928118777398,0.012059129917991695,0.006607434348557718,0.0004995665474384087,0.00018213420695745,100.0,0.0,66.3,2.98496231131986,1.0,0.0,4.15,0.7262919523166976,0
172,0.9480136443357772,0.01590663230036117,0.012875660325916935,0.006847873973158417,0.0004590863107029547,0.00016336973089248487,100.0,0.0,63.15,2.8857408061016154,1.05,0.21794494717703367,4.3,0.714142842854285,0
173,0.9491017094314186,0.01890882141805182,0.013583049415172197,0.006727026299205651,0.0004414852105440992,0.00017850462262883498,100.0,0.0,63.0,2.949576240750525,1.1,0.3,4.15,0.7262919523166975,0
174,0.9467324377251151,0.01763292959127512,0.012981867674911496,0.005457869171811275,0.0004945931692671368,0.00019520498711385063,100.0,0.0,62.95,1.9615045245933032,1.125,0.3112474899497183,4.0,0.5477225575051661,0
175,0.9490051425018977,0.017491763412577088,0.012963585178408907,0.005106775034626856,0.000468354685456282,0.00019120812014141218,100.0,0.0,63.75,3.3893214660164652,1.1,0.3,4.15,0.7921489758877431,0
176,0.9449643491916779,0.017573025938021163,0.013300067000900275,0.005353581381675161,0.0005100694808334637,0.0002048098904780563,100.0,0.0,63.15,3.4245437652335533,1.05,0.21794494717703372,4.7,0.9539392014169457,0
177,0.9402869542810917,0.018996129939570252,0.012645667889725935,0.006701929402277532,0.000565359206276262,0.00021748752689439748,100.0,0.0,62.4,3.9799497484264803,1.2,0.4,4.35,0.7921489758877431,0
178,0.9394387859226236,0.023173900172318712,0.013453277167068609,0.006870347114516883,0.0005596275742465426,0.00028742764096305486,100.0,0.0,62.55,2.558808316384797,1.1,0.3,4.0,0.7745966692414834,0
179,0.9358379235222447,0.02244887985566441,0.01375369053824595,0.006450232114724245,0.0005959290140625949,0.0002791022136645952,100.0,0.0,63.85,3.0540956108150903,1.025,0.10897247358851683,4.15,0.7262919523166976,0
180,0.9360874425761139,0.022350468031958358,0.013835551391714376,0.007296802491205818,0.0005866125387977709,0.00025631299868221854,100.0,0.0,62.65,3.395217224272992,1.125,0.3112474899497183,4.25,0.7664854858377946,0
181,0.9368320177761209,0.027263728334849042,0.014544827258318937,0.007048675238527727,0.0005697454394494271,0.0002932330965001631,100.0,0.0,63.3,2.666458325194677,1.1,0.3,4.05,0.5894913061275797,0
182,0.9383230842706564,0.02362243976110225,0.013163915563930737,0.0061761739074288075,0.0005737383937128312,0.00023183247904432787,100.0,0.0,63.3,2.7766886753829643,1.0,0.0,4.3,0.7810249675906654,0
183,0.9395328882621758,0.02435210995243773,0.012651520165471547,0.004954943710273202,0.0005847952576667037,0.0002593958874422324,100.0,0.0,63.0,3.3763886032268267,1.075,0.23848480035423641,4.3,0.7810249675906654,0
184,0.9358663318550512,0.022558500713755876,0.014099163769276151,0.0073339126672891716,0.000590246905943115,0.00022797087357131406,100.0,0.0,63.65,2.5548972582082436,1.075,0.17853571071357124,3.8,0.6,0
185,0.9363818516532998,0.025386696201047023,0.014256281292468451,0.007038360673033683,0.0005831505080706652,0.00026725318097034864,100.0,0.0,63.75,3.4478254016118624,1.0,0.0,4.15,0.6538348415311009,0
186,0.936798899738229,0.018087288851059046,0.014708682009117856,0.007313464477239313,0.0005728821544583439,0.00016306323177351262,100.0,0.0,62.95,2.9236107812087435,1.05,0.2179449471770337,4.1,0.7000000000000001,0
187,0.9406425982999348,0.022106916130575232,0.014943415664559884,0.00634172889921857,0.0005168917090081545,0.00019404480157942885,100.0,0.0,63.4,2.3958297101421877,1.05,0.21794494717703372,4.2,0.7483314773547883,0
188,0.9378148358047342,0.02474607429812415,0.014199343944210028,0.007228232215318563,0.0005538663152455173,0.0002204838285902747,100.0,0.0,63.15,2.104162541250081,1.0,0.0,4.05,0.5894913061275797,0
189,0.9376414669385067,0.021521163482589447,0.01355432142086633,0.0069944698500318155,0.0005699695552066916,0.00019064169105343878,100.0,0.0,64.3,3.303028912982749,1.1,0.3,3.8,0.6782329983125268,0
190,0.9365484894023582,0.025056927210718182,0.014031328273894852,0.006946104368196512,0.0005823449366048591,0.0002461706399526097,100.0,0.0,62.55,3.4128433893163046,1.1,0.3,4.05,0.49749371855331004,0
191,0.9324137138496891,0.02374752244149457,0.014395968520404609,0.006853494045850481,0.0006327768721659198,0.0002160701076775201,100.0,0.0,64.15,4.269367634673781,1.1,0.3,4.1,0.7,0
192,0.9304033453706746,0.0282060286969212,0.014518561337325101,0.006517118494430507,0.0006539525463223762,0.00028602871822200137,100.0,0.0,64.3,3.661966684720111,1.1,0.3,4.05,0.6689544080129826,0
193,0.9310513220648703,0.031339615108513644,0.014237341645025828,0.006199260647312387,0.0006496317796191898,0.0003488828608066102,100.0,0.0,62.15,3.1823733281939126,1.05,0.21794494717703372,4.4,0.8,0
194,0.9357392527872058,0.026319116254059326,0.014241677468806576,0.0074277721411048925,0.000583256899457738,0.00024928127394652867,100.0,0.0,63.9,3.014962686336267,1.025,0.10897247358851683,3.9,0.7681145747868608,0
195,0.93567026883581,0.02386824509076231,0.0154036397768337,0.008999774961424083,0.0005573339918857497,0.00022988075553986577,100.0,0.0,63.25,3.686122624113311,1.1,0.3,4.15,0.852936105461599,0
196,0.9401230606386537,0.020805946726324603,0.015498696965849507,0.008885175352703672,0.0004938286061147827,0.0001799431314268765,100.0,0.0,63.45,2.991237202229205,1.0,0.0,4.55,0.8645808232895291,0
197,0.9389895782613236,0.020196392108121703,0.016927973322889086,0.007920425329383874,0.000492614906475821,0.0001927250958354176,100.0,0.0,63.85,3.2752862470324637,1.0,0.0,4.3,1.0049875621120892,0
198,0.9380041987917254,0.019524535652744972,0.016485372834124257,0.007996294845099736,0.0005111923249482415,0.0001653737748989446,100.0,0.0,63.2,2.5612496949731396,1.075,0.23848480035423641,4.15,0.9096702699330127,0
199,0.9339415325787715,0.02034062438704619,0.018571408375548455,0.00801190956424862,0.0005280601953496374,0.00017472624391176266,100.0,0.0,63.65,3.1823733281939126,1.0,0.0,4.4,0.7348469228349535,0
200,0.9332516545804607,0.018520690603707726,0.01678676241701934,0.007862193006313092,0.0005737126394858179,0.00022077550821757996,100.0,0.0,63.4,2.7640549922170505,1.05,0.21794494717703372,4.2,0.7483314773547883,0
201,0.9344661698960419,0.02063961628893793,0.016992169244187814,0.007421916717695882,0.0005587224869118737,0.0002004057312451993,100.0,0.0,63.05,2.2907422377910613,1.075,0.23848480035423641,4.15,0.5722761571129799,0
202,0.9340672386650383,0.021233442061728853,0.01671100894650001,0.006107570907915904,0.0005843899810630448,0.00023291288271631673,100.0,0.0,62.6,3.6523964735499352,1.15,0.3570714214271425,4.35,0.5722761571129799,0
203,0.9383983778192881,0.02219528559466459,0.016399278320545697,0.006688379880025005,0.0005310217217165772,0.00020103402885285522,100.0,0.0,64.15,3.259984662540608,1.05,0.21794494717703372,4.05,0.739932429347437,0
204,0.9413443452992271,0.022046139788772075,0.016107785526807285,0.006196269789994109,0.0004921145866076631,0.00018950062991150902,100.0,0.0,63.6,3.1368774282716245,1.1,0.3,4.45,0.8046738469715541,0
205,0.9411707703797305,0.023845979341114588,0.01569226060351718,0.006408863968127981,0.000498688478548894,0.0002254914695718125,100.0,0.0,64.95,3.4565155865408737,1.05,0.15,4.15,0.3570714214271425,0
206,0.9417556816870694,0.02459860292637289,0.013910595778656762,0.006232983247051079,0.0005209664734768876,0.00027521110056280307,100.0,0.0,62.9,2.808914381037628,1.05,0.21794494717703372,4.35,0.963068014212911,0
207,0.9415771043234796,0.02331488468285968,0.013626045584005481,0.006537894597688585,0.0005275164648374552,0.0002605550301343007,100.0,0.0,63.3,2.471841418861655,1.0,0.0,4.25,0.4330127018922193,0
208,0.9402608912039788,0.025217923804094513,0.014653972395677953,0.006051198772915567,0.0005436932422217752,0.000296427901275539,100.0,0.0,62.65,2.669737814842499,1.1,0.3,4.35,0.653834841531101,0
209,0.943928130011399,0.02269828011842236,0.013446225391163507,0.005461690671965373,0.0005089891892002077,0.00025839876038515617,100.0,0.0,62.5,2.1330729007701543,1.075,0.23848480035423641,4.05,0.6689544080129826,0
210,0.9415378045414664,0.02406621407934864,0.012839100216731847,0.006148998686237696,0.0005351491011964416,0.00025591528312688343,100.0,0.0,62.6,2.1071307505705477,1.125,0.3112474899497183,4.4,0.58309518948453,0
211,0.9411907960766536,0.022028853401772814,0.014089489970699776,0.006803244314865476,0.0005197592106123917,0.00022493681828390612,100.0,0.0,63.6,2.5377155080899043,1.0,0.0,4.05,0.9733961166965892,0
212,0.940196402305945,0.021187464822116878,0.013322081262621318,0.0059269552407260045,0.0005519696032438762,0.0002180607945488997,100.0,0.0,63.95,2.3339880033967613,1.0,0.0,4.0,0.6324555320336759,0
213,0.9372884284769858,0.024772948342115908,0.012976444560679335,0.006968458682817865,0.0005947730713875176,0.0002892464379436767,100.0,0.0,63.5,3.057776970284131,1.025,0.10897247358851683,4.35,0.8529361054615991,0
214,0.9356046221091667,0.02473323253410706,0.012607292258319285,0.005938957192337942,0.0006150650340563419,0.00027440370972955686,100.0,0.0,62.9,1.8411952639521971,1.025,0.10897247358851683,4.2,0.812403840463596,0
215,0.9349734649500061,0.024277294993496956,0.012692300315350128,0.005993167635743247,0.0006196006553747605,0.00026259788174060213,100.0,0.0,63.65,3.6093628246547893,1.0,0.0,4.1,0.5385164807134504,0
216,0.9362505653048,0.02398297271622504,0.013047138985187418,0.005688918246917346,0.0006026418397174942,0.0002514553484503754,100.0,0.0,62.75,3.476708213238494,1.05,0.21794494717703372,4.75,0.8874119674649424,0
217,0.9352005977995226,0.021514924456997653,0.01340560803268232,0.006270280872701067,0.0006243459931922265,0.00023191154881648345,100.0,0.0,62.55,2.5975950415721085,1.0,0.0,4.35,0.653834841531101,0
218,0.9396013496132228,0.018863334263210286,0.01317558401106209,0.004577646664206836,0.0005767805985062379,0.0002361814521746052,100.0,0.0,63.0,3.40587727318528,1.075,0.23848480035423641,4.25,0.6224949798994366,0
219,0.9382505746749595,0.01750262612013762,0.012824006977589264,0.005269621248703009,0.000603642069300784,0.00021872821572014456,100.0,0.0,63.0,3.924283374069717,1.1,0.3,4.05,0.9733961166965893,0
220,0.9424193011025255,0.014948256285594978,0.01216372944528302,0.005722967636667515,0.0005463092345428493,0.00019663015136498285,100.0,0.0,64.2,2.420743687382041,1.0,0.0,4.45,0.8645808232895292,0
221,0.9461566780985047,0.012325738831100051,0.013328965356838755,0.005309519315601656,0.00048161046131627055,0.00015300632834917325,100.0,0.0,62.85,2.7977669667075564,1.075,0.23848480035423641,4.05,0.6689544080129826,0
222,0.9461610804202433,0.015524249312358053,0.012817627839994497,0.0051716782893781515,0.0004957194967636238,0.0001976666841457067,100.0,0.0,63.2,3.9949968710876362,1.15,0.3570714214271425,4.2,0.9273618495495703,0
223,0.9436935447607075,0.015624553897351722,0.013685758385383284,0.005208273531593455,0.0005122070756995219,0.00020046397891934644,100.0,0.0,63.85,3.2752862470324637,1.1,0.3,4.45,0.7399324293474372,0
224,0.9465752064051245,0.012832942424664491,0.013720656456418035,0.0055414637846092196,0.0004674216691141422,0.0001626709835382749,100.0,0.0,62.95,3.412843389316304,1.05,0.21794494717703372,4.0,0.7071067811865476,0
225,0.9467625498061711,0.010841439900182112,0.014197531627273493,0.006049180951338331,0.0004561714979302884,0.00012495864079598641,100.0,0.0,64.2,2.694438717061496,1.025,0.10897247358851683,4.1,0.6244997998398398,0
226,0.9444728299947813,0.016503394965791614,0.013336884127487268,0.00677526271187688,0.000496157593974609,0.0001960900508012523,100.0,0.0,63.35,3.6779749863205975,1.25,0.4330127018922193,4.3,0.7810249675906654,0
227,0.9427479009062061,0.01739220741016903,0.01275627035225125,0.006334789951415069,0.0005268738714327801,0.00021470768077778095,100.0,0.0,64.15,3.409912022325503,1.075,0.23848480035423641,4.2,0.9273618495495703,0
228,0.9419956839624606,0.016887967636953757,0.012026538595961766,0.005820492289268979,0.0005488448189843264,0.00018956818018084205,100.0,0.0,64.65,3.15079355083763,1.1,0.3,4.3,0.9,0
229,0.9405132813391267,0.020206379485124226,0.01127738594229817,0.006601544338465922,0.0005739173189536794,0.00023509655424527276,100.0,0.0,64.15,3.539420856580918,1.075,0.23848480035423641,3.85,0.653834841531101,0
230,0.9391241634621341,0.016424064415501396,0.010717488963485487,0.007142895468714498,0.0005914326394044823,0.00014107684438532798,100.0,0.0,62.75,2.56661255354212,1.1,0.3,4.2,0.6,0
231,0.9425699491119603,0.020018185938391542,0.011071845878043256,0.0057446502342135865,0.0005553723684364161,0.00020502611632245693,100.0,0.0,62.2,3.0757112998459393,1.075,0.23848480035423641,4.5,0.7416198487095663,0
232,0.9425019947956887,0.024603158239212337,0.011119139149018234,0.006062030854862651,0.0005601116206967385,0.0002895185278576598,100.0,0.0,63.65,3.320767983464066,1.05,0.21794494717703372,4.25,0.82915619758885,0
233,0.9418562188997301,0.024504316141990945,0.011657682744012713,0.005601526891908573,0.000556785872528202,0.0002858532908264818,100.0,0.0,63.7,2.968164415931166,1.125,0.3112474899497183,4.1,0.7,0
234,0.9449556198215451,0.02545333849319735,0.010814155064960567,0.005626125116846713,0.0005342799819902586,0.00031389288976045533,100.0,0.0,63.8,3.2341923257592455,1.0,0.0,4.4,0.7348469228349535,0
235,0.9431605280285424,0.021550340039618327,0.010410956228219382,0.006129200428399192,0.0005531933957874945,0.0002508355884219801,100.0,0.0,63.05,3.2476914878109957,1.15,0.3570714214271425,4.2,0.6782329983125268,0
236,0.9387093370931259,0.020754865130945092,0.011759487913602176,0.006577001079793982,0.0005971793326413642,0.00024515618910813546,100.0,0.0,63.45,3.368605052540295,1.0,0.0,4.25,0.8874119674649424,0
237,0.9427620949070731,0.021492144480458386,0.01142187586418596,0.006751726527764945,0.0005443225459910461,0.0002620746051394449,100.0,0.0,62.2,2.5612496949731396,1.05,0.21794494717703372,4.0,0.6324555320336759,0
238,0.9418444426408129,0.01944131029419336,0.011089065132541953,0.0064851111880553265,0.0005499715194627367,0.00022002451065656332,100.0,0.0,63.7,2.666458325194677,1.05,0.21794494717703372,4.15,0.5722761571129799,0
239,0.9413892030428904,0.017977240827678705,0.011477020996934012,0.00670628291347794,0.000545480513657348,0.0001939224248670641,100.0,0.0,63.65,2.535251466817444,1.0,0.0,4.1,0.6244997998398398,0
240,0.938875964143058,0.021400057933648704,0.01237539477413021,0.006747645736828391,0.0005737165121454967,0.00024826637319929994,100.0,0.0,63.75,3.0639027399707057,1.05,0.21794494717703372,4.15,0.7262919523166976,0
241,0.9384377194996951,0.021872126953821708,0.012406988009853102,0.006277202599375268,0.0005776591291093845,0.0002317566876400714,100.0,0.0,62.75,2.680951323690902,1.125,0.3112474899497183,4.25,0.6224949798994366,0
242,0.9411453980681387,0.022024401703927433,0.01185504022569424,0.007077193776428381,0.0005478907003549519,0.00020708428277156103,100.0,0.0,64.1,2.913760456866693,1.0,0.0,4.45,0.8046738469715541,0
243,0.9357614834836185,0.025673563526400055,0.012188045711867367,0.0055708865649288135,0.0006173427596844674,0.0002855720686030085,100.0,0.0,62.35,3.1823733281939126,1.05,0.21794494717703372,4.65,0.7921489758877431,0
244,0.9337511001554823,0.024968030147683146,0.0113267494262945,0.005412031291007983,0.0006624540169251928,0.0002848363053022511,100.0,0.0,63.8,2.580697580112788,1.05,0.21794494717703372,3.9,0.6244997998398398,0
245,0.9341781720921013,0.023215470312524886,0.010109358538653227,0.0061398932229400904,0.0006690287585894643,0.0002752973844635546,100.0,0.0,62.9,2.964793416074719,1.075,0.23848480035423641,4.3,0.8426149773176358,0
246,0.9374225782809971,0.023717896280749544,0.010595798518489862,0.00640917695901519,0.0006222598080054146,0.00028564842717813206,100.0,0.0,62.7,2.8301943396169813,1.1,0.3,4.35,0.9630680142129111,0
247,0.9377066855778287,0.024287454958297507,0.012024628103091364,0.006615172658641629,0.0005932248906857247,0.000278082381482678,100.0,0.0,62.55,3.353729267546801,1.05,0.2179449471770337,4.15,0.6538348415311009,0
248,0.9376794612590093,0.02194822282222955,0.012494305362113496,0.00645811788809121,0.0005889013149690801,0.0002521170332510318,100.0,0.0,63.15,2.3932195887548637,1.05,0.21794494717703372,4.25,0.7664854858377946,0
249,0.9345409099749091,0.02208280781559887,0.012064446466744556,0.0063675368556160355,0.0006524154435493736,0.0002597384369122166,100.0,0.0,63.65,2.885740806101615,1.075,0.23848480035423641,4.05,0.804673846971554,0
250,0.937426348048619,0.022465136806029903,0.01277691179085047,0.005897845780344507,0.000625578851580471,0.0002647350537160034,100.0,0.0,63.0,1.8439088914585775,1.025,0.10897247358851683,4.35,0.7262919523166975,0
251,0.9388897637184306,0.019770531006398865,0.012523746895780636,0.005133677888066633,0.0005899025384862192,0.00021738341184806195,100.0,0.0,63.3,2.7766886753829643,1.05,0.2179449471770337,4.05,0.49749371855331004,0
252,0.9399397783825737,0.019377106719144648,0.012155953622912306,0.00538529755683051,0.0005819268129525189,0.00020385314123431457,100.0,0.0,63.6,3.2924155266308657,1.05,0.21794494717703372,4.35,0.7262919523166976,0
253,0.9420111076838031,0.020373685262505388,0.012254171922712,0.004876237580362701,0.0005598898792381441,0.0002284518279561614,100.0,0.0,63.7,3.2572994949804666,1.075,0.23848480035423641,4.35,0.7262919523166976,0
254,0.938023637834562,0.024367551395263753,0.012212193802900999,0.005976310345207547,0.0005942290714255717,0.0002703004962798523,100.0,0.0,63.15,2.632014437650371,1.025,0.10897247358851683,4.45,0.6689544080129827,0
255,0.9438562396322213,0.022821848547790884,0.011255411907672867,0.0060430742285232245,0.0005361262352368181,0.00025881198728290816,100.0,0.0,64.7,3.241913015489466,1.025,0.10897247358851683,4.1,0.6244997998398398,0
256,0.9422675396629421,0.026611088457722844,0.012031750188205927,0.0057142431880641935,0.0005459965411204945,0.00030834695385573754,100.0,0.0,63.15,3.0376800358168077,1.0,0.0,4.15,0.6538348415311012,0
257,0.9397396647072622,0.027744533370705902,0.012852426135358887,0.005578587730196289,0.0005764880659519647,0.0003356135509556239,100.0,0.0,62.8,3.370459909270543,1.1,0.2549509756796392,4.2,0.6782329983125269,0
258,0.9406378082122133,0.02525901373344885,0.012366351629318595,0.005743824738135237,0.0005737273500739197,0.00028330233473817693,100.0,0.0,63.95,2.558808316384797,1.0,0.0,4.15,0.6538348415311009,0
259,0.9414138885631372,0.029294516833956993,0.011938381423647604,0.005756303954351986,0.0005742528677338701,0.0003370172571274793,100.0,0.0,63.3,2.491987158875423,1.05,0.21794494717703372,3.95,0.5894913061275798,0
260,0.941325262374791,0.025738926689134814,0.012445131734379836,0.006449199955870685,0.0005478768416949118,0.0002520744846635521,100.0,0.0,62.95,2.8892040426387333,1.0,0.0,4.45,0.8645808232895292,0
261,0.9402430250619187,0.02666625317030877,0.012553499347106048,0.0064134807235429695,0.0005548300178617203,0.00027393901692192177,100.0,0.0,62.15,3.0540956108150903,1.05,0.15,4.2,0.8717797887081347,0
262,0.9421524564677408,0.02661754132878895,0.012676545688853989,0.007143632983711995,0.000523847604408992,0.00024001303735579274,100.0,0.0,62.25,4.345975149491768,1.15,0.3570714214271425,4.1,0.7,0
263,0.939043360475919,0.02615112078248875,0.01255354644885533,0.007186141591717767,0.0005683788102749567,0.00024060472288731717,100.0,0.0,63.75,2.7363296585024255,1.025,0.10897247358851683,3.95,0.6689544080129826,0
264,0.9392601116499681,0.02953507296347126,0.012647495344023634,0.006087501012099105,0.0005752725514994235,0.0002958358102407826,100.0,0.0,62.0,3.271085446759225,1.05,0.21794494717703372,4.3,1.004987562112089,0
265,0.942277631612925,0.025794447541849994,0.012892441984520591,0.006344730213708757,0.0005294183146146256,0.0002681630133605397,100.0,0.0,63.2,2.7495454169735036,1.15,0.3570714214271425,4.35,1.0136567466356645,0
266,0.9439878010182203,0.022312514131943673,0.0119641785293911,0.006216340926608596,0.0005225851776493233,0.00023763793390271256,100.0,0.0,63.9,3.3451457367355464,1.025,0.10897247358851683,4.25,0.9937303457175896,0
267,0.9427013562423328,0.022063811706794816,0.01264839403763767,0.005638866365048174,0.0005334245062849271,0.0002405353551432705,100.0,0.0,64.25,2.6052830940226053,1.0,0.0,4.35,0.653834841531101,0
268,0.9414020842654436,0.025408490447921244,0.012712016737005121,0.00557340393282476,0.000547847636862722,0.0002733534263451898,100.0,0.0,63.7,3.551056180912941,1.05,0.21794494717703372,4.15,0.4769696007084728,0
269,0.9428455969477749,0.02326120212229606,0.012012153429449836,0.005741670456000295,0.0005476977596926249,0.0002735362743648803,100.0,0.0,63.95,2.4181604578687494,1.1,0.3,4.1,0.5385164807134504,0
270,0.9424025905321974,0.026148268083496785,0.012754095537580423,0.006734394637960714,0.0005355927179442503,0.00025815069216733843,100.0,0.0,63.35,2.4550967394381837,1.05,0.21794494717703372,4.4,0.8602325267042626,0
271,0.9415326288233958,0.027478067273106806,0.012467776392518127,0.005100027225964342,0.000559398454249172,0.0003050782075581018,100.0,0.0,64.4,3.4263683398023628,1.05,0.15,3.95,0.5894913061275798,0
272,0.9377100538685355,0.034784157497507955,0.01279472553156592,0.005711128858556372,0.000599363592207026,0.0003779631085912157,100.0,0.0,63.8,3.558089374931439,1.075,0.23848480035423641,4.35,0.6538348415311012,0
273,0.9391558876466599,0.03360129024811344,0.01277032926764661,0.006583434690386649,0.0005819580935640896,0.00035561650775743235,100.0,0.0,64.4,2.5573423705088847,1.0,0.0,4.05,0.3840572873934304,0
274,0.9375316890472141,0.03089589067585119,0.013612648721535715,0.006018460184944867,0.0005974751784880389,0.0003135910029571437,100.0,0.0,63.15,2.4753787588973126,1.05,0.21794494717703372,4.4,0.9165151389911681,0
275,0.9396144047342048,0.02684319703208566,0.01332626001985979,0.006537436525067221,0.0005661751687549576,0.00030238775236871213,100.0,0.0,62.25,2.680951323690902,1.075,0.23848480035423641,4.25,0.698212002188447,0
276,0.9359761488777482,0.025210050548178115,0.014018081811448493,0.006565180275668595,0.0006050301309649921,0.00031029799521096536,100.0,0.0,62.45,2.4591665254715873,1.1,0.2549509756796392,4.45,0.9205976319760986,0
277,0.9371645838960635,0.02600157612978145,0.013854131361305061,0.006212785050704187,0.0005907624397140331,0.00031583829532298735,100.0,0.0,64.1,3.0149626863362666,1.0,0.0,4.0,0.4472135954999579,0
278,0.9374972488554395,0.0274469404031926,0.01409725519837877,0.006100391629104067,0.0005815461447804656,0.0003205782880338224,100.0,0.0,64.75,3.533765696816924,1.05,0.21794494717703372,4.0,0.7071067811865476,0
279,0.9408697745186098,0.025567530115031625,0.014028403023155556,0.006109830545458462,0.0005331290070782751,0.00027252258310912113,100.0,0.0,62.95,2.9406631905065224,1.125,0.3112474899497183,4.0,0.6324555320336759,0
280,0.9410689153522664,0.024127604676267768,0.012833066372633314,0.006215610609840693,0.0005535701176207736,0.0002649853572278852,100.0,0.0,63.65,2.7436289836637897,1.05,0.21794494717703372,4.15,0.6538348415311012,0
281,0.9407580454481476,0.026560467463949192,0.01335109457304053,0.006319882570227339,0.0005637783331720723,0.00028106267372305944,100.0,0.0,63.7,2.6476404589747453,1.05,0.21794494717703372,4.25,0.7664854858377946,0
282,0.9400178042682705,0.02472222515201728,0.0145127917681202,0.005469346064269637,0.0005525926523344505,0.0002841148935301829,100.0,0.0,63.35,3.1980462785894765,1.025,0.10897247358851683,4.25,0.698212002188447,0
283,0.9415487332803615,0.021206652769582328,0.01306905433204542,0.005321682522824078,0.0005514220865167375,0.00023295858693569323,100.0,0.0,62.4,2.7820855486487113,1.025,0.10897247358851683,4.15,0.3570714214271425,0
284,0.9375877195591418,0.021818855838119173,0.013349895074944301,0.006490201413775543,0.0005854339089502586,0.00025671054239157913,100.0,0.0,63.1,4.253234063627348,1.15,0.32015621187164245,4.05,0.6689544080129826,0
285,0.936937413048678,0.02270026654698579,0.013537470810051166,0.007323932914141345,0.0005788063424981176,0.00024386278649429958,100.0,0.0,64.3,2.7766886753829643,1.05,0.21794494717703367,4.2,0.6782329983125268,0
286,0.9341801497364483,0.024555154822354503,0.015619968336638248,0.00808771644996386,0.000581253575694964,0.0002168349959674436,100.0,0.0,62.6,2.764054992217051,1.125,0.3112474899497183,4.25,1.0428326807307104,0
287,0.9395517500752026,0.024005807905277832,0.014816170569335685,0.006999831475732381,0.0005362317219476786,0.00021281481165887048,100.0,0.0,62.4,3.583294573433783,1.1,0.2549509756796392,4.1,0.7681145747868608,0
288,0.9391786846276521,0.025713225774107576,0.015095517928793586,0.007581322512689714,0.0005341798539547262,0.0002403307591248539,100.0,0.0,62.95,1.883480820183736,1.025,0.10897247358851683,4.0,0.7745966692414834,0
289,0.939328450620976,0.022932037959435304,0.01409801014823393,0.007568427903924905,0.0005439850824008525,0.0002034633211035594,100.0,0.0,64.0,3.2093613071762426,1.125,0.3112474899497183,4.4,0.9695359714832658,0
290,0.9414532140765184,0.0187874521028047,0.013251511142689052,0.0066815893429910565,0.0005391021478412373,0.0001817254089684139,100.0,0.0,64.1,3.4770677301427417,1.1,0.3,4.0,0.6324555320336759,0
291,0.9452872381197498,0.021254048663845695,0.011544597797968136,0.0058332118178368465,0.000520755793553361,0.00023229311589640725,100.0,0.0,63.35,2.8857408061016145,1.0,0.0,4.2,0.7483314773547883,0
292,0.9483180810681588,0.025406373254569178,0.012513365192491039,0.005636879321401554,0.0004671395884295228,0.00025666884326982825,100.0,0.0,64.6,2.3748684174075834,1.05,0.2179449471770337,4.4,0.9165151389911679,0
293,0.9511494572515218,0.02501633300081872,0.011924459403019727,0.00700934305849824,0.00043027755578033697,0.00026920812829039453,100.0,0.0,62.75,3.404041715373065,1.1,0.3,4.2,0.5099019513592784,0
294,0.9462479881680522,0.028589308506620892,0.012474830969642548,0.0070677856579170655,0.00048756532774764757,0.0003093269620408551,100.0,0.0,63.95,2.4794152536434875,1.05,0.21794494717703372,3.9,0.5385164807134504,0
295,0.9439215314046769,0.025730956439658628,0.012989597820972915,0.0075085936239282355,0.0005042868277084583,0.0002705715753696442,100.0,0.0,62.4,1.9078784028338913,1.1,0.3,4.45,0.9205976319760986,0
296,0.9420818703400702,0.025024754044657482,0.01284743500798402,0.007108862754745356,0.000530566828112824,0.00027720862357267226,100.0,0.0,61.8,3.171750305430741,1.2,0.4,4.3,0.6403124237432849,0
297,0.9414054926568836,0.024866355441842097,0.012618171193087646,0.006813377018503696,0.0005415225272109512,0.0002718703645740366,100.0,0.0,63.45,2.765411361804967,1.075,0.23848480035423641,4.3,0.8426149773176358,0
298,0.9396373824841204,0.026057603143306754,0.012884216073740634,0.007590320470572279,0.0005503852220052418,0.0002509625094791492,100.0,0.0,65.05,2.4591665254715873,1.025,0.10897247358851683,4.0,0.5477225575051661,0
299,0.9414648963874548,0.022041061166194136,0.012524559244257685,0.0072291622011514175,0.0005346151097500162,0.00021655056314651865,100.0,0.0,63.95,3.1220986531498327,1.0,0.0,4.35,0.7262919523166976,0
300,0.9385328152892092,0.021639319738534668,0.012433658811358909,0.007117785486032441,0.0005792260861882402,0.0002031576816453386,100.0,0.0,64.05,2.011839953873071,1.0,0.0,4.2,0.6782329983125269,0
301,0.9394949759922394,0.01975957642376048,0.013731571179304564,0.00755606179009268,0.0005451981636769406,0.00020031927400225263,100.0,0.0,63.0,2.4698178070456938,1.0,0.0,4.15,0.7262919523166975,0
302,0.9392612670056198,0.02312370111741715,0.014027320265318523,0.006867217941736574,0.0005438030976454738,0.00022415432150837004,100.0,0.0,62.55,2.0365411854416298,1.15,0.3570714214271425,4.6,1.019803902718557,0
303,0.9356344739347785,0.028109900482559066,0.015699518431512505,0.008014045129397183,0.000551474999062674,0.00024925674480697017,100.0,0.0,62.05,4.06786184622831,1.175,0.36314597615834876,4.15,0.5722761571129799,0
304,0.9352887651830016,0.02512411653222638,0.016149609645258054,0.00802792158819124,0.0005484650434679918,0.00020871861660121672,100.0,0.0,65.0,3.082207001484488,1.0,0.0,4.0,0.9486832980505138,0
305,0.9375268764228075,0.02203107845607776,0.016040380943356768,0.007935238202172488,0.0005206560035252547,0.00017639564291924321,100.0,0.0,64.5,2.0371548787463363,1.05,0.21794494717703372,4.05,0.4974937185533099,0
306,0.9365700671443855,0.020409672253740962,0.015735578746544108,0.007988262937469749,0.0005550699743837857,0.00015045659561911353,100.0,0.0,64.4,2.6532998322843193,1.0,0.0,4.3,0.714142842854285,0
307,0.9378172263312674,0.025302617305675776,0.016785532680073982,0.008333003806295102,0.000512049152450716,0.00019580311026918992,100.0,0.0,62.75,2.7363296585024255,1.05,0.2179449471770337,4.2,0.6,0
308,0.9364326249217909,0.024468539491615485,0.017424557101016414,0.007957322964896332,0.0005212623098787984,0.00019478004680018187,100.0,0.0,62.9,3.1606961258558215,1.025,0.10897247358851683,4.2,0.7483314773547883,0
309,0.934410632915274,0.0253851916678106,0.01714667801305928,0.007923676292642725,0.0005583978140343229,0.0002540946234107677,100.0,0.0,62.3,2.882707061079915,1.05,0.21794494717703372,4.75,0.82915619758885,0
310,0.9369143355000162,0.026437478074422857,0.015617852777185215,0.008728769235338751,0.0005430173560986607,0.00025090051815160206,100.0,0.0,64.2,3.385262175962151,1.0,0.0,4.1,0.6244997998398398,0
311,0.9342814004072707,0.025503824529901794,0.015829084842621542,0.007329754075033717,0.0005818006314705652,0.0002674401934485071,100.0,0.0,64.45,2.15580611373101,1.0,0.0,4.1,0.6244997998398398,0
312,0.935094809646799,0.021742877962491986,0.01479915518696541,0.007719273253981172,0.0005851477412348523,0.00025509135522888715,100.0,0.0,63.8,3.325657829663178,1.0,0.0,4.15,0.8529361054615991,0
313,0.9384738081871135,0.02202775732430201,0.01494531927106001,0.008471303363246387,0.0005387855294006889,0.00024275276708197,100.0,0.0,63.7,2.5317977802344327,1.075,0.23848480035423641,4.35,0.7262919523166976,0
314,0.9393729440834239,0.024404241085958855,0.014138949448681697,0.008589363245471847,0.000541400661165246,0.0002387020011591556,100.0,0.0,63.15,3.9531632903283924,1.15,0.3570714214271425,4.2,0.812403840463596,0
315,0.9410012197858328,0.02320253368416713,0.014631212471985646,0.00784806937132704,0.0005153548879821237,0.00022377842686856876,100.0,0.0,63.15,2.286372673034735,1.075,0.23848480035423641,4.1,0.6244997998398398,0
316,0.9409381796853905,0.024124624750318686,0.014630861346879645,0.00731378170315765,0.0005205966128038643,0.00020132752123833315,100.0,0.0,63.55,2.8892040426387338,1.0,0.0,4.25,0.698212002188447,0
317,0.9398705364211981,0.02227094879621912,0.01500476503490523,0.006338320085351706,0.0005334575416468886,0.0001852330456941906,100.0,0.0,63.1,2.9137604568666933,1.025,0.10897247358851683,4.4,0.9165151389911679,0
318,0.9374225071416189,0.01998636026326969,0.015255051957148071,0.006498006926235509,0.0005575444813477094,0.00016065615465356804,100.0,0.0,63.75,2.878801834096956,1.0,0.0,4.35,0.5722761571129799,0
319,0.9386950811163226,0.02159298248526602,0.015348003262209257,0.006017082916693312,0.0005485011808996127,0.0001891088370613515,100.0,0.0,63.15,2.5548972582082436,1.05,0.2179449471770337,4.3,0.6403124237432849,0
320,0.9390887310188416,0.020986846508211945,0.01482286932622294,0.006352297922244919,0.0005399885834008701,0.00017435154643430576,100.0,0.0,62.9,2.2781571499789037,1.025,0.10897247358851683,4.45,0.9733961166965891,0
321,0.9352882885121723,0.018976394205799347,0.01593307981544917,0.006700500163362642,0.0005658917592004293,0.00015218337611253921,100.0,0.0,63.05,3.1220986531498327,1.125,0.3112474899497183,4.1,0.7,0
322,0.9374157113757114,0.023668406448533807,0.015592669975410523,0.007634065935812084,0.0005391227099973678,0.0001986635361010468,100.0,0.0,62.55,2.3973944189473704,1.05,0.21794494717703372,4.65,0.653834841531101,0
323,0.9378626290525377,0.025904819310614172,0.015951022099762534,0.007040136794503857,0.0005408817833284424,0.000237402489204235,100.0,0.0,63.7,2.3895606290697042,1.075,0.23848480035423641,4.3,0.6403124237432849,0
324,0.938388635624819,0.026297676744511996,0.01571262858258418,0.007373181610048565,0.0005399157965239227,0.0002502567922487397,100.0,0.0,63.65,2.286372673034735,1.1,0.2549509756796392,4.2,0.6782329983125268,0
325,0.9348979934125733,0.030412614331450875,0.014836675545876563,0.0075304066015968564,0.0006060294372140971,0.0002991469150531704,100.0,0.0,63.15,2.372235232855292,1.05,0.21794494717703372,4.35,0.7921489758877431,0
326,0.9357367715764667,0.02854886501037379,0.013080623139328697,0.006907220572001319,0.0006065464500635064,0.00028041996515698776,100.0,0.0,63.5,2.958039891549808,1.1,0.3,4.0,0.6324555320336759,0
327,0.9329700372153003,0.028726068468292714,0.014036619404745343,0.006730998005447461,0.0006327627715786874,0.0002879175289051671,100.0,0.0,63.55,2.836811590500857,1.0,0.0,4.0,0.7071067811865476,0
328,0.932954516716302,0.03545006208122165,0.014872497705563589,0.008582329794316137,0.0006159053811191876,0.0003650794944423067,100.0,0.0,62.95,2.67348087705897,1.075,0.23848480035423641,4.1,0.5385164807134504,0
329,0.9318157445947127,0.03075714556759576,0.015189072554001726,0.009535637969806617,0.0006211843147834789,0.0003104268554368385,100.0,0.0,63.65,4.2340878592679205,1.15,0.3570714214271425,4.25,0.6224949798994366,0
330,0.9298315966442731,0.026529720072327356,0.0141775038142962,0.008575202894092027,0.0006516156355041833,0.000258128615450621,100.0,0.0,63.9,2.947880594596735,1.025,0.10897247358851683,4.35,0.8529361054615991,0
331,0.9373160630130297,0.020299018483907423,0.014482746821160172,0.008159121726556908,0.0005604784328463494,0.00019140724583616275,100.0,0.0,63.45,2.801338965566288,1.1,0.3,4.35,0.5722761571129799,0
332,0.9354965493508749,0.022239213139507618,0.015274409056720829,0.008187134761172783,0.0005737740283366622,0.00022278731431582319,100.0,0.0,62.8,2.6191601707417593,1.025,0.10897247358851683,4.3,0.6403124237432849,0
333,0.9325537897591181,0.026222882938488564,0.01440745124936832,0.008971221134750356,0.0006147312178323846,0.00026840568986389956,100.0,0.0,63.7,2.7946377224964243,1.075,0.23848480035423641,4.3,0.8426149773176358,0
334,0.9362401256326734,0.0238839800969588,0.01429375657367105,0.009335329187502916,0.0005611460616092919,0.00017989322483552767,100.0,0.0,64.1,3.6041642581880198,1.0,0.0,4.4,1.0198039027185568,0
335,0.9319186269247093,0.024263893665489263,0.015523054355193928,0.009038460043923854,0.0006048708150854735,0.0002398547380674498,100.0,0.0,62.9,3.7403208418530087,1.175,0.36314597615834876,4.3,0.45825756949558405,0
336,0.9379262161307341,0.02598581721185546,0.015123865512225046,0.010161927737528477,0.000520278415833667,0.0002465624250281471,100.0,0.0,63.95,3.7212229172679243,1.175,0.36314597615834876,4.45,0.6689544080129827,0
337,0.9361776188840161,0.028342893831663572,0.014999600062251548,0.009714728278527223,0.0005493256861941213,0.0002859062289100118,100.0,0.0,64.6,2.9051678092667896,1.025,0.10897247358851683,4.15,0.6538348415311009,0
338,0.9340676999730325,0.026963384354835945,0.01621523555979091,0.008603270769162823,0.0005802905408548635,0.00027302709114464653,100.0,0.0,63.5,2.5199206336708304,1.0,0.0,4.2,0.6,0
339,0.936329195397839,0.022640117097313665,0.016510830125420393,0.008606835759293998,0.0005367359888385755,0.0002145514355735485,100.0,0.0,64.15,2.688401011754013,1.025,0.10897247358851683,4.1,0.6244997998398398,0
340,0.9376866325756419,0.022272256800655164,0.01610985794169106,0.00948238655862725,0.000514611331836162,0.0001908407946946095,100.0,0.0,62.75,2.8262165522125158,1.05,0.21794494717703372,4.05,0.6689544080129826,0
341,0.9387385206948883,0.024706348433039135,0.01633661503120481,0.009377270975829452,0.0005017366868862368,0.00020834617421481758,100.0,0.0,63.35,3.365635155509284,1.125,0.3112474899497183,4.25,0.7664854858377946,0
342,0.9403863424110452,0.028953614085983487,0.01657890969612355,0.009557130688534645,0.00047634732044992203,0.0002358569575066788,100.0,0.0,62.25,3.6314597615834874,1.1,0.3,4.25,0.7664854858377946,0
343,0.9413452608364029,0.029013491732837557,0.015774829197481757,0.009690359979807772,0.0004769068561582255,0.00022709135762077646,100.0,0.0,63.95,2.5782746168707478,1.025,0.10897247358851683,4.05,0.8645808232895291,0
344,0.9397941334981935,0.03020698410418363,0.01536991390010872,0.009504227732063046,0.0005094756207365389,0.0002723149717414497,100.0,0.0,62.4,2.4166091947189146,1.0,0.0,4.3,0.45825756949558405,0
345,0.9416366882983687,0.0302516016976892,0.015545748279542337,0.009127338157114976,0.00048432102333989736,0.00025062252762597046,100.0,0.0,63.15,3.48245602987317,1.1,0.3,4.4,0.8602325267042626,0
346,0.9438861653175927,0.02839338789507243,0.015412926372103267,0.009333014561558302,0.00044926617580303747,0.00021760750319182938,100.0,0.0,63.8,3.4727510708370675,1.15,0.3570714214271425,3.85,0.5722761571129799,0
347,0.9455004274801059,0.025948350315972056,0.01637032118116034,0.00988809512923151,0.00040901089558319426,0.00015030330523690193,100.0,0.0,64.1,3.064310689208912,1.0,0.0,4.3,0.7810249675906654,0
348,0.9416029236676675,0.029203881885823384,0.01630055444596588,0.008603733778420065,0.00047011996348084704,0.00023271588694664477,100.0,0.0,63.65,2.43464576478797,1.05,0.21794494717703372,4.05,0.5894913061275798,0
349,0.9386715030795262,0.03169047355046794,0.016126080005972706,0.00841117994547557,0.0005100091633536868,0.0003083992827129171,100.0,0.0,63.55,2.940663190506523,1.0,0.0,4.3,1.0049875621120892,0
350,0.9376379304530754,0.029386283239835817,0.016219940010620687,0.008360814318742834,0.000520228583249541,0.00026794196904899036,100.0,0.0,62.9,2.5278449319529077,1.05,0.21794494717703372,4.45,0.9205976319760986,0
351,0.9332179947588685,0.02946102057237604,0.01624117025412577,0.007284876887752801,0.0005891724142516553,0.0003284867636284834,100.0,0.0,63.1,1.9723082923316022,1.05,0.21794494717703372,4.2,0.8124038404635961,0
352,0.9374778023831911,0.026194934180803195,0.014836343321758011,0.007161170922522491,0.0005542340801387438,0.00026618314879432904,100.0,0.0,63.8,3.171750305430741,1.075,0.23848480035423641,4.55,0.6689544080129827,0
353,0.93708124940516,0.022668291028061015,0.016364251313722617,0.00712664679698737,0.000538992808670284,0.0002523029549103104,100.0,0.0,63.9,3.047950130825634,1.025,0.10897247358851683,4.15,0.7262919523166975,0
354,0.9411039543330062,0.023602482763183812,0.016059768450277092,0.007390410750981103,0.0004913634958629281,0.0002166601155462284,100.0,0.0,63.0,2.9832867780352594,1.1,0.3,4.2,0.8124038404635961,0
355,0.9416331062501936,0.025108193828542635,0.016611181976256245,0.007482064904009198,0.00047518798540615215,0.00019698378519306537,100.0,0.0,63.1,2.930870177950569,1.05,0.21794494717703372,4.5,0.8660254037844386,0
356,0.9410578742564043,0.026174958506855955,0.015633388172421117,0.007325945881475987,0.0005084460342848809,0.00021389570521850254,100.0,0.0,63.35,2.903015673398957,1.05,0.21794494717703372,4.35,0.653834841531101,0
357,0.9391871035886445,0.02575294881000952,0.015594963349390981,0.00743253794780897,0.0005366670315276945,0.00023981760148366924,100.0,0.0,63.1,2.3430749027719964,1.05,0.21794494717703372,4.3,0.5567764362830021,0
358,0.9389992297933958,0.028406796934327638,0.015238208176681617,0.007589180212386009,0.000545977829797936,0.00025318379074535546,100.0,0.0,63.45,2.836811590500857,1.1,0.3,4.15,0.47696960070847283,0
359,0.9366755007576281,0.02434627626560316,0.01606290082083618,0.007991410765728398,0.0005489649405096276,0.00019937292166148025,100.0,0.0,62.95,2.3973944189473704,1.05,0.21794494717703372,4.1,0.6244997998398398,0
360,0.9360669869706315,0.028427452263109054,0.014842347735763034,0.008489250558865846,0.000571317229838107,0.0002558564023916683,100.0,0.0,64.2,2.0639767440550294,1.05,0.21794494717703372,4.0,0.6324555320336759,0
361,0.9348209982278446,0.026424111770523673,0.015227103479417952,0.007909244287632934,0.0005860219547538116,0.00024957820141144555,100.0,0.0,63.7,3.716180835212409,1.15,0.3570714214271425,4.05,0.804673846971554,0
362,0.9404398356853987,0.02968232621604606,0.015058714729391331,0.0070946962823961405,0.0005246619622502505,0.00026614690246455934,100.0,0.0,62.5,2.247220505424423,1.025,0.10897247358851683,4.2,0.6,0
363,0.9383105801865748,0.033297829198029524,0.014734299657656227,0.008072738376612654,0.0005525687602564182,0.000347525763892636,100.0,0.0,62.3,3.7696153649941526,1.15,0.3570714214271425,4.05,0.5894913061275798,0
364,0.9383218786872056,0.02640180976256247,0.01451199690668899,0.007675019836161352,0.0005615854829475745,0.0002784318122882162,100.0,0.0,64.7,3.132091952673165,1.0,0.0,4.15,0.6538348415311012,0
365,0.9377509582984118,0.0271040328555691,0.015262456760231103,0.007827503677413793,0.0005497644234644292,0.00025813897725671055,100.0,0.0,63.45,2.9912372022292053,1.05,0.21794494717703372,4.45,0.8645808232895291,0
366,0.9317262327369269,0.030516635417973677,0.015014027796663162,0.00805659332654033,0.0006386232982429766,0.0003166380393428036,100.0,0.0,62.75,2.878801834096956,1.1,0.3,4.05,0.739932429347437,0
367,0.9329358850967451,0.03587167330926676,0.015073168221025637,0.007947123359302734,0.0006186529487633753,0.00037381397779334723,100.0,0.0,63.75,3.2384409829422554,1.075,0.23848480035423641,4.1,0.7000000000000001,0
368,0.9396266333114818,0.029350308445436016,0.014811001815771283,0.0072366945782039085,0.0005346972611440644,0.00031189573436078477,100.0,0.0,63.45,3.6670833096617805,1.075,0.23848480035423641,4.2,0.7483314773547883,0
369,0.9390842701639345,0.026456213242985895,0.016118516579579484,0.006893681952796644,0.00052581010726338,0.00029813657002566464,100.0,0.0,63.45,3.2011716605018234,1.05,0.2179449471770337,4.05,0.49749371855331004,0
370,0.9376227711630447,0.030737668667571015,0.015812427168635824,0.0073860865684487005,0.0005381451972779039,0.00030708845572273923,100.0,0.0,64.1,2.844292530665578,1.05,0.15,4.25,0.698212002188447,0
371,0.9349724467193277,0.03039552434325672,0.01661920382502664,0.007571321312891469,0.0005580493298350862,0.00028716790848898165,100.0,0.0,63.85,3.1666228067138023,1.0,0.0,4.15,0.6538348415311009,0
372,0.9269893045804926,0.03036785140044636,0.018057486354431208,0.00789570667194397,0.0006313380827404297,0.0002738662733874125,100.0,0.0,63.75,1.8131464364468746,1.05,0.21794494717703372,3.95,0.5894913061275798,0
373,0.9302103773584971,0.030250837934977307,0.018850214293601963,0.008768286047306393,0.0005696462430015716,0.0002647990872001312,100.0,0.0,63.25,2.5273503912200224,1.05,0.21794494717703372,4.15,0.653834841531101,0
374,0.935821209008498,0.02531991421904883,0.01812557529521842,0.0074086621933632255,0.000519499261792623,0.00023268658521832407,100.0,0.0,64.4,3.307567081708245,1.05,0.21794494717703372,4.0,0.5477225575051661,0
375,0.93856160925921,0.025468759400061304,0.018066464723593436,0.007610452787659512,0.0004792376811268671,0.00021796455230702484,100.0,0.0,64.85,3.5252659474144643,1.075,0.23848480035423641,4.35,1.1947803145348521,0
376,0.941494679537735,0.023532218857803575,0.016842138758524184,0.008153971925075627,0.00045857486561801645,0.00020012294686880562,100.0,0.0,63.8,3.2186953878862163,1.05,0.21794494717703372,4.15,0.7921489758877431,0
377,0.9362059795589012,0.023737419318544763,0.01793880534438206,0.008098348139739595,0.0005117234832971323,0.00019765541117578442,100.0,0.0,62.75,3.2384409829422554,1.025,0.10897247358851683,4.3,0.7810249675906654,0
378,0.934261759632631,0.02301889978496224,0.017105424526724887,0.008511868972399196,0.0005432695285017303,0.00018631122609771275,100.0,0.0,64.05,3.667083309661781,1.05,0.21794494717703372,4.15,0.7262919523166975,0
379,0.9365358307510689,0.02405127366432664,0.016814167831924385,0.008317777784284188,0.0005155714616606811,0.00017579350000377554,100.0,0.0,63.95,3.3834154341434335,1.075,0.23848480035423641,4.3,0.8426149773176358,0
380,0.9364709163948666,0.022697085824944434,0.015788969076047828,0.008151795495839137,0.0005433413625254781,0.00021114002484169718,100.0,0.0,63.05,2.8543825952384165,1.0,0.0,4.2,0.7483314773547882,0
381,0.9379134582714531,0.024018430678251705,0.01651151230975092,0.008372206948997034,0.0005098767083314902,0.00019545148642762585,100.0,0.0,63.4,2.6720778431774774,1.15,0.3570714214271425,4.2,0.812403840463596,0
382,0.9392879338677419,0.01975727622801062,0.01602568549615603,0.00808922909948514,0.0004972728098191193,0.0001919380158676953,100.0,0.0,62.85,2.8155816450602176,1.075,0.23848480035423641,4.25,0.82915619758885,0
383,0.9371641975203786,0.02515812055381964,0.015398050873634671,0.008482740744484097,0.0005341447743910245,0.00024186295897966466,100.0,0.0,62.0,2.792848008753788,1.05,0.21794494717703372,4.25,0.7664854858377946,0
384,0.9369528577637597,0.022668333642540176,0.01648868104012529,0.008572300313570065,0.0005162676026563143,0.00023411732998209283,100.0,0.0,62.3,2.968164415931166,1.1,0.3,4.5,0.7416198487095663,0
385,0.9398441210433874,0.01913443841128791,0.016144328897524495,0.008247631847879957,0.0004910684973673651,0.0001575056956540542,100.0,0.0,64.1,3.491418050019218,1.15,0.3570714214271425,3.9,0.7681145747868608,0
386,0.9401755547743876,0.017376024032539267,0.01714175628451847,0.007512327544458808,0.00048598092310818826,0.00014740355348818684,100.0,0.0,63.25,3.222964473896664,1.1,0.3,4.25,0.82915619758885,0
387,0.9416870769086237,0.015153631566520604,0.01617715113691979,0.0074342422909656454,0.0004824016032167035,0.00015609433998868108,100.0,0.0,63.95,2.4387496796514396,1.0,0.0,4.15,0.7262919523166976,0
388,0.9416325479649702,0.014709507298246003,0.015221164554820138,0.007495379664909407,0.0004952715045149597,0.00018595721408620866,100.0,0.0,63.5,2.80178514522438,1.05,0.21794494717703367,4.25,0.82915619758885,0
389,0.9431158717929202,0.01378431338774572,0.014762399312606686,0.006603978748845339,0.0004899390770403661,0.00012894624340214936,100.0,0.0,63.75,2.7726341266023544,1.1,0.2549509756796392,4.35,0.5722761571129799,0
390,0.9411382450034855,0.016719062210380452,0.016063020591189976,0.006996234591322844,0.0004923763344905522,0.00014643175538792691,100.0,0.0,63.45,2.81913107180209,1.05,0.2179449471770337,4.1,0.6244997998398398,0
391,0.9440038772167959,0.019673797974493562,0.01525712802973847,0.007410528381233892,0.0004712666971110513,0.0001848025990678102,100.0,0.0,63.3,3.0512292604784714,1.0,0.0,4.35,0.6538348415311012,0
392,0.944417596002815,0.020649870559079693,0.015015681064996391,0.007916282594884572,0.0004746401728390315,0.0001731456325193663,100.0,0.0,63.8,2.9933259094191524,1.1,0.3,4.1,1.1789826122551597,0
393,0.9454024081896417,0.02128787869506205,0.014934882996271609,0.00773370271936494,0.00046441393394420865,0.00018991019907034783,100.0,0.0,63.8,2.5999999999999996,1.05,0.21794494717703372,4.9,1.1789826122551597,0
394,0.9440846844639628,0.02137589974156206,0.014448962483749005,0.008402266633846725,0.0004841446758914396,0.00020773165975296678,100.0,0.0,63.05,3.761316258971054,1.05,0.15,4.15,0.7262919523166976,0
395,0.9417794974986069,0.023913652408053095,0.01525814479471992,0.008304483683743627,0.0004896083600841113,0.00023968869937516924,100.0,0.0,62.85,2.5937424698685874,1.125,0.3112474899497183,4.15,0.5722761571129799,0
396,0.9401475938772709,0.022285251356954184,0.014995224168736826,0.007983063651162702,0.00052199908008583,0.00022439005451076598,100.0,0.0,63.4,3.246536616149586,1.125,0.3112474899497183,4.35,0.6538348415311012,0
397,0.9441502460467476,0.022246671879472112,0.0160449747060803,0.007574875376589265,0.0004547180207852162,0.0002133845368648708,100.0,0.0,62.9,3.047950130825634,1.05,0.21794494717703372,4.65,0.7921489758877431,0
398,0.9439636077977257,0.02317828338381809,0.016523435302774135,0.008026322869275264,0.0004477606767876771,0.0002015412040104459,100.0,0.0,63.35,2.4550967394381837,1.05,0.21794494717703367,4.05,0.5894913061275798,0
399,0.9449426936009637,0.021207595904992792,0.015644702458420527,0.008870563486635662,0.0004381535048861347,0.00019018309348282336,100.0,0.0,62.85,2.4550967394381833,1.05,0.2179449471770337,4.4,0.8,0
400,0.9462526716068675,0.0203835235259466,0.016337008688356216,0.007620051930267397,0.00041752536312064366,0.00019438518821975572,100.0,0.0,62.55,3.0736785778607367,1.05,0.21794494717703372,4.2,0.5099019513592784,0
401,0.9449368740971741,0.01604966602507617,0.01574838863678924,0.006960936072573711,0.0004483825275204727,0.00016442167210499058,100.0,0.0,63.85,2.414021540914662,1.1,0.3,3.95,0.804673846971554,0
402,0.9437969410341409,0.01678744294004151,0.015354216360715128,0.007597652486190392,0.0004705674990020996,0.00017501797759771274,100.0,0.0,63.75,3.5899164335677787,1.1,0.3,4.15,0.9630680142129111,0
403,0.9465188217234386,0.015849877647399674,0.017067976447145448,0.007224031889765892,0.0004113773064003953,0.00013658510518369888,100.0,0.0,62.85,2.5352514668174435,1.1,0.3,4.15,0.4769696007084728,0
404,0.9480389728194375,0.015106475224465867,0.01691432590958334,0.006792668606639017,0.0004033706618564987,0.0001564008735719481,100.0,0.0,63.65,2.6884010117540127,1.05,0.21794494717703372,4.2,0.6,0
405,0.9454796781191177,0.016841860514233486,0.017815355497472325,0.007885572188288417,0.0004053625758662552,0.00016150128761305762,100.0,0.0,63.4,2.8000000000000003,1.05,0.21794494717703372,4.15,0.7262919523166975,0
406,0.9411153104433273,0.01601535322530499,0.01739963898175678,0.007151528453154494,0.00047592001456641926,0.00018954106474732986,100.0,0.0,62.65,4.162631379308046,1.15,0.32015621187164245,4.1,0.8888194417315588,0
407,0.9407258466358291,0.021507479700225037,0.017823353738457642,0.007419543845504077,0.0004672303629097808,0.0002136216991338494,100.0,0.0,63.95,2.8892040426387333,1.0,0.0,4.35,0.7262919523166976,0
408,0.943250591801629,0.0254239842535291,0.01711124766198236,0.007446462946781146,0.00045515595177135926,0.000279883507944038,100.0,0.0,63.05,3.0736785778607367,1.15,0.3570714214271425,4.25,0.4330127018922193,0
409,0.9456491236439735,0.020573667937982612,0.0168497285324033,0.008032599934804137,0.00041162434844036546,0.00019411815288438336,100.0,0.0,63.25,3.031088913245535,1.075,0.23848480035423641,4.3,0.45825756949558405,0
410,0.9398412505780562,0.02411122536900301,0.01700794197742818,0.008647099312660143,0.0004809932334747721,0.00026357849861448243,100.0,0.0,64.15,2.7798381247835278,1.0,0.0,4.25,0.9420721840708386,0
411,0.9389872690374401,0.024088620718586768,0.016722125416973873,0.008644103600954444,0.0005037261656734191,0.0002807063960883457,100.0,0.0,62.55,2.7290108097990378,1.15,0.3570714214271425,4.15,0.7262919523166975,0
412,0.941563789960141,0.01871301299199971,0.016527861011968493,0.006834206606763872,0.0004844372345538762,0.00020055888146675423,100.0,0.0,62.95,3.0244834269673224,1.075,0.23848480035423641,4.2,0.8717797887081348,0
413,0.9375627209045163,0.020557445399704985,0.01664441694557642,0.006797178591035738,0.0005393242233903854,0.0002047117771617787,100.0,0.0,64.65,2.903015673398957,1.0,0.0,4.3,0.5567764362830021,0
414,0.9417716500663387,0.020266737858346026,0.015621593613425286,0.0058972097733228715,0.0004980705716853562,0.0002397922611954866,100.0,0.0,63.75,2.5074887836239665,1.0,0.0,4.35,0.7262919523166975,0
415,0.9379823086649482,0.026201980515950626,0.017328167277564074,0.005349899318571201,0.0005222996330530459,0.0002917863520885089,100.0,0.0,63.85,2.286372673034735,1.05,0.21794494717703367,4.2,0.5099019513592784,0
416,0.9356203533287253,0.024387586896788802,0.017505498644547538,0.005684392509400567,0.0005457334674063192,0.0003020273539740692,100.0,0.0,63.05,3.169779172119093,1.075,0.23848480035423641,4.25,0.698212002188447,0
417,0.9372058895207015,0.02287523931252323,0.016928254571689717,0.006699573067466212,0.0005339614512964176,0.00026599536157792314,100.0,0.0,65.4,2.672077843177477,1.0,0.0,4.25,0.698212002188447,0
418,0.9408937881966359,0.021058555058750976,0.016074709078694842,0.006987436379304537,0.0004939599067943021,0.00020175261312044585,100.0,0.0,62.55,3.5843409436045564,1.05,0.21794494717703372,4.3,0.8426149773176358,0
419,0.9416395717089792,0.021688985006651455,0.017407384365256545,0.006839878415891914,0.0004632927689474196,0.00020911429476081007,100.0,0.0,61.8,3.043024810940588,1.2,0.4,3.95,0.5894913061275798,0
420,0.9452736841458014,0.01943469990707808,0.016148501261967936,0.006160153605673298,0.0004540399411127723,0.00019242202116974904,100.0,0.0,64.25,2.624404694402142,1.05,0.21794494717703372,4.05,0.6689544080129826,0
421,0.9393444647478493,0.018639154889348756,0.016664778298712494,0.006086814899566868,0.0005257319715106649,0.00019104628972695014,100.0,0.0,63.75,2.299456457513384,1.0,0.0,4.25,0.5361902647381804,0
422,0.9380700356362934,0.017045691456161156,0.01627982781069032,0.006051337141067168,0.0005453496445936924,0.00019369099520460844,100.0,0.0,63.9,3.7403208418530087,1.125,0.3112474899497183,3.95,0.4974937185533099,0
423,0.9375755733396083,0.02087274571512647,0.015446504308987145,0.007037963880870698,0.0005624556074056745,0.0002648197197186414,100.0,0.0,62.6,4.1521078984053394,1.2,0.4,4.15,0.9096702699330127,0
424,0.9362039568382935,0.021955164266250243,0.016024816791178724,0.006404469058166222,0.0005711867016728172,0.00029890392557494063,100.0,0.0,63.9,2.5670995305986875,1.025,0.10897247358851683,4.1,0.43588989435406733,0
425,0.9353389635655087,0.022640771645959713,0.01506580530386183,0.0060938762857691954,0.0005861233366508965,0.0002856826481440626,100.0,0.0,62.5,3.0413812651491097,1.1,0.3,4.65,0.9096702699330126,0
426,0.9332833040956359,0.023320662547187867,0.015010569100635241,0.0060011802803986184,0.0006112836469207015,0.0002767336158879619,100.0,0.0,63.0,2.569046515733026,1.05,0.15,4.1,0.7,0
427,0.9377746666366598,0.023719866314750704,0.01480000545637002,0.005595031354386144,0.000558888674279507,0.00027450018817833316,100.0,0.0,63.95,3.528101472463625,1.05,0.21794494717703372,4.25,0.5361902647381804,0
428,0.9400669142195526,0.023729075243131136,0.015233721284712976,0.00691436130291909,0.0005173507208468999,0.00024580889584420055,100.0,0.0,63.6,3.023243291566195,1.05,0.21794494717703372,4.3,0.6403124237432849,0
429,0.9411737073517681,0.020972932816171047,0.014629994254794327,0.006529380279701977,0.0005185337424055772,0.000227813320860595,100.0,0.0,62.45,2.836811590500857,1.15,0.3570714214271425,4.2,0.6782329983125269,0
430,0.943272719929069,0.01957573160391985,0.014616302016849849,0.006567606139688984,0.00048780202680302233,0.00019425412679758807,100.0,0.0,63.55,2.132486811213612,1.1,0.2549509756796392,4.2,0.6782329983125268,0
431,0.9388139484426089,0.018154983717384297,0.01355443205529617,0.007220267771025381,0.0005515786094390449,0.00019127024377954704,100.0,0.0,62.55,3.169779172119093,1.125,0.3112474899497183,4.1,0.5385164807134504,0
432,0.9371887093172063,0.02039469300790162,0.014260657331853336,0.00789961795531141,0.0005570631679051015,0.0001923451881474265,100.0,0.0,63.95,2.4994999499899975,1.05,0.21794494717703372,4.05,0.6689544080129826,0
433,0.9348088717561621,0.019677719084459904,0.014359818536891996,0.008104828807866296,0.0005874714935243904,0.0002036361748889359,100.0,0.0,63.4,3.6660605559646724,1.1,0.3,4.25,0.5361902647381804,0
434,0.9334581372453561,0.02289743295666721,0.014092643858526866,0.007212021689014258,0.000618935871912178,0.00026694377684577186,100.0,0.0,63.2,3.3105890714493693,1.075,0.23848480035423641,4.15,0.6538348415311012,0
435,0.934763473650916,0.024253450456113407,0.014394655471699436,0.006804523615940419,0.0006072300517597636,0.00028873894053080653,100.0,0.0,64.0,3.40587727318528,1.05,0.21794494717703372,4.15,0.6538348415311012,0
436,0.935599777659171,0.02448862299270776,0.014899701443801002,0.007232949467523653,0.0005671155856810052,0.00023510513031322963,100.0,0.0,64.65,2.2863726730347356,1.05,0.21794494717703372,4.2,0.39999999999999997,0
437,0.9282464513356817,0.02638814517847412,0.015150879740532808,0.0076485113482544125,0.0006561823118318046,0.00026948229030766,100.0,0.0,62.75,3.1444395367060247,1.05,0.21794494717703372,4.3,0.7810249675906654,0
438,0.9311837882129422,0.024614965977393103,0.015667654334792933,0.0081717511485182,0.000613040781039376,0.0002496072381046276,100.0,0.0,63.1,2.826658805020514,1.0,0.0,4.55,0.6689544080129827,0
439,0.9343823056079724,0.01978723688512169,0.015662661322692145,0.008472792899615141,0.0005744081836616175,0.00019641956683421051,100.0,0.0,63.85,2.868361901852694,1.025,0.10897247358851683,4.25,0.5361902647381804,0
440,0.9316107652703606,0.026649182770301323,0.016240604562672203,0.008911469680890923,0.0005993325271205863,0.0002843535726356837,100.0,0.0,63.2,2.712931993250107,1.1,0.3,4.05,0.804673846971554,0
441,0.9336098660528578,0.02789422947401356,0.016811913392979955,0.008561484309921,0.0005779703954062096,0.0003371994169231898,100.0,0.0,63.25,2.1880356487041066,1.025,0.10897247358851683,4.55,0.6689544080129827,0
442,0.9396995548377405,0.02543766283281149,0.015716565983751735,0.009064922510838291,0.000496972473301332,0.0002520694384450079,100.0,0.0,62.85,3.365635155509284,1.1,0.3,4.15,0.47696960070847283,0
443,0.9425893953927416,0.023728633794226385,0.016424033247478542,0.008040381981035596,0.00045774102561812124,0.00021544783165872408,100.0,0.0,62.15,3.335790760824186,1.1,0.25495097567963926,4.5,1.118033988749895,0
444,0.9439304220284679,0.024113747359924942,0.01575331785169686,0.008118033486822343,0.0004502843134846472,0.00023079555850752455,100.0,0.0,65.35,2.903015673398957,1.0,0.0,4.05,0.6689544080129826,0
445,0.9396568756859697,0.026552200082410472,0.015149640284407379,0.007984750901596309,0.0005187540377664752,0.0002723892269807316,100.0,0.0,62.85,3.5815499438092444,1.05,0.15,4.3,0.8426149773176358,0
446,0.9393618144715395,0.024791118378905273,0.01622323566938962,0.00816780868210787,0.0005055988358429015,0.00022763457593823688,100.0,0.0,62.95,2.9406631905065224,1.025,0.10897247358851683,4.3,0.5567764362830021,0
447,0.9429722251794453,0.02171525556924189,0.015464868205269156,0.0078653417437916,0.00046921950328616057,0.00016133936634619875,100.0,0.0,61.85,3.1348843678834477,1.125,0.3112474899497183,3.85,0.3570714214271425,0
448,0.9435474151586357,0.022025608514095445,0.014058173329572701,0.007940540551647994,0.0004845575083034327,0.00013371958102325197,100.0,0.0,64.05,3.3537292675468007,1.0,0.0,4.2,0.812403840463596,0
449,0.9405357644886652,0.024490901913480006,0.013804227477581924,0.008383888464085184,0.0005289944790242151,0.00020191174847914716,100.0,0.0,62.85,2.8508770580296865,1.1,0.3,4.25,0.82915619758885,0
450,0.9388818004679524,0.022449981535619893,0.01378414440458937,0.008561750459264855,0.0005505131863603851,0.00016522378296467333,100.0,0.0,63.65,2.937260628544903,1.05,0.21794494717703372,4.2,0.812403840463596,0
451,0.9418103474658475,0.023366975584503288,0.013758030209616506,0.007847435152903497,0.0005203225444698047,0.0002369582334953922,100.0,0.0,62.55,2.923610781208744,1.025,0.10897247358851683,4.35,0.8529361054615991,0
452,0.9426874200602591,0.02791528835616987,0.014601309289523103,0.00817863802536426,0.0004943372317704126,0.00030257908439756996,100.0,0.0,62.65,3.08666486681013,1.05,0.21794494717703372,4.35,0.9630680142129111,0
453,0.9414139700940833,0.0274488432129197,0.014912982472569059,0.008374161681232156,0.0004977455819083672,0.00028961794453810175,100.0,0.0,64.05,3.201171660501823,1.05,0.21794494717703372,4.1,0.7000000000000001,0
454,0.936423042388142,0.029562785580509454,0.016101924110974303,0.007783133018864889,0.0005606321387660736,0.0003369088490993337,100.0,0.0,63.55,2.97447474354717,1.0,0.0,3.95,0.5894913061275798,0
455,0.9381941320834315,0.02663217405571268,0.015325668682327365,0.007033942010502353,0.0005462125866003101,0.00030587686869208816,100.0,0.0,62.8,3.501428280002319,1.05,0.21794494717703372,4.4,0.9165151389911681,0
456,0.9364331850102964,0.02803421127620557,0.016103297369740772,0.007124282494503074,0.0005531708194552636,0.00034828293270538786,100.0,0.0,62.55,2.7106272336859605,1.0,0.0,4.15,0.47696960070847283,0
457,0.937153197339755,0.024265511468050203,0.01580933366275679,0.007072582722555933,0.0005425717461818712,0.0002525825618489076,100.0,0.0,63.65,4.138538389335056,1.025,0.10897247358851683,4.35,0.7262919523166975,0
458,0.9360844274145764,0.02068486709896279,0.01641265173662374,0.007331223759482481,0.0005506403413873469,0.0002385045817250672,100.0,0.0,62.65,3.118894034750139,1.05,0.21794494717703372,4.7,0.9539392014169458,0
459,0.9388213210578151,0.02187439374105826,0.016948834171241572,0.00680840152968704,0.0005136484280639528,0.0002729335459195189,100.0,0.0,64.65,2.5743931323712004,1.0,0.0,4.25,0.82915619758885,0
460,0.9378246231890142,0.02482557473540289,0.017291830870612892,0.006658204520331817,0.0005235633649346274,0.0003228547054521285,100.0,0.0,63.65,3.380458548777074,1.025,0.10897247358851683,4.2,0.7483314773547883,0
461,0.9381097914469801,0.023636880934245298,0.017345983435061187,0.007072246954579984,0.0005243698065048792,0.0002561885385069951,100.0,0.0,63.75,2.48746859276655,1.025,0.10897247358851683,4.2,0.7483314773547883,0
462,0.9407239340186504,0.02363356918821402,0.01709562190908825,0.007064832933510969,0.0004906140885384999,0.00024935292537128,100.0,0.0,64.15,3.380458548777074,1.1,0.3,4.05,0.6689544080129826,0
463,0.9384471245511004,0.024246614917795454,0.017561337168958094,0.007793698082298988,0.0005028439459440031,0.00026430384151885565,100.0,0.0,63.45,2.9064583258667245,1.1,0.3,4.05,0.6689544080129826,0
464,0.9368213941920576,0.023124744939841586,0.017787278118336403,0.007679610378496063,0.000518583583432405,0.00021701593376701953,100.0,0.0,65.25,3.222964473896664,1.05,0.21794494717703372,3.95,0.49749371855331004,0
465,0.9389766527833752,0.021988952136659065,0.01788992993974154,0.0073815896657545,0.00048368485306084274,0.00018895542406106318,100.0,0.0,65.2,2.976575213227443,1.0,0.0,4.0,1.0488088481701516,0
466,0.9402997401851472,0.02432490142576527,0.01764015288155896,0.007340320037943158,0.0004699738310823834,0.00020882709229035334,100.0,0.0,64.05,3.1220986531498327,1.075,0.23848480035423641,4.1,0.7000000000000001,0
467,0.9363074349801114,0.024218439912352896,0.01736466095024659,0.006834421762076797,0.0005281653165009953,0.00020573058299363514,100.0,0.0,63.15,3.8114957693797855,1.15,0.3570714214271425,4.15,0.7921489758877431,0
468,0.9373207342498635,0.025702244104439418,0.01731832408371174,0.007022080010309565,0.0005157559995463972,0.00021278730052541354,100.0,0.0,64.95,3.040970239906994,1.025,0.10897247358851683,4.0,0.5477225575051661,0
469,0.9316617952003161,0.026486518370233785,0.017483522102204184,0.008392812604421035,0.0005684261394364573,0.00023575917265110914,100.0,0.0,63.35,2.6509432283623124,1.05,0.2179449471770337,4.05,0.49749371855331004,0
470,0.9305314658927782,0.024272430897826956,0.017666206698924554,0.008465325777859519,0.0005847210244472605,0.00026889881997076436,100.0,0.0,62.45,2.7290108097990378,1.1,0.3,4.2,0.6,0
471,0.9290703359907566,0.023801582033910744,0.017785904449539848,0.008571273976175763,0.0005989071489528634,0.0002562241611028191,100.0,0.0,63.2,3.709447398198282,1.025,0.10897247358851683,4.45,0.9733961166965892,0
472,0.9333294998007314,0.023174017389364664,0.016298934833215734,0.007905666622291549,0.0005747293643507949,0.0002458343847037459,100.0,0.0,61.85,3.7719358425084595,1.075,0.23848480035423641,4.4,0.9695359714832658,0
473,0.9259319648106905,0.0248874168047005,0.017982729430960156,0.008569325325041207,0.0006387343069902184,0.00028474364765088323,100.0,0.0,63.55,3.2935543110748915,1.05,0.21794494717703372,4.15,0.47696960070847283,0
474,0.9276131939210167,0.027252006082077975,0.018198489633758204,0.008138781604375332,0.0006183032246588045,0.0002940138067106343,100.0,0.0,63.2,3.009983388658482,1.1,0.3,4.4,0.5830951894845301,0
475,0.9262493097046509,0.032962096969890956,0.017433608936171525,0.008070944935502531,0.0006423813691868853,0.00036941138072614656,100.0,0.0,63.8,3.443835071544512,1.0,0.0,4.35,0.7921489758877431,0
476,0.9300586550345361,0.031073815613057863,0.017165195486791334,0.007379248726877534,0.0006064993555080159,0.00034699798692207633,100.0,0.0,64.5,3.263433774416144,1.025,0.10897247358851683,4.1,0.7681145747868608,0
477,0.9325143655607505,0.02858667832393457,0.017233651052071124,0.008321149543156816,0.0005671733151823182,0.0002977194737887798,100.0,0.0,63.25,3.207413287993925,1.05,0.21794494717703372,4.4,0.5830951894845301,0
478,0.9345730011561354,0.028211127366464486,0.017525788855051995,0.007841536282191267,0.0005504293075936147,0.0003163090770304936,100.0,0.0,63.9,2.7367864366808017,1.0,0.0,4.2,0.6,0
479,0.9365864508196596,0.023457521087152083,0.016422711113264116,0.00753692387580985,0.0005410611090936729,0.0002554244730742072,100.0,0.0,63.55,2.7834331319433563,1.05,0.21794494717703372,4.45,0.8046738469715541,0
480,0.9372266038605555,0.023941687872552304,0.015271276589227969,0.008406589510625465,0.0005451083817429198,0.0002718050392742084,100.0,0.0,63.65,3.134884367883447,1.0,0.0,4.3,0.5567764362830022,0
481,0.9374415407372482,0.021082587493715856,0.015060459201443832,0.008268930200247077,0.0005471148368498748,0.0002739892584908276,100.0,0.0,62.55,3.6534230524263136,1.15,0.3570714214271425,4.3,0.7810249675906654,0
482,0.941410230966315,0.017623721861637142,0.014269440669717848,0.00748282054288829,0.0005188264682095627,0.0002385724026634303,100.0,0.0,63.2,2.803569153775237,1.025,0.10897247358851683,4.1,0.5385164807134504,0
483,0.9411554235615294,0.012908442035794544,0.015402759055153894,0.007506619695299938,0.000492266529523989,0.0001818494384875187,100.0,0.0,63.9,3.2848135411313684,1.0,0.0,4.15,0.7921489758877431,0
484,0.9403384710775737,0.01823223715913465,0.01567666012024318,0.007304332093795797,0.0004991306010358194,0.00022236990941970305,100.0,0.0,64.5,2.539685019840059,1.0,0.0,4.2,0.6782329983125269,0
485,0.9387502705997791,0.01827751684201189,0.015905319264324518,0.006094401821154688,0.0005238879678744288,0.00023333761968262506,100.0,0.0,63.35,3.4245437652335533,1.1,0.2549509756796392,4.1,0.8888194417315588,0
486,0.9376543509901752,0.017954188785867974,0.015051876700954512,0.006206149319117388,0.0005552939477741029,0.00023904642299518844,100.0,0.0,63.55,2.5782746168707473,1.05,0.21794494717703367,4.25,0.5361902647381804,0
487,0.9384569182201913,0.01904443214299458,0.01431877990142541,0.006419447181235541,0.0005523523879484622,0.00023440062636657938,100.0,0.0,63.55,3.694252292413175,1.1,0.3,4.15,0.5722761571129799,0
488,0.9346876670164374,0.023342313788432375,0.014665407959796473,0.006660080050948065,0.0006020048557136019,0.00029400687253166354,100.0,0.0,62.4,3.786819245752298,1.05,0.15,4.45,1.2031209415515964,0
489,0.9389675746154458,0.01648977808724227,0.01504122364266633,0.006008914772802337,0.0005433967553180607,0.00020056108068223602,100.0,0.0,63.35,3.623189202898463,1.05,0.15,4.45,1.023474474522936,0
490,0.9375128027388173,0.01471727201704445,0.014552567444311593,0.007003272765334278,0.0005598291539703312,0.00018666007325030226,100.0,0.0,62.6,3.0397368307141326,1.075,0.23848480035423641,4.05,0.6689544080129826,0
491,0.9401951606407168,0.014696182034744416,0.013924933951492779,0.006512385193078582,0.0005436492008307004,0.0001673412291976028,100.0,0.0,63.65,3.1666228067138023,1.0,0.0,4.25,0.6224949798994366,0
492,0.9439246201957919,0.01682490540056516,0.014210960535768022,0.005593894273910562,0.0005021432963066609,0.00019580803273275995,100.0,0.0,64.3,2.5317977802344327,1.0,0.0,4.2,0.6,0
493,0.9464193941079293,0.018754539240945608,0.01337378935582748,0.005100322618723961,0.00048216063314579255,0.00020160029788230646,100.0,0.0,63.8,2.712931993250107,1.05,0.21794494717703372,4.15,0.7262919523166975,0
494,0.9432476051055433,0.01712991034275795,0.012781341434021879,0.005163433663129754,0.0005323173976616197,0.00017403655116022428,100.0,0.0,64.0,2.5298221281347035,1.05,0.21794494717703367,4.25,1.0428326807307104,0
495,0.942771048823279,0.015835600949151398,0.01392133247878265,0.00510296339556514,0.0005151832108363985,0.00018173317685451864,100.0,0.0,64.15,2.2197972880423116,1.0,0.0,4.3,0.7810249675906654,0
496,0.9402270748052448,0.01745591864737748,0.01431610221433253,0.0055598259412688875,0.0005366770505112029,0.00019740356730039022,100.0,0.0,63.45,2.871846096154876,1.1,0.3,4.05,0.6689544080129826,0
497,0.9448930326761253,0.015333484692602718,0.013052807127748912,0.0058855404926430365,0.0004979592057395472,0.00017071432739865976,100.0,0.0,64.3,2.3259406699226015,1.0,0.0,4.3,0.7810249675906654,0
498,0.9450263732931645,0.015663208926545356,0.013255971279423958,0.005360945690575795,0.0004970120270036489,0.00017510093981090399,100.0,0.0,63.05,2.9744747435471695,1.1,0.3,4.5,1.02469507659596,0
499,0.9401596645021429,0.019340548398062454,0.015014942932409042,0.006246199967603418,0.0005407463904335528,0.00020033038126905268,100.0,0.0,62.5,3.2326459750489227,1.1,0.3,4.3,0.6403124237432849,0
500,0.9451574569074627,0.019940155466396766,0.013809723416626021,0.007019589219239884,0.0004958816244033083,0.00020126165718738282,100.0,0.0,63.5,3.640054944640259,1.075,0.23848480035423641,4.2,0.7483314773547883,0
501,0.9463741967476095,0.021240235023765597,0.012877268894120086,0.00669248558444382,0.000485510994151408,0.0002222204113012645,100.0,0.0,63.6,3.7202150475476548,1.15,0.3570714214271425,4.2,0.8124038404635961,0
502,0.9459698636324776,0.021451982525690017,0.013847010103924032,0.0061123926842414225,0.0004847185595226981,0.00022263985407820088,100.0,0.0,63.55,2.836811590500857,1.075,0.23848480035423641,4.0,0.7071067811865476,0
503,0.9435539769428274,0.021224441752044056,0.012756963581512747,0.00525530963386719,0.0005270677763947192,0.0002194213270119835,100.0,0.0,62.3,2.282542442102666,1.1,0.3,4.25,0.8874119674649424,0
504,0.9408259488827794,0.02150759980470988,0.012670239171712231,0.0067398240387314635,0.0005520303022602241,0.00021741342989522252,100.0,0.0,63.35,3.5954832776693593,1.1,0.3,4.2,0.8124038404635961,0
505,0.9390501875053705,0.022534319691423558,0.01448026077621729,0.008045976976508622,0.0005348403223168097,0.0001919276816835515,100.0,0.0,63.75,3.329789783154486,1.1,0.3,4.15,0.5722761571129799,0
506,0.9414064307849703,0.020654596869136344,0.01471832610706018,0.0073629792606095465,0.0005053841080782622,0.00018654180128354315,100.0,0.0,63.8,2.9257477676655586,1.05,0.2179449471770337,4.35,0.5722761571129799,0
507,0.9382858055268594,0.018127997462848672,0.014215126702137787,0.007540770245122905,0.0005445735980655026,0.0001526635245725056,100.0,0.0,63.6,3.120897306865447,1.1,0.3,4.35,1.1079259903080168,0
508,0.9354441308076046,0.023983991763473368,0.014932253918948812,0.007845134742395675,0.0005745365461348676,0.0002119110315930962,100.0,0.0,63.1,2.5670995305986875,1.075,0.23848480035423641,4.4,0.7348469228349535,0
509,0.929778989875396,0.030403427786124912,0.015515270698755131,0.00819713736175985,0.000634516283803156,0.0003091715758869569,100.0,0.0,63.75,3.672533185690771,1.1,0.3,4.1,0.8888194417315588,0
510,0.9341141309233102,0.026201576018622046,0.015222868112112342,0.007096639584606937,0.0006053557343684101,0.00026748464371321984,100.0,0.0,62.45,2.9744747435471703,1.125,0.3112474899497183,4.25,0.6224949798994366,0
511,0.939713870439584,0.019453243976360713,0.013333280722291854,0.006629807238091852,0.000560450147179407,0.00022174782581964626,100.0,0.0,63.45,3.456515586540874,1.05,0.15,4.2,0.6782329983125269,0
512,0.9400539189666703,0.01618209213457226,0.0134634129777552,0.006617450482292175,0.0005480704917784629,0.00018366082686832247,100.0,0.0,62.0,3.449637662132068,1.1,0.3,4.5,0.8660254037844386,0
513,0.9364042618587158,0.014521307189527495,0.012411614466883795,0.0060711973429380525,0.0006123757717423019,0.0001759913454940251,100.0,0.0,63.75,1.9461500456028564,1.0,0.0,4.45,0.7399324293474372,0
514,0.9391970073768989,0.015270569207804867,0.013378429018488661,0.007003154803591272,0.0005540433021043337,0.00015961420314135693,100.0,0.0,63.4,3.9924929555354263,1.05,0.21794494717703372,4.15,0.653834841531101,0
515,0.9380968071175184,0.0182535470258126,0.012386290095736623,0.006085448332215593,0.0006003243273513169,0.0002181269677094521,100.0,0.0,64.2,3.6276714294434105,1.1,0.3,4.3,0.6403124237432849,0
516,0.9420439176528325,0.01989514395184891,0.012508742372899598,0.005138057015122377,0.000556688768525224,0.00023853563309595623,100.0,0.0,63.65,4.138538389335056,1.15,0.3570714214271425,4.15,0.7262919523166976,0
517,0.9396441282974649,0.017920076609012667,0.013334132065153931,0.0048019232740757565,0.0005697728156535389,0.0002477380110852698,100.0,0.0,62.25,2.913331426391443,1.1,0.3,4.7,1.1,0
518,0.940596307809991,0.01413864627148152,0.014838332550891642,0.005118734990483581,0.0005389697528928509,0.00018194145183986107,100.0,0.0,62.9,3.2388269481403293,1.1,0.3,4.25,0.698212002188447,0
519,0.9409315300090204,0.01949461018085322,0.014627311744897573,0.00597485903989986,0.0005287890731167841,0.00024101530208107112,100.0,0.0,62.85,3.8506492958980307,1.05,0.21794494717703372,4.35,0.8529361054615991,0
520,0.9396364850302314,0.014409397251727853,0.01454115891381968,0.006070075407815565,0.0005427899747903289,0.00019214189559004698,100.0,0.0,63.05,2.7834331319433563,1.075,0.23848480035423641,4.25,0.7664854858377946,0
521,0.9366467735212257,0.01659167283211553,0.01563084176238943,0.006262762240986589,0.0005569438009512289,0.00020855381846561665,100.0,0.0,63.25,3.897114317029974,1.025,0.10897247358851683,4.25,0.8874119674649424,0
522,0.931588390996593,0.02766429507757925,0.015437356166647893,0.007450026632810831,0.000626630041888041,0.000335376978732789,100.0,0.0,63.5,2.8722813232690143,1.0,0.0,4.35,0.7262919523166976,0
523,0.9384936990982359,0.023260380235853077,0.014768746296127146,0.007622907531472915,0.0005500812412370552,0.00026131157493493155,100.0,0.0,63.6,3.1368774282716245,1.075,0.23848480035423641,4.05,0.6689544080129826,0
524,0.9444327695450824,0.019264869694682107,0.01473181308910454,0.006565426277473126,0.000476404457425378,0.0001913816956907959,100.0,0.0,62.2,2.5806975801127883,1.15,0.3570714214271425,4.2,0.8124038404635961,0
525,0.9417555469735962,0.02050435582142397,0.0148369964719788,0.005246005544325066,0.0005274087804094322,0.00022895300535110191,100.0,0.0,62.15,2.515452245621053,1.175,0.36314597615834876,4.2,0.5099019513592784,0
526,0.9422241711971033,0.017244034816928655,0.014949916955748498,0.0061158270243130385,0.0005057712433144329,0.00019589821310258136,100.0,0.0,63.45,3.0409702399069944,1.1,0.3,4.5,0.7416198487095663,0
527,0.9403167266813902,0.02476168551540529,0.014661542522668233,0.006893449563853347,0.0005357524140559022,0.0002862486819374383,100.0,0.0,64.15,2.7617928959282954,1.025,0.10897247358851683,4.25,0.82915619758885,0
528,0.9416137178501767,0.022126337744255344,0.014314802832273734,0.007831831733290233,0.0005181761334022049,0.00025169947788893917,100.0,0.0,63.4,2.6343879744638983,1.05,0.21794494717703367,4.15,0.7262919523166976,0
529,0.9427966593725554,0.021822842790659328,0.013911718335348605,0.007115923166172627,0.000508643412996544,0.00021901255486696722,100.0,0.0,63.9,3.031501278244824,1.0,0.0,4.0,0.5477225575051661,0
530,0.9432718278907378,0.02118267127995189,0.012690431866651895,0.0065852117814419265,0.0005231439006552671,0.0002481229825960081,100.0,0.0,63.35,3.5110539728121526,1.1,0.3,4.15,0.5722761571129799,0
531,0.94404292598891,0.02284009381221605,0.01368722416305369,0.006906713799663994,0.0005019276402707253,0.00026404817228471093,100.0,0.0,63.25,3.6314597615834874,1.05,0.21794494717703367,4.85,1.107925990308017,0
532,0.9433604731465731,0.020172835711884874,0.01412204981737431,0.006488092080317381,0.0005039627346110486,0.0002467552536228081,100.0,0.0,63.3,2.5903667693977237,1.075,0.23848480035423641,3.95,0.6689544080129826,0
533,0.9395743708928345,0.02336249811240294,0.014574020158601375,0.0058955548738107225,0.0005487198842565836,0.00026385652522775504,100.0,0.0,63.6,2.90516780926679,1.1,0.3,4.1,0.6244997998398398,0
534,0.9384504270364806,0.02612065831534212,0.015354593084368743,0.0061743666708366325,0.0005473924691842224,0.00029969681965079874,100.0,0.0,63.25,2.843853020111975,1.075,0.23848480035423641,4.2,0.6782329983125268,0
535,0.9361291855570355,0.02270252499674352,0.014729293906776356,0.0056151162510839426,0.0005988634420970907,0.00031495889127770523,100.0,0.0,61.7,2.9512709126747416,1.1,0.3,4.05,0.5894913061275798,0
536,0.9385761391059028,0.023259372201026713,0.014415848313645277,0.00637353580044347,0.0005690510466126384,0.00026175829040486407,100.0,0.0,63.25,2.7179955849853767,1.075,0.23848480035423641,4.05,0.5894913061275798,0
537,0.9394257900144792,0.026944992667113938,0.013965316225434371,0.007050753876675358,0.0005542764746129288,0.00027700956698886384,100.0,0.0,63.15,2.779838124783528,1.075,0.23848480035423641,4.0,0.7745966692414834,0
538,0.9429113114440624,0.02444558709857575,0.012285857909748305,0.006745952262812687,0.0005402743754407443,0.00027075166297129007,100.0,0.0,63.8,2.6381811916545836,1.05,0.21794494717703372,4.0,0.7071067811865476,0
539,0.9460420073132537,0.01716220329474287,0.011279665827836986,0.006806047984390547,0.0005160382965610111,0.00021274284842698695,100.0,0.0,62.6,3.0066592756745814,1.175,0.36314597615834876,4.5,0.806225774829855,0
540,0.9457780840740254,0.019112579223386193,0.012434626316609094,0.006135568544387475,0.0005094088242827334,0.00021730019389873563,100.0,0.0,63.2,3.9319206502675,1.125,0.3112474899497183,4.25,0.698212002188447,0
541,0.9464584054400706,0.019196122160076295,0.012738166258302241,0.005815869670162619,0.00048648672153703076,0.0002063622999859301,100.0,0.0,65.15,3.4245437652335533,1.05,0.21794494717703372,4.2,0.6782329983125269,0
542,0.9427071942304291,0.022172882541115737,0.01247297960844224,0.006599024018100569,0.0005279571420488162,0.00025385258366078853,100.0,0.0,64.05,2.8718460961548757,1.05,0.21794494717703372,4.4,0.8,0
543,0.9437444257065606,0.020364439403756485,0.013558220828631364,0.005977137275026632,0.0005075399708914113,0.0002216392573110928,100.0,0.0,63.65,3.1666228067138023,1.0,0.0,4.3,0.714142842854285,0
544,0.9415105618400341,0.02083885501336695,0.014949978622331194,0.006282049752484806,0.0005175417347976741,0.0002314505160427797,100.0,0.0,63.65,2.3081377775167584,1.0,0.0,4.3,0.6403124237432849,0
545,0.9387725604354774,0.020433664111721983,0.014138119357592132,0.0069148929571596855,0.0005623860249657123,0.00022964364720395473,100.0,0.0,63.5,3.122498999199199,1.05,0.21794494717703372,4.2,0.6782329983125269,0
546,0.936951475129223,0.023515878423903295,0.014394960437532259,0.00631675502246466,0.0005980123026856754,0.0002561866859981309,100.0,0.0,63.35,2.920188350089768,1.075,0.23848480035423641,4.25,0.82915619758885,0
547,0.9370292449056998,0.02400661325878722,0.014532789222343443,0.00638297733452221,0.0005758191002875864,0.00024242276823361974,100.0,0.0,63.75,3.672533185690771,1.025,0.10897247358851683,4.35,0.5722761571129799,0
548,0.9353695759920722,0.0211096084328149,0.014365968147830834,0.006235354363529303,0.0006015997161877245,0.00022201843078253227,100.0,0.0,64.25,2.5074887836239665,1.025,0.10897247358851683,4.1,0.7681145747868608,0
549,0.9332719748134538,0.02252787072708992,0.015292411050140564,0.0067732723840080765,0.000606287074985649,0.00023932700769171213,100.0,0.0,63.45,2.635811070619441,1.025,0.10897247358851683,4.1,0.5385164807134504,0
550,0.9348970990272122,0.02234830570776456,0.014854706223459463,0.0069046297550066915,0.0005891749864223988,0.00025631543429397195,100.0,0.0,63.45,3.694252292413175,1.125,0.3112474899497183,4.05,0.804673846971554,0
551,0.9347995162867644,0.019953503814663712,0.013480659264995124,0.00782660046499585,0.000619470803474646,0.0002674706398302021,100.0,0.0,64.4,3.307567081708245,1.05,0.21794494717703372,4.15,0.9096702699330127,0
552,0.9387669593187979,0.016681141359787034,0.012879790906750163,0.007134572368879343,0.000567054384098855,0.00018509779188175926,100.0,0.0,63.05,2.71062723368596,1.0,0.0,4.35,0.5722761571129799,0
553,0.9395669578491178,0.0213676765580558,0.011702212719942286,0.007032466955770611,0.0005819242013932131,0.00027849502022113815,100.0,0.0,63.0,3.8078865529319543,1.1,0.3,4.15,0.5722761571129799,0
554,0.9413310476553708,0.015881681880587275,0.01203852440841307,0.007540042301979689,0.000549421863513817,0.00020218053439790534,100.0,0.0,63.75,2.7179955849853767,1.0,0.0,4.3,0.714142842854285,0
555,0.9396497262938738,0.016564152931058163,0.012139544414820017,0.006834812075862826,0.0005723313837120901,0.0002170184019829225,100.0,0.0,62.9,2.487971060924946,1.075,0.23848480035423641,4.1,0.43588989435406733,0
556,0.9412117454383979,0.020998902785031852,0.013809796981896164,0.006478359150818852,0.0005258646548579529,0.0002450007163271407,100.0,0.0,63.7,3.4799425282610637,1.0,0.0,3.9,0.6244997998398398,0
557,0.9450953837265136,0.017121498900384936,0.01184695628778686,0.006328334783083963,0.0005070966784554801,0.00021998717107253783,100.0,0.0,63.0,3.082207001484488,1.075,0.23848480035423641,4.15,0.47696960070847283,0
558,0.9409169700603639,0.01715652243523478,0.012670379472010124,0.0071286996894402025,0.0005378962664432461,0.00021199439052410694,100.0,0.0,63.85,3.6915443922564446,1.05,0.21794494717703372,4.35,0.792148975887743,0
559,0.938209592951974,0.018020230455292212,0.014129327918708134,0.006851959121861184,0.0005571766197857259,0.00022889640280330067,100.0,0.0,62.85,3.4680686267719674,1.2,0.3674234614174767,4.0,0.6324555320336759,0
560,0.9387192047408455,0.01626537563415277,0.013808644364850057,0.00721896486405728,0.000560035564460729,0.00022240687600343616,100.0,0.0,62.95,3.2935543110748906,1.1,0.3,4.25,0.698212002188447,0
561,0.9392361996384194,0.018021673740366586,0.013370488240978026,0.007906984137919473,0.00054571580093299,0.0002303850115081292,100.0,0.0,63.2,2.4617067250182343,1.0,0.0,4.6,0.5830951894845301,0
562,0.9411615136153907,0.017095474409091895,0.014046772745960032,0.007400364123892398,0.00051279168975266,0.00022024587620975985,100.0,0.0,64.7,3.8223029707232783,1.0,0.0,4.1,0.7681145747868608,0
563,0.939116303920653,0.02340318876908026,0.01408752668856265,0.007378086376301173,0.0005511594663043217,0.000290166182555595,100.0,0.0,63.25,3.1760824926314495,1.05,0.21794494717703372,4.15,0.7921489758877431,0
564,0.9434344246968529,0.016859443109637013,0.013023626759746323,0.006779143342444718,0.0005112216499197447,0.00019066429123226308,100.0,0.0,63.15,2.104162541250081,1.05,0.2179449471770337,4.2,0.5099019513592784,0
565,0.9438474993344215,0.021591207389925548,0.013342319754345893,0.006500722119949124,0.0004986673390964726,0.00026856045645735454,100.0,0.0,63.7,2.9171904291629644,1.1,0.3,4.3,0.8426149773176358,0
566,0.9429003565315378,0.021732919208424174,0.013995493318047164,0.007290770571717669,0.0004991396692823107,0.00026679785140795693,100.0,0.0,63.1,3.3600595232822887,1.1,0.3,4.4,0.7999999999999999,0
567,0.9435689494782569,0.019853896753467676,0.015020094598427574,0.008108855665984072,0.00047203246880192783,0.00021696426714140144,100.0,0.0,63.45,3.470950878361721,1.2,0.4,4.25,0.9420721840708386,0
568,0.9419612972401259,0.02276923285182112,0.014991553750827996,0.007741874254637764,0.0004998253769325593,0.00026057224633759636,100.0,0.0,62.5,2.202271554554524,1.0,0.0,4.4,0.8602325267042626,0
569,0.9402711770423086,0.020400927750519986,0.015457906743629674,0.0068190698604322555,0.0005196828046129283,0.00025008270436430066,100.0,0.0,62.3,2.685144316419511,1.15,0.3570714214271425,4.15,0.7262919523166975,0
570,0.9439234161293749,0.023269589223835145,0.013770147248126152,0.007017241260465116,0.0005098693950836749,0.0002859293770838949,100.0,0.0,64.05,2.67348087705897,1.0,0.0,4.0,0.6324555320336759,0
571,0.9471122529812603,0.02069070665253988,0.014500401980148445,0.007561057720650656,0.0004577335004469538,0.00023022831723209163,100.0,0.0,63.35,2.937260628544903,1.05,0.21794494717703372,4.35,0.6538348415311012,0
572,0.9486125197380577,0.019042918515488276,0.01352252334086664,0.007477045739266654,0.00045268352239730776,0.00020567235895914052,100.0,0.0,63.65,2.7617928959282954,1.05,0.21794494717703372,4.35,0.7262919523166975,0
573,0.9490275330158179,0.019810010935826537,0.013552387596536899,0.0075416590185783975,0.00043999266625589973,0.0002194196584488589,100.0,0.0,63.85,3.66435533211505,1.1,0.3,4.1,0.8306623862918076,0
574,0.9474330937887014,0.018693557666838848,0.013833718021473132,0.0068267572714647545,0.0004558073315321558,0.00019275147988377907,100.0,0.0,63.7,3.579106033634656,1.05,0.21794494717703372,4.45,0.8645808232895291,0
575,0.947419929917718,0.0205246364106711,0.014551932858353897,0.00679902655598882,0.00044344223876308846,0.00019132030031989493,100.0,0.0,63.2,2.694438717061496,1.05,0.21794494717703372,4.25,0.8874119674649424,0
576,0.9432185873382268,0.02438001707865662,0.014887528812814679,0.006362954188869849,0.000497957708557731,0.0002570448847171828,100.0,0.0,63.45,3.866199684444661,1.1,0.3,4.15,0.6538348415311012,0
577,0.9426489137176768,0.020275546373853308,0.014582529270747425,0.006684824489023659,0.0005022011283993574,0.00020050493646894143,100.0,0.0,62.6,1.8547236990991405,1.0,0.0,4.05,0.5894913061275798,0
578,0.9467489594859766,0.016261163439771374,0.01394555523653514,0.006745809391394758,0.0004618775735193561,0.00017004203758718342,100.0,0.0,62.5,2.819574435974337,1.1,0.3,4.4,0.9165151389911681,0
579,0.9422690350480961,0.014162362785753498,0.013493348403111973,0.0064016560591263205,0.0005219352188933334,0.0001338175025358995,100.0,0.0,64.2,2.959729717389748,1.0,0.0,3.9,0.6244997998398398,0
580,0.9439799377541578,0.016095947425427543,0.013416502431738439,0.006345862737937202,0.0005011789800396291,0.00011561687942112732,100.0,0.0,63.1,3.4336569426778794,1.05,0.21794494717703367,4.2,0.5099019513592784,0
581,0.9410046722604724,0.015397315199383721,0.013368599781726345,0.0057244174461566905,0.0005373701589973713,0.0001407760960932613,100.0,0.0,63.35,2.2643983748448506,1.05,0.2179449471770337,4.1,0.7,0
582,0.9410989813432155,0.015386297735966467,0.014269825581678414,0.0056288703696336035,0.0005274751279394745,0.00014055682950449508,100.0,0.0,62.9,2.662705391138869,1.1,0.3,4.3,0.714142842854285,0
583,0.9409576523347651,0.01802204389164253,0.013931965225841688,0.005630676979487665,0.0005391427149878938,0.00018786586700810618,100.0,0.0,63.3,2.590366769397724,1.0,0.0,4.1,0.7000000000000001,0
584,0.9404700323182642,0.021443731350254305,0.012548817019765141,0.006534282273651935,0.0005504335525593278,0.00021899254980574105,100.0,0.0,63.0,2.0,1.05,0.15,4.3,0.5567764362830021,0
585,0.9403169370310552,0.02260706529869917,0.012737173490108538,0.007472100007945203,0.0005457912333563868,0.00025079943896035164,100.0,0.0,63.55,3.0899029110960754,1.075,0.23848480035423641,4.0,0.6324555320336759,0
586,0.9413705610212473,0.01737556066317787,0.012763735692964318,0.0068763187118192634,0.0005382419629674617,0.0001888417451422837,100.0,0.0,64.0,3.286335345030997,1.0,0.0,3.95,0.5894913061275798,0
587,0.9428063895151777,0.016561880544887653,0.012443055395758918,0.00672098545070475,0.0005211353334405214,0.00018706554150767237,100.0,0.0,62.85,3.1188940347501393,1.075,0.23848480035423641,4.3,0.6403124237432849,0
588,0.9434963372596364,0.021945115161327952,0.012648127849958357,0.0071998973575656995,0.000505266133543887,0.0002250874806964861,100.0,0.0,63.5,2.7477263328068173,1.0,0.0,4.15,0.852936105461599,0
589,0.9441558242247771,0.02138224844853607,0.012835099829263582,0.007102599658050399,0.0004976291712661029,0.00021521722371773387,100.0,0.0,63.25,3.6588932752951404,1.025,0.10897247358851683,4.25,0.9420721840708386,0
590,0.9423166710262143,0.023535167757184856,0.014274169424573099,0.006874235589488892,0.0005037052343957525,0.00023059044612683456,100.0,0.0,62.55,2.765411361804967,1.075,0.23848480035423641,4.35,0.653834841531101,0
591,0.9449594515070977,0.019202677880621334,0.014493069879896963,0.006658067737708731,0.0004717897398188171,0.00017164993026609607,100.0,0.0,62.65,2.688401011754013,1.175,0.36314597615834876,4.0,0.6324555320336759,0
592,0.9468630883233418,0.017024903215615676,0.014131054899408507,0.0070078429344779735,0.0004616546304257115,0.0001612735473229351,100.0,0.0,62.1,3.9862262855989496,1.2,0.4,4.15,0.5722761571129799,0
593,0.9447041060823957,0.019717198692916858,0.014909398465617887,0.006715039795189046,0.00047716308858392585,0.0001961373915845794,100.0,0.0,62.25,3.6038174204584785,1.25,0.4330127018922193,4.3,0.5567764362830021,0
594,0.9455585824067567,0.019256271950837,0.013457382747541205,0.006477129402055129,0.0004962523680793352,0.00019590663323507083,100.0,0.0,63.15,1.930673457630782,1.0,0.0,4.4,0.6633249580710799,0
595,0.9440152859921938,0.02258949482578935,0.012648552379047332,0.007192896532676033,0.0005195465384551254,0.0002542157456889543,100.0,0.0,62.85,2.351063589101749,1.05,0.21794494717703372,4.5,0.6708203932499369,0
596,0.9438587973954391,0.025428834924991567,0.012701565021900337,0.006770491792988809,0.0005177942111167027,0.00031069141772987254,100.0,0.0,64.25,2.5470571253900056,1.0,0.0,4.2,0.6,0
597,0.9490435210159445,0.018161786585056995,0.01242826718157451,0.0065457053244073185,0.00045656127460595405,0.0001788516611456954,100.0,0.0,62.65,3.2752862470324633,1.1,0.3,4.25,0.698212002188447,0
598,0.9431879826503822,0.022142096484593424,0.013691375707852579,0.006529450909507036,0.0005129506401976372,0.00024321659351940917,100.0,0.0,63.35,3.118894034750139,1.075,0.23848480035423641,4.35,0.9096702699330126,0
599,0.94511024177253,0.02232695716204878,0.012399723021321812,0.007322899956868951,0.000499397572823691,0.0002567440441612141,100.0,0.0,64.45,3.0409702399069944,1.075,0.23848480035423641,4.1,0.7000000000000001,0
600,0.9434694410075861,0.018842554742105538,0.012669119288468617,0.0065321378360728094,0.0005203398139195947,0.0002205597245601665,100.0,0.0,63.45,2.4387496796514396,1.025,0.10897247358851683,4.05,0.6689544080129826,0
601,0.9465377858932295,0.01931218332231292,0.012483936626112992,0.006807242765531375,0.00047931369080526475,0.00020088148689895483,100.0,0.0,63.25,3.2384409829422554,1.05,0.21794494717703372,4.55,0.9205976319760985,0
602,0.9460586225609433,0.018361503064589585,0.011728552143342157,0.006394666442919422,0.0004980079454771486,0.00017838376342402224,100.0,0.0,62.6,3.4263683398023628,1.175,0.36314597615834876,4.35,0.7921489758877431,0
603,0.9477266173966346,0.0172657815571615,0.011196158567447712,0.007116168357557169,0.0004887718372830667,0.00022891622599596743,100.0,0.0,64.7,3.4510867853474796,1.1,0.3,3.85,0.47696960070847283,0
604,0.9472917499063168,0.02148420914567735,0.010498164317667268,0.006438939697825271,0.0005094564212091351,0.0002692440896271963,100.0,0.0,63.1,3.845776904605882,1.05,0.21794494717703372,4.25,0.698212002188447,0
605,0.9446786360638487,0.024297203396588134,0.011122524834725546,0.005473028642629644,0.0005365922482859257,0.000269814019726824,100.0,0.0,64.35,2.725344014982329,1.0,0.0,4.0,0.6324555320336759,0
606,0.9471575477454135,0.019620230724464057,0.01214246294300551,0.005817241898912594,0.0004917635171490509,0.00020492814146843321,100.0,0.0,64.1,2.364318083507378,1.0,0.0,4.2,0.5099019513592784,0
607,0.9464814064134739,0.018292557400023564,0.011662439242138478,0.005640227086375771,0.000508646444285399,0.00020189886967196077,100.0,0.0,64.45,1.9868316486305526,1.0,0.0,4.05,0.5894913061275798,0
608,0.9477694857909466,0.016163605985632646,0.013345920342017476,0.004855284535957165,0.0004747420650921658,0.00017162761514441445,100.0,0.0,62.95,3.1697791721190924,1.175,0.36314597615834876,4.15,0.4769696007084728,0
609,0.9489978722391056,0.021039486886352772,0.013099073226102018,0.006065792040549909,0.00045684771556880226,0.00024190775136422442,100.0,0.0,64.65,3.395217224272992,1.05,0.21794494717703372,4.4,1.1575836902790224,0
610,0.9491374411586484,0.01802971373757427,0.01324857479813602,0.006385718396881259,0.00045358368906298595,0.0001750217076390627,100.0,0.0,62.8,3.171750305430741,1.125,0.3112474899497183,4.25,0.5361902647381804,0
611,0.9437147396604211,0.020882729294016307,0.014633112199743772,0.007453750560456113,0.00048706954836427653,0.00017965423561992593,100.0,0.0,63.1,3.40440890610984,1.1,0.3,4.4,0.7348469228349535,0
612,0.9418867696261423,0.02162069541392011,0.014553304136990658,0.007033084519985384,0.0005191937594832668,0.0001988746923774943,100.0,0.0,63.1,2.964793416074719,1.05,0.21794494717703372,4.4,0.9165151389911679,0
613,0.9446561095218732,0.02128074687784055,0.014398506076538897,0.0078026232269536085,0.0004791659324918195,0.0001694307439345584,100.0,0.0,64.2,3.009983388658482,1.0,0.0,4.25,0.8874119674649424,0
614,0.9409369494600233,0.02171820670912727,0.014574151522034087,0.008187207603358714,0.0005216403700915592,0.00019374711586061356,100.0,0.0,63.05,3.0736785778607363,1.1,0.3,3.9,0.43588989435406733,0
615,0.9441534450140212,0.023374451867368792,0.014249651679272918,0.007996901117949845,0.0004846731193537351,0.00020588627507240424,100.0,0.0,63.35,2.885740806101615,1.0,0.0,4.35,0.7921489758877431,0
616,0.943092223008073,0.02616384389876538,0.014380329859209343,0.008118707083227738,0.0004928032517507581,0.00021255682109469555,100.0,0.0,63.5,3.8535697735995385,1.05,0.21794494717703372,4.4,0.5830951894845301,0
617,0.9432316889807346,0.02699196507973824,0.015030409156370208,0.008326045716709,0.00048331715762799516,0.0002349598664794441,100.0,0.0,63.1,3.080584360149872,1.05,0.21794494717703367,4.5,0.7416198487095663,0
618,0.9446616502183689,0.02336798294401715,0.014847759911251276,0.00801515187135238,0.0004696103308750513,0.0002001485990444533,100.0,0.0,63.25,3.884263121880391,1.125,0.3112474899497183,4.35,0.7262919523166976,0
619,0.9424486065290466,0.023413512703296523,0.013938886586437844,0.008184811244603333,0.0005075573141003276,0.00024198394581176713,100.0,0.0,63.45,2.5975950415721076,1.05,0.21794494717703372,4.25,0.6224949798994366,0
620,0.9439043826827394,0.02107660758411817,0.01383039259732432,0.007105272986714945,0.000506603465070513,0.0002515172868773941,100.0,0.0,63.05,2.8368115905008566,1.0,0.0,4.1,0.5385164807134504,0
621,0.9455409465796324,0.02193800331115324,0.013132775603612751,0.007311653013221954,0.0004893134645254089,0.00025242865875255946,100.0,0.0,63.45,2.5391927851189244,1.05,0.21794494717703372,4.2,0.5099019513592784,0
622,0.9432694028171278,0.023899311520994948,0.015192373670672239,0.0072497334739557,0.0004887972111742336,0.0002705345894504435,100.0,0.0,63.9,3.8845849199110063,1.2,0.4,3.95,0.49749371855331004,0
623,0.9437846932093249,0.023204760949775464,0.014715075588752822,0.006755153800524382,0.0004916241518877558,0.00027474577636312213,100.0,0.0,62.55,2.2688102609076854,1.075,0.23848480035423641,4.4,0.7348469228349535,0
624,0.939596944396024,0.026581023587306456,0.015282892425334848,0.006935687953519368,0.0005346027266225562,0.00030262751824986536,100.0,0.0,63.7,3.179622619116929,1.1,0.3,4.3,0.5567764362830021,0
625,0.9418572707355308,0.031532195826061864,0.015126058920133856,0.006729511549357043,0.0005159373997316827,0.00034339820591153806,100.0,0.0,63.1,2.7730849247724096,1.1,0.3,4.55,0.8046738469715541,0
626,0.9486522097247804,0.021467040364287496,0.013793533687391423,0.0068847295968556335,0.00044290967243713257,0.00021904297593899454,100.0,0.0,63.35,3.070423423568808,1.1,0.3,4.3,0.8426149773176358,0
627,0.9490237211558131,0.021784142200084317,0.012239934415619148,0.006856682448738993,0.0004560914239741932,0.00024107613858272598,100.0,0.0,62.65,2.815581645060217,1.275,0.40233692348577704,4.0,0.5477225575051661,0
628,0.9458501790932745,0.024364759318289887,0.011965143344225514,0.007200967127816917,0.0004961048821706508,0.000296071788844857,100.0,0.0,63.35,4.210403781111736,1.15,0.3570714214271425,4.35,0.6538348415311012,0
629,0.9426699633551705,0.021864209995597385,0.012527238854118869,0.00774009461619798,0.0005186015098893485,0.0002395228800506012,100.0,0.0,63.8,3.0594117081556704,1.025,0.10897247358851683,3.9,0.7000000000000001,0
630,0.939914148996286,0.02267601477190718,0.013740974363402724,0.007243589714808873,0.0005464048332183035,0.000270899069714674,100.0,0.0,62.9,3.0967725134404045,1.025,0.10897247358851683,4.35,0.7921489758877431,0
631,0.9388588497851336,0.024097929087996517,0.01480303545012488,0.007338863625661526,0.0005392086703263113,0.000248242664023929,100.0,0.0,63.75,2.9643717715563276,1.05,0.15,4.25,0.82915619758885,0
632,0.9357802888478558,0.02314802450755303,0.014828609560097225,0.007036147278977019,0.0005864136337010469,0.00025730847667741394,100.0,0.0,64.0,3.0,1.05,0.21794494717703372,3.95,0.6689544080129826,0
633,0.9362443707271748,0.0209624196852181,0.014943120477144838,0.007371325336389731,0.0005579264235407819,0.00021316256174483582,100.0,0.0,63.95,2.9744747435471695,1.075,0.23848480035423641,4.1,0.9433981132056604,0
634,0.9339741000636422,0.022157936401759098,0.01528294519112055,0.0066729393711402706,0.0005895229788851994,0.00025473707815892166,100.0,0.0,62.4,3.039736830714133,1.05,0.21794494717703372,4.25,0.6224949798994366,0
635,0.9376438706399723,0.02260528663039755,0.015459648197105467,0.007049774748101133,0.0005365360444578338,0.0002295669076889504,100.0,0.0,62.9,2.896549671592048,1.15,0.32015621187164245,4.25,0.7664854858377946,0
636,0.9390416310999663,0.02229391087933248,0.015789315771457396,0.00688640461583686,0.0005134028625810745,0.00021331282794232964,100.0,0.0,64.65,2.725344014982329,1.0,0.0,4.3,1.0049875621120892,0
637,0.9388589164041827,0.02430125576331745,0.015106436715204124,0.006729161255475263,0.0005350983730775538,0.0002606337273130159,100.0,0.0,60.35,2.903015673398957,1.25,0.4330127018922193,4.45,0.9205976319760985,0
638,0.9368982026313717,0.028391587125896504,0.015428244610222066,0.006700834313833972,0.000559752148241997,0.0003387995209732909,100.0,0.0,62.8,2.5019992006393608,1.1,0.3,4.15,0.7262919523166975,0
639,0.9340189704813063,0.0201206632177937,0.01664133371394591,0.007400788140623718,0.0005777591596357182,0.00023854534133709268,100.0,0.0,63.7,3.4073450074801643,1.05,0.21794494717703372,4.15,0.7262919523166976,0
640,0.9339630195128835,0.022026429732826144,0.015734513973957805,0.007380514440528683,0.0005836783077491057,0.00026552609322626767,100.0,0.0,62.9,3.448187929913334,1.0,0.0,4.35,0.6538348415311012,0
641,0.9374264147088709,0.018156391268084996,0.014920050711647162,0.007377577110227154,0.0005551821580055256,0.00023775951677440927,100.0,0.0,63.85,2.197157254271983,1.0,0.0,4.2,0.6782329983125268,0
642,0.9374101254357855,0.015377541694606171,0.014788823708635154,0.007289402584417395,0.0005555970981844094,0.00019201190540906807,100.0,0.0,63.85,3.1507935508376304,1.025,0.10897247358851683,4.05,0.49749371855331,0
643,0.9367594780743114,0.019504860807402272,0.015486730226596421,0.007061017882658724,0.0005602586805280507,0.0002488584580422915,100.0,0.0,64.4,3.352610922848042,1.075,0.23848480035423641,4.4,0.9695359714832659,0
644,0.94056635762981,0.020890961569209665,0.015608646429611881,0.006986280972502525,0.0005096519471100552,0.00023332304484225558,100.0,0.0,62.4,3.0724582991474434,1.05,0.21794494717703372,4.25,0.5361902647381804,0
645,0.9390495023224886,0.02193091449437346,0.015773767199879954,0.006602961481862108,0.0005259339254755686,0.00025775785140435094,100.0,0.0,63.95,2.3553131426627756,1.05,0.21794494717703372,4.3,0.9539392014169457,0
646,0.9427025785667459,0.019139677206820093,0.015079864763861528,0.00794988353991911,0.0004737868375373637,0.00019355138546365183,100.0,0.0,62.45,2.4794152536434875,1.125,0.3112474899497183,4.2,0.6,0
647,0.9384383863316987,0.017899144800806684,0.015389407602321267,0.008886309420628655,0.0005147149140174168,0.00017960293595968476,100.0,0.0,64.4,3.3970575502926055,1.025,0.10897247358851683,4.25,0.5361902647381804,0
648,0.9355694941670694,0.019321295400982423,0.01616872973195354,0.008494807267076318,0.0005415446706795712,0.00022674312447879018,100.0,0.0,64.4,2.2891046284519194,1.05,0.21794494717703367,4.05,0.5894913061275798,0
649,0.9369988276349825,0.02142928830528413,0.016673259800112233,0.008025467690978436,0.0005198766514069964,0.00022756799037694029,100.0,0.0,62.95,3.4565155865408737,1.2,0.4,4.0,0.7071067811865476,0
650,0.9379661175159967,0.022996853923841955,0.016306106599434083,0.007436028209345162,0.0005197398270200698,0.0002688287609785787,100.0,0.0,64.65,2.9372606285449034,1.0,0.0,4.3,0.5567764362830022,0
651,0.9337334722938015,0.021228254743109805,0.016383008553075794,0.007580415555879072,0.0005679281759456937,0.0002488947139826585,100.0,0.0,63.7,2.5903667693977237,1.025,0.10897247358851683,4.1,0.6244997998398398,0
652,0.9367026507811907,0.021093075288267593,0.016627334132791695,0.007743197202214781,0.0005325460427986038,0.00021384494795775378,100.0,0.0,63.45,3.5563323804166562,1.075,0.23848480035423641,4.45,0.6689544080129827,0
653,0.934526906403765,0.024512135510008765,0.016512650726896484,0.007716460953128419,0.0005620729678968724,0.00025881117539726264,100.0,0.0,63.6,3.7067505985701277,1.075,0.23848480035423641,4.3,0.6403124237432849,0
654,0.9402416727652257,0.024692343882403836,0.016021141215298896,0.008211248069915881,0.0004907711610569925,0.0002424969809052348,100.0,0.0,64.35,3.3507461855533016,1.05,0.21794494717703367,4.25,0.7664854858377946,0
655,0.9380693255970757,0.023969635100417094,0.017265999781891313,0.008101920285411028,0.0005036008530872204,0.00023638827751557923,100.0,0.0,63.65,3.8376425054973526,1.0,0.0,4.2,0.6,0
656,0.9393725337397685,0.023253561834823067,0.016550210659676688,0.00857197086828833,0.0004956728534810767,0.00020489572251210982,100.0,0.0,63.3,3.018277654557314,1.0,0.0,4.2,0.812403840463596,0
657,0.9398176662525257,0.025144624662045624,0.015703223317927055,0.00781759842042126,0.0005116584203466695,0.00023944948737373255,100.0,0.0,64.15,2.95423424934449,1.025,0.10897247358851683,4.35,0.7262919523166975,0
658,0.9389744065460184,0.02232410100319017,0.017382057133761834,0.007388481519292541,0.0004962510904877957,0.00023404571773974988,100.0,0.0,62.85,2.7436289836637897,1.1,0.2549509756796392,4.25,0.6224949798994366,0
659,0.9370534771455505,0.023890024759438282,0.0167099847249411,0.007612441255257739,0.0005281301998586549,0.0002377319396400356,100.0,0.0,63.9,3.5763109484495335,1.15,0.3570714214271425,3.85,0.852936105461599,0
660,0.9309171473803204,0.02518188139394156,0.017449108025964225,0.00635566194291127,0.0006069993830142271,0.00025683441401132343,100.0,0.0,62.5,3.4713109915419564,1.2,0.4,4.05,0.804673846971554,0
661,0.9324981937145628,0.024288470922027895,0.0160655089695003,0.0065515392295505785,0.0006044735936041992,0.0002745315289703894,100.0,0.0,61.9,2.808914381037628,1.1,0.3,4.35,0.852936105461599,0
662,0.9344616560477489,0.022238871873283463,0.016246356016361558,0.006770040339707658,0.0005767886669951571,0.00027304738841305677,100.0,0.0,62.25,2.56661255354212,1.0,0.0,4.4,0.9165151389911681,0
663,0.9386721553484325,0.019784401952796966,0.015446977227456912,0.005942793330539357,0.0005351052142705832,0.00022500197066471422,100.0,0.0,64.25,2.9979159427842537,1.1,0.3,4.25,0.82915619758885,0
664,0.9401773806192436,0.01496207394859084,0.016553131003175757,0.005084726865587197,0.0005047058569730537,0.00014795723380206044,100.0,0.0,63.0,2.16794833886788,1.1,0.3,4.0,0.4472135954999579,0
665,0.9396434048630955,0.020464614351080955,0.016712328950054596,0.005798942811397078,0.0005078375200545101,0.00021480912270030876,100.0,0.0,64.05,2.4591665254715873,1.0,0.0,4.05,0.4974937185533099,0
666,0.9381415910242936,0.02181088817038372,0.016533651618466337,0.006379293532141119,0.0005261802597204634,0.0002589000126279447,100.0,0.0,64.0,2.8460498941515415,1.025,0.10897247358851683,4.3,0.714142842854285,0
667,0.9367028207858878,0.024987062950514317,0.015404938048690902,0.006241959168638066,0.0005604583835299305,0.00030197143072782607,100.0,0.0,63.7,3.6619666847201113,1.125,0.3112474899497183,3.95,0.6689544080129826,0
668,0.937427717314875,0.02199206610171339,0.015109773964678422,0.008471085988480552,0.0005335129839385566,0.00024948498662750025,100.0,0.0,63.85,2.920188350089768,1.0,0.0,4.25,0.9937303457175896,0
669,0.9391767004700993,0.02199756049739939,0.016444751435493957,0.008425859075649545,0.0004949616000326457,0.00021222163396817333,100.0,0.0,63.8,2.767670500619609,1.0,0.0,4.45,0.6689544080129827,0
670,0.9364967520373153,0.0221547330325618,0.01600465423273639,0.00903967558672031,0.000540040119142763,0.00020906318040243353,100.0,0.0,62.95,2.9236107812087435,1.05,0.21794494717703372,4.15,0.5722761571129799,0
671,0.9406572173706238,0.02162577245558371,0.0161015299166393,0.0073141830374255324,0.0004956160635761371,0.00019910810371633482,100.0,0.0,63.0,2.23606797749979,1.0,0.0,4.25,0.6224949798994366,0
672,0.9412022716241347,0.0196326356117648,0.01623115196478826,0.006607325558279185,0.0004965252305292706,0.00021927952663962504,100.0,0.0,62.65,2.903015673398957,1.05,0.15,4.05,0.6689544080129826,0
673,0.9395618048930844,0.029090963843040885,0.015600995551400574,0.007076334533239901,0.000522554281788046,0.0003407506622866826,100.0,0.0,62.55,3.3981612675092396,1.1,0.3,4.35,0.5722761571129799,0
674,0.9376411814942068,0.027267255629981557,0.01679430715010203,0.006887879034353029,0.0005315165362466678,0.000289085201253906,100.0,0.0,64.05,2.8543825952384165,1.05,0.21794494717703372,4.5,0.7416198487095663,0
675,0.9390506119130325,0.021555359031799174,0.015497297583171693,0.006573822163558793,0.0005328871772780637,0.00024838823354439736,100.0,0.0,62.75,2.5074887836239665,1.125,0.3112474899497183,4.5,0.7416198487095663,0
676,0.93544871160089,0.017793490762124862,0.014194528142128727,0.0063809863796873674,0.0005987249272642346,0.0002087763923878112,100.0,0.0,63.15,2.5743931323712,1.0,0.0,4.45,0.7399324293474372,0
677,0.9361995967437557,0.018038810162321967,0.014564457560470822,0.007557222575406435,0.0005625908714293273,0.00019720226142706595,100.0,0.0,63.1,2.773084924772409,1.1,0.2549509756796392,4.15,0.6538348415311009,0
678,0.9355535622451263,0.01864511719368508,0.01578520343242153,0.008037424440876607,0.0005513366897544878,0.00017706554922496088,100.0,0.0,63.1,2.6438608132804573,1.05,0.21794494717703372,4.15,0.7262919523166976,0
679,0.9371189354605292,0.019577660703758316,0.01646585540532997,0.006870254897846067,0.000531363889414379,0.00021424966683634183,100.0,0.0,62.4,3.5693136595149495,1.15,0.32015621187164245,4.25,0.5361902647381804,0
680,0.9353642359590898,0.019035291330498,0.01633079811602762,0.007405655670006052,0.0005468149117213957,0.00016166243381633257,100.0,0.0,64.8,3.249615361854384,1.0,0.0,4.15,0.9630680142129111,0
681,0.9330427654886589,0.01959359843110279,0.017127818322317336,0.007136421696037341,0.0005750011747995872,0.0001927254443012614,100.0,0.0,63.55,3.2630507198019467,1.05,0.21794494717703372,4.4,0.7348469228349535,0
682,0.9324234561297192,0.02256032873971112,0.016718676642620216,0.007650365773228009,0.000588914579594824,0.00022957375980785043,100.0,0.0,63.75,3.3893214660164652,1.05,0.21794494717703372,4.45,0.9733961166965893,0
683,0.92784076319535,0.02734241490187388,0.017995840541717052,0.008264288584086026,0.0006127962936517287,0.0002906632541795235,100.0,0.0,63.7,2.685144316419511,1.0,0.0,4.35,0.7262919523166976,0
684,0.9308200894409924,0.019589356192660827,0.016894837031768417,0.007264550394132308,0.0005951556121642131,0.00021591363251981114,100.0,0.0,64.05,2.836811590500857,1.05,0.2179449471770337,4.15,0.7921489758877431,0
685,0.9283833190752245,0.020232198283490717,0.016519968903327128,0.008785165652417744,0.0006324407362697906,0.00025191601018364156,100.0,0.0,64.4,1.772004514666935,1.0,0.0,4.2,0.5099019513592784,0
686,0.9285337336673416,0.022124771595358673,0.01758423107247354,0.008944863248973482,0.0005997547613213643,0.00022189285667518726,100.0,0.0,64.25,2.930443652418521,1.025,0.10897247358851683,4.05,0.6689544080129826,0
687,0.9343280203618534,0.021573491802727825,0.01750957901231228,0.0078578481080664,0.000536894084792901,0.00019210997770081336,100.0,0.0,63.4,2.956349099818897,1.0,0.0,4.4,1.0677078252031311,0
688,0.928994075929374,0.026228269099178848,0.01633685626320377,0.007609731824189455,0.0006305044816198318,0.0002731636114746839,100.0,0.0,64.05,3.0409702399069936,1.025,0.10897247358851683,4.05,0.739932429347437,0
689,0.931122480771511,0.024508776339947018,0.016336787871941788,0.0076895052830616905,0.0006108199420896746,0.0002423049879008864,100.0,0.0,62.95,3.9303307748839664,1.075,0.23848480035423641,4.35,1.0136567466356647,0
690,0.9320974524851563,0.02275202274879102,0.016820511733934892,0.005959955984453107,0.000590032020380397,0.00022417692021581458,100.0,0.0,63.7,2.72213151776324,1.05,0.21794494717703372,4.1,0.5385164807134504,0
691,0.9311994806572462,0.02647745629281987,0.016594100773222188,0.006007382689377786,0.0006130919302883448,0.00028991235607017066,100.0,0.0,63.2,3.5721142198983498,1.075,0.23848480035423641,4.25,0.9937303457175896,0
692,0.9276136454217025,0.0271050156397105,0.015609677098937791,0.005613545405315058,0.0006753949865826811,0.00028555395685465494,100.0,0.0,64.2,3.54400902933387,1.1,0.2549509756796392,4.05,0.804673846971554,0
693,0.9335513156786434,0.025987316322179523,0.014134684892403923,0.007038525390961983,0.0006065541816490633,0.00023879861885271007,100.0,0.0,64.05,3.3087006513131403,1.05,0.2179449471770337,4.35,0.7921489758877431,0
694,0.9369946856593188,0.0269849281950012,0.013737558961501875,0.007627574124774026,0.0005662427557192011,0.00024377456981601993,100.0,0.0,64.05,2.1324868112136124,1.0,0.0,3.9,0.5385164807134504,0
695,0.9365545875167512,0.024847873342244187,0.013673022082646511,0.0077796593725205174,0.0005816882684676776,0.0002515404507446805,100.0,0.0,62.75,2.6052830940226053,1.075,0.23848480035423641,4.25,0.5361902647381804,0
696,0.9348502018070786,0.022794669786094658,0.015504468135926652,0.007058355060805582,0.0005848729678018736,0.000259060276828734,100.0,0.0,62.8,3.3105890714493693,1.15,0.3570714214271425,4.05,0.6689544080129826,0
697,0.9327076232018289,0.022336271446358885,0.015402555465601472,0.006982498655923655,0.0006237493463014134,0.00027700225586566306,100.0,0.0,63.55,2.2017038856303994,1.1,0.3,4.15,0.6538348415311012,0
698,0.9363525984668859,0.020513770063415773,0.01441404204000705,0.007117528782039136,0.0005838809029483723,0.00020154721998252005,100.0,0.0,62.95,3.0409702399069936,1.025,0.10897247358851683,4.5,0.8660254037844386,0
699,0.937968172838182,0.01911736974769875,0.014575989009049628,0.007785021224300448,0.0005430754399543258,0.00019038669550430634,100.0,0.0,63.5,3.0903074280724887,1.05,0.21794494717703372,4.0,0.8366600265340756,0
700,0.9375968866888291,0.022508894479836214,0.014729327123781532,0.0076718797010853655,0.0005470691836820919,0.0002068647331365943,100.0,0.0,63.05,2.654712790491657,1.05,0.21794494717703372,4.4,0.7348469228349535,0
701,0.9396544170488218,0.019488159387745594,0.014465246213110466,0.007458508466703046,0.0005231623409889504,0.0001541215826098658,100.0,0.0,62.7,3.3331666624997918,1.1,0.3,4.35,0.8529361054615991,0
702,0.9384634126594937,0.022613494071560915,0.013292832984863234,0.0068137024659188075,0.0005655617248095586,0.00024183373095774228,100.0,0.0,63.75,3.0639027399707057,1.0,0.0,4.35,1.0136567466356645,0
703,0.942552710550749,0.022345017597759472,0.012716341707859619,0.006934465706584546,0.0005226222091695238,0.00021198952965059277,100.0,0.0,63.95,2.1788758569500923,1.0,0.0,4.0,0.6324555320336759,0
704,0.9429073802660213,0.02009979820012145,0.011833919693087086,0.004790924313794422,0.0005386757108219911,0.00023886644726094525,100.0,0.0,62.75,2.913331426391443,1.1,0.3,4.45,0.8645808232895291,0
705,0.9427910962429877,0.022836174778504935,0.012159601858981678,0.005365740188642306,0.0005345325258813239,0.00026898612049494223,100.0,0.0,62.75,2.7363296585024255,1.025,0.10897247358851683,4.35,0.5722761571129799,0
706,0.9397494574595348,0.02467887572995676,0.011577312062154484,0.005035650381326351,0.0005833244459511645,0.0002798178119005258,100.0,0.0,62.6,2.764054992217051,1.0,0.0,4.25,0.6224949798994366,0
707,0.9369644595448131,0.022683564201584842,0.012448867068846431,0.006059391716338587,0.0006007381411426663,0.0002499089520035075,100.0,0.0,63.25,3.418698582794336,1.1,0.3,4.1,0.6244997998398398,0
708,0.9404737567465942,0.02039585590199539,0.012856478927252285,0.005688949987744213,0.0005554819498539223,0.00023264396601395683,100.0,0.0,63.25,2.5074887836239665,1.1,0.3,4.2,0.6,0
709,0.9404020748671735,0.02234897939802801,0.012119205469261856,0.00508148635053752,0.0005720665622866385,0.00024338011472068268,100.0,0.0,62.65,3.4967842369811724,1.1,0.3,4.1,0.7681145747868608,0
710,0.9378120335973623,0.020041408888747225,0.013228619382337381,0.005134512175387472,0.0005980396598494234,0.00021557914557159252,100.0,0.0,63.45,2.801338965566288,1.0,0.0,4.2,0.6,0
711,0.9367309551017071,0.02303966307930512,0.014863465884293886,0.005843280359592389,0.0005844626791262268,0.00024039456517003995,100.0,0.0,63.35,3.6093628246547893,1.1,0.3,4.1,0.7000000000000001,0
712,0.9370344168610437,0.026099160547049367,0.013819871388448679,0.0052989988840019975,0.0005919399600758061,0.0002910425795699201,100.0,0.0,63.05,2.479415253643488,1.075,0.23848480035423641,4.3,0.8426149773176358,0
713,0.9417127473214185,0.024910490508080384,0.01357881678016963,0.006479802555439525,0.0005269564117402548,0.0002695896104367443,100.0,0.0,62.6,2.870540018881465,1.075,0.23848480035423641,4.25,0.7664854858377946,0
714,0.9448976978740028,0.017341030884996847,0.013653730298697566,0.006111667875936383,0.00048655982645336,0.000183187554954579,100.0,0.0,64.6,3.7067505985701277,1.05,0.21794494717703372,4.2,0.7483314773547883,0
715,0.9439414432436557,0.015693392996304248,0.013163467307985535,0.006425982913923447,0.0005050360433709754,0.00015667878064038837,100.0,0.0,64.1,2.4677925358506134,1.0,0.0,4.2,0.5099019513592784,0
716,0.942488695901796,0.016824231620226067,0.013973798493822524,0.006569560605460499,0.0005131988583898083,0.00019659532081186555,100.0,0.0,63.9,2.364318083507378,1.025,0.10897247358851683,4.1,0.6244997998398398,0
717,0.9413195610239912,0.019700153151395963,0.013488126106989008,0.006372484419311162,0.0005348455169316363,0.0002484496102383803,100.0,0.0,62.75,2.913331426391443,1.05,0.21794494717703372,4.15,0.8529361054615991,0
718,0.9362416620598937,0.02647915650406883,0.014293847714122343,0.006657805441247823,0.0005947280021909555,0.0003494412893807194,100.0,0.0,63.45,2.3553131426627756,1.05,0.21794494717703372,3.9,0.7681145747868608,0
719,0.9386654392283879,0.0248428455514153,0.015467347618962337,0.006587749080144809,0.0005470431685069874,0.0002895336094963731,100.0,0.0,63.25,3.404041715373065,1.075,0.23848480035423641,4.2,0.5099019513592784,0
720,0.9390170079748451,0.023021874555932378,0.016106713508297725,0.006236319098815814,0.0005429223218574872,0.00026375750130426344,100.0,0.0,63.55,1.8020821290940099,1.0,0.0,4.25,0.5361902647381804,0
721,0.9385474224697701,0.016993828537325128,0.016942538916089763,0.005181117525684248,0.0005229150459696922,0.00017594934284088896,100.0,0.0,63.55,2.1788758569500923,1.025,0.10897247358851683,4.4,0.58309518948453,0
722,0.9374421930405422,0.022617948709884705,0.016719859462944874,0.0061891960492047975,0.0005430021731877156,0.00023364963143895288,100.0,0.0,63.2,3.0757112998459397,1.05,0.21794494717703372,4.3,0.6403124237432849,0
723,0.9380523386368648,0.024068850176949586,0.015622635638125873,0.005757275175107139,0.000555847462211246,0.0002543307257085887,100.0,0.0,63.6,2.615339366124404,1.05,0.21794494717703372,4.35,0.7921489758877431,0
724,0.9347870256300774,0.02536892522302848,0.015944776771631933,0.006475060631063009,0.0005865926650803013,0.00026033955470281493,100.0,0.0,63.7,2.3895606290697042,1.1,0.3,4.2,0.9797958971132712,0
725,0.93476452553935,0.02469766756619992,0.014468051925445818,0.0056021598199652405,0.000623032355858159,0.00025810091049213203,100.0,0.0,63.3,3.0675723300355937,1.075,0.23848480035423641,4.4,0.8602325267042626,0
726,0.9397370521915388,0.026345028742321086,0.014188167504356402,0.006921087762209721,0.0005494482541507238,0.00028983083365314476,100.0,0.0,62.75,3.191786333700926,1.2,0.3674234614174767,4.05,0.6689544080129826,0
727,0.9417041323649032,0.02507291978734928,0.014444749055279019,0.006566398348321169,0.0005180639168490104,0.00027710907305987184,100.0,0.0,62.6,2.8530685235374214,1.025,0.10897247358851683,4.05,0.739932429347437,0
728,0.9437919014343417,0.02032273423746995,0.013642918979103571,0.007251037353127731,0.0004993816960123798,0.00023389381093152155,100.0,0.0,62.95,3.3537292675468007,1.075,0.23848480035423641,4.25,0.5361902647381804,0
729,0.9448611855552524,0.02259685798692287,0.01247565240619627,0.007432024596959789,0.0005010269880312724,0.0002469787476817973,100.0,0.0,63.15,2.6509432283623124,1.075,0.23848480035423641,4.45,0.8046738469715541,0
730,0.9455071322655414,0.016297140484370566,0.012445725706493566,0.007274825171263465,0.0004951523943660307,0.0001917411812822668,100.0,0.0,63.3,2.8478061731796287,1.075,0.23848480035423641,4.3,0.9539392014169457,0
731,0.9461523110909313,0.019060753876825254,0.012972119025882186,0.006338536866938011,0.0004843345896164684,0.0001942211102312317,100.0,0.0,63.45,2.9406631905065233,1.0,0.0,4.1,0.7681145747868608,0
732,0.9431247991830218,0.01980373998394602,0.01380242482494993,0.005349983155818495,0.0005255297969390329,0.00024572261993783146,100.0,0.0,63.55,3.0736785778607367,1.05,0.21794494717703372,4.05,0.6689544080129826,0
733,0.9403732723286969,0.025401970852330445,0.013445921362198448,0.005778504681326413,0.0005628203687190452,0.0003317841134794709,100.0,0.0,62.85,4.80910594601533,1.1,0.3,4.4,0.66332495807108,0
734,0.9406244051100897,0.020226773310772158,0.015357517865354664,0.0053342407252874235,0.0005265497398925141,0.00020567220687266974,100.0,0.0,62.95,3.3686050525402944,1.0,0.0,4.35,0.7262919523166975,0
735,0.9391509525313217,0.023856964959676853,0.015446679898805146,0.006195481375538026,0.0005458914658465004,0.0002713969038962835,100.0,0.0,62.15,2.4753787588973126,1.225,0.40233692348577704,4.2,0.6782329983125269,0
736,0.9427765829282292,0.0216423946700093,0.014955643800191395,0.006900924145367104,0.000498327507809688,0.0002531985065548475,100.0,0.0,64.1,2.844292530665578,1.0,0.0,3.85,0.47696960070847283,0
737,0.9471236546656365,0.0207537950249548,0.014316845284207324,0.006994338861220558,0.0004572260545328705,0.00023277828133848154,100.0,0.0,63.7,3.1480152477394387,1.025,0.10897247358851683,4.5,0.806225774829855,0
738,0.9435823781008047,0.02042200283785901,0.014746908263674904,0.006209564885700607,0.0004997457643148635,0.00023909761544462483,100.0,0.0,63.65,3.1666228067138023,1.0,0.0,4.15,0.653834841531101,0
739,0.9445707471283764,0.016036825611830417,0.014151208318548556,0.00675390548182851,0.0004907132333730674,0.00018327246269302889,100.0,0.0,63.9,3.345145736735546,1.05,0.21794494717703372,4.15,0.9096702699330127,0
740,0.9449326541133181,0.017715167930286116,0.014498010696615646,0.006759766778335683,0.00048659178996891876,0.00017971297477697797,100.0,0.0,64.4,2.8178005607210737,1.0,0.0,4.25,0.5361902647381804,0
741,0.9456333122565095,0.020841060311258538,0.01443434753683367,0.0068062940447428414,0.0004761455089699055,0.0002731147645365367,100.0,0.0,63.6,3.8131351929875237,1.05,0.21794494717703372,4.55,0.7399324293474372,0
742,0.9432988162661342,0.024081058790261938,0.01630482151677686,0.00732512028745807,0.00047211263718129526,0.0002541054347706319,100.0,0.0,63.05,1.9868316486305526,1.075,0.23848480035423641,4.45,0.5894913061275798,0
743,0.9453609952950842,0.022765286775066496,0.015470326189517079,0.00618815704584425,0.0004756295605656723,0.00025030342284282575,100.0,0.0,64.8,2.803569153775237,1.0,0.0,4.3,0.9,0
744,0.9466736548664448,0.019238007474693578,0.014329547991441233,0.006483966834317662,0.0004658853637726806,0.00019572465073316783,100.0,0.0,62.95,2.6358110706194404,1.075,0.23848480035423641,4.3,0.714142842854285,0
745,0.9473797190647236,0.01931943056759653,0.01399598845365865,0.006848532983198293,0.00045569562172342057,0.0002029477125612597,100.0,0.0,63.75,3.0475399915341552,1.1,0.3,4.15,0.7262919523166975,0
746,0.9446318068381814,0.02022844593086375,0.012439752507752358,0.006876854936792836,0.0005171995959358351,0.00022635983224132732,100.0,0.0,63.4,2.4979991993593593,1.0,0.0,4.2,0.39999999999999997,0
747,0.9439772330621429,0.0172965381194917,0.01407562133554971,0.0051787981756062865,0.0005084565050968936,0.0002286408788341822,100.0,0.0,62.6,3.4698703145794947,1.0,0.0,4.65,0.9096702699330126,0
748,0.9463168566829203,0.017095877717924667,0.014042882678293034,0.005993563748159054,0.0004709280352313881,0.00019536239342018684,100.0,0.0,62.35,3.1507935508376295,1.125,0.3112474899497183,4.45,0.7399324293474372,0
749,0.947884916777344,0.01588709492045773,0.014439576069270325,0.0059876218012289515,0.0004543585032647083,0.0001562774847667311,100.0,0.0,64.25,2.5074887836239665,1.0,0.0,4.25,0.5361902647381804,0
750,0.9493933110179252,0.01744309291735402,0.014059904641450858,0.005681825392359867,0.0004363611069129659,0.00017206753665657744,100.0,0.0,63.55,3.5422450508117027,1.125,0.3112474899497183,4.25,0.6224949798994366,0
751,0.9436815004401202,0.018378054666363164,0.014575902372119412,0.005703515274700703,0.0004991236031190622,0.00019650876212644344,100.0,0.0,64.8,3.1240998703626612,1.05,0.21794494717703372,3.95,0.6689544080129827,0
752,0.9458940579804439,0.018665910634995255,0.014640612640864515,0.005109125072137555,0.0004710310815503829,0.00019505277711120742,100.0,0.0,64.55,2.7834331319433563,1.0,0.0,4.2,0.5099019513592784,0
753,0.9433033515819732,0.024209486905222472,0.014799437419734478,0.006904781247523278,0.0004903179021755222,0.00023473337479855896,100.0,0.0,62.7,3.0838287890218554,1.125,0.3112474899497183,4.0,0.7071067811865476,0
754,0.9451145666156782,0.021432322326445586,0.01400035399068723,0.007033590608897587,0.00048058243703054333,0.00020686663990218467,100.0,0.0,63.2,3.6687872655688283,1.175,0.36314597615834876,4.4,1.0198039027185568,0
755,0.9459365350598388,0.02350124457051462,0.014494459968352243,0.007342247107272381,0.0004598568755524009,0.00021533374020667198,100.0,0.0,63.4,3.1048349392520045,1.0,0.0,4.3,0.6403124237432849,0
756,0.9438317241425732,0.020354112507465005,0.015069473571472319,0.006659083940075824,0.00048232546294650635,0.000185288948714584,100.0,0.0,63.0,2.8809720581775866,1.0,0.0,4.6,0.8602325267042626,0
757,0.9463818432382508,0.021639802324980407,0.015050321755135437,0.00713805143345349,0.0004477245630142601,0.0002056271908302968,100.0,0.0,63.85,2.7977669667075564,1.125,0.3112474899497183,4.0,0.7745966692414834,0
758,0.9498437729469194,0.02124096578357407,0.014418005328762879,0.006998899870763249,0.00042062338225495286,0.00020303247096925312,100.0,0.0,63.15,3.1348843678834477,1.15,0.32015621187164245,4.0,0.6324555320336759,0
759,0.9477510565610917,0.01854772970024486,0.013837792673912266,0.006537520342460609,0.0004553873948196233,0.00018666732416820384,100.0,0.0,64.05,2.5194245374688244,1.05,0.21794494717703367,4.2,1.0770329614269007,0
760,0.9485204438833454,0.021562594229833715,0.014061424977363905,0.006484631501654319,0.00044575452212803154,0.00020984682913909475,100.0,0.0,63.55,3.089902911096076,1.075,0.23848480035423641,4.3,0.714142842854285,0
761,0.9481348036058683,0.02271265554569372,0.014779211117612831,0.006925640053379355,0.0004390314055555289,0.00023167952298181076,100.0,0.0,62.05,4.684815898197067,1.175,0.36314597615834876,4.1,0.6244997998398398,0
762,0.9425593875447834,0.023287045153669934,0.014313174527150549,0.006422345205815193,0.0005177176006585871,0.0002498798421869324,100.0,0.0,62.25,3.7399866309921483,1.15,0.3570714214271425,4.1,0.8306623862918074,0
763,0.9424750341396215,0.022728428970007614,0.014902169630959675,0.0061384774151999905,0.0005060654245450972,0.00023577107930649528,100.0,0.0,63.75,3.476708213238494,1.15,0.3570714214271425,4.1,0.6244997998398398,0
764,0.9432606447321568,0.020259805962155427,0.014623928903397101,0.006092066123782906,0.0004962973328294961,0.00019078165588108724,100.0,0.0,63.05,2.1788758569500923,1.0,0.0,4.0,0.4472135954999579,0
765,0.9411582682487077,0.025783839034955947,0.013556308546083829,0.0060273534078487765,0.0005407487753292164,0.00025006916360266186,100.0,0.0,63.7,2.5709920264364885,1.0,0.0,4.05,0.5894913061275798,0
766,0.944196866525707,0.021395119978901433,0.012677258372371807,0.006820031282166615,0.0005048870424872464,0.00023272379060415422,100.0,0.0,63.55,2.3973944189473704,1.125,0.3112474899497183,4.15,0.5722761571129799,0
767,0.9416629866547834,0.022489251008177613,0.011271105805833516,0.006850503072460891,0.0005592762248213061,0.0002732893006101949,100.0,0.0,63.6,3.3376638536557275,1.1,0.3,4.25,0.698212002188447,0
768,0.9430100849191483,0.02397080253162169,0.011368591725779847,0.0065735326218542235,0.0005466722086994865,0.00030685523687245267,100.0,0.0,63.2,2.249444375840399,1.0,0.0,4.2,0.812403840463596,0
769,0.9401829886483896,0.020549015402230777,0.012666794932499198,0.00736898647712837,0.0005543559170910422,0.0002416817347417556,100.0,0.0,63.55,2.4387496796514396,1.0,0.0,4.4,0.7999999999999999,0
770,0.9392250262978713,0.01940620027961437,0.013452910728445863,0.007872230888157044,0.0005495954973434045,0.0002343126593166145,100.0,0.0,63.55,3.4128433893163046,1.0,0.0,4.45,0.9205976319760985,0
771,0.9370438998223616,0.027390410878945178,0.01261199039059591,0.008243487481276136,0.0005820111744296331,0.0002899340862732462,100.0,0.0,64.1,3.6728735344413916,1.075,0.23848480035423641,4.3,0.8426149773176358,0
772,0.94096178547988,0.02568985873578309,0.011606226340777591,0.007614319543092716,0.0005532301858369858,0.0002730947178845653,100.0,0.0,64.55,3.2011716605018234,1.075,0.23848480035423641,4.15,0.7921489758877431,0
773,0.9423309441747438,0.025681807951150097,0.011254679228623016,0.00767059137733458,0.0005457876447411185,0.0002471186077368912,100.0,0.0,63.4,3.903844259188627,1.1,0.3,4.3,0.7810249675906654,0
774,0.9403973876436194,0.025133766793675103,0.010699337772961011,0.00711663031446857,0.0005791705369100976,0.00026957816350992275,100.0,0.0,64.1,3.080584360149872,1.0,0.0,4.05,0.6689544080129826,0
775,0.9411879307575625,0.02163711652122525,0.012083691228076433,0.006264792477244123,0.0005598111714087538,0.00023225927247486734,100.0,0.0,63.5,2.7838821814150108,1.0,0.0,4.1,0.6244997998398398,0
776,0.9423759691504909,0.029245376519502056,0.011510071634802608,0.007247092944588021,0.0005505258394538649,0.00032726776764072216,100.0,0.0,63.0,2.345207879911715,1.0,0.0,4.05,0.6689544080129826,0
777,0.9375027649247377,0.025518628936138345,0.012403104688507914,0.0074580870557869735,0.000609629429694305,0.0003109995475202822,100.0,0.0,62.6,3.1208973068654475,1.15,0.3570714214271425,4.6,0.7348469228349535,0
778,0.9412823654840787,0.021472090339509968,0.012238290548881554,0.007982589678266495,0.0005554960546165139,0.00026293823511635477,100.0,0.0,62.45,2.7654113618049667,1.125,0.3112474899497183,4.1,0.6244997998398398,0
779,0.9444511819333542,0.02446170707478584,0.012141975472351834,0.007785863331439263,0.0005129658159456151,0.00027684905208814805,100.0,0.0,64.25,2.342541355024496,1.05,0.21794494717703372,4.1,0.7681145747868608,0
780,0.9454977203059718,0.025552995101686047,0.010842306770862554,0.00808433175588451,0.0005195973382436826,0.0002734545955437588,100.0,0.0,63.65,3.424543765233553,1.1,0.3,4.2,0.6,0
781,0.9449350280022998,0.024941424366704615,0.011015965368799546,0.0077181875695010475,0.0005321069873384964,0.0002850005773365872,100.0,0.0,63.6,3.1685959035509725,1.05,0.21794494717703372,4.1,0.7000000000000001,0
782,0.9441221498550865,0.025810879120596108,0.010620774398888002,0.00800885828839715,0.0005411578483026016,0.00029228354166209013,100.0,0.0,63.1,2.6057628441590768,1.0,0.0,4.4,0.66332495807108,0
783,0.9414739123268289,0.02812141447718536,0.010775572916356897,0.0068370339089951025,0.0005869966337011611,0.0003512397126443951,100.0,0.0,63.3,3.4655446902326914,1.1,0.3,4.1,0.5385164807134504,0
784,0.944754682248884,0.022778674037406105,0.012180309862445577,0.0067544487620741726,0.0005188794672672423,0.00024904660109172555,100.0,0.0,64.4,2.956349099818896,1.025,0.10897247358851683,3.95,0.6689544080129826,0
785,0.9405402593882396,0.022397587068061633,0.012406694558454138,0.005663552369499426,0.0005737366263476582,0.000284186809811763,100.0,0.0,64.3,2.3473389188611007,1.0,0.0,4.15,0.6538348415311012,0
786,0.9395954694892386,0.02488937731127069,0.01285134079341629,0.006638853306624488,0.0005653574595565352,0.00026805705101378997,100.0,0.0,62.65,3.1666228067138023,1.025,0.10897247358851683,4.4,0.6633249580710799,0
787,0.9431904001792162,0.022630035229740112,0.012564665422865811,0.006279568131333667,0.0005250040566259251,0.00027138282722375203,100.0,0.0,63.95,2.0365411854416298,1.0,0.0,4.05,0.3840572873934304,0
788,0.9422361072910596,0.018865876027442757,0.012571546449860355,0.0055543305541192085,0.0005458840927163595,0.00023006030352083043,100.0,0.0,64.6,2.4779023386727737,1.0,0.0,4.1,0.7,0
789,0.9410063990183793,0.01924978874926987,0.012713750699833984,0.005709195129056942,0.0005521474599431743,0.00023167523091782003,100.0,0.0,63.95,2.9236107812087435,1.025,0.10897247358851683,4.0,0.6324555320336759,0
790,0.9400344872037356,0.019294973437240393,0.012574505866758836,0.005593696227865499,0.0005663958247339453,0.00024290341492998752,100.0,0.0,64.35,3.118894034750139,1.075,0.23848480035423641,4.1,0.7681145747868608,0
791,0.9386546573379364,0.022465441367391887,0.011636407963872155,0.005986716967308281,0.0005881960210829862,0.0002658625700282047,100.0,0.0,62.95,2.7472713735632306,1.0,0.0,4.25,0.82915619758885,0
792,0.9364374667013984,0.020405437766923412,0.012088880572298923,0.005968926597641448,0.0006136117481190889,0.0002342581653702075,100.0,0.0,62.45,2.923610781208744,1.175,0.36314597615834876,4.35,0.9630680142129111,0
793,0.9350275285535551,0.023799038194758104,0.012834175200333453,0.006740761120363047,0.0006116652960346119,0.0002518352662155977,100.0,0.0,62.35,2.8857408061016154,1.15,0.3570714214271425,4.2,0.6782329983125269,0
794,0.9381342929852272,0.021697020447731127,0.010486983366950536,0.006079952908315152,0.0006066995739928048,0.00022740369202860298,100.0,0.0,64.6,3.4698703145794942,1.15,0.3570714214271425,4.15,0.653834841531101,0
795,0.9396594483269333,0.019028281303953443,0.010140386521788308,0.006221684537890266,0.0005946305186200489,0.00022598129854526408,100.0,0.0,63.65,2.669737814842499,1.05,0.21794494717703372,4.3,0.5567764362830021,0
796,0.9421851993675912,0.017540000759095557,0.010609377967654432,0.005624574017872804,0.0005649424097165557,0.00019778559267011355,100.0,0.0,64.15,4.304358256465184,1.1,0.3,4.2,0.6782329983125268,0
797,0.9423866320056795,0.020270969122785563,0.010948810033023528,0.00597552110517104,0.0005538305972371008,0.0002437871776640502,100.0,0.0,63.05,3.1855140872392953,1.1,0.3,4.55,0.8645808232895291,0
798,0.9401896907107895,0.020606009174475054,0.011309548843742172,0.005849428244268016,0.0005898546454400961,0.00023009015642808738,100.0,0.0,62.4,3.184336665618132,1.05,0.21794494717703372,4.75,0.7664854858377946,0
799,0.9380105386210115,0.02387628272568729,0.010216770679482503,0.004972263566265758,0.0006422033335994221,0.00027858971502173316,100.0,0.0,62.5,2.9410882339705484,1.05,0.21794494717703372,4.45,0.6689544080129827,0
800,0.9403156893677455,0.02518482006905233,0.009801203200570898,0.004965785728077935,0.0006079060661745591,0.0002786829539819333,100.0,0.0,63.5,2.9916550603303182,1.025,0.10897247358851683,4.4,0.4898979485566356,0
801,0.9375154198098757,0.0278689281168809,0.010347844884107848,0.0062643978141252955,0.0006279494539087278,0.0003317994568220915,100.0,0.0,63.05,2.4591665254715873,1.05,0.21794494717703372,4.15,0.6538348415311012,0
802,0.9394475074184022,0.028048180269622528,0.010943528653421694,0.006144491368663028,0.0005950498953266542,0.00031257519891553763,100.0,0.0,63.7,2.9342801502242426,1.1,0.3,4.1,0.8306623862918076,0
803,0.9376383442657354,0.028557254109875023,0.009314290655770812,0.0046820759163382,0.0006424888786434831,0.00033270916526908237,100.0,0.0,63.45,3.2935543110748915,1.075,0.17853571071357124,4.15,0.5722761571129799,0
804,0.9385934476530029,0.029638699576324683,0.010534137232691415,0.005049523003477745,0.0006194654121367868,0.00030725218373965646,100.0,0.0,63.65,3.395217224272992,1.125,0.3112474899497183,3.8,0.5099019513592784,0
805,0.9381192428745015,0.025009705978066676,0.010802422816579288,0.0061513505829498905,0.0006113352581430707,0.0002577475864632299,100.0,0.0,62.9,3.3000000000000003,1.075,0.23848480035423641,4.45,1.0712142642814275,0
806,0.9345331006973646,0.022175783368036033,0.010962477058835874,0.006172810200999535,0.0006524684594524807,0.0002415501212759649,100.0,0.0,64.05,3.278337993557101,1.05,0.21794494717703372,4.0,0.6324555320336759,0
807,0.9344422356158623,0.020659808446150067,0.010876241910421542,0.006417838839998218,0.0006511512357033309,0.00023375287285644055,100.0,0.0,63.75,2.8262165522125158,1.0,0.0,4.4,0.6633249580710799,0
808,0.9343099867619854,0.023284066097197444,0.012571503995203768,0.006169876261023104,0.000631706279028408,0.0002536003308935851,100.0,0.0,63.4,2.4372115213907883,1.05,0.21794494717703372,4.15,0.7262919523166976,0
809,0.9319154109534976,0.021627690515102705,0.01372008810986212,0.00630871827564031,0.0006430777731254386,0.00022484715519150282,100.0,0.0,63.7,3.407345007480164,1.0,0.0,4.35,0.5722761571129799,0
810,0.9347028560345587,0.02150867478803089,0.013315480617965484,0.005173467564716149,0.0006237875827254225,0.0002147327304828224,100.0,0.0,63.65,2.868361901852693,1.05,0.21794494717703372,4.25,0.8874119674649424,0
811,0.9407569819038573,0.020138058709848524,0.013302335945673057,0.0055056153038957265,0.0005573309796107118,0.00018933821196750374,100.0,0.0,62.8,2.8913664589601917,1.0,0.0,4.25,0.7664854858377946,0
812,0.9412958697350682,0.023531389715015963,0.0127228108181133,0.006294399402984345,0.0005528147022750599,0.00021761313055364273,100.0,0.0,64.4,3.6110940170535573,1.05,0.2179449471770337,4.15,0.8529361054615991,0
813,0.9438517892997782,0.024497448271316627,0.012490539252578477,0.007820611103187559,0.0005081015385584739,0.00019255762168229998,100.0,0.0,63.25,2.662235902394827,1.0,0.0,4.3,0.9539392014169457,0
814,0.9449282450692025,0.0220336649987194,0.012147193957999047,0.007742582925697177,0.0005002360421068493,0.0001605633940841243,100.0,0.0,63.05,3.3537292675468007,1.05,0.21794494717703372,4.3,0.714142842854285,0
815,0.9426815866136303,0.025921072053160767,0.012326837772508986,0.007893321519264288,0.0005234953167647095,0.00022486349924902388,100.0,0.0,63.85,2.8857408061016154,1.0,0.0,4.15,0.7921489758877431,0
816,0.9442729885135905,0.02533046295805243,0.012776084081916717,0.007004314818261373,0.0005057923799708357,0.00021859369193214382,100.0,0.0,64.75,2.5074887836239665,1.075,0.17853571071357124,3.95,0.5894913061275798,0
817,0.9477645987108305,0.024523291788300365,0.011630967273316807,0.007368884019764347,0.0004791921300877027,0.00022471477722428007,100.0,0.0,64.05,3.7745860700214533,1.125,0.3112474899497183,4.05,0.5894913061275798,0
818,0.9483092205733253,0.023234906415702285,0.012667550908028073,0.006905699836148725,0.00046724206630598353,0.0002251226371563807,100.0,0.0,63.35,2.4550967394381837,1.0,0.0,3.95,0.49749371855331,0
819,0.9457755274825187,0.021868680404014223,0.012015293413739725,0.007197747861274627,0.0004968838105005923,0.0002218202510205373,100.0,0.0,62.25,2.913331426391443,1.05,0.21794494717703372,4.5,1.02469507659596,0
820,0.9455095132060677,0.021900984661268885,0.011996130139747447,0.006485006800602572,0.0005052770745551977,0.00023226396934545866,100.0,0.0,64.3,3.4365680554879163,1.05,0.21794494717703372,4.1,0.6244997998398398,0
821,0.9436708850027985,0.02437559694295153,0.012260094580234573,0.0061828612770433895,0.0005308815468280745,0.00025651941176789395,100.0,0.0,62.65,3.08666486681013,1.05,0.21794494717703372,4.25,0.6224949798994366,0
822,0.9462950633117334,0.021617952879683718,0.012473872072220307,0.006002013953576305,0.0005101095813129215,0.00025164970449844656,100.0,0.0,63.7,2.703701166919155,1.15,0.32015621187164245,4.2,0.6782329983125268,0
823,0.9452405345220611,0.02574640502221478,0.011304568437394165,0.006688531796598835,0.0005213634012259705,0.0002764957256449599,100.0,0.0,63.05,3.3387872049593095,1.2,0.4,3.95,0.5894913061275798,0
824,0.9447284830984242,0.030010754709026848,0.01108218441511766,0.008005786366789844,0.0005231490524382211,0.0003196907701165989,100.0,0.0,62.7,3.287856444554719,1.05,0.21794494717703372,4.25,0.698212002188447,0
825,0.9471212408736198,0.02332482238741991,0.01213535101606306,0.0070265459364472335,0.00048710249029226946,0.00023105507615413414,100.0,0.0,62.65,3.439113257803529,1.2,0.4,4.25,0.698212002188447,0
826,0.9459949445092144,0.021018517350947768,0.011615212468268295,0.007476425012615308,0.0005027135365520324,0.00019249323808614158,100.0,0.0,63.05,4.153010955921017,1.15,0.3570714214271425,4.2,0.812403840463596,0
827,0.9494729631802358,0.019049738074485706,0.010898389885671381,0.007130835717126335,0.0004656403671636611,0.00018601967234770352,100.0,0.0,63.8,2.1354156504062622,1.025,0.10897247358851683,4.35,0.6538348415311012,0
828,0.9472779409101866,0.020515250049127572,0.011727468770017596,0.006625011915507876,0.0004853388337219342,0.0002157420025077089,100.0,0.0,63.15,3.08666486681013,1.025,0.10897247358851683,4.0,0.6324555320336759,0
829,0.9452047885396098,0.02094072869899194,0.01182545321283166,0.005597339584091919,0.0005154987204764928,0.00022780000388765353,100.0,0.0,63.2,3.5721142198983498,1.15,0.3570714214271425,4.4,0.6633249580710799,0
830,0.9441317499352433,0.020600959718733124,0.01280042917162621,0.005104350317065301,0.0005206709659653622,0.00022712186691524542,100.0,0.0,62.6,2.8530685235374214,1.1,0.3,4.3,0.7810249675906654,0
831,0.9475147027054994,0.023422818267719553,0.011406058596655803,0.004700074990361606,0.0004932898501263398,0.000269496941921628,100.0,0.0,63.6,2.973213749463701,1.025,0.10897247358851683,4.5,0.9219544457292888,0
832,0.9513233738022112,0.026478822773158318,0.010975246001759219,0.005741045064509449,0.00044698617274608704,0.00030168941076765346,100.0,0.0,62.9,2.5865034312755126,1.05,0.21794494717703372,4.45,0.7399324293474372,0
833,0.9500025419212685,0.02618275034388888,0.010420823496237467,0.005226366350642605,0.0004802724162008055,0.0003035334986219446,100.0,0.0,63.1,2.4677925358506134,1.0,0.0,4.4,0.7999999999999999,0
834,0.947016070818572,0.028861950674689073,0.01012473948282715,0.004626116541377466,0.0005213121980353858,0.00032491948394495465,100.0,0.0,63.55,3.4128433893163046,1.075,0.23848480035423641,3.95,0.6689544080129827,0
835,0.9434671000961226,0.029941836100399414,0.010817762649554991,0.004826976969129996,0.0005503356274996782,0.00031640730149598475,100.0,0.0,64.5,3.263433774416144,1.05,0.21794494717703372,4.3,0.714142842854285,0
836,0.9440139121389522,0.023858534607064337,0.010015952910679858,0.0048129810599923765,0.0005540663480151582,0.000247367917372004,100.0,0.0,63.25,3.222964473896664,1.0,0.0,4.25,0.6224949798994366,0
837,0.948962672165808,0.026442875053730695,0.009609988602425476,0.004665041030236235,0.0005066127616662877,0.0003034787996494713,100.0,0.0,63.1,2.0712315177207983,1.125,0.3112474899497183,4.15,0.7262919523166975,0
838,0.9449967669168737,0.024639931255025376,0.010736981780613697,0.004516632799585562,0.0005401260210462317,0.00029029384495016936,100.0,0.0,63.25,2.9811910371527683,1.05,0.21794494717703372,4.15,0.5722761571129799,0
839,0.9497157880015943,0.024434282863853015,0.010472343333703615,0.004665694038300497,0.00048712601589049817,0.00027507889612478516,100.0,0.0,62.25,2.6433879775772606,1.1,0.3,4.35,0.7262919523166975,0
840,0.9442660458023054,0.0294234315408335,0.010557792017163479,0.0048105360103395675,0.0005679459967355609,0.0003703326293750979,100.0,0.0,63.5,2.224859546128699,1.05,0.21794494717703372,4.35,0.5722761571129799,0
841,0.945452389042052,0.029956660799851754,0.011418110832338213,0.005641491677177322,0.0005305790468011943,0.0003525727274639343,100.0,0.0,62.5,2.224859546128699,1.05,0.21794494717703367,4.3,0.714142842854285,0
842,0.9435098212980139,0.031356546573639565,0.011450851817132242,0.005780760579985714,0.0005489314470897473,0.0003537645206435231,100.0,0.0,62.95,4.09237095092808,1.15,0.3570714214271425,4.3,0.9,0
843,0.9374368455947186,0.027351401266287267,0.013095571747892415,0.005715419614681231,0.0006008610246294888,0.0002971006784430659,100.0,0.0,63.1,3.1448370387032774,1.025,0.10897247358851683,4.3,0.7810249675906654,0
844,0.9400363565442987,0.023735965090618715,0.012329679093257561,0.005585796834991534,0.0005796399501374706,0.0002557046371366917,100.0,0.0,63.25,3.7399866309921483,1.15,0.3570714214271425,4.2,0.5099019513592784,0
845,0.9365913673046086,0.027459511674209104,0.013687815041438784,0.004985438840013052,0.0006055375827238511,0.00029794662343956017,100.0,0.0,63.45,2.4794152536434875,1.125,0.3112474899497183,3.95,0.7399324293474371,0
846,0.9389655876654326,0.02824772812714014,0.013761996069776117,0.00427042567453311,0.000572341205359635,0.0003187823973872717,100.0,0.0,63.8,2.6,1.05,0.21794494717703372,4.0,0.6324555320336759,0
847,0.9362045547664666,0.026716380920614503,0.014821724202504058,0.004842655927680124,0.0005841141677456333,0.0002927289828905445,100.0,0.0,63.75,2.426417111710186,1.0,0.0,4.3,0.6403124237432849,0
848,0.9402609277549383,0.02442585926238957,0.014371465472836848,0.0054772044202888205,0.0005429416401865563,0.00028396854231493943,100.0,0.0,63.8,2.9257477676655586,1.1,0.3,3.95,0.49749371855331004,0
849,0.9420756049854278,0.021879639567405282,0.013222752290112416,0.006067922802480529,0.0005314944238262102,0.00022815005753777878,100.0,0.0,62.9,2.7367864366808012,1.05,0.21794494717703372,4.55,0.8046738469715542,0
850,0.9409297345275384,0.022064223469278225,0.013096293707705767,0.0058234890063394084,0.0005450195584702699,0.0002137041685747607,100.0,0.0,64.25,3.7798809505062456,1.0,0.0,4.1,0.7000000000000001,0
851,0.9400238383551439,0.02041945073266342,0.012787370320850588,0.006637632182843863,0.0005571291327190395,0.0001927536063765403,100.0,0.0,63.75,2.426417111710186,1.0,0.0,4.1,0.6244997998398398,0
852,0.9391746949828403,0.023629713824258505,0.012745164736279874,0.006330258234668064,0.0005692919434669411,0.00024122343885232117,100.0,0.0,63.5,3.442382895611701,1.0,0.0,4.2,0.6,0
853,0.935383071960249,0.023797689564965634,0.01301534007757238,0.0057671499440994645,0.0006171918469283609,0.0002573519926146568,100.0,0.0,64.4,2.0591260281974,1.0,0.0,4.0,0.5477225575051661,0
854,0.9352611166224009,0.022795974697977447,0.012730610968464335,0.006240448372756924,0.0006167836200931914,0.00023480696937999376,100.0,0.0,63.35,3.1666228067138023,1.1,0.3,3.95,0.9205976319760983,0
855,0.9333029962422066,0.024953147587529458,0.012730073238101264,0.006107407830727242,0.0006438263718278299,0.00026849268926595356,100.0,0.0,63.75,3.4478254016118624,1.1,0.3,4.15,0.6538348415311009,0
856,0.9352065894182765,0.021499318168620846,0.013064258004213486,0.006061012120379963,0.0006164241424828192,0.0002457217460543422,100.0,0.0,63.9,1.8681541692269403,1.0,0.0,4.05,0.49749371855331004,0
857,0.9392514362015651,0.016903662727102517,0.013563337262773414,0.006052602906168324,0.0005564740984716537,0.00020783127132915991,100.0,0.0,63.05,3.3087006513131403,1.1,0.3,4.1,0.6244997998398398,0
858,0.9382951913431701,0.018997671241149306,0.013987487351892477,0.0048016174682518845,0.0005717786990368929,0.00023641804168131545,100.0,0.0,63.6,3.813135192987524,1.075,0.23848480035423641,4.1,0.5385164807134504,0
859,0.9349071098095955,0.021940129812446724,0.01382527250927379,0.004164800333606537,0.0006226095418578292,0.00029519449438537024,100.0,0.0,62.6,3.2619012860600183,1.1,0.3,4.3,0.8426149773176358,0
860,0.9372713680380732,0.021092899079867774,0.012976526862063992,0.004547993398075918,0.0006064465050492594,0.0002623318111670675,100.0,0.0,61.85,2.5743931323712,1.15,0.32015621187164245,4.4,1.019803902718557,0
861,0.9353142353835281,0.017456851656081074,0.012496659864142796,0.0058854954448624855,0.0006305826802749069,0.00021006442680130238,100.0,0.0,63.4,3.2465366161495854,1.1,0.3,4.3,0.6403124237432849,0
862,0.9357386024425967,0.01877427896804616,0.011258896477267768,0.006178627586837465,0.0006349783657556367,0.00025428130842416476,100.0,0.0,63.45,2.3764469276632285,1.075,0.23848480035423641,4.05,0.739932429347437,0
863,0.9369998502642733,0.013667600335949121,0.012914055235446104,0.0056388130469692144,0.0006102458031992555,0.00021220708326504206,100.0,0.0,63.5,2.5,1.05,0.21794494717703372,4.15,0.653834841531101,0
864,0.9382921626862704,0.015686805484587958,0.011936463456046544,0.0053134572345602555,0.0006022140961301351,0.00020495534242285206,100.0,0.0,63.9,2.7184554438136375,1.1,0.3,4.1,0.30000000000000004,0
865,0.9440952193813917,0.013383149568730839,0.01170774180187511,0.005497478387315326,0.000526629993845729,0.00016223890843971583,100.0,0.0,63.8,3.8026306683663087,1.05,0.21794494717703372,4.2,0.812403840463596,0
866,0.9418658314671564,0.014770882164577843,0.01161326026819005,0.00518660445365735,0.0005563762204223344,0.00016815739821322032,100.0,0.0,63.65,2.815581645060217,1.075,0.23848480035423641,4.35,0.963068014212911,0
867,0.9405089662150695,0.01743458284093419,0.01141165168487046,0.005081050725942217,0.0005776617512075023,0.0001999137877435812,100.0,0.0,64.0,2.449489742783178,1.0,0.0,4.0,0.5477225575051661,0
868,0.93886954152717,0.019590952744059677,0.012253064110374409,0.006062117176943917,0.0005819289458580477,0.00019708183406613755,100.0,0.0,64.0,2.32379000772445,1.0,0.0,4.25,0.6224949798994366,0
869,0.933245984489977,0.02352118034630382,0.0135537181330568,0.006544755827579331,0.0006312720727651687,0.0002515348101077575,100.0,0.0,63.35,3.453621287865825,1.1,0.2549509756796392,4.35,0.8529361054615991,0
870,0.9373606054044371,0.024222387661356072,0.013713338407292618,0.0077380676490646375,0.0005673871227005817,0.00023359976891124755,100.0,0.0,62.05,4.06786184622831,1.275,0.43229041164476456,4.2,0.7483314773547883,0
871,0.9377901883518586,0.02356217448471468,0.014037402498382853,0.0070565755652065906,0.0005693638296898003,0.00023047895336519739,100.0,0.0,64.8,3.026549190084311,1.0,0.0,3.85,0.7262919523166975,0
872,0.9349375151950925,0.022468728264302403,0.01509271223000688,0.006848090028782517,0.000587073700850912,0.0002513165036863145,100.0,0.0,62.9,2.8442925306655784,1.15,0.3570714214271425,4.15,0.5722761571129799,0
873,0.93519515714788,0.0225501499312735,0.013720749016130341,0.005871379367025403,0.0006163207257567987,0.00024979505258182103,100.0,0.0,63.85,2.8508770580296865,1.05,0.21794494717703372,4.2,0.6782329983125269,0
874,0.9362087727441173,0.02312924131268093,0.013831210586161161,0.005164533387907848,0.0006057588575014404,0.00026722477260657056,100.0,0.0,64.35,3.365635155509284,1.025,0.10897247358851683,3.85,0.5722761571129799,0
875,0.9362440493891266,0.017904545581524146,0.01499975010463564,0.0053068919932861905,0.0005859687823355186,0.00020711888781896527,100.0,0.0,63.95,2.654712790491657,1.0,0.0,4.35,0.653834841531101,0
876,0.9314743827679232,0.022006079694526864,0.015634498774162904,0.007007956410930777,0.0006244159471151735,0.00020878183333365946,100.0,0.0,62.9,3.345145736735546,1.15,0.3570714214271425,4.2,0.7483314773547883,0
877,0.9344948077966626,0.019556624949449576,0.015321129428332548,0.007553401608260678,0.0005810715362952496,0.0001793675580133292,100.0,0.0,63.5,3.52845575287547,1.05,0.21794494717703372,4.35,0.6538348415311012,0
878,0.9412749083218767,0.018078972918176135,0.014313511250120448,0.00576010086379191,0.0005260382163964693,0.0001796316817635691,100.0,0.0,62.15,3.5535193822462827,1.1,0.3,4.6,0.66332495807108,0
879,0.9368115142870174,0.024291832598330898,0.01505800157600821,0.005775851527987204,0.000576835098064212,0.0002659805997561093,100.0,0.0,62.8,2.580697580112788,1.075,0.23848480035423641,4.6,1.0677078252031311,0
880,0.9376566727083272,0.025967261990356445,0.014056096883974061,0.005881263015784,0.0005827782493495442,0.00029198244246739853,100.0,0.0,63.75,2.3637893307145625,1.05,0.21794494717703372,4.3,0.6403124237432849,0
881,0.9377604673686827,0.02841309530886072,0.014334367068594431,0.006058689509441489,0.0005700281812528737,0.0002996440115448235,100.0,0.0,63.15,3.1666228067138023,1.15,0.3570714214271425,4.4,0.9165151389911679,0
882,0.9318241994561987,0.02985547229959494,0.015128022719079013,0.007709295405483309,0.0006251628355524553,0.00030106164446398135,100.0,0.0,63.2,3.0594117081556704,1.075,0.23848480035423641,4.55,0.7399324293474372,0
883,0.9331511765714735,0.033613922751572954,0.015479069818687904,0.007437730098153179,0.000593922444865828,0.00032003308846103006,100.0,0.0,64.7,3.287856444554719,1.1,0.3,4.1,0.7,0
884,0.9337598791118917,0.03452394653156565,0.015537457134292129,0.008167830463518662,0.0005888925138147335,0.00032733808279816046,100.0,0.0,63.05,2.8892040426387333,1.05,0.21794494717703372,4.3,0.714142842854285,0
885,0.9317214550268804,0.03868296895750829,0.015260202103295525,0.007639076544389178,0.0006266532853662565,0.00040081353056063685,100.0,0.0,62.9,2.896549671592048,1.15,0.3570714214271425,4.15,0.47696960070847283,0
886,0.9298260756127711,0.04278482645997023,0.01577270448024418,0.00831962607076002,0.000638244950371164,0.00046625067351453877,100.0,0.0,61.9,2.981610303175114,1.05,0.15,4.3,0.714142842854285,0
887,0.9307075000117624,0.045815417548646736,0.01545871620601893,0.009040277608215111,0.0006192097132942616,0.0005074499887500264,100.0,0.0,63.7,3.479942528261063,1.075,0.23848480035423641,3.8,0.7483314773547883,0
888,0.9337838736543833,0.03829299764312377,0.016036596404904936,0.009945935794022689,0.0005541575178207304,0.00035064571297514725,100.0,0.0,63.15,3.102821296820041,1.125,0.3112474899497183,3.95,0.5894913061275798,0
889,0.9305193236340641,0.035902689878271776,0.0167569460566892,0.010217549791661238,0.000586258995474593,0.000320218873169936,100.0,0.0,63.55,3.4274626183227737,1.1,0.3,4.35,0.6538348415311009,0
890,0.9320840623600175,0.035487506267855004,0.016964619799958582,0.01095644396438284,0.0005777305293707286,0.0003097443522417446,100.0,0.0,63.1,2.826658805020514,1.025,0.10897247358851683,4.4,0.4898979485566356,0
891,0.937018576621105,0.03265370677259077,0.016947771702583977,0.00981662020873535,0.0005099545138645535,0.00024300308904742006,100.0,0.0,63.9,3.047950130825634,1.0,0.0,4.3,0.6403124237432849,0
892,0.9376753005790182,0.033771038495755294,0.0160282500373855,0.010050485711855328,0.000516685494138707,0.00027271803193061915,100.0,0.0,64.55,3.6670833096617805,1.05,0.21794494717703372,4.2,0.7483314773547883,0
893,0.9362617658768396,0.030747007548038347,0.01716391032493509,0.00827105583937133,0.000545849540057341,0.00031193327170930937,100.0,0.0,63.25,2.2555487137279924,1.05,0.21794494717703372,4.2,0.5099019513592784,0
894,0.9409685628376037,0.033683860578906884,0.016313690069369217,0.00812346775584952,0.0004896016540436078,0.00027050279408829804,100.0,0.0,63.4,3.120897306865447,1.15,0.3570714214271425,4.2,0.7483314773547883,0
895,0.9391896793403969,0.03144289388476139,0.01652250496530726,0.009133750826130186,0.0004978996861050198,0.00025088970073622807,100.0,0.0,62.75,3.080178566252288,1.15,0.32015621187164245,3.95,0.739932429347437,0
896,0.9382210164409764,0.030674226470308492,0.01593939165796064,0.007574296347394299,0.0005281492815356352,0.0002785787343059382,100.0,0.0,63.5,3.5,1.075,0.23848480035423641,4.45,0.9733961166965893,0
897,0.9391718288854957,0.030382345527827485,0.015926418381024585,0.008001728608331465,0.0005205982956957979,0.0002774374555442352,100.0,0.0,63.2,3.5298725189445577,1.1,0.3,4.45,0.8645808232895291,0
898,0.9420249512650182,0.029575516791585692,0.014794595865013336,0.009382748933369812,0.0004874647256911939,0.00022778946021079585,100.0,0.0,63.8,3.295451410656816,1.05,0.21794494717703372,4.4,0.8602325267042626,0
899,0.9417615326661481,0.030983542869129372,0.013961801014906534,0.008889910884940145,0.0005077291732874682,0.0002491287976637391,100.0,0.0,63.55,3.4420197558991443,1.0,0.0,4.1,0.5385164807134504,0
900,0.9422115827288918,0.029414964336985094,0.013801966267024037,0.006831766227313185,0.0005182929501623735,0.0003006539546864579,100.0,0.0,63.4,2.989983277545211,1.1,0.3,4.1,0.7681145747868608,0
901,0.9361702943883206,0.027319599649442042,0.013527467162813495,0.0057463555547782996,0.000617575400595965,0.00030855768476716533,100.0,0.0,64.2,2.6191601707417584,1.075,0.23848480035423641,4.15,0.5722761571129799,0
902,0.9394629800334308,0.02738558536344601,0.013930452702482696,0.007022499758758081,0.0005601201968492852,0.00029291341451508047,100.0,0.0,62.1,3.223352292257239,1.175,0.36314597615834876,4.3,0.5567764362830021,0
903,0.9407528206507235,0.023051530602337136,0.014719590372808991,0.006602573813525637,0.0005315759025004752,0.00025886326812947806,100.0,0.0,63.75,2.2332711434127295,1.025,0.10897247358851683,4.05,0.6689544080129826,0
904,0.9468511927026484,0.022961000313072487,0.01393446190096182,0.0072464903842666155,0.00045631263819859044,0.00021302832784909147,100.0,0.0,63.7,4.026164427839479,1.15,0.3570714214271425,4.1,0.5385164807134504,0
905,0.943948975421941,0.02819350937361475,0.014177503064609975,0.007856034884934507,0.0004828939449091797,0.00025484354751588694,100.0,0.0,63.5,2.819574435974337,1.0,0.0,4.25,0.6224949798994366,0
906,0.9428915289772256,0.024048059923533673,0.014128480352367643,0.007703004556984325,0.0005027017270323363,0.00023135017615336125,100.0,0.0,62.7,2.934280150224242,1.05,0.21794494717703372,4.25,1.0897247358851685,0
907,0.939555625070043,0.02339158948096823,0.014477616302040567,0.008753481064014742,0.0005267841651798552,0.00022018880462438815,100.0,0.0,63.15,2.669737814842499,1.05,0.21794494717703372,4.25,0.5361902647381804,0
908,0.9377318249784693,0.023784268968134185,0.014766858852520937,0.008581525828634053,0.00054770243131403,0.00027683546286095824,100.0,0.0,62.65,2.7436289836637897,1.1,0.3,4.15,0.4769696007084728,0
909,0.9411252712441021,0.021376030068064295,0.01485705998092673,0.00812000149088258,0.0005068553385078052,0.00023406969803571446,100.0,0.0,62.45,3.308700651313141,1.125,0.3112474899497183,4.25,0.9420721840708386,0
910,0.9395884718829043,0.023574431885561298,0.013385012564882443,0.008296061691549674,0.0005464752215570929,0.0002739167991294052,100.0,0.0,62.4,3.839270764090493,1.225,0.40233692348577704,4.2,0.7483314773547882,0
911,0.9388778546021197,0.019774470743682993,0.01308985797697344,0.00869133109384115,0.0005549329647818323,0.00023870195005014507,100.0,0.0,62.25,3.222964473896664,1.025,0.10897247358851683,4.55,0.8046738469715541,0
912,0.9402536399317786,0.019904239188352206,0.013977324108877998,0.009552123607881994,0.0005171254982205988,0.00021356444439411988,100.0,0.0,63.9,2.5278449319529077,1.05,0.21794494717703372,4.45,0.7399324293474372,0
913,0.9391821873226913,0.018950991033840243,0.014471829091132576,0.010028842878338875,0.0005150603122161121,0.0001863114107190462,100.0,0.0,63.65,2.4550967394381837,1.0,0.0,4.55,0.8046738469715541,0
914,0.9374960095687872,0.02289159119545508,0.014387423318070285,0.009324366424752211,0.0005527781971281039,0.0002484948887851431,100.0,0.0,63.65,2.6697378148424984,1.05,0.21794494717703372,4.0,0.6324555320336759,0
915,0.9429285263222825,0.02395792605282429,0.013471902050094544,0.008951014878959407,0.000507872129216938,0.00025038283592672373,100.0,0.0,62.9,2.773084924772409,1.1,0.3,4.25,1.0428326807307104,0
916,0.9448531727460503,0.019661774898768372,0.013640258305316738,0.008000188592457848,0.000479196280364318,0.00023919688429727693,100.0,0.0,63.55,3.9808918598726084,1.05,0.21794494717703372,4.0,0.8366600265340756,0
917,0.9460286510031588,0.01873889744680815,0.013174417818347611,0.007285830644952381,0.00047475573410208223,0.00024022767552141813,100.0,0.0,63.8,2.8913664589601917,1.1,0.3,4.0,0.6324555320336759,0
918,0.9449684010360387,0.01776092426894995,0.013517854886326161,0.007219970330883063,0.0004896480352583221,0.0002055488936011016,100.0,0.0,63.05,3.323777970924051,1.1,0.3,4.35,0.5722761571129799,0
919,0.9430170726749202,0.017764865837825907,0.013195583736621668,0.006848813942556722,0.0005133424906703051,0.00017887552174842848,100.0,0.0,64.0,2.6832815729997477,1.0,0.0,4.3,0.6403124237432849,0
920,0.9409413880214563,0.017851606078656275,0.014085959754687983,0.007368568416293005,0.000521533628579384,0.00016065196849007326,100.0,0.0,63.25,2.9979159427842537,1.025,0.10897247358851683,4.3,0.7810249675906654,0
921,0.938023618553966,0.01665128911469269,0.014298119904889045,0.008578936666605474,0.0005437972364162424,0.00015643225712834327,100.0,0.0,62.95,3.840247387864485,1.1,0.3,4.3,0.8426149773176358,0
922,0.9410657039292426,0.0180715382306904,0.014959190416527535,0.00956853590173317,0.0004891274061227939,0.0001681852888110753,100.0,0.0,62.35,2.7436289836637897,1.1,0.3,4.25,0.82915619758885,0
923,0.9430513371842995,0.018896274249933454,0.014249724888119967,0.0077951288883124446,0.0005005991329451887,0.0002605900670132323,100.0,0.0,63.7,3.083828789021855,1.05,0.2179449471770337,3.95,0.3840572873934304,0
924,0.9419428369195769,0.020069579998630464,0.013864982382564103,0.007585682451907174,0.0005168003220109192,0.0002651795336821572,100.0,0.0,64.6,2.9899832775452104,1.0,0.0,4.1,0.6244997998398398,0
925,0.9375524571997857,0.020652021544632942,0.014768125232803339,0.007413274300151501,0.000554633192001458,0.00025663370823975003,100.0,0.0,64.6,2.8705400188814645,1.05,0.21794494717703372,4.1,0.6244997998398398,0
926,0.9373922751255467,0.019884964628409427,0.014215948445476403,0.007842955154485801,0.0005606760076042107,0.00025968121482889593,100.0,0.0,63.3,2.98496231131986,1.0,0.0,4.1,0.6244997998398398,0
927,0.9343341618649805,0.020936982011624233,0.014781149830302001,0.00865420733006929,0.0005896959162928962,0.0002464888573682054,100.0,0.0,63.65,2.4550967394381837,1.025,0.10897247358851683,4.2,0.6782329983125268,0
928,0.9369021653326106,0.019690702987735835,0.014820221571774404,0.00877384589777142,0.0005590899432852793,0.0002308600484170908,100.0,0.0,63.75,3.491060010942235,1.1,0.3,3.75,0.6224949798994366,0
929,0.9393825351978349,0.020317772472800234,0.015218031199840725,0.007787843470922499,0.0005265088027181285,0.0002402131583564372,100.0,0.0,63.75,2.7363296585024255,1.05,0.21794494717703372,4.2,0.6782329983125269,0
930,0.9404946037481492,0.019956797028850996,0.015655738509071655,0.006992429788900668,0.0005169813820118282,0.00025937471397520035,100.0,0.0,62.6,3.1208973068654475,1.15,0.3570714214271425,4.1,0.6244997998398398,0
931,0.9391511440746976,0.023857826010399718,0.015997330115874252,0.007520119011659424,0.0005273354560305987,0.0002839175279191554,100.0,0.0,63.45,3.353729267546801,1.0,0.0,4.3,0.6403124237432849,0
932,0.9427477114958652,0.018270048518589373,0.015122669504916244,0.006767231768070372,0.0004997973969116101,0.0002188321343524126,100.0,0.0,63.25,3.207413287993925,1.05,0.21794494717703372,4.3,0.8426149773176358,0
933,0.9473112588249313,0.02051989038347292,0.013609233558795281,0.007846103126787025,0.00045778420830801074,0.0002238044990165833,100.0,0.0,63.4,3.541186241925155,1.05,0.21794494717703372,4.35,0.5722761571129799,0
934,0.938927731647831,0.02487301566988578,0.014541205574844068,0.007641438313916404,0.0005492291110199781,0.00027279632052560644,100.0,0.0,62.4,3.2619012860600183,1.25,0.4330127018922193,4.2,0.6782329983125269,0
935,0.9410887446569369,0.025647605737071158,0.01398095224332136,0.007845226430047158,0.000520306233432638,0.0002714935267425503,100.0,0.0,63.6,2.9563490998188966,1.1,0.3,4.5,0.7416198487095663,0
936,0.9428925373218918,0.02701748176293155,0.013743885794979538,0.007862023635891542,0.0004980495894250354,0.00028938206448162466,100.0,0.0,63.5,3.248076353782343,1.125,0.3112474899497183,4.1,0.7681145747868608,0
937,0.9358184263701423,0.026462843023916497,0.014358668605588518,0.007784232095429856,0.0005777824964315504,0.00030022151212458594,100.0,0.0,63.3,3.333166662499792,1.05,0.21794494717703372,4.3,0.9539392014169458,0
938,0.9371122648216883,0.025405212701847358,0.014168967573538522,0.0067861369984108825,0.0005652872348243922,0.0002726947564532655,100.0,0.0,64.15,3.08666486681013,1.0,0.0,4.4,0.66332495807108,0
939,0.9349279814325371,0.02398550427817825,0.014967239841557702,0.005307619638958685,0.0005931601999380638,0.0002650204948683181,100.0,0.0,64.75,2.277608394786075,1.0,0.0,4.15,0.4769696007084728,0
940,0.9331425704580913,0.023777900425326078,0.015242556825337117,0.0057028020030137775,0.0006045677473431048,0.000249617342246845,100.0,0.0,63.25,2.947456530637899,1.0,0.0,4.2,0.7483314773547883,0
941,0.9324763488671456,0.022762706931303174,0.01615003244862194,0.005343133289221886,0.000604668928628808,0.0002615763574389578,100.0,0.0,64.85,3.4391132578035286,1.1,0.3,4.0,0.7071067811865476,0
942,0.9310140352941133,0.023752028151626265,0.01639021089243552,0.005525712915561643,0.0006141147880675006,0.00026151975121378843,100.0,0.0,63.25,3.2996211903792836,1.05,0.21794494717703372,4.35,0.6538348415311012,0
943,0.9315886196755573,0.023259149084686116,0.016358007805756334,0.006229108131324739,0.0006006056509681505,0.0002114479870317097,100.0,0.0,63.3,2.6286878856189833,1.05,0.21794494717703372,4.4,0.8602325267042626,0
944,0.9324826472565082,0.024329337280995754,0.015256603388621504,0.006044022569592825,0.0006160620016870266,0.0002214264430801741,100.0,0.0,63.85,3.0866648668101306,1.1,0.3,4.2,0.6782329983125269,0
945,0.9334045888354909,0.02468823187058026,0.014649908840634654,0.007208568910887589,0.0006121048103449849,0.0002522349631780115,100.0,0.0,65.0,3.1304951684997055,1.05,0.21794494717703372,4.3,0.9539392014169458,0
946,0.9354678232539737,0.02344269800091949,0.01416637372969699,0.007305073321617729,0.0005980985330712409,0.00023541483001031794,100.0,0.0,63.5,2.9410882339705484,1.05,0.21794494717703372,4.05,0.6689544080129826,0
947,0.9371377160285765,0.022242542285601862,0.01439954042829877,0.006402221039350278,0.0005729020620277908,0.00021381837529578417,100.0,0.0,63.3,3.0182776545573144,1.075,0.23848480035423641,4.1,0.7681145747868608,0
948,0.9384625524933394,0.0214569919798176,0.014643886228531447,0.00584292263335045,0.0005561628655011859,0.00022839999490531886,100.0,0.0,62.4,2.4979991993593593,1.1,0.3,4.1,0.8306623862918076,0
949,0.9374913292271303,0.022818495610056444,0.014441070067824201,0.005774115802918723,0.000579023057479136,0.00022697506962538348,100.0,0.0,62.7,3.536947836765479,1.05,0.21794494717703372,4.15,0.5722761571129799,0
950,0.9373525934073594,0.021549845497658267,0.014276109107715831,0.006040310676779649,0.0005836925416561913,0.00019756556059616175,100.0,0.0,62.3,3.083828789021855,1.15,0.3570714214271425,4.2,0.6782329983125269,0
951,0.9375032486853776,0.02375907938117571,0.014909335542986558,0.006582996053919417,0.0005642359979875479,0.00024094295515356408,100.0,0.0,63.95,2.8013389655662877,1.0,0.0,4.45,1.0712142642814273,0
952,0.9358643771239172,0.025777560077542325,0.014855384513951853,0.005912003186650359,0.0005862360930620704,0.00024816342517271694,100.0,0.0,63.85,3.259984662540608,1.075,0.23848480035423641,4.15,0.5722761571129799,0
953,0.9404900633480038,0.02009113185350785,0.01484604304672256,0.0056227637438153065,0.0005264170959225419,0.0001979617522185307,100.0,0.0,62.2,2.803569153775237,1.15,0.3570714214271425,4.4,0.7999999999999999,0
954,0.9434158629970412,0.020380199822518374,0.014551236524945763,0.006074175614092637,0.0004972757042070832,0.0002422575531902913,100.0,0.0,63.35,2.9542342493444895,1.125,0.3112474899497183,4.35,1.061838029079765,0
955,0.943747083253348,0.015584717051214267,0.01512147086576,0.006752135276770153,0.0004783879563901804,0.00014268133724126548,100.0,0.0,63.8,3.0430248109405875,1.1,0.3,4.2,0.5099019513592784,0
956,0.9401144418286848,0.020447234632498226,0.015055743777221482,0.0070819364033264795,0.0005288965887941499,0.00020836865955591,100.0,0.0,63.55,2.6734808770589704,1.0,0.0,4.25,0.7664854858377946,0
957,0.9396991501322219,0.02218520196023211,0.015854260830636673,0.0066766632014035624,0.0005158677193268302,0.0002497408826303235,100.0,0.0,63.65,2.4753787588973126,1.05,0.21794494717703367,4.2,0.7483314773547882,0
958,0.9435884908875647,0.017290373622184354,0.014210439514104542,0.006347987373094013,0.0004960589851169517,0.00021817036489796306,100.0,0.0,63.75,2.5273503912200224,1.05,0.21794494717703372,4.55,0.8046738469715541,0
959,0.9424778017865025,0.015514016186216152,0.015149384937651635,0.006392189212430534,0.0004987183668860332,0.00019060841980358492,100.0,0.0,63.35,3.8765319552404045,1.1,0.3,4.25,0.698212002188447,0
960,0.9424307315631577,0.019169900353944704,0.01549063713946206,0.0066825021087146,0.0004891943536543597,0.00019715653131006572,100.0,0.0,62.55,2.7106272336859605,1.05,0.21794494717703372,4.3,0.8426149773176358,0
961,0.945963925401743,0.020388925091149878,0.016200020995189173,0.007467903605311585,0.0004295757734186855,0.0001704152150705861,100.0,0.0,63.85,2.632014437650371,1.1,0.3,4.35,0.7262919523166975,0
962,0.9439200815786417,0.02282192541614248,0.016635947316270557,0.008329001439511374,0.0004382439740389894,0.00017016078299846471,100.0,0.0,62.9,2.0712315177207983,1.025,0.10897247358851683,4.15,0.6538348415311012,0
963,0.9413205999471259,0.02467535113218969,0.01768502804885348,0.008911943126966039,0.00044948387601234923,0.00020811679710913998,100.0,0.0,64.6,3.1208973068654466,1.1,0.3,4.1,0.7681145747868608,0
964,0.9404313315018795,0.026022141572620405,0.018162205371080743,0.009058042641111786,0.0004539194324672979,0.0002294664717759623,100.0,0.0,63.6,3.7067505985701277,1.1,0.3,4.4,0.9165151389911679,0
965,0.938965107591561,0.022769034395288962,0.018348030897278395,0.008922259763889932,0.0004683021079177481,0.0001691590209855588,100.0,0.0,62.4,2.6907248094147422,1.1,0.3,4.1,0.7000000000000001,0
966,0.9368076401596367,0.02254035866320234,0.018552393224488154,0.009073511227152456,0.00048359195744874264,0.00017042478372123778,100.0,0.0,63.7,3.0512292604784714,1.075,0.23848480035423641,4.05,0.49749371855331004,0
967,0.9375235845365255,0.022118513707549498,0.018776777848661653,0.008024787222951744,0.0004807367166862076,0.00021940769525458618,100.0,0.0,63.15,3.2291639784935047,1.05,0.21794494717703372,4.15,0.8529361054615991,0
968,0.9392795970351457,0.020927935836940487,0.01751730714015908,0.0074636521227580905,0.0004914889481460411,0.000203864593825275,100.0,0.0,62.5,2.3345235059857505,1.0,0.0,4.15,0.7262919523166976,0
969,0.9327323379198447,0.02301237412407234,0.017121862676661666,0.0071904215402104925,0.000587507328679872,0.00021162756535562387,100.0,0.0,63.25,2.56661255354212,1.05,0.21794494717703372,4.35,0.7262919523166976,0
970,0.9299586581589543,0.02514406146367531,0.017150969662445142,0.007888727710476034,0.0006310651366308818,0.0002874406294584428,100.0,0.0,64.2,3.6414282912066254,1.075,0.23848480035423641,4.15,0.6538348415311009,0
971,0.9335890880481706,0.02334284791954429,0.017338653421274962,0.007608210315707861,0.0005719643766516734,0.00020464874250310212,100.0,0.0,62.85,2.9372606285449034,1.15,0.3570714214271425,4.4,0.66332495807108,0
972,0.9329550107078868,0.024476659633791257,0.015277587832525558,0.008632143843728164,0.000596903286961093,0.00021693572273044566,100.0,0.0,64.15,3.070423423568808,1.025,0.10897247358851683,4.2,0.6782329983125268,0
973,0.9356711217970768,0.02214062765528885,0.01407552367405213,0.007822385087676192,0.0005935562527562662,0.00026591162661314524,100.0,0.0,62.5,2.819574435974337,1.025,0.10897247358851683,4.4,0.4898979485566356,0
974,0.9338085115808923,0.02441303855181875,0.014541425794928023,0.0092199905457359,0.0005879752819461213,0.00024240719834728446,100.0,0.0,64.3,2.7766886753829647,1.05,0.21794494717703372,4.2,0.8717797887081347,0
975,0.93370925537706,0.022365005043132297,0.01523483540101363,0.00857298187377806,0.0005783002806059593,0.0002145433687452998,100.0,0.0,63.5,2.5,1.05,0.2179449471770337,4.2,0.812403840463596,0
976,0.9322385528129132,0.023318776318955223,0.015436994666321282,0.008239157118109844,0.0006066151677285522,0.0001902606479488788,100.0,0.0,63.95,3.2167530212933664,1.0,0.0,4.4,0.7348469228349533,0
977,0.9349666035057395,0.025529337720622082,0.016658056748966775,0.00895677880886063,0.0005465237705479043,0.00020920261600681684,100.0,0.0,62.9,2.861817604250837,1.075,0.23848480035423641,4.45,0.5894913061275798,0
978,0.9339320795245903,0.022737586855940548,0.015681981774084173,0.00896378430568281,0.0005704885889600201,0.00018913936050846394,100.0,0.0,63.15,3.91503512117069,1.1,0.3,4.1,0.5385164807134504,0
979,0.933590451108936,0.021447541378029216,0.017702448656465707,0.008140576416182542,0.0005440480857959581,0.00017599336008552194,100.0,0.0,63.6,3.8131351929875237,1.1,0.3,4.3,0.6403124237432849,0
980,0.9374164661161322,0.018790635628972333,0.016137450582015576,0.00822929054019342,0.0005218298267577346,0.00017958591718584345,100.0,0.0,62.85,2.495495942693556,1.1,0.3,4.3,0.9,0
981,0.9377091151986908,0.01862020914212041,0.015272210321449032,0.007942937482554183,0.0005358908983668316,0.00019274524402542882,100.0,0.0,63.85,2.706935536727833,1.075,0.23848480035423641,4.2,0.6,0
982,0.9405487217482988,0.02307199679271816,0.014846012753382872,0.008601634341370052,0.0005023575229658628,0.00020710323923706813,100.0,0.0,63.7,2.703701166919155,1.025,0.10897247358851683,4.35,0.7921489758877431,0
983,0.9390203082692627,0.02401975578973605,0.015263496914765449,0.00759410059910646,0.0005391322203955311,0.00027045725542020754,100.0,0.0,63.0,3.0,1.125,0.3112474899497183,4.25,0.7664854858377946,0
984,0.9332965290116542,0.022213523460110116,0.0154725241223515,0.007016666831367178,0.0006103935729317769,0.00025364890413274955,100.0,0.0,63.2,3.171750305430741,1.05,0.21794494717703372,4.25,0.8874119674649424,0
985,0.9352033798594798,0.019631692762818197,0.01570550044506489,0.006472619098132471,0.0005721493764314874,0.00018764355485907988,100.0,0.0,63.15,3.0376800358168077,1.1,0.2549509756796392,4.0,0.4472135954999579,0
986,0.9373850907220037,0.018913185599182234,0.014089948309387697,0.005253458457447631,0.0005823345015062292,0.00020916672366210306,100.0,0.0,64.6,4.042276586281548,1.1,0.3,4.0,0.5477225575051661,0
987,0.9380305079016849,0.02524066237071551,0.014370726296567493,0.006582469695132669,0.0005643751424142336,0.00025049027150197614,100.0,0.0,63.4,2.5961509971494343,1.1,0.3,4.35,0.7262919523166975,0
988,0.9358076018904677,0.025570293167809264,0.0139213578017707,0.006066203946562455,0.0005998915170853096,0.00027306116952102933,100.0,0.0,64.0,2.4289915602982237,1.0,0.0,4.1,0.7000000000000001,0
989,0.9364010410515734,0.026245472273898115,0.015848976088210752,0.006097381947098912,0.0005734260101560166,0.00028535119101115756,100.0,0.0,63.45,2.692118125194361,1.05,0.21794494717703372,4.35,0.7921489758877431,0
990,0.9311864597766112,0.02139302080543469,0.01643811538086356,0.00622919189181584,0.0006188810378452818,0.00023350603036600373,100.0,0.0,62.95,2.1558061137310096,1.0,0.0,4.15,0.8529361054615991,0
991,0.9298665517342855,0.0279033051334106,0.015183781269679916,0.006176680322095195,0.0006561518250359289,0.00031781698814573517,100.0,0.0,63.3,3.333166662499792,1.075,0.23848480035423641,4.35,0.9096702699330127,0
992,0.9324089503046024,0.027543120479799187,0.014527351413546366,0.006314162466256886,0.0006361733613256739,0.00027841731122236297,100.0,0.0,63.55,2.747271373563231,1.15,0.3570714214271425,4.3,0.714142842854285,0
993,0.9384486443037087,0.025704001687075255,0.015512252527306786,0.00581889033661988,0.0005394550865754817,0.00024151188333341057,100.0,0.0,63.65,3.305676935213119,1.0,0.0,4.35,0.9630680142129111,0
994,0.9353214837225021,0.024210686285775485,0.014992830638657311,0.006483576112645858,0.0005818219588764187,0.00023528788653015662,100.0,0.0,62.85,3.5110539728121526,1.125,0.3112474899497183,4.15,0.5722761571129799,0
995,0.9332214797057876,0.024007966734988617,0.01436899555844419,0.006829973743524392,0.0006128922316957855,0.00023062668803111607,100.0,0.0,64.0,3.605551275463989,1.025,0.10897247358851683,4.15,0.47696960070847283,0
996,0.9353045908736739,0.023014337872517367,0.014326680228128006,0.00709085635398334,0.0005932766973990177,0.00024032910722481934,100.0,0.0,63.2,3.2649655434629015,1.05,0.21794494717703372,4.25,0.5361902647381804,0
997,0.9391535628893861,0.020643040527104483,0.013825370585072907,0.006485780997949795,0.0005513107704085247,0.00018481023823125407,100.0,0.0,63.5,1.8303005217723127,1.0,0.0,4.05,0.6689544080129826,0
998,0.939102792785339,0.023226607573096702,0.014142167916855467,0.006149907349230729,0.0005621979306708843,0.00021690974957232385,100.0,0.0,62.7,3.874274125562103,1.1,0.3,4.15,0.5722761571129799,0
999,0.9424706034198845,0.02086888452436365,0.01337057532609576,0.006691176859982274,0.0005255969590859013,0.0002030879336300206,100.0,0.0,63.15,3.2446109165815247,1.025,0.10897247358851683,4.2,0.7483314773547883,0
