generation,mean_fitness_mean,mean_fitness_std,distance_from_optimum_mean,distance_from_optimum_std,phenotype_variance_mean,phenotype_variance_std,population_size_mean,population_size_std,n_parents_mean,n_parents_std,median_offspring_mean,median_offspring_std,max_offspring_mean,max_offspring_std,extinct_count
0,0.6735759407880908,0.033271908278429435,0.01715038281164811,0.0073814534167869995,0.004638958459681004,0.0006847424499837606,100.0,0.0,63.0,2.9154759474226504,1.15,0.3570714214271425,4.25,0.6224949798994366,0
1,0.730407580200177,0.03573451074421868,0.02036428676018759,0.01034874135461578,0.0034005119005238852,0.00063538851353615,100.0,0.0,63.8,1.9899748742132402,1.0,0.0,4.35,0.6538348415311012,0
2,0.7778601952954625,0.04093306462248637,0.023653191343745376,0.010640373866207984,0.0024943650183275705,0.0005317851619382645,100.0,0.0,63.75,2.947456530637899,1.05,0.2179449471770337,4.05,0.4974937185533099,0
3,0.7966752436863279,0.05130897468630252,0.02963539705287261,0.011424073559822001,0.0020395099167465785,0.0005504280802056456,100.0,0.0,62.2,3.1080540535840107,1.125,0.3112474899497183,4.2,0.6782329983125269,0
4,0.8029907490088414,0.049767212523966216,0.03428245029522049,0.009869191142137832,0.0017939529658555016,0.0006419999501852649,100.0,0.0,63.1,2.3853720883753127,1.05,0.21794494717703372,4.2,0.9797958971132711,0
5,0.7966838924359448,0.055486239109795756,0.04077540141040607,0.013172440382178567,0.0016050228235779437,0.0006824078792652049,100.0,0.0,63.6,2.8530685235374214,1.05,0.21794494717703372,4.55,0.9733961166965892,0
6,0.7932135468644063,0.04686979581174759,0.04543802582949751,0.012735085761151172,0.0014535405841392358,0.0005809370844368568,100.0,0.0,63.55,2.4181604578687494,1.075,0.23848480035423641,4.15,0.6538348415311012,0
7,0.7790084862677623,0.056562401298084555,0.05007184671220375,0.01415941824181333,0.0013857356427109647,0.0004738292083378066,100.0,0.0,64.05,2.9744747435471695,1.05,0.2179449471770337,4.0,0.5477225575051661,0
8,0.7583774885036949,0.06458276108004361,0.05705371335733332,0.015366368820748828,0.0012840064396277327,0.00046348436030543713,100.0,0.0,64.25,2.118372016431486,1.025,0.10897247358851683,4.3,0.9,0
9,0.7355614402996757,0.07406412915777094,0.06377851851480767,0.01709217297512905,0.0012088897701137435,0.0004573382629203493,100.0,0.0,63.7,2.5317977802344327,1.025,0.10897247358851683,4.4,0.9695359714832658,0
10,0.7286486251063216,0.07192472379026889,0.06687604628120748,0.014669976977478367,0.0011066109473915173,0.00042110434445983544,100.0,0.0,63.1,2.681417535558384,1.125,0.3112474899497183,4.25,0.698212002188447,0
11,0.6982411360732805,0.07917936941293877,0.07436835432274415,0.015932130305558744,0.001034677670114748,0.00039189480109673663,100.0,0.0,64.7,2.3473389188611007,1.0,0.0,4.25,1.0428326807307104,0
12,0.6793769079955931,0.09234204089680152,0.0792185227576284,0.01762388461842493,0.0009449582414831174,0.0003324556179109666,100.0,0.0,63.15,3.902242944769072,1.2,0.3674234614174767,3.95,0.49749371855331004,0
13,0.6607332568642388,0.09273127259384155,0.08275279100887964,0.016947558249663104,0.0009745213830436751,0.0003853472073722728,100.0,0.0,62.4,3.916631205513228,1.15,0.3570714214271425,4.45,0.5894913061275798,0
14,0.644058370727199,0.09438989439627471,0.0862161715653872,0.01617521652923973,0.000938217714702205,0.0005265199917322702,100.0,0.0,62.5,3.427827300200522,1.075,0.23848480035423641,4.15,0.6538348415311012,0
15,0.6190143111900213,0.09530454813985202,0.09102970705645626,0.01582239476522709,0.0009491379255751773,0.0005708064899403976,100.0,0.0,62.7,2.8653097563788807,1.1,0.2549509756796392,4.4,0.6633249580710799,0
16,0.5950198982887402,0.08589637268622578,0.09556727869515472,0.014015547413297042,0.0009299819128843088,0.0005459499466085876,100.0,0.0,64.15,3.2905166767545793,1.05,0.21794494717703372,4.0,0.8366600265340756,0
17,0.5635366933377612,0.08463389517162288,0.10103022970991019,0.014976581126909014,0.0010084659452122577,0.0005208373903607441,100.0,0.0,63.65,2.5937424698685874,1.05,0.21794494717703372,3.85,0.3570714214271425,0
18,0.5406878709107851,0.0861230243491962,0.10528755231547378,0.016443798953474326,0.0009886642058766707,0.0005111940491079215,100.0,0.0,63.75,2.662235902394827,1.05,0.21794494717703372,4.2,0.8717797887081348,0
19,0.5318698772077773,0.09109278753729362,0.10686847413086283,0.017867774437176177,0.0009901135036014708,0.0004309664972335013,100.0,0.0,63.1,3.766961640367472,1.1,0.3,4.4,0.6633249580710799,0
20,0.5239427795468665,0.10034718480546288,0.10754984416357746,0.020001979352768578,0.001090046784096094,0.0004748949561345093,100.0,0.0,62.5,2.5592967784139455,1.0,0.0,4.25,0.6224949798994366,0
21,0.5163452150428364,0.10224258074500696,0.1086340338686557,0.02007578930325348,0.0012094248284611766,0.0006422209025399718,100.0,0.0,64.4,2.615339366124404,1.025,0.10897247358851683,4.15,0.653834841531101,0
22,0.5250189978060333,0.11377447679203995,0.106733440103819,0.022864600118171444,0.001244465476167606,0.0006668947021120602,100.0,0.0,64.3,3.287856444554719,1.0,0.0,4.1,0.7000000000000001,0
23,0.5328253307220001,0.12364175450661961,0.10501705029937784,0.02479373995711949,0.0012891532602770058,0.0006615991646916741,100.0,0.0,63.6,3.32264954516723,1.1,0.3,4.4,0.7999999999999999,0
24,0.5585649202452388,0.13036102540083305,0.10024674709772415,0.0261876882805941,0.0012323079646265138,0.000642704753157729,100.0,0.0,62.1,2.022374841615669,1.1,0.3,4.35,0.8529361054615991,0
25,0.5836294585677148,0.13146446148631716,0.09622829827484902,0.025640637722163476,0.0011731165761360621,0.0006505644661839526,100.0,0.0,63.9,2.5475478405713994,1.05,0.21794494717703372,4.15,0.7262919523166976,0
26,0.5999752639422055,0.13047017679387887,0.09360573003774111,0.025394847396001577,0.0010558861145270855,0.0005520186086294201,100.0,0.0,64.15,2.4550967394381837,1.0,0.0,4.05,0.5894913061275798,0
27,0.5984109214370574,0.12671492168054044,0.0940916881420957,0.024067379937549177,0.0011095138889754478,0.0006235029378634454,100.0,0.0,63.0,1.8973665961010275,1.0,0.0,4.25,0.7664854858377946,0
28,0.6112625104243936,0.13486408168695313,0.09164593215284109,0.025330641524572137,0.0010767413624444284,0.0006103552462145655,100.0,0.0,63.45,3.0573681492420897,1.075,0.23848480035423641,4.05,0.49749371855331,0
29,0.6059821930302447,0.12751120310812078,0.09247088638409098,0.02342241194801051,0.0011229960510359144,0.000606058486397041,100.0,0.0,63.55,3.169779172119093,1.0,0.0,4.4,0.7999999999999999,0
30,0.6035015493843707,0.1205762767473371,0.09231557721994592,0.022050146132031472,0.0011972914494970891,0.0005938286047984042,100.0,0.0,63.85,2.7069355367278325,1.05,0.21794494717703372,4.3,0.6403124237432849,0
31,0.614840825943257,0.10949581229599144,0.09075255632171945,0.02042529855576515,0.001126828678561869,0.0005545524941527103,100.0,0.0,63.25,3.5899164335677787,1.05,0.15,4.1,0.8306623862918074,0
32,0.6243095756893693,0.0992945863556835,0.0888364648098087,0.018596006559810602,0.0011125326343093573,0.0006273582897600773,100.0,0.0,62.8,2.6381811916545836,1.05,0.21794494717703372,4.05,0.5894913061275798,0
33,0.6342253534315799,0.09902884756659655,0.08764306489385057,0.018544686383730965,0.0010346435417175057,0.0005258538646025473,100.0,0.0,63.9,3.8327535793473597,1.0,0.0,4.1,0.8888194417315588,0
34,0.6536846561818421,0.1045428024232844,0.08361319740925968,0.01920113377120904,0.0010265735216830236,0.00045836030280362814,100.0,0.0,62.85,3.4536212878658255,1.075,0.23848480035423641,4.35,0.7262919523166975,0
35,0.6620660173655126,0.10671369425029155,0.08196704263852697,0.020203932532624005,0.001006634717782722,0.00046764523697410385,100.0,0.0,63.95,3.3537292675468007,1.075,0.23848480035423641,4.15,0.4769696007084728,0
36,0.6694886323907707,0.10623774337729887,0.07973349910974258,0.021533321282438782,0.0010285161066664109,0.00047280835448888683,100.0,0.0,63.55,3.089902911096076,1.1,0.3,4.35,0.792148975887743,0
37,0.6792242164969504,0.09937609856340279,0.07838189268776408,0.019267306443083367,0.0009726580349048851,0.0004419299013283567,100.0,0.0,63.5,2.8548204847240397,1.125,0.3112474899497183,4.3,0.714142842854285,0
38,0.6788669566680593,0.0929580973858215,0.07941749019158506,0.01945796660451216,0.0008820745097018201,0.00042381893466976147,100.0,0.0,63.55,2.854382595238418,1.0,0.0,4.3,0.6403124237432849,0
39,0.6788822336811883,0.08926283897925884,0.07944326843995511,0.018657157200067696,0.0008514832796800865,0.00041099394244406,100.0,0.0,63.5,2.5592967784139455,1.025,0.10897247358851683,4.15,0.653834841531101,0
40,0.6913528220093185,0.08842325524420168,0.07693618226461668,0.018952406485188502,0.0008385979974053406,0.00047214839028832605,100.0,0.0,63.75,3.672533185690771,1.025,0.10897247358851683,3.9,0.6244997998398398,0
41,0.7022454679360655,0.08794843745473382,0.07463379021615703,0.018815406504320384,0.000812338043444623,0.0004453500940689862,100.0,0.0,63.35,2.554897258208243,1.0,0.0,4.05,0.6689544080129826,0
42,0.7031552844596587,0.08944831293924169,0.07465267287887237,0.01821866637284352,0.0008327380086634226,0.0004239958910483321,100.0,0.0,62.85,3.5535193822462827,1.025,0.10897247358851683,4.15,0.7921489758877431,0
43,0.7114330916857796,0.09012348549295787,0.07272110535442047,0.01796186605253809,0.0008494249019339085,0.0004318936620595396,100.0,0.0,63.15,3.5252659474144643,1.05,0.21794494717703372,4.35,0.9096702699330126,0
44,0.7157074677153501,0.08822915070949922,0.0722050320829983,0.01814584568167613,0.000820714860273652,0.00048143933215880085,100.0,0.0,64.35,3.4391132578035286,1.05,0.21794494717703372,4.2,1.0770329614269007,0
45,0.7241337605728828,0.08315003232110009,0.06971630192524574,0.017229852865648626,0.0008862168801301769,0.00047639423826645197,100.0,0.0,64.0,3.271085446759225,1.05,0.21794494717703372,4.4,0.66332495807108,0
46,0.7313469674374988,0.07917439152422966,0.06764113788127434,0.016627285654236285,0.000946014527622359,0.000539455790767334,100.0,0.0,64.0,2.32379000772445,1.025,0.10897247358851683,4.05,0.5894913061275798,0
47,0.7427879150778852,0.07561476955933379,0.06544703353212698,0.015727165879019,0.0009264857669006698,0.00048135135324394005,100.0,0.0,62.95,3.3387872049593095,1.075,0.23848480035423641,4.25,0.7664854858377946,0
48,0.7637677077795783,0.06626547063915281,0.0618360724954932,0.01442957013832595,0.0008651819898089748,0.00045797116955952175,100.0,0.0,63.8,3.3406586176980126,1.05,0.21794494717703372,4.0,0.5477225575051661,0
49,0.7763319055663905,0.06293870579779211,0.05885157343210721,0.014564000697043037,0.0008588696917663206,0.0004052798945907338,100.0,0.0,63.2,2.6758176320519302,1.05,0.2179449471770337,4.1,0.6244997998398398,0
50,0.7929887180308176,0.055977770877754525,0.054397760173606556,0.013945606978016705,0.0008981243886455493,0.00038743667214923813,100.0,0.0,64.4,2.8,1.05,0.15,4.0,0.8366600265340756,0
51,0.8021693141051276,0.06084069853606258,0.05102860689222845,0.014560603542350167,0.0009457972292317391,0.0004102280839444985,100.0,0.0,62.7,3.874274125562103,1.125,0.3112474899497183,4.5,0.5916079783099616,0
52,0.8130414239661776,0.05270889945719189,0.04714558486355902,0.014271645631017224,0.0010047045269035743,0.00045176847685203194,100.0,0.0,64.45,3.2935543110748915,1.0,0.0,4.5,0.9746794344808963,0
53,0.8278723825121131,0.04854817890031325,0.04258431405700534,0.014890538010237413,0.000998947663181524,0.0005099625666151451,100.0,0.0,62.95,2.376446927663229,1.075,0.23848480035423641,4.35,0.47696960070847283,0
54,0.8441728718432188,0.046724250424437896,0.03947163202501655,0.013656607345781958,0.0009329965494286807,0.0005118659523385619,100.0,0.0,62.55,3.5563323804166562,1.1,0.2549509756796392,4.55,0.5894913061275798,0
55,0.8555744912436092,0.04864197236075217,0.03602111133106949,0.014037949187580568,0.0009283040631545255,0.0004645355105621321,100.0,0.0,64.05,3.57036412708844,1.05,0.21794494717703372,4.1,0.6244997998398398,0
56,0.8672857458974074,0.04253250795271707,0.033368780695802666,0.01176405090552641,0.0009208220456485047,0.0003958186234795758,100.0,0.0,63.5,3.0083217912982647,1.0,0.0,3.95,0.3840572873934304,0
57,0.8781029917252796,0.03573779484789297,0.030245393407734363,0.011315583564904034,0.0008799675071339517,0.0002838910756442713,100.0,0.0,62.4,3.2619012860600183,1.075,0.23848480035423641,4.35,0.5722761571129799,0
58,0.8903579865030558,0.03578796504556061,0.02678881982040605,0.011156023702190876,0.0008163419819205238,0.0003040923634748136,100.0,0.0,63.25,2.9979159427842537,1.125,0.3112474899497183,4.2,0.6,0
59,0.8978705173099616,0.03191372809207354,0.025479592324414695,0.010563067632185471,0.0007498379853110848,0.0002693372632732245,100.0,0.0,62.95,2.4181604578687494,1.1,0.3,4.35,0.7262919523166975,0
60,0.9012961104367859,0.028927185505514767,0.023800668175714017,0.009737578410633777,0.000760360042607855,0.00022161919487380518,100.0,0.0,64.3,2.685144316419511,1.05,0.2179449471770337,4.2,0.6,0
61,0.905852987335944,0.029172341051766363,0.023047369067825986,0.010603541886012898,0.0007215349057414744,0.0002671064323239444,100.0,0.0,63.6,2.817800560721074,1.05,0.21794494717703372,4.1,0.5385164807134504,0
62,0.9051503663147387,0.03418086012902465,0.0220138990830088,0.01132687511533651,0.0007627551814255261,0.00034336117926958435,100.0,0.0,63.85,2.7253440149823285,1.05,0.21794494717703372,4.05,0.739932429347437,0
63,0.9049114086417944,0.039199814963907474,0.02078136659218151,0.010267538497768522,0.0008093653778996146,0.00042428587221229175,100.0,0.0,62.0,2.6457513110645907,1.1,0.3,4.5,1.0723805294763609,0
64,0.9079956697134381,0.04278118801357613,0.021411716355850853,0.012089941861402227,0.0007345370962984599,0.0003015717489675918,100.0,0.0,63.1,3.576310948449533,1.0,0.0,4.25,0.7664854858377946,0
65,0.9096773214038084,0.043200826678086765,0.0225593845519072,0.012631132182453715,0.0006815380700589298,0.000268303373263522,100.0,0.0,63.95,2.8892040426387333,1.0,0.0,4.25,0.8874119674649424,0
66,0.9087492139792632,0.04275552667896146,0.023916188044689184,0.013306265643517293,0.0006451813021373651,0.0002232945420311278,100.0,0.0,63.45,2.5782746168707473,1.1,0.3,4.05,0.739932429347437,0
67,0.900035651216846,0.05056660101054618,0.026458495960833838,0.014233601955683024,0.0006817577341042823,0.00023988800822178347,100.0,0.0,62.65,3.7719358425084595,1.1,0.3,4.1,0.5385164807134504,0
68,0.8900577845081783,0.061152215800955215,0.03039060198709247,0.015822345578129688,0.0006703497367325673,0.0002530084492531079,100.0,0.0,63.15,2.7436289836637897,1.075,0.23848480035423641,4.25,0.6224949798994366,0
69,0.883833255080205,0.062017489585264506,0.03348387278737143,0.015971310730937632,0.0006320846429246848,0.0002709608747437127,100.0,0.0,63.7,2.4919871588754225,1.05,0.21794494717703372,3.95,0.5894913061275798,0
70,0.8693921558540886,0.06868956010445013,0.03823034226909434,0.016303476501696983,0.0006506855820478299,0.0002989246613380657,100.0,0.0,64.6,3.3823069050575523,1.05,0.21794494717703372,4.1,0.8306623862918076,0
71,0.8563196770792313,0.06698745142731778,0.04263768957077385,0.016618172901019978,0.0006147995725163319,0.0002628800734883768,100.0,0.0,63.8,2.1587033144922905,1.0,0.0,4.2,0.7483314773547883,0
72,0.8373332699878677,0.0664357756199398,0.047389619996788854,0.015374907195383342,0.0006640635180778787,0.0002279407790160811,100.0,0.0,63.4,2.7459060435491964,1.075,0.23848480035423641,4.15,0.7262919523166976,0
73,0.8159550412966439,0.06237528546201097,0.05350044267056361,0.01477232023041992,0.0006279669206957344,0.0002360126499132399,100.0,0.0,62.95,2.747271373563231,1.1,0.3,4.5,0.806225774829855,0
74,0.7880704488348607,0.06783297462175727,0.05932439052615955,0.015535791381343648,0.0006629682294928847,0.0002396898275302412,100.0,0.0,63.7,1.8734993995195195,1.125,0.3112474899497183,4.15,0.5722761571129799,0
75,0.7668356254550771,0.06659800442051958,0.06309636807055582,0.015244046275869777,0.0007157280353414863,0.00028178465611488284,100.0,0.0,63.35,2.372235232855292,1.2,0.4,4.25,0.7664854858377946,0
76,0.7401101743335468,0.0717030907454584,0.0675844266378197,0.01689816266572647,0.0007762636272193153,0.0003138793264376441,100.0,0.0,63.85,3.1980462785894765,1.125,0.3112474899497183,4.05,0.49749371855331004,0
77,0.7189386489941858,0.07288590294056048,0.07138161915063958,0.016464937805033514,0.0008540678666618878,0.00036246300866796515,100.0,0.0,62.45,2.5975950415721076,1.025,0.10897247358851683,4.45,0.8046738469715541,0
78,0.6940223787453483,0.07210592840032579,0.07640463762386654,0.016775766090632548,0.000832986368591373,0.00037712091709740273,100.0,0.0,63.4,3.2155870381627056,1.125,0.3112474899497183,4.25,0.698212002188447,0
79,0.6689389624199692,0.07628342819328134,0.08048491276920247,0.01824952503658772,0.0009115313645995185,0.00040794259644485065,100.0,0.0,62.65,3.7453304260105007,1.025,0.10897247358851683,4.25,0.698212002188447,0
80,0.6480235290071681,0.08686299535142362,0.08429996543300257,0.01951555530603904,0.0009641703017963212,0.00044649150884153144,100.0,0.0,62.65,3.785168424258028,1.05,0.21794494717703372,4.1,0.5385164807134504,0
81,0.6280952823304122,0.09678097223863723,0.08840015693825709,0.020722840850661593,0.0009538267785096441,0.0004594494275474212,100.0,0.0,63.4,3.1208973068654475,1.0,0.0,4.45,0.5894913061275798,0
82,0.61590321052966,0.1213585125203812,0.09115966281577612,0.023897651822909212,0.0009068996506259484,0.00036611091264895115,100.0,0.0,63.35,3.1666228067138023,1.025,0.10897247358851683,4.3,0.9539392014169457,0
83,0.5962615565548643,0.13378441619503822,0.09470321643260968,0.02491478996438412,0.0009730158469684015,0.00042283751739044545,100.0,0.0,62.5,3.170173496829472,1.0,0.0,4.45,0.6689544080129827,0
84,0.5858183991072795,0.13582723725127152,0.09575060893708476,0.025002794938972017,0.0011324643568470995,0.0005853462169067067,100.0,0.0,64.3,2.5709920264364885,1.025,0.10897247358851683,4.15,0.792148975887743,0
85,0.5771995999901971,0.13148448382230352,0.09819250795630528,0.024605403298718152,0.0010963743386461133,0.0005819151684066415,100.0,0.0,62.4,3.4263683398023628,1.125,0.3112474899497183,4.45,0.9205976319760985,0
86,0.5624524202457286,0.1315725175074114,0.10142881518704386,0.024889710174187497,0.0010803074755259118,0.0005951484285616158,100.0,0.0,64.35,2.95423424934449,1.0,0.0,4.15,1.0136567466356647,0
87,0.5490880095522439,0.12467910730348211,0.10366300028935083,0.024726431595619436,0.0010805494497094783,0.0006056240954687102,100.0,0.0,62.75,2.7179955849853767,1.0,0.0,4.25,0.698212002188447,0
88,0.536560709208697,0.11846122095093346,0.10615157517166078,0.022331563129122274,0.0010699786332488536,0.0006147482436723583,100.0,0.0,63.5,2.9748949561287032,1.0,0.0,4.25,0.698212002188447,0
89,0.5253018269347618,0.1338783658756167,0.10929253100154046,0.025732642885017063,0.0009029508816141242,0.0005087842997724618,100.0,0.0,64.35,2.393219588754864,1.05,0.21794494717703372,4.2,0.7483314773547883,0
90,0.514491117215731,0.13545684421119997,0.11145900610609016,0.02553910579037199,0.0009018177771760942,0.00046464429529334333,100.0,0.0,65.3,3.1638584039112754,1.0,0.0,4.0,0.7745966692414834,0
91,0.4905770519545614,0.13406488753178572,0.11596256302366244,0.025251913778272548,0.0008894760993789196,0.000415049562900349,100.0,0.0,62.15,3.811495769379785,1.2,0.3674234614174767,4.2,0.8717797887081347,0
92,0.47691795110155366,0.1250085753182885,0.11859461450306745,0.02312122094359733,0.000990343937921909,0.0005456681122604424,100.0,0.0,63.3,3.116087290176577,1.025,0.10897247358851683,4.35,0.6538348415311012,0
93,0.47195253194622644,0.11905146467741434,0.11920905109216089,0.02247089082435354,0.001088860763303393,0.0006454521527661498,100.0,0.0,64.7,2.8478061731796287,1.05,0.21794494717703372,4.1,0.8306623862918074,0
94,0.48222542615611774,0.12700301871550712,0.11691625517580943,0.025596040790560375,0.0011520243656771537,0.0007932077036619434,100.0,0.0,62.3,3.0182776545573144,1.1,0.3,4.45,0.6689544080129827,0
95,0.48944598083695307,0.144294681009257,0.11576831798879465,0.030835707984661474,0.0011948880844804394,0.0007795756445492,100.0,0.0,63.65,2.903015673398957,1.0,0.0,4.3,0.5567764362830022,0
96,0.5051685916843969,0.16907274303581796,0.11376720253717923,0.034632409518470304,0.0010498470698739133,0.0005537957551116455,100.0,0.0,64.35,3.3507461855533016,1.075,0.23848480035423641,4.0,0.6324555320336759,0
97,0.5066656817988991,0.18969279570625341,0.11442986702702203,0.037109964262225494,0.0008992252376790513,0.00042191886349913734,100.0,0.0,63.7,3.3481338085566414,1.15,0.3570714214271425,4.4,0.7348469228349535,0
98,0.4980648394967119,0.19740550726450506,0.11638496436465051,0.037911392779845184,0.0007619581629990911,0.00041859663906268225,100.0,0.0,63.25,2.6995369973386176,1.1,0.2549509756796392,4.3,0.7810249675906654,0
99,0.4780596708493422,0.19083467675920923,0.12055427258285374,0.036546253764460725,0.0007360154368144055,0.0004315170260606991,100.0,0.0,62.7,3.536947836765479,1.2,0.4,4.1,0.7681145747868608,0
100,0.45899080248410157,0.17524967637408176,0.12447637798154505,0.03392421571987458,0.0007377162782460338,0.0004565377120279279,100.0,0.0,64.1,2.773084924772409,1.0,0.0,4.25,0.8874119674649424,0
101,0.4380385896085965,0.15142246442674884,0.128131620989219,0.029871389657260033,0.0008288466602965189,0.0003684740526348825,100.0,0.0,64.75,1.894069692487581,1.025,0.10897247358851683,4.1,0.7681145747868608,0
102,0.4186239607503269,0.1334821868049108,0.1314285785613412,0.02703749206173058,0.0009129649834908035,0.0003945851700871826,100.0,0.0,63.35,3.758656674930553,1.1,0.3,3.9,0.6244997998398398,0
103,0.41282161260201605,0.11973380307410361,0.1315622479470981,0.024925892085234817,0.0011363222109041105,0.0005114996164796215,100.0,0.0,63.95,3.0736785778607367,1.05,0.21794494717703372,4.2,0.6,0
104,0.4123974369952264,0.11431166644351866,0.131619245517073,0.023646869649632665,0.001051926376977136,0.0003010294905515809,100.0,0.0,64.15,3.5815499438092444,1.15,0.3570714214271425,4.25,0.698212002188447,0
105,0.414062881055907,0.11695258800714604,0.13110758421046614,0.023662142664674646,0.0010338962711224772,0.0004638436301060677,100.0,0.0,64.3,2.3473389188611007,1.05,0.21794494717703372,4.05,0.804673846971554,0
106,0.40844052518502183,0.12478302886833983,0.13240737169015357,0.024449514779298357,0.00101169525537765,0.0005988829766143954,100.0,0.0,62.15,1.8241436346954694,1.1,0.3,4.4,0.6633249580710799,0
107,0.4057472879274161,0.12302366303643053,0.1325583504150809,0.024409531587347887,0.0010589406237338267,0.0008025624533172608,100.0,0.0,64.3,3.6891733491393435,1.0,0.0,4.1,0.5385164807134504,0
108,0.4077549096912135,0.12015795758827756,0.13255657932403422,0.02408559770170329,0.0010056072121395459,0.0007100553938661106,100.0,0.0,63.05,3.4709508783617204,1.05,0.15,4.2,0.6,0
109,0.41089638873774703,0.13655246586928155,0.13240517644689262,0.027755746091950525,0.0009922980754969025,0.0007180298174013554,100.0,0.0,61.95,2.6358110706194404,1.025,0.10897247358851683,4.5,1.0723805294763609,0
110,0.408047392304358,0.15077699890599855,0.13330653915927265,0.030292287876675515,0.0010241228402906553,0.0006477229303535721,100.0,0.0,63.9,2.754995462791182,1.05,0.21794494717703372,4.15,0.8529361054615991,0
111,0.4047305641711609,0.17014674634725213,0.13473319535564995,0.033987067768609144,0.0008813296001498716,0.00048233097914142706,100.0,0.0,63.2,3.325657829663178,1.025,0.10897247358851683,4.1,0.8306623862918076,0
112,0.39950995883533535,0.1792504427422353,0.13636928102163634,0.03535523013138218,0.0007971344470754824,0.0005733538338250591,100.0,0.0,64.15,3.118894034750139,1.05,0.21794494717703372,4.25,0.7664854858377946,0
113,0.3912435842010236,0.16992879105984826,0.13798219915795826,0.034463416178249266,0.0008326781461531114,0.0005151242358763465,100.0,0.0,63.05,2.7290108097990378,1.125,0.3112474899497183,4.3,0.6403124237432849,0
114,0.38920029192969724,0.1612839581340439,0.13838552060531203,0.03314483164144034,0.000913811330194808,0.00047934118656505316,100.0,0.0,62.9,3.254228019054596,1.05,0.21794494717703372,4.35,0.7262919523166975,0
115,0.3880030642473084,0.15844766923722053,0.13861120670191002,0.032593402514957175,0.0010349980907201713,0.0004853522607383434,100.0,0.0,63.75,2.6433879775772606,1.025,0.10897247358851683,4.55,0.9733961166965892,0
116,0.3987946675177311,0.16447126698824208,0.13662043137393376,0.032590614711538464,0.001002441709436468,0.0005467352172432372,100.0,0.0,63.4,2.7820855486487113,1.075,0.23848480035423641,4.15,0.5722761571129799,0
117,0.40408519961139433,0.15108735347542326,0.135087089974886,0.029767751639774846,0.0010179379671003913,0.000614856322070425,100.0,0.0,63.55,2.957617284234051,1.05,0.21794494717703372,4.1,0.43588989435406733,0
118,0.4181093208328835,0.140858566844734,0.13162959561181228,0.028372680522702826,0.0010087718031955642,0.0006079950480268221,100.0,0.0,63.55,3.2167530212933664,1.075,0.23848480035423641,4.0,0.6324555320336759,0
119,0.42513263903258414,0.11507208670321532,0.1294098268889966,0.02396143586104269,0.0011107215344815656,0.0007094220644159695,100.0,0.0,62.95,2.246664193866097,1.025,0.10897247358851683,4.25,0.7664854858377946,0
120,0.4475643769936826,0.11818026942399021,0.12487706354682701,0.024262292706247916,0.0010354466228550212,0.0006115507009533999,100.0,0.0,63.1,3.176476034853718,1.075,0.23848480035423641,4.1,0.6244997998398398,0
121,0.45008267251445994,0.12571410127971283,0.12465621639973132,0.025393035860490847,0.0009125276624557387,0.0005809453541844179,100.0,0.0,62.85,2.5937424698685874,1.025,0.10897247358851683,4.4,0.58309518948453,0
122,0.44706587895469135,0.13462089321521858,0.12545687980868206,0.026066089192518904,0.0008113021858121801,0.0005581800226210508,100.0,0.0,63.95,2.3973944189473704,1.025,0.10897247358851683,4.05,0.5894913061275798,0
123,0.4502798670873703,0.1396525208820143,0.12397914836259154,0.026726285576877194,0.0009384108170455947,0.0006177481882704993,100.0,0.0,62.9,3.548238999842034,1.1,0.3,4.2,0.5099019513592784,0
124,0.4616977263056369,0.15361871098290775,0.12135980632526269,0.02953108496477974,0.0008951123835524835,0.0005373599867628371,100.0,0.0,64.0,3.8340579025361627,1.175,0.36314597615834876,4.0,0.6324555320336759,0
125,0.4630081454669198,0.16671194718248425,0.12096908325808937,0.032448124546882985,0.0009381800495736996,0.0005923342355197105,100.0,0.0,63.35,3.5535193822462823,1.15,0.3570714214271425,4.0,0.8366600265340756,0
126,0.47063546067645945,0.1702578938915336,0.1198013910862186,0.032710891968725106,0.0009664229642360829,0.0005603975755057946,100.0,0.0,62.85,3.7050641020095725,1.15,0.3570714214271425,4.05,0.739932429347437,0
127,0.482598880485574,0.1631842122171999,0.1171752219026487,0.03095318800603002,0.0010998431885364973,0.0006242977122296675,100.0,0.0,63.55,3.2167530212933664,1.075,0.23848480035423641,3.95,0.49749371855331004,0
128,0.4998947163043147,0.16005435913841937,0.11410718317574184,0.0297615938382995,0.0010396253687657137,0.0006906647439253453,100.0,0.0,63.95,2.9576172842340505,1.0,0.0,4.0,0.7071067811865476,0
129,0.5113095883188343,0.1525925248754121,0.11211472713488542,0.028445116812175843,0.001051335378297137,0.0006549156024076362,100.0,0.0,63.8,2.541653005427767,1.05,0.21794494717703372,4.45,0.5894913061275798,0
130,0.5237841998093741,0.15163702769778423,0.10924950035534471,0.02870608935595627,0.0010077294551022761,0.0005993151368795973,100.0,0.0,63.1,2.6814175355583845,1.05,0.21794494717703372,4.3,0.7810249675906654,0
131,0.5263141108539605,0.14975603773497337,0.10826454454175272,0.02794513733768788,0.0010275090245501202,0.000615798864204722,100.0,0.0,64.25,2.680951323690902,1.0,0.0,4.25,0.7664854858377946,0
132,0.5390541032497888,0.15407242713275426,0.1052385006578839,0.028507286279999978,0.0010719784854832724,0.0005838260091371305,100.0,0.0,62.5,2.5199206336708304,1.075,0.23848480035423641,4.55,0.8046738469715541,0
133,0.5473186699550846,0.15129954297424433,0.10337632857268544,0.027750315883989084,0.0010907521534573898,0.0005096572786807891,100.0,0.0,64.0,3.146426544510455,1.05,0.21794494717703372,3.9,0.7681145747868608,0
134,0.5595590043939119,0.14865974719622416,0.10106252137060086,0.02838290547201495,0.0011224511293416463,0.0005780245288998597,100.0,0.0,64.4,2.9899832775452104,1.05,0.15,4.05,0.804673846971554,0
135,0.5867279121296941,0.15163609058381308,0.09572241069527569,0.028822041627565534,0.0011740283507013405,0.0005389074835631206,100.0,0.0,64.1,2.605762844159076,1.025,0.10897247358851683,4.2,0.6782329983125268,0
136,0.6155175250221557,0.1427699969596204,0.0906193804386822,0.027053826284246622,0.0011596692304391737,0.0005635712388792002,100.0,0.0,63.8,2.3151673805580453,1.1,0.3,4.15,0.7262919523166975,0
137,0.6338124915742624,0.13734495750487757,0.08752366201592773,0.025926287592868386,0.0010446669115197588,0.0005207995039796454,100.0,0.0,64.35,3.7453304260105007,1.1,0.3,4.2,0.5099019513592785,0
138,0.6551235405254253,0.1326033580588293,0.08387512946671741,0.024955169259741505,0.0009201224484919023,0.0004307078472940792,100.0,0.0,63.6,2.353720459187964,1.0,0.0,4.15,0.7262919523166976,0
139,0.6661982778891951,0.13011392541904973,0.0815924266050386,0.024554016457772835,0.0009288467418707251,0.00041670455723651426,100.0,0.0,63.1,3.5482389998420345,1.05,0.15,4.35,0.9096702699330126,0
140,0.6736174702009999,0.12114326680313882,0.08012865807251321,0.022657516477376988,0.0009021568776378882,0.0004595796364215544,100.0,0.0,63.25,3.1284980421921316,1.025,0.10897247358851683,3.8,0.6,0
141,0.6851090282780845,0.11370573388246921,0.07765907020287824,0.021149184354707497,0.0009411408501302735,0.0005128047773040373,100.0,0.0,62.05,2.654712790491657,1.15,0.3570714214271425,4.5,0.7416198487095663,0
142,0.6964060932585044,0.11206871091067595,0.07538437273107475,0.02105757749966545,0.0008948354538763695,0.0005303395311351498,100.0,0.0,63.35,2.2197972880423116,1.05,0.21794494717703372,4.25,0.8874119674649424,0
143,0.7037769596074851,0.10403766387083814,0.07389190958863032,0.019907835382082364,0.0008874708708248791,0.0004727972098374277,100.0,0.0,62.7,3.3926390907374753,1.075,0.23848480035423641,4.55,0.5894913061275798,0
144,0.7057868605677895,0.1017032021009417,0.0734680790673108,0.019299864806183165,0.0008770975936727408,0.00046245016184631054,100.0,0.0,62.95,3.007906248539007,1.025,0.10897247358851683,4.3,0.714142842854285,0
145,0.7153161036497868,0.0941495286425445,0.07189789213553384,0.01761670378344554,0.0008640942495700772,0.0005216185887926166,100.0,0.0,63.25,3.2384409829422554,1.1,0.3,4.35,0.5722761571129799,0
146,0.733150152425749,0.08909036275503102,0.06958429083116013,0.017183452126998355,0.00073963937080419,0.0003817373817174546,100.0,0.0,62.75,2.56661255354212,1.0,0.0,4.25,0.698212002188447,0
147,0.7431339600755199,0.09236597503089249,0.06744457677153025,0.01827392810756773,0.0007434213178067152,0.00042555189488758627,100.0,0.0,63.45,2.6167728216259047,1.05,0.15,4.0,0.8944271909999159,0
148,0.7585080605088904,0.09700387897117245,0.06397522018401615,0.019843611891338934,0.000718658859687449,0.00043422620241654003,100.0,0.0,63.6,2.8000000000000003,1.0,0.0,4.25,0.6224949798994366,0
149,0.7649823755758043,0.09678227400422115,0.062113145957693405,0.020238263796996236,0.0007379025675981071,0.00045988829749530604,100.0,0.0,63.5,3.7349698793966195,1.05,0.15,4.2,0.5099019513592784,0
150,0.7675934353562154,0.09216177490602032,0.060969122003714904,0.020773185247998874,0.0007575530503076701,0.00039044247335447293,100.0,0.0,63.4,2.764054992217051,1.125,0.3112474899497183,4.25,0.8874119674649424,0
151,0.7843509764667087,0.09219991622547176,0.05723239242617215,0.021040662730591343,0.0007526901837405893,0.00031894811182210165,100.0,0.0,63.75,2.5273503912200224,1.1,0.3,4.05,0.804673846971554,0
152,0.7950182035051849,0.09650401158698174,0.054871535672373496,0.02269717451348645,0.0007141148444748163,0.00026023213776529906,100.0,0.0,64.35,3.9909272105614755,1.05,0.21794494717703372,4.05,0.5894913061275798,0
153,0.8125959747462433,0.09321089739148061,0.050935693787191386,0.021382070556422883,0.0007072985905097979,0.0002949043220634124,100.0,0.0,62.75,2.6052830940226053,1.05,0.21794494717703372,4.15,0.7262919523166975,0
154,0.821579931166337,0.08994866565490907,0.048495812590023966,0.020928981408269036,0.0007261030176314222,0.0002851888727328009,100.0,0.0,63.55,2.3973944189473704,1.05,0.21794494717703372,4.15,0.6538348415311012,0
155,0.8354848865981903,0.08224997231298138,0.04331417869089787,0.020446851597740963,0.0007937786002262245,0.0002790427009840558,100.0,0.0,63.2,2.5219040425836985,1.0,0.0,4.45,0.8645808232895291,0
156,0.8540274011789087,0.06967967372112664,0.037733787287496545,0.018609148542946704,0.0008086496753177283,0.0002867783640104211,100.0,0.0,62.8,3.370459909270543,1.1,0.2549509756796392,4.4,0.7348469228349533,0
157,0.8665888459907723,0.06152921328250703,0.03447454217815958,0.016992974922150524,0.0008097518700853897,0.0003784309449922158,100.0,0.0,63.0,2.8809720581775866,1.05,0.21794494717703372,4.35,0.5722761571129799,0
158,0.8749008267195919,0.052527712526034685,0.030307085131557575,0.01642390404070446,0.0008393614968518284,0.00034094087009897537,100.0,0.0,63.35,3.2446109165815247,1.025,0.10897247358851683,4.15,0.9096702699330127,0
159,0.8838497055926939,0.04115022948901115,0.027255546883745284,0.014156344227670672,0.0008499344529365592,0.00026420094156930313,100.0,0.0,63.25,3.031088913245535,1.1,0.2549509756796392,4.05,0.864580823289529,0
160,0.8926053650872436,0.03842392216473952,0.023863969140622904,0.013213417384456166,0.0008400728608606298,0.00031375050598165486,100.0,0.0,62.65,2.7436289836637897,1.1,0.3,4.25,0.5361902647381804,0
161,0.9050191255774338,0.02984372528092197,0.01969759351677888,0.010444282678653003,0.0008187122076979507,0.0003388463584032289,100.0,0.0,62.95,3.694252292413175,1.1,0.3,4.15,0.5722761571129799,0
162,0.9118693159931454,0.021521592944327143,0.018098543170055235,0.008552095363589947,0.0007720142139065503,0.000274950049261126,100.0,0.0,63.9,3.6318039594669758,1.15,0.3570714214271425,4.1,0.7000000000000001,0
163,0.9163132319586552,0.023652158523015835,0.018056982012840873,0.0064419141512856975,0.0007425948672819638,0.0002634491050560225,100.0,0.0,61.95,3.800986713999406,1.15,0.3570714214271425,4.2,0.6,0
164,0.91472087894653,0.030785917866905807,0.01889917887149025,0.007185457460048996,0.000750158980457818,0.00037320290174728936,100.0,0.0,64.05,3.1220986531498327,1.05,0.2179449471770337,4.2,0.7483314773547883,0
165,0.9142419473779955,0.03242095318015842,0.020885259900320145,0.008548540013303067,0.0007049697501596529,0.00032876991276665644,100.0,0.0,63.05,2.692118125194361,1.1,0.3,4.3,0.6403124237432849,0
166,0.9124820642866787,0.03382725625785608,0.022981073042965157,0.01011680560846677,0.0006646334369132125,0.0002875741881437532,100.0,0.0,63.1,2.8442925306655784,1.025,0.10897247358851683,3.95,0.6689544080129826,0
167,0.8996704630092873,0.03478231756884936,0.026151329084748563,0.011745177417982887,0.0007328106441967672,0.00034957822588639706,100.0,0.0,63.65,2.6129485260907837,1.05,0.21794494717703372,4.45,0.7399324293474372,0
168,0.8893640006425605,0.038518929540725576,0.029556362225490452,0.011393454430819627,0.0007660102731739495,0.00036877908701147584,100.0,0.0,62.05,3.232259271778797,1.125,0.3112474899497183,4.5,0.6708203932499369,0
169,0.8871737774866386,0.03641889279860888,0.03297988649052725,0.011060420911510537,0.0006672251835002077,0.00027358787177088855,100.0,0.0,64.25,2.1418449990603894,1.0,0.0,4.05,0.5894913061275798,0
170,0.867890739847865,0.040292051418226074,0.03872628831154467,0.01051231959268413,0.000699611540955652,0.00027517568839521166,100.0,0.0,63.85,3.5954832776693593,1.025,0.10897247358851683,4.1,0.7000000000000001,0
171,0.8552678468264421,0.039615441078885254,0.041720890952581156,0.009457331059478238,0.0007462299909573987,0.00033691665859525725,100.0,0.0,66.3,2.98496231131986,1.0,0.0,4.15,0.7262919523166976,0
172,0.8402940258768439,0.04572841978880276,0.0464230428556078,0.011245493484881493,0.0007115329983993649,0.00030280611312824107,100.0,0.0,63.15,2.8857408061016154,1.05,0.21794494717703367,4.3,0.714142842854285,0
173,0.8196225991351147,0.04498474461088739,0.0526161534475287,0.010916168545224102,0.0006693109515471436,0.0003226390547365582,100.0,0.0,63.0,2.949576240750525,1.1,0.3,4.15,0.7262919523166975,0
174,0.8052233478218775,0.0492894060703042,0.055648915932307405,0.012111484251744182,0.0006787868113045214,0.00026911083359785717,100.0,0.0,62.95,1.9615045245933032,1.125,0.3112474899497183,4.0,0.5477225575051661,0
175,0.7851512146895708,0.05932263180883811,0.06067886006043981,0.013224527407107077,0.0006588757027792063,0.00023184233364386021,100.0,0.0,63.75,3.3893214660164652,1.1,0.3,4.15,0.7921489758877431,0
176,0.7629675221920851,0.06977784255967233,0.06545332934803891,0.014513584840735356,0.0006726720374584147,0.0002700431355443235,100.0,0.0,63.15,3.4245437652335533,1.05,0.21794494717703372,4.7,0.9539392014169457,0
177,0.7361493847434994,0.06344857229245784,0.07039375465677533,0.012963660935160807,0.0007149795964696263,0.00024927642413847314,100.0,0.0,62.4,3.9799497484264803,1.2,0.4,4.35,0.7921489758877431,0
178,0.7114286708387174,0.06896825570672507,0.07472928546170507,0.014906090065887117,0.0007452632940152155,0.00026031733630984833,100.0,0.0,62.55,2.558808316384797,1.1,0.3,4.0,0.7745966692414834,0
179,0.6836755242098566,0.07587985273443922,0.0792984917104219,0.01684703748224933,0.0008079954700543228,0.0003555580573686428,100.0,0.0,63.85,3.0540956108150903,1.025,0.10897247358851683,4.15,0.7262919523166976,0
180,0.6588688605405079,0.08428391650228309,0.08374202038708813,0.01714609423775996,0.0008465459042325223,0.00037697030713961416,100.0,0.0,62.65,3.395217224272992,1.125,0.3112474899497183,4.25,0.7664854858377946,0
181,0.6374524011920266,0.08897987789760595,0.0867471237410927,0.018350359968847787,0.0009549300253657722,0.00042305289397496723,100.0,0.0,63.3,2.666458325194677,1.1,0.3,4.05,0.5894913061275797,0
182,0.6337920021842738,0.0981242208981789,0.08805261703833558,0.019798299846995746,0.0009032187173817916,0.00044701194077626313,100.0,0.0,63.3,2.7766886753829643,1.0,0.0,4.3,0.7810249675906654,0
183,0.6134647944793222,0.10783180365955547,0.09179154523432353,0.02149587390661856,0.0009304685364210942,0.0003896749961567187,100.0,0.0,63.0,3.3763886032268267,1.075,0.23848480035423641,4.3,0.7810249675906654,0
184,0.5912442191615341,0.12303995935148816,0.09645973055173697,0.02378899669361204,0.0008828603267819153,0.00036201119654959336,100.0,0.0,63.65,2.5548972582082436,1.075,0.17853571071357124,3.8,0.6,0
185,0.5650011068442754,0.13029923126441254,0.10067772255776522,0.026010880842583853,0.0009604580025774065,0.0005162342366440879,100.0,0.0,63.75,3.4478254016118624,1.0,0.0,4.15,0.6538348415311009,0
186,0.5487141499047958,0.1294188394908242,0.10371152204282308,0.026484524674355046,0.0009228769528520593,0.0005854808397251474,100.0,0.0,62.95,2.9236107812087435,1.05,0.2179449471770337,4.1,0.7000000000000001,0
187,0.5304770895048819,0.12169286364450539,0.10682478569283756,0.02566002531589905,0.0009945811984396577,0.000606275058949696,100.0,0.0,63.4,2.3958297101421877,1.05,0.21794494717703372,4.2,0.7483314773547883,0
188,0.5096464337030503,0.11313294176884085,0.11001007446900127,0.025272807067899666,0.0010764452911328905,0.0005857010420678968,100.0,0.0,63.15,2.104162541250081,1.0,0.0,4.05,0.5894913061275797,0
189,0.5008449883432641,0.10397528877133039,0.11228287815594247,0.02164501538986526,0.0011256603616494644,0.0005473201685887508,100.0,0.0,64.3,3.303028912982749,1.1,0.3,3.8,0.6782329983125268,0
190,0.48836765196750365,0.10689833786905294,0.11485174301220424,0.019323784315023206,0.0010892061002245597,0.0006061007900747559,100.0,0.0,62.55,3.4128433893163046,1.1,0.3,4.05,0.49749371855331004,0
191,0.47745666716850677,0.10443525568647735,0.11667523505763791,0.019667469356433136,0.0010498250923488737,0.0005826291520570334,100.0,0.0,64.15,4.269367634673781,1.1,0.3,4.1,0.7,0
192,0.4478958529713063,0.09984597895782178,0.12255971901949372,0.018920391956441053,0.0010327738514220365,0.0005415872601870153,100.0,0.0,64.3,3.661966684720111,1.1,0.3,4.05,0.6689544080129826,0
193,0.423172581430486,0.10250047404629359,0.12762410590689305,0.019225464451972395,0.0010277202264661744,0.0005139071947790471,100.0,0.0,62.15,3.1823733281939126,1.05,0.21794494717703372,4.4,0.8,0
194,0.3975401542425573,0.10606940273676463,0.1329697153119884,0.020720146737196566,0.0010478520701825572,0.00046602420986521716,100.0,0.0,63.9,3.014962686336267,1.025,0.10897247358851683,3.9,0.7681145747868608,0
195,0.3846007298122829,0.1116585147878132,0.13562928669898086,0.023125382690975374,0.001176627577578528,0.0005688780104884305,100.0,0.0,63.25,3.686122624113311,1.1,0.3,4.15,0.852936105461599,0
196,0.37941932033876374,0.11352457692263744,0.13758064095494482,0.023260938190646174,0.0010820924181777578,0.00046523171864367206,100.0,0.0,63.45,2.991237202229205,1.0,0.0,4.55,0.8645808232895291,0
197,0.3804234154869148,0.11933816687777893,0.13757016829517996,0.024468081439947956,0.0011384420279790073,0.0006021746101398185,100.0,0.0,63.85,3.2752862470324637,1.0,0.0,4.3,1.0049875621120892,0
198,0.3803304008490055,0.1265311181056448,0.13747544243511467,0.025802451980224135,0.0011213514709404644,0.00043660343919244726,100.0,0.0,63.2,2.5612496949731396,1.075,0.23848480035423641,4.15,0.9096702699330127,0
199,0.3810465540241927,0.1320946065223503,0.13733122918387294,0.02647287887559134,0.0010830412031001455,0.0005067228695309747,100.0,0.0,63.65,3.1823733281939126,1.0,0.0,4.4,0.7348469228349535,0
200,0.37128803350465883,0.12549356133705145,0.13933729500142963,0.026309252318673745,0.0011684291765641339,0.0004629037016347923,100.0,0.0,63.4,2.7640549922170505,1.05,0.21794494717703372,4.2,0.7483314773547883,0
201,0.3780484313617542,0.11922624031968575,0.1373947641243409,0.02654990969338278,0.0012979446053123197,0.0006024430263483782,100.0,0.0,63.05,2.2907422377910613,1.075,0.23848480035423641,4.15,0.5722761571129799,0
202,0.3824985501698451,0.12484174761667889,0.1381067489888333,0.027292439525848373,0.001185609941103058,0.0005920788836554236,100.0,0.0,62.6,3.6523964735499352,1.15,0.3570714214271425,4.35,0.5722761571129799,0
203,0.3844804726449321,0.1390383848720436,0.13789441789869789,0.029798590930052358,0.0010642606216119455,0.0006016891458279544,100.0,0.0,64.15,3.259984662540608,1.05,0.21794494717703372,4.05,0.739932429347437,0
204,0.36823780766937053,0.14546295021015204,0.14101542166236966,0.031243792991285657,0.0009940422340519444,0.0006210504128504019,100.0,0.0,63.6,3.1368774282716245,1.1,0.3,4.45,0.8046738469715541,0
205,0.35542921110914383,0.14210857114720649,0.14379871869290728,0.029591865778958407,0.0010661978124429235,0.0007296097773805489,100.0,0.0,64.95,3.4565155865408737,1.05,0.15,4.15,0.3570714214271425,0
206,0.3437972227840122,0.13387378786060702,0.14621771458969143,0.028632760987175574,0.0010301414247737394,0.0006366023495292707,100.0,0.0,62.9,2.808914381037628,1.05,0.21794494717703372,4.35,0.963068014212911,0
207,0.327538152071253,0.12486354464882148,0.1488940095751542,0.02671766484735151,0.001178296717797262,0.000830617431202763,100.0,0.0,63.3,2.471841418861655,1.0,0.0,4.25,0.4330127018922193,0
208,0.3193939924715224,0.11344250971758492,0.15045713475480016,0.025297211081321023,0.0013045009177464774,0.000860561952516711,100.0,0.0,62.65,2.669737814842499,1.1,0.3,4.35,0.653834841531101,0
209,0.3266981157238164,0.11713702570519856,0.14907210943559074,0.025151306975876687,0.0014013281599760778,0.0008980929188012781,100.0,0.0,62.5,2.1330729007701543,1.075,0.23848480035423641,4.05,0.6689544080129826,0
210,0.344314971185984,0.12882948695957763,0.14518419945990202,0.026677232603315282,0.0013315761956140249,0.0007203614400020036,100.0,0.0,62.6,2.1071307505705477,1.125,0.3112474899497183,4.4,0.58309518948453,0
211,0.367019631920553,0.1623264288437125,0.1417281731005873,0.032561140379992574,0.0011955855775589402,0.0006719362495323766,100.0,0.0,63.6,2.5377155080899043,1.0,0.0,4.05,0.9733961166965892,0
212,0.38493368046246956,0.18296046370657007,0.1390194778765193,0.035534508820715086,0.0010190379594768365,0.0006505890199228847,100.0,0.0,63.95,2.3339880033967613,1.0,0.0,4.0,0.6324555320336759,0
213,0.3823844381411732,0.17876810843697688,0.13998600518364512,0.03519827897331181,0.0009993994509485892,0.000585306729534068,100.0,0.0,63.5,3.057776970284131,1.025,0.10897247358851683,4.35,0.8529361054615991,0
214,0.38611997415528343,0.16621314275931764,0.1394895311363063,0.03203550325587675,0.001027280920137264,0.0006171094654705826,100.0,0.0,62.9,1.8411952639521971,1.025,0.10897247358851683,4.2,0.812403840463596,0
215,0.4087015881335264,0.1422589625616878,0.13414951105814557,0.026702112674668196,0.0010899574382030048,0.0006369283600511219,100.0,0.0,63.65,3.6093628246547893,1.0,0.0,4.1,0.5385164807134504,0
216,0.4225488166022647,0.13243181512056026,0.1316483215257151,0.024779998296202907,0.0009518071715604422,0.0005971682484933511,100.0,0.0,62.75,3.476708213238494,1.05,0.21794494717703372,4.75,0.8874119674649424,0
217,0.4251335760593675,0.13961359264050285,0.13074314189148184,0.02674110930922401,0.0008390370414364312,0.0005313062808394112,100.0,0.0,62.55,2.5975950415721085,1.0,0.0,4.35,0.653834841531101,0
218,0.4205593196330272,0.1468720524518678,0.1310619979262541,0.02941357393414108,0.0008344993207157166,0.0006273860484415354,100.0,0.0,63.0,3.40587727318528,1.075,0.23848480035423641,4.25,0.6224949798994366,0
219,0.4203749736983623,0.1400387073899411,0.1306425104615006,0.028467387764023987,0.0009526932628646241,0.0008632691067678922,100.0,0.0,63.0,3.924283374069717,1.1,0.3,4.05,0.9733961166965893,0
220,0.4388492881882768,0.1420414819732484,0.12684363608006868,0.030182587722952313,0.0009629390751229339,0.0006856339896676182,100.0,0.0,64.2,2.420743687382041,1.0,0.0,4.45,0.8645808232895292,0
221,0.44879890564299296,0.1654357105679336,0.12586265680659386,0.03211518144236913,0.0007919132741234117,0.0003904065470151086,100.0,0.0,62.85,2.7977669667075564,1.075,0.23848480035423641,4.05,0.6689544080129826,0
222,0.4423923909001398,0.1686079107627371,0.12730524754262654,0.032121614453401226,0.000755406317397102,0.00038072069951140217,100.0,0.0,63.2,3.9949968710876362,1.15,0.3570714214271425,4.2,0.9273618495495703,0
223,0.43593963876378694,0.17101226842580736,0.12867155975980996,0.032578459422440455,0.0006943411319973605,0.00042497501346687206,100.0,0.0,63.85,3.2752862470324637,1.1,0.3,4.45,0.7399324293474372,0
224,0.4313330398694655,0.1631940523132971,0.12941162240467868,0.032065528176626945,0.0007173031348050231,0.0004469334329607186,100.0,0.0,62.95,3.412843389316304,1.05,0.21794494717703372,4.0,0.7071067811865476,0
225,0.4300699514445273,0.16740606315847334,0.1298557312239786,0.03305905378066612,0.000697114547141069,0.0003707942867636172,100.0,0.0,64.2,2.694438717061496,1.025,0.10897247358851683,4.1,0.6244997998398398,0
226,0.4298713776475749,0.16867140890611512,0.12992960834315112,0.0329979213292182,0.0007183342104125552,0.00033529137602893774,100.0,0.0,63.35,3.6779749863205975,1.25,0.4330127018922193,4.3,0.7810249675906654,0
227,0.42713452640261507,0.16283161299155188,0.12977029554610595,0.03252698155949552,0.0007975337191389806,0.0004085309448512513,100.0,0.0,64.15,3.409912022325503,1.075,0.23848480035423641,4.2,0.9273618495495703,0
228,0.43220082044817987,0.1536148518214306,0.1286674728794978,0.030662321659948415,0.000894266379988552,0.0003527281992047269,100.0,0.0,64.65,3.15079355083763,1.1,0.3,4.3,0.9,0
229,0.4487942268761955,0.15143956448214013,0.12481081881942246,0.029643118825739615,0.0009753202350952705,0.0004089564411178057,100.0,0.0,64.15,3.539420856580918,1.075,0.23848480035423641,3.85,0.653834841531101,0
230,0.4611550650191104,0.1449580872955866,0.12165510291154584,0.028586194959360774,0.001101508771125301,0.0005493787784858053,100.0,0.0,62.75,2.56661255354212,1.1,0.3,4.2,0.6,0
231,0.47637338903141097,0.12942471736695632,0.11781513253848039,0.0251149485572883,0.0011336355218458717,0.0006966377135034033,100.0,0.0,62.2,3.0757112998459393,1.075,0.23848480035423641,4.5,0.7416198487095663,0
232,0.488722005537236,0.12919068963419914,0.1152827681577181,0.024270393912191306,0.0010844183168929823,0.0007107423787609162,100.0,0.0,63.65,3.320767983464066,1.05,0.21794494717703372,4.25,0.82915619758885,0
233,0.5097050569555461,0.14849837134520158,0.11100327061665285,0.02811758465646431,0.0010066441560600047,0.0006065384575005676,100.0,0.0,63.7,2.968164415931166,1.125,0.3112474899497183,4.1,0.7,0
234,0.5186641488850798,0.15640706249506822,0.1100226259155512,0.02889724452201722,0.0009615439257606197,0.0004544852371969508,100.0,0.0,63.8,3.2341923257592455,1.0,0.0,4.4,0.7348469228349535,0
235,0.5271041039076085,0.1579209895964013,0.10806407878065387,0.02972621409542159,0.0010363275700046625,0.00047304413454366516,100.0,0.0,63.05,3.2476914878109957,1.15,0.3570714214271425,4.2,0.6782329983125268,0
236,0.5504499282513018,0.15158746108497406,0.10401575229835588,0.028196581563180015,0.0010217616440144311,0.0004775529646553617,100.0,0.0,63.45,3.368605052540295,1.0,0.0,4.25,0.8874119674649424,0
237,0.5793647215986024,0.14831294506302714,0.09886190507841422,0.027920023761901232,0.0009970969460575232,0.0004524724606945815,100.0,0.0,62.2,2.5612496949731396,1.05,0.21794494717703372,4.0,0.6324555320336759,0
238,0.5951038431535134,0.13354248779137182,0.09590601550209028,0.02542236958536387,0.0010145172454041483,0.0004400910202153552,100.0,0.0,63.7,2.666458325194677,1.05,0.21794494717703372,4.15,0.5722761571129799,0
239,0.6276556234393131,0.11107836047264241,0.09005327474940956,0.02151276700243075,0.0009769535603282528,0.0004618731061649193,100.0,0.0,63.65,2.535251466817444,1.0,0.0,4.1,0.6244997998398398,0
240,0.6624992658025647,0.10495978002178147,0.08362362744743493,0.02097232536449443,0.0009023605550895573,0.000416145100990393,100.0,0.0,63.75,3.0639027399707057,1.05,0.21794494717703372,4.15,0.7262919523166976,0
241,0.6874237315835876,0.09813184298421226,0.07890860222581256,0.02000403654945094,0.0007989267122006941,0.00030494798773741846,100.0,0.0,62.75,2.680951323690902,1.125,0.3112474899497183,4.25,0.6224949798994366,0
242,0.7018021746462912,0.09694240639505035,0.07620897152264319,0.019768069010947173,0.0007713481712805578,0.00020822304117323952,100.0,0.0,64.1,2.913760456866693,1.0,0.0,4.45,0.8046738469715541,0
243,0.7163487425982137,0.096145104003427,0.07278525650908371,0.019383693757327524,0.0008137589950251497,0.00037149824487612334,100.0,0.0,62.35,3.1823733281939126,1.05,0.21794494717703372,4.65,0.7921489758877431,0
244,0.7342563100784412,0.09335722143144606,0.0690978385716683,0.018195338113386843,0.0008006662070036254,0.000428681882791077,100.0,0.0,63.8,2.580697580112788,1.05,0.21794494717703372,3.9,0.6244997998398398,0
245,0.751487224822707,0.0844755603044532,0.06504408235253191,0.01687957415686904,0.0008363706756286561,0.00046504496248911956,100.0,0.0,62.9,2.964793416074719,1.075,0.23848480035423641,4.3,0.8426149773176358,0
246,0.769605757799438,0.0768660215663412,0.06032973567602716,0.015596587965045691,0.0008931646081321914,0.0005386833299709642,100.0,0.0,62.7,2.8301943396169813,1.1,0.3,4.35,0.9630680142129111,0
247,0.786760021652954,0.07677655068449153,0.05654058391571628,0.017300843791426906,0.0008261191321379268,0.0004953969736687619,100.0,0.0,62.55,3.353729267546801,1.05,0.2179449471770337,4.15,0.6538348415311009,0
248,0.7983923628636614,0.07585915102151701,0.05307692367517451,0.017875744098329094,0.0008453814901655664,0.00041003603427187827,100.0,0.0,63.15,2.3932195887548637,1.05,0.21794494717703372,4.25,0.7664854858377946,0
249,0.8085979910473057,0.07148199731588528,0.04997414474813111,0.017889439548501262,0.0008503278601265877,0.0003976097308170816,100.0,0.0,63.65,2.885740806101615,1.075,0.23848480035423641,4.05,0.804673846971554,0
250,0.8186489045493512,0.06892270475130864,0.04640780949722724,0.01779564172194272,0.0009018210295788845,0.00034167523454243484,100.0,0.0,63.0,1.8439088914585775,1.025,0.10897247358851683,4.35,0.7262919523166975,0
251,0.8296956275473144,0.06730423158315134,0.04479069786082823,0.01816904898312086,0.0008201855984452504,0.00027153943281402676,100.0,0.0,63.3,2.7766886753829643,1.05,0.2179449471770337,4.05,0.49749371855331004,0
252,0.8371012774924743,0.06716442506523977,0.04344344683148337,0.017273145981727987,0.0008009668288712038,0.00031236524554292485,100.0,0.0,63.6,3.2924155266308657,1.05,0.21794494717703372,4.35,0.7262919523166976,0
253,0.8479080581135605,0.0627725383251241,0.03971821150261613,0.01724148977258044,0.0008219403751605877,0.00033511241224362594,100.0,0.0,63.7,3.2572994949804666,1.075,0.23848480035423641,4.35,0.7262919523166976,0
254,0.8601079092501278,0.05758009157758168,0.03648369834763131,0.01701320758422815,0.0007973847327411944,0.00030723752810632877,100.0,0.0,63.15,2.632014437650371,1.025,0.10897247358851683,4.45,0.6689544080129827,0
255,0.8770213737483065,0.05017959197577301,0.03331851855592779,0.01624799551737807,0.0007023999404544914,0.0002662273956648544,100.0,0.0,64.7,3.241913015489466,1.025,0.10897247358851683,4.1,0.6244997998398398,0
256,0.8839189133131858,0.04545543340907375,0.03176128864536683,0.015475110078101642,0.0006890389654261095,0.00024712799393383875,100.0,0.0,63.15,3.0376800358168077,1.0,0.0,4.15,0.6538348415311012,0
257,0.8952910756835104,0.03822631209333591,0.027282667723396176,0.013803707201896873,0.0006977400584410645,0.00025768831105711144,100.0,0.0,62.8,3.370459909270543,1.1,0.2549509756796392,4.2,0.6782329983125269,0
258,0.9041179146395146,0.03207651124239735,0.023049235097824507,0.013290280763329712,0.0007087668706375202,0.0002172736225541223,100.0,0.0,63.95,2.558808316384797,1.0,0.0,4.15,0.6538348415311009,0
259,0.9112857770212553,0.028884217027562265,0.02052531022225805,0.011339684861709085,0.000707309238891705,0.00026157617129726307,100.0,0.0,63.3,2.491987158875423,1.05,0.21794494717703372,3.95,0.5894913061275798,0
260,0.9153100062408729,0.031192699876552262,0.019824167730092757,0.011076970078768632,0.0006837445000551456,0.00027548123028634994,100.0,0.0,62.95,2.8892040426387333,1.0,0.0,4.45,0.8645808232895292,0
261,0.9207388555803927,0.027640591822687733,0.01901871966120825,0.010740510555821195,0.0006493912599931742,0.00022540606579371007,100.0,0.0,62.15,3.0540956108150903,1.05,0.15,4.2,0.8717797887081347,0
262,0.9217631711016472,0.027956793911139238,0.018874234024885753,0.010990096362134731,0.0006463379390203153,0.0002157579118849583,100.0,0.0,62.25,4.345975149491768,1.15,0.3570714214271425,4.1,0.7,0
263,0.9234867352415861,0.032303665578865076,0.01786433538171718,0.011044410653955302,0.0006383777404963383,0.00025136466479276886,100.0,0.0,63.75,2.7363296585024255,1.025,0.10897247358851683,3.95,0.6689544080129826,0
264,0.9187028838053253,0.03344598727513864,0.019894333346483304,0.01165513746058398,0.0006455462271465584,0.0002494882447913759,100.0,0.0,62.0,3.271085446759225,1.05,0.21794494717703372,4.3,1.004987562112089,0
265,0.9192680902378049,0.030784066660178116,0.021886257736541195,0.01207192820052917,0.0005831067426993919,0.00023547923586124465,100.0,0.0,63.2,2.7495454169735036,1.15,0.3570714214271425,4.35,1.0136567466356645,0
266,0.9064758953149825,0.031852718500090194,0.025369516252555697,0.012269233303158815,0.0006588319241407351,0.0002845706218141497,100.0,0.0,63.9,3.3451457367355464,1.025,0.10897247358851683,4.25,0.9937303457175896,0
267,0.8975372019604781,0.03300520168731165,0.029255235192984157,0.012656034033326657,0.0006429627511326172,0.00028323252717048745,100.0,0.0,64.25,2.6052830940226053,1.0,0.0,4.35,0.653834841531101,0
268,0.8827728632791129,0.03557219156829963,0.03468606250045791,0.013026098812272145,0.0006310916134605076,0.000293796510730543,100.0,0.0,63.7,3.551056180912941,1.05,0.21794494717703372,4.15,0.4769696007084728,0
269,0.867834704082998,0.044547147811892146,0.040209116118672,0.013141224209283623,0.0006015344285289175,0.00028811901074214365,100.0,0.0,63.95,2.4181604578687494,1.1,0.3,4.1,0.5385164807134504,0
270,0.847225645195271,0.04735874449066467,0.045721221866153454,0.01335760150700764,0.0006273209112076638,0.0002515089718657731,100.0,0.0,63.35,2.4550967394381837,1.05,0.21794494717703372,4.4,0.8602325267042626,0
271,0.8350816938041952,0.05709522915635858,0.04923779196188522,0.013552299739480389,0.0006032858428335884,0.00020427442715879383,100.0,0.0,64.4,3.4263683398023628,1.05,0.15,3.95,0.5894913061275798,0
272,0.8168365917925806,0.06755685656107438,0.05385875825376542,0.01478753639629477,0.0005958965189904625,0.0002562433294796919,100.0,0.0,63.8,3.558089374931439,1.075,0.23848480035423641,4.35,0.6538348415311012,0
273,0.7864004520562424,0.07075447645476331,0.05925105301847712,0.014791235288425936,0.000720154785294574,0.00032331804363150256,100.0,0.0,64.4,2.5573423705088847,1.0,0.0,4.05,0.3840572873934304,0
274,0.7680291287876092,0.07304653924061108,0.06377975812261905,0.014894508360249073,0.0006628717613028527,0.0003078824789583978,100.0,0.0,63.15,2.4753787588973126,1.05,0.21794494717703372,4.4,0.9165151389911681,0
275,0.744583707037224,0.07346232248351549,0.06910644123544002,0.015109198466807213,0.0006321604930739943,0.00030586558888430064,100.0,0.0,62.25,2.680951323690902,1.075,0.23848480035423641,4.25,0.698212002188447,0
276,0.7157797063189778,0.0742062796748386,0.07426815176111995,0.014212285503987274,0.0006759755045654917,0.0003038909458816441,100.0,0.0,62.45,2.4591665254715873,1.1,0.2549509756796392,4.45,0.9205976319760986,0
277,0.6905430956543329,0.07556429473359418,0.07848347583224098,0.013905628163883953,0.0007517576321440943,0.0004477658401385938,100.0,0.0,64.1,3.0149626863362666,1.0,0.0,4.0,0.4472135954999579,0
278,0.6646128426895151,0.07359258103453499,0.08221002603560357,0.013301583905038302,0.0009239102413499819,0.0005060059106133009,100.0,0.0,64.75,3.533765696816924,1.05,0.21794494717703372,4.0,0.7071067811865476,0
279,0.6461546502616737,0.07153836271614407,0.08589842996851851,0.013295383986146629,0.000930526635824305,0.000577197151678434,100.0,0.0,62.95,2.9406631905065224,1.125,0.3112474899497183,4.0,0.6324555320336759,0
280,0.6355338161209805,0.0712690677060337,0.0875834888023619,0.01429115313817104,0.0009894141448643172,0.0005799030111660392,100.0,0.0,63.65,2.7436289836637897,1.05,0.21794494717703372,4.15,0.6538348415311012,0
281,0.6353852474519792,0.08727678850752914,0.08710907769621615,0.01779790586922866,0.0010224424229757392,0.0005179129510933338,100.0,0.0,63.7,2.6476404589747453,1.05,0.21794494717703372,4.25,0.7664854858377946,0
282,0.623242707810294,0.09849810347739063,0.0894794332775477,0.01894916937513377,0.0010531391016123518,0.0005226395636768805,100.0,0.0,63.35,3.1980462785894765,1.025,0.10897247358851683,4.25,0.698212002188447,0
283,0.6148203614262273,0.10457350977526679,0.09155726303250414,0.020011216131450023,0.0009810670113391698,0.0005363910760450076,100.0,0.0,62.4,2.7820855486487113,1.025,0.10897247358851683,4.15,0.3570714214271425,0
284,0.6014822048561471,0.11003910349565224,0.09317071951487325,0.02129036315260213,0.0010375621174575993,0.0005955264295006203,100.0,0.0,63.1,4.253234063627348,1.15,0.32015621187164245,4.05,0.6689544080129826,0
285,0.5906243014739194,0.11476494374698654,0.09609179352871541,0.021597372989463265,0.0009045530626774007,0.0004869046216814429,100.0,0.0,64.3,2.7766886753829643,1.05,0.21794494717703367,4.2,0.6782329983125268,0
286,0.5672459400266512,0.11187698396823562,0.10040903497680258,0.02031417993867657,0.0009598495477557177,0.00047957605163903545,100.0,0.0,62.6,2.764054992217051,1.125,0.3112474899497183,4.25,1.0428326807307104,0
287,0.5508838832877749,0.10632721239649125,0.10295115336101437,0.01994779672910913,0.001058872161593369,0.0005463062086399919,100.0,0.0,62.4,3.583294573433783,1.1,0.2549509756796392,4.1,0.7681145747868608,0
288,0.5411040955648672,0.10515141714636285,0.10479820942155775,0.020823429163268223,0.0011094207376984243,0.000552928507002513,100.0,0.0,62.95,1.883480820183736,1.025,0.10897247358851683,4.0,0.7745966692414834,0
289,0.5368347325326905,0.10917839632770278,0.10626615100011735,0.02182771305541723,0.0010496205249167893,0.00049715110838095,100.0,0.0,64.0,3.2093613071762426,1.125,0.3112474899497183,4.4,0.9695359714832658,0
290,0.5186417194720833,0.11475108347406106,0.11053497438077078,0.02207084381449461,0.0009500375420965111,0.00038084906912610176,100.0,0.0,64.1,3.4770677301427417,1.1,0.3,4.0,0.6324555320336759,0
291,0.5073903377068578,0.11486427473729893,0.11330463941023676,0.021902597409806195,0.0008732213047474782,0.00037772529123094955,100.0,0.0,63.35,2.8857408061016145,1.0,0.0,4.2,0.7483314773547883,0
292,0.48746596530671144,0.116639104239139,0.11691379265504812,0.023321824669712093,0.000914967374781233,0.0005203401291259133,100.0,0.0,64.6,2.3748684174075834,1.05,0.2179449471770337,4.4,0.9165151389911679,0
293,0.4804782560241554,0.1211400227741814,0.11863806161163411,0.024717613982456744,0.0009138752339614781,0.0005991489570444899,100.0,0.0,62.75,3.404041715373065,1.1,0.3,4.2,0.5099019513592784,0
294,0.4753391026299679,0.14117254082089353,0.12046613745096549,0.028182287616007246,0.0009075681940570802,0.00037359870573363494,100.0,0.0,63.95,2.4794152536434875,1.05,0.21794494717703372,3.9,0.5385164807134504,0
295,0.4815305645714073,0.15007762656981521,0.11992732734071065,0.02937006994557795,0.0008923059425015216,0.00035138186323916895,100.0,0.0,62.4,1.9078784028338913,1.1,0.3,4.45,0.9205976319760986,0
296,0.4751245324843486,0.14036723249297844,0.12117111034830108,0.026803450142557944,0.0009225865482298593,0.0003777878503320039,100.0,0.0,61.8,3.171750305430741,1.2,0.4,4.3,0.6403124237432849,0
297,0.4745523375843386,0.13684759370903948,0.1201326115197924,0.025181200175849662,0.0010025317817682039,0.0004254967242585049,100.0,0.0,63.45,2.765411361804967,1.075,0.23848480035423641,4.3,0.8426149773176358,0
298,0.4798165657470374,0.1330184084323096,0.11935009650743375,0.025227081640564936,0.0009595624315566931,0.0004910972147014989,100.0,0.0,65.05,2.4591665254715873,1.025,0.10897247358851683,4.0,0.5477225575051661,0
299,0.47393905903687256,0.14333553918658978,0.12060345624509865,0.028288001066622694,0.0009660562994745711,0.0005015394867606743,100.0,0.0,63.95,3.1220986531498327,1.0,0.0,4.35,0.7262919523166976,0
300,0.46842764782005253,0.1486282596621639,0.12105583375133977,0.030779157167902024,0.0009591616992426011,0.00044038350103813793,100.0,0.0,64.05,2.011839953873071,1.0,0.0,4.2,0.6782329983125269,0
301,0.45414488971356504,0.13495480564420922,0.1234397799376894,0.02799251829527505,0.0010217706815189007,0.0004492151295134954,100.0,0.0,63.0,2.4698178070456938,1.0,0.0,4.15,0.7262919523166975,0
302,0.4555952368566942,0.1438714550582794,0.12298960620903676,0.030226300167162025,0.0010373751672142861,0.0005120318206336201,100.0,0.0,62.55,2.0365411854416298,1.15,0.3570714214271425,4.6,1.019803902718557,0
303,0.4545805567805109,0.15122776597134516,0.12285066082629933,0.03162702164337417,0.0009585551223469957,0.0005255416697950554,100.0,0.0,62.05,4.06786184622831,1.175,0.36314597615834876,4.15,0.5722761571129799,0
304,0.44147756529162985,0.15984371516454216,0.12567504522548995,0.0327535673034486,0.0010168503096084948,0.0004990340389150209,100.0,0.0,65.0,3.082207001484488,1.0,0.0,4.0,0.9486832980505138,0
305,0.4478332536401484,0.1616716903118919,0.1244101844431083,0.03122608982458648,0.0011128923756139114,0.000566610490091321,100.0,0.0,64.5,2.0371548787463363,1.05,0.21794494717703372,4.05,0.4974937185533099,0
306,0.45516117286774394,0.16465258845231306,0.12354296084719082,0.03177885227108167,0.0011090281654865532,0.00044989826148030595,100.0,0.0,64.4,2.6532998322843193,1.0,0.0,4.3,0.714142842854285,0
307,0.45958509718738083,0.16954527677533018,0.12235261131452317,0.03205401018962652,0.0010388367508970154,0.0003486962151111258,100.0,0.0,62.75,2.7363296585024255,1.05,0.2179449471770337,4.2,0.6,0
308,0.45243884171310034,0.16723173170920821,0.12370845879523125,0.031692598928962,0.001008862966260584,0.00048227566679837324,100.0,0.0,62.9,3.1606961258558215,1.025,0.10897247358851683,4.2,0.7483314773547883,0
309,0.43569476791902917,0.1680300231646258,0.12670357700113147,0.03218414769100361,0.00105148126106666,0.0006211816936168938,100.0,0.0,62.3,2.882707061079915,1.05,0.21794494717703372,4.75,0.82915619758885,0
310,0.42027876691931665,0.168395136771012,0.13010680232050262,0.03254999574893584,0.0009467117510853475,0.0005713166821988641,100.0,0.0,64.2,3.385262175962151,1.0,0.0,4.1,0.6244997998398398,0
311,0.4038961912304093,0.15889800614205452,0.1332753611956197,0.03221032641140035,0.001064486279772537,0.0007175055513942215,100.0,0.0,64.45,2.15580611373101,1.0,0.0,4.1,0.6244997998398398,0
312,0.3985917805036805,0.15303210189898914,0.13429326215675438,0.03177846930333618,0.0011485434091589258,0.00092541558448669,100.0,0.0,63.8,3.325657829663178,1.0,0.0,4.15,0.8529361054615991,0
313,0.4028618913560561,0.15707654921889413,0.13286443677249266,0.033941809446520546,0.0012967180996205955,0.0011849692991279955,100.0,0.0,63.7,2.5317977802344327,1.075,0.23848480035423641,4.35,0.7262919523166976,0
314,0.40160953971737656,0.16110382729294734,0.1339852241699065,0.03572670248676349,0.0011855915964358375,0.0008217448929576797,100.0,0.0,63.15,3.9531632903283924,1.15,0.3570714214271425,4.2,0.812403840463596,0
315,0.39990386366788094,0.16444884562058895,0.13490901695068752,0.03586362638875809,0.0011493962082250457,0.0007406424803584676,100.0,0.0,63.15,2.286372673034735,1.075,0.23848480035423641,4.1,0.6244997998398398,0
316,0.4007506469778441,0.16119949097332462,0.13434069409881547,0.033798660494758694,0.0012102414054745755,0.0007352148334360539,100.0,0.0,63.55,2.8892040426387338,1.0,0.0,4.25,0.698212002188447,0
317,0.403605999531724,0.15161598858978587,0.13363828604668598,0.032076441137101716,0.0012266472325475918,0.0006811571519775419,100.0,0.0,63.1,2.9137604568666933,1.025,0.10897247358851683,4.4,0.9165151389911679,0
318,0.4165649461928064,0.14139152172146105,0.13055793436731575,0.03090397825547736,0.001247180047387083,0.0006011650015053079,100.0,0.0,63.75,2.878801834096956,1.0,0.0,4.35,0.5722761571129799,0
319,0.43549360285030947,0.14539924689168035,0.126886922257788,0.03219455512093555,0.0011806163459493501,0.00047721378220256155,100.0,0.0,63.15,2.5548972582082436,1.05,0.2179449471770337,4.3,0.6403124237432849,0
320,0.44788109412091687,0.15018482677007858,0.12563269822440554,0.03226723819422885,0.001101060427927064,0.0005541722142867011,100.0,0.0,62.9,2.2781571499789037,1.025,0.10897247358851683,4.45,0.9733961166965891,0
321,0.45801143524903276,0.16126829893537245,0.12350442598937601,0.0330960507510016,0.0010564852069762675,0.0005012350097619769,100.0,0.0,63.05,3.1220986531498327,1.125,0.3112474899497183,4.1,0.7,0
322,0.46693829104095635,0.16955741581318975,0.12140467268422306,0.03297085438107025,0.0009625995068128449,0.00044290413712498995,100.0,0.0,62.55,2.3973944189473704,1.05,0.21794494717703372,4.65,0.653834841531101,0
323,0.46318689964448206,0.1637983513625078,0.12157084615492875,0.030568220012942498,0.000980295770291411,0.0005365388114798544,100.0,0.0,63.7,2.3895606290697042,1.075,0.23848480035423641,4.3,0.6403124237432849,0
324,0.4524641129495919,0.15092054289290632,0.12313099428809615,0.02719509863660545,0.001053987839160124,0.0005612328993139267,100.0,0.0,63.65,2.286372673034735,1.1,0.2549509756796392,4.2,0.6782329983125268,0
325,0.4549625088477728,0.1403120966779437,0.12249419912704056,0.025181012310186067,0.0010501143294622906,0.0005581272244463515,100.0,0.0,63.15,2.372235232855292,1.05,0.21794494717703372,4.35,0.7921489758877431,0
326,0.4612235300983711,0.13255115242881574,0.12144584563530816,0.02466692082102435,0.0009638100582883679,0.00046312087397368295,100.0,0.0,63.5,2.958039891549808,1.1,0.3,4.0,0.6324555320336759,0
327,0.4519649937734364,0.131769327459632,0.12260531993212527,0.026597633870850828,0.0010602653397592833,0.000555219700479891,100.0,0.0,63.55,2.836811590500857,1.0,0.0,4.0,0.7071067811865476,0
328,0.4636597835947347,0.11681100888291304,0.12042871717157311,0.02323492866871175,0.0010529257430116228,0.0005584807436083043,100.0,0.0,62.95,2.67348087705897,1.075,0.23848480035423641,4.1,0.5385164807134504,0
329,0.47082688215349766,0.10994719602480503,0.11860472219131575,0.023059432767507475,0.0010065584693284375,0.0006467673538989301,100.0,0.0,63.65,4.2340878592679205,1.15,0.3570714214271425,4.25,0.6224949798994366,0
330,0.4834215181082346,0.09869444968909842,0.11634665668368298,0.02033288389898641,0.000943293516814802,0.00050235760620601,100.0,0.0,63.9,2.947880594596735,1.025,0.10897247358851683,4.35,0.8529361054615991,0
331,0.47389305591706704,0.09567459222073049,0.11792297475286755,0.020117850345799375,0.0009282369891917839,0.00048548513358900245,100.0,0.0,63.45,2.801338965566288,1.1,0.3,4.35,0.5722761571129799,0
332,0.47893781884830655,0.10938761118343981,0.11677360761270321,0.022709804167961298,0.0009373451317696618,0.00048282216744782285,100.0,0.0,62.8,2.6191601707417593,1.025,0.10897247358851683,4.3,0.6403124237432849,0
333,0.483571380284537,0.11389560875509208,0.11545569810658393,0.022993928333386943,0.0010158435012089558,0.0004342788260613142,100.0,0.0,63.7,2.7946377224964243,1.075,0.23848480035423641,4.3,0.8426149773176358,0
334,0.4879796638876244,0.11899487913930167,0.11437695559796937,0.02339233671972516,0.0010435257178354575,0.0003707470418852618,100.0,0.0,64.1,3.6041642581880198,1.0,0.0,4.4,1.0198039027185568,0
335,0.49537276953061476,0.11809373094557872,0.1119779112696305,0.023963035046690565,0.001173337085739969,0.000544372555714193,100.0,0.0,62.9,3.7403208418530087,1.175,0.36314597615834876,4.3,0.45825756949558405,0
336,0.5103864302188654,0.12662933044932295,0.10861690533116786,0.026332965880775386,0.0012132699296323944,0.0006570886133006617,100.0,0.0,63.95,3.7212229172679243,1.175,0.36314597615834876,4.45,0.6689544080129827,0
337,0.5280732187807349,0.12879346763968239,0.1042542224729827,0.027406462098540536,0.0012971337173611629,0.0006846964552802993,100.0,0.0,64.6,2.9051678092667896,1.025,0.10897247358851683,4.15,0.6538348415311009,0
338,0.5602555538508519,0.13083242920613825,0.09808889737191816,0.02642374255527154,0.001326027876250545,0.0006775754409253661,100.0,0.0,63.5,2.5199206336708304,1.0,0.0,4.2,0.6,0
339,0.5816331068650837,0.12996129526781172,0.0929680622018631,0.02674047442596158,0.001395129177131741,0.0007298698502503915,100.0,0.0,64.15,2.688401011754013,1.025,0.10897247358851683,4.1,0.6244997998398398,0
340,0.6005156827563043,0.12896007549088626,0.08962461755235399,0.026586314472661014,0.001371292478911963,0.0007654711473384937,100.0,0.0,62.75,2.8262165522125158,1.05,0.21794494717703372,4.05,0.6689544080129826,0
341,0.625027255919498,0.12248176943837367,0.08574269076620596,0.025154662794069336,0.0012501406373401215,0.0006726555530506776,100.0,0.0,63.35,3.365635155509284,1.125,0.3112474899497183,4.25,0.7664854858377946,0
342,0.6449302106915402,0.12564129302825877,0.08162621611996386,0.02681623136535842,0.0012028359422879427,0.000668742519827308,100.0,0.0,62.25,3.6314597615834874,1.1,0.3,4.25,0.7664854858377946,0
343,0.6575599994596251,0.1317768665914097,0.07844728383643969,0.02828512598812011,0.00120029266136901,0.0006794244030320944,100.0,0.0,63.95,2.5782746168707478,1.025,0.10897247358851683,4.05,0.8645808232895291,0
344,0.6819070313007408,0.13893372836827342,0.07360028553697011,0.029262187870023854,0.0011370209147190183,0.0006219855050464423,100.0,0.0,62.4,2.4166091947189146,1.0,0.0,4.3,0.45825756949558405,0
345,0.7003046491380556,0.13524629745667144,0.06925751657670222,0.029148013150809973,0.0011648324784094063,0.0005677278451638358,100.0,0.0,63.15,3.48245602987317,1.1,0.3,4.4,0.8602325267042626,0
346,0.7235726646088445,0.12002245813278448,0.06309143451143892,0.027572289872725555,0.0012562985079974849,0.0006383168426896766,100.0,0.0,63.8,3.4727510708370675,1.15,0.3570714214271425,3.85,0.5722761571129799,0
347,0.7505261721350787,0.1139580217650824,0.05796659986985301,0.026594710876744122,0.0011891082944409318,0.0006075046906436325,100.0,0.0,64.1,3.064310689208912,1.0,0.0,4.3,0.7810249675906654,0
348,0.7650209416477718,0.1075731404076561,0.05549140065646503,0.026069521945245536,0.0011182057724079357,0.00048490556866724897,100.0,0.0,63.65,2.43464576478797,1.05,0.21794494717703372,4.05,0.5894913061275798,0
349,0.7905381339318185,0.10635630455389966,0.05066842889111182,0.02591746816610022,0.0009805633587443995,0.0005041863044003742,100.0,0.0,63.55,2.940663190506523,1.0,0.0,4.3,1.0049875621120892,0
350,0.7991508384327916,0.10037590989828514,0.05115402997017136,0.023970652446099604,0.000856506581709493,0.0003916668043635661,100.0,0.0,62.9,2.5278449319529077,1.05,0.21794494717703372,4.45,0.9205976319760986,0
351,0.8169826988076757,0.09661424966412709,0.048082460576912095,0.022903191243299224,0.0007782489413178107,0.00047044610762418443,100.0,0.0,63.1,1.9723082923316022,1.05,0.21794494717703372,4.2,0.8124038404635961,0
352,0.8255883578439474,0.09431653910565257,0.04483473170208612,0.023009447993730732,0.0008238606314161092,0.000555873762810085,100.0,0.0,63.8,3.171750305430741,1.075,0.23848480035423641,4.55,0.6689544080129827,0
353,0.843337804986357,0.08252658619274865,0.041154464564487014,0.021714340956948124,0.0007647064417368882,0.0004176572651206064,100.0,0.0,63.9,3.047950130825634,1.025,0.10897247358851683,4.15,0.7262919523166975,0
354,0.8562282707905313,0.07892605099053311,0.038290188227467124,0.021623637887162095,0.0007034780085636005,0.00040093533169666796,100.0,0.0,63.0,2.9832867780352594,1.1,0.3,4.2,0.8124038404635961,0
355,0.8636785975554966,0.07451674883784508,0.037234456509131736,0.02008277682830405,0.0006744100474763328,0.00032897899470196626,100.0,0.0,63.1,2.930870177950569,1.05,0.21794494717703372,4.5,0.8660254037844386,0
356,0.8788376472336022,0.05868687158118368,0.03316466044713271,0.01728830071281161,0.0006687929170599359,0.0002817560351525572,100.0,0.0,63.35,2.903015673398957,1.05,0.21794494717703372,4.35,0.653834841531101,0
357,0.8851104552685966,0.056401533881611475,0.03246438499986063,0.01678290165877027,0.0006221569888588303,0.0002879896777338987,100.0,0.0,63.1,2.3430749027719964,1.05,0.21794494717703372,4.3,0.5567764362830021,0
358,0.8955347400902547,0.05018920629329552,0.029975102212581616,0.015607863214873554,0.0005957830603373899,0.00032917684017046763,100.0,0.0,63.45,2.836811590500857,1.1,0.3,4.15,0.47696960070847283,0
359,0.902908788180053,0.04626821657835188,0.028195005840897458,0.014634741277817307,0.0005718302989481865,0.00029423994627985906,100.0,0.0,62.95,2.3973944189473704,1.05,0.21794494717703372,4.1,0.6244997998398398,0
360,0.9056972873153535,0.04670559209107989,0.027014265718210438,0.01503892998219012,0.000568893260108732,0.0003256770016584575,100.0,0.0,64.2,2.0639767440550294,1.05,0.21794494717703372,4.0,0.6324555320336759,0
361,0.9028783870282687,0.04638558951777121,0.02623177794394308,0.016504486193137134,0.0006051872292085491,0.00031947360720242936,100.0,0.0,63.7,3.716180835212409,1.15,0.3570714214271425,4.05,0.804673846971554,0
362,0.9085397596618636,0.0442779741257913,0.02679437803341775,0.015770841001853005,0.000530119819670734,0.0002871215023813678,100.0,0.0,62.5,2.247220505424423,1.025,0.10897247358851683,4.2,0.6,0
363,0.9054559942167627,0.048712096830809175,0.02629246936079908,0.01808690912119108,0.0005450317690832908,0.00027854575486085026,100.0,0.0,62.3,3.7696153649941526,1.15,0.3570714214271425,4.05,0.5894913061275798,0
364,0.8968010984091453,0.051746870337409566,0.02790952625663932,0.020308931983533465,0.0005581463934006892,0.0002894728891097899,100.0,0.0,64.7,3.132091952673165,1.0,0.0,4.15,0.6538348415311012,0
365,0.8846056089381967,0.05549603152582838,0.03119685655409645,0.020016299746360093,0.0006188800515049904,0.000321677417170888,100.0,0.0,63.45,2.9912372022292053,1.05,0.21794494717703372,4.45,0.8645808232895291,0
366,0.8744306706232399,0.06150754590118742,0.033228406680850926,0.020672420426283474,0.0006698363328236143,0.0003562247605485428,100.0,0.0,62.75,2.878801834096956,1.1,0.3,4.05,0.739932429347437,0
367,0.8614696561778409,0.0653549527636576,0.03807026256500508,0.020300067209207805,0.000666231658089032,0.00029585964306469415,100.0,0.0,63.75,3.2384409829422554,1.075,0.23848480035423641,4.1,0.7000000000000001,0
368,0.8481870287123968,0.07407329664112823,0.0423446915561317,0.020172825647854935,0.0006728783826693917,0.00032547151971280456,100.0,0.0,63.45,3.6670833096617805,1.075,0.23848480035423641,4.2,0.7483314773547883,0
369,0.8368179838759989,0.07565088541771685,0.04635949272335752,0.019131017823077363,0.0006635609308395748,0.00032521385309715393,100.0,0.0,63.45,3.2011716605018234,1.05,0.2179449471770337,4.05,0.49749371855331004,0
370,0.8212468684204616,0.0743141807492181,0.04962803908217593,0.017954770153732733,0.0007349387246556678,0.00034503163363501906,100.0,0.0,64.1,2.844292530665578,1.05,0.15,4.25,0.698212002188447,0
371,0.8022562432510011,0.07647307670317026,0.053748493910473004,0.01756545989916322,0.0007901846476494996,0.0003471467939105378,100.0,0.0,63.85,3.1666228067138023,1.0,0.0,4.15,0.6538348415311009,0
372,0.7836455087662195,0.08219874019315994,0.058408901765610435,0.0175407290479494,0.0007881199973674661,0.00037935871794102867,100.0,0.0,63.75,1.8131464364468746,1.05,0.21794494717703372,3.95,0.5894913061275798,0
373,0.7709145910941191,0.08580362711351756,0.061719181481334415,0.017580705450809322,0.0007609425930824023,0.00041154152052460115,100.0,0.0,63.25,2.5273503912200224,1.05,0.21794494717703372,4.15,0.653834841531101,0
374,0.7621713615165284,0.0865755987353942,0.06431018680714996,0.01819034564964651,0.0006812185651896436,0.0003746200532450228,100.0,0.0,64.4,3.307567081708245,1.05,0.21794494717703372,4.0,0.5477225575051661,0
375,0.7388317273113194,0.10096384580159022,0.06929261180763893,0.020408923235407488,0.0006650908970611184,0.00031502097743635245,100.0,0.0,64.85,3.5252659474144643,1.075,0.23848480035423641,4.35,1.1947803145348521,0
376,0.7178355456453611,0.10333652915371466,0.07377680431115093,0.02069142114273424,0.0006645072112488069,0.00039238326548441115,100.0,0.0,63.8,3.2186953878862163,1.05,0.21794494717703372,4.15,0.7921489758877431,0
377,0.6941202788473994,0.10465089219222301,0.07843879397479539,0.020881426012462005,0.0006865461151871943,0.0003392212451484151,100.0,0.0,62.75,3.2384409829422554,1.025,0.10897247358851683,4.3,0.7810249675906654,0
378,0.6759957865290716,0.11320245350010015,0.08207776783788492,0.021740532353329674,0.0006961915929262596,0.0003013593908322179,100.0,0.0,64.05,3.667083309661781,1.05,0.21794494717703372,4.15,0.7262919523166975,0
379,0.6524921449693073,0.11863141149840545,0.08633821830185232,0.02238906183678694,0.0007365504714116523,0.0003117819816508976,100.0,0.0,63.95,3.3834154341434335,1.075,0.23848480035423641,4.3,0.8426149773176358,0
380,0.6303286470261451,0.11288045418312548,0.09052026918258267,0.02184157965416833,0.0007216438397984709,0.00038338098106322567,100.0,0.0,63.05,2.8543825952384165,1.0,0.0,4.2,0.7483314773547882,0
381,0.605432021887317,0.10863448495450358,0.09521015907712857,0.02107239898817838,0.000755668018146395,0.0003921236274783266,100.0,0.0,63.4,2.6720778431774774,1.15,0.3570714214271425,4.2,0.812403840463596,0
382,0.5879830466762976,0.10373710564446474,0.09888916539013962,0.020174463993675222,0.0007803396236309691,0.00041055034655911016,100.0,0.0,62.85,2.8155816450602176,1.075,0.23848480035423641,4.25,0.82915619758885,0
383,0.5734162252386803,0.10997526038375359,0.10172560959565177,0.020447077723929258,0.0007274297609963735,0.000389222813721952,100.0,0.0,62.0,2.792848008753788,1.05,0.21794494717703372,4.25,0.7664854858377946,0
384,0.5558375181342823,0.10812536179404544,0.10449895236212933,0.01978718015675704,0.0007895375622297772,0.00042402260960783456,100.0,0.0,62.3,2.968164415931166,1.1,0.3,4.5,0.7416198487095663,0
385,0.5342592609728835,0.10588301288274231,0.10848094801881765,0.01948929241967181,0.0007979260342991512,0.0004116425662374947,100.0,0.0,64.1,3.491418050019218,1.15,0.3570714214271425,3.9,0.7681145747868608,0
386,0.520789042610162,0.12156902580214675,0.11078958664796808,0.02243270268097314,0.000799777522636316,0.00039505302474251617,100.0,0.0,63.25,3.222964473896664,1.1,0.3,4.25,0.82915619758885,0
387,0.5091110445465784,0.13140694108080486,0.11283655121383765,0.02391008870929451,0.0008573496128485489,0.0003673990915230994,100.0,0.0,63.95,2.4387496796514396,1.0,0.0,4.15,0.7262919523166976,0
388,0.48002052055120226,0.12618213295442446,0.11816330520092844,0.022840329620319646,0.0009124804032116209,0.0003542713712851687,100.0,0.0,63.5,2.80178514522438,1.05,0.21794494717703367,4.25,0.82915619758885,0
389,0.47205966200482574,0.12156623930886214,0.11919720753752443,0.022263238190519,0.0010627284707822816,0.0005263475097286889,100.0,0.0,63.75,2.7726341266023544,1.1,0.2549509756796392,4.35,0.5722761571129799,0
390,0.47878068710902727,0.12391252512360332,0.1179316100535315,0.024207514079474395,0.0010391474548364704,0.0005269537828509242,100.0,0.0,63.45,2.81913107180209,1.05,0.2179449471770337,4.1,0.6244997998398398,0
391,0.4855472025843889,0.1286794942316294,0.11760017442686317,0.025230248870383862,0.0010183966368693717,0.0004204517713753531,100.0,0.0,63.3,3.0512292604784714,1.0,0.0,4.35,0.6538348415311012,0
392,0.4916271444955712,0.1303323796157282,0.11672965713766241,0.025032398464020115,0.0009515644622855122,0.00041244179476059885,100.0,0.0,63.8,2.9933259094191524,1.1,0.3,4.1,1.1789826122551597,0
393,0.4818392046893587,0.139170665318306,0.1190612221265899,0.0269128664392919,0.0008277806834709825,0.0003029456376457955,100.0,0.0,63.8,2.5999999999999996,1.05,0.21794494717703372,4.9,1.1789826122551597,0
394,0.47137061233736255,0.1457490340487563,0.12136903840700433,0.02825975468975618,0.0007742638940315372,0.00025936818278744273,100.0,0.0,63.05,3.761316258971054,1.05,0.15,4.15,0.7262919523166976,0
395,0.4619345025009336,0.13218621796443786,0.12296256936119823,0.02619314372061452,0.0008371263488195588,0.00030180974365211677,100.0,0.0,62.85,2.5937424698685874,1.125,0.3112474899497183,4.15,0.5722761571129799,0
396,0.45675006388134526,0.12464502989612006,0.124113277424639,0.024186793128215128,0.0008682654248054363,0.0003917483142896978,100.0,0.0,63.4,3.246536616149586,1.125,0.3112474899497183,4.35,0.6538348415311012,0
397,0.45696843583538993,0.12568201837019813,0.12382059638852186,0.022840389758233416,0.0009195513783883311,0.0004860616317337676,100.0,0.0,62.9,3.047950130825634,1.05,0.21794494717703372,4.65,0.7921489758877431,0
398,0.45072275733188416,0.1284580824950624,0.12549905747381868,0.02308485115914229,0.0008783753099123092,0.0005429520666253774,100.0,0.0,63.35,2.4550967394381837,1.05,0.21794494717703367,4.05,0.5894913061275798,0
399,0.444918616530364,0.13541363853303534,0.1266474269715191,0.025441832498406574,0.0008526286460759289,0.000576442489536741,100.0,0.0,62.85,2.4550967394381833,1.05,0.2179449471770337,4.4,0.8,0
400,0.42909738872754694,0.13851899449839788,0.12960174576384523,0.026854860237119818,0.0008036498070076285,0.0005107031198989952,100.0,0.0,62.55,3.0736785778607367,1.05,0.21794494717703372,4.2,0.5099019513592784,0
401,0.41798899040126364,0.13204696205921873,0.13176098741269499,0.02600450685515355,0.0007849915710324573,0.0004132758396941802,100.0,0.0,63.85,2.414021540914662,1.1,0.3,3.95,0.804673846971554,0
402,0.40174488040039735,0.1279156485548831,0.13469697427743277,0.025494514208242867,0.000917336324511338,0.000562451081379166,100.0,0.0,63.75,3.5899164335677787,1.1,0.3,4.15,0.9630680142129111,0
403,0.39273433440487315,0.12202700346184318,0.1362938914914961,0.024521322439353788,0.0008800321139161538,0.0005869557648765279,100.0,0.0,62.85,2.5352514668174435,1.1,0.3,4.15,0.4769696007084728,0
404,0.3860629653007054,0.13492727913196953,0.1377523734715714,0.02689465549447431,0.0008294527143861852,0.000482722379202216,100.0,0.0,63.65,2.6884010117540127,1.05,0.21794494717703372,4.2,0.6,0
405,0.3596380387552961,0.1291060012253646,0.14303529806344503,0.026180540460055284,0.0008585381531867464,0.0005016816607143928,100.0,0.0,63.4,2.8000000000000003,1.05,0.21794494717703372,4.15,0.7262919523166975,0
406,0.3431535198210708,0.12896125425723198,0.14663527638746027,0.027641738763853844,0.0008649175660422346,0.0005131349007339609,100.0,0.0,62.65,4.162631379308046,1.15,0.32015621187164245,4.1,0.8888194417315588,0
407,0.3310174409830651,0.12090286505956346,0.14944098890534846,0.027294594728995102,0.0009580039956927948,0.0006184765126770882,100.0,0.0,63.95,2.8892040426387333,1.0,0.0,4.35,0.7262919523166976,0
408,0.3326186539283854,0.11699887964561974,0.14891995748949843,0.02748882813698573,0.0011349192261908064,0.0006498848861792733,100.0,0.0,63.05,3.0736785778607367,1.15,0.3570714214271425,4.25,0.4330127018922193,0
409,0.34440663917333747,0.1284946265370376,0.14632765215013452,0.03040420155308017,0.0011269523344167958,0.0005455651025377516,100.0,0.0,63.25,3.031088913245535,1.075,0.23848480035423641,4.3,0.45825756949558405,0
410,0.35068494727396193,0.1356739177680919,0.14554441676898283,0.031880937775160385,0.0011138172339449468,0.0005539825119316745,100.0,0.0,64.15,2.7798381247835278,1.0,0.0,4.25,0.9420721840708386,0
411,0.3449216634014952,0.14255360633094427,0.14733238505987356,0.03301894246716583,0.0011329433521591148,0.0006183102104896524,100.0,0.0,62.55,2.7290108097990378,1.15,0.3570714214271425,4.15,0.7262919523166975,0
412,0.35848441976309936,0.16287301911920088,0.1448288838852617,0.03672880918254607,0.0011341563410199084,0.0005307861305244177,100.0,0.0,62.95,3.0244834269673224,1.075,0.23848480035423641,4.2,0.8717797887081348,0
413,0.36416918546641786,0.17514657576805534,0.1438412271977904,0.03762027265834343,0.0011081108323602604,0.000513931733715227,100.0,0.0,64.65,2.903015673398957,1.0,0.0,4.3,0.5567764362830021,0
414,0.36891530586954285,0.17043445406368649,0.14287579436160724,0.034710188492376545,0.0010645667930672697,0.0005766628359062587,100.0,0.0,63.75,2.5074887836239665,1.0,0.0,4.35,0.7262919523166975,0
415,0.3714023756382421,0.16358818165215402,0.14225392252086275,0.03231012446643591,0.000908364155799795,0.0004878711294548525,100.0,0.0,63.85,2.286372673034735,1.05,0.21794494717703367,4.2,0.5099019513592784,0
416,0.36813335125666735,0.14726715587653563,0.14249231153791048,0.029475277715905298,0.0010114100774991307,0.0006317305992518024,100.0,0.0,63.05,3.169779172119093,1.075,0.23848480035423641,4.25,0.698212002188447,0
417,0.3762823560084875,0.12654469717185643,0.13994034039937311,0.025248608584154047,0.0010570382518555895,0.0008017564339940101,100.0,0.0,65.4,2.672077843177477,1.0,0.0,4.25,0.698212002188447,0
418,0.39598548625852104,0.11147486493264322,0.13483973287329284,0.022604233809515175,0.0010693743615075315,0.000601161220311241,100.0,0.0,62.55,3.5843409436045564,1.05,0.21794494717703372,4.3,0.8426149773176358,0
419,0.4041617144710058,0.10954227255738275,0.13236189154600728,0.022658813318468127,0.0011577665233009416,0.0006100865370999675,100.0,0.0,61.8,3.043024810940588,1.2,0.4,3.95,0.5894913061275798,0
420,0.42736928065570723,0.12373413505520989,0.12702794292346992,0.025972523961011452,0.0011569919173557383,0.0006522871197741771,100.0,0.0,64.25,2.624404694402142,1.05,0.21794494717703372,4.05,0.6689544080129826,0
421,0.43180626353903995,0.13480070299689043,0.1263580318318035,0.027216169813986096,0.0011741155564878466,0.0005925116283055662,100.0,0.0,63.75,2.299456457513384,1.0,0.0,4.25,0.5361902647381804,0
422,0.4488454985855611,0.1478522075056606,0.12365029503402078,0.02887340276500722,0.001122212260187639,0.0005334479232996841,100.0,0.0,63.9,3.7403208418530087,1.125,0.3112474899497183,3.95,0.4974937185533099,0
423,0.46567559908608513,0.16464724506145023,0.12064267168161429,0.03197162907594054,0.0011316474150284024,0.0006181796897703155,100.0,0.0,62.6,4.1521078984053394,1.2,0.4,4.15,0.9096702699330127,0
424,0.47668364095992627,0.17025723298756998,0.11835744954804164,0.03364311494774679,0.0011457223098386734,0.0005927766770816939,100.0,0.0,63.9,2.5670995305986875,1.025,0.10897247358851683,4.1,0.43588989435406733,0
425,0.4863666199359926,0.17254170595786286,0.11787886356061772,0.0343453294988066,0.001036035132184613,0.00047552783847996466,100.0,0.0,62.5,3.0413812651491097,1.1,0.3,4.65,0.9096702699330126,0
426,0.5026949846615483,0.15592691968333175,0.11557701332396708,0.029822942595930726,0.0008853697150794516,0.00040602495871388785,100.0,0.0,63.0,2.569046515733026,1.05,0.15,4.1,0.7,0
427,0.5021252107081644,0.14684294882991075,0.11525137427188883,0.028002239528284095,0.0008921032060349949,0.00038122925061939277,100.0,0.0,63.95,3.528101472463625,1.05,0.21794494717703372,4.25,0.5361902647381804,0
428,0.5157027293679624,0.12470245682709723,0.11178699938263674,0.023227676775540294,0.0009736445605580379,0.0005112964959997153,100.0,0.0,63.6,3.023243291566195,1.05,0.21794494717703372,4.3,0.6403124237432849,0
429,0.5281272862193325,0.10479924365293733,0.10918562764840652,0.01913242314731314,0.0009170465804179949,0.0005086743458981247,100.0,0.0,62.45,2.836811590500857,1.15,0.3570714214271425,4.2,0.6782329983125269,0
430,0.5373859941647605,0.10182326471513585,0.10709190032537066,0.018644578291830725,0.0009114461327862477,0.00045168314279902996,100.0,0.0,63.55,2.132486811213612,1.1,0.2549509756796392,4.2,0.6782329983125268,0
431,0.5361374336174477,0.11096889913437634,0.10721548856368941,0.020657986852721966,0.0009500160563028499,0.0003858880649168401,100.0,0.0,62.55,3.169779172119093,1.125,0.3112474899497183,4.1,0.5385164807134504,0
432,0.5479783416490707,0.10895362239390911,0.10518836299156789,0.02027707066451512,0.0009447389037258624,0.0004192949083548276,100.0,0.0,63.95,2.4994999499899975,1.05,0.21794494717703372,4.05,0.6689544080129826,0
433,0.5645837679890658,0.11565964059399149,0.10202904710596114,0.02083071583232926,0.0009262772101114433,0.0004663381739640932,100.0,0.0,63.4,3.6660605559646724,1.1,0.3,4.25,0.5361902647381804,0
434,0.5770628672990685,0.12197767830975031,0.09899578457654591,0.022637120444740203,0.0009996911217360984,0.0004963039789025698,100.0,0.0,63.2,3.3105890714493693,1.075,0.23848480035423641,4.15,0.6538348415311012,0
435,0.5917644404508465,0.1397289542407463,0.09598996132895984,0.026343466653575485,0.0009471596150312835,0.0005257630754373302,100.0,0.0,64.0,3.40587727318528,1.05,0.21794494717703372,4.15,0.6538348415311012,0
436,0.5963966515811918,0.13494863986003428,0.09463171899096431,0.02561052419761419,0.0009751295849698508,0.0005591265248502177,100.0,0.0,64.65,2.2863726730347356,1.05,0.21794494717703372,4.2,0.39999999999999997,0
437,0.604831369390756,0.12950432517407717,0.09343928409542471,0.02477721336855022,0.0009427324110184128,0.0005179766195050748,100.0,0.0,62.75,3.1444395367060247,1.05,0.21794494717703372,4.3,0.7810249675906654,0
438,0.6074240579674052,0.1251341915263358,0.09229846893172151,0.023693370575488596,0.00098461083692227,0.00048091525520362364,100.0,0.0,63.1,2.826658805020514,1.0,0.0,4.55,0.6689544080129827,0
439,0.6159191180992426,0.12502944059237234,0.09030011558479731,0.024074688697864246,0.001041133234406345,0.0005483668192147489,100.0,0.0,63.85,2.868361901852694,1.025,0.10897247358851683,4.25,0.5361902647381804,0
440,0.628236481710341,0.123567980237389,0.08820467396201706,0.02354081832600428,0.000995719610099049,0.0004527762118309351,100.0,0.0,63.2,2.712931993250107,1.1,0.3,4.05,0.804673846971554,0
441,0.6378179904847441,0.11392621959838513,0.08576112578658077,0.021208930740424983,0.0010306610106351859,0.0005313134598431491,100.0,0.0,63.25,2.1880356487041066,1.025,0.10897247358851683,4.55,0.6689544080129827,0
442,0.6514366613331242,0.11433397878747835,0.082987216209556,0.021044336780674477,0.0010503832165706937,0.0005066648655142562,100.0,0.0,62.85,3.365635155509284,1.1,0.3,4.15,0.47696960070847283,0
443,0.6619223695546764,0.10465671092112713,0.08089585931837893,0.020372623479804678,0.0010786335209530306,0.0005060894936580669,100.0,0.0,62.15,3.335790760824186,1.1,0.25495097567963926,4.5,1.118033988749895,0
444,0.693274738587872,0.10534221346268785,0.07470545697412864,0.022780032297113607,0.0009827583202913744,0.0003914037339443778,100.0,0.0,65.35,2.903015673398957,1.0,0.0,4.05,0.6689544080129826,0
445,0.7100648194255859,0.10273613961838045,0.07067429311079794,0.023234880983277563,0.0010027854444889656,0.00043119884813533994,100.0,0.0,62.85,3.5815499438092444,1.05,0.15,4.3,0.8426149773176358,0
446,0.7253652950935139,0.09811704014514161,0.06803713607335568,0.023291045662245203,0.0009324963043458626,0.0004429829816820009,100.0,0.0,62.95,2.9406631905065224,1.025,0.10897247358851683,4.3,0.5567764362830021,0
447,0.7418982354005998,0.0961938176127071,0.06336881137577924,0.023180969996550876,0.0009623507884579177,0.0005086084706383671,100.0,0.0,61.85,3.1348843678834477,1.125,0.3112474899497183,3.85,0.3570714214271425,0
448,0.7576763287356265,0.10289739476521967,0.060053258547053415,0.02456554605349269,0.000916452896000833,0.0005133877086998897,100.0,0.0,64.05,3.3537292675468007,1.0,0.0,4.2,0.812403840463596,0
449,0.7703300114337188,0.0986444079565921,0.05665169180500014,0.023618459716794084,0.0009701083861025835,0.0005198762049335664,100.0,0.0,62.85,2.8508770580296865,1.1,0.3,4.25,0.82915619758885,0
450,0.7886776444279107,0.09711286914090912,0.0525274377736286,0.022586374213698825,0.0009600581836121501,0.00059783322618218,100.0,0.0,63.65,2.937260628544903,1.05,0.21794494717703372,4.2,0.812403840463596,0
451,0.8030069877334963,0.09017075124886847,0.048807124292972306,0.022096908304427072,0.0009593930842163749,0.0005696400921922427,100.0,0.0,62.55,2.923610781208744,1.025,0.10897247358851683,4.35,0.8529361054615991,0
452,0.8169860102898069,0.07495533216747184,0.04517557558102684,0.01916298610608835,0.0009857017587513908,0.0006667172464775924,100.0,0.0,62.65,3.08666486681013,1.05,0.21794494717703372,4.35,0.9630680142129111,0
453,0.8329593141312408,0.0684783718250716,0.04116408382296653,0.018301501934218884,0.0009528597408367114,0.0006011081737142458,100.0,0.0,64.05,3.201171660501823,1.05,0.21794494717703372,4.1,0.7000000000000001,0
454,0.8425640042063106,0.0652395565082289,0.038517446553973676,0.017665563638787744,0.0009370731292339613,0.000593044322230053,100.0,0.0,63.55,2.97447474354717,1.0,0.0,3.95,0.5894913061275798,0
455,0.855295910675831,0.060827746390019866,0.03589468380992182,0.016882277604392235,0.0008823894639847388,0.0005409168241019306,100.0,0.0,62.8,3.501428280002319,1.05,0.21794494717703372,4.4,0.9165151389911681,0
456,0.8668671406886075,0.0507081224853971,0.03135308840238551,0.016881044282797006,0.0008924580165093632,0.00042938336031102286,100.0,0.0,62.55,2.7106272336859605,1.0,0.0,4.15,0.47696960070847283,0
457,0.8819896708199584,0.047125092386059844,0.02901929018974611,0.01649655382349407,0.0007706631628538527,0.00036659345959317343,100.0,0.0,63.65,4.138538389335056,1.025,0.10897247358851683,4.35,0.7262919523166975,0
458,0.8898405221924645,0.04157941160559535,0.025862489657557865,0.01461403158986301,0.0007885475208961425,0.000327634346410197,100.0,0.0,62.65,3.118894034750139,1.05,0.21794494717703372,4.7,0.9539392014169458,0
459,0.9001728857471862,0.04069360341256674,0.02385221919348422,0.012929553120332043,0.000738640969235028,0.00032352001354901054,100.0,0.0,64.65,2.5743931323712004,1.0,0.0,4.25,0.82915619758885,0
460,0.906443782031587,0.035054666371985246,0.02241382517226058,0.011639755178826386,0.0007078425844836688,0.0002523851782081098,100.0,0.0,63.65,3.380458548777074,1.025,0.10897247358851683,4.2,0.7483314773547883,0
461,0.9089790622505346,0.03104876461608679,0.02222197445492729,0.010936542310441076,0.0006909990799647374,0.00022888330006240806,100.0,0.0,63.75,2.48746859276655,1.025,0.10897247358851683,4.2,0.7483314773547883,0
462,0.9129301844105738,0.028379866552202055,0.02197513994969731,0.010086461601192993,0.0006580383353587332,0.00019000474721664074,100.0,0.0,64.15,3.380458548777074,1.1,0.3,4.05,0.6689544080129826,0
463,0.9154254721788446,0.02710708921559007,0.023557232848872317,0.010012208984249708,0.0005937265515313166,0.00021532636672189957,100.0,0.0,63.45,2.9064583258667245,1.1,0.3,4.05,0.6689544080129826,0
464,0.9089387197934291,0.026623450522362348,0.025341889197749545,0.012025263480065636,0.0006154213084581122,0.0002430556402880168,100.0,0.0,65.25,3.222964473896664,1.05,0.21794494717703372,3.95,0.49749371855331004,0
465,0.9119155870576392,0.028112664619680525,0.02598442456741218,0.012540338598232056,0.0005497946109019416,0.0001731417605412115,100.0,0.0,65.2,2.976575213227443,1.0,0.0,4.0,1.0488088481701516,0
466,0.908128405044296,0.029167973771751884,0.027782478443699642,0.011945508129613099,0.0005656497856346033,0.00021208870965860318,100.0,0.0,64.05,3.1220986531498327,1.075,0.23848480035423641,4.1,0.7000000000000001,0
467,0.9013497570994919,0.03855088183496604,0.02919875319306759,0.013064570446611851,0.0005914337045542367,0.0002503653018645328,100.0,0.0,63.15,3.8114957693797855,1.15,0.3570714214271425,4.15,0.7921489758877431,0
468,0.8942578848293874,0.04427580394247001,0.032644303750089795,0.013410158261091048,0.000563159943359345,0.0002472488922269911,100.0,0.0,64.95,3.040970239906994,1.025,0.10897247358851683,4.0,0.5477225575051661,0
469,0.8817734835537683,0.048622182190244896,0.03667930942005169,0.013141394879276192,0.0006006314994793059,0.00029930971101325347,100.0,0.0,63.35,2.6509432283623124,1.05,0.2179449471770337,4.05,0.49749371855331004,0
470,0.8683260557635799,0.05010905448921305,0.041578134974539535,0.01330522869409053,0.0005798205647838451,0.0002814229897825744,100.0,0.0,62.45,2.7290108097990378,1.1,0.3,4.2,0.6,0
471,0.8486741625874711,0.06149762322003013,0.04610625489120287,0.014321000010327694,0.0006067532347547954,0.00030300719415876697,100.0,0.0,63.2,3.709447398198282,1.025,0.10897247358851683,4.45,0.9733961166965892,0
472,0.8332354145418585,0.06330822788295498,0.04883929270341619,0.015232942920709243,0.0006640213163018042,0.0003219328093423982,100.0,0.0,61.85,3.7719358425084595,1.075,0.23848480035423641,4.4,0.9695359714832658,0
473,0.8107204292188068,0.06516953968609035,0.05358571388451465,0.015153992683937426,0.0007261140731225296,0.00036708866489588684,100.0,0.0,63.55,3.2935543110748915,1.05,0.21794494717703372,4.15,0.47696960070847283,0
474,0.7901331131730986,0.06726527390477519,0.059033080315640474,0.014829997908877166,0.0006765667352611512,0.0001855413390458225,100.0,0.0,63.2,3.009983388658482,1.1,0.3,4.4,0.5830951894845301,0
475,0.7696188248376664,0.07186322072431706,0.06377594214251207,0.014241952253016927,0.0006643331127877272,0.0002308584449972514,100.0,0.0,63.8,3.443835071544512,1.0,0.0,4.35,0.7921489758877431,0
476,0.7441314029129968,0.07256294983828787,0.0681037783844302,0.014949681887110529,0.0007170977103359512,0.00022961855773188022,100.0,0.0,64.5,3.263433774416144,1.025,0.10897247358851683,4.1,0.7681145747868608,0
477,0.720690673302655,0.07214807127945413,0.07164310291577478,0.0142656399098646,0.0008185504989113417,0.00031642060903823964,100.0,0.0,63.25,3.207413287993925,1.05,0.21794494717703372,4.4,0.5830951894845301,0
478,0.6968057931393751,0.07175891854246062,0.07487056755706363,0.013749475108687145,0.000949166737344375,0.0003621165621106727,100.0,0.0,63.9,2.7367864366808017,1.0,0.0,4.2,0.6,0
479,0.6745143694523524,0.0757751552312063,0.07809093265238408,0.01557317723181419,0.0010211670386521695,0.0005102464522920668,100.0,0.0,63.55,2.7834331319433563,1.05,0.21794494717703372,4.45,0.8046738469715541,0
480,0.6451185771668785,0.08089066318019615,0.08313890156609048,0.016701121834348416,0.0010923269647296235,0.0005626289944849688,100.0,0.0,63.65,3.134884367883447,1.0,0.0,4.3,0.5567764362830022,0
481,0.6220506056280221,0.08736485725532883,0.08779810994493624,0.017803016427930113,0.0011401387116437456,0.0004984856635238688,100.0,0.0,62.55,3.6534230524263136,1.15,0.3570714214271425,4.3,0.7810249675906654,0
482,0.6077123456875169,0.09745516076232354,0.09093287297412982,0.019686277559848347,0.00113553092657723,0.0004462555917475205,100.0,0.0,63.2,2.803569153775237,1.025,0.10897247358851683,4.1,0.5385164807134504,0
483,0.6009488317663937,0.11114528743363737,0.09257714208271878,0.022439689167071966,0.001135534250863151,0.0004994875731336667,100.0,0.0,63.9,3.2848135411313684,1.0,0.0,4.15,0.7921489758877431,0
484,0.59306356898708,0.11357318675637952,0.09462095459639944,0.022202454468259043,0.001057196650168608,0.0005627208347009284,100.0,0.0,64.5,2.539685019840059,1.0,0.0,4.2,0.6782329983125269,0
485,0.5829220767608578,0.12415660862872949,0.09715599515083553,0.02421415895121984,0.000989194863571432,0.0005570190917672683,100.0,0.0,63.35,3.4245437652335533,1.1,0.2549509756796392,4.1,0.8888194417315588,0
486,0.5683919312256235,0.13370445875974557,0.10033992207988748,0.02564160557796968,0.0009596306283788415,0.0005046333488689125,100.0,0.0,63.55,2.5782746168707473,1.05,0.21794494717703367,4.25,0.5361902647381804,0
487,0.5549417472345219,0.14653005200298744,0.10381316124506648,0.027664593627647022,0.0008744514964843132,0.00045760572632944877,100.0,0.0,63.55,3.694252292413175,1.1,0.3,4.15,0.5722761571129799,0
488,0.5340117658911998,0.14485791549040078,0.10795241161585716,0.027452085826424413,0.000849634184150114,0.0004707219256668237,100.0,0.0,62.4,3.786819245752298,1.05,0.15,4.45,1.2031209415515964,0
489,0.5109985933977885,0.14022501206532167,0.11295721996316055,0.026424105182059846,0.0008004875742455749,0.0004629556111206554,100.0,0.0,63.35,3.623189202898463,1.05,0.15,4.45,1.023474474522936,0
490,0.48389432485115635,0.13326999276629642,0.11852477220977908,0.025924086273212077,0.0008223372327759229,0.0005189631762724053,100.0,0.0,62.6,3.0397368307141326,1.075,0.23848480035423641,4.05,0.6689544080129826,0
491,0.465270369421546,0.12831923070841167,0.12207277213261847,0.026023261520117198,0.0008081006398128587,0.0005653403496633301,100.0,0.0,63.65,3.1666228067138023,1.0,0.0,4.25,0.6224949798994366,0
492,0.4511116534287199,0.13018353390965406,0.12463540044852003,0.026491689416121327,0.0007712315639179484,0.00047643799207708993,100.0,0.0,64.3,2.5317977802344327,1.0,0.0,4.2,0.6,0
493,0.43458125646552714,0.12646666113808153,0.1275872281391161,0.025741430118350977,0.000849768730047387,0.0004475122047113935,100.0,0.0,63.8,2.712931993250107,1.05,0.21794494717703372,4.15,0.7262919523166975,0
494,0.43251652242597033,0.13020765369969534,0.1272150390835009,0.026632651189494507,0.0009804957471207301,0.0006155525312551393,100.0,0.0,64.0,2.5298221281347035,1.05,0.21794494717703367,4.25,1.0428326807307104,0
495,0.4210793481406432,0.12990257853261203,0.1278105504193534,0.027466992531642552,0.0012248141364674331,0.0008614818083479641,100.0,0.0,64.15,2.2197972880423116,1.0,0.0,4.3,0.7810249675906654,0
496,0.4267247812659444,0.15008314640418866,0.1262034606046633,0.033117276669313314,0.0013452457537792937,0.0007622229453722765,100.0,0.0,63.45,2.871846096154876,1.1,0.3,4.05,0.6689544080129826,0
497,0.4420448989303278,0.1707165652724179,0.12401761023667549,0.03628501771620756,0.001286680123439684,0.0005807372891537603,100.0,0.0,64.3,2.3259406699226015,1.0,0.0,4.3,0.7810249675906654,0
498,0.4614728484316461,0.18030611557523085,0.12086323822750766,0.036851622307066026,0.0012941050547078884,0.0006805933840755782,100.0,0.0,63.05,2.9744747435471695,1.1,0.3,4.5,1.02469507659596,0
499,0.4652443946931342,0.18236101580315545,0.12125816659223398,0.036654259893763134,0.0011096957217677419,0.0005648488037676068,100.0,0.0,62.5,3.2326459750489227,1.1,0.3,4.3,0.6403124237432849,0
500,0.4719823609204483,0.17283535222734375,0.12024364473569986,0.03403094772365925,0.0012034527071178775,0.0010511910289165648,100.0,0.0,63.5,3.640054944640259,1.075,0.23848480035423641,4.2,0.7483314773547883,0
501,0.48753562063207123,0.1722523364010483,0.11742998975602695,0.033518004002642855,0.0011098968041539537,0.0009667598092485805,100.0,0.0,63.6,3.7202150475476548,1.15,0.3570714214271425,4.2,0.8124038404635961,0
502,0.4810193465018366,0.1875394565514224,0.11926073320661668,0.036129876862135486,0.0009758486924756719,0.0005977480176546601,100.0,0.0,63.55,2.836811590500857,1.075,0.23848480035423641,4.0,0.7071067811865476,0
503,0.4728119953671072,0.20171914721466716,0.12113764786806855,0.03845262683812475,0.000921291432341489,0.00044600343836685073,100.0,0.0,62.3,2.282542442102666,1.1,0.3,4.25,0.8874119674649424,0
504,0.4660991064467683,0.20307231951029206,0.12236811408437634,0.03939409367619743,0.0009258894720076446,0.0005407128086135954,100.0,0.0,63.35,3.5954832776693593,1.1,0.3,4.2,0.8124038404635961,0
505,0.44720799999653904,0.18726634769587913,0.12604823723793565,0.037123814431507626,0.000998396180343833,0.0005782575839502255,100.0,0.0,63.75,3.329789783154486,1.1,0.3,4.15,0.5722761571129799,0
506,0.4450786259454878,0.18081873412265365,0.1263008668981479,0.03629229780940565,0.0010334656520280682,0.0005434683229159473,100.0,0.0,63.8,2.9257477676655586,1.05,0.2179449471770337,4.35,0.5722761571129799,0
507,0.43557113099209344,0.17175178155871904,0.12817874383643243,0.03459628521104697,0.0010335779198359957,0.0004814904125212748,100.0,0.0,63.6,3.120897306865447,1.1,0.3,4.35,1.1079259903080168,0
508,0.42835191085500907,0.16002760328066798,0.12997988527791687,0.03315546198664366,0.001019751583788527,0.0005789413753256041,100.0,0.0,63.1,2.5670995305986875,1.075,0.23848480035423641,4.4,0.7348469228349535,0
509,0.43281818794439014,0.1501458595308844,0.12881861719002696,0.031233877232582575,0.0011230186764429162,0.0006424296323720874,100.0,0.0,63.75,3.672533185690771,1.1,0.3,4.1,0.8888194417315588,0
510,0.43815757064075633,0.151845315771833,0.12737892039822377,0.032157808883559104,0.001213680523486973,0.0005871544256978691,100.0,0.0,62.45,2.9744747435471703,1.125,0.3112474899497183,4.25,0.6224949798994366,0
511,0.44582319127808673,0.156581300595836,0.12468704583667803,0.03246151583356358,0.0013100847624542503,0.0007628108726429196,100.0,0.0,63.45,3.456515586540874,1.05,0.15,4.2,0.6782329983125269,0
512,0.45876969861692973,0.15553530708352675,0.12207190343731837,0.0319148447741836,0.0012691926886304107,0.0007737576628351901,100.0,0.0,62.0,3.449637662132068,1.1,0.3,4.5,0.8660254037844386,0
513,0.44961281931448704,0.154246068981439,0.1238205549729307,0.03247848333496923,0.001191205753085622,0.0005917859293451374,100.0,0.0,63.75,1.9461500456028564,1.0,0.0,4.45,0.7399324293474372,0
514,0.4469515378609813,0.16142523502178208,0.12473924914665839,0.03344745961163239,0.0011114758798775857,0.0005769453007818319,100.0,0.0,63.4,3.9924929555354263,1.05,0.21794494717703372,4.15,0.653834841531101,0
515,0.4447566655421764,0.1610834701635239,0.12514014047053681,0.033756606965948024,0.0010926049030584378,0.0005589725091503279,100.0,0.0,64.2,3.6276714294434105,1.1,0.3,4.3,0.6403124237432849,0
516,0.4605134233279945,0.16483549765870095,0.12228491998962024,0.03379269093280956,0.0010777944413476396,0.0006933383567274384,100.0,0.0,63.65,4.138538389335056,1.15,0.3570714214271425,4.15,0.7262919523166976,0
517,0.46836796666325187,0.17232904275536334,0.12109462772949531,0.034083303684163214,0.0010875442316026077,0.0006327440691879448,100.0,0.0,62.25,2.913331426391443,1.1,0.3,4.7,1.1,0
518,0.4725704402248681,0.17324491805527814,0.11976249071296345,0.03364979390362641,0.001149799592104476,0.000506657226550968,100.0,0.0,62.9,3.2388269481403293,1.1,0.3,4.25,0.698212002188447,0
519,0.4801442337818549,0.17116911861594447,0.11858786446068884,0.03248376539681024,0.001135927972764694,0.0006431428872511732,100.0,0.0,62.85,3.8506492958980307,1.05,0.21794494717703372,4.35,0.8529361054615991,0
520,0.485924054651757,0.1731267612239149,0.11766326785783643,0.03332356160342024,0.0010583684877316277,0.000655208880927747,100.0,0.0,63.05,2.7834331319433563,1.075,0.23848480035423641,4.25,0.7664854858377946,0
521,0.4971300289936975,0.17838509858647125,0.11458747359970065,0.033905155633781325,0.0010857876977650438,0.0005956527048761071,100.0,0.0,63.25,3.897114317029974,1.025,0.10897247358851683,4.25,0.8874119674649424,0
522,0.4898178803035186,0.17401422245300763,0.11586387360933026,0.03357542334743283,0.0010827807636709214,0.0006507016049994228,100.0,0.0,63.5,2.8722813232690143,1.0,0.0,4.35,0.7262919523166976,0
523,0.4958026296510198,0.16826601325809684,0.11457393575192695,0.03118602497588467,0.0011179041296602238,0.0007224012766118711,100.0,0.0,63.6,3.1368774282716245,1.075,0.23848480035423641,4.05,0.6689544080129826,0
524,0.5122886951327065,0.16150262295929055,0.11120847565837014,0.029598544458220688,0.0011806587277739355,0.0007237689352107559,100.0,0.0,62.2,2.5806975801127883,1.15,0.3570714214271425,4.2,0.8124038404635961,0
525,0.5306525580881839,0.16760446574551952,0.1080852882822573,0.030896383874429917,0.001068157465927237,0.0006261115535483724,100.0,0.0,62.15,2.515452245621053,1.175,0.36314597615834876,4.2,0.5099019513592784,0
526,0.5354692400086332,0.167052080936999,0.10766138946108902,0.030840161893993974,0.0010166476104852336,0.0004879628217810406,100.0,0.0,63.45,3.0409702399069944,1.1,0.3,4.5,0.7416198487095663,0
527,0.544629517060357,0.17410814176662212,0.10665045430168836,0.032470656008878315,0.0008818768811944591,0.00036979036815973414,100.0,0.0,64.15,2.7617928959282954,1.025,0.10897247358851683,4.25,0.82915619758885,0
528,0.5495346659709756,0.17680016712378152,0.10645009732770253,0.0324241518590676,0.0007521479910498518,0.00027996360059658585,100.0,0.0,63.4,2.6343879744638983,1.05,0.21794494717703367,4.15,0.7262919523166976,0
529,0.550284363805946,0.16219459520330137,0.1056517667638027,0.029836101287570596,0.0007963563880092792,0.00039750367069577415,100.0,0.0,63.9,3.031501278244824,1.0,0.0,4.0,0.5477225575051661,0
530,0.5485134517228624,0.15300233684439773,0.10575070562855866,0.02842978189488824,0.0008342470284373098,0.00047152657297534816,100.0,0.0,63.35,3.5110539728121526,1.1,0.3,4.15,0.5722761571129799,0
531,0.5386771727349674,0.14229378372147813,0.10740762741022292,0.025727263727439983,0.0008477650013214075,0.0005001625490267648,100.0,0.0,63.25,3.6314597615834874,1.05,0.21794494717703367,4.85,1.107925990308017,0
532,0.5291009573096097,0.12613898770017257,0.10904590296958896,0.022903848868976676,0.0008690057485722722,0.0004540848923671549,100.0,0.0,63.3,2.5903667693977237,1.075,0.23848480035423641,3.95,0.6689544080129826,0
533,0.532950841884694,0.122245948218562,0.1073680796592523,0.023047320462452576,0.000866755152099173,0.0003882653005343761,100.0,0.0,63.6,2.90516780926679,1.1,0.3,4.1,0.6244997998398398,0
534,0.5329211086890147,0.1176947302559521,0.10685097306422735,0.022760449713704334,0.0009193586076633318,0.0004545103252517624,100.0,0.0,63.25,2.843853020111975,1.075,0.23848480035423641,4.2,0.6782329983125268,0
535,0.5335409701066803,0.10259915339586242,0.10600398227311596,0.01999780013906638,0.001033374891976121,0.00047546575052785574,100.0,0.0,61.7,2.9512709126747416,1.1,0.3,4.05,0.5894913061275798,0
536,0.5390440700341675,0.10210748546355038,0.10398004303547467,0.020506289355550385,0.0011374241641723543,0.00047470773200392784,100.0,0.0,63.25,2.7179955849853767,1.075,0.23848480035423641,4.05,0.5894913061275798,0
537,0.546176789170827,0.10036906674681956,0.10284418293417782,0.02044097810972329,0.0011348057418565179,0.00047588222942803723,100.0,0.0,63.15,2.779838124783528,1.075,0.23848480035423641,4.0,0.7745966692414834,0
538,0.5674677391638722,0.11144676764277625,0.09918969802367028,0.022102103451955513,0.0010384360392850683,0.0004343851535824311,100.0,0.0,63.8,2.6381811916545836,1.05,0.21794494717703372,4.0,0.7071067811865476,0
539,0.5858355804841955,0.12646532821301368,0.09618384774083442,0.024013056655389286,0.001002217065953414,0.0003880272400734035,100.0,0.0,62.6,3.0066592756745814,1.175,0.36314597615834876,4.5,0.806225774829855,0
540,0.6053548528762761,0.13503624051666027,0.09250989418137434,0.0259350928435965,0.0009501405430108235,0.000375791637012296,100.0,0.0,63.2,3.9319206502675,1.125,0.3112474899497183,4.25,0.698212002188447,0
541,0.6205098464332137,0.1278258178503783,0.0895132555107695,0.02483805403513204,0.0009548756803953717,0.00033827388618535746,100.0,0.0,65.15,3.4245437652335533,1.05,0.21794494717703372,4.2,0.6782329983125269,0
542,0.6293781053930478,0.12502163877624975,0.08812452040186097,0.02444911393605892,0.0009399202242708875,0.0003445447629537761,100.0,0.0,64.05,2.8718460961548757,1.05,0.21794494717703372,4.4,0.8,0
543,0.647033888783231,0.12331057147110812,0.08549226033725973,0.023734249001804108,0.0008874076403121211,0.0003299497289041331,100.0,0.0,63.65,3.1666228067138023,1.0,0.0,4.3,0.714142842854285,0
544,0.6613954751615728,0.1202432006349416,0.0829569098683704,0.02338938148820833,0.0008652433295710065,0.0003403249584023498,100.0,0.0,63.65,2.3081377775167584,1.0,0.0,4.3,0.6403124237432849,0
545,0.6827876759234865,0.12005282633383037,0.07806273561712976,0.024299569915058758,0.0008710912356580976,0.00037486547467409007,100.0,0.0,63.5,3.122498999199199,1.05,0.21794494717703372,4.2,0.6782329983125269,0
546,0.7048091419372151,0.12546223195260792,0.07390092051362256,0.024977227435640056,0.0008390909636374789,0.0004176988781120257,100.0,0.0,63.35,2.920188350089768,1.075,0.23848480035423641,4.25,0.82915619758885,0
547,0.7138886502957618,0.12290301967800134,0.07197224349934443,0.024167234587021757,0.0008444654398900688,0.0004095143616666796,100.0,0.0,63.75,3.672533185690771,1.025,0.10897247358851683,4.35,0.5722761571129799,0
548,0.7305296661960898,0.1085351435219697,0.06739948174275831,0.02221590470967181,0.0009272477530705665,0.00047096806385968414,100.0,0.0,64.25,2.5074887836239665,1.025,0.10897247358851683,4.1,0.7681145747868608,0
549,0.7496460755886498,0.10269791981947071,0.06410825198009631,0.02113214378923759,0.0008750762605194428,0.0004599544813840494,100.0,0.0,63.45,2.635811070619441,1.025,0.10897247358851683,4.1,0.5385164807134504,0
550,0.7668944750215244,0.09956056859779866,0.05994747642228919,0.02170548788883817,0.0008524047832574516,0.0003795944675233289,100.0,0.0,63.45,3.694252292413175,1.125,0.3112474899497183,4.05,0.804673846971554,0
551,0.7864653772642443,0.09576563724278954,0.05549138944367438,0.02069853094199673,0.0008628640791688867,0.0003174423853177079,100.0,0.0,64.4,3.307567081708245,1.05,0.21794494717703372,4.15,0.9096702699330127,0
552,0.8116105191287556,0.0847745703744454,0.050259557866802015,0.018435725667122694,0.0008207991656683655,0.0003607964867193439,100.0,0.0,63.05,2.71062723368596,1.0,0.0,4.35,0.5722761571129799,0
553,0.8235548513869599,0.07704910020573756,0.04680097350017821,0.017062680345240326,0.000853400319629372,0.00042401475731439984,100.0,0.0,63.0,3.8078865529319543,1.1,0.3,4.15,0.5722761571129799,0
554,0.8419847939523336,0.06718234483834404,0.04303859322705324,0.01537814777288734,0.0007906169383901273,0.0004080939728403312,100.0,0.0,63.75,2.7179955849853767,1.0,0.0,4.3,0.714142842854285,0
555,0.8489808646799897,0.06217394739701677,0.04116023124739547,0.013999714590519234,0.0008063337047347762,0.00042277895422125964,100.0,0.0,62.9,2.487971060924946,1.075,0.23848480035423641,4.1,0.43588989435406733,0
556,0.8605839095181628,0.05304370328446684,0.03802396170290608,0.011855826526291975,0.0008110720883805526,0.0004263174844654989,100.0,0.0,63.7,3.4799425282610637,1.0,0.0,3.9,0.6244997998398398,0
557,0.8790902750332288,0.0447672868059822,0.03288246790926506,0.011643657244839827,0.0007591278819379841,0.0003872751076552862,100.0,0.0,63.0,3.082207001484488,1.075,0.23848480035423641,4.15,0.47696960070847283,0
558,0.8863468083404328,0.0440419024609808,0.030052587451568514,0.010243540191830084,0.0007757249141031229,0.00039207896969932065,100.0,0.0,63.85,3.6915443922564446,1.05,0.21794494717703372,4.35,0.792148975887743,0
559,0.8975328853547662,0.03495434052517755,0.025371026469300617,0.009428383520284484,0.0007809190903628043,0.0003195697165745573,100.0,0.0,62.85,3.4680686267719674,1.2,0.3674234614174767,4.0,0.6324555320336759,0
560,0.9055603801933818,0.02972566379525215,0.021726161462729397,0.010334410672679857,0.0007562131027066788,0.0002946565412840277,100.0,0.0,62.95,3.2935543110748906,1.1,0.3,4.25,0.698212002188447,0
561,0.9105154341135236,0.028587095410904338,0.020855154801896376,0.009683115291588305,0.0007359742263420849,0.00032981306208951797,100.0,0.0,63.2,2.4617067250182343,1.0,0.0,4.6,0.5830951894845301,0
562,0.9207003819354489,0.030627703347923283,0.020506126116009073,0.008317525275834594,0.0006327252143588389,0.00028531375474462095,100.0,0.0,64.7,3.8223029707232783,1.0,0.0,4.1,0.7681145747868608,0
563,0.9177222867845597,0.03069668806722516,0.021310970964126544,0.008481036453472035,0.0006556341059617449,0.00025020811394493956,100.0,0.0,63.25,3.1760824926314495,1.05,0.21794494717703372,4.15,0.7921489758877431,0
564,0.9204114049004039,0.02891930896841409,0.020671700517197623,0.009962118855128854,0.0006251898083336879,0.0002242618591054459,100.0,0.0,63.15,2.104162541250081,1.05,0.2179449471770337,4.2,0.5099019513592784,0
565,0.915726358202803,0.02928410768943275,0.02224590611186219,0.009979357563592217,0.000638374900954341,0.00022733473223244616,100.0,0.0,63.7,2.9171904291629644,1.1,0.3,4.3,0.8426149773176358,0
566,0.9126530938250209,0.030163169993325946,0.024630044765610863,0.01051547668291795,0.0006081623436023125,0.00019562716516407545,100.0,0.0,63.1,3.3600595232822887,1.1,0.3,4.4,0.7999999999999999,0
567,0.9060809224422222,0.02956169234941964,0.026880814427809447,0.011190717715445699,0.0006097863561032318,0.00020497896346660113,100.0,0.0,63.45,3.470950878361721,1.2,0.4,4.25,0.9420721840708386,0
568,0.8940612964971706,0.03504561010622994,0.031022749839934066,0.01273701577693499,0.0006145532335263458,0.0002430605744176838,100.0,0.0,62.5,2.202271554554524,1.0,0.0,4.4,0.8602325267042626,0
569,0.8749440286071117,0.04526511577001229,0.03672298301476469,0.013153908440739898,0.0006607727431786571,0.00025984097413366865,100.0,0.0,62.3,2.685144316419511,1.15,0.3570714214271425,4.15,0.7262919523166975,0
570,0.8603863981781149,0.047825823486174736,0.04021804664099017,0.012758494221473486,0.0007158220072177462,0.00026310967462414423,100.0,0.0,64.05,2.67348087705897,1.0,0.0,4.0,0.6324555320336759,0
571,0.8481029855422791,0.05182543680635309,0.04498315836779633,0.012787600586578357,0.000668096952337367,0.00024085703498573252,100.0,0.0,63.35,2.937260628544903,1.05,0.21794494717703372,4.35,0.6538348415311012,0
572,0.8275990084367486,0.05426987743097066,0.050434284177814905,0.011897188254286843,0.0006851839181535025,0.0002928392627349196,100.0,0.0,63.65,2.7617928959282954,1.05,0.21794494717703372,4.35,0.7262919523166975,0
573,0.8120602869368655,0.06039580358179202,0.05488236050920101,0.01291333512939914,0.0006131871880066654,0.0002399056741699532,100.0,0.0,63.85,3.66435533211505,1.1,0.3,4.1,0.8306623862918076,0
574,0.779258542541197,0.061897811231780425,0.061752064840822005,0.0125124934707451,0.0006584617568478763,0.0002452074631567266,100.0,0.0,63.7,3.579106033634656,1.05,0.21794494717703372,4.45,0.8645808232895291,0
575,0.7504454815824624,0.06831549271675151,0.067202557067407,0.01347884349655158,0.0007276688831386753,0.0002839662840669555,100.0,0.0,63.2,2.694438717061496,1.05,0.21794494717703372,4.25,0.8874119674649424,0
576,0.7280254789732579,0.07318745510768498,0.0714426838475213,0.013906548248385392,0.0007833365328126472,0.0003168709805004173,100.0,0.0,63.45,3.866199684444661,1.1,0.3,4.15,0.6538348415311012,0
577,0.7091137070834813,0.0839314523226275,0.07519903220644378,0.016255495138363916,0.0007467724973328308,0.00029230961770970287,100.0,0.0,62.6,1.8547236990991405,1.0,0.0,4.05,0.5894913061275798,0
578,0.691294858468448,0.08319265111222936,0.07794816891631576,0.01583935180808105,0.0008443481893930826,0.0003041910731885301,100.0,0.0,62.5,2.819574435974337,1.1,0.3,4.4,0.9165151389911681,0
579,0.6674959818215138,0.08722918799283376,0.082301761926955,0.01672658991660666,0.0008419334569817379,0.0003824277146073837,100.0,0.0,64.2,2.959729717389748,1.0,0.0,3.9,0.6244997998398398,0
580,0.6422198261086893,0.08368543958458902,0.08704990138977402,0.016606201996398964,0.0008628885073938667,0.00045312171584690645,100.0,0.0,63.1,3.4336569426778794,1.05,0.21794494717703367,4.2,0.5099019513592784,0
581,0.6171368474983715,0.08511156418338493,0.09165629802411537,0.017528843991016143,0.0008859182233276978,0.00045248854860210013,100.0,0.0,63.35,2.2643983748448506,1.05,0.2179449471770337,4.1,0.7,0
582,0.5933001777421819,0.09033834322069055,0.09586538753822378,0.019254370975648034,0.0009083416272003193,0.0004385287148689882,100.0,0.0,62.9,2.662705391138869,1.1,0.3,4.3,0.714142842854285,0
583,0.5842239168776586,0.09758818340504531,0.09806188598170713,0.019860397626292017,0.000901840204485481,0.00031599971035894644,100.0,0.0,63.3,2.590366769397724,1.0,0.0,4.1,0.7000000000000001,0
584,0.5661825293862223,0.10313137425059295,0.10125680349235451,0.020613412301505783,0.0009712434576640099,0.00033806720912357523,100.0,0.0,63.0,2.0,1.05,0.15,4.3,0.5567764362830021,0
585,0.5576195922403786,0.10638222960148637,0.10229704076693132,0.021664428386506934,0.0010713639479133876,0.0004343301163829538,100.0,0.0,63.55,3.0899029110960754,1.075,0.23848480035423641,4.0,0.6324555320336759,0
586,0.5563845186039713,0.11246835426642199,0.1028864986566862,0.023294512186251552,0.0010308877077133613,0.0005380554304073463,100.0,0.0,64.0,3.286335345030997,1.0,0.0,3.95,0.5894913061275798,0
587,0.5522151830124511,0.12359649967798167,0.10363395297306865,0.025860756467450185,0.0009769185498829565,0.0005472829274680393,100.0,0.0,62.85,3.1188940347501393,1.075,0.23848480035423641,4.3,0.6403124237432849,0
588,0.5521672418886706,0.14352244303317116,0.10445725141159419,0.028868211010698697,0.0008307099642214233,0.0004011881010815317,100.0,0.0,63.5,2.7477263328068173,1.0,0.0,4.15,0.852936105461599,0
589,0.5320094693249905,0.14540514876468305,0.10851364151490712,0.028648250424773126,0.0008237759341536059,0.0004107417612279768,100.0,0.0,63.25,3.6588932752951404,1.025,0.10897247358851683,4.25,0.9420721840708386,0
590,0.5185496674373927,0.14441576385504465,0.11110926980605511,0.02750734338584304,0.0008762215867632438,0.00039141754465887233,100.0,0.0,62.55,2.765411361804967,1.075,0.23848480035423641,4.35,0.653834841531101,0
591,0.508170202538346,0.14378127581415995,0.11340275415852123,0.027105058642458903,0.0008760151772789222,0.000365639268775152,100.0,0.0,62.65,2.688401011754013,1.175,0.36314597615834876,4.0,0.6324555320336759,0
592,0.4929403166453847,0.14370030301364145,0.11656908004921976,0.026870609566554876,0.0008652106837248976,0.000516553162027909,100.0,0.0,62.1,3.9862262855989496,1.2,0.4,4.15,0.5722761571129799,0
593,0.47979786268306845,0.12606169765204805,0.11865204543252497,0.024315688916317222,0.0009061657469361725,0.0006307265999979853,100.0,0.0,62.25,3.6038174204584785,1.25,0.4330127018922193,4.3,0.5567764362830021,0
594,0.47360447723284327,0.1265767328969988,0.11992297154213545,0.025326618273188255,0.0009079432321884212,0.0005678651463547901,100.0,0.0,63.15,1.930673457630782,1.0,0.0,4.4,0.6633249580710799,0
595,0.4664498651190043,0.12877277360776596,0.12158224959281316,0.025558414333104552,0.0008754929759241378,0.0005052185409604691,100.0,0.0,62.85,2.351063589101749,1.05,0.21794494717703372,4.5,0.6708203932499369,0
596,0.45381013027782285,0.1297931430434592,0.12394046462208885,0.026297866081929595,0.0008257358114916343,0.000387442894342265,100.0,0.0,64.25,2.5470571253900056,1.0,0.0,4.2,0.6,0
597,0.4444685639575744,0.1424329065809067,0.12556877438610248,0.02926743339660634,0.0009325448906854803,0.0004574256276579417,100.0,0.0,62.65,3.2752862470324633,1.1,0.3,4.25,0.698212002188447,0
598,0.44057114228361616,0.15258106257768253,0.12723356502817768,0.0314267018098959,0.0008535108484074782,0.000357090396338746,100.0,0.0,63.35,3.118894034750139,1.075,0.23848480035423641,4.35,0.9096702699330126,0
599,0.4272803268166562,0.15296571994434308,0.13093167704589362,0.03179573129673993,0.0007872759379142358,0.0003835736054324745,100.0,0.0,64.45,3.0409702399069944,1.075,0.23848480035423641,4.1,0.7000000000000001,0
600,0.4167986773588984,0.15244969523175045,0.1327198891832309,0.030735033549701165,0.0007450562937178212,0.0004494148047288312,100.0,0.0,63.45,2.4387496796514396,1.025,0.10897247358851683,4.05,0.6689544080129826,0
601,0.39675257255661905,0.15530146693212024,0.13661576185198185,0.03136481330428648,0.0008380675050193053,0.0004586245746535813,100.0,0.0,63.25,3.2384409829422554,1.05,0.21794494717703372,4.55,0.9205976319760985,0
602,0.39397562660561763,0.15223773931929457,0.1371508304414637,0.03062359950384822,0.000822080204939297,0.00047475286451265796,100.0,0.0,62.6,3.4263683398023628,1.175,0.36314597615834876,4.35,0.7921489758877431,0
603,0.3753560984140168,0.14293972897121454,0.14092795133740066,0.029557963925396332,0.0008377537558331392,0.00047573142513367356,100.0,0.0,64.7,3.4510867853474796,1.1,0.3,3.85,0.47696960070847283,0
604,0.3785834429284537,0.1326149566750672,0.1406366333446965,0.027624774333334816,0.0008486003158483787,0.0004472288542991341,100.0,0.0,63.1,3.845776904605882,1.05,0.21794494717703372,4.25,0.698212002188447,0
605,0.382168563194089,0.13503568424286708,0.13992477423675242,0.028077130675270442,0.0009374272040658983,0.0005059256770751864,100.0,0.0,64.35,2.725344014982329,1.0,0.0,4.0,0.6324555320336759,0
606,0.3927909556347203,0.13358076478904196,0.13714652485014825,0.028312144888712896,0.000976420406018028,0.0004483724375818545,100.0,0.0,64.1,2.364318083507378,1.0,0.0,4.2,0.5099019513592784,0
607,0.3947637037863312,0.13139451992256093,0.13685388353947642,0.027803277829992454,0.001031953796094789,0.0004901969191988368,100.0,0.0,64.45,1.9868316486305526,1.0,0.0,4.05,0.5894913061275798,0
608,0.40387121137563675,0.13990898051944628,0.13505643952262286,0.029637137620390306,0.0009430908078427453,0.0005195255320560486,100.0,0.0,62.95,3.1697791721190924,1.175,0.36314597615834876,4.15,0.4769696007084728,0
609,0.39748720592059417,0.1375437172299027,0.13563327498763972,0.029519600589000525,0.0008638154240453502,0.0005097352368711674,100.0,0.0,64.65,3.395217224272992,1.05,0.21794494717703372,4.4,1.1575836902790224,0
610,0.37953825893682186,0.13607854751217638,0.1390986286093651,0.02987682607808084,0.000851345781188143,0.0005660561384545931,100.0,0.0,62.8,3.171750305430741,1.125,0.3112474899497183,4.25,0.5361902647381804,0
611,0.36740550445537057,0.13320800660743923,0.14216631550913053,0.03076489683517145,0.0009162029641197848,0.0005763566920670164,100.0,0.0,63.1,3.40440890610984,1.1,0.3,4.4,0.7348469228349535,0
612,0.3703051859583226,0.13563349708488684,0.14175281260983275,0.03168740445275199,0.0010067766396761322,0.0005691523421787031,100.0,0.0,63.1,2.964793416074719,1.05,0.21794494717703372,4.4,0.9165151389911679,0
613,0.37735538013551684,0.1403052846149615,0.1399179373322927,0.032714699525237555,0.0010676186084175759,0.000676213027741507,100.0,0.0,64.2,3.009983388658482,1.0,0.0,4.25,0.8874119674649424,0
614,0.38645446508495485,0.15651811525213052,0.13818546240850477,0.03548146377809025,0.0009789915613385414,0.0005272534102173445,100.0,0.0,63.05,3.0736785778607363,1.1,0.3,3.9,0.43588989435406733,0
615,0.3859785867303188,0.16786152115714803,0.13930009840962412,0.036898354195426114,0.0009448159917589333,0.0003852170127821617,100.0,0.0,63.35,2.885740806101615,1.0,0.0,4.35,0.7921489758877431,0
616,0.39885383599982904,0.18868511173576427,0.13751158313461861,0.03977114412606406,0.0008964328030201926,0.0003792081957881246,100.0,0.0,63.5,3.8535697735995385,1.05,0.21794494717703372,4.4,0.5830951894845301,0
617,0.39872116959170556,0.18231731456057082,0.13746291270249472,0.03736590729020749,0.0008517723905502363,0.000452408334381014,100.0,0.0,63.1,3.080584360149872,1.05,0.21794494717703367,4.5,0.7416198487095663,0
618,0.40012647310140875,0.17588833522755554,0.137086224468078,0.03637549434599324,0.000857786063214371,0.0005155757130325648,100.0,0.0,63.25,3.884263121880391,1.125,0.3112474899497183,4.35,0.7262919523166976,0
619,0.3963862802226846,0.16478792299193207,0.1375268466725223,0.03479326349868671,0.0008298356364916639,0.0005462162776629975,100.0,0.0,63.45,2.5975950415721076,1.05,0.21794494717703372,4.25,0.6224949798994366,0
620,0.3885702845319483,0.16208081905971822,0.13855177847284,0.034678147141021874,0.0008388788049234024,0.0004582526215511311,100.0,0.0,63.05,2.8368115905008566,1.0,0.0,4.1,0.5385164807134504,0
621,0.3778065170948113,0.1555226675271433,0.1397002379643661,0.033048293351949164,0.0009325219919584431,0.0006077782824007806,100.0,0.0,63.45,2.5391927851189244,1.05,0.21794494717703372,4.2,0.5099019513592784,0
622,0.3755869492572391,0.152136202602193,0.14039926239211495,0.03276742728227285,0.0009952393274901962,0.000597436695186509,100.0,0.0,63.9,3.8845849199110063,1.2,0.4,3.95,0.49749371855331004,0
623,0.38432903266391194,0.16595689685498233,0.13824025711886959,0.036451464514813195,0.001039778270372027,0.0005669466262896749,100.0,0.0,62.55,2.2688102609076854,1.075,0.23848480035423641,4.4,0.7348469228349535,0
624,0.39607290529155587,0.17295546009945462,0.13582372638332613,0.038489827355180216,0.0011104604371131256,0.0005481582311332779,100.0,0.0,63.7,3.179622619116929,1.1,0.3,4.3,0.5567764362830021,0
625,0.41970669220483103,0.17750333021144105,0.13086133809283113,0.03928173229104522,0.0011268089039035926,0.000549654614099027,100.0,0.0,63.1,2.7730849247724096,1.1,0.3,4.55,0.8046738469715541,0
626,0.4411852863062726,0.16897354302527454,0.12583635281917918,0.03593005866641241,0.0011482627305702063,0.0006849076071339255,100.0,0.0,63.35,3.070423423568808,1.1,0.3,4.3,0.8426149773176358,0
627,0.4698341395548381,0.1736060716569255,0.12016477552434324,0.036575819173192615,0.0010320740811221346,0.000577480760342619,100.0,0.0,62.65,2.815581645060217,1.275,0.40233692348577704,4.0,0.5477225575051661,0
628,0.4949637666607333,0.173923200490329,0.11480119368756317,0.03633731440493469,0.001058207446102787,0.00046887076112952613,100.0,0.0,63.35,4.210403781111736,1.15,0.3570714214271425,4.35,0.6538348415311012,0
629,0.508474000786008,0.1773066658278146,0.1126547982825361,0.0363303817970193,0.001054825224574916,0.0005431317932389159,100.0,0.0,63.8,3.0594117081556704,1.025,0.10897247358851683,3.9,0.7000000000000001,0
630,0.5255099127435916,0.1672889812622722,0.10901219250461032,0.03459034816331959,0.0011455508892940698,0.0006164599064853412,100.0,0.0,62.9,3.0967725134404045,1.025,0.10897247358851683,4.35,0.7921489758877431,0
631,0.5567726651951296,0.16449382470899535,0.10330431610047788,0.03310747061286666,0.001060717254751596,0.0006374716497694747,100.0,0.0,63.75,2.9643717715563276,1.05,0.15,4.25,0.82915619758885,0
632,0.5785523932799116,0.15481316042923804,0.09998158314670418,0.029938474547703597,0.0009673204780503781,0.0004690881217697299,100.0,0.0,64.0,3.0,1.05,0.21794494717703372,3.95,0.6689544080129826,0
633,0.5946992147971079,0.14837311297572828,0.09713368980007296,0.02833509275621965,0.0008902072083952986,0.0004113073438177239,100.0,0.0,63.95,2.9744747435471695,1.075,0.23848480035423641,4.1,0.9433981132056604,0
634,0.6049747514507802,0.15564243578379328,0.09516738241910298,0.030048622065618685,0.0008033524495178765,0.0003180055252706463,100.0,0.0,62.4,3.039736830714133,1.05,0.21794494717703372,4.25,0.6224949798994366,0
635,0.6196771971104112,0.15745945245429926,0.09162995563076656,0.030768599603966232,0.000808878656277777,0.00031975588773991605,100.0,0.0,62.9,2.896549671592048,1.15,0.32015621187164245,4.25,0.7664854858377946,0
636,0.6235240023707115,0.15493896669290008,0.09042538217142729,0.03067737257377913,0.0008158609313057433,0.0002970084011468802,100.0,0.0,64.65,2.725344014982329,1.0,0.0,4.3,1.0049875621120892,0
637,0.6325649532606649,0.14822602673737958,0.08837017889089079,0.028757412092573077,0.0008701812138634461,0.0003920914001112072,100.0,0.0,60.35,2.903015673398957,1.25,0.4330127018922193,4.45,0.9205976319760985,0
638,0.6350718584882353,0.13624744122558743,0.08672936371127418,0.026587175256119783,0.0009919056321705782,0.00044831955418669054,100.0,0.0,62.8,2.5019992006393608,1.1,0.3,4.15,0.7262919523166975,0
639,0.6467281380471628,0.13108401846670117,0.08402676239707516,0.025432832802334975,0.0010540627630165383,0.0005463982942675089,100.0,0.0,63.7,3.4073450074801643,1.05,0.21794494717703372,4.15,0.7262919523166976,0
640,0.6652055358975357,0.11985560279011556,0.079940120274941,0.02300182372338697,0.0010554208644745506,0.0005390549068606819,100.0,0.0,62.9,3.448187929913334,1.0,0.0,4.35,0.6538348415311012,0
641,0.6714850940201631,0.11305696526567109,0.07869425874794526,0.02181462345054495,0.0010453996176850004,0.0005868106846587128,100.0,0.0,63.85,2.197157254271983,1.0,0.0,4.2,0.6782329983125268,0
642,0.6767058482648514,0.11142443913971897,0.07765146783680417,0.02176747150542514,0.0010085216522068231,0.0005288917970490443,100.0,0.0,63.85,3.1507935508376304,1.025,0.10897247358851683,4.05,0.49749371855331,0
643,0.6889163415131604,0.11103449954236785,0.07661729247151053,0.020672961780893548,0.0009389354622217764,0.00048399073408453893,100.0,0.0,64.4,3.352610922848042,1.075,0.23848480035423641,4.4,0.9695359714832659,0
644,0.7017438812033006,0.10237058264552361,0.07480753994332966,0.018582820157839405,0.0008864000749049881,0.0005014794751650394,100.0,0.0,62.4,3.0724582991474434,1.05,0.21794494717703372,4.25,0.5361902647381804,0
645,0.7109901587872894,0.09493677216271186,0.07299431961964674,0.017932097754602618,0.0008981775576572474,0.0005113428634377393,100.0,0.0,63.95,2.3553131426627756,1.05,0.21794494717703372,4.3,0.9539392014169457,0
646,0.7322053643159616,0.08748662947657708,0.06905448976194337,0.017229024729930917,0.0008640769912619164,0.0004576268798582277,100.0,0.0,62.45,2.4794152536434875,1.125,0.3112474899497183,4.2,0.6,0
647,0.744215594810283,0.0829029260906626,0.06686371801104034,0.016689609482287867,0.000828097476576185,0.00036743942290209605,100.0,0.0,64.4,3.3970575502926055,1.025,0.10897247358851683,4.25,0.5361902647381804,0
648,0.7658716227696629,0.07998521590480341,0.06256545814586259,0.016862124881726448,0.0007917451732551461,0.0003132770580504222,100.0,0.0,64.4,2.2891046284519194,1.05,0.21794494717703367,4.05,0.5894913061275798,0
649,0.778541455378232,0.07838288148211381,0.05904006973603978,0.01773200234431987,0.0007954267058986138,0.000291661114735617,100.0,0.0,62.95,3.4565155865408737,1.2,0.4,4.0,0.7071067811865476,0
650,0.7960896577568166,0.07502010084972309,0.054216791554743536,0.017879651085431478,0.0008242974583173877,0.0002732230454042117,100.0,0.0,64.65,2.9372606285449034,1.0,0.0,4.3,0.5567764362830022,0
651,0.8101740742513147,0.07235599855849206,0.051007489572879164,0.01666592620979022,0.0008304212797113367,0.0003209667079955083,100.0,0.0,63.7,2.5903667693977237,1.025,0.10897247358851683,4.1,0.6244997998398398,0
652,0.8210267461035073,0.07561109124113914,0.04825236637589098,0.01658956366204933,0.0008383511814294718,0.0003821834840995272,100.0,0.0,63.45,3.5563323804166562,1.075,0.23848480035423641,4.45,0.6689544080129827,0
653,0.8379834598760676,0.0701506522775074,0.043387982201675154,0.016356409523257915,0.0008279027569725013,0.00039044953343040544,100.0,0.0,63.6,3.7067505985701277,1.075,0.23848480035423641,4.3,0.6403124237432849,0
654,0.851073209797549,0.06867632266576772,0.0403197153365219,0.016530063404229377,0.0007776735931217506,0.0003928908782574859,100.0,0.0,64.35,3.3507461855533016,1.05,0.21794494717703367,4.25,0.7664854858377946,0
655,0.8618481067695164,0.06375248766804097,0.03696022676485404,0.016583107585362297,0.0007708083309530891,0.00037744900930587234,100.0,0.0,63.65,3.8376425054973526,1.0,0.0,4.2,0.6,0
656,0.8714583663927256,0.059615609248398066,0.03369950841949741,0.015412389726791464,0.0007966388773096399,0.00039664089578562295,100.0,0.0,63.3,3.018277654557314,1.0,0.0,4.2,0.812403840463596,0
657,0.8849858460241633,0.05034381674787428,0.03108281261070727,0.013188210334550084,0.0007388909476981114,0.00034038339725960654,100.0,0.0,64.15,2.95423424934449,1.025,0.10897247358851683,4.35,0.7262919523166975,0
658,0.8936736313997024,0.04337762039613195,0.027187747535472158,0.013390950544439112,0.0007351015106229999,0.00031149467572369124,100.0,0.0,62.85,2.7436289836637897,1.1,0.2549509756796392,4.25,0.6224949798994366,0
659,0.8997605376759565,0.03755649281083148,0.024125207177828935,0.011450227549339534,0.000773208517905286,0.0002709398375676505,100.0,0.0,63.9,3.5763109484495335,1.15,0.3570714214271425,3.85,0.852936105461599,0
660,0.9070178450787058,0.03642835497515162,0.0214516971318967,0.009478603644410362,0.0007634680700836534,0.0002932836659177721,100.0,0.0,62.5,3.4713109915419564,1.2,0.4,4.05,0.804673846971554,0
661,0.9097624335170075,0.0341051784026207,0.018585472515980674,0.009231116934421565,0.0007960867409996946,0.0002934707360647512,100.0,0.0,61.9,2.808914381037628,1.1,0.3,4.35,0.852936105461599,0
662,0.9182010572951163,0.02967353557964922,0.01693568327324966,0.008790410105328496,0.0007216078409197658,0.00024750867055400893,100.0,0.0,62.25,2.56661255354212,1.0,0.0,4.4,0.9165151389911681,0
663,0.9241563005165514,0.02484359881052155,0.017386669422915283,0.007772566665116849,0.0006471334149652931,0.00024087573523071126,100.0,0.0,64.25,2.9979159427842537,1.1,0.3,4.25,0.82915619758885,0
664,0.9211185356851723,0.02768549624827065,0.017614153504529106,0.009276128625583843,0.0006771393847119228,0.0002509073615770565,100.0,0.0,63.0,2.16794833886788,1.1,0.3,4.0,0.4472135954999579,0
665,0.9135296393025658,0.0307733021239221,0.02019183998112661,0.009260826867848609,0.0007200028291347004,0.0002579809836111609,100.0,0.0,64.05,2.4591665254715873,1.0,0.0,4.05,0.4974937185533099,0
666,0.9056733488991752,0.03433902087161638,0.023968956504166812,0.011102219275827559,0.0007160941104776531,0.00025438290500124906,100.0,0.0,64.0,2.8460498941515415,1.025,0.10897247358851683,4.3,0.714142842854285,0
667,0.8953916054704617,0.04115498942193989,0.026422652184961926,0.011956497251806827,0.0007698745919220495,0.00025524154311922534,100.0,0.0,63.7,3.6619666847201113,1.125,0.3112474899497183,3.95,0.6689544080129826,0
668,0.88140343565938,0.039952245709877064,0.03142693919163346,0.010691527257323979,0.0008096304102370073,0.00025509222906573475,100.0,0.0,63.85,2.920188350089768,1.0,0.0,4.25,0.9937303457175896,0
669,0.8714813293289932,0.04216716111560901,0.03568912278781874,0.010676041101285687,0.0007915652727004075,0.0002729821257502476,100.0,0.0,63.8,2.767670500619609,1.0,0.0,4.45,0.6689544080129827,0
670,0.866775633882258,0.03847143161712728,0.03819908656233505,0.009314051362198232,0.000763510880863388,0.0002551249247350121,100.0,0.0,62.95,2.9236107812087435,1.05,0.21794494717703372,4.15,0.5722761571129799,0
671,0.8586358685714945,0.037340158728753896,0.042090926290599545,0.008852762065234113,0.0006924151635533221,0.00022577250277523372,100.0,0.0,63.0,2.23606797749979,1.0,0.0,4.25,0.6224949798994366,0
672,0.8398900011256707,0.03744943478877477,0.04811390236760789,0.009299369491658148,0.0006459773161697944,0.0002066625218841849,100.0,0.0,62.65,2.903015673398957,1.05,0.15,4.05,0.6689544080129826,0
673,0.8180862077469155,0.046837804113819506,0.053637691728894134,0.010191938964587007,0.0006426282439311732,0.0002806194294629722,100.0,0.0,62.55,3.3981612675092396,1.1,0.3,4.35,0.5722761571129799,0
674,0.7934480750763263,0.047555714708145694,0.05908598948746242,0.00944761548153474,0.0006672171976391431,0.0003098625001233218,100.0,0.0,64.05,2.8543825952384165,1.05,0.21794494717703372,4.5,0.7416198487095663,0
675,0.7707708984733095,0.04729816646879409,0.06414183670099899,0.009516918321499169,0.000648548163826645,0.0003026276784806392,100.0,0.0,62.75,2.5074887836239665,1.125,0.3112474899497183,4.5,0.7416198487095663,0
676,0.7423782793202564,0.05008350309100299,0.07023840022653619,0.010047390940513828,0.0006272776960218367,0.0002857906655481612,100.0,0.0,63.15,2.5743931323712,1.0,0.0,4.45,0.7399324293474372,0
677,0.7170195455660429,0.059476974497536104,0.0747068763281119,0.012154640381333258,0.000667616480984224,0.00030474207812941645,100.0,0.0,63.1,2.773084924772409,1.1,0.2549509756796392,4.15,0.6538348415311009,0
678,0.6893607688819948,0.0708740798501479,0.08046576886459658,0.01352099949458713,0.0006245686111104892,0.0002877763285997438,100.0,0.0,63.1,2.6438608132804573,1.05,0.21794494717703372,4.15,0.7262919523166976,0
679,0.664315089389315,0.07988826829784036,0.08508782627234372,0.01534396225014096,0.0006213314104884601,0.0003395032979031674,100.0,0.0,62.4,3.5693136595149495,1.15,0.32015621187164245,4.25,0.5361902647381804,0
680,0.6374271052869716,0.08552470581602961,0.08987441448047952,0.016450349573265077,0.0006540267996497837,0.0003427838971663495,100.0,0.0,64.8,3.249615361854384,1.0,0.0,4.15,0.9630680142129111,0
681,0.6094481200225272,0.10101318147780312,0.09520009161282537,0.01816621472232478,0.000669393888755575,0.00033217311337479795,100.0,0.0,63.55,3.2630507198019467,1.05,0.21794494717703372,4.4,0.7348469228349535,0
682,0.5844067068515691,0.11030113196519668,0.09956322144244584,0.02015207210802249,0.0007050450219959801,0.00034938452453420784,100.0,0.0,63.75,3.3893214660164652,1.05,0.21794494717703372,4.45,0.9733961166965893,0
683,0.5612971724192024,0.10874485308297523,0.10293688193147137,0.019619704538851403,0.0008625998590864803,0.0003463308249969563,100.0,0.0,63.7,2.685144316419511,1.0,0.0,4.35,0.7262919523166976,0
684,0.5498403357457387,0.10782751174052715,0.10440315748248585,0.018567574514895584,0.0009937556460838702,0.0004423207892457812,100.0,0.0,64.05,2.836811590500857,1.05,0.2179449471770337,4.15,0.7921489758877431,0
685,0.5377231413910579,0.10668478457691258,0.10592826279547081,0.018985781762998432,0.0010495333682705645,0.0005555233635409279,100.0,0.0,64.4,1.772004514666935,1.0,0.0,4.2,0.5099019513592784,0
686,0.5310721393287388,0.10163234834724472,0.10734179497979787,0.018586356206313825,0.001006737390186158,0.0005920147335894834,100.0,0.0,64.25,2.930443652418521,1.025,0.10897247358851683,4.05,0.6689544080129826,0
687,0.5182754137735535,0.11344751093108797,0.10973017948693206,0.020779815799524926,0.0010049966538725214,0.0005857672067834825,100.0,0.0,63.4,2.956349099818897,1.0,0.0,4.4,1.0677078252031311,0
688,0.5030335955752527,0.11671741177892596,0.11242367827138473,0.022398958284439285,0.001050192750742032,0.00047407551497139546,100.0,0.0,64.05,3.0409702399069936,1.025,0.10897247358851683,4.05,0.739932429347437,0
689,0.49616851575013293,0.126736330936554,0.11364328166347384,0.02391062390453313,0.001113019367194948,0.0004149407059977726,100.0,0.0,62.95,3.9303307748839664,1.075,0.23848480035423641,4.35,1.0136567466356647,0
690,0.49339597263364005,0.13766906288191896,0.11418703336128336,0.025804073594155232,0.001166869338554538,0.0005597961326787857,100.0,0.0,63.7,2.72213151776324,1.05,0.21794494717703372,4.1,0.5385164807134504,0
691,0.4943579618041987,0.1443073996569593,0.11398667827937418,0.028408647053215837,0.001201553052208319,0.0005813211403423519,100.0,0.0,63.2,3.5721142198983498,1.075,0.23848480035423641,4.25,0.9937303457175896,0
692,0.4958814515353908,0.15779597658069883,0.11414068143660258,0.030822236070818868,0.001200861829719288,0.0006895008299426684,100.0,0.0,64.2,3.54400902933387,1.1,0.2549509756796392,4.05,0.804673846971554,0
693,0.49496463933991136,0.1611098128150395,0.1140372305951006,0.03194120135329674,0.0013022234669175458,0.0007955881930430065,100.0,0.0,64.05,3.3087006513131403,1.05,0.2179449471770337,4.35,0.7921489758877431,0
694,0.5048997663957178,0.16720108317603063,0.11283667136065323,0.033741779885088856,0.001299707323923697,0.0008420561608337438,100.0,0.0,64.05,2.1324868112136124,1.0,0.0,3.9,0.5385164807134504,0
695,0.5122037218906328,0.16705880199225345,0.11138180327539855,0.033263300056658944,0.0012734043827685047,0.0006800576108158542,100.0,0.0,62.75,2.6052830940226053,1.075,0.23848480035423641,4.25,0.5361902647381804,0
696,0.5176600521297929,0.16391385359803964,0.11038263898605975,0.030326301263355938,0.0012190787813466564,0.0007509313794252355,100.0,0.0,62.8,3.3105890714493693,1.15,0.3570714214271425,4.05,0.6689544080129826,0
697,0.5094392382437903,0.15737276364369374,0.11187237280736462,0.028819108949912933,0.0010467552382461237,0.0005717054816500676,100.0,0.0,63.55,2.2017038856303994,1.1,0.3,4.15,0.6538348415311012,0
698,0.4831907913176809,0.14825637653128199,0.11659069612657413,0.026974573948813824,0.0010187420942189497,0.0006361160766293157,100.0,0.0,62.95,3.0409702399069936,1.025,0.10897247358851683,4.5,0.8660254037844386,0
699,0.46071125619590403,0.13947137671749266,0.12093657213478286,0.025424124022986758,0.0010019471765118728,0.0006876196163963793,100.0,0.0,63.5,3.0903074280724887,1.05,0.21794494717703372,4.0,0.8366600265340756,0
700,0.4324943408982782,0.12067745135432431,0.12584191641216175,0.022552257266566643,0.0010720063269988732,0.0008208682952566375,100.0,0.0,63.05,2.654712790491657,1.05,0.21794494717703372,4.4,0.7348469228349535,0
701,0.41687437622478285,0.11359189113591855,0.12881534368675235,0.021937903644116553,0.00111037728565515,0.0007495302706415404,100.0,0.0,62.7,3.3331666624997918,1.1,0.3,4.35,0.8529361054615991,0
702,0.4066425688464044,0.10806235430625269,0.13113551300213414,0.021736814568996343,0.0011208236179758913,0.0006630869044348906,100.0,0.0,63.75,3.0639027399707057,1.0,0.0,4.35,1.0136567466356645,0
703,0.3998661539108982,0.11405104495302917,0.13194176191492019,0.023075545143074597,0.0012822983832601641,0.000674572299875097,100.0,0.0,63.95,2.1788758569500923,1.0,0.0,4.0,0.6324555320336759,0
704,0.40360299062025023,0.12018675207516556,0.1307358516747816,0.023584215311958718,0.0014218365322308068,0.0007707540193699937,100.0,0.0,62.75,2.913331426391443,1.1,0.3,4.45,0.8645808232895291,0
705,0.3971567246143385,0.12341432789866658,0.13169191881157447,0.02491313356629411,0.001482490382104787,0.0009353810895067877,100.0,0.0,62.75,2.7363296585024255,1.025,0.10897247358851683,4.35,0.5722761571129799,0
706,0.3930193504060574,0.12699820943045523,0.13225563407458113,0.025854895044850865,0.0015021198082973079,0.001073085534183467,100.0,0.0,62.6,2.764054992217051,1.0,0.0,4.25,0.6224949798994366,0
707,0.390509565268037,0.12882125391181354,0.13368270590522907,0.02636204734535405,0.001400620937077404,0.0010155139625182164,100.0,0.0,63.25,3.418698582794336,1.1,0.3,4.1,0.6244997998398398,0
708,0.37904646681521836,0.1269401335476618,0.13665929438282046,0.02735937118486207,0.001328483404591916,0.000962260857928132,100.0,0.0,63.25,2.5074887836239665,1.1,0.3,4.2,0.6,0
709,0.3776572961991704,0.12829985319573434,0.13829597414551192,0.028340068042191375,0.00117815564957996,0.0007631991558596273,100.0,0.0,62.65,3.4967842369811724,1.1,0.3,4.1,0.7681145747868608,0
710,0.3724607992815411,0.132097641032884,0.13980070155242028,0.028780750516694535,0.0011590575745285888,0.0007899071001496673,100.0,0.0,63.45,2.801338965566288,1.0,0.0,4.2,0.6,0
711,0.3664254615902887,0.1273216329936659,0.14081385080920414,0.026847071941418058,0.0011836336840790004,0.0008723002713884479,100.0,0.0,63.35,3.6093628246547893,1.1,0.3,4.1,0.7000000000000001,0
712,0.36670452618701244,0.11679435795305174,0.1403385732716502,0.023755830069065655,0.001234015005424045,0.0009068882112499433,100.0,0.0,63.05,2.479415253643488,1.075,0.23848480035423641,4.3,0.8426149773176358,0
713,0.37337876253450947,0.11871109760276957,0.13933977648626394,0.025402820521956013,0.0010916784470761825,0.0006384722969849498,100.0,0.0,62.6,2.870540018881465,1.075,0.23848480035423641,4.25,0.7664854858377946,0
714,0.3750828341820443,0.1178423550546563,0.13881980458802007,0.02565158033463241,0.0011349102296979953,0.0007009952603686919,100.0,0.0,64.6,3.7067505985701277,1.05,0.21794494717703372,4.2,0.7483314773547883,0
715,0.3771769715724692,0.11425526486126888,0.13779586756573245,0.025789348312764415,0.0013251402486588542,0.0007556131267150438,100.0,0.0,64.1,2.4677925358506134,1.0,0.0,4.2,0.5099019513592784,0
716,0.40420359301567005,0.14469771718082736,0.1318084037758672,0.03197663341843061,0.0012713404281481987,0.0007440237122157091,100.0,0.0,63.9,2.364318083507378,1.025,0.10897247358851683,4.1,0.6244997998398398,0
717,0.4139829582525049,0.17875694333168635,0.13009410606260868,0.038255763742406655,0.0011472614570514704,0.0005379388692204752,100.0,0.0,62.75,2.913331426391443,1.05,0.21794494717703372,4.15,0.8529361054615991,0
718,0.4270505444972392,0.1928176483964394,0.12873540238800468,0.03937096600360409,0.0010379273039973949,0.0005432216077680818,100.0,0.0,63.45,2.3553131426627756,1.05,0.21794494717703372,3.9,0.7681145747868608,0
719,0.44154300601498847,0.18093775823452798,0.12610796787242404,0.03572121068967791,0.0011639415951771193,0.0007785991792620346,100.0,0.0,63.25,3.404041715373065,1.075,0.23848480035423641,4.2,0.5099019513592784,0
720,0.46441099074030695,0.18332728954149397,0.12192192232279082,0.036100979711493966,0.001144858665888756,0.0008555622919969826,100.0,0.0,63.55,1.8020821290940099,1.0,0.0,4.25,0.5361902647381804,0
721,0.48244826332810786,0.19310253032113658,0.11927210942224384,0.0371957106975114,0.0010069475599350367,0.0008545991619469256,100.0,0.0,63.55,2.1788758569500923,1.025,0.10897247358851683,4.4,0.58309518948453,0
722,0.4981740597220541,0.1874906709773634,0.11499321566388421,0.03842896066318754,0.0010377908315188662,0.001091828851361565,100.0,0.0,63.2,3.0757112998459397,1.05,0.21794494717703372,4.3,0.6403124237432849,0
723,0.5078840942522505,0.18602901526934365,0.11315624511588655,0.03915854100814182,0.0009290052848850509,0.0009072792957309365,100.0,0.0,63.6,2.615339366124404,1.05,0.21794494717703372,4.35,0.7921489758877431,0
724,0.5184049566787575,0.1856655242658348,0.11155834930207076,0.038221748355681484,0.0008533027909428143,0.0004311458553809374,100.0,0.0,63.7,2.3895606290697042,1.1,0.3,4.2,0.9797958971132712,0
725,0.5190058762878749,0.17960921772277016,0.11123051159723504,0.03475142598009973,0.0009421589802140861,0.0005459732051054886,100.0,0.0,63.3,3.0675723300355937,1.075,0.23848480035423641,4.4,0.8602325267042626,0
726,0.5212347265092131,0.17445143072511626,0.11061360991304207,0.033680359713628163,0.0009600267803241483,0.0006314516897381122,100.0,0.0,62.75,3.191786333700926,1.2,0.3674234614174767,4.05,0.6689544080129826,0
727,0.5310887748300337,0.17488804616610903,0.10846683978395755,0.035315939321533235,0.0009031700242823342,0.0005083372571511954,100.0,0.0,62.6,2.8530685235374214,1.025,0.10897247358851683,4.05,0.739932429347437,0
728,0.5436639274693721,0.18088169901984247,0.10617210863077822,0.03597555668473285,0.0009026215080144862,0.00047384952479312463,100.0,0.0,62.95,3.3537292675468007,1.075,0.23848480035423641,4.25,0.5361902647381804,0
729,0.5437164633763228,0.17994659768034005,0.10572564789772909,0.03524577443680802,0.0009890123316686195,0.00048343772313999003,100.0,0.0,63.15,2.6509432283623124,1.075,0.23848480035423641,4.45,0.8046738469715541,0
730,0.5537636633006071,0.17440096769830965,0.10345890967320186,0.0338357984589767,0.0010770377089640516,0.000577358383841071,100.0,0.0,63.3,2.8478061731796287,1.075,0.23848480035423641,4.3,0.9539392014169457,0
731,0.5793088182585986,0.15992866380763734,0.09912834948347331,0.030377330227622287,0.001078025862553772,0.000745895949963711,100.0,0.0,63.45,2.9406631905065233,1.0,0.0,4.1,0.7681145747868608,0
732,0.6020578085570684,0.15945858099493554,0.09462692129229248,0.030858682721656195,0.001023994511302198,0.000764279310159023,100.0,0.0,63.55,3.0736785778607367,1.05,0.21794494717703372,4.05,0.6689544080129826,0
733,0.6132602107731348,0.15254808272236697,0.09250431749733554,0.02983680975731694,0.0009807261220126187,0.0007392300219923244,100.0,0.0,62.85,4.80910594601533,1.1,0.3,4.4,0.66332495807108,0
734,0.6255023012531769,0.14924200723956962,0.09057365684456538,0.02935576230661495,0.0008339431662656443,0.0005356800067218636,100.0,0.0,62.95,3.3686050525402944,1.0,0.0,4.35,0.7262919523166975,0
735,0.6253716183469634,0.15841663960478394,0.09066384195746899,0.030914049471107156,0.0008122546035023526,0.00036783210669698784,100.0,0.0,62.15,2.4753787588973126,1.225,0.40233692348577704,4.2,0.6782329983125269,0
736,0.6280518580446836,0.15670988780926914,0.09081620736435,0.02954464110642346,0.0007972736407712948,0.0003387862695999488,100.0,0.0,64.1,2.844292530665578,1.0,0.0,3.85,0.47696960070847283,0
737,0.6368141883753843,0.1528114675339144,0.0891925674421122,0.028823656767133093,0.0008122187821502239,0.0004100515931895391,100.0,0.0,63.7,3.1480152477394387,1.025,0.10897247358851683,4.5,0.806225774829855,0
738,0.6509107119095905,0.14720064290339252,0.08646938481705971,0.02811392239145412,0.0008272716188687732,0.0004593748780275259,100.0,0.0,63.65,3.1666228067138023,1.0,0.0,4.15,0.653834841531101,0
739,0.6599487910671871,0.14997444172137894,0.08410159315526676,0.028822152966979236,0.0008444371157581648,0.00048715292494701045,100.0,0.0,63.9,3.345145736735546,1.05,0.21794494717703372,4.15,0.9096702699330127,0
740,0.6741473980728612,0.14434635285101247,0.08105652119803572,0.02746991124837966,0.000837623312863939,0.0006175719452411814,100.0,0.0,64.4,2.8178005607210737,1.0,0.0,4.25,0.5361902647381804,0
741,0.6891263424763763,0.1238532859277088,0.07771883703274926,0.0246014631105193,0.0008696277344596049,0.0007160140641258743,100.0,0.0,63.6,3.8131351929875237,1.05,0.21794494717703372,4.55,0.7399324293474372,0
742,0.7025320129964985,0.11005098576838859,0.0747369200700958,0.022160891923645988,0.0008920365390587727,0.0007274737138199338,100.0,0.0,63.05,1.9868316486305526,1.075,0.23848480035423641,4.45,0.5894913061275798,0
743,0.7069519246716645,0.10128957380573998,0.07347265832613989,0.021240948062658804,0.0008638201098004243,0.0006866082358935519,100.0,0.0,64.8,2.803569153775237,1.0,0.0,4.3,0.9,0
744,0.7230823284439329,0.10510090814081845,0.06990608570094044,0.02346574398016549,0.0008021095076043792,0.0006729980662998676,100.0,0.0,62.95,2.6358110706194404,1.075,0.23848480035423641,4.3,0.714142842854285,0
745,0.731025579536856,0.09956998121447283,0.06864978519495597,0.021758815845399092,0.0007972946686956299,0.000534051865493594,100.0,0.0,63.75,3.0475399915341552,1.1,0.3,4.15,0.7262919523166975,0
746,0.7484849778307884,0.08899376641259123,0.06481694968694048,0.021463061811351984,0.0007586680977828537,0.00048513671911052416,100.0,0.0,63.4,2.4979991993593593,1.0,0.0,4.2,0.39999999999999997,0
747,0.7575110167880972,0.08428044656734686,0.06197266299191896,0.021769119546533138,0.000794262405766556,0.000494857980912856,100.0,0.0,62.6,3.4698703145794947,1.0,0.0,4.65,0.9096702699330126,0
748,0.7626951769076787,0.08531678925862515,0.0596683691518927,0.023075146830743933,0.0008494659549743893,0.0005774992851161612,100.0,0.0,62.35,3.1507935508376295,1.125,0.3112474899497183,4.45,0.7399324293474372,0
749,0.7805712224671392,0.08081969180587067,0.05530564510024868,0.021688951324738293,0.0008706389303522032,0.000544242510936587,100.0,0.0,64.25,2.5074887836239665,1.0,0.0,4.25,0.5361902647381804,0
750,0.7912478114025906,0.08069607814197324,0.052155037360131204,0.02105393440068002,0.000931027602672604,0.0006005803627646257,100.0,0.0,63.55,3.5422450508117027,1.125,0.3112474899497183,4.25,0.6224949798994366,0
751,0.8055320326719035,0.07884172676803052,0.04947736236171036,0.02120755241383656,0.0008736154632705774,0.00054291500559009,100.0,0.0,64.8,3.1240998703626612,1.05,0.21794494717703372,3.95,0.6689544080129827,0
752,0.8220360651196316,0.07277873090883034,0.046516016434294157,0.01931421621342692,0.0008344548916716691,0.0005099512576695834,100.0,0.0,64.55,2.7834331319433563,1.0,0.0,4.2,0.5099019513592784,0
753,0.8270244309595736,0.07138463267536418,0.04411472457696648,0.019544144131537943,0.0008795668382747029,0.00043868187905319515,100.0,0.0,62.7,3.0838287890218554,1.125,0.3112474899497183,4.0,0.7071067811865476,0
754,0.8396049237184666,0.06860869712952193,0.03921765478548627,0.018471328247664443,0.000934507768911738,0.00044806828898923974,100.0,0.0,63.2,3.6687872655688283,1.175,0.36314597615834876,4.4,1.0198039027185568,0
755,0.8540496317040496,0.05999060859078281,0.03604031608033832,0.01657905859265112,0.0009169807207648282,0.00047065792828203493,100.0,0.0,63.4,3.1048349392520045,1.0,0.0,4.3,0.6403124237432849,0
756,0.8677766399424213,0.05134444447696511,0.033134306588240486,0.015105973714804986,0.0008547486939706516,0.00037749981272274246,100.0,0.0,63.0,2.8809720581775866,1.0,0.0,4.6,0.8602325267042626,0
757,0.8814700308068408,0.04872887457311832,0.02954408087577673,0.014024400978106331,0.0008025977500862589,0.00039928330181945675,100.0,0.0,63.85,2.7977669667075564,1.125,0.3112474899497183,4.0,0.7745966692414834,0
758,0.8867047167298505,0.04211561927499554,0.02678307588991586,0.012991723492922302,0.0008441034190673442,0.0004128978561246511,100.0,0.0,63.15,3.1348843678834477,1.15,0.32015621187164245,4.0,0.6324555320336759,0
759,0.897270741233483,0.04202855469449307,0.023378423721494103,0.013208591669159065,0.0007969340100881876,0.0003873361159929594,100.0,0.0,64.05,2.5194245374688244,1.05,0.21794494717703367,4.2,1.0770329614269007,0
760,0.9055865004455717,0.039915824283281165,0.022163924051814388,0.012158572908133087,0.0007367308762354027,0.00034732865478582695,100.0,0.0,63.55,3.089902911096076,1.075,0.23848480035423641,4.3,0.714142842854285,0
761,0.9113664557007265,0.035788385279535304,0.019206476994252097,0.010816001880937547,0.0007440802057562708,0.00032563467253060206,100.0,0.0,62.05,4.684815898197067,1.175,0.36314597615834876,4.1,0.6244997998398398,0
762,0.9144398661609117,0.033128663655532735,0.01732950139180238,0.011015995032604444,0.0007360419977953818,0.00031440848707114727,100.0,0.0,62.25,3.7399866309921483,1.15,0.3570714214271425,4.1,0.8306623862918074,0
763,0.9138567199547557,0.03249106780229836,0.017255490139200084,0.009868843406624835,0.0007608802959054898,0.00029641666163667386,100.0,0.0,63.75,3.476708213238494,1.15,0.3570714214271425,4.1,0.6244997998398398,0
764,0.9132555925472611,0.031794552806881364,0.01869744274589242,0.00916476733278482,0.0007559772634433404,0.0003251267271389421,100.0,0.0,63.05,2.1788758569500923,1.0,0.0,4.0,0.4472135954999579,0
765,0.9126782933034324,0.031753600238780655,0.02093640915860201,0.00930847071571947,0.0007093060334638919,0.0003023236342540655,100.0,0.0,63.7,2.5709920264364885,1.0,0.0,4.05,0.5894913061275798,0
766,0.9103421909670661,0.0321602499194923,0.023582389251188114,0.008780105944874583,0.0006805367335417383,0.0003401304560063966,100.0,0.0,63.55,2.3973944189473704,1.125,0.3112474899497183,4.15,0.5722761571129799,0
767,0.898564237644238,0.027249528613432997,0.027960400666221734,0.009784291568322853,0.0007065732946483289,0.00031704270722912495,100.0,0.0,63.6,3.3376638536557275,1.1,0.3,4.25,0.698212002188447,0
768,0.8918787778012618,0.029470645371214067,0.031324687830640706,0.011315448464102203,0.0006677745027094263,0.00030997727963781574,100.0,0.0,63.2,2.249444375840399,1.0,0.0,4.2,0.812403840463596,0
769,0.8825043094152987,0.03597553880709701,0.03527774676876675,0.012309852888066013,0.0006267131927601237,0.00029159367986043486,100.0,0.0,63.55,2.4387496796514396,1.0,0.0,4.4,0.7999999999999999,0
770,0.8721773899270209,0.042874294313799466,0.03984965432539503,0.012604798329385011,0.0005737464538741845,0.0002878821484627012,100.0,0.0,63.55,3.4128433893163046,1.0,0.0,4.45,0.9205976319760985,0
771,0.8517797460446019,0.050099818066694765,0.04466345031136982,0.0129324193640968,0.0006313146528915014,0.00032539822383187645,100.0,0.0,64.1,3.6728735344413916,1.075,0.23848480035423641,4.3,0.8426149773176358,0
772,0.8351580033216752,0.055984804074835845,0.04925527938734601,0.013888888631066548,0.0006037442471896612,0.0002516364427272572,100.0,0.0,64.55,3.2011716605018234,1.075,0.23848480035423641,4.15,0.7921489758877431,0
773,0.8090401112110435,0.062436253493841916,0.055233304288069184,0.013969246891581431,0.0006266451701436829,0.00026076577392971414,100.0,0.0,63.4,3.903844259188627,1.1,0.3,4.3,0.7810249675906654,0
774,0.7866253522405374,0.06990280954967833,0.0605543039978458,0.015030218174362817,0.000597128065494806,0.00024258425499812505,100.0,0.0,64.1,3.080584360149872,1.0,0.0,4.05,0.6689544080129826,0
775,0.7555807238009751,0.07843583712102496,0.0667183392673624,0.016433909047147612,0.0006286956020732975,0.0002389980849544944,100.0,0.0,63.5,2.7838821814150108,1.0,0.0,4.1,0.6244997998398398,0
776,0.7277122362185756,0.08693218011243184,0.07022306749471793,0.018342681408282782,0.0007516661848374317,0.00037902734273721886,100.0,0.0,63.0,2.345207879911715,1.0,0.0,4.05,0.6689544080129826,0
777,0.6996600534790963,0.08819793818493171,0.07598967170421878,0.01749534394396624,0.0007731785375775303,0.000363406404703765,100.0,0.0,62.6,3.1208973068654475,1.15,0.3570714214271425,4.6,0.7348469228349535,0
778,0.6767564096507666,0.08895770882705285,0.0792324498540891,0.01871446698304099,0.0008540843350402684,0.00046166007522695414,100.0,0.0,62.45,2.7654113618049667,1.125,0.3112474899497183,4.1,0.6244997998398398,0
779,0.6537958628684537,0.08635838209035619,0.08243934013916498,0.018565765164103597,0.0009803831368714747,0.0006162872030063434,100.0,0.0,64.25,2.342541355024496,1.05,0.21794494717703372,4.1,0.7681145747868608,0
780,0.6351164287325929,0.0922136088722306,0.08632746386530714,0.019620387867405952,0.0010028291150324198,0.0005564187122347067,100.0,0.0,63.65,3.424543765233553,1.1,0.3,4.2,0.6,0
781,0.6197282969152996,0.0984003944389693,0.0893337297936196,0.02133396018870152,0.0010534946381771098,0.000515313018520739,100.0,0.0,63.6,3.1685959035509725,1.05,0.21794494717703372,4.1,0.7000000000000001,0
782,0.6116356192834375,0.10213944061184488,0.08983112892442464,0.022605156717923066,0.0011429069164203222,0.0006926547748762064,100.0,0.0,63.1,2.6057628441590768,1.0,0.0,4.4,0.66332495807108,0
783,0.6115538320685706,0.10438086233610372,0.08912376572493494,0.024587696522928252,0.0011777550528335973,0.0006788307682793421,100.0,0.0,63.3,3.4655446902326914,1.1,0.3,4.1,0.5385164807134504,0
784,0.600361477005134,0.11688000880814756,0.09190119534909875,0.02712516953907077,0.0010986344077526704,0.0006229717250067968,100.0,0.0,64.4,2.956349099818896,1.025,0.10897247358851683,3.95,0.6689544080129826,0
785,0.5980053898369666,0.12379835673450117,0.09325055482745527,0.026437997263644524,0.001040792467513435,0.0005278436219855323,100.0,0.0,64.3,2.3473389188611007,1.0,0.0,4.15,0.6538348415311012,0
786,0.5847613279018203,0.132074967643886,0.09671696158842755,0.026211413522504362,0.0009987958164316651,0.00048407072306789193,100.0,0.0,62.65,3.1666228067138023,1.025,0.10897247358851683,4.4,0.6633249580710799,0
787,0.5780235211640448,0.13487452829922167,0.09824737584979956,0.02608496187776476,0.0009702705169894592,0.00046800609824685025,100.0,0.0,63.95,2.0365411854416298,1.0,0.0,4.05,0.3840572873934304,0
788,0.5604060537627198,0.13262504585643786,0.10171771626292939,0.02582427048767188,0.0009793554111670153,0.0004736758466162119,100.0,0.0,64.6,2.4779023386727737,1.0,0.0,4.1,0.7,0
789,0.5531494412095295,0.14138013354192894,0.103662658568952,0.027033119895364686,0.0009183670684810222,0.00037389629472796233,100.0,0.0,63.95,2.9236107812087435,1.025,0.10897247358851683,4.0,0.6324555320336759,0
790,0.5288332000604771,0.1431582734889758,0.10862264842494536,0.026528704663417994,0.0009159433399369138,0.0003881061467495893,100.0,0.0,64.35,3.118894034750139,1.075,0.23848480035423641,4.1,0.7681145747868608,0
791,0.510841893205928,0.13277091408662564,0.1122232599725248,0.02422019943957156,0.00091260477231598,0.0003964611309679786,100.0,0.0,62.95,2.7472713735632306,1.0,0.0,4.25,0.82915619758885,0
792,0.49267538893097573,0.12590822001944393,0.11589734599039084,0.023214425091721287,0.0008503695088430974,0.0004321482604252372,100.0,0.0,62.45,2.923610781208744,1.175,0.36314597615834876,4.35,0.9630680142129111,0
793,0.4677297494377581,0.12160504556650306,0.12052818388195904,0.022631747268105504,0.0008491541165685353,0.0005052273845324245,100.0,0.0,62.35,2.8857408061016154,1.15,0.3570714214271425,4.2,0.6782329983125269,0
794,0.44410663544940177,0.12236126861012915,0.1248313437593422,0.02354381021020576,0.0009283331243925246,0.0005201180676987614,100.0,0.0,64.6,3.4698703145794942,1.15,0.3570714214271425,4.15,0.653834841531101,0
795,0.4280079799968711,0.12499780571015046,0.12793319682865087,0.024576756864402364,0.000984374489282768,0.0004907373927655428,100.0,0.0,63.65,2.669737814842499,1.05,0.21794494717703372,4.3,0.5567764362830021,0
796,0.4134795956140441,0.12336385402878458,0.13091869127272152,0.025244146754105776,0.0011463088377790679,0.0005430423709416697,100.0,0.0,64.15,4.304358256465184,1.1,0.3,4.2,0.6782329983125268,0
797,0.41941375796684105,0.13769968304035876,0.13013681169510588,0.028970859301854838,0.0012719136305777174,0.000670367517679899,100.0,0.0,63.05,3.1855140872392953,1.1,0.3,4.55,0.8645808232895291,0
798,0.4557279212084223,0.17341693820783702,0.1231863791713969,0.03653591092712811,0.001234161771670577,0.0006243116520451191,100.0,0.0,62.4,3.184336665618132,1.05,0.21794494717703372,4.75,0.7664854858377946,0
799,0.4720587886038398,0.17968575921244823,0.12029751554298865,0.03605470879540902,0.0012031716234745036,0.0006771115063921772,100.0,0.0,62.5,2.9410882339705484,1.05,0.21794494717703372,4.45,0.6689544080129827,0
800,0.47870213847406917,0.1966534304557924,0.1193890295965522,0.038245196493355074,0.0009651623158304437,0.0004783160712516218,100.0,0.0,63.5,2.9916550603303182,1.025,0.10897247358851683,4.4,0.4898979485566356,0
801,0.4787846471922883,0.1938205899188075,0.11938736076943794,0.03783341930671314,0.0009252910297457507,0.0005436241627006313,100.0,0.0,63.05,2.4591665254715873,1.05,0.21794494717703372,4.15,0.6538348415311012,0
802,0.4639576583210306,0.1894887005774183,0.12266585398016874,0.037665120606580005,0.0009074611376457996,0.0005080949577796019,100.0,0.0,63.7,2.9342801502242426,1.1,0.3,4.1,0.8306623862918076,0
803,0.45523080733203447,0.17886458446687586,0.12446291216708172,0.035302674273452156,0.0008964964136723808,0.00041767392612501573,100.0,0.0,63.45,3.2935543110748915,1.075,0.17853571071357124,4.15,0.5722761571129799,0
804,0.4491636446622705,0.16181678420755544,0.12577989337425619,0.031878813109109914,0.0009762400110652755,0.0004481102467829971,100.0,0.0,63.65,3.395217224272992,1.125,0.3112474899497183,3.8,0.5099019513592784,0
805,0.44572572223759027,0.14993476045639612,0.12535036767631327,0.02969704176966066,0.0009997118234139914,0.0004942636529190198,100.0,0.0,62.9,3.3000000000000003,1.075,0.23848480035423641,4.45,1.0712142642814275,0
806,0.42928293211204,0.1454117345200086,0.12834993087298296,0.029964326187494172,0.000982013906121138,0.0005703845931076815,100.0,0.0,64.05,3.278337993557101,1.05,0.21794494717703372,4.0,0.6324555320336759,0
807,0.40913025788357354,0.14845966478616993,0.13257706918890477,0.030660752108314537,0.0009557785004123146,0.0006268605380776573,100.0,0.0,63.75,2.8262165522125158,1.0,0.0,4.4,0.6633249580710799,0
808,0.3908666110250071,0.14739588836953374,0.13627841604292543,0.030781550942370325,0.0009736482088683289,0.000551932852721178,100.0,0.0,63.4,2.4372115213907883,1.05,0.21794494717703372,4.15,0.7262919523166976,0
809,0.3755560027975912,0.1422142574448138,0.139509955505506,0.030006667730096023,0.0009685804781876386,0.000547183731300042,100.0,0.0,63.7,3.407345007480164,1.0,0.0,4.35,0.5722761571129799,0
810,0.3671833168810672,0.146145488692152,0.1411168984800994,0.03214102329401552,0.0010566810298044543,0.0006124415326119164,100.0,0.0,63.65,2.868361901852693,1.05,0.21794494717703372,4.25,0.8874119674649424,0
811,0.3620436212710806,0.1430927538028358,0.14222257803738425,0.030836493664088183,0.0010377078122179267,0.0005899154957500341,100.0,0.0,62.8,2.8913664589601917,1.0,0.0,4.25,0.7664854858377946,0
812,0.36341225032314844,0.1529321762559985,0.14173442610490378,0.032760069369800596,0.0010543168979354023,0.0005140504226767586,100.0,0.0,64.4,3.6110940170535573,1.05,0.2179449471770337,4.15,0.8529361054615991,0
813,0.3681819940354927,0.1647533481129695,0.1416853250914211,0.034235386353317694,0.001050313776462524,0.00040438428782778687,100.0,0.0,63.25,2.662235902394827,1.0,0.0,4.3,0.9539392014169457,0
814,0.3738185063161454,0.17034868452127577,0.14100249172122273,0.034680365597612846,0.001127329963099362,0.00043254872126596145,100.0,0.0,63.05,3.3537292675468007,1.05,0.21794494717703372,4.3,0.714142842854285,0
815,0.39171809073819197,0.17625907973065255,0.13716987635405023,0.034747112384411166,0.0011543224360577946,0.0005099841608919402,100.0,0.0,63.85,2.8857408061016154,1.0,0.0,4.15,0.7921489758877431,0
816,0.4067098728888217,0.16976143003828223,0.13300551123735663,0.032791788167302216,0.0012315306546786561,0.0006426778423784301,100.0,0.0,64.75,2.5074887836239665,1.075,0.17853571071357124,3.95,0.5894913061275798,0
817,0.4209005342672407,0.15296385663751896,0.1301881137203698,0.029008498581410004,0.0012273297266179825,0.0006238957556141023,100.0,0.0,64.05,3.7745860700214533,1.125,0.3112474899497183,4.05,0.5894913061275798,0
818,0.43100841724815747,0.13558541853020983,0.12762028799895114,0.024241687935135255,0.0012753899011752347,0.0007298771921309309,100.0,0.0,63.35,2.4550967394381837,1.0,0.0,3.95,0.49749371855331,0
819,0.44194792834912844,0.1340129444494725,0.12579348294953935,0.024266925658231756,0.0011803893326927828,0.0006869522683157598,100.0,0.0,62.25,2.913331426391443,1.05,0.21794494717703372,4.5,1.02469507659596,0
820,0.4604690694683823,0.13707084063501654,0.12201468561591362,0.025235578472332917,0.001078776948402836,0.0006223211581113093,100.0,0.0,64.3,3.4365680554879163,1.05,0.21794494717703372,4.1,0.6244997998398398,0
821,0.4611006798527987,0.13808200112547428,0.12236736042742928,0.025646429649627097,0.000999604198785376,0.0006203277041887275,100.0,0.0,62.65,3.08666486681013,1.05,0.21794494717703372,4.25,0.6224949798994366,0
822,0.47785333575324423,0.13986952224257237,0.11902029902147304,0.026488692905625097,0.0009561670390496959,0.0005976308488751793,100.0,0.0,63.7,2.703701166919155,1.15,0.32015621187164245,4.2,0.6782329983125268,0
823,0.47588640570568985,0.13271881007378528,0.11968076857842383,0.025066701554590794,0.000946440719168055,0.0005578981517454731,100.0,0.0,63.05,3.3387872049593095,1.2,0.4,3.95,0.5894913061275798,0
824,0.47778041256622805,0.1317529655227991,0.11977097705314019,0.024902555806758826,0.0008950420398559722,0.0005638583143073914,100.0,0.0,62.7,3.287856444554719,1.05,0.21794494717703372,4.25,0.698212002188447,0
825,0.4797612910528642,0.12415329617770235,0.11918109314339476,0.023714917637780625,0.0008743874732923742,0.0005047083090690887,100.0,0.0,62.65,3.439113257803529,1.2,0.4,4.25,0.698212002188447,0
826,0.4865021432445508,0.12203515809980928,0.11758565804681556,0.023834515558406034,0.0009118480018331418,0.00035866881888158366,100.0,0.0,63.05,4.153010955921017,1.15,0.3570714214271425,4.2,0.812403840463596,0
827,0.5045068636257071,0.11899707741701683,0.11448652731261308,0.02304379443623896,0.0009599010944799384,0.0004044252965262721,100.0,0.0,63.8,2.1354156504062622,1.025,0.10897247358851683,4.35,0.6538348415311012,0
828,0.5326131402449621,0.12032230861954472,0.10849169840656207,0.02290352605848331,0.0010571884223550885,0.0006065187002973843,100.0,0.0,63.15,3.08666486681013,1.025,0.10897247358851683,4.0,0.6324555320336759,0
829,0.5514720197254352,0.13737488130256656,0.10456689476244449,0.025983686816294316,0.0010032792932025691,0.0005010670820438158,100.0,0.0,63.2,3.5721142198983498,1.15,0.3570714214271425,4.4,0.6633249580710799,0
830,0.5641237812795371,0.1403146058727814,0.10155319175625022,0.025949840422726293,0.0010293940839670782,0.0007078664682970218,100.0,0.0,62.6,2.8530685235374214,1.1,0.3,4.3,0.7810249675906654,0
831,0.5753023260314777,0.13806939529189102,0.09990988819948209,0.02496644389327594,0.0009858117358084867,0.0007547791555034883,100.0,0.0,63.6,2.973213749463701,1.025,0.10897247358851683,4.5,0.9219544457292888,0
832,0.5862350157413597,0.13459908326715792,0.09771500104234501,0.024247383937897316,0.0009711541104555474,0.0006218897379308358,100.0,0.0,62.9,2.5865034312755126,1.05,0.21794494717703372,4.45,0.7399324293474372,0
833,0.5907156490105454,0.1359020995412546,0.09721992632825226,0.024348634887697812,0.0009072330866904321,0.0006134510130015613,100.0,0.0,63.1,2.4677925358506134,1.0,0.0,4.4,0.7999999999999999,0
834,0.6006705784057369,0.14146912229345637,0.09465195441440785,0.027152717113175944,0.0008980880938485363,0.0007779308853396341,100.0,0.0,63.55,3.4128433893163046,1.075,0.23848480035423641,3.95,0.6689544080129827,0
835,0.6155370964279168,0.1361599158371947,0.09120562448794307,0.02792196700767557,0.0008819698940972835,0.0006936749189211891,100.0,0.0,64.5,3.263433774416144,1.05,0.21794494717703372,4.3,0.714142842854285,0
836,0.632912485700023,0.12862927483866707,0.08773212659827469,0.026951748515350715,0.0008660805482775532,0.0005405312029465723,100.0,0.0,63.25,3.222964473896664,1.0,0.0,4.25,0.6224949798994366,0
837,0.6400297792231674,0.11777686160790467,0.08718166535449123,0.02433876698202763,0.0008388192545697497,0.00044535616665536355,100.0,0.0,63.1,2.0712315177207983,1.125,0.3112474899497183,4.15,0.7262919523166975,0
838,0.6538803417950823,0.11263468240574993,0.08515305732359815,0.022463376900206024,0.0008115787604913952,0.00042296935651806353,100.0,0.0,63.25,2.9811910371527683,1.05,0.21794494717703372,4.15,0.5722761571129799,0
839,0.663915283045824,0.10751220357263724,0.0830385679342899,0.021192366066851827,0.0008541949808667255,0.0004424385454492791,100.0,0.0,62.25,2.6433879775772606,1.1,0.3,4.35,0.7262919523166975,0
840,0.6762861919832965,0.1043029922795854,0.08055465811921353,0.020392182405318145,0.0008756851369109275,0.0004282493058933533,100.0,0.0,63.5,2.224859546128699,1.05,0.21794494717703372,4.35,0.5722761571129799,0
841,0.6936887143721227,0.09977115846009639,0.07721161111451721,0.020666819564613248,0.0008296675359224625,0.0003535843687911482,100.0,0.0,62.5,2.224859546128699,1.05,0.21794494717703367,4.3,0.714142842854285,0
842,0.7073039596484303,0.09529112160336468,0.0747848675846542,0.019700700808910575,0.0007965918857280902,0.0003366004486997649,100.0,0.0,62.95,4.09237095092808,1.15,0.3570714214271425,4.3,0.9,0
843,0.71818507918334,0.09218946662438252,0.0729388839623722,0.018579665281655396,0.0007667256212952696,0.00035719935986114007,100.0,0.0,63.1,3.1448370387032774,1.025,0.10897247358851683,4.3,0.7810249675906654,0
844,0.7316871818392972,0.09608685100754837,0.07042820171682204,0.01924689473196027,0.0007276615777486177,0.0003506897524045744,100.0,0.0,63.25,3.7399866309921483,1.15,0.3570714214271425,4.2,0.5099019513592784,0
845,0.7428044063770225,0.09972644711204051,0.06797258783073722,0.019057764549530083,0.0007340029320132234,0.0003899779124931727,100.0,0.0,63.45,2.4794152536434875,1.125,0.3112474899497183,3.95,0.7399324293474371,0
846,0.7503382293328125,0.0987138873579663,0.06579961779610419,0.01965697557255863,0.000787546955488317,0.0004887180375055152,100.0,0.0,63.8,2.6,1.05,0.21794494717703372,4.0,0.6324555320336759,0
847,0.7642464792890713,0.0961989741997494,0.06279749905917216,0.019747060964227455,0.0007746186169946135,0.0005163556050203523,100.0,0.0,63.75,2.426417111710186,1.0,0.0,4.3,0.6403124237432849,0
848,0.7741493631936874,0.08888344070016052,0.061119511706725894,0.01933728724128242,0.0007397336031174906,0.0005054866300120221,100.0,0.0,63.8,2.9257477676655586,1.1,0.3,3.95,0.49749371855331004,0
849,0.7851352374878304,0.08573061676908764,0.05813556606604113,0.019977164114834987,0.0007286431636742884,0.0004625129540379983,100.0,0.0,62.9,2.7367864366808012,1.05,0.21794494717703372,4.55,0.8046738469715542,0
850,0.7986483988838284,0.08432410341299175,0.054683178042010526,0.019972824448350572,0.0007414758764979223,0.00038771360559334,100.0,0.0,64.25,3.7798809505062456,1.0,0.0,4.1,0.7000000000000001,0
851,0.8141032170028988,0.07615467091246103,0.051936983874584584,0.01754058032107519,0.0007262941834014021,0.000342995531455473,100.0,0.0,63.75,2.426417111710186,1.0,0.0,4.1,0.6244997998398398,0
852,0.8281365199092459,0.07399355647100694,0.04857389096751102,0.016921575395902465,0.00070973433879754,0.0003626681569250658,100.0,0.0,63.5,3.442382895611701,1.0,0.0,4.2,0.6,0
853,0.8354780496118648,0.06517552624672533,0.04518548805670224,0.015076185992383634,0.0008035310334372468,0.00029452138049880185,100.0,0.0,64.4,2.0591260281974,1.0,0.0,4.0,0.5477225575051661,0
854,0.8506810650645011,0.0647095196593192,0.04284318411354261,0.01536860358511442,0.0007044764048059736,0.00029521065473946015,100.0,0.0,63.35,3.1666228067138023,1.1,0.3,3.95,0.9205976319760983,0
855,0.8580434349738241,0.06622344939167026,0.03944727138803554,0.016367050751007427,0.0007283876881600152,0.00030269694315578473,100.0,0.0,63.75,3.4478254016118624,1.1,0.3,4.15,0.6538348415311009,0
856,0.8692727699237155,0.06668388024064308,0.03511613481820641,0.016508916763865622,0.0007505910978943544,0.00037101101642117527,100.0,0.0,63.9,1.8681541692269403,1.0,0.0,4.05,0.49749371855331004,0
857,0.8857408169274714,0.06345897964794066,0.030223431342962282,0.01675471758154297,0.0006971133215568192,0.00037614980598139083,100.0,0.0,63.05,3.3087006513131403,1.1,0.3,4.1,0.6244997998398398,0
858,0.8907685788786956,0.062432780907100624,0.02799307608738502,0.017106354309760468,0.0007130196327963989,0.00035797375875587967,100.0,0.0,63.6,3.813135192987524,1.075,0.23848480035423641,4.1,0.5385164807134504,0
859,0.8933590311419396,0.05199947478455172,0.02698683251731205,0.0150483754768637,0.0007344162649649107,0.00035266841835986253,100.0,0.0,62.6,3.2619012860600183,1.1,0.3,4.3,0.8426149773176358,0
860,0.9019847856575371,0.048101713853483614,0.02631212375329845,0.0136554237404553,0.000665185838231971,0.000386394322260583,100.0,0.0,61.85,2.5743931323712,1.15,0.32015621187164245,4.4,1.019803902718557,0
861,0.9106600555300037,0.04122425424828682,0.023473865940111215,0.01414808838356859,0.000625188532580643,0.0002952879674035993,100.0,0.0,63.4,3.2465366161495854,1.1,0.3,4.3,0.6403124237432849,0
862,0.9161446708749444,0.03494034050084623,0.022101613281282254,0.013446286481004325,0.0005915891428188759,0.0002597835815722824,100.0,0.0,63.45,2.3764469276632285,1.075,0.23848480035423641,4.05,0.739932429347437,0
863,0.9197928263076198,0.038591642153554685,0.020858834425923258,0.013718158946066745,0.0005774268664099928,0.00030229127762835346,100.0,0.0,63.5,2.5,1.05,0.21794494717703372,4.15,0.653834841531101,0
864,0.9207239895509893,0.0401555262989492,0.02091659693612311,0.013721688061008451,0.0005652137665299926,0.00027021695056604606,100.0,0.0,63.9,2.7184554438136375,1.1,0.3,4.1,0.30000000000000004,0
865,0.9149383838464121,0.04349151981688738,0.024256289910852616,0.014362359212930645,0.0005443436507903012,0.00027685534250475216,100.0,0.0,63.8,3.8026306683663087,1.05,0.21794494717703372,4.2,0.812403840463596,0
866,0.9095178973742808,0.04884246496494068,0.026522405156822488,0.015293591033791108,0.0005482414388523979,0.0002585581054492408,100.0,0.0,63.65,2.815581645060217,1.075,0.23848480035423641,4.35,0.963068014212911,0
867,0.9022194146110074,0.051927448801155004,0.03008756491942019,0.016428208324842233,0.0005176502438723505,0.00020286748854179873,100.0,0.0,64.0,2.449489742783178,1.0,0.0,4.0,0.5477225575051661,0
868,0.8836643221399834,0.059070322823325486,0.0347432936152429,0.01786573506622623,0.0005686541694029602,0.00020725872518248311,100.0,0.0,64.0,2.32379000772445,1.0,0.0,4.25,0.6224949798994366,0
869,0.8713098044557427,0.0623115953855139,0.03877994098393845,0.0170784867534649,0.0005679783180918139,0.00019954733899949412,100.0,0.0,63.35,3.453621287865825,1.1,0.2549509756796392,4.35,0.8529361054615991,0
870,0.8566596746923508,0.07195932754450832,0.04364663626686244,0.01793792624847206,0.0005356306123119641,0.00019102203672009338,100.0,0.0,62.05,4.06786184622831,1.275,0.43229041164476456,4.2,0.7483314773547883,0
871,0.8395133633077398,0.07456643260034361,0.0482310731665172,0.01808708710192484,0.0005446307401907356,0.00026572897999261284,100.0,0.0,64.8,3.026549190084311,1.0,0.0,3.85,0.7262919523166975,0
872,0.8128044005409987,0.07508342130610461,0.05440329585207489,0.016784249632987216,0.0005876466737248058,0.00022531637555433859,100.0,0.0,62.9,2.8442925306655784,1.15,0.3570714214271425,4.15,0.5722761571129799,0
873,0.7888058523733956,0.07922999809105205,0.05907051992762039,0.016661094148849694,0.0006395227995522378,0.0002538386304606393,100.0,0.0,63.85,2.8508770580296865,1.05,0.21794494717703372,4.2,0.6782329983125269,0
874,0.7635502519381403,0.08281746766694645,0.0634598073306379,0.016920619113933874,0.0007055498205591413,0.00031335045669440907,100.0,0.0,64.35,3.365635155509284,1.025,0.10897247358851683,3.85,0.5722761571129799,0
875,0.7355999826753401,0.07678305481227826,0.06734609629772663,0.01680400123882985,0.0008638684314773009,0.0004602441149209304,100.0,0.0,63.95,2.654712790491657,1.0,0.0,4.35,0.653834841531101,0
876,0.7125393203604504,0.08552140068677971,0.07246503046025174,0.018252165914102246,0.0008500725765342575,0.0004106169793493923,100.0,0.0,62.9,3.345145736735546,1.15,0.3570714214271425,4.2,0.7483314773547883,0
877,0.6950881597057594,0.08800128658887667,0.07556115311348574,0.018696655817517314,0.0009145261837177829,0.0004065404142505002,100.0,0.0,63.5,3.52845575287547,1.05,0.21794494717703372,4.35,0.6538348415311012,0
878,0.6756329900579435,0.10264024520826354,0.07983937522376114,0.020683250991966502,0.0009155691457557654,0.0003766183705743697,100.0,0.0,62.15,3.5535193822462827,1.1,0.3,4.6,0.66332495807108,0
879,0.6668567168132681,0.11464302603390401,0.08178986336951102,0.02180417120769218,0.000943803889240738,0.000351183523926629,100.0,0.0,62.8,2.580697580112788,1.075,0.23848480035423641,4.6,1.0677078252031311,0
880,0.6524486739695852,0.11496128391811171,0.08476469137446044,0.02222743114389766,0.000913815948953525,0.0003901023516938957,100.0,0.0,63.75,2.3637893307145625,1.05,0.21794494717703372,4.3,0.6403124237432849,0
881,0.6414390916644557,0.11814692348319142,0.08729239431217115,0.02210582752277851,0.0008773847515569205,0.0004413823897079372,100.0,0.0,63.15,3.1666228067138023,1.15,0.3570714214271425,4.4,0.9165151389911679,0
882,0.6207601764768294,0.12494795700080463,0.09095705541640045,0.023260627519775704,0.0008958695865925164,0.0004350871363509173,100.0,0.0,63.2,3.0594117081556704,1.075,0.23848480035423641,4.55,0.7399324293474372,0
883,0.596559827029777,0.1276667461430915,0.09548008230901113,0.02436286483329855,0.0008933561428027179,0.00047446596999225967,100.0,0.0,64.7,3.287856444554719,1.1,0.3,4.1,0.7,0
884,0.5792155195261036,0.13270372908046082,0.09947025250769742,0.024989155168617237,0.0008629566538407207,0.0004701301969837701,100.0,0.0,63.05,2.8892040426387333,1.05,0.21794494717703372,4.3,0.714142842854285,0
885,0.561490817814858,0.13764697866474976,0.10297287904998542,0.025245018868786925,0.0009235555226243273,0.0004506752583656854,100.0,0.0,62.9,2.896549671592048,1.15,0.3570714214271425,4.15,0.47696960070847283,0
886,0.5483654320876628,0.14727246218262308,0.10649670771078952,0.02724615158248037,0.0008414077512675864,0.00040732136347857714,100.0,0.0,61.9,2.981610303175114,1.05,0.15,4.3,0.714142842854285,0
887,0.5302045484173735,0.15601799277947861,0.10982976448743272,0.028490893386114713,0.0008566911644996191,0.0004922213560568372,100.0,0.0,63.7,3.479942528261063,1.075,0.23848480035423641,3.8,0.7483314773547883,0
888,0.5065075709248731,0.1581275761780566,0.11505796091210348,0.02875925986283468,0.000827710419936826,0.0005225956512084935,100.0,0.0,63.15,3.102821296820041,1.125,0.3112474899497183,3.95,0.5894913061275798,0
889,0.48652524484332266,0.1503622050756483,0.11819084018760373,0.027411556324134168,0.0008954320569748416,0.000536934769138887,100.0,0.0,63.55,3.4274626183227737,1.1,0.3,4.35,0.6538348415311009,0
890,0.46684668334315127,0.13332781400485905,0.1212472212828553,0.02417240064300292,0.0010506091066500279,0.0006566082575004218,100.0,0.0,63.1,2.826658805020514,1.025,0.10897247358851683,4.4,0.4898979485566356,0
891,0.46559860536277853,0.12554669268214502,0.12098671245957575,0.02396301153040775,0.0011466864354122877,0.0007811078463660111,100.0,0.0,63.9,3.047950130825634,1.0,0.0,4.3,0.6403124237432849,0
892,0.47262124345387396,0.14018250233681623,0.11922813775698318,0.026532662159733315,0.0011632918306447436,0.0006138743518358159,100.0,0.0,64.55,3.6670833096617805,1.05,0.21794494717703372,4.2,0.7483314773547883,0
893,0.4678593042104504,0.14071112413766604,0.11968807064170683,0.026598403407829128,0.0012462885130464308,0.0008150573490293922,100.0,0.0,63.25,2.2555487137279924,1.05,0.21794494717703372,4.2,0.5099019513592784,0
894,0.47653241858474893,0.14016723703984546,0.11809652938677202,0.02772092208316213,0.0011503200307789033,0.0009531466490331261,100.0,0.0,63.4,3.120897306865447,1.15,0.3570714214271425,4.2,0.7483314773547883,0
895,0.46094955905681034,0.14085401883160703,0.12155365015202708,0.02827040507555723,0.0010032750836853953,0.0007257831768195216,100.0,0.0,62.75,3.080178566252288,1.15,0.32015621187164245,3.95,0.739932429347437,0
896,0.44937647328213864,0.13644098443191374,0.12495432081877497,0.026959398944249254,0.0008765049188338549,0.0005103183622437467,100.0,0.0,63.5,3.5,1.075,0.23848480035423641,4.45,0.9733961166965893,0
897,0.4272407019140799,0.13622494024300585,0.1293836464708918,0.02624716856473918,0.0008751819384315458,0.00045107182219642644,100.0,0.0,63.2,3.5298725189445577,1.1,0.3,4.45,0.8645808232895291,0
898,0.412653537219627,0.13052806704969577,0.132311663046721,0.024612778667058022,0.0008657415103745847,0.0005283976353837741,100.0,0.0,63.8,3.295451410656816,1.05,0.21794494717703372,4.4,0.8602325267042626,0
899,0.4078466738185787,0.12855139953925537,0.13325521053464887,0.02454714389241436,0.000891160414173367,0.0004523060911410276,100.0,0.0,63.55,3.4420197558991443,1.0,0.0,4.1,0.5385164807134504,0
900,0.40183772407879736,0.12016167618246279,0.1349290266778071,0.02313750446055043,0.0008569728692298299,0.00041164024222553093,100.0,0.0,63.4,2.989983277545211,1.1,0.3,4.1,0.7681145747868608,0
901,0.4058609401909739,0.11582444477680295,0.13372063044397436,0.02243548368088019,0.0009885037807565976,0.000602413846620834,100.0,0.0,64.2,2.6191601707417584,1.075,0.23848480035423641,4.15,0.5722761571129799,0
902,0.41573917603142246,0.13938626629011103,0.131539072504203,0.026919062550265462,0.0009427535718081253,0.000681098811809598,100.0,0.0,62.1,3.223352292257239,1.175,0.36314597615834876,4.3,0.5567764362830021,0
903,0.4054562900814494,0.1612468593095162,0.13378492126057576,0.03133046167905566,0.0008366925173372682,0.0005137348717384201,100.0,0.0,63.75,2.2332711434127295,1.025,0.10897247358851683,4.05,0.6689544080129826,0
904,0.3841578891917231,0.16432419328731668,0.1385418858734087,0.032386262323521854,0.0007917675516281994,0.0005297055272487081,100.0,0.0,63.7,4.026164427839479,1.15,0.3570714214271425,4.1,0.5385164807134504,0
905,0.37416932177130807,0.1688412223593512,0.14077194953950062,0.033851192497936854,0.0008531440891109516,0.0006313788789663564,100.0,0.0,63.5,2.819574435974337,1.0,0.0,4.25,0.6224949798994366,0
906,0.3707321374405622,0.1634535808314229,0.14125208429168656,0.032603608912585985,0.0009897069141083061,0.0006057187632968232,100.0,0.0,62.7,2.934280150224242,1.05,0.21794494717703372,4.25,1.0897247358851685,0
907,0.3704007796511505,0.15291955939468127,0.14155240955643583,0.030722838333060946,0.001001223506915163,0.0005683898582866718,100.0,0.0,63.15,2.669737814842499,1.05,0.21794494717703372,4.25,0.5361902647381804,0
908,0.3739043580639826,0.15973456794069055,0.14109343724296391,0.03335646620964746,0.0010592156341620925,0.0006066954394809581,100.0,0.0,62.65,2.7436289836637897,1.1,0.3,4.15,0.4769696007084728,0
909,0.3692077227463769,0.16394755185130652,0.14210632596773365,0.03512370902785969,0.0010774714269387257,0.0008471630812822274,100.0,0.0,62.45,3.308700651313141,1.125,0.3112474899497183,4.25,0.9420721840708386,0
910,0.3694930347212354,0.16816619263527888,0.1422774986321407,0.03700974320221874,0.0011449683263803673,0.0009076746471359809,100.0,0.0,62.4,3.839270764090493,1.225,0.40233692348577704,4.2,0.7483314773547882,0
911,0.3725895746285861,0.1788921249422217,0.14285369317853042,0.039650042020359114,0.0010743145499277306,0.000702580713490052,100.0,0.0,62.25,3.222964473896664,1.025,0.10897247358851683,4.55,0.8046738469715541,0
912,0.3770081243984197,0.17796332397699763,0.1422450069618896,0.0377293134490265,0.0010796651669771455,0.0006341341197766221,100.0,0.0,63.9,2.5278449319529077,1.05,0.21794494717703372,4.45,0.7399324293474372,0
913,0.3877304935270807,0.16811056965869625,0.139899633950847,0.03487073770884009,0.001158269233708392,0.0006667377199101528,100.0,0.0,63.65,2.4550967394381837,1.0,0.0,4.55,0.8046738469715541,0
914,0.39517301032879437,0.15806964970522525,0.13780220400826085,0.032154490846746736,0.0010670784713722558,0.0005887589242740598,100.0,0.0,63.65,2.6697378148424984,1.05,0.21794494717703372,4.0,0.6324555320336759,0
915,0.40371147648059846,0.1653104645867211,0.1357040998989379,0.033264712219815765,0.0010359393234992819,0.00064207708124035,100.0,0.0,62.9,2.773084924772409,1.1,0.3,4.25,1.0428326807307104,0
916,0.4022228713788662,0.15847881015792845,0.13577560047508938,0.03158020406902028,0.000992123521678933,0.0005769916866738173,100.0,0.0,63.55,3.9808918598726084,1.05,0.21794494717703372,4.0,0.8366600265340756,0
917,0.4017066723433283,0.15926897463748796,0.13562091776919388,0.031921873368041274,0.0009582487197664841,0.0005508117971138655,100.0,0.0,63.8,2.8913664589601917,1.1,0.3,4.0,0.6324555320336759,0
918,0.3934199112507745,0.15604529651272914,0.13756050705565828,0.031865983178630444,0.0009285694685117144,0.0005683994606846185,100.0,0.0,63.05,3.323777970924051,1.1,0.3,4.35,0.5722761571129799,0
919,0.39087154234984334,0.1516595250445164,0.13710687776427927,0.03179872557858521,0.0009957759386833263,0.0008440129439222977,100.0,0.0,64.0,2.6832815729997477,1.0,0.0,4.3,0.6403124237432849,0
920,0.38863371878338365,0.16206073010037955,0.1381903509130006,0.035134782597477585,0.0008926414561986997,0.0005846900103839949,100.0,0.0,63.25,2.9979159427842537,1.025,0.10897247358851683,4.3,0.7810249675906654,0
921,0.39172177109068457,0.16467740018970425,0.13798681123484646,0.03632176704816553,0.0008292748317419504,0.00043401632606780835,100.0,0.0,62.95,3.840247387864485,1.1,0.3,4.3,0.8426149773176358,0
922,0.3953934111537364,0.16674783383785105,0.13756297785422258,0.03771704431215473,0.0009008120018255296,0.0004139997632120023,100.0,0.0,62.35,2.7436289836637897,1.1,0.3,4.25,0.82915619758885,0
923,0.40756422064802045,0.16630941213767816,0.1351509448704919,0.03718471347164011,0.0009887008237083699,0.0003291916662945394,100.0,0.0,63.7,3.083828789021855,1.05,0.2179449471770337,3.95,0.3840572873934304,0
924,0.4413614227066037,0.16160160568508308,0.128537596422096,0.03451075532358728,0.0011004238987978832,0.0004920576602086478,100.0,0.0,64.6,2.9899832775452104,1.0,0.0,4.1,0.6244997998398398,0
925,0.45877919919778626,0.16138699721726954,0.12456641870357077,0.03255741423245757,0.000935980447284299,0.0003745773710811056,100.0,0.0,64.6,2.8705400188814645,1.05,0.21794494717703372,4.1,0.6244997998398398,0
926,0.4602958850691434,0.15157675663906284,0.12339726181274277,0.029578519830904624,0.0009159062600133291,0.00040044332569129343,100.0,0.0,63.3,2.98496231131986,1.0,0.0,4.1,0.6244997998398398,0
927,0.459179743107459,0.14132616772953374,0.12275565775103747,0.02687313664800808,0.0009031089039074021,0.0005115942438468106,100.0,0.0,63.65,2.4550967394381837,1.025,0.10897247358851683,4.2,0.6782329983125268,0
928,0.46301708741048175,0.1354942513950902,0.12074707016157223,0.02597765597565225,0.0010232002579180824,0.0005522483656188347,100.0,0.0,63.75,3.491060010942235,1.1,0.3,3.75,0.6224949798994366,0
929,0.47307737296872554,0.1372172176687155,0.11837544249961467,0.025182335490121877,0.0011006780914340228,0.0005951373472328868,100.0,0.0,63.75,2.7363296585024255,1.05,0.21794494717703372,4.2,0.6782329983125269,0
930,0.4770451889562509,0.13493203516799818,0.11766426344220167,0.024662160847074024,0.0010564384861011015,0.0006630030721798768,100.0,0.0,62.6,3.1208973068654475,1.15,0.3570714214271425,4.1,0.6244997998398398,0
931,0.480392359588964,0.1359928691022518,0.11772442190758434,0.024577051559748018,0.0009706401484833218,0.0005120449728273647,100.0,0.0,63.45,3.353729267546801,1.0,0.0,4.3,0.6403124237432849,0
932,0.49084706900927494,0.1298111767306984,0.11562719965468146,0.022902010653823242,0.0009305162891324505,0.0004266250976524224,100.0,0.0,63.25,3.207413287993925,1.05,0.21794494717703372,4.3,0.8426149773176358,0
933,0.4978187453874724,0.12717411864633052,0.11495847136441555,0.022056032710876618,0.0008655379741386085,0.0004794779097162398,100.0,0.0,63.4,3.541186241925155,1.05,0.21794494717703372,4.35,0.5722761571129799,0
934,0.5014985752554764,0.12764946567515542,0.11362533865000775,0.022708817332498847,0.0009220933454466423,0.0005327820634545318,100.0,0.0,62.4,3.2619012860600183,1.25,0.4330127018922193,4.2,0.6782329983125269,0
935,0.508605696780534,0.1324854376414575,0.11200086830285291,0.02393797422128941,0.0009792300865121301,0.0005216024407596498,100.0,0.0,63.6,2.9563490998188966,1.1,0.3,4.5,0.7416198487095663,0
936,0.5221598173383704,0.12753221866307257,0.1091034283239422,0.02272236649912568,0.0010494924258216917,0.0005756696783075105,100.0,0.0,63.5,3.248076353782343,1.125,0.3112474899497183,4.1,0.7681145747868608,0
937,0.5567192516090652,0.12723419410619605,0.10293337320398499,0.02275283887352455,0.0010482746114800373,0.0005978734188803799,100.0,0.0,63.3,3.333166662499792,1.05,0.21794494717703372,4.3,0.9539392014169458,0
938,0.5843928526045125,0.14450364413003935,0.0978796834625862,0.027048107513944507,0.0009404290227038239,0.000516147890261405,100.0,0.0,64.15,3.08666486681013,1.0,0.0,4.4,0.66332495807108,0
939,0.612407501480474,0.1492914654964458,0.09209356648820807,0.027612486674434614,0.0009721282800577227,0.0005325164804293494,100.0,0.0,64.75,2.277608394786075,1.0,0.0,4.15,0.4769696007084728,0
940,0.6321515738319458,0.14385333243387896,0.08809232783049195,0.027882288569162608,0.000993171990649723,0.0005551764985544899,100.0,0.0,63.25,2.947456530637899,1.0,0.0,4.2,0.7483314773547883,0
941,0.6573921641889942,0.13939171904788783,0.08332443162255829,0.028795915729930347,0.0009164388394296296,0.00043522198427502483,100.0,0.0,64.85,3.4391132578035286,1.1,0.3,4.0,0.7071067811865476,0
942,0.6714390220729348,0.13160594203602496,0.0792610118699658,0.029104832870369055,0.0009894223537214824,0.0004328142830412372,100.0,0.0,63.25,3.2996211903792836,1.05,0.21794494717703372,4.35,0.6538348415311012,0
943,0.7038133582317742,0.1296431158933863,0.07443793376374504,0.027149025946309868,0.0008621808585011669,0.0004478758850117586,100.0,0.0,63.3,2.6286878856189833,1.05,0.21794494717703372,4.4,0.8602325267042626,0
944,0.7192069217480429,0.11976999135317808,0.07142995987681519,0.02455466733330925,0.0008472341217510001,0.00044958924918607506,100.0,0.0,63.85,3.0866648668101306,1.1,0.3,4.2,0.6782329983125269,0
945,0.7323600482062183,0.11955374891509546,0.06804584176252035,0.02475650589828863,0.0008573151685155368,0.00042889964297148183,100.0,0.0,65.0,3.1304951684997055,1.05,0.21794494717703372,4.3,0.9539392014169458,0
946,0.7383086372469349,0.11844291804767317,0.06624963000641251,0.024303082693877324,0.0009025613677892166,0.00042340869299859065,100.0,0.0,63.5,2.9410882339705484,1.05,0.21794494717703372,4.05,0.6689544080129826,0
947,0.7571065333878455,0.11291318595293504,0.06183517204312346,0.022243495292462768,0.0009371945495107366,0.00041388033592874596,100.0,0.0,63.3,3.0182776545573144,1.075,0.23848480035423641,4.1,0.7681145747868608,0
948,0.7748345182019382,0.10114943516191971,0.05689476776704412,0.020400056756394447,0.0009823142444169485,0.00043207962693647244,100.0,0.0,62.4,2.4979991993593593,1.1,0.3,4.1,0.8306623862918076,0
949,0.7846587595773135,0.09605547004560647,0.053515398727628574,0.019600905536441962,0.0010538948024558631,0.0005152898018857321,100.0,0.0,62.7,3.536947836765479,1.05,0.21794494717703372,4.15,0.5722761571129799,0
950,0.8029809371787854,0.07819739260384018,0.04943963514373053,0.015966156586854224,0.0010503137171143694,0.0004831489371249686,100.0,0.0,62.3,3.083828789021855,1.15,0.3570714214271425,4.2,0.6782329983125269,0
951,0.809801992670003,0.08281488092573251,0.04644555753562586,0.015683839748720833,0.0011109476288895775,0.0006850511086738091,100.0,0.0,63.95,2.8013389655662877,1.0,0.0,4.45,1.0712142642814273,0
952,0.8217730142919288,0.07794454181766824,0.04382405887495193,0.014390687586245624,0.0010716464184647395,0.000607939402111357,100.0,0.0,63.85,3.259984662540608,1.075,0.23848480035423641,4.15,0.5722761571129799,0
953,0.8364627199444481,0.07147909963606337,0.04004722041959742,0.01271933145403717,0.0010497398544152285,0.0006314734198894514,100.0,0.0,62.2,2.803569153775237,1.15,0.3570714214271425,4.4,0.7999999999999999,0
954,0.8518938286687765,0.07014536841503381,0.035820886397246156,0.013315146846691068,0.00099517354241051,0.0005909187869592865,100.0,0.0,63.35,2.9542342493444895,1.125,0.3112474899497183,4.35,1.061838029079765,0
955,0.8605984494836519,0.06447758804725334,0.03408410634377938,0.014412369841112799,0.0009225165070293727,0.0005350066337557706,100.0,0.0,63.8,3.0430248109405875,1.1,0.3,4.2,0.5099019513592784,0
956,0.8757153901167136,0.05268333965392387,0.030911247450620925,0.012338153204750613,0.0008613875978574935,0.0004491162588198068,100.0,0.0,63.55,2.6734808770589704,1.0,0.0,4.25,0.7664854858377946,0
957,0.8878235866645982,0.048820360391408836,0.027083401533494027,0.011016375913957177,0.0008397550170192454,0.000443613865406953,100.0,0.0,63.65,2.4753787588973126,1.05,0.21794494717703367,4.2,0.7483314773547882,0
958,0.8968143229747376,0.046158221792247475,0.023265919057806637,0.010577189814587258,0.0008361790690526582,0.00043133785692788483,100.0,0.0,63.75,2.5273503912200224,1.05,0.21794494717703372,4.55,0.8046738469715541,0
959,0.902738180340528,0.042726551120099286,0.02144513739167923,0.009210168719584478,0.0008174215185562299,0.0004367666496093466,100.0,0.0,63.35,3.8765319552404045,1.1,0.3,4.25,0.698212002188447,0
960,0.9080296520843796,0.041598050992797356,0.021187473881506016,0.010839330428606617,0.0007355627878220337,0.00041085035046882474,100.0,0.0,62.55,2.7106272336859605,1.05,0.21794494717703372,4.3,0.8426149773176358,0
961,0.9124226032543387,0.04044963760906295,0.020493028305206884,0.011564337250404441,0.0006803167641834687,0.0003646534837717223,100.0,0.0,63.85,2.632014437650371,1.1,0.3,4.35,0.7262919523166975,0
962,0.9076104999350318,0.042329828314372285,0.022482026152806107,0.010319834373794964,0.0007198893511200877,0.0003813171995065013,100.0,0.0,62.9,2.0712315177207983,1.025,0.10897247358851683,4.15,0.6538348415311012,0
963,0.9103727963168311,0.044555055353456725,0.02302907134298445,0.010538401025256655,0.0006683899399663775,0.00037321332390929826,100.0,0.0,64.6,3.1208973068654466,1.1,0.3,4.1,0.7681145747868608,0
964,0.9069531526406923,0.04290995087938361,0.023217599056364717,0.010686441902559192,0.0007044698113408672,0.0003935637011669525,100.0,0.0,63.6,3.7067505985701277,1.1,0.3,4.4,0.9165151389911679,0
965,0.9027321817833588,0.04455471271378613,0.025205133934850132,0.012670262292837683,0.0006927784372225996,0.00034336904470503964,100.0,0.0,62.4,2.6907248094147422,1.1,0.3,4.1,0.7000000000000001,0
966,0.8985218021356072,0.04012603514300337,0.02716324987659365,0.013292408960519857,0.0006805887483341404,0.00031792671157144305,100.0,0.0,63.7,3.0512292604784714,1.075,0.23848480035423641,4.05,0.49749371855331004,0
967,0.8937312351232274,0.039294627982439614,0.029918617150168497,0.013743730073119308,0.0006521273444599883,0.0002920787621579399,100.0,0.0,63.15,3.2291639784935047,1.05,0.21794494717703372,4.15,0.8529361054615991,0
968,0.8801484527759602,0.05084652777770606,0.033440083516891386,0.01603955031501258,0.0006873532977716007,0.0003330464507664803,100.0,0.0,62.5,2.3345235059857505,1.0,0.0,4.15,0.7262919523166976,0
969,0.8653888043557345,0.0552867780528657,0.037469736231146446,0.01679227889982857,0.0007125023088183123,0.00030104220508240295,100.0,0.0,63.25,2.56661255354212,1.05,0.21794494717703372,4.35,0.7262919523166976,0
970,0.8514819963838246,0.05615401174572456,0.041477490004076745,0.01710280733696905,0.0007111207091584006,0.00028610898083801197,100.0,0.0,64.2,3.6414282912066254,1.075,0.23848480035423641,4.15,0.6538348415311009,0
971,0.8316478071419136,0.06715946359312013,0.04778544841954184,0.017699164446303938,0.0006897793995544165,0.0002707414757737951,100.0,0.0,62.85,2.9372606285449034,1.15,0.3570714214271425,4.4,0.66332495807108,0
972,0.8213594784941355,0.06710227544120584,0.05048452344798965,0.01816442538918896,0.0006639709965705303,0.00028017112134234086,100.0,0.0,64.15,3.070423423568808,1.025,0.10897247358851683,4.2,0.6782329983125268,0
973,0.798195879308248,0.07950910338447431,0.05669840558316103,0.01974209893470644,0.0006255253362980509,0.00026347946930313477,100.0,0.0,62.5,2.819574435974337,1.025,0.10897247358851683,4.4,0.4898979485566356,0
974,0.778834089687501,0.08763825648440718,0.06159805169316224,0.020157886422623075,0.0006021918804279205,0.0003040591924729933,100.0,0.0,64.3,2.7766886753829647,1.05,0.21794494717703372,4.2,0.8717797887081347,0
975,0.7586617383706538,0.08701373263407763,0.06555386300275787,0.01934064842658301,0.0006331848582036681,0.0003936138378633984,100.0,0.0,63.5,2.5,1.05,0.2179449471770337,4.2,0.812403840463596,0
976,0.7332267515552914,0.08517251446589023,0.07082892621118295,0.01796659116292584,0.0006597089017367435,0.0004183653367994304,100.0,0.0,63.95,3.2167530212933664,1.0,0.0,4.4,0.7348469228349533,0
977,0.7097808147563531,0.08477910983355717,0.07570888302218723,0.01747188479900475,0.0006536463123486543,0.0004021803319069608,100.0,0.0,62.9,2.861817604250837,1.075,0.23848480035423641,4.45,0.5894913061275798,0
978,0.6798518157093404,0.09248883671620982,0.08088493899042958,0.018655997230344914,0.0006994506265374609,0.0004280442033780868,100.0,0.0,63.15,3.91503512117069,1.1,0.3,4.1,0.5385164807134504,0
979,0.6537810448352906,0.0977827460618086,0.08574546585439571,0.019661853287103282,0.0006613557088813752,0.0003794390570066746,100.0,0.0,63.6,3.8131351929875237,1.1,0.3,4.3,0.6403124237432849,0
980,0.6202546768671026,0.10268759130955256,0.09166136414274792,0.01959633266766335,0.0007477923525201083,0.0004097698620846525,100.0,0.0,62.85,2.495495942693556,1.1,0.3,4.3,0.9,0
981,0.5908210940632683,0.10837960324051202,0.09652542182223937,0.020469471282996733,0.0008078985493896523,0.00041303661834915425,100.0,0.0,63.85,2.706935536727833,1.075,0.23848480035423641,4.2,0.6,0
982,0.56298298767197,0.11442247312017918,0.10139950104395246,0.02108639044090432,0.000879354601385473,0.00040659161994975574,100.0,0.0,63.7,2.703701166919155,1.025,0.10897247358851683,4.35,0.7921489758877431,0
983,0.5317153402539051,0.11427066867226689,0.10675620603240217,0.021483547603893465,0.0009557823789247159,0.000331552867197667,100.0,0.0,63.0,3.0,1.125,0.3112474899497183,4.25,0.7664854858377946,0
984,0.5124087832683258,0.11438147879622157,0.11029838237889818,0.021888079085303467,0.001014873020324012,0.0003277272308875176,100.0,0.0,63.2,3.171750305430741,1.05,0.21794494717703372,4.25,0.8874119674649424,0
985,0.4954202723447988,0.11210800577017375,0.11330793303237141,0.022168297190857385,0.0010945767918572279,0.00033446850355159927,100.0,0.0,63.15,3.0376800358168077,1.1,0.2549509756796392,4.0,0.4472135954999579,0
986,0.48622920429708893,0.11692884061216148,0.11433314104001673,0.023247524714042223,0.0011988251089969809,0.0003959406086681161,100.0,0.0,64.6,4.042276586281548,1.1,0.3,4.0,0.5477225575051661,0
987,0.47894199102227686,0.12411351623378528,0.11661929156307596,0.024406733728084426,0.0011348789641848181,0.0004531475633754314,100.0,0.0,63.4,2.5961509971494343,1.1,0.3,4.35,0.7262919523166975,0
988,0.47410583598231665,0.12958219265514634,0.11762308397863834,0.02651154679712681,0.0011328595517397897,0.0005175102723831306,100.0,0.0,64.0,2.4289915602982237,1.0,0.0,4.1,0.7000000000000001,0
989,0.4762331035206707,0.13597372354016407,0.11807109771020471,0.027699083366937556,0.0009785796601739893,0.0005039845824878822,100.0,0.0,63.45,2.692118125194361,1.05,0.21794494717703372,4.35,0.7921489758877431,0
990,0.46054237329058606,0.1379514387530829,0.12204725855009421,0.0279367539814872,0.00092595828570892,0.00037742895632421846,100.0,0.0,62.95,2.1558061137310096,1.0,0.0,4.15,0.8529361054615991,0
991,0.4547284350932544,0.14155351036534028,0.12402166396323773,0.028484131882115835,0.00081598663836174,0.00040288468028767217,100.0,0.0,63.3,3.333166662499792,1.075,0.23848480035423641,4.35,0.9096702699330127,0
992,0.4426791600801111,0.1417196976220585,0.12577047817758916,0.029205566753656622,0.0009368145680023622,0.0005731385545225861,100.0,0.0,63.55,2.747271373563231,1.15,0.3570714214271425,4.3,0.714142842854285,0
993,0.42555494571983693,0.14493888793045823,0.12991316889239837,0.03010428375260035,0.0008966524572237416,0.0005043605672250573,100.0,0.0,63.65,3.305676935213119,1.0,0.0,4.35,0.9630680142129111,0
994,0.41662215143891795,0.14192138260524034,0.13161744106577647,0.030298724212790663,0.0009463325788008634,0.0005054394343171279,100.0,0.0,62.85,3.5110539728121526,1.125,0.3112474899497183,4.15,0.5722761571129799,0
995,0.414908824418018,0.13870473829981725,0.13124094954202692,0.030350452360032122,0.001027714186327906,0.000620789134582634,100.0,0.0,64.0,3.605551275463989,1.025,0.10897247358851683,4.15,0.47696960070847283,0
996,0.40583450627020207,0.14704588575063376,0.1328987075045841,0.03117270530860627,0.0011524624653889324,0.0006154170604591392,100.0,0.0,63.2,3.2649655434629015,1.05,0.21794494717703372,4.25,0.5361902647381804,0
997,0.4072362861027744,0.15120386955994966,0.13241725512968688,0.03192235441051768,0.0010923958420939264,0.0007105430549082208,100.0,0.0,63.5,1.8303005217723127,1.0,0.0,4.05,0.6689544080129826,0
998,0.3969278318412708,0.15457814240524245,0.13499284898295144,0.03313692441357333,0.0010858731700048858,0.0006908382525043258,100.0,0.0,62.7,3.874274125562103,1.1,0.3,4.15,0.5722761571129799,0
999,0.3933536040674702,0.16507448137456396,0.13700093058394283,0.03652194944838573,0.001114026609303971,0.0007202325112910114,100.0,0.0,63.15,3.2446109165815247,1.025,0.10897247358851683,4.2,0.7483314773547883,0
