generation,mean_fitness_mean,mean_fitness_std,distance_from_optimum_mean,distance_from_optimum_std,phenotype_variance_mean,phenotype_variance_std,population_size_mean,population_size_std,n_parents_mean,n_parents_std,median_offspring_mean,median_offspring_std,max_offspring_mean,max_offspring_std,extinct_count
0,0.6735759407880908,0.03327190827842943,0.01715038281164811,0.007381453416786998,0.004638958459681004,0.0006847424499837606,100.0,0.0,63.0,2.9154759474226504,1.15,0.3570714214271425,4.25,0.6224949798994366,0
1,0.7373435703895986,0.03673594262423222,0.018952917118403332,0.008223073948507608,0.003331622726835213,0.0005406519020188733,100.0,0.0,63.8,1.9899748742132402,1.0,0.0,4.35,0.6538348415311012,0
2,0.7769066047627372,0.046376836728050395,0.01838623644007289,0.008530041149621167,0.002649015093711502,0.0005700576075582449,100.0,0.0,63.75,2.947456530637899,1.05,0.2179449471770337,4.05,0.4974937185533099,0
3,0.8051298321783404,0.057734936732816156,0.020517739914747632,0.009304697159917703,0.002157287729410875,0.000674725120400589,100.0,0.0,62.2,3.1080540535840107,1.125,0.3112474899497183,4.2,0.6782329983125269,0
4,0.8307076812744905,0.0538492245599103,0.02042131123835177,0.009049574970290795,0.0017972358550943832,0.000617084092424891,100.0,0.0,63.1,2.3853720883753127,1.05,0.21794494717703372,4.2,0.9797958971132711,0
5,0.8388448110129227,0.04900575294247006,0.02287596272256534,0.009354564071206158,0.001627906709392874,0.0005783697005677696,100.0,0.0,63.6,2.8530685235374214,1.05,0.21794494717703372,4.55,0.9733961166965892,0
6,0.8403819572996595,0.04837021672357026,0.026294504246626625,0.009934956891199522,0.0015269206544612783,0.0005651723245195542,100.0,0.0,63.55,2.4181604578687494,1.075,0.23848480035423641,4.15,0.6538348415311012,0
7,0.8522838756771624,0.0476688995784626,0.024105314689988194,0.010203365104606345,0.0014020365587509476,0.000576669333250007,100.0,0.0,64.05,2.9744747435471695,1.05,0.2179449471770337,4.0,0.5477225575051661,0
8,0.8597272377068469,0.04172461711699799,0.026287480832505466,0.01114592332623547,0.0012375744953740486,0.0005114419929386281,100.0,0.0,64.25,2.118372016431486,1.025,0.10897247358851683,4.3,0.9,0
9,0.8642988820739081,0.04247046283310165,0.02794160868242195,0.009274829810610317,0.0011608035465532466,0.0004825453691987287,100.0,0.0,63.7,2.5317977802344327,1.025,0.10897247358851683,4.4,0.9695359714832658,0
10,0.8633510309524681,0.041124366503162195,0.030429647591614706,0.011344148205333717,0.0010572307985545456,0.00039367703479339385,100.0,0.0,63.1,2.681417535558384,1.125,0.3112474899497183,4.25,0.698212002188447,0
11,0.8601058621611493,0.040406695778753624,0.032960075815847374,0.011293235290786416,0.001005348123409594,0.0004020421603992592,100.0,0.0,64.7,2.3473389188611007,1.0,0.0,4.25,1.0428326807307104,0
12,0.851479875716605,0.04084194829201621,0.03730156182186122,0.011746878813450674,0.0009689841595778943,0.0003456749797717331,100.0,0.0,63.15,3.902242944769072,1.2,0.3674234614174767,3.95,0.49749371855331004,0
13,0.8463894173160378,0.040070951171852824,0.038543190997815106,0.010876836125042859,0.0009879512888328898,0.0003346778785170849,100.0,0.0,62.4,3.916631205513228,1.15,0.3570714214271425,4.45,0.5894913061275798,0
14,0.8431446059203417,0.04662601121625935,0.041259271350798724,0.011858612944748647,0.0009004914786614278,0.0003413410841151524,100.0,0.0,62.5,3.427827300200522,1.075,0.23848480035423641,4.15,0.6538348415311012,0
15,0.8444475846863334,0.05159911268247104,0.04205967346152713,0.012920304563248766,0.0008372563984106274,0.00036260503067066073,100.0,0.0,62.7,2.8653097563788807,1.1,0.2549509756796392,4.4,0.6633249580710799,0
16,0.8433766412809846,0.0484591715350962,0.041853695987224014,0.013969214468275254,0.0008364251881043278,0.0003549134824348275,100.0,0.0,64.15,3.2905166767545793,1.05,0.21794494717703372,4.0,0.8366600265340756,0
17,0.8462440400221765,0.052411610507753115,0.04128288665739518,0.014341447848667085,0.0008314739277276547,0.0003631983139599909,100.0,0.0,63.65,2.5937424698685874,1.05,0.21794494717703372,3.85,0.3570714214271425,0
18,0.8449161759030082,0.0508263485849046,0.0424425567647171,0.013129599071879381,0.0008199714792191746,0.00037629956061997625,100.0,0.0,63.75,2.662235902394827,1.05,0.21794494717703372,4.2,0.8717797887081348,0
19,0.844458382116629,0.05471739006355956,0.041423788755388,0.014956196268013682,0.0008359487783861641,0.0003593634672619821,100.0,0.0,63.1,3.766961640367472,1.1,0.3,4.4,0.6633249580710799,0
20,0.8411372629915549,0.054365294848839514,0.0418471771401283,0.01568618126060701,0.0008612433890799468,0.0003178207121761336,100.0,0.0,62.5,2.5592967784139455,1.0,0.0,4.25,0.6224949798994366,0
21,0.836687408017716,0.05361004529851661,0.043361480962041135,0.015467635245311973,0.0008422419510907764,0.0003751364656303738,100.0,0.0,64.4,2.615339366124404,1.025,0.10897247358851683,4.15,0.653834841531101,0
22,0.8338061378570731,0.05365796578628422,0.044544840725007744,0.015336764424366024,0.0008310832057502639,0.0003347951148645958,100.0,0.0,64.3,3.287856444554719,1.0,0.0,4.1,0.7000000000000001,0
23,0.8299085400469105,0.04964188530671049,0.04461546025830104,0.014302589791279602,0.0009084736007708928,0.000393815216710022,100.0,0.0,63.6,3.32264954516723,1.1,0.3,4.4,0.7999999999999999,0
24,0.8374886159239902,0.0424404426235142,0.043118293172401415,0.014329086948895935,0.0008670196424783725,0.00038680155262466276,100.0,0.0,62.1,2.022374841615669,1.1,0.3,4.35,0.8529361054615991,0
25,0.8376083433857634,0.04026461163806324,0.042999100438157266,0.0150831867493646,0.0008623075610525502,0.00037706304581069125,100.0,0.0,63.9,2.5475478405713994,1.05,0.21794494717703372,4.15,0.7262919523166976,0
26,0.8437922320758819,0.03997045737676525,0.04159718913726486,0.014181271204770638,0.0008614951938339515,0.00034166412010788164,100.0,0.0,64.15,2.4550967394381837,1.0,0.0,4.05,0.5894913061275798,0
27,0.849052034329205,0.03959218441576291,0.04237886573624846,0.01385931980218125,0.0007571130646109789,0.00030441447775722986,100.0,0.0,63.0,1.8973665961010275,1.0,0.0,4.25,0.7664854858377946,0
28,0.8486970989888183,0.046595850471072585,0.04159257669917337,0.01621135921024166,0.0007647199678065576,0.0002981716398751945,100.0,0.0,63.45,3.0573681492420897,1.075,0.23848480035423641,4.05,0.49749371855331,0
29,0.8576256626476996,0.04900968609826695,0.04026298869367041,0.01515025456461019,0.0007227233538866478,0.0002743479962814211,100.0,0.0,63.55,3.169779172119093,1.0,0.0,4.4,0.7999999999999999,0
30,0.8604474582594902,0.0478864245818538,0.03909183082362255,0.01517373477251941,0.0007323030000332908,0.0002821777392597557,100.0,0.0,63.85,2.7069355367278325,1.05,0.21794494717703372,4.3,0.6403124237432849,0
31,0.8609193292215973,0.055312904740514514,0.03856960918355738,0.01652138095996529,0.0007304840186168957,0.0003143419406400197,100.0,0.0,63.25,3.5899164335677787,1.05,0.15,4.1,0.8306623862918074,0
32,0.8597175061873529,0.056265332292371475,0.039287291593460553,0.016004546324635636,0.0007202207381247497,0.0003073021046581503,100.0,0.0,62.8,2.6381811916545836,1.05,0.21794494717703372,4.05,0.5894913061275798,0
33,0.8645879330445835,0.05776915068335407,0.03834434948618666,0.016607549861840838,0.0006918366409240926,0.00024093994806479458,100.0,0.0,63.9,3.8327535793473597,1.0,0.0,4.1,0.8888194417315588,0
34,0.8685689487326755,0.054901778276139915,0.03764464233519558,0.01519591332089466,0.0006852103923242519,0.00020614684479360778,100.0,0.0,62.85,3.4536212878658255,1.075,0.23848480035423641,4.35,0.7262919523166975,0
35,0.8794643791921253,0.05432588292579382,0.03465266680013709,0.01545169264777334,0.0006491670949969743,0.00023234281488168897,100.0,0.0,63.95,3.3537292675468007,1.075,0.23848480035423641,4.15,0.4769696007084728,0
36,0.8884792681945546,0.055226313749711736,0.03374372012046173,0.01509101506096372,0.0005674778492756256,0.00022580890022771705,100.0,0.0,63.55,3.089902911096076,1.1,0.3,4.35,0.792148975887743,0
37,0.8908027706606534,0.05081266621590461,0.03223114115806265,0.013658902442506527,0.0006115503372111483,0.0002912859344286128,100.0,0.0,63.5,2.8548204847240397,1.125,0.3112474899497183,4.3,0.714142842854285,0
38,0.8952523759972502,0.04516716647983019,0.030603483055527743,0.012945192447801198,0.0006075977302350866,0.00028763680690144347,100.0,0.0,63.55,2.854382595238418,1.0,0.0,4.3,0.6403124237432849,0
39,0.900153494237234,0.040365798268626844,0.02771750212789075,0.012149105800464653,0.0006487682585618115,0.0002847867818434582,100.0,0.0,63.5,2.5592967784139455,1.025,0.10897247358851683,4.15,0.653834841531101,0
40,0.9011623257361621,0.034695587269140724,0.028446827938422035,0.011888420314967611,0.0006213520550249106,0.00023222232707370612,100.0,0.0,63.75,3.672533185690771,1.025,0.10897247358851683,3.9,0.6244997998398398,0
41,0.9067919649059405,0.03078576698302744,0.02660180235079817,0.010102790930920376,0.0006222777846061643,0.0002483937491219368,100.0,0.0,63.35,2.554897258208243,1.0,0.0,4.05,0.6689544080129826,0
42,0.9129166149945842,0.029009142216384502,0.024604662018578825,0.00997559569170605,0.0006082301281052455,0.0002680062884686605,100.0,0.0,62.85,3.5535193822462827,1.025,0.10897247358851683,4.15,0.7921489758877431,0
43,0.9186265342888355,0.02748418875922978,0.023902243133986895,0.008560919804735004,0.0005707772117548825,0.0002978183447898555,100.0,0.0,63.15,3.5252659474144643,1.05,0.21794494717703372,4.35,0.9096702699330126,0
44,0.9196640596154564,0.02273988192138655,0.02325363257379157,0.007037467022515831,0.0005864944759559302,0.0002473049480649238,100.0,0.0,64.35,3.4391132578035286,1.05,0.21794494717703372,4.2,1.0770329614269007,0
45,0.922806007957887,0.020725808799529146,0.020437354703506022,0.007176892970851619,0.0006147517744137761,0.000251020448497683,100.0,0.0,64.0,3.271085446759225,1.05,0.21794494717703372,4.4,0.66332495807108,0
46,0.9268728176963789,0.020184694442444508,0.017522457881661617,0.008715682637487504,0.0006145434604072444,0.0002537719914581526,100.0,0.0,64.0,2.32379000772445,1.025,0.10897247358851683,4.05,0.5894913061275798,0
47,0.9308153732926605,0.020300451386877562,0.016496334321487692,0.008170207602502767,0.0005843800982250158,0.000257846284375271,100.0,0.0,62.95,3.3387872049593095,1.075,0.23848480035423641,4.25,0.7664854858377946,0
48,0.9351270357740381,0.019970652468559467,0.014154317832152402,0.007272243660008661,0.0005783581234893075,0.00026109709195767635,100.0,0.0,63.8,3.3406586176980126,1.05,0.21794494717703372,4.0,0.5477225575051661,0
49,0.9374346023810434,0.022394960969964108,0.013481268706134378,0.006095372295053464,0.0005731577874400918,0.00028715029211230035,100.0,0.0,63.2,2.6758176320519302,1.05,0.2179449471770337,4.1,0.6244997998398398,0
50,0.9358310247180504,0.021936007655903478,0.01479904758276021,0.005800085783899645,0.0005761508941216384,0.00023411393715949615,100.0,0.0,64.4,2.8,1.05,0.15,4.0,0.8366600265340756,0
51,0.934451332163615,0.021637857198344306,0.014778164558150014,0.005129360079731521,0.0006066660526149105,0.0002667164276541722,100.0,0.0,62.7,3.874274125562103,1.125,0.3112474899497183,4.5,0.5916079783099616,0
52,0.9352202155716123,0.027032823903302007,0.016459313929896767,0.005864036837210593,0.0005660433542288074,0.00027852797274344903,100.0,0.0,64.45,3.2935543110748915,1.0,0.0,4.5,0.9746794344808963,0
53,0.935314509242821,0.03312127236363424,0.016824639843417446,0.007749748103051482,0.0005500320673098753,0.00030729100566733895,100.0,0.0,62.95,2.376446927663229,1.075,0.23848480035423641,4.35,0.47696960070847283,0
54,0.9342436412311947,0.032484423578563154,0.01829612414207272,0.008896734946616797,0.0005258822919346605,0.00027533109150665205,100.0,0.0,62.55,3.5563323804166562,1.1,0.2549509756796392,4.55,0.5894913061275798,0
55,0.9277550848784187,0.03227205742845925,0.01945999417393695,0.009598809242940886,0.0005748312262131769,0.0002550623717307056,100.0,0.0,64.05,3.57036412708844,1.05,0.21794494717703372,4.1,0.6244997998398398,0
56,0.9168110042960051,0.03426108500705127,0.023731583607522685,0.009295979679459825,0.0006241372761440551,0.0002618336357813661,100.0,0.0,63.5,3.0083217912982647,1.0,0.0,3.95,0.3840572873934304,0
57,0.9136456767622297,0.033423084501123655,0.02462869316102373,0.009816322273108153,0.0006321539544498359,0.0002724579080136741,100.0,0.0,62.4,3.2619012860600183,1.075,0.23848480035423641,4.35,0.5722761571129799,0
58,0.9128646940257555,0.03719002045633733,0.026847862818817875,0.009192279397974554,0.000584429207203418,0.00029849865625456774,100.0,0.0,63.25,2.9979159427842537,1.125,0.3112474899497183,4.2,0.6,0
59,0.910623170581396,0.035144145638605635,0.02903515418417299,0.00910679249162887,0.0005386562360147463,0.00026119653339682866,100.0,0.0,62.95,2.4181604578687494,1.1,0.3,4.35,0.7262919523166975,0
60,0.9076457335252943,0.03388607052327285,0.03107937323845192,0.007662300524982387,0.0005122947309477994,0.0002578224071749318,100.0,0.0,64.3,2.685144316419511,1.05,0.2179449471770337,4.2,0.6,0
61,0.8982784075769571,0.03873281307180159,0.033132129954981236,0.008886605020479168,0.0005508788711441422,0.00031784714338865946,100.0,0.0,63.6,2.817800560721074,1.05,0.21794494717703372,4.1,0.5385164807134504,0
62,0.8918439590737546,0.04200620000979718,0.03551677729080143,0.009910332426671458,0.0005217905259957013,0.00030793087935083633,100.0,0.0,63.85,2.7253440149823285,1.05,0.21794494717703372,4.05,0.739932429347437,0
63,0.8810912989425242,0.04426980432547568,0.038657617312015356,0.010590783496004163,0.0005249312004997756,0.0002771314740515248,100.0,0.0,62.0,2.6457513110645907,1.1,0.3,4.5,1.0723805294763609,0
64,0.8686246130783927,0.048211871269305186,0.04186698992959682,0.01225679294033715,0.0005283399042499351,0.0002704322015176372,100.0,0.0,63.1,3.576310948449533,1.0,0.0,4.25,0.7664854858377946,0
65,0.8566421960279719,0.05067948841372549,0.04450081636706439,0.012350267485753656,0.0005570548830254645,0.0002838976694684743,100.0,0.0,63.95,2.8892040426387333,1.0,0.0,4.25,0.8874119674649424,0
66,0.84267398570338,0.051159798443723856,0.04809734845129794,0.011756743494819394,0.0005796246341455115,0.0002907518479664296,100.0,0.0,63.45,2.5782746168707473,1.1,0.3,4.05,0.739932429347437,0
67,0.8272938366564272,0.048516734077024545,0.05079212370942794,0.012361675665805165,0.0006346794707639714,0.00028092477973700006,100.0,0.0,62.65,3.7719358425084595,1.1,0.3,4.1,0.5385164807134504,0
68,0.8147272848037946,0.04822945290439739,0.053278110479826155,0.012060164576431134,0.0006717171841427768,0.00027786499145232547,100.0,0.0,63.15,2.7436289836637897,1.075,0.23848480035423641,4.25,0.6224949798994366,0
69,0.7979359649509209,0.05249758139453342,0.05738665964204372,0.012981319202353825,0.0006448635808582585,0.0002700336882150343,100.0,0.0,63.7,2.4919871588754225,1.05,0.21794494717703372,3.95,0.5894913061275798,0
70,0.7859148421710045,0.05539823025966675,0.059628945210795495,0.01285551925516587,0.0006778154894148166,0.00030269271216555566,100.0,0.0,64.6,3.3823069050575523,1.05,0.21794494717703372,4.1,0.8306623862918076,0
71,0.7820230578305322,0.06025783916265818,0.06003970552577067,0.013684799567007156,0.000688277464488133,0.00025805427806143447,100.0,0.0,63.8,2.1587033144922905,1.0,0.0,4.2,0.7483314773547883,0
72,0.768631512875583,0.06087075469922219,0.0619434700802494,0.014679819346433195,0.0007433233182051514,0.00027507736115432897,100.0,0.0,63.4,2.7459060435491964,1.075,0.23848480035423641,4.15,0.7262919523166976,0
73,0.7555393996975758,0.06721740043209334,0.06459743950793864,0.01473861238241428,0.0007624651079486202,0.00023492570691387263,100.0,0.0,62.95,2.747271373563231,1.1,0.3,4.5,0.806225774829855,0
74,0.7381643326058744,0.06994758852952083,0.06732645017519065,0.015357281323422706,0.0008407834185979235,0.00029832209383655263,100.0,0.0,63.7,1.8734993995195195,1.125,0.3112474899497183,4.15,0.5722761571129799,0
75,0.7305257652811739,0.07192152101597232,0.06810921055090215,0.015933947887092913,0.0009261641810628795,0.0003783018583716304,100.0,0.0,63.35,2.372235232855292,1.2,0.4,4.25,0.7664854858377946,0
76,0.7260329518024163,0.07244766911505043,0.06890153670650422,0.01580024852505908,0.0009508580165622001,0.0003793293686879873,100.0,0.0,63.85,3.1980462785894765,1.125,0.3112474899497183,4.05,0.49749371855331004,0
77,0.728534060022605,0.08091677361485694,0.06890660272890524,0.01739651548274778,0.0009037388743322912,0.00034751044002990426,100.0,0.0,62.45,2.5975950415721076,1.025,0.10897247358851683,4.45,0.8046738469715541,0
78,0.7324939908410621,0.07959113713780411,0.06799085946968986,0.01717422313018617,0.0009283555463658973,0.0003884556647343915,100.0,0.0,63.4,3.2155870381627056,1.125,0.3112474899497183,4.25,0.698212002188447,0
79,0.7404102156825352,0.07940973084547119,0.06626019053147937,0.018453519899303467,0.0008964640582293448,0.0004047331229741035,100.0,0.0,62.65,3.7453304260105007,1.025,0.10897247358851683,4.25,0.698212002188447,0
80,0.7404392161787989,0.08214052044023687,0.06668340777906459,0.019027503850669168,0.0008635366405323691,0.0003902565533384155,100.0,0.0,62.65,3.785168424258028,1.05,0.21794494717703372,4.1,0.5385164807134504,0
81,0.7390310669038244,0.08751564066805902,0.06738008773049428,0.019272298486339604,0.0008311606740099722,0.0003435083674906926,100.0,0.0,63.4,3.1208973068654475,1.0,0.0,4.45,0.5894913061275798,0
82,0.7355777431523534,0.09271103366777163,0.06805038670707,0.01973128261245426,0.0008146972086371874,0.000326515112127616,100.0,0.0,63.35,3.1666228067138023,1.025,0.10897247358851683,4.3,0.9539392014169457,0
83,0.7294226950423967,0.09683569268689603,0.07001939551161865,0.02002267149662256,0.0007617910945458418,0.0003121316973221781,100.0,0.0,62.5,3.170173496829472,1.0,0.0,4.45,0.6689544080129827,0
84,0.7260452939297959,0.09554821331943304,0.06956289759465935,0.01951367166118069,0.0008378407870651052,0.0003419605428704247,100.0,0.0,64.3,2.5709920264364885,1.025,0.10897247358851683,4.15,0.792148975887743,0
85,0.7153809518622589,0.09569602631748178,0.07182690051894758,0.018901735209557458,0.0008533015682001086,0.0003344823064744716,100.0,0.0,62.4,3.4263683398023628,1.125,0.3112474899497183,4.45,0.9205976319760985,0
86,0.7097056338733964,0.09722821500314664,0.07186336657030704,0.01992100961211858,0.0009124665373512975,0.0003231806428425433,100.0,0.0,64.35,2.95423424934449,1.0,0.0,4.15,1.0136567466356647,0
87,0.7043221857024066,0.09469097594242655,0.07272663089944045,0.01989111080461841,0.0009260199896216076,0.00031744660599270543,100.0,0.0,62.75,2.7179955849853767,1.0,0.0,4.25,0.698212002188447,0
88,0.708203938142862,0.09055189843513069,0.07205850464139137,0.017843370872689043,0.000975464182893466,0.0003940265577797166,100.0,0.0,63.5,2.9748949561287032,1.0,0.0,4.25,0.698212002188447,0
89,0.7165864765630212,0.08371346238440724,0.06935250403952169,0.01764934904602354,0.0010237999206548856,0.0004204381778328488,100.0,0.0,64.35,2.393219588754864,1.05,0.21794494717703372,4.2,0.7483314773547883,0
90,0.722779720844277,0.08669542796734846,0.06699591165935356,0.018686586866341594,0.0010979241905131523,0.0004755600038022278,100.0,0.0,65.3,3.1638584039112754,1.0,0.0,4.0,0.7745966692414834,0
91,0.7251884527989867,0.07962717346144911,0.06543904553274446,0.016887919775679192,0.0012017100503092836,0.0004393497630854571,100.0,0.0,62.15,3.811495769379785,1.2,0.3674234614174767,4.2,0.8717797887081347,0
92,0.7333379455063871,0.08286634357853287,0.0631748157524631,0.017799097443300185,0.0012012503633884112,0.0005114219121284518,100.0,0.0,63.3,3.116087290176577,1.025,0.10897247358851683,4.35,0.6538348415311012,0
93,0.7424830609625022,0.0839254157384739,0.06233390285223852,0.017344138765578724,0.0011378708260730312,0.00045087184486470016,100.0,0.0,64.7,2.8478061731796287,1.05,0.21794494717703372,4.1,0.8306623862918074,0
94,0.7457114800864298,0.08717106613367333,0.06204732220769833,0.01831646539376608,0.0010973395713674903,0.0004967420533692913,100.0,0.0,62.3,3.0182776545573144,1.1,0.3,4.45,0.6689544080129827,0
95,0.7577890073390529,0.09021529659201141,0.06062590220678665,0.019137420061755256,0.0009820486949009889,0.0004614607420630926,100.0,0.0,63.65,2.903015673398957,1.0,0.0,4.3,0.5567764362830022,0
96,0.7627347129038287,0.09162735908493493,0.05983562411631201,0.020291086992434433,0.0009330804436058022,0.0004106140529217067,100.0,0.0,64.35,3.3507461855533016,1.075,0.23848480035423641,4.0,0.6324555320336759,0
97,0.7646093160130186,0.0957364621541778,0.059122331200929065,0.020511699985702705,0.0009664103665981066,0.00048748645680872976,100.0,0.0,63.7,3.3481338085566414,1.15,0.3570714214271425,4.4,0.7348469228349535,0
98,0.771072703909654,0.09348938770857784,0.058098091959630074,0.02008356424151126,0.0009289785641601982,0.0004400942319760031,100.0,0.0,63.25,2.6995369973386176,1.1,0.2549509756796392,4.3,0.7810249675906654,0
99,0.7726517794655241,0.08561418749760867,0.05842197556872538,0.018683832570172452,0.0008912041359981288,0.00039780287437299284,100.0,0.0,62.7,3.536947836765479,1.2,0.4,4.1,0.7681145747868608,0
100,0.7715684140402737,0.08907836576415809,0.05818932914327683,0.020008182122160406,0.0009156405685076818,0.0003879662730004518,100.0,0.0,64.1,2.773084924772409,1.0,0.0,4.25,0.8874119674649424,0
101,0.7768750405104883,0.08337191778740081,0.05700974569963072,0.01936646254276412,0.0009255308825163134,0.00039474261899043693,100.0,0.0,64.75,1.894069692487581,1.025,0.10897247358851683,4.1,0.7681145747868608,0
102,0.7782835269835371,0.0840991477004383,0.05589402384107298,0.020048220104044293,0.0009503596380358604,0.0003299105571034413,100.0,0.0,63.35,3.758656674930553,1.1,0.3,3.9,0.6244997998398398,0
103,0.7863032304766957,0.07759747048658537,0.05397531215294669,0.01793992084329156,0.0009888684778622163,0.0003154296020504725,100.0,0.0,63.95,3.0736785778607367,1.05,0.21794494717703372,4.2,0.6,0
104,0.794186463975383,0.07564052298650394,0.05153762989063061,0.0175100035851181,0.001030331825185845,0.0003211182519937815,100.0,0.0,64.15,3.5815499438092444,1.15,0.3570714214271425,4.25,0.698212002188447,0
105,0.8036979617918206,0.06614979714777701,0.05047052743535659,0.01683249590074012,0.0009532733767843785,0.0003594282630885452,100.0,0.0,64.3,2.3473389188611007,1.05,0.21794494717703372,4.05,0.804673846971554,0
106,0.8206914344403474,0.0660331710013114,0.04731145220052863,0.01603507811369711,0.0009041188106398994,0.00037681589210824667,100.0,0.0,62.15,1.8241436346954694,1.1,0.3,4.4,0.6633249580710799,0
107,0.8261643685569802,0.0604032260464343,0.04571115968112777,0.016425668114515575,0.0008862321588994718,0.0003818247484081788,100.0,0.0,64.3,3.6891733491393435,1.0,0.0,4.1,0.5385164807134504,0
108,0.8417271842782924,0.05784336107928367,0.04163863217490098,0.017306039934638973,0.0008454834290368476,0.00033130323033203884,100.0,0.0,63.05,3.4709508783617204,1.05,0.15,4.2,0.6,0
109,0.8537293353602449,0.06294804851323313,0.03827830987422694,0.01856913823530395,0.000792593074858506,0.00032264243912963163,100.0,0.0,61.95,2.6358110706194404,1.025,0.10897247358851683,4.5,1.0723805294763609,0
110,0.8595935955347453,0.06089732387121909,0.03700284835736332,0.017803071610407915,0.000794470721868891,0.0003419537669092864,100.0,0.0,63.9,2.754995462791182,1.05,0.21794494717703372,4.15,0.8529361054615991,0
111,0.8629031927225561,0.05655562376516564,0.03520603113626871,0.016070220492194483,0.0008442903774320054,0.0003582390587302954,100.0,0.0,63.2,3.325657829663178,1.025,0.10897247358851683,4.1,0.8306623862918076,0
112,0.8727350579209684,0.05553475132106644,0.03302991720146205,0.015273962308566718,0.0008012378972180377,0.0003048224758921775,100.0,0.0,64.15,3.118894034750139,1.05,0.21794494717703372,4.25,0.7664854858377946,0
113,0.8799769219416691,0.053282565554349584,0.03149239317526936,0.014741723101354543,0.0007692579469050619,0.0002793109674702888,100.0,0.0,63.05,2.7290108097990378,1.125,0.3112474899497183,4.3,0.6403124237432849,0
114,0.8860140677264354,0.051072376886829585,0.031077888496647395,0.013365264751194776,0.0007254879054536761,0.00031058410081986524,100.0,0.0,62.9,3.254228019054596,1.05,0.21794494717703372,4.35,0.7262919523166975,0
115,0.8863588364116695,0.05225562422942266,0.03111469982497156,0.013008474188558702,0.0007245478019024976,0.0003450433371432414,100.0,0.0,63.75,2.6433879775772606,1.025,0.10897247358851683,4.55,0.9733961166965892,0
116,0.8896245684886545,0.05162881739589577,0.03006653555011337,0.012277716114712262,0.0007243654454545737,0.000342158810455932,100.0,0.0,63.4,2.7820855486487113,1.075,0.23848480035423641,4.15,0.5722761571129799,0
117,0.892711154200821,0.04951963348693362,0.027957257231067362,0.01105003589275165,0.000761811397404463,0.0004040906741754642,100.0,0.0,63.55,2.957617284234051,1.05,0.21794494717703372,4.1,0.43588989435406733,0
118,0.8996150225859235,0.037608425908751165,0.02522903034333187,0.00967508073833775,0.0007613001320541713,0.00036955117657161234,100.0,0.0,63.55,3.2167530212933664,1.075,0.23848480035423641,4.0,0.6324555320336759,0
119,0.9075785852742773,0.03421273684533999,0.02345009637817671,0.010778809113769472,0.0006940618565367717,0.0002932959354016363,100.0,0.0,62.95,2.246664193866097,1.025,0.10897247358851683,4.25,0.7664854858377946,0
120,0.9123885247801036,0.03110787046768283,0.022386632878723216,0.009297695046949987,0.0006767541895455741,0.00023680928204629286,100.0,0.0,63.1,3.176476034853718,1.075,0.23848480035423641,4.1,0.6244997998398398,0
121,0.9143341643602797,0.02402288718907688,0.020416259040564728,0.008194169848217133,0.0007090495573993002,0.00016962231039350384,100.0,0.0,62.85,2.5937424698685874,1.025,0.10897247358851683,4.4,0.58309518948453,0
122,0.9199533966720519,0.024047469991627216,0.01735702150778051,0.007269569573187139,0.000702959119711558,0.00024239401411900468,100.0,0.0,63.95,2.3973944189473704,1.025,0.10897247358851683,4.05,0.5894913061275798,0
123,0.9187585447118684,0.021582055967856208,0.01690516516899756,0.008387002663304471,0.0007209188754779606,0.00022600142130098244,100.0,0.0,62.9,3.548238999842034,1.1,0.3,4.2,0.5099019513592784,0
124,0.9227241303635024,0.02211017939251389,0.015055650606076245,0.00799573117930735,0.0007094900412332848,0.0002307241816461987,100.0,0.0,64.0,3.8340579025361627,1.175,0.36314597615834876,4.0,0.6324555320336759,0
125,0.924507714302521,0.0187361433551924,0.01358105952403002,0.008189291844293548,0.0007035900881203077,0.000206931206629373,100.0,0.0,63.35,3.5535193822462823,1.15,0.3570714214271425,4.0,0.8366600265340756,0
126,0.920833110280142,0.02128901515752557,0.012564622704126333,0.009029574831201053,0.0007562299272819918,0.00022441912038296936,100.0,0.0,62.85,3.7050641020095725,1.15,0.3570714214271425,4.05,0.739932429347437,0
127,0.9231454522536163,0.024088475910325695,0.013078398612230178,0.008557471072869399,0.000722389798311483,0.000270413800968843,100.0,0.0,63.55,3.2167530212933664,1.075,0.23848480035423641,3.95,0.49749371855331004,0
128,0.9250860248123625,0.02518576126419883,0.013491520432497402,0.008804368024641893,0.0006907855985686072,0.00029327376659812063,100.0,0.0,63.95,2.9576172842340505,1.0,0.0,4.0,0.7071067811865476,0
129,0.9245154854952391,0.027657000740582405,0.01583948508535816,0.010393885152677619,0.0006627053326697952,0.0003355397198510607,100.0,0.0,63.8,2.541653005427767,1.05,0.21794494717703372,4.45,0.5894913061275798,0
130,0.9210935284700923,0.02810366448611126,0.018147240828429455,0.010955294700583115,0.0006630521953872783,0.00033157541420842816,100.0,0.0,63.1,2.6814175355583845,1.05,0.21794494717703372,4.3,0.7810249675906654,0
131,0.9204064730572277,0.028370436179437495,0.02011542245865698,0.012244269965846892,0.0006048902719737811,0.0002977894712950677,100.0,0.0,64.25,2.680951323690902,1.0,0.0,4.25,0.7664854858377946,0
132,0.913082450683007,0.03317345426406641,0.0221842592481732,0.012673591023087944,0.000644712418538785,0.0003520579118838696,100.0,0.0,62.5,2.5199206336708304,1.075,0.23848480035423641,4.55,0.8046738469715541,0
133,0.9113175946741044,0.033726966415324265,0.023297156283899965,0.01358623185800742,0.0006270857041577989,0.0003088729907010276,100.0,0.0,64.0,3.146426544510455,1.05,0.21794494717703372,3.9,0.7681145747868608,0
134,0.9056057914346095,0.033229352957418586,0.024891720617743175,0.013474997107760857,0.0006468124601004801,0.00028937095680709547,100.0,0.0,64.4,2.9899832775452104,1.05,0.15,4.05,0.804673846971554,0
135,0.9022673322094381,0.03747691550138769,0.026638854724471483,0.014345073507264994,0.0006353256810734588,0.0002468567986331687,100.0,0.0,64.1,2.605762844159076,1.025,0.10897247358851683,4.2,0.6782329983125268,0
136,0.8969659127107784,0.04146086050066667,0.028494203372922227,0.01525314348670684,0.0006268168836932749,0.00024584624016804477,100.0,0.0,63.8,2.3151673805580453,1.1,0.3,4.15,0.7262919523166975,0
137,0.8916738905039455,0.04574062551961083,0.03108075270803149,0.014061413900850757,0.0006268213459665771,0.0002952883750588663,100.0,0.0,64.35,3.7453304260105007,1.1,0.3,4.2,0.5099019513592785,0
138,0.8801705088515362,0.05230913428456515,0.03521306991866448,0.014904362050442935,0.0006206886247756882,0.0002887312253994274,100.0,0.0,63.6,2.353720459187964,1.0,0.0,4.15,0.7262919523166976,0
139,0.8688593169819825,0.0581011345321546,0.037255114650229106,0.01462162371184339,0.0006987578085349757,0.0003796809670057394,100.0,0.0,63.1,3.5482389998420345,1.05,0.15,4.35,0.9096702699330126,0
140,0.8597185553175141,0.05588260832662616,0.03921375592243852,0.013403740436526354,0.0007548408749896018,0.0004246687029785517,100.0,0.0,63.25,3.1284980421921316,1.025,0.10897247358851683,3.8,0.6,0
141,0.8479615841856516,0.05533901129795946,0.042978617332249544,0.012589712472250054,0.0007558096277383576,0.0005095504310922052,100.0,0.0,62.05,2.654712790491657,1.15,0.3570714214271425,4.5,0.7416198487095663,0
142,0.8365766555145798,0.054385010638700645,0.04502857158787899,0.013619083760849303,0.0007853299447859279,0.0004958582231715565,100.0,0.0,63.35,2.2197972880423116,1.05,0.21794494717703372,4.25,0.8874119674649424,0
143,0.8262355342042863,0.05273988169255645,0.04728364369426992,0.01413459620694417,0.0008016291518836396,0.00046206815518205335,100.0,0.0,62.7,3.3926390907374753,1.075,0.23848480035423641,4.55,0.5894913061275798,0
144,0.8110828891167907,0.05451126756308809,0.05143288905498948,0.015689152688071112,0.0007756288668692415,0.0004685931712450639,100.0,0.0,62.95,3.007906248539007,1.025,0.10897247358851683,4.3,0.714142842854285,0
145,0.8062247727302829,0.05420738638280675,0.052869223642623794,0.014895143533814546,0.0007629363821736251,0.0004947808594050363,100.0,0.0,63.25,3.2384409829422554,1.1,0.3,4.35,0.5722761571129799,0
146,0.7908448525468603,0.053768277242878845,0.056845046615851456,0.014469061543225713,0.0007523800299666332,0.00048503462946600375,100.0,0.0,62.75,2.56661255354212,1.0,0.0,4.25,0.698212002188447,0
147,0.7760814752228395,0.054111348108787594,0.0609804303910653,0.01378920174618694,0.0007143954239068024,0.000433463027621362,100.0,0.0,63.45,2.6167728216259047,1.05,0.15,4.0,0.8944271909999159,0
148,0.7676998290770742,0.05296751876617695,0.061985554043165046,0.013204655945585977,0.000807402137651659,0.0004358247162991165,100.0,0.0,63.6,2.8000000000000003,1.0,0.0,4.25,0.6224949798994366,0
149,0.7625826193884688,0.05475147110917025,0.06301127511620012,0.01432431462968434,0.0008167822460670137,0.0003536172178336353,100.0,0.0,63.5,3.7349698793966195,1.05,0.15,4.2,0.5099019513592784,0
150,0.758595371889122,0.057117119938486643,0.06345563442778368,0.013795333132604464,0.0008468044875891885,0.0003023584145214084,100.0,0.0,63.4,2.764054992217051,1.125,0.3112474899497183,4.25,0.8874119674649424,0
151,0.7551514086336585,0.06237085573623201,0.06320886057703244,0.013227625337073513,0.0009311472704267682,0.0004353346927760325,100.0,0.0,63.75,2.5273503912200224,1.1,0.3,4.05,0.804673846971554,0
152,0.750560134070001,0.06964111158127148,0.06379033170343114,0.014133657399690693,0.0009290131506277767,0.00037453726491881115,100.0,0.0,64.35,3.9909272105614755,1.05,0.21794494717703372,4.05,0.5894913061275798,0
153,0.742650256552097,0.06902737852089331,0.06471227456447809,0.014168396080174112,0.0009776623427862113,0.00032914069801037314,100.0,0.0,62.75,2.6052830940226053,1.05,0.21794494717703372,4.15,0.7262919523166975,0
154,0.7300465376238023,0.0674923672954429,0.0683209747460771,0.014194467896425637,0.0009278147323237842,0.00037271055632235624,100.0,0.0,63.55,2.3973944189473704,1.05,0.21794494717703372,4.15,0.6538348415311012,0
155,0.7279982098103495,0.0727816641952926,0.06785235369991054,0.015762785297999102,0.0009856422964240716,0.0003583665122202327,100.0,0.0,63.2,2.5219040425836985,1.0,0.0,4.45,0.8645808232895291,0
156,0.727747323943408,0.08522594573868161,0.06741269796065907,0.01873748144709324,0.0009850041035627131,0.0003014300903713651,100.0,0.0,62.8,3.370459909270543,1.1,0.2549509756796392,4.4,0.7348469228349533,0
157,0.7283700989688623,0.10009199756794679,0.06693436154076918,0.021183806361079933,0.0010293056300685075,0.00036359614816363625,100.0,0.0,63.0,2.8809720581775866,1.05,0.21794494717703372,4.35,0.5722761571129799,0
158,0.7362281135902344,0.10248998582180219,0.06520510450014834,0.02276121365654781,0.0009941610743717747,0.0003685083424138513,100.0,0.0,63.35,3.2446109165815247,1.025,0.10897247358851683,4.15,0.9096702699330127,0
159,0.7378131396796073,0.10057482858456729,0.064401926002011,0.02146668814163088,0.0010401434693066776,0.0004171717551999011,100.0,0.0,63.25,3.031088913245535,1.1,0.2549509756796392,4.05,0.864580823289529,0
160,0.7396613740144976,0.09667615783477665,0.06465869440243863,0.02127090776461065,0.000981877118990202,0.0004242504147376737,100.0,0.0,62.65,2.7436289836637897,1.1,0.3,4.25,0.5361902647381804,0
161,0.7412131758219138,0.09960614876468021,0.06444231278952868,0.02169376729643551,0.0010006898747775457,0.00041385500434511224,100.0,0.0,62.95,3.694252292413175,1.1,0.3,4.15,0.5722761571129799,0
162,0.7479925520563546,0.09275770489269776,0.06336054637069263,0.020557759290287962,0.000962388070804391,0.00041101962423849574,100.0,0.0,63.9,3.6318039594669758,1.15,0.3570714214271425,4.1,0.7000000000000001,0
163,0.7534151051023975,0.08674784388399934,0.06301788329565916,0.01948604800743301,0.0009228482692619896,0.00034298110613459646,100.0,0.0,61.95,3.800986713999406,1.15,0.3570714214271425,4.2,0.6,0
164,0.7554070806977574,0.0957692005213213,0.06276360484003496,0.02021988967095116,0.0008738050741232036,0.00034529299549400247,100.0,0.0,64.05,3.1220986531498327,1.05,0.2179449471770337,4.2,0.7483314773547883,0
165,0.7540267265288134,0.09917616917687398,0.06317554207113803,0.020740725367019958,0.000899180230590715,0.0003622975897837375,100.0,0.0,63.05,2.692118125194361,1.1,0.3,4.3,0.6403124237432849,0
166,0.7649207075850318,0.09793863546118514,0.061920763583739345,0.019134700378919137,0.0008179312633183694,0.00039718000871198135,100.0,0.0,63.1,2.8442925306655784,1.025,0.10897247358851683,3.95,0.6689544080129826,0
167,0.7666762122526425,0.08920722582074911,0.06069103447945752,0.018190853756449948,0.0008980164500379268,0.00045862280706731603,100.0,0.0,63.65,2.6129485260907837,1.05,0.21794494717703372,4.45,0.7399324293474372,0
168,0.7733435699417031,0.08514551869348441,0.05928811053338066,0.01815771323386117,0.0008669131660020812,0.0004046766471350028,100.0,0.0,62.05,3.232259271778797,1.125,0.3112474899497183,4.5,0.6708203932499369,0
169,0.7709466056872178,0.09285767369237183,0.060364663780919856,0.019535863852192317,0.0008181063745687764,0.00044790087278251487,100.0,0.0,64.25,2.1418449990603894,1.0,0.0,4.05,0.5894913061275798,0
170,0.765888593517068,0.09361294339376669,0.06111655999308514,0.019637454400618308,0.0008416367945575697,0.0004307315830954175,100.0,0.0,63.85,3.5954832776693593,1.025,0.10897247358851683,4.1,0.7000000000000001,0
171,0.7671381542560469,0.09101967556577974,0.059568088373797276,0.019811978403104773,0.0009190442861293751,0.00046591813368274554,100.0,0.0,66.3,2.98496231131986,1.0,0.0,4.15,0.7262919523166976,0
172,0.7651390021616168,0.08631469340013996,0.06009537498524903,0.017798036619654446,0.0009488159064423903,0.00045667982103896266,100.0,0.0,63.15,2.8857408061016154,1.05,0.21794494717703367,4.3,0.714142842854285,0
173,0.7689623605458573,0.08317272502585991,0.05995872555871634,0.017066908248319607,0.0008990871530655765,0.00038869901814279353,100.0,0.0,63.0,2.949576240750525,1.1,0.3,4.15,0.7262919523166975,0
174,0.7749633001989653,0.08907503284219459,0.05879924885221603,0.018630069867503974,0.0008509465647509998,0.000322845346806867,100.0,0.0,62.95,1.9615045245933032,1.125,0.3112474899497183,4.0,0.5477225575051661,0
175,0.7773822967402911,0.08827849365400423,0.05828586721588337,0.018367941455245358,0.0008507799402316543,0.00034043588074427145,100.0,0.0,63.75,3.3893214660164652,1.1,0.3,4.15,0.7921489758877431,0
176,0.7814433736185302,0.0833227043130002,0.05869816144460033,0.017428851628031705,0.0007582094606114883,0.00035256949249240813,100.0,0.0,63.15,3.4245437652335533,1.05,0.21794494717703372,4.7,0.9539392014169457,0
177,0.7785470524982421,0.08130288024945949,0.05847958121219556,0.017032939899306224,0.0008260117582269914,0.0004226550630430683,100.0,0.0,62.4,3.9799497484264803,1.2,0.4,4.35,0.7921489758877431,0
178,0.7817450112453983,0.08307798033613885,0.058097754888169005,0.016790906817073386,0.0008291858629426244,0.0004249898203989242,100.0,0.0,62.55,2.558808316384797,1.1,0.3,4.0,0.7745966692414834,0
179,0.7824562719321856,0.08178701558796908,0.05780466820263449,0.016568463623557076,0.0008379753544066851,0.0004495145460385269,100.0,0.0,63.85,3.0540956108150903,1.025,0.10897247358851683,4.15,0.7262919523166976,0
180,0.7902266411654844,0.08511303908485203,0.05633891908506396,0.01722099854938819,0.0007883393970149527,0.000375778427015156,100.0,0.0,62.65,3.395217224272992,1.125,0.3112474899497183,4.25,0.7664854858377946,0
181,0.7963090243387686,0.08750512025188041,0.054502762617910004,0.017857739531306687,0.0008127302804350391,0.00039561720344552737,100.0,0.0,63.3,2.666458325194677,1.1,0.3,4.05,0.5894913061275797,0
182,0.8043727124664729,0.08696604279462512,0.05303153864369205,0.017828410553259975,0.0007967454040903712,0.00032999290491322306,100.0,0.0,63.3,2.7766886753829643,1.0,0.0,4.3,0.7810249675906654,0
183,0.8164582876544404,0.08832299023957241,0.050094365553217855,0.01761762595490356,0.0007885799745409431,0.00033106201103319776,100.0,0.0,63.0,3.3763886032268267,1.075,0.23848480035423641,4.3,0.7810249675906654,0
184,0.8221991687350994,0.08058152938438495,0.04817223049801832,0.016567998696458787,0.0008167546694672033,0.0003591509087720721,100.0,0.0,63.65,2.5548972582082436,1.075,0.17853571071357124,3.8,0.6,0
185,0.8217794436343444,0.08059048105057863,0.048168326069419426,0.016131090887072746,0.000838230215808241,0.00038373957704840094,100.0,0.0,63.75,3.4478254016118624,1.0,0.0,4.15,0.6538348415311009,0
186,0.8365960758246993,0.0752954789420551,0.044473243718062855,0.017112868696168692,0.0007852353205927141,0.0003190008658827097,100.0,0.0,62.95,2.9236107812087435,1.05,0.2179449471770337,4.1,0.7000000000000001,0
187,0.8453503009016805,0.07472398781948303,0.043220162287527064,0.017441230923799438,0.0007165837967732112,0.00030122581707840723,100.0,0.0,63.4,2.3958297101421877,1.05,0.21794494717703372,4.2,0.7483314773547883,0
188,0.8525951369121086,0.07113028204260727,0.04139942493411707,0.016380341955970584,0.0007294844829815658,0.00032119857525186673,100.0,0.0,63.15,2.104162541250081,1.0,0.0,4.05,0.5894913061275797,0
189,0.8581482743816782,0.06687554027822153,0.039775427419553984,0.016067439133807093,0.000716062784903881,0.00029914968492621423,100.0,0.0,64.3,3.303028912982749,1.1,0.3,3.8,0.6782329983125268,0
190,0.8600867112486599,0.06312916110274047,0.037847662354989604,0.01599074845486531,0.0007623513484338368,0.00029925221743409966,100.0,0.0,62.55,3.4128433893163046,1.1,0.3,4.05,0.49749371855331004,0
191,0.8697202292517308,0.06132397411210544,0.036611359373736316,0.01464970847517633,0.0007068153904357163,0.00028895586855119383,100.0,0.0,64.15,4.269367634673781,1.1,0.3,4.1,0.7,0
192,0.8751934698616305,0.05782538412148191,0.03503233723968563,0.01384681112840272,0.0007021831084971228,0.0003055371925070257,100.0,0.0,64.3,3.661966684720111,1.1,0.3,4.05,0.6689544080129826,0
193,0.8829072003285436,0.05094712033040463,0.03292797841570763,0.01344755910583755,0.0006839533616113892,0.00025924448536037467,100.0,0.0,62.15,3.1823733281939126,1.05,0.21794494717703372,4.4,0.8,0
194,0.8863907116280764,0.0493354725053376,0.029671923733077983,0.01382873390910704,0.000754237349377564,0.00033524638852590056,100.0,0.0,63.9,3.014962686336267,1.025,0.10897247358851683,3.9,0.7681145747868608,0
195,0.8973501802314792,0.04925747500922416,0.026515018515736215,0.015129761401030523,0.0006920179736190234,0.00034050384920309194,100.0,0.0,63.25,3.686122624113311,1.1,0.3,4.15,0.852936105461599,0
196,0.9049720128146674,0.04445287357530051,0.025311336414782067,0.01425298951447754,0.0006378315467943029,0.000309446908855635,100.0,0.0,63.45,2.991237202229205,1.0,0.0,4.55,0.8645808232895291,0
197,0.9093919708297602,0.039686896254342886,0.024489227674342716,0.01274075487719439,0.0006337537299399839,0.00031878558063954033,100.0,0.0,63.85,3.2752862470324637,1.0,0.0,4.3,1.0049875621120892,0
198,0.9136836365258876,0.033388949816458575,0.021345293087441507,0.012861430984244075,0.0006655090542318296,0.0002732913623329894,100.0,0.0,63.2,2.5612496949731396,1.075,0.23848480035423641,4.15,0.9096702699330127,0
199,0.9158699307812628,0.030704928555345883,0.021677366484086705,0.012487200079287972,0.0006355331996661693,0.00024008504214307334,100.0,0.0,63.65,3.1823733281939126,1.0,0.0,4.4,0.7348469228349535,0
200,0.92218234901017,0.024238969151302074,0.020200315445275084,0.012185273293278006,0.000588779641607013,0.00017791289495738623,100.0,0.0,63.4,2.7640549922170505,1.05,0.21794494717703372,4.2,0.7483314773547883,0
201,0.9290795646362492,0.026605586836696726,0.019958685277146938,0.01237418306322121,0.0005091012239740145,0.00014432065811369147,100.0,0.0,63.05,2.2907422377910613,1.075,0.23848480035423641,4.15,0.5722761571129799,0
202,0.9318822950953092,0.019872787230944315,0.01904693723772782,0.010175058841259747,0.0005249531291673239,0.00017238028478133556,100.0,0.0,62.6,3.6523964735499352,1.15,0.3570714214271425,4.35,0.5722761571129799,0
203,0.9346651816460468,0.02203506390861649,0.018654352805122905,0.011256906665091352,0.0004827152484993539,0.00014270896844340578,100.0,0.0,64.15,3.259984662540608,1.05,0.21794494717703372,4.05,0.739932429347437,0
204,0.9343381710763324,0.027228580728754923,0.019282204693480343,0.010010691909221287,0.0004902917745338065,0.00020759310348289118,100.0,0.0,63.6,3.1368774282716245,1.1,0.3,4.45,0.8046738469715541,0
205,0.93281768725404,0.029989375270749432,0.019640811829828454,0.010622985792090757,0.0004871024270364936,0.0002403542107251552,100.0,0.0,64.95,3.4565155865408737,1.05,0.15,4.15,0.3570714214271425,0
206,0.9312774440060808,0.02884441020521012,0.021065701659955423,0.01036657009643936,0.0004781869624727201,0.00022158316251156589,100.0,0.0,62.9,2.808914381037628,1.05,0.21794494717703372,4.35,0.963068014212911,0
207,0.9236120052888737,0.03490084274418256,0.023232004316878344,0.01153028920913853,0.0005121325495520527,0.00021099167969270343,100.0,0.0,63.3,2.471841418861655,1.0,0.0,4.25,0.4330127018922193,0
208,0.9148298253934618,0.042640842943543956,0.025466740755977463,0.01225081863939343,0.0005687021034537448,0.0002685276963448436,100.0,0.0,62.65,2.669737814842499,1.1,0.3,4.35,0.653834841531101,0
209,0.9134181075959763,0.03956087196712793,0.0267876600934548,0.012775494018919295,0.0005254684800503559,0.00025109159118160226,100.0,0.0,62.5,2.1330729007701543,1.075,0.23848480035423641,4.05,0.6689544080129826,0
210,0.9126115164685838,0.039398098605903306,0.028667509863539792,0.012094219296312339,0.0004785779620906128,0.0002326759579443687,100.0,0.0,62.6,2.1071307505705477,1.125,0.3112474899497183,4.4,0.58309518948453,0
211,0.9060107262515146,0.04041370387252395,0.030823535755679015,0.012396029637747516,0.000487304313646132,0.00020182127250629276,100.0,0.0,63.6,2.5377155080899043,1.0,0.0,4.05,0.9733961166965892,0
212,0.8911554677338221,0.04494379912897491,0.034557222391126095,0.01275502423316043,0.000543227715659885,0.0002368277062388507,100.0,0.0,63.95,2.3339880033967613,1.0,0.0,4.0,0.6324555320336759,0
213,0.8822460910770626,0.047982748290304814,0.03710885497898514,0.010729800223599945,0.0005885057182030942,0.00033990872585238084,100.0,0.0,63.5,3.057776970284131,1.025,0.10897247358851683,4.35,0.8529361054615991,0
214,0.8720819794400088,0.048393279815001924,0.039824957014092034,0.009968691126201008,0.000616031455236429,0.0003387133494899808,100.0,0.0,62.9,1.8411952639521971,1.025,0.10897247358851683,4.2,0.812403840463596,0
215,0.8641678790008825,0.04824393572197814,0.04116098047039686,0.010838479016085551,0.0006496625401729695,0.00037268933883805505,100.0,0.0,63.65,3.6093628246547893,1.0,0.0,4.1,0.5385164807134504,0
216,0.8555885586525813,0.04294124127642456,0.04446578942624216,0.009636042507363959,0.000597544038117804,0.00035619814151221406,100.0,0.0,62.75,3.476708213238494,1.05,0.21794494717703372,4.75,0.8874119674649424,0
217,0.8403622982067043,0.04394855986026961,0.04771125992065196,0.00975190389212135,0.0006310778289732152,0.000388295274653898,100.0,0.0,62.55,2.5975950415721085,1.0,0.0,4.35,0.653834841531101,0
218,0.8245419844040157,0.03985747449821816,0.051061795499754516,0.010398236072813627,0.0006535027705711642,0.00039424631956399566,100.0,0.0,63.0,3.40587727318528,1.075,0.23848480035423641,4.25,0.6224949798994366,0
219,0.8074495416728847,0.040392187640338466,0.054079245103248706,0.011129990491523384,0.000717446645595909,0.0005234037125750342,100.0,0.0,63.0,3.924283374069717,1.1,0.3,4.05,0.9733961166965893,0
220,0.7973847264621494,0.039512992381594954,0.05564568001269242,0.01226537008912121,0.0007406304281800215,0.00046479309738434795,100.0,0.0,64.2,2.420743687382041,1.0,0.0,4.45,0.8645808232895292,0
221,0.7824756275738999,0.04112788497629878,0.05848039630976223,0.011148322546436933,0.0007844500066903187,0.0004427936732442706,100.0,0.0,62.85,2.7977669667075564,1.075,0.23848480035423641,4.05,0.6689544080129826,0
222,0.7720360906271508,0.04325551439540016,0.061614690253075075,0.01037270612511676,0.0007453650594649538,0.0003482376314668572,100.0,0.0,63.2,3.9949968710876362,1.15,0.3570714214271425,4.2,0.9273618495495703,0
223,0.7538426976766214,0.04847622359840178,0.06526939801857788,0.011999107609843974,0.0007723875232605156,0.0003653122015324155,100.0,0.0,63.85,3.2752862470324637,1.1,0.3,4.45,0.7399324293474372,0
224,0.7479978432569353,0.05713818286560532,0.06562320155221227,0.013989416393539207,0.0008166733931144826,0.0004344318102972073,100.0,0.0,62.95,3.412843389316304,1.05,0.21794494717703372,4.0,0.7071067811865476,0
225,0.7433234868589175,0.06394989995949518,0.06594714709477979,0.01599318367389287,0.0008349705866022546,0.00045085054456580454,100.0,0.0,64.2,2.694438717061496,1.025,0.10897247358851683,4.1,0.6244997998398398,0
226,0.7310206923788429,0.06847036630994704,0.06726208382850055,0.01705462896184887,0.0009285007468485422,0.0005294750827618969,100.0,0.0,63.35,3.6779749863205975,1.25,0.4330127018922193,4.3,0.7810249675906654,0
227,0.7281400346985571,0.0825342844694328,0.06720652276173365,0.021654031595308574,0.000901629922009305,0.0005246517893705948,100.0,0.0,64.15,3.409912022325503,1.075,0.23848480035423641,4.2,0.9273618495495703,0
228,0.7187203667834077,0.09450223571929893,0.06916082564225691,0.022499544253219334,0.0009278144829719737,0.0004757149388069479,100.0,0.0,64.65,3.15079355083763,1.1,0.3,4.3,0.9,0
229,0.7167231546076641,0.09606521734496473,0.0692378484355324,0.021985957828016107,0.000958449288936569,0.0005397747292186023,100.0,0.0,64.15,3.539420856580918,1.075,0.23848480035423641,3.85,0.653834841531101,0
230,0.7129043384068392,0.11194045527927202,0.06994976022869236,0.02437339953284213,0.0009547927489861075,0.0006350249863911527,100.0,0.0,62.75,2.56661255354212,1.1,0.3,4.2,0.6,0
231,0.714839355219051,0.1152121728709665,0.06794903313993703,0.025011658732789686,0.0010284765122939266,0.0006708637231293764,100.0,0.0,62.2,3.0757112998459393,1.075,0.23848480035423641,4.5,0.7416198487095663,0
232,0.7056332830953841,0.12343155937016984,0.06886573579842226,0.02769279999928376,0.001078887556559951,0.0007758122957742839,100.0,0.0,63.65,3.320767983464066,1.05,0.21794494717703372,4.25,0.82915619758885,0
233,0.713429413212792,0.12353922802896099,0.06753346803187274,0.028295319143004538,0.0010647648754972074,0.0006054640887783832,100.0,0.0,63.7,2.968164415931166,1.125,0.3112474899497183,4.1,0.7,0
234,0.7194163440233339,0.11393105357976178,0.06650982378026529,0.026569023761358366,0.001067953940454399,0.0005146962474530046,100.0,0.0,63.8,3.2341923257592455,1.0,0.0,4.4,0.7348469228349535,0
235,0.7323940789874702,0.10507960284343884,0.06354025316819188,0.02431670764713792,0.0011415919399504694,0.0004955264745392386,100.0,0.0,63.05,3.2476914878109957,1.15,0.3570714214271425,4.2,0.6782329983125268,0
236,0.7387979543184492,0.10523148155299372,0.06293891574866255,0.02294786644187776,0.0011116290065061993,0.0004622248340519501,100.0,0.0,63.45,3.368605052540295,1.0,0.0,4.25,0.8874119674649424,0
237,0.7435335951138502,0.10312033916630348,0.0630708606791321,0.021860727634148987,0.0010408163911209789,0.00042984766494756676,100.0,0.0,62.2,2.5612496949731396,1.05,0.21794494717703372,4.0,0.6324555320336759,0
238,0.7539436818235818,0.10201001777135432,0.06251260705524705,0.021620475040893126,0.000940284846809423,0.0003687295953554952,100.0,0.0,63.7,2.666458325194677,1.05,0.21794494717703372,4.15,0.5722761571129799,0
239,0.7555067135169213,0.09454040986311493,0.062030803782735476,0.021223391831702014,0.0009406329222248252,0.0003340620479442821,100.0,0.0,63.65,2.535251466817444,1.0,0.0,4.1,0.6244997998398398,0
240,0.7612355088130494,0.09754481503711634,0.06067138783640015,0.02242466080458422,0.0009021874468417337,0.00031968173742929514,100.0,0.0,63.75,3.0639027399707057,1.05,0.21794494717703372,4.15,0.7262919523166976,0
241,0.7717153685619531,0.08889469320751996,0.05868338921557379,0.021165546687398458,0.0008791636524854004,0.0003761599158465815,100.0,0.0,62.75,2.680951323690902,1.125,0.3112474899497183,4.25,0.6224949798994366,0
242,0.7825964864659894,0.08574735619377706,0.05723165695718104,0.019053308562705883,0.0008453537747558573,0.00038863069799143423,100.0,0.0,64.1,2.913760456866693,1.0,0.0,4.45,0.8046738469715541,0
243,0.7867871146794795,0.077752517394874,0.056262359705261666,0.016896619169715892,0.0008694316150093054,0.0004418433313627894,100.0,0.0,62.35,3.1823733281939126,1.05,0.21794494717703372,4.65,0.7921489758877431,0
244,0.7862680243718432,0.07666482522180935,0.056143606574500904,0.017316555494525203,0.0008886395305377452,0.0003710869989008256,100.0,0.0,63.8,2.580697580112788,1.05,0.21794494717703372,3.9,0.6244997998398398,0
245,0.7907978963264245,0.07818376022511077,0.05485741928535315,0.017938264724466038,0.0008816986990350295,0.0003297464141120916,100.0,0.0,62.9,2.964793416074719,1.075,0.23848480035423641,4.3,0.8426149773176358,0
246,0.8006974611214119,0.07725924023771863,0.05251381802524482,0.0184564205155403,0.000856446989435007,0.0003010105726049465,100.0,0.0,62.7,2.8301943396169813,1.1,0.3,4.35,0.9630680142129111,0
247,0.8021396556635816,0.07424227414229188,0.05237895980218632,0.018143300026075268,0.0008527287605406784,0.00030052792557150223,100.0,0.0,62.55,3.353729267546801,1.05,0.2179449471770337,4.15,0.6538348415311009,0
248,0.8123836738541328,0.07326967805154934,0.05026101518470414,0.018544003325655204,0.0008113994084132869,0.0002961793423245924,100.0,0.0,63.15,2.3932195887548637,1.05,0.21794494717703372,4.25,0.7664854858377946,0
249,0.8110189603416051,0.08292834366708249,0.04987074245939178,0.020378933049957068,0.0008197297850120451,0.0003345568436442668,100.0,0.0,63.65,2.885740806101615,1.075,0.23848480035423641,4.05,0.804673846971554,0
250,0.8151707906109886,0.07676816481984412,0.048380203586044945,0.020936322842892922,0.0008169504034478607,0.00033513071522141676,100.0,0.0,63.0,1.8439088914585775,1.025,0.10897247358851683,4.35,0.7262919523166975,0
251,0.8203555866153094,0.08097152559515829,0.04771858923169902,0.020481907882664813,0.0007914024790713458,0.00035248129639785014,100.0,0.0,63.3,2.7766886753829643,1.05,0.2179449471770337,4.05,0.49749371855331004,0
252,0.8212409217673071,0.08034561676030359,0.04777853285278491,0.019718174951030846,0.00078346953723054,0.0003380123723566833,100.0,0.0,63.6,3.2924155266308657,1.05,0.21794494717703372,4.35,0.7262919523166976,0
253,0.8239094483046093,0.07583623329482579,0.04811438176435585,0.01873429588949809,0.000746878109423632,0.0003167888616501319,100.0,0.0,63.7,3.2572994949804666,1.075,0.23848480035423641,4.35,0.7262919523166976,0
254,0.8235833206754786,0.0723132868574445,0.04856634788162476,0.017403855046845492,0.000743298582080835,0.0003847768901793463,100.0,0.0,63.15,2.632014437650371,1.025,0.10897247358851683,4.45,0.6689544080129827,0
255,0.8265038382199338,0.06632938991023506,0.04669315586851825,0.01640013582044193,0.0008061736082969996,0.00046427507358668806,100.0,0.0,64.7,3.241913015489466,1.025,0.10897247358851683,4.1,0.6244997998398398,0
256,0.831400961727368,0.06923549380385328,0.045126251568385914,0.01576559513979679,0.0008373598668249419,0.00048130971237236154,100.0,0.0,63.15,3.0376800358168077,1.0,0.0,4.15,0.6538348415311012,0
257,0.8341418483017554,0.06798716117074101,0.04385658390746022,0.01609960793690725,0.0008576135020289692,0.0004753764789601459,100.0,0.0,62.8,3.370459909270543,1.1,0.2549509756796392,4.2,0.6782329983125269,0
258,0.8430892365396059,0.05721600629597035,0.04071684204190446,0.014801286095267608,0.0008951575019959908,0.0004293026669193766,100.0,0.0,63.95,2.558808316384797,1.0,0.0,4.15,0.6538348415311009,0
259,0.8537462158427104,0.05438910108689548,0.0387902350277282,0.014775788023898785,0.0008305071377835316,0.0003976033822789544,100.0,0.0,63.3,2.491987158875423,1.05,0.21794494717703372,3.95,0.5894913061275798,0
260,0.8594850118665548,0.05200793974145813,0.03787647343543243,0.014470709803634857,0.000792890857197626,0.00036135607310692125,100.0,0.0,62.95,2.8892040426387333,1.0,0.0,4.45,0.8645808232895292,0
261,0.8643712607614423,0.04675627603566745,0.03591239897580601,0.014159071442019805,0.0008063241841065347,0.00036138714803134555,100.0,0.0,62.15,3.0540956108150903,1.05,0.15,4.2,0.8717797887081347,0
262,0.8730830686790023,0.044460300746663385,0.033738302385236965,0.014632213145404119,0.0007639176064655115,0.0003423458192629452,100.0,0.0,62.25,4.345975149491768,1.15,0.3570714214271425,4.1,0.7,0
263,0.8786235442162911,0.03978178982331517,0.032546074604203654,0.012485286028380619,0.0007683899886017251,0.00034219771538443185,100.0,0.0,63.75,2.7363296585024255,1.025,0.10897247358851683,3.95,0.6689544080129826,0
264,0.8831932876601755,0.04348233014440887,0.030342767083092893,0.013719520980821876,0.0007680433823106147,0.00037969206914608745,100.0,0.0,62.0,3.271085446759225,1.05,0.21794494717703372,4.3,1.004987562112089,0
265,0.8932543576872725,0.03906888031150748,0.029506013270078225,0.0132081781286188,0.0006740544672488455,0.0003307193271723398,100.0,0.0,63.2,2.7495454169735036,1.15,0.3570714214271425,4.35,1.0136567466356645,0
266,0.8949080894093185,0.03812578301048143,0.027037675982911808,0.013298150179223893,0.0007240238683727655,0.0003542858693162569,100.0,0.0,63.9,3.3451457367355464,1.025,0.10897247358851683,4.25,0.9937303457175896,0
267,0.8991619178985772,0.037921370867738884,0.025094258119063205,0.012655263956618281,0.000730987466274131,0.0003247339094219169,100.0,0.0,64.25,2.6052830940226053,1.0,0.0,4.35,0.653834841531101,0
268,0.90444284610184,0.037093348371191125,0.023480866950046107,0.012770750269841197,0.000707396813564383,0.00027395976316538256,100.0,0.0,63.7,3.551056180912941,1.05,0.21794494717703372,4.15,0.4769696007084728,0
269,0.9050858626840812,0.03432290949032055,0.022447917123415748,0.012245239164219315,0.0007375682350342503,0.0002959252334152771,100.0,0.0,63.95,2.4181604578687494,1.1,0.3,4.1,0.5385164807134504,0
270,0.9158830714953998,0.033189467847832534,0.02092877307525866,0.011146184306831695,0.0006419380262975522,0.0002293792665369839,100.0,0.0,63.35,2.4550967394381837,1.05,0.21794494717703372,4.4,0.8602325267042626,0
271,0.9176553563863546,0.02870787341442342,0.022076242095963667,0.010486815584894588,0.0006149940481411986,0.00021822587420613248,100.0,0.0,64.4,3.4263683398023628,1.05,0.15,3.95,0.5894913061275798,0
272,0.9255063735246362,0.026964735291790096,0.019834538089675897,0.009011083189533756,0.0005708066818189518,0.0002399172384342976,100.0,0.0,63.8,3.558089374931439,1.075,0.23848480035423641,4.35,0.6538348415311012,0
273,0.9279622187123874,0.02398804690883688,0.017682690477842735,0.009132548141230061,0.0005853333509540267,0.00022137400931054768,100.0,0.0,64.4,2.5573423705088847,1.0,0.0,4.05,0.3840572873934304,0
274,0.925744847788741,0.02512112209016991,0.017191602561517822,0.009089486411581983,0.0006287358326035348,0.00023225672317470254,100.0,0.0,63.15,2.4753787588973126,1.05,0.21794494717703372,4.4,0.9165151389911681,0
275,0.9242245514176257,0.026433431047397846,0.01779574688231092,0.009763161736446637,0.0006328910918687818,0.0002702270835811454,100.0,0.0,62.25,2.680951323690902,1.075,0.23848480035423641,4.25,0.698212002188447,0
276,0.9252339899433075,0.0264821017991182,0.017910799017497266,0.009838238642616823,0.000621675234991051,0.000246585598889036,100.0,0.0,62.45,2.4591665254715873,1.1,0.2549509756796392,4.45,0.9205976319760986,0
277,0.9282729631258089,0.0266379156540336,0.01787532405159052,0.009970308255180652,0.0005880908368580609,0.00021564657874017886,100.0,0.0,64.1,3.0149626863362666,1.0,0.0,4.0,0.4472135954999579,0
278,0.9283188138355145,0.025898161002865176,0.018447034623534708,0.009178134775481968,0.0005877543486993682,0.00023340298435322362,100.0,0.0,64.75,3.533765696816924,1.05,0.21794494717703372,4.0,0.7071067811865476,0
279,0.9318898761414813,0.023784515979325835,0.018586302222898185,0.009379073946896173,0.0005279724296296362,0.00023749096374903848,100.0,0.0,62.95,2.9406631905065224,1.125,0.3112474899497183,4.0,0.6324555320336759,0
280,0.927128356270217,0.02305884446091863,0.019831311999112866,0.010010885597456757,0.0005563898621975078,0.00022242580989758224,100.0,0.0,63.65,2.7436289836637897,1.05,0.21794494717703372,4.15,0.6538348415311012,0
281,0.9222724008174771,0.025083524150736655,0.021286631941477938,0.010312560328825823,0.0005865541526459139,0.00022352816210077098,100.0,0.0,63.7,2.6476404589747453,1.05,0.21794494717703372,4.25,0.7664854858377946,0
282,0.9206490043127582,0.024000994509486662,0.02241391033521545,0.009713470738057851,0.0005797392493435986,0.0002776713387108696,100.0,0.0,63.35,3.1980462785894765,1.025,0.10897247358851683,4.25,0.698212002188447,0
283,0.9131184435892546,0.025773526521185395,0.02522234638568808,0.010760726726316843,0.000597491415591817,0.0002871725803918498,100.0,0.0,62.4,2.7820855486487113,1.025,0.10897247358851683,4.15,0.3570714214271425,0
284,0.9124490965977996,0.02615109612437519,0.026970764274728908,0.010473353703186071,0.0005433992191714628,0.0002543151555593461,100.0,0.0,63.1,4.253234063627348,1.15,0.32015621187164245,4.05,0.6689544080129826,0
285,0.9067210120028119,0.030202454374219697,0.029219993635916087,0.010925250446093056,0.0005422915760273715,0.0002561072272314873,100.0,0.0,64.3,2.7766886753829643,1.05,0.21794494717703367,4.2,0.6782329983125268,0
286,0.8914603594140351,0.03637874241681756,0.03227368484416472,0.011841315151038386,0.0006297687810252102,0.00027651970576432705,100.0,0.0,62.6,2.764054992217051,1.125,0.3112474899497183,4.25,1.0428326807307104,0
287,0.8858987246370914,0.04057380791125203,0.03423419405151063,0.01374040454525452,0.0005961076012461436,0.00031610267901893246,100.0,0.0,62.4,3.583294573433783,1.1,0.2549509756796392,4.1,0.7681145747868608,0
288,0.8751271260897079,0.0455532472001621,0.03827283046847627,0.014324638647329692,0.0005787244420534912,0.00027604825064072756,100.0,0.0,62.95,1.883480820183736,1.025,0.10897247358851683,4.0,0.7745966692414834,0
289,0.8633607235887212,0.04591793193495456,0.04164814334625723,0.014461985022096223,0.0005824610160877347,0.0003084133103337859,100.0,0.0,64.0,3.2093613071762426,1.125,0.3112474899497183,4.4,0.9695359714832658,0
290,0.8523405089640331,0.0509702847656549,0.04447829974707161,0.016386005087978984,0.0005764590861483612,0.0002971558149474682,100.0,0.0,64.1,3.4770677301427417,1.1,0.3,4.0,0.6324555320336759,0
291,0.8459794066478604,0.050641359959778406,0.04649162158253045,0.016079296580094014,0.0005468616097416094,0.0002784558935014587,100.0,0.0,63.35,2.8857408061016145,1.0,0.0,4.2,0.7483314773547883,0
292,0.8362274001666578,0.05583288251660336,0.04831189046993127,0.016519277185713006,0.0005832623768669025,0.0002890656309884645,100.0,0.0,64.6,2.3748684174075834,1.05,0.2179449471770337,4.4,0.9165151389911679,0
293,0.8252395199015679,0.058829178826995815,0.05085946305449744,0.015588453450700939,0.0006065892130737079,0.0003122052845644643,100.0,0.0,62.75,3.404041715373065,1.1,0.3,4.2,0.5099019513592784,0
294,0.8076466978070196,0.06378541050903457,0.054053546753292867,0.015611728111944561,0.0006712592984792568,0.0003196293848754639,100.0,0.0,63.95,2.4794152536434875,1.05,0.21794494717703372,3.9,0.5385164807134504,0
295,0.7978348575088289,0.06169707915254118,0.056286181446462066,0.014057644161704711,0.0007017880889947512,0.00023236598447722465,100.0,0.0,62.4,1.9078784028338913,1.1,0.3,4.45,0.9205976319760986,0
296,0.7913721748193947,0.06715804199120318,0.05698031128313578,0.015978821146666426,0.0007323656988768567,0.000241109680989272,100.0,0.0,61.8,3.171750305430741,1.2,0.4,4.3,0.6403124237432849,0
297,0.7774193093633738,0.07107933628107332,0.06106908296661766,0.016242787334058907,0.0006748130773830242,0.00021428568171803073,100.0,0.0,63.45,2.765411361804967,1.075,0.23848480035423641,4.3,0.8426149773176358,0
298,0.7669529266774021,0.07302871395998743,0.06346975668744517,0.016190739414389765,0.0006787060682986749,0.0002503892828418472,100.0,0.0,65.05,2.4591665254715873,1.025,0.10897247358851683,4.0,0.5477225575051661,0
299,0.756702116405414,0.07371393646653242,0.0658918838068989,0.015167213621505811,0.0006578081974615691,0.0002412858614837106,100.0,0.0,63.95,3.1220986531498327,1.0,0.0,4.35,0.7262919523166976,0
300,0.748061377772151,0.07970964079756117,0.06746178196085584,0.015452666588448443,0.0006808059279923227,0.0003135341223862668,100.0,0.0,64.05,2.011839953873071,1.0,0.0,4.2,0.6782329983125269,0
301,0.7373007017979889,0.07826706182264598,0.06892706190693842,0.01515360695689991,0.0007457518591586062,0.00039217097782885213,100.0,0.0,63.0,2.4698178070456938,1.0,0.0,4.15,0.7262919523166975,0
302,0.727710247085233,0.07780770731354925,0.07059484311446751,0.015124777657853422,0.0007636958507226175,0.0004230199945815589,100.0,0.0,62.55,2.0365411854416298,1.15,0.3570714214271425,4.6,1.019803902718557,0
303,0.7229533932875504,0.07832841733695217,0.0707221672995047,0.01565177385708181,0.0008052162544849633,0.000510094003667315,100.0,0.0,62.05,4.06786184622831,1.175,0.36314597615834876,4.15,0.5722761571129799,0
304,0.716927346402711,0.07624583482205685,0.07209435138841011,0.015685466438120778,0.0007974620442249416,0.00044954120654766143,100.0,0.0,65.0,3.082207001484488,1.0,0.0,4.0,0.9486832980505138,0
305,0.7096848877342575,0.08020422870065227,0.07297705548157227,0.01566146924356107,0.0008594185111555624,0.0004808616355701213,100.0,0.0,64.5,2.0371548787463363,1.05,0.21794494717703372,4.05,0.4974937185533099,0
306,0.7094818167997086,0.07668508056661853,0.07273297511540389,0.015091925904129572,0.0009019772031483091,0.0005218494773425215,100.0,0.0,64.4,2.6532998322843193,1.0,0.0,4.3,0.714142842854285,0
307,0.697782928319949,0.06948617857537948,0.07448017362989323,0.014834151655474054,0.000991612418696804,0.0005657368802762288,100.0,0.0,62.75,2.7363296585024255,1.05,0.2179449471770337,4.2,0.6,0
308,0.6986963934902211,0.07066415056779311,0.07435142890575477,0.01478414915075708,0.0010040723023316443,0.0005484778554570739,100.0,0.0,62.9,3.1606961258558215,1.025,0.10897247358851683,4.2,0.7483314773547883,0
309,0.71380254019601,0.07706582457806144,0.07132345123398887,0.017654473831013186,0.0009690884444432583,0.0005032869334130575,100.0,0.0,62.3,2.882707061079915,1.05,0.21794494717703372,4.75,0.82915619758885,0
310,0.7279452748817186,0.09250115061886781,0.06751138300132922,0.022275208081397744,0.0009493248748919802,0.000484726356445227,100.0,0.0,64.2,3.385262175962151,1.0,0.0,4.1,0.6244997998398398,0
311,0.7343341265257111,0.0932552601099567,0.0666269869756108,0.022092528397079394,0.0008959188770796426,0.0004408399526907487,100.0,0.0,64.45,2.15580611373101,1.0,0.0,4.1,0.6244997998398398,0
312,0.7372667848137006,0.10469647340034026,0.06595686607372889,0.024361898243551262,0.0008430939146902964,0.00045896457977342634,100.0,0.0,63.8,3.325657829663178,1.0,0.0,4.15,0.8529361054615991,0
313,0.7393219114138584,0.10075537414048297,0.0652206296544274,0.023457194842466354,0.0009021644419520573,0.0004399439491213355,100.0,0.0,63.7,2.5317977802344327,1.075,0.23848480035423641,4.35,0.7262919523166976,0
314,0.7350825886723544,0.09488447860572838,0.0665907024624299,0.021444478288912203,0.0009123704292384749,0.0004597178661645546,100.0,0.0,63.15,3.9531632903283924,1.15,0.3570714214271425,4.2,0.812403840463596,0
315,0.7336544682661159,0.09613375984532145,0.06725505921093558,0.021232204488210185,0.0008783757176486475,0.0004929055325810027,100.0,0.0,63.15,2.286372673034735,1.075,0.23848480035423641,4.1,0.6244997998398398,0
316,0.7344157718287038,0.09583286146627099,0.06582353161997011,0.022505593544072847,0.0009513456875637104,0.0005647381693984848,100.0,0.0,63.55,2.8892040426387338,1.0,0.0,4.25,0.698212002188447,0
317,0.7474695174463027,0.0930656832263363,0.06372952318444786,0.021851937665537634,0.0009027843218089267,0.0006083837066434398,100.0,0.0,63.1,2.9137604568666933,1.025,0.10897247358851683,4.4,0.9165151389911679,0
318,0.7496664908674715,0.08607868861651183,0.062456786099533035,0.02162000141789209,0.0009560251804420751,0.0006560427453737505,100.0,0.0,63.75,2.878801834096956,1.0,0.0,4.35,0.5722761571129799,0
319,0.7562577410704951,0.0844110836230802,0.060311075470006456,0.021973002788235954,0.0009778529438827723,0.000595470258630778,100.0,0.0,63.15,2.5548972582082436,1.05,0.2179449471770337,4.3,0.6403124237432849,0
320,0.7659232693979944,0.08670711260757205,0.05856949210704536,0.022196609795942922,0.0009318889216214018,0.0005793896779756426,100.0,0.0,62.9,2.2781571499789037,1.025,0.10897247358851683,4.45,0.9733961166965891,0
321,0.7787967141182699,0.08975653741622057,0.05682123740311631,0.021993424848928855,0.0008366782675608538,0.00045214741995542896,100.0,0.0,63.05,3.1220986531498327,1.125,0.3112474899497183,4.1,0.7,0
322,0.7781956745486576,0.08768190722142406,0.05688010916162815,0.021356134882372854,0.0008802525210262693,0.0004661638672004845,100.0,0.0,62.55,2.3973944189473704,1.05,0.21794494717703372,4.65,0.653834841531101,0
323,0.7867461741714818,0.08757670438473267,0.054496439680985685,0.022748017626782288,0.0008378604363238572,0.00035630671658703925,100.0,0.0,63.7,2.3895606290697042,1.075,0.23848480035423641,4.3,0.6403124237432849,0
324,0.7842684010612595,0.08552378159951962,0.05539155799863318,0.02128314330901182,0.0008748080254091285,0.0003501922778975349,100.0,0.0,63.65,2.286372673034735,1.1,0.2549509756796392,4.2,0.6782329983125268,0
325,0.7914966959283675,0.08517094293487883,0.05502971845129977,0.020783676272066,0.0008072372354893255,0.0003554510503906683,100.0,0.0,63.15,2.372235232855292,1.05,0.21794494717703372,4.35,0.7921489758877431,0
326,0.799954418613836,0.07837272151307997,0.052500536672510964,0.019781186039819963,0.0008522456866700414,0.00036251548154018576,100.0,0.0,63.5,2.958039891549808,1.1,0.3,4.0,0.6324555320336759,0
327,0.8089747824172745,0.07558830454007864,0.051460078317922896,0.01808737511937788,0.0007988913216258135,0.0004050394984681719,100.0,0.0,63.55,2.836811590500857,1.0,0.0,4.0,0.7071067811865476,0
328,0.8188039931948083,0.07811733263249102,0.04996754475227625,0.018652985246812883,0.0007349443404025228,0.00034857811996359797,100.0,0.0,62.95,2.67348087705897,1.075,0.23848480035423641,4.1,0.5385164807134504,0
329,0.8193075522574891,0.07983394383430707,0.04977746243925778,0.018748039056551865,0.0007264491391621023,0.0003521565246911461,100.0,0.0,63.65,4.2340878592679205,1.15,0.3570714214271425,4.25,0.6224949798994366,0
330,0.825451545203656,0.07550499883494247,0.04782258151990328,0.018567762055623948,0.0007454323259457825,0.0003141982185798383,100.0,0.0,63.9,2.947880594596735,1.025,0.10897247358851683,4.35,0.8529361054615991,0
331,0.8301803745969176,0.07853862172485128,0.04691473497501515,0.019000070515093084,0.0007188213518663498,0.00033530528117202483,100.0,0.0,63.45,2.801338965566288,1.1,0.3,4.35,0.5722761571129799,0
332,0.8378982513460513,0.07495099886861009,0.04565865626202249,0.018199879038502554,0.0006851498907089294,0.00029453813202975405,100.0,0.0,62.8,2.6191601707417593,1.025,0.10897247358851683,4.3,0.6403124237432849,0
333,0.8377106745173384,0.0745136075352538,0.04487487185143228,0.017556810675202785,0.0007468939623800706,0.00027375972676313084,100.0,0.0,63.7,2.7946377224964243,1.075,0.23848480035423641,4.3,0.8426149773176358,0
334,0.8511427230206163,0.06684378734284595,0.04217691334058079,0.016597523435741356,0.0006973955699407749,0.00031163038021786427,100.0,0.0,64.1,3.6041642581880198,1.0,0.0,4.4,1.0198039027185568,0
335,0.8552196639325421,0.060589246957706684,0.04088971421948527,0.015802716914980208,0.0007075863487799191,0.00029942761762068404,100.0,0.0,62.9,3.7403208418530087,1.175,0.36314597615834876,4.3,0.45825756949558405,0
336,0.8558817649013551,0.0541302651536581,0.040230807540466165,0.014341178442239288,0.0007544319815321888,0.0003019960316305198,100.0,0.0,63.95,3.7212229172679243,1.175,0.36314597615834876,4.45,0.6689544080129827,0
337,0.8614702134980755,0.04872772499232404,0.03854606463198191,0.012936260522954211,0.0007709507302379946,0.0003516739576473225,100.0,0.0,64.6,2.9051678092667896,1.025,0.10897247358851683,4.15,0.6538348415311009,0
338,0.8698119562659477,0.04179265120621347,0.03723290043329366,0.012329722467827894,0.0007168798168405923,0.00021940199303072713,100.0,0.0,63.5,2.5199206336708304,1.0,0.0,4.2,0.6,0
339,0.8769091121224586,0.04208485916802797,0.035378745323610974,0.011242163352885555,0.0007050351441401835,0.00022301354314850365,100.0,0.0,64.15,2.688401011754013,1.025,0.10897247358851683,4.1,0.6244997998398398,0
340,0.8839593385192751,0.04214950912116109,0.03435958807684927,0.011054798780932039,0.0006437183266818399,0.00022719315291117346,100.0,0.0,62.75,2.8262165522125158,1.05,0.21794494717703372,4.05,0.6689544080129826,0
341,0.8880205855820309,0.03651373483419763,0.031865569365947276,0.010919192585079077,0.0006819178466361908,0.00024217309776704916,100.0,0.0,63.35,3.365635155509284,1.125,0.3112474899497183,4.25,0.7664854858377946,0
342,0.8919807795105816,0.0347676813745926,0.029132844869527146,0.01069996568546596,0.0007391168277202251,0.00029354240569201307,100.0,0.0,62.25,3.6314597615834874,1.1,0.3,4.25,0.7664854858377946,0
343,0.9004689144059265,0.02880485432586335,0.027445498278192593,0.01029883756391641,0.0006806370026797009,0.00021127405535145566,100.0,0.0,63.95,2.5782746168707478,1.025,0.10897247358851683,4.05,0.8645808232895291,0
344,0.9066530404597929,0.027094923237129247,0.025537989222013568,0.009695490916499816,0.000656444977280062,0.0001907901746169563,100.0,0.0,62.4,2.4166091947189146,1.0,0.0,4.3,0.45825756949558405,0
345,0.9120592098344545,0.01998863462618853,0.023171811999206683,0.009623073820525237,0.0006512581099809356,0.000161900211255121,100.0,0.0,63.15,3.48245602987317,1.1,0.3,4.4,0.8602325267042626,0
346,0.9154751688730711,0.013910929621214142,0.02218937046920193,0.0076978527993033395,0.0006493321720182845,0.00018982744759237215,100.0,0.0,63.8,3.4727510708370675,1.15,0.3570714214271425,3.85,0.5722761571129799,0
347,0.9241709917456138,0.015717418894503156,0.020088274076345693,0.0075652723455372885,0.0005957763744956614,0.00016802792364645447,100.0,0.0,64.1,3.064310689208912,1.0,0.0,4.3,0.7810249675906654,0
348,0.9285509612768463,0.019507915042851515,0.019213574706133767,0.007463334539519704,0.0005718035647172932,0.0001597146955762236,100.0,0.0,63.65,2.43464576478797,1.05,0.21794494717703372,4.05,0.5894913061275798,0
349,0.9301412430052656,0.024225290516477687,0.017432021783379884,0.007481761736251348,0.0005865086165981934,0.00023580065414667122,100.0,0.0,63.55,2.940663190506523,1.0,0.0,4.3,1.0049875621120892,0
350,0.9322301340284405,0.02112628087964049,0.01573430977209683,0.007043785477538822,0.000591499841609273,0.00024426044286535853,100.0,0.0,62.9,2.5278449319529077,1.05,0.21794494717703372,4.45,0.9205976319760986,0
351,0.9330701606876023,0.02651657265736801,0.01609622486107265,0.007653415358445281,0.0005711480917037559,0.0002519734410383256,100.0,0.0,63.1,1.9723082923316022,1.05,0.21794494717703372,4.2,0.8124038404635961,0
352,0.9343312894858775,0.026807715196256954,0.015998859339173884,0.008604171827651665,0.0005519211776631907,0.00023429156701896983,100.0,0.0,63.8,3.171750305430741,1.075,0.23848480035423641,4.55,0.6689544080129827,0
353,0.9342461464833385,0.027250684071386297,0.014904684922217599,0.010032701842436653,0.0005546579789123527,0.0002118442491667458,100.0,0.0,63.9,3.047950130825634,1.025,0.10897247358851683,4.15,0.7262919523166975,0
354,0.933293863527141,0.03335243859810087,0.01651695193849895,0.01137379570893914,0.0005321184706047046,0.0002430612083047515,100.0,0.0,63.0,2.9832867780352594,1.1,0.3,4.2,0.8124038404635961,0
355,0.9265340853110441,0.03742680311074555,0.01877422658034054,0.010886933912660126,0.0005792374639590493,0.0002861272411645408,100.0,0.0,63.1,2.930870177950569,1.05,0.21794494717703372,4.5,0.8660254037844386,0
356,0.9211435250401767,0.03872083128957103,0.02101417400794251,0.010065448507054969,0.000616963598602082,0.00030778509832130827,100.0,0.0,63.35,2.903015673398957,1.05,0.21794494717703372,4.35,0.653834841531101,0
357,0.9219834042906803,0.03503409514608934,0.022029223464354566,0.010121162435276939,0.0005703695915079591,0.00026012108974313077,100.0,0.0,63.1,2.3430749027719964,1.05,0.21794494717703372,4.3,0.5567764362830021,0
358,0.9162857335942434,0.0337792113132041,0.02425277097089977,0.009981555774990505,0.0005906823161809465,0.00022918995773041868,100.0,0.0,63.45,2.836811590500857,1.1,0.3,4.15,0.47696960070847283,0
359,0.9106236254773524,0.02862681896379587,0.025058369954982885,0.009525608948023281,0.000640564437953453,0.0001978308107461805,100.0,0.0,62.95,2.3973944189473704,1.05,0.21794494717703372,4.1,0.6244997998398398,0
360,0.9120664092474694,0.03119468982667143,0.026525364768204496,0.01057256302910135,0.0005759064544029818,0.00019725856638502643,100.0,0.0,64.2,2.0639767440550294,1.05,0.21794494717703372,4.0,0.6324555320336759,0
361,0.9052278834113666,0.02804585215719972,0.029347517420146067,0.00891265820182832,0.0005824542755861787,0.00017932446860019575,100.0,0.0,63.7,3.716180835212409,1.15,0.3570714214271425,4.05,0.804673846971554,0
362,0.900553625098232,0.03325350469810283,0.031886843833480664,0.010369007883345558,0.0005391478097723771,0.00017388590966048437,100.0,0.0,62.5,2.247220505424423,1.025,0.10897247358851683,4.2,0.6,0
363,0.89137944830489,0.03929757559045015,0.034350116354595235,0.011367409350811559,0.0005640998908700145,0.00019407387807317324,100.0,0.0,62.3,3.7696153649941526,1.15,0.3570714214271425,4.05,0.5894913061275798,0
364,0.8776156791179176,0.04426515442542796,0.03823614127695433,0.012112695243425587,0.0005904498277491028,0.00016917574651030884,100.0,0.0,64.7,3.132091952673165,1.0,0.0,4.15,0.6538348415311012,0
365,0.8700182772693067,0.050087927743766004,0.041585333101105994,0.012676393968187783,0.0005281595430708854,0.00017265206221461554,100.0,0.0,63.45,2.9912372022292053,1.05,0.21794494717703372,4.45,0.8645808232895291,0
366,0.8563242258538807,0.05388512733271906,0.04522340188541055,0.012816095981723497,0.0005335406712572428,0.00024443731709811753,100.0,0.0,62.75,2.878801834096956,1.1,0.3,4.05,0.739932429347437,0
367,0.8432548815147858,0.05813673095133401,0.04826215125119694,0.0139345160006144,0.0005386822236096037,0.00022617264789140352,100.0,0.0,63.75,3.2384409829422554,1.075,0.23848480035423641,4.1,0.7000000000000001,0
368,0.8330415452502618,0.06690768185170444,0.049614483761971064,0.015139126610316665,0.0005823537630519195,0.00029259395744637377,100.0,0.0,63.45,3.6670833096617805,1.075,0.23848480035423641,4.2,0.7483314773547883,0
369,0.8171480062401217,0.07094884440207144,0.05329858430716107,0.01559656515347812,0.0005879746041030134,0.000355546059262286,100.0,0.0,63.45,3.2011716605018234,1.05,0.2179449471770337,4.05,0.49749371855331004,0
370,0.8031788285576094,0.07229323250966854,0.05602783417207694,0.01604278488885692,0.0006100061411799028,0.0003085523622116495,100.0,0.0,64.1,2.844292530665578,1.05,0.15,4.25,0.698212002188447,0
371,0.7829309441899722,0.07480884209806432,0.059602488947606044,0.015344458967156896,0.0006861105617611272,0.0003559595480625456,100.0,0.0,63.85,3.1666228067138023,1.0,0.0,4.15,0.6538348415311009,0
372,0.7677392864378577,0.07760357318665194,0.06245449734759022,0.015451795781844632,0.0007209713013777138,0.00038115712032080835,100.0,0.0,63.75,1.8131464364468746,1.05,0.21794494717703372,3.95,0.5894913061275798,0
373,0.7491498047461009,0.07501626563031129,0.06658216113852529,0.01537278401146584,0.000726222964081792,0.000402177646287484,100.0,0.0,63.25,2.5273503912200224,1.05,0.21794494717703372,4.15,0.653834841531101,0
374,0.7348829897000757,0.0736909087410828,0.0685621465555788,0.015203987626884404,0.0008112591798726858,0.0004700015723338034,100.0,0.0,64.4,3.307567081708245,1.05,0.21794494717703372,4.0,0.5477225575051661,0
375,0.7325426552816356,0.07006127122108333,0.0684557362659608,0.014476134086645763,0.000868283548557886,0.0004625440826757167,100.0,0.0,64.85,3.5252659474144643,1.075,0.23848480035423641,4.35,1.1947803145348521,0
376,0.725665818234588,0.07130541577515445,0.07003402207215316,0.014118558514600027,0.0008930368070113961,0.0004477982618582776,100.0,0.0,63.8,3.2186953878862163,1.05,0.21794494717703372,4.15,0.7921489758877431,0
377,0.7305643450472245,0.07973905021239987,0.0682987301760982,0.016657462836876503,0.000925612215067778,0.0005392284509837807,100.0,0.0,62.75,3.2384409829422554,1.025,0.10897247358851683,4.3,0.7810249675906654,0
378,0.7283155679651184,0.08522226255294355,0.068067646093581,0.01801367461975768,0.0009737055935803464,0.0004904112212480524,100.0,0.0,64.05,3.667083309661781,1.05,0.21794494717703372,4.15,0.7262919523166975,0
379,0.7229690248900216,0.0878070567426256,0.06870349478131464,0.018692064222944563,0.0010328976697365991,0.0004377291157748891,100.0,0.0,63.95,3.3834154341434335,1.075,0.23848480035423641,4.3,0.8426149773176358,0
380,0.7314634540058236,0.0989393196820713,0.06800665757719669,0.02012266010419866,0.000911302964588788,0.00048272830456347023,100.0,0.0,63.05,2.8543825952384165,1.0,0.0,4.2,0.7483314773547882,0
381,0.7314257147311437,0.10319174538979926,0.0684242146607211,0.019453305256708592,0.0009010227622501978,0.0004596379855250587,100.0,0.0,63.4,2.6720778431774774,1.15,0.3570714214271425,4.2,0.812403840463596,0
382,0.7316829274180489,0.1091670537052797,0.06922696026027066,0.02034892064028353,0.000814828491717748,0.000433223169596113,100.0,0.0,62.85,2.8155816450602176,1.075,0.23848480035423641,4.25,0.82915619758885,0
383,0.7145697358983618,0.11262638883648551,0.07141545558096055,0.019981244553699186,0.0009285634075424166,0.0005459201493144131,100.0,0.0,62.0,2.792848008753788,1.05,0.21794494717703372,4.25,0.7664854858377946,0
384,0.7052619696922096,0.11947132404652017,0.07380132417527759,0.021591028735154925,0.000875012138206375,0.0005285173182859298,100.0,0.0,62.3,2.968164415931166,1.1,0.3,4.5,0.7416198487095663,0
385,0.7020194752554512,0.1198450347812515,0.07447667386645887,0.021740169290075217,0.0008615273797850532,0.0004847048167436386,100.0,0.0,64.1,3.491418050019218,1.15,0.3570714214271425,3.9,0.7681145747868608,0
386,0.7021667819220966,0.12045724754850194,0.0750769855836378,0.022331995693767683,0.0007813307949224932,0.0004335735184192288,100.0,0.0,63.25,3.222964473896664,1.1,0.3,4.25,0.82915619758885,0
387,0.6982290365610534,0.11218872746373718,0.07609541903436381,0.020861996905818414,0.0007849827501764049,0.0004174220903903417,100.0,0.0,63.95,2.4387496796514396,1.0,0.0,4.15,0.7262919523166976,0
388,0.6941331326631847,0.10686285792269559,0.07610600561485822,0.019773666263624107,0.0008638620790994802,0.00046792614818080635,100.0,0.0,63.5,2.80178514522438,1.05,0.21794494717703367,4.25,0.82915619758885,0
389,0.6892613299938166,0.09827981083836836,0.0774039291357661,0.01864226254724279,0.0008616644243934981,0.0004623499187169841,100.0,0.0,63.75,2.7726341266023544,1.1,0.2549509756796392,4.35,0.5722761571129799,0
390,0.686525343387743,0.09527799889142335,0.07738762499505081,0.0188798508596153,0.0009191434945264729,0.00046634498962431646,100.0,0.0,63.45,2.81913107180209,1.05,0.2179449471770337,4.1,0.6244997998398398,0
391,0.7016578441239333,0.10204541457214956,0.07441226448548435,0.021184593557292887,0.000882687569634238,0.00047762266634810433,100.0,0.0,63.3,3.0512292604784714,1.0,0.0,4.35,0.6538348415311012,0
392,0.7075410756737298,0.10487832481356138,0.07187884041344118,0.02322144056158514,0.0009439936722265132,0.0006058661124369164,100.0,0.0,63.8,2.9933259094191524,1.1,0.3,4.1,1.1789826122551597,0
393,0.7198383055164178,0.1087308688640186,0.06784887640025042,0.027364836288652553,0.0009509553730815109,0.0006036307295252106,100.0,0.0,63.8,2.5999999999999996,1.05,0.21794494717703372,4.9,1.1789826122551597,0
394,0.7324345076831508,0.1048271807482961,0.06569730332933517,0.025806536064228974,0.0009290804328596459,0.0006743752673223404,100.0,0.0,63.05,3.761316258971054,1.05,0.15,4.15,0.7262919523166976,0
395,0.735533149905181,0.10509517132457766,0.06622444826102161,0.025834525325996786,0.0008475234586835866,0.0005818769013925089,100.0,0.0,62.85,2.5937424698685874,1.125,0.3112474899497183,4.15,0.5722761571129799,0
396,0.7381074773097149,0.1097703017357867,0.06668920329281844,0.026077025772634436,0.000780080990822157,0.00042011988142327225,100.0,0.0,63.4,3.246536616149586,1.125,0.3112474899497183,4.35,0.6538348415311012,0
397,0.7425750755115191,0.11067829237442613,0.06496329100245549,0.026043744769825575,0.0008512255618698115,0.0005035750436955622,100.0,0.0,62.9,3.047950130825634,1.05,0.21794494717703372,4.65,0.7921489758877431,0
398,0.7580465705666133,0.11431095778737475,0.06192828807543623,0.025391417777109432,0.0008584748722363122,0.00034165857004359376,100.0,0.0,63.35,2.4550967394381837,1.05,0.21794494717703367,4.05,0.5894913061275798,0
399,0.766708801028549,0.11388141049844053,0.059204577190725104,0.02639442857968945,0.0008643307664991242,0.0003550946134602397,100.0,0.0,62.85,2.4550967394381833,1.05,0.2179449471770337,4.4,0.8,0
400,0.7659951325136725,0.11956265998729995,0.05920573563964846,0.026841450143068563,0.0008614887386807286,0.0003782691103323354,100.0,0.0,62.55,3.0736785778607367,1.05,0.21794494717703372,4.2,0.5099019513592784,0
401,0.7780839551871972,0.1204440836273206,0.05710031113388251,0.027155117813446858,0.0007986230200268337,0.0003241748980716002,100.0,0.0,63.85,2.414021540914662,1.1,0.3,3.95,0.804673846971554,0
402,0.7877634712559523,0.12222374142400917,0.05614380682396928,0.026610226433238855,0.0007462977358420429,0.00033138486568820005,100.0,0.0,63.75,3.5899164335677787,1.1,0.3,4.15,0.9630680142129111,0
403,0.7933161625402312,0.11473664785789042,0.05448453894920528,0.02456527665516715,0.0008043722975522311,0.00040862435680071973,100.0,0.0,62.85,2.5352514668174435,1.1,0.3,4.15,0.4769696007084728,0
404,0.806469179941924,0.10681209502743906,0.05095417726778673,0.02348348809702421,0.0008163606611525147,0.0005072702393731942,100.0,0.0,63.65,2.6884010117540127,1.05,0.21794494717703372,4.2,0.6,0
405,0.81393259800974,0.09856843516035327,0.04878438720097399,0.022386673266009748,0.0008357538462105401,0.0006960687028903881,100.0,0.0,63.4,2.8000000000000003,1.05,0.21794494717703372,4.15,0.7262919523166975,0
406,0.8220163871274208,0.08602118605042308,0.04740012882534115,0.02150979386145473,0.0007879138446681424,0.0005450798988927151,100.0,0.0,62.65,4.162631379308046,1.15,0.32015621187164245,4.1,0.8888194417315588,0
407,0.8240545655807056,0.07388876855997599,0.0471355590486439,0.018958264730813443,0.0007975912046285658,0.0005182707943640851,100.0,0.0,63.95,2.8892040426387333,1.0,0.0,4.35,0.7262919523166976,0
408,0.8339410999738043,0.06923507583095308,0.04437153190799957,0.018104645607165893,0.0008094628713941872,0.0005888865301910685,100.0,0.0,63.05,3.0736785778607367,1.15,0.3570714214271425,4.25,0.4330127018922193,0
409,0.8449101937687884,0.06787185273251067,0.04144348469376747,0.019074620187786807,0.0007604976482511182,0.0005274471907215016,100.0,0.0,63.25,3.031088913245535,1.075,0.23848480035423641,4.3,0.45825756949558405,0
410,0.851875435206303,0.07024128987063347,0.03958115265965064,0.020113879513715436,0.0007254288697048202,0.000524497399280931,100.0,0.0,64.15,2.7798381247835278,1.0,0.0,4.25,0.9420721840708386,0
411,0.8545322963893842,0.06308131983691917,0.03921603897804948,0.018247431017299934,0.0007309711153975167,0.0004691214662035325,100.0,0.0,62.55,2.7290108097990378,1.15,0.3570714214271425,4.15,0.7262919523166975,0
412,0.8608305526430987,0.06373805087248316,0.03775002588834663,0.018849866488122737,0.0006973555644682702,0.0004347395240540394,100.0,0.0,62.95,3.0244834269673224,1.075,0.23848480035423641,4.2,0.8717797887081348,0
413,0.8657454495937502,0.05888943202667241,0.03639124947412471,0.01777368785448245,0.0007132994618467782,0.00038385706685381527,100.0,0.0,64.65,2.903015673398957,1.0,0.0,4.3,0.5567764362830021,0
414,0.8681024532563388,0.058823653718190066,0.03547558500284466,0.01813627735314985,0.0007056259042171805,0.0003417105666784485,100.0,0.0,63.75,2.5074887836239665,1.0,0.0,4.35,0.7262919523166975,0
415,0.8708571857430518,0.053071108738748624,0.03460220911231502,0.016664370772299337,0.0007326333695705317,0.00040816872169705237,100.0,0.0,63.85,2.286372673034735,1.05,0.21794494717703367,4.2,0.5099019513592784,0
416,0.8835353560465121,0.048501729538144384,0.030664280215837815,0.014444736193500106,0.0007372609186926482,0.00033958606714483354,100.0,0.0,63.05,3.169779172119093,1.075,0.23848480035423641,4.25,0.698212002188447,0
417,0.8938486907980596,0.04362211155887978,0.0278121863094551,0.013182225927547248,0.000714319458458142,0.0003387454247490286,100.0,0.0,65.4,2.672077843177477,1.0,0.0,4.25,0.698212002188447,0
418,0.8959861114446662,0.04232069051518823,0.027576802715009962,0.01396017411999533,0.0006789264168913045,0.00032675427477392525,100.0,0.0,62.55,3.5843409436045564,1.05,0.21794494717703372,4.3,0.8426149773176358,0
419,0.9036698755620624,0.0424987810499633,0.02560638652304925,0.012945728566464037,0.0006592558156355871,0.0003714692691018249,100.0,0.0,61.8,3.043024810940588,1.2,0.4,3.95,0.5894913061275798,0
420,0.9097320200992683,0.038180471808097714,0.022590642011944658,0.01211877930486813,0.0006693617667922707,0.0003248241894634787,100.0,0.0,64.25,2.624404694402142,1.05,0.21794494717703372,4.05,0.6689544080129826,0
421,0.9143890870730793,0.036863695497973095,0.02257842646453504,0.010787145088093066,0.0006310298082884512,0.00029575287733669666,100.0,0.0,63.75,2.299456457513384,1.0,0.0,4.25,0.5361902647381804,0
422,0.9164370882705415,0.03862597211356007,0.021552206842396334,0.010352238563742459,0.0006414938743795018,0.00029825420229211266,100.0,0.0,63.9,3.7403208418530087,1.125,0.3112474899497183,3.95,0.4974937185533099,0
423,0.9169454640658815,0.03530383561030285,0.021228112131383637,0.011823230967512926,0.0006275288364809744,0.00024836182332820114,100.0,0.0,62.6,4.1521078984053394,1.2,0.4,4.15,0.9096702699330127,0
424,0.9203007178985638,0.03251889376180381,0.0205460520106468,0.01146940511059107,0.0006073839846318385,0.00026196914802117233,100.0,0.0,63.9,2.5670995305986875,1.025,0.10897247358851683,4.1,0.43588989435406733,0
425,0.9213060759523947,0.037770866533355846,0.01919705054682821,0.011360067133845967,0.0006319609874452863,0.00035378596237603554,100.0,0.0,62.5,3.0413812651491097,1.1,0.3,4.65,0.9096702699330126,0
426,0.9198410480578099,0.037115447920466504,0.019368611083715424,0.012102895865717654,0.0006417257395457548,0.0003258115044384564,100.0,0.0,63.0,2.569046515733026,1.05,0.15,4.1,0.7,0
427,0.9226565063805028,0.03805844430018501,0.019433273904992384,0.012913856863254861,0.0005872923532272828,0.00025385636606813674,100.0,0.0,63.95,3.528101472463625,1.05,0.21794494717703372,4.25,0.5361902647381804,0
428,0.9220420256139926,0.04272991085857392,0.021079568197246497,0.013146487616879705,0.0005592020134344175,0.0002563677739414336,100.0,0.0,63.6,3.023243291566195,1.05,0.21794494717703372,4.3,0.6403124237432849,0
429,0.9211496860269994,0.03920825709698191,0.021328945280969493,0.012367142911523852,0.0005741068005510136,0.00024247261384031105,100.0,0.0,62.45,2.836811590500857,1.15,0.3570714214271425,4.2,0.6782329983125269,0
430,0.9221949172396228,0.040994603967699585,0.02175330335466175,0.012950764068496741,0.0005443353124106133,0.00030477426091560716,100.0,0.0,63.55,2.132486811213612,1.1,0.2549509756796392,4.2,0.6782329983125268,0
431,0.9183627621987789,0.03920749312389648,0.022766255395562464,0.013763229467818244,0.0005598951434855143,0.000282639591710527,100.0,0.0,62.55,3.169779172119093,1.125,0.3112474899497183,4.1,0.5385164807134504,0
432,0.9173440006265482,0.042074975028037545,0.024365768092708375,0.014014889632705826,0.0005402184970616116,0.00028614254557997115,100.0,0.0,63.95,2.4994999499899975,1.05,0.21794494717703372,4.05,0.6689544080129826,0
433,0.9143564989320264,0.0408791087104795,0.024587775814697326,0.015592867929668651,0.0005319523686419339,0.0002997377107658357,100.0,0.0,63.4,3.6660605559646724,1.1,0.3,4.25,0.5361902647381804,0
434,0.9114820923803245,0.0443353735876007,0.02690841725735843,0.014535478627412597,0.0005191578077025168,0.0002640958308020828,100.0,0.0,63.2,3.3105890714493693,1.075,0.23848480035423641,4.15,0.6538348415311012,0
435,0.9045743548881671,0.04742881014822088,0.030367767886658115,0.014849747814881346,0.0004899710961409334,0.00026128986249794806,100.0,0.0,64.0,3.40587727318528,1.05,0.21794494717703372,4.15,0.6538348415311012,0
436,0.8965432107083007,0.05205373798983111,0.032203439117042335,0.015947386341174756,0.0005088200916056366,0.00028868847634315226,100.0,0.0,64.65,2.2863726730347356,1.05,0.21794494717703372,4.2,0.39999999999999997,0
437,0.8766951734552075,0.057828571391506836,0.035044651887517465,0.01866101048149868,0.000622787324486283,0.0003293549561547669,100.0,0.0,62.75,3.1444395367060247,1.05,0.21794494717703372,4.3,0.7810249675906654,0
438,0.8699364871660757,0.06464711214789444,0.03890983439455213,0.01806038252116115,0.000572356330921359,0.0003103531466601679,100.0,0.0,63.1,2.826658805020514,1.0,0.0,4.55,0.6689544080129827,0
439,0.8599855243921732,0.07195164980700483,0.042626730123436804,0.01794667529905341,0.0005558155169171876,0.00039848514995253093,100.0,0.0,63.85,2.868361901852694,1.025,0.10897247358851683,4.25,0.5361902647381804,0
440,0.8455253471480052,0.06982935202059082,0.04569876730620738,0.017232003829797237,0.0006031791049757472,0.0004453144015549769,100.0,0.0,63.2,2.712931993250107,1.1,0.3,4.05,0.804673846971554,0
441,0.8316173856004994,0.07085590621597057,0.04871124361806435,0.01705261480951034,0.0006402538231275286,0.00040274182567487794,100.0,0.0,63.25,2.1880356487041066,1.025,0.10897247358851683,4.55,0.6689544080129827,0
442,0.8229123982855876,0.06539079969080767,0.05126453846002913,0.01549386281901014,0.0006427185912514218,0.0003062829376399463,100.0,0.0,62.85,3.365635155509284,1.1,0.3,4.15,0.47696960070847283,0
443,0.8132075928166598,0.07168810151449616,0.05372013901345957,0.01634783474662433,0.0006354361584973962,0.00035301198390204835,100.0,0.0,62.15,3.335790760824186,1.1,0.25495097567963926,4.5,1.118033988749895,0
444,0.7985497962150402,0.07283974358496405,0.057751089462067785,0.015760878626100993,0.0006023107131644355,0.0003507464413970869,100.0,0.0,65.35,2.903015673398957,1.0,0.0,4.05,0.6689544080129826,0
445,0.7881012015530877,0.07893251708861089,0.05957927758288688,0.01713262123300963,0.0006225263821105272,0.0004109590292292384,100.0,0.0,62.85,3.5815499438092444,1.05,0.15,4.3,0.8426149773176358,0
446,0.7807664661654847,0.07900434719338628,0.06195660965931911,0.017348362919246654,0.0005484270737028385,0.00029359854688494727,100.0,0.0,62.95,2.9406631905065224,1.025,0.10897247358851683,4.3,0.5567764362830021,0
447,0.7632944299049076,0.08264706274875264,0.06500812665440096,0.017700571184431236,0.0005953269716798818,0.0002772879449782667,100.0,0.0,61.85,3.1348843678834477,1.125,0.3112474899497183,3.85,0.3570714214271425,0
448,0.7492130925626681,0.08527311418212143,0.0674604417564016,0.018091588448282,0.0006218009702899094,0.00022908442360430062,100.0,0.0,64.05,3.3537292675468007,1.0,0.0,4.2,0.812403840463596,0
449,0.7318324814141081,0.08566897492816067,0.07031588406121787,0.018191000258643397,0.0006880863237134239,0.00030633893938895304,100.0,0.0,62.85,2.8508770580296865,1.1,0.3,4.25,0.82915619758885,0
450,0.7226088214113081,0.08784262798386419,0.07162786672416444,0.01807209423118881,0.0007304260280555639,0.00033190530365073825,100.0,0.0,63.65,2.937260628544903,1.05,0.21794494717703372,4.2,0.812403840463596,0
451,0.7163595765793362,0.09463759684652384,0.0719704550729643,0.020029484184141463,0.0007833478128133042,0.00045822609095847177,100.0,0.0,62.55,2.923610781208744,1.025,0.10897247358851683,4.35,0.8529361054615991,0
452,0.7048512871335376,0.09477189313204779,0.07407237228147392,0.020005236706197783,0.0008194314174085065,0.0003855212240460854,100.0,0.0,62.65,3.08666486681013,1.05,0.21794494717703372,4.35,0.9630680142129111,0
453,0.6977635761721575,0.10185564022677271,0.07514236855818211,0.021311218257367207,0.0008617178717772657,0.000365162217935702,100.0,0.0,64.05,3.201171660501823,1.05,0.21794494717703372,4.1,0.7000000000000001,0
454,0.6988215098298928,0.109373036812013,0.07342753229086693,0.024024675856473183,0.0009458215498293098,0.0003857093374368404,100.0,0.0,63.55,2.97447474354717,1.0,0.0,3.95,0.5894913061275798,0
455,0.703269359605022,0.11239080184372952,0.07376968787594249,0.023088185291985572,0.0009026888988070874,0.00030175743060489266,100.0,0.0,62.8,3.501428280002319,1.05,0.21794494717703372,4.4,0.9165151389911681,0
456,0.7055113698561939,0.11082342810782339,0.07291575762801258,0.022335319229653542,0.0009649288334568181,0.00030608705165497633,100.0,0.0,62.55,2.7106272336859605,1.0,0.0,4.15,0.47696960070847283,0
457,0.7142977737144531,0.11165895171486126,0.07143072995932873,0.020748483230371425,0.0010417485598650954,0.0005324150666695099,100.0,0.0,63.65,4.138538389335056,1.025,0.10897247358851683,4.35,0.7262919523166975,0
458,0.7295650992136535,0.11379965561917042,0.06815800895024435,0.022102955560759027,0.0010036281027447,0.00045288932299134937,100.0,0.0,62.65,3.118894034750139,1.05,0.21794494717703372,4.7,0.9539392014169458,0
459,0.741919506382013,0.10456476319731277,0.06497831525914453,0.02105666230441417,0.0010395552059329419,0.00043562917439780716,100.0,0.0,64.65,2.5743931323712004,1.0,0.0,4.25,0.82915619758885,0
460,0.7484167401612257,0.10835463616806612,0.06375923232476029,0.022173211134612566,0.0009701297877771865,0.0004107471499486728,100.0,0.0,63.65,3.380458548777074,1.025,0.10897247358851683,4.2,0.7483314773547883,0
461,0.7514227563753029,0.10208005163049196,0.0631080499461192,0.02145892400764362,0.0009465161332185108,0.0004001219975829093,100.0,0.0,63.75,2.48746859276655,1.025,0.10897247358851683,4.2,0.7483314773547883,0
462,0.7601221237002528,0.08914743819338197,0.062281380053557524,0.0196407309989676,0.0008695312718961524,0.0004251321947271895,100.0,0.0,64.15,3.380458548777074,1.1,0.3,4.05,0.6689544080129826,0
463,0.7523247390409403,0.09374211422131729,0.06321283148985371,0.020441252590534465,0.0009254858608988781,0.000424071590848722,100.0,0.0,63.45,2.9064583258667245,1.1,0.3,4.05,0.6689544080129826,0
464,0.7487588919216668,0.08982494743156322,0.06357956246991894,0.01997052823228619,0.0009528254554046825,0.00047768318046451113,100.0,0.0,65.25,3.222964473896664,1.05,0.21794494717703372,3.95,0.49749371855331004,0
465,0.7555916767350205,0.08656714954887532,0.0625743100686714,0.0195970302446551,0.0008687059435165574,0.00035725303691316884,100.0,0.0,65.2,2.976575213227443,1.0,0.0,4.0,1.0488088481701516,0
466,0.7483171941308753,0.09016669087111079,0.06331629937462259,0.021127795609789835,0.000909331587559907,0.0003696619361927469,100.0,0.0,64.05,3.1220986531498327,1.075,0.23848480035423641,4.1,0.7000000000000001,0
467,0.7558981641148105,0.08333249387744868,0.0630329282903442,0.01934152297244721,0.0008365092621791878,0.0003023107855633451,100.0,0.0,63.15,3.8114957693797855,1.15,0.3570714214271425,4.15,0.7921489758877431,0
468,0.7574733636742706,0.08922564184892975,0.061918891404715494,0.020212118257050618,0.0008673322212720524,0.0003213414278651995,100.0,0.0,64.95,3.040970239906994,1.025,0.10897247358851683,4.0,0.5477225575051661,0
469,0.7572548167307264,0.09032816989929658,0.06241632730716051,0.02073901540718686,0.0008206146122347241,0.00033340058878427055,100.0,0.0,63.35,2.6509432283623124,1.05,0.2179449471770337,4.05,0.49749371855331004,0
470,0.7600113907847427,0.09275158933199235,0.06154691846071562,0.020837093769296752,0.0008607000137023969,0.0003333857269446126,100.0,0.0,62.45,2.7290108097990378,1.1,0.3,4.2,0.6,0
471,0.7651692249144014,0.093145204926844,0.05977727374605485,0.020739575830350014,0.000887460277785567,0.0002938026793181025,100.0,0.0,63.2,3.709447398198282,1.025,0.10897247358851683,4.45,0.9733961166965892,0
472,0.7654754918541421,0.09827174822429532,0.05916716990255942,0.021837778063401883,0.0009108672505725767,0.0003105993160615445,100.0,0.0,61.85,3.7719358425084595,1.075,0.23848480035423641,4.4,0.9695359714832658,0
473,0.767931443317367,0.09974536665046681,0.059155627121999045,0.021311821055995554,0.0008936957495123165,0.0003864163518152929,100.0,0.0,63.55,3.2935543110748915,1.05,0.21794494717703372,4.15,0.47696960070847283,0
474,0.7728646964122602,0.09846495316753204,0.05892034239030667,0.02137139122630277,0.000842119468692831,0.000374995057720495,100.0,0.0,63.2,3.009983388658482,1.1,0.3,4.4,0.5830951894845301,0
475,0.7744443815935822,0.09999034467917879,0.058772830831291624,0.02191971570136418,0.0008422923211773051,0.0003550889077276846,100.0,0.0,63.8,3.443835071544512,1.0,0.0,4.35,0.7921489758877431,0
476,0.7893339620306771,0.09526505448715368,0.05557799673795538,0.02086922075537165,0.0008112688752158913,0.00027198878106489025,100.0,0.0,64.5,3.263433774416144,1.025,0.10897247358851683,4.1,0.7681145747868608,0
477,0.7942721712466551,0.09521846140626021,0.05501611148907418,0.020382367521478224,0.0007749156266948692,0.00030087592013660106,100.0,0.0,63.25,3.207413287993925,1.05,0.21794494717703372,4.4,0.5830951894845301,0
478,0.7971434568460491,0.08486612771438351,0.054859614389828726,0.017867635796846238,0.0007782588376689834,0.0002568452373449363,100.0,0.0,63.9,2.7367864366808017,1.0,0.0,4.2,0.6,0
479,0.7970791000248735,0.0866052034693139,0.054593346443503,0.019581762408945103,0.0007606160527257818,0.00031822039196175166,100.0,0.0,63.55,2.7834331319433563,1.05,0.21794494717703372,4.45,0.8046738469715541,0
480,0.8075836925429192,0.09076146109066277,0.052231511119679996,0.020883810372821627,0.0007180973280851452,0.0003198360849864978,100.0,0.0,63.65,3.134884367883447,1.0,0.0,4.3,0.5567764362830022,0
481,0.8117599031607794,0.08828960897468514,0.05141918255155409,0.019470462200489123,0.0007266423051900744,0.0002888912355898755,100.0,0.0,62.55,3.6534230524263136,1.15,0.3570714214271425,4.3,0.7810249675906654,0
482,0.8113078368550137,0.08553673364705607,0.049966131658531886,0.019308716124001535,0.0008108126288612525,0.0003144056820968499,100.0,0.0,63.2,2.803569153775237,1.025,0.10897247358851683,4.1,0.5385164807134504,0
483,0.8137722114763288,0.08377676243377612,0.050049647898887925,0.017364178485738492,0.0008113929416871982,0.0003514094211072017,100.0,0.0,63.9,3.2848135411313684,1.0,0.0,4.15,0.7921489758877431,0
484,0.821126453185701,0.07928867935951857,0.04826802382992253,0.017027236804504353,0.0008005926438321006,0.00028832181500185113,100.0,0.0,64.5,2.539685019840059,1.0,0.0,4.2,0.6782329983125269,0
485,0.82606996737335,0.07309782665666563,0.04732962537043451,0.015432424451091513,0.0008117877003011356,0.0002665494733918647,100.0,0.0,63.35,3.4245437652335533,1.1,0.2549509756796392,4.1,0.8888194417315588,0
486,0.834214585298359,0.07445685550041227,0.04565022444309624,0.014305775604995394,0.0008054655019553087,0.0003240342071888928,100.0,0.0,63.55,2.5782746168707473,1.05,0.21794494717703367,4.25,0.5361902647381804,0
487,0.8436933779544773,0.07288868504635897,0.042852500456526485,0.013996160302023705,0.0008006787744440667,0.00037110197543775426,100.0,0.0,63.55,3.694252292413175,1.1,0.3,4.15,0.5722761571129799,0
488,0.8505403453803018,0.07120512125394789,0.04143274746387942,0.014924247651233215,0.0007621226699181674,0.0003146693541135423,100.0,0.0,62.4,3.786819245752298,1.05,0.15,4.45,1.2031209415515964,0
489,0.8535271819198966,0.06533289498272528,0.040128278518159456,0.013916602598144997,0.0007885559661646863,0.0003292279875794592,100.0,0.0,63.35,3.623189202898463,1.05,0.15,4.45,1.023474474522936,0
490,0.8549930150046612,0.0664030261421609,0.03935485226702431,0.014944680237658048,0.0007865705737523183,0.0003514604846603169,100.0,0.0,62.6,3.0397368307141326,1.075,0.23848480035423641,4.05,0.6689544080129826,0
491,0.8677888636305935,0.06296326799517386,0.036099049433251436,0.014172550941855834,0.0007584635421697847,0.000346267910121054,100.0,0.0,63.65,3.1666228067138023,1.0,0.0,4.25,0.6224949798994366,0
492,0.8743870271860406,0.05376818213660117,0.03252543167463616,0.013194483021987634,0.0007981706798821687,0.00032584127319207546,100.0,0.0,64.3,2.5317977802344327,1.0,0.0,4.2,0.6,0
493,0.879396410674625,0.05000593539458602,0.03039987693635072,0.011888395915215389,0.0008219313223348729,0.000365996410365397,100.0,0.0,63.8,2.712931993250107,1.05,0.21794494717703372,4.15,0.7262919523166975,0
494,0.8867687003643168,0.04101639718594199,0.02868041187309776,0.010561602643376371,0.0007996682363613635,0.00029262469476981233,100.0,0.0,64.0,2.5298221281347035,1.05,0.21794494717703367,4.25,1.0428326807307104,0
495,0.8951590449901197,0.03961040176794481,0.026809281092521824,0.010032486669629788,0.0007574591937851108,0.0002550430653361825,100.0,0.0,64.15,2.2197972880423116,1.0,0.0,4.3,0.7810249675906654,0
496,0.9014230719600818,0.03696402536298428,0.024842680626704264,0.010136083082642121,0.0007410263694436739,0.00023649913609273185,100.0,0.0,63.45,2.871846096154876,1.1,0.3,4.05,0.6689544080129826,0
497,0.9032547816304659,0.03567858530508983,0.023606682978069858,0.010145184918276807,0.0007636477433979058,0.00027702663743771024,100.0,0.0,64.3,2.3259406699226015,1.0,0.0,4.3,0.7810249675906654,0
498,0.9107754494621639,0.0332191279046478,0.021616952675603467,0.009622530627413653,0.0007108468286574174,0.00027013363948195544,100.0,0.0,63.05,2.9744747435471695,1.1,0.3,4.5,1.02469507659596,0
499,0.9125590407161234,0.03543861684505116,0.019279033747548423,0.010500114308392384,0.000730440472465932,0.0002832122121907534,100.0,0.0,62.5,3.2326459750489227,1.1,0.3,4.3,0.6403124237432849,0
500,0.9189421257708237,0.03431339647462002,0.018043787559306995,0.010437574902263444,0.000667203493317361,0.0002768215514442705,100.0,0.0,63.5,3.640054944640259,1.075,0.23848480035423641,4.2,0.7483314773547883,0
501,0.9205324963014606,0.037222948252764974,0.018899188081717165,0.010290566594766747,0.0006379851551325472,0.00032089979374203253,100.0,0.0,63.6,3.7202150475476548,1.15,0.3570714214271425,4.2,0.8124038404635961,0
502,0.9210605199120565,0.03921752487867242,0.0190489869952009,0.011886438168636309,0.0006177564531416367,0.00032247668862255105,100.0,0.0,63.55,2.836811590500857,1.075,0.23848480035423641,4.0,0.7071067811865476,0
503,0.9217752751834285,0.04126757774732608,0.01889513486617421,0.01249166973977069,0.000598401310234696,0.00033833840868449254,100.0,0.0,62.3,2.282542442102666,1.1,0.3,4.25,0.8874119674649424,0
504,0.9213240508023244,0.03688923317963865,0.017799731653480207,0.012403979427584873,0.0006326086285885947,0.0002991578337516263,100.0,0.0,63.35,3.5954832776693593,1.1,0.3,4.2,0.8124038404635961,0
505,0.9192592957937864,0.03313105978812222,0.019458750962684533,0.011156985071514242,0.0006310432076067074,0.00025403473834001243,100.0,0.0,63.75,3.329789783154486,1.1,0.3,4.15,0.5722761571129799,0
506,0.916498625435749,0.03450743124650183,0.02073102356608634,0.011087133306917178,0.0006448573730038938,0.0002825179285094946,100.0,0.0,63.8,2.9257477676655586,1.05,0.2179449471770337,4.35,0.5722761571129799,0
507,0.9112288473067596,0.03915476598028291,0.021960934573247413,0.01137754798107511,0.0006865304289313125,0.00029313699034149966,100.0,0.0,63.6,3.120897306865447,1.1,0.3,4.35,1.1079259903080168,0
508,0.9081913953242522,0.03983808092135815,0.023536181343913547,0.012963141151189413,0.0006663029589199365,0.0002592795535568986,100.0,0.0,63.1,2.5670995305986875,1.075,0.23848480035423641,4.4,0.7348469228349535,0
509,0.8991369428879011,0.04462655868055639,0.027384696721287804,0.012225539835019372,0.0006955471880884219,0.00032576550543788425,100.0,0.0,63.75,3.672533185690771,1.1,0.3,4.1,0.8888194417315588,0
510,0.8946077318090488,0.041234922293296276,0.03027619556077015,0.01101090410367287,0.0006706469839741403,0.00025334932987445966,100.0,0.0,62.45,2.9744747435471703,1.125,0.3112474899497183,4.25,0.6224949798994366,0
511,0.882190273748009,0.04383678782891107,0.03319486220131922,0.01254062776969656,0.000721108207966999,0.0002618122839734891,100.0,0.0,63.45,3.456515586540874,1.05,0.15,4.2,0.6782329983125269,0
512,0.8784327563222283,0.04536197087249175,0.03471325045622285,0.011913939263085071,0.000712987876157999,0.0002900557445955129,100.0,0.0,62.0,3.449637662132068,1.1,0.3,4.5,0.8660254037844386,0
513,0.8672531328561925,0.04640484540485942,0.0383463549354648,0.012073265753640462,0.0007132256947300785,0.00021866557350045274,100.0,0.0,63.75,1.9461500456028564,1.0,0.0,4.45,0.7399324293474372,0
514,0.8547866164087488,0.05199278324037674,0.04281936913172056,0.012827521697149305,0.0006874485940711465,0.00021617018582317286,100.0,0.0,63.4,3.9924929555354263,1.05,0.21794494717703372,4.15,0.653834841531101,0
515,0.8476601911356969,0.05526746495779701,0.04474866958720204,0.012381704219997217,0.0006889532170019515,0.00024578562491279636,100.0,0.0,64.2,3.6276714294434105,1.1,0.3,4.3,0.6403124237432849,0
516,0.8363624800284273,0.055668918176059956,0.047766357161430816,0.012409373891043,0.0006820517124615401,0.0002768263135383531,100.0,0.0,63.65,4.138538389335056,1.15,0.3570714214271425,4.15,0.7262919523166976,0
517,0.8208905369780076,0.0567926893962783,0.051524428722579674,0.011750420248948672,0.0007001178983253494,0.0002628905453541089,100.0,0.0,62.25,2.913331426391443,1.1,0.3,4.7,1.1,0
518,0.8126623855193715,0.05783436535686492,0.05312785051692413,0.011983159600465781,0.0007191706647629424,0.0002912878889388878,100.0,0.0,62.9,3.2388269481403293,1.1,0.3,4.25,0.698212002188447,0
519,0.795127166738843,0.0547656393387954,0.05687303851887139,0.01086443639623621,0.0007628952304038037,0.0003115430531911791,100.0,0.0,62.85,3.8506492958980307,1.05,0.21794494717703372,4.35,0.8529361054615991,0
520,0.7903174595069393,0.05094854308749518,0.05762932372457637,0.010966806750075164,0.0007813189514034636,0.0003132225526988859,100.0,0.0,63.05,2.7834331319433563,1.075,0.23848480035423641,4.25,0.7664854858377946,0
521,0.776385663804158,0.049152470449707455,0.06021486827930491,0.010530825436730964,0.0008471147956215259,0.00030522497458067115,100.0,0.0,63.25,3.897114317029974,1.025,0.10897247358851683,4.25,0.8874119674649424,0
522,0.7701152457288534,0.04753506905661515,0.06073716543771461,0.012958995217871184,0.0008752617872656253,0.00042561533635537927,100.0,0.0,63.5,2.8722813232690143,1.0,0.0,4.35,0.7262919523166976,0
523,0.7686215593875424,0.05615113452485065,0.06167475648693865,0.014138286820799763,0.0007988489816974899,0.00030462472991316965,100.0,0.0,63.6,3.1368774282716245,1.075,0.23848480035423641,4.05,0.6689544080129826,0
524,0.7645226293702885,0.06247152755524812,0.06243799499690807,0.014702076292857632,0.0007926834345352819,0.000274686654550615,100.0,0.0,62.2,2.5806975801127883,1.15,0.3570714214271425,4.2,0.8124038404635961,0
525,0.7575013223513286,0.06492322409101814,0.06403665489267611,0.01458845576300946,0.0008028529211212507,0.00023823893428364098,100.0,0.0,62.15,2.515452245621053,1.175,0.36314597615834876,4.2,0.5099019513592784,0
526,0.7503008299293632,0.07178835361922253,0.0650455871220769,0.015592335588992158,0.000829789037661364,0.0002395610494974588,100.0,0.0,63.45,3.0409702399069944,1.1,0.3,4.5,0.7416198487095663,0
527,0.747000514568975,0.08004310243976699,0.06574640878513752,0.015834843490285754,0.0008526049702261054,0.0002921617396417951,100.0,0.0,64.15,2.7617928959282954,1.025,0.10897247358851683,4.25,0.82915619758885,0
528,0.7488778941132339,0.08381201524756565,0.06580216041288557,0.01676019228056276,0.0007983698700260273,0.0002837671215863772,100.0,0.0,63.4,2.6343879744638983,1.05,0.21794494717703367,4.15,0.7262919523166976,0
529,0.7508300637685139,0.0867832028889874,0.063755402972284,0.017747276410518365,0.0009175324914355605,0.0003829779133518104,100.0,0.0,63.9,3.031501278244824,1.0,0.0,4.0,0.5477225575051661,0
530,0.7571373619062991,0.08893330938281838,0.06293435778169788,0.017871650109557737,0.0008730370076860148,0.00041508980155498737,100.0,0.0,63.35,3.5110539728121526,1.1,0.3,4.15,0.5722761571129799,0
531,0.7487781409977653,0.09125721901819288,0.06397745053579257,0.01868219804927793,0.0009401201850287863,0.0005226263571880032,100.0,0.0,63.25,3.6314597615834874,1.05,0.21794494717703367,4.85,1.107925990308017,0
532,0.7544169788565183,0.0959131368881108,0.06368415681657215,0.019860508366135985,0.0008510365558018138,0.0005079334155307817,100.0,0.0,63.3,2.5903667693977237,1.075,0.23848480035423641,3.95,0.6689544080129826,0
533,0.756622564069549,0.10082792368575705,0.06376660815238773,0.02090538842851163,0.0008275807307474358,0.0004783914714748199,100.0,0.0,63.6,2.90516780926679,1.1,0.3,4.1,0.6244997998398398,0
534,0.7546731080541561,0.09788533773451785,0.06370913557892459,0.020987445625421697,0.0008517286757340148,0.00047840013583790936,100.0,0.0,63.25,2.843853020111975,1.075,0.23848480035423641,4.2,0.6782329983125268,0
535,0.7557281509172152,0.10334651783003959,0.06262788451486177,0.022711394591674622,0.0008778340666553156,0.0004035836249015146,100.0,0.0,61.7,2.9512709126747416,1.1,0.3,4.05,0.5894913061275798,0
536,0.756266511117217,0.10919227153981219,0.06276841647279674,0.02415853218548426,0.0008266478660372532,0.00040609353763220406,100.0,0.0,63.25,2.7179955849853767,1.075,0.23848480035423641,4.05,0.5894913061275798,0
537,0.7571891550154268,0.11648461062349683,0.06216082343851324,0.025077492897175497,0.0008332312168446933,0.00040636711941661086,100.0,0.0,63.15,2.779838124783528,1.075,0.23848480035423641,4.0,0.7745966692414834,0
538,0.7483246062045081,0.11707825392999048,0.06318796443329246,0.025124585715570698,0.000896120781537621,0.00042161695308701874,100.0,0.0,63.8,2.6381811916545836,1.05,0.21794494717703372,4.0,0.7071067811865476,0
539,0.7456377355211801,0.11238370235508756,0.06350975636338584,0.0240463900393925,0.0009130552907945797,0.0004166279621479687,100.0,0.0,62.6,3.0066592756745814,1.175,0.36314597615834876,4.5,0.806225774829855,0
540,0.7466117036767801,0.11570061519632799,0.0628712390244664,0.025314791643889296,0.0008918235277150001,0.0004718396657835042,100.0,0.0,63.2,3.9319206502675,1.125,0.3112474899497183,4.25,0.698212002188447,0
541,0.7418649081475991,0.1113820964511192,0.06374338138477983,0.024194109851172447,0.0009327935726408259,0.0004694964144179134,100.0,0.0,65.15,3.4245437652335533,1.05,0.21794494717703372,4.2,0.6782329983125269,0
542,0.742670149663547,0.1083492443983703,0.06220595233045504,0.023929255370856467,0.0010445649476623089,0.00057213784960998,100.0,0.0,64.05,2.8718460961548757,1.05,0.21794494717703372,4.4,0.8,0
543,0.743537696542697,0.1026858196251636,0.06239420663604277,0.023101978984778688,0.0010110477099960578,0.0004942650913588947,100.0,0.0,63.65,3.1666228067138023,1.0,0.0,4.3,0.714142842854285,0
544,0.7466099905419643,0.09471495114193863,0.06197824720026333,0.021123820393708456,0.0010283034116739024,0.00048146642099358727,100.0,0.0,63.65,2.3081377775167584,1.0,0.0,4.3,0.6403124237432849,0
545,0.7468487689333541,0.09275162928556324,0.062351508778585654,0.022035982412855665,0.0009756098479109072,0.0004474619601760988,100.0,0.0,63.5,3.122498999199199,1.05,0.21794494717703372,4.2,0.6782329983125269,0
546,0.7487184116729644,0.08993994069456562,0.06214921899935967,0.02105535256396083,0.0009711489588382198,0.0004948059153526294,100.0,0.0,63.35,2.920188350089768,1.075,0.23848480035423641,4.25,0.82915619758885,0
547,0.7541297958626054,0.08943163748473523,0.059784776378626406,0.022549030146061723,0.0010266618036005291,0.0005324843057816077,100.0,0.0,63.75,3.672533185690771,1.025,0.10897247358851683,4.35,0.5722761571129799,0
548,0.7577759770876697,0.08881662970111927,0.05761662846372377,0.02351253793039412,0.0010812442149213013,0.0005492167161825843,100.0,0.0,64.25,2.5074887836239665,1.025,0.10897247358851683,4.1,0.7681145747868608,0
549,0.7571052885147628,0.08838735011266675,0.058107308508075474,0.023742111574093398,0.0010819324611823146,0.0004790175381228298,100.0,0.0,63.45,2.635811070619441,1.025,0.10897247358851683,4.1,0.5385164807134504,0
550,0.774322025016356,0.08484005429778538,0.05540021667911634,0.023732957547326492,0.0009813292350889014,0.0003926082213513757,100.0,0.0,63.45,3.694252292413175,1.125,0.3112474899497183,4.05,0.804673846971554,0
551,0.7796941809158182,0.08849504402416529,0.054181337760771144,0.023793293467008238,0.000996718933228838,0.0003894999025672773,100.0,0.0,64.4,3.307567081708245,1.05,0.21794494717703372,4.15,0.9096702699330127,0
552,0.7918651744814047,0.08899801066400528,0.05240037312641921,0.023053305988819738,0.000927698226529075,0.00039312254778533704,100.0,0.0,63.05,2.71062723368596,1.0,0.0,4.35,0.5722761571129799,0
553,0.8031247190086941,0.09557660414113944,0.05057223862578965,0.024361326130354573,0.0008321306544540553,0.00035476272112083075,100.0,0.0,63.0,3.8078865529319543,1.1,0.3,4.15,0.5722761571129799,0
554,0.8187755664576366,0.09542775367817295,0.04772348772446041,0.023698089245355713,0.0007817606546222438,0.00030145158000969885,100.0,0.0,63.75,2.7179955849853767,1.0,0.0,4.3,0.714142842854285,0
555,0.8306958495063421,0.0929669017555113,0.04429266850442644,0.024372081750863934,0.0007643615099940922,0.00039531163137239374,100.0,0.0,62.9,2.487971060924946,1.075,0.23848480035423641,4.1,0.43588989435406733,0
556,0.833995464296571,0.09370572515180645,0.043998004489074344,0.023839522211003595,0.0007568348878701372,0.00029931704756742977,100.0,0.0,63.7,3.4799425282610637,1.0,0.0,3.9,0.6244997998398398,0
557,0.8472213110949486,0.092909759682794,0.041864396954703675,0.02232138439122048,0.0006798068674122266,0.0003162487647273928,100.0,0.0,63.0,3.082207001484488,1.075,0.23848480035423641,4.15,0.47696960070847283,0
558,0.8526692942750987,0.09099361235887343,0.03983767685967982,0.022241773650262264,0.0007038494967770378,0.00033837813785542653,100.0,0.0,63.85,3.6915443922564446,1.05,0.21794494717703372,4.35,0.792148975887743,0
559,0.8606002469260371,0.08501706130843169,0.03807558043292011,0.021273336845542935,0.0006852532426608604,0.0003461753437748214,100.0,0.0,62.85,3.4680686267719674,1.2,0.3674234614174767,4.0,0.6324555320336759,0
560,0.8698683587114084,0.07713353020616115,0.036193261725309345,0.019927348152989934,0.000660987667230496,0.00028821307246129825,100.0,0.0,62.95,3.2935543110748906,1.1,0.3,4.25,0.698212002188447,0
561,0.8755992495214769,0.07052378248239598,0.03463333428129696,0.017844138390028692,0.0006706418052734076,0.0003388229481223673,100.0,0.0,63.2,2.4617067250182343,1.0,0.0,4.6,0.5830951894845301,0
562,0.8816653109443982,0.06492547559144755,0.0332774222735472,0.01640783984199435,0.0006691219549141635,0.0003892166325690278,100.0,0.0,64.7,3.8223029707232783,1.0,0.0,4.1,0.7681145747868608,0
563,0.8875036765841285,0.05859963337785534,0.030906384596152636,0.01609183590333558,0.0006741379503430462,0.0003116829771335062,100.0,0.0,63.25,3.1760824926314495,1.05,0.21794494717703372,4.15,0.7921489758877431,0
564,0.8928182699355119,0.04719428137167798,0.029033958869480403,0.014014443170335178,0.0007120144791755271,0.00032810089870769404,100.0,0.0,63.15,2.104162541250081,1.05,0.2179449471770337,4.2,0.5099019513592784,0
565,0.9026882850317712,0.047762247925960746,0.026337771027808488,0.013167907623676927,0.0006648328025728367,0.00032222902093992324,100.0,0.0,63.7,2.9171904291629644,1.1,0.3,4.3,0.8426149773176358,0
566,0.9048027402961344,0.04350461479291667,0.02495951237443644,0.01202034883403816,0.0006861546805516282,0.0003195963148002762,100.0,0.0,63.1,3.3600595232822887,1.1,0.3,4.4,0.7999999999999999,0
567,0.9128583125601855,0.04259228282142818,0.023126602824442895,0.010736963442573555,0.0006358796796531007,0.0003826063444691685,100.0,0.0,63.45,3.470950878361721,1.2,0.4,4.25,0.9420721840708386,0
568,0.9188286538758534,0.03608072987967037,0.021769033598191406,0.0110033973397478,0.0005924922896841986,0.000322852840177184,100.0,0.0,62.5,2.202271554554524,1.0,0.0,4.4,0.8602325267042626,0
569,0.9199498292710002,0.031679530115411234,0.021871951625835766,0.010316448727148006,0.0005867228083687139,0.0002715856556272446,100.0,0.0,62.3,2.685144316419511,1.15,0.3570714214271425,4.15,0.7262919523166975,0
570,0.9233599578992422,0.03378533979016279,0.020907614032458503,0.010964645076748422,0.0005747249834008267,0.0002666487221396666,100.0,0.0,64.05,2.67348087705897,1.0,0.0,4.0,0.6324555320336759,0
571,0.9249501171231301,0.03349774939671714,0.020472186185775378,0.010423383429160353,0.000570744487279409,0.0002795653180645909,100.0,0.0,63.35,2.937260628544903,1.05,0.21794494717703372,4.35,0.6538348415311012,0
572,0.9299665608925128,0.02933138907136787,0.019110767153395762,0.009142806432751073,0.0005461213432260935,0.00023532792032498687,100.0,0.0,63.65,2.7617928959282954,1.05,0.21794494717703372,4.35,0.7262919523166975,0
573,0.9308417602750625,0.02852427508957873,0.018817277809147978,0.009389710674861817,0.0005413247273853916,0.0002179843020349274,100.0,0.0,63.85,3.66435533211505,1.1,0.3,4.1,0.8306623862918076,0
574,0.937864315930058,0.025973386413004517,0.018039173842450386,0.008319071385733148,0.00047961741825512845,0.00018788132480583543,100.0,0.0,63.7,3.579106033634656,1.05,0.21794494717703372,4.45,0.8645808232895291,0
575,0.9349130738744552,0.025436456902440688,0.017618600029801423,0.008931528914107853,0.0005299820687561515,0.00024084561738159732,100.0,0.0,63.2,2.694438717061496,1.05,0.21794494717703372,4.25,0.8874119674649424,0
576,0.9385245741919588,0.022259223353875614,0.0170015977688559,0.008198873155052609,0.0004917322548635495,0.0002513835816311484,100.0,0.0,63.45,3.866199684444661,1.1,0.3,4.15,0.6538348415311012,0
577,0.9381381208949643,0.020335039191640834,0.01750771071242572,0.00817018256827402,0.00048717014867132806,0.00021996792401520252,100.0,0.0,62.6,1.8547236990991405,1.0,0.0,4.05,0.5894913061275798,0
578,0.9370177057196243,0.017926765803186875,0.018359155432341366,0.008330890613335038,0.0004943188154237051,0.00021505238252590906,100.0,0.0,62.5,2.819574435974337,1.1,0.3,4.4,0.9165151389911681,0
579,0.9310341738272825,0.02155491095906727,0.01956212150703713,0.009076967634851663,0.0005405271367899115,0.0002170761553506993,100.0,0.0,64.2,2.959729717389748,1.0,0.0,3.9,0.6244997998398398,0
580,0.933566816106012,0.021948965287182865,0.019896506796401675,0.009259081963260786,0.00048693903140013616,0.0002637730231583797,100.0,0.0,63.1,3.4336569426778794,1.05,0.21794494717703367,4.2,0.5099019513592784,0
581,0.9293259860050183,0.023896563668466632,0.02206031814061677,0.009645213719352947,0.0004966682125980619,0.00025133112923266,100.0,0.0,63.35,2.2643983748448506,1.05,0.2179449471770337,4.1,0.7,0
582,0.9251813301912518,0.022076152423998553,0.024044978714069413,0.009826337235440557,0.00048107676451084774,0.00025621933591420007,100.0,0.0,62.9,2.662705391138869,1.1,0.3,4.3,0.714142842854285,0
583,0.9238529328679064,0.022152273555924105,0.026675842376432217,0.009783884881611303,0.0004263294203918423,0.0002068707819358491,100.0,0.0,63.3,2.590366769397724,1.0,0.0,4.1,0.7000000000000001,0
584,0.914516948748705,0.023434554384727056,0.02902785769921301,0.010189828239802075,0.0004603868110419318,0.0002303415508083467,100.0,0.0,63.0,2.0,1.05,0.15,4.3,0.5567764362830021,0
585,0.9058381201642114,0.02761455939737897,0.031141631656786878,0.011327252211629916,0.0004855840469460873,0.0002159082383171506,100.0,0.0,63.55,3.0899029110960754,1.075,0.23848480035423641,4.0,0.6324555320336759,0
586,0.893501509195057,0.030343794796967992,0.0343109925959701,0.010929276227523394,0.0005293224993026612,0.00023001569850875444,100.0,0.0,64.0,3.286335345030997,1.0,0.0,3.95,0.5894913061275798,0
587,0.8849230247941815,0.03625265089879503,0.03803593033389616,0.01125600559185797,0.0004884088029694461,0.00017185728115939343,100.0,0.0,62.85,3.1188940347501393,1.075,0.23848480035423641,4.3,0.6403124237432849,0
588,0.8739851090398723,0.038545541702017044,0.04179133328401457,0.010381802239067857,0.00047452749672415,0.00022661194003386443,100.0,0.0,63.5,2.7477263328068173,1.0,0.0,4.15,0.852936105461599,0
589,0.8530429674960779,0.04742343328868567,0.0462861562215099,0.011760907593758465,0.0005365262951220806,0.0003546037080323454,100.0,0.0,63.25,3.6588932752951404,1.025,0.10897247358851683,4.25,0.9420721840708386,0
590,0.8384760674662095,0.04664114501532159,0.04959232862098893,0.010724013923147669,0.000555927587371799,0.00033313244212595014,100.0,0.0,62.55,2.765411361804967,1.075,0.23848480035423641,4.35,0.653834841531101,0
591,0.8180013842305998,0.04803303073182349,0.05365539610302365,0.011477611157358632,0.0006298207935907319,0.00031859809217513836,100.0,0.0,62.65,2.688401011754013,1.175,0.36314597615834876,4.0,0.6324555320336759,0
592,0.809003419825674,0.050644098396886585,0.056428604507117064,0.011414521673319269,0.0005642822684861471,0.0001888896755550016,100.0,0.0,62.1,3.9862262855989496,1.2,0.4,4.15,0.5722761571129799,0
593,0.792461486995399,0.05405331028083992,0.059273930180237244,0.011749106681955184,0.0006187393932396209,0.00021149207998719287,100.0,0.0,62.25,3.6038174204584785,1.25,0.4330127018922193,4.3,0.5567764362830021,0
594,0.7824017639455538,0.060570695541533964,0.061896569910877816,0.012385041889395475,0.0005883037379943759,0.00022331354624499723,100.0,0.0,63.15,1.930673457630782,1.0,0.0,4.4,0.6633249580710799,0
595,0.7688913078828917,0.06346317620973878,0.06405972674676075,0.01311760234854012,0.0006258361778897717,0.00019980426497040316,100.0,0.0,62.85,2.351063589101749,1.05,0.21794494717703372,4.5,0.6708203932499369,0
596,0.7565448125208183,0.07255195709082467,0.0662680534389625,0.014032516507540069,0.0006485672948242918,0.0002657157973497229,100.0,0.0,64.25,2.5470571253900056,1.0,0.0,4.2,0.6,0
597,0.7469602764404423,0.07572439134844987,0.06777982291776548,0.015310868619911096,0.0006820589080694434,0.0003493913210819807,100.0,0.0,62.65,3.2752862470324633,1.1,0.3,4.25,0.698212002188447,0
598,0.7336266008442879,0.08496197528648233,0.07020625009540844,0.016871113554051794,0.0007056149308835418,0.0004312196895808245,100.0,0.0,63.35,3.118894034750139,1.075,0.23848480035423641,4.35,0.9096702699330126,0
599,0.723081662770721,0.08566805311640839,0.07173816494445975,0.017023006193442058,0.0007645884144826411,0.0005386353166113812,100.0,0.0,64.45,3.0409702399069944,1.075,0.23848480035423641,4.1,0.7000000000000001,0
600,0.7174130278708561,0.09637965191545558,0.07282631473259542,0.01887900917027795,0.0007553732376341783,0.00045515111016028394,100.0,0.0,63.45,2.4387496796514396,1.025,0.10897247358851683,4.05,0.6689544080129826,0
601,0.7063383030601256,0.10348643072994722,0.07466686776603468,0.01983175019730951,0.0007850250419692971,0.0004928365079975258,100.0,0.0,63.25,3.2384409829422554,1.05,0.21794494717703372,4.55,0.9205976319760985,0
602,0.7042141335004344,0.11032696849266264,0.07411708092891822,0.02297944234106077,0.0008410052257899486,0.0005314393866740118,100.0,0.0,62.6,3.4263683398023628,1.175,0.36314597615834876,4.35,0.7921489758877431,0
603,0.7006638553101959,0.11073566527808049,0.07480314117296537,0.021566324442514558,0.0008649212055803817,0.00044452634007906196,100.0,0.0,64.7,3.4510867853474796,1.1,0.3,3.85,0.47696960070847283,0
604,0.6959460789918592,0.11612346088822163,0.0759030779001116,0.021611051911755726,0.0008659602388614744,0.0004286963991023908,100.0,0.0,63.1,3.845776904605882,1.05,0.21794494717703372,4.25,0.698212002188447,0
605,0.6934444198585593,0.11488840662224493,0.07596605077380501,0.020727456915501558,0.000915508977111011,0.0005224135514423347,100.0,0.0,64.35,2.725344014982329,1.0,0.0,4.0,0.6324555320336759,0
606,0.683357919045538,0.10684126293587483,0.07832075757184967,0.018431430820918516,0.0009243453408933745,0.0006266524038315686,100.0,0.0,64.1,2.364318083507378,1.0,0.0,4.2,0.5099019513592784,0
607,0.681299275964232,0.10883536842450733,0.07845198305138759,0.018912497946968105,0.0009503310815994236,0.0006261658235109265,100.0,0.0,64.45,1.9868316486305526,1.0,0.0,4.05,0.5894913061275798,0
608,0.6852203718050838,0.1045742817755275,0.0773299679316877,0.01871212142405117,0.0009565607281039714,0.0006928876120632867,100.0,0.0,62.95,3.1697791721190924,1.175,0.36314597615834876,4.15,0.4769696007084728,0
609,0.678127849334855,0.10508081059691131,0.0787364667206509,0.01921912792625318,0.000924871158560484,0.0007503433925030959,100.0,0.0,64.65,3.395217224272992,1.05,0.21794494717703372,4.4,1.1575836902790224,0
610,0.6845452461218746,0.10671510682803419,0.0778851922699415,0.019953998891977198,0.0008846695769066226,0.0007570962147540487,100.0,0.0,62.8,3.171750305430741,1.125,0.3112474899497183,4.25,0.5361902647381804,0
611,0.6765241500415226,0.10400057378998448,0.07814662907651009,0.02043112170161757,0.0010053541813692221,0.0007835573156461125,100.0,0.0,63.1,3.40440890610984,1.1,0.3,4.4,0.7348469228349535,0
612,0.695250437762142,0.09962624329278626,0.07390502779381865,0.0216516232751986,0.0010131103140562153,0.0005830282679934071,100.0,0.0,63.1,2.964793416074719,1.05,0.21794494717703372,4.4,0.9165151389911679,0
613,0.7019616837642684,0.10248024968653478,0.07286118966790146,0.02201484606249557,0.00097803945971648,0.00044594331520775396,100.0,0.0,64.2,3.009983388658482,1.0,0.0,4.25,0.8874119674649424,0
614,0.7075197813706936,0.09664792473332835,0.07161384604557283,0.020688507371020876,0.0010075369040960657,0.00041112645805861995,100.0,0.0,63.05,3.0736785778607363,1.1,0.3,3.9,0.43588989435406733,0
615,0.7220154587869563,0.0950192545018152,0.06842644992520405,0.020711919519340417,0.0010121933226241758,0.0004584440166181213,100.0,0.0,63.35,2.885740806101615,1.0,0.0,4.35,0.7921489758877431,0
616,0.7356515673742253,0.10201700000931464,0.06682976198384506,0.021941743003036262,0.0008966711103186219,0.000369863022727358,100.0,0.0,63.5,3.8535697735995385,1.05,0.21794494717703372,4.4,0.5830951894845301,0
617,0.7365699774991732,0.1076859372326395,0.06630093438686771,0.02353084481035565,0.0008759488811215966,0.0003732436793679196,100.0,0.0,63.1,3.080584360149872,1.05,0.21794494717703367,4.5,0.7416198487095663,0
618,0.746929416021093,0.10624596405020557,0.0643039283296507,0.02319910589120465,0.000847336228390739,0.00031767197814756224,100.0,0.0,63.25,3.884263121880391,1.125,0.3112474899497183,4.35,0.7262919523166976,0
619,0.7491016878974779,0.11117884060252362,0.06479630550969236,0.023475623157501284,0.0007900133971621915,0.00031689593865612487,100.0,0.0,63.45,2.5975950415721076,1.05,0.21794494717703372,4.25,0.6224949798994366,0
620,0.7478545483209601,0.11036792813818992,0.06523094399733047,0.022824198953873654,0.0007981303382447646,0.00033274967276186035,100.0,0.0,63.05,2.8368115905008566,1.0,0.0,4.1,0.5385164807134504,0
621,0.7513608065851025,0.10936166277618642,0.06427524367144498,0.022779369183798824,0.0007778287409679724,0.0003520435911142437,100.0,0.0,63.45,2.5391927851189244,1.05,0.21794494717703372,4.2,0.5099019513592784,0
622,0.7573578406846966,0.10294652903446998,0.06201554145750576,0.022037925725687437,0.0008508580732232131,0.0002988876925781612,100.0,0.0,63.9,3.8845849199110063,1.2,0.4,3.95,0.49749371855331004,0
623,0.7615131155137471,0.10141406520952789,0.06262652230911565,0.021953178363982275,0.0007296515733533277,0.0003068193979626137,100.0,0.0,62.55,2.2688102609076854,1.075,0.23848480035423641,4.4,0.7348469228349535,0
624,0.7601293604885255,0.10195397628040292,0.06240367492037232,0.021629638717418295,0.0007733322257158852,0.0003466328710670644,100.0,0.0,63.7,3.179622619116929,1.1,0.3,4.3,0.5567764362830021,0
625,0.7709422107385117,0.09195362721875093,0.060073857852350296,0.019404585482090404,0.0008222334007142252,0.00040583974245367446,100.0,0.0,63.1,2.7730849247724096,1.1,0.3,4.55,0.8046738469715541,0
626,0.7812242549110628,0.08205265219418159,0.05713711743774704,0.017486819971032158,0.000886260470222785,0.0004145745490369953,100.0,0.0,63.35,3.070423423568808,1.1,0.3,4.3,0.8426149773176358,0
627,0.7907697773892267,0.07444664831665584,0.05487752535159768,0.017395004970885395,0.0008931116973935321,0.0003723425505809429,100.0,0.0,62.65,2.815581645060217,1.275,0.40233692348577704,4.0,0.5477225575051661,0
628,0.8021957548804656,0.06620690918354506,0.0519536906404778,0.017162179018380724,0.0008951027262318615,0.0003321800646873811,100.0,0.0,63.35,4.210403781111736,1.15,0.3570714214271425,4.35,0.6538348415311012,0
629,0.8121391661972277,0.05758647798251603,0.04897798686731415,0.01592033537940481,0.00093328211568058,0.00034242131461490697,100.0,0.0,63.8,3.0594117081556704,1.025,0.10897247358851683,3.9,0.7000000000000001,0
630,0.8269352575042073,0.04740887444320776,0.04442408749986853,0.014807070815977551,0.0009734009939044469,0.0004044812037724756,100.0,0.0,62.9,3.0967725134404045,1.025,0.10897247358851683,4.35,0.7921489758877431,0
631,0.845661154493696,0.042961332538906556,0.04043364115428412,0.013116929444330428,0.0008968293355187688,0.00036794726931741877,100.0,0.0,63.75,2.9643717715563276,1.05,0.15,4.25,0.82915619758885,0
632,0.8519357751994819,0.03815757859550282,0.0378344994120549,0.012998574141595965,0.0009022445215225022,0.00030595438776109845,100.0,0.0,64.0,3.0,1.05,0.21794494717703372,3.95,0.6689544080129826,0
633,0.8561717392260384,0.043924556854042375,0.03701083581600016,0.014423945765213364,0.0008591184081935078,0.00028283420160591993,100.0,0.0,63.95,2.9744747435471695,1.075,0.23848480035423641,4.1,0.9433981132056604,0
634,0.861033202621725,0.04709513978257639,0.03744228595319299,0.014818655149594327,0.0007744038130318915,0.00035914584114507775,100.0,0.0,62.4,3.039736830714133,1.05,0.21794494717703372,4.25,0.6224949798994366,0
635,0.8619034842206448,0.04687206120732813,0.036276472305175333,0.015253565690945459,0.0008047037171731941,0.00037280260682343383,100.0,0.0,62.9,2.896549671592048,1.15,0.32015621187164245,4.25,0.7664854858377946,0
636,0.874238785197012,0.03747606506269911,0.03410900772530602,0.014188355810022377,0.0007385071553650639,0.00032621431138495625,100.0,0.0,64.65,2.725344014982329,1.0,0.0,4.3,1.0049875621120892,0
637,0.8794709680937881,0.029424560810304496,0.033101966582840335,0.01327610877164161,0.0007176749469036919,0.0003140752624668968,100.0,0.0,60.35,2.903015673398957,1.25,0.4330127018922193,4.45,0.9205976319760985,0
638,0.8819346163015833,0.031199430733481727,0.03171373854436585,0.013323810147739028,0.0007282973381447424,0.0003022329068458676,100.0,0.0,62.8,2.5019992006393608,1.1,0.3,4.15,0.7262919523166975,0
639,0.8863079480327489,0.03245565488620563,0.02954889724209806,0.014052360293061427,0.0007320104967839568,0.0003558818911315443,100.0,0.0,63.7,3.4073450074801643,1.05,0.21794494717703372,4.15,0.7262919523166976,0
640,0.8879740129537957,0.03321577982283151,0.029512738949131662,0.01209994267451076,0.0007498635242739483,0.00028369558266003365,100.0,0.0,62.9,3.448187929913334,1.0,0.0,4.35,0.6538348415311012,0
641,0.889328653778751,0.031350440833601216,0.029037992893327313,0.011411872596993758,0.0007614061382531132,0.0002621303366825102,100.0,0.0,63.85,2.197157254271983,1.0,0.0,4.2,0.6782329983125268,0
642,0.894229154020271,0.03539619710237143,0.028698563955251916,0.011160136747145685,0.0007086355686587618,0.0002610862166470091,100.0,0.0,63.85,3.1507935508376304,1.025,0.10897247358851683,4.05,0.49749371855331,0
643,0.897151602563819,0.036307281941102415,0.028003959990358634,0.011449884714522856,0.0006880346790866761,0.00026546695756847044,100.0,0.0,64.4,3.352610922848042,1.075,0.23848480035423641,4.4,0.9695359714832659,0
644,0.9060774070342811,0.031893159911749194,0.02569864341253625,0.010008711559365821,0.0006620411467516251,0.00021724458182451056,100.0,0.0,62.4,3.0724582991474434,1.05,0.21794494717703372,4.25,0.5361902647381804,0
645,0.9065270601116728,0.033390023481225405,0.025157460837983335,0.009953890139034279,0.0006781483202958164,0.0002584056093143364,100.0,0.0,63.95,2.3553131426627756,1.05,0.21794494717703372,4.3,0.9539392014169457,0
646,0.9132777752959933,0.021288292916291043,0.022521237999742934,0.008046998378083018,0.0006609808823368492,0.00022371254530415558,100.0,0.0,62.45,2.4794152536434875,1.125,0.3112474899497183,4.2,0.6,0
647,0.9158856172090631,0.02430926552171021,0.020395959500507068,0.008384706236863698,0.0006763514171641128,0.00027349116358178164,100.0,0.0,64.4,3.3970575502926055,1.025,0.10897247358851683,4.25,0.5361902647381804,0
648,0.9209805615028875,0.019507410899324003,0.020078633345492716,0.006934754326736112,0.0006267848373063544,0.00022344823260785608,100.0,0.0,64.4,2.2891046284519194,1.05,0.21794494717703367,4.05,0.5894913061275798,0
649,0.924987890134428,0.020639465314518077,0.019465196825246785,0.007669843094436701,0.0005879045316071679,0.00021643708323703525,100.0,0.0,62.95,3.4565155865408737,1.2,0.4,4.0,0.7071067811865476,0
650,0.9194242002810821,0.02064089031063063,0.019192568532818925,0.008815861063432722,0.0006580700453819782,0.0002058771408226004,100.0,0.0,64.65,2.9372606285449034,1.0,0.0,4.3,0.5567764362830022,0
651,0.9216724678898383,0.023061623680071593,0.019744238796620146,0.009024195309487025,0.0006245178843074349,0.00021558999522468202,100.0,0.0,63.7,2.5903667693977237,1.025,0.10897247358851683,4.1,0.6244997998398398,0
652,0.9210927752996861,0.02485946277087976,0.019459231332076422,0.00974134211617525,0.0006347763744913436,0.00020381393158415466,100.0,0.0,63.45,3.5563323804166562,1.075,0.23848480035423641,4.45,0.6689544080129827,0
653,0.920277825264104,0.030782035078011936,0.019523186076259955,0.010299568080902708,0.0006510379940603853,0.0003219099101666766,100.0,0.0,63.6,3.7067505985701277,1.075,0.23848480035423641,4.3,0.6403124237432849,0
654,0.9228256054722891,0.030942654775945568,0.019712698090492746,0.010588103014091339,0.0005934719883148231,0.0002853664321756534,100.0,0.0,64.35,3.3507461855533016,1.05,0.21794494717703367,4.25,0.7664854858377946,0
655,0.9189921080753141,0.03113545131526698,0.022244500209481988,0.01089339186317119,0.0005813210380578098,0.000265683298599021,100.0,0.0,63.65,3.8376425054973526,1.0,0.0,4.2,0.6,0
656,0.9098296570406618,0.036344472874463345,0.025213105650040202,0.011098717790862205,0.0006285018032208626,0.00034159591422164016,100.0,0.0,63.3,3.018277654557314,1.0,0.0,4.2,0.812403840463596,0
657,0.9029146997819695,0.04011486062667278,0.02701405284017902,0.011466728096782458,0.0006610756961082931,0.0003196053580500557,100.0,0.0,64.15,2.95423424934449,1.025,0.10897247358851683,4.35,0.7262919523166975,0
658,0.8977057320161859,0.04538949095206864,0.028896673398763416,0.011518264010596664,0.0006720023048210354,0.0003236047434131675,100.0,0.0,62.85,2.7436289836637897,1.1,0.2549509756796392,4.25,0.6224949798994366,0
659,0.8940903236929705,0.04815632363341358,0.03005896422992797,0.01185713331993682,0.0006640116922024327,0.00031096369112693247,100.0,0.0,63.9,3.5763109484495335,1.15,0.3570714214271425,3.85,0.852936105461599,0
660,0.8853797861405315,0.04875198477916079,0.032822384913367995,0.011962436671778445,0.0006782164485397092,0.00035074270994183305,100.0,0.0,62.5,3.4713109915419564,1.2,0.4,4.05,0.804673846971554,0
661,0.8765844459808191,0.05771420743596506,0.03479586993106614,0.01303176606759664,0.0007177771450296188,0.00043704150632687674,100.0,0.0,61.9,2.808914381037628,1.1,0.3,4.35,0.852936105461599,0
662,0.8650330552333969,0.05274286578388641,0.038504567940944125,0.012709326792562313,0.0007172393707690982,0.00038286508114624584,100.0,0.0,62.25,2.56661255354212,1.0,0.0,4.4,0.9165151389911681,0
663,0.8530878365671972,0.05028496367551742,0.04136667361605457,0.012403848833464536,0.0007621670306430588,0.0003964477818350635,100.0,0.0,64.25,2.9979159427842537,1.1,0.3,4.25,0.82915619758885,0
664,0.8485278613147692,0.049473078358646734,0.04427828888317824,0.012144549630569709,0.0007000117729598337,0.00038785765446396037,100.0,0.0,63.0,2.16794833886788,1.1,0.3,4.0,0.4472135954999579,0
665,0.8437122497061884,0.045636632552407165,0.045199677339605455,0.012008317316295827,0.0006947108010139362,0.00037966928820944363,100.0,0.0,64.05,2.4591665254715873,1.0,0.0,4.05,0.4974937185533099,0
666,0.8416529219554135,0.046293324976784775,0.045118650752156174,0.012836544606897564,0.0007063439685968724,0.0003828511134578499,100.0,0.0,64.0,2.8460498941515415,1.025,0.10897247358851683,4.3,0.714142842854285,0
667,0.827755963764605,0.05531202283114496,0.04780191754981887,0.014424692855947885,0.0007597387581613063,0.0003920960981473755,100.0,0.0,63.7,3.6619666847201113,1.125,0.3112474899497183,3.95,0.6689544080129826,0
668,0.8217015758253806,0.05975699706389926,0.04900244419160098,0.01610460595424907,0.0007404596686155995,0.0003867618982043483,100.0,0.0,63.85,2.920188350089768,1.0,0.0,4.25,0.9937303457175896,0
669,0.8063690279408148,0.06905047036262538,0.0519031597817318,0.018142182491036163,0.0007790800322617595,0.0003996603793457296,100.0,0.0,63.8,2.767670500619609,1.0,0.0,4.45,0.6689544080129827,0
670,0.7975134676715425,0.0760203491064041,0.05447100377504312,0.01888249251984413,0.0007440698824759539,0.00035246086534415004,100.0,0.0,62.95,2.9236107812087435,1.05,0.21794494717703372,4.15,0.5722761571129799,0
671,0.7895027425286865,0.08092665117924115,0.05793980552529008,0.0183724921865144,0.0006705944033345756,0.0003500866208632741,100.0,0.0,63.0,2.23606797749979,1.0,0.0,4.25,0.6224949798994366,0
672,0.7821752079071911,0.08442503264216696,0.05885575651225618,0.01947569656649367,0.0007106796087407084,0.0002900677135010246,100.0,0.0,62.65,2.903015673398957,1.05,0.15,4.05,0.6689544080129826,0
673,0.7735358881265056,0.07973118286836686,0.061027092778005665,0.01910213402619153,0.0007039068713540689,0.00027372107177652417,100.0,0.0,62.55,3.3981612675092396,1.1,0.3,4.35,0.5722761571129799,0
674,0.7687522172526269,0.0836657771221438,0.062352609354803266,0.017891244798402553,0.0007172639291300356,0.00030329970197932784,100.0,0.0,64.05,2.8543825952384165,1.05,0.21794494717703372,4.5,0.7416198487095663,0
675,0.7643974477109996,0.08204829899519969,0.06356891782491052,0.01697439166377636,0.0007133266780828369,0.00030753329377746527,100.0,0.0,62.75,2.5074887836239665,1.125,0.3112474899497183,4.5,0.7416198487095663,0
676,0.7514268113945584,0.07687796252491425,0.06571744247804126,0.01588130322521125,0.0007914349072557803,0.00031296670648455,100.0,0.0,63.15,2.5743931323712,1.0,0.0,4.45,0.7399324293474372,0
677,0.7473956390315157,0.08178383633222738,0.0663667306426696,0.016805943916476503,0.0008096966764169183,0.0003325068740870127,100.0,0.0,63.1,2.773084924772409,1.1,0.2549509756796392,4.15,0.6538348415311009,0
678,0.7514252050977108,0.0850699022763628,0.06595253013980634,0.017438367097061702,0.000786295817755963,0.0003247340212349646,100.0,0.0,63.1,2.6438608132804573,1.05,0.21794494717703372,4.15,0.7262919523166976,0
679,0.750333026089882,0.08965981501941923,0.06582186401080115,0.018553803100430345,0.0007890563279120277,0.0003183810952683471,100.0,0.0,62.4,3.5693136595149495,1.15,0.32015621187164245,4.25,0.5361902647381804,0
680,0.74241320605153,0.0857973702905839,0.06737544027850939,0.018214320450655866,0.0007918528144007002,0.0003517443154040959,100.0,0.0,64.8,3.249615361854384,1.0,0.0,4.15,0.9630680142129111,0
681,0.741155139689198,0.08271680719270266,0.06646024566902353,0.016940858220005447,0.0008991650879603477,0.0004356543326835257,100.0,0.0,63.55,3.2630507198019467,1.05,0.21794494717703372,4.4,0.7348469228349535,0
682,0.7469987110774363,0.07243971408091467,0.06436811551665951,0.015520556736807052,0.0009703848478568621,0.0005349827967184826,100.0,0.0,63.75,3.3893214660164652,1.05,0.21794494717703372,4.45,0.9733961166965893,0
683,0.7492998246914682,0.07142178027643423,0.06401476183451196,0.01627403743558984,0.0009578823352660246,0.0005060383855869063,100.0,0.0,63.7,2.685144316419511,1.0,0.0,4.35,0.7262919523166976,0
684,0.7584002974137075,0.08027049972851417,0.06258394225843916,0.018503839170479423,0.0008957702675359378,0.00043587316674587593,100.0,0.0,64.05,2.836811590500857,1.05,0.2179449471770337,4.15,0.7921489758877431,0
685,0.7489472993530725,0.08989376661134982,0.06429109879585693,0.019656026097070355,0.0009229650375668314,0.0004372882157273715,100.0,0.0,64.4,1.772004514666935,1.0,0.0,4.2,0.5099019513592784,0
686,0.7451155562085063,0.08942575358862792,0.06606235451315426,0.018507036320501026,0.0008760272271271302,0.0004473059022975863,100.0,0.0,64.25,2.930443652418521,1.025,0.10897247358851683,4.05,0.6689544080129826,0
687,0.7511610575089356,0.08780797950966025,0.0659833987529449,0.017512069875503897,0.0008071009634390601,0.0003812852896243737,100.0,0.0,63.4,2.956349099818897,1.0,0.0,4.4,1.0677078252031311,0
688,0.7546514157172209,0.09720500177039201,0.0639423980527416,0.0196031554817968,0.0008444783208742337,0.00044863776301029746,100.0,0.0,64.05,3.0409702399069936,1.025,0.10897247358851683,4.05,0.739932429347437,0
689,0.757809581257282,0.09487642704986052,0.062923536011292,0.019379372289558567,0.0008536316077203487,0.00042053632336558355,100.0,0.0,62.95,3.9303307748839664,1.075,0.23848480035423641,4.35,1.0136567466356647,0
690,0.7668771632412219,0.09466135465560725,0.06088999662870409,0.020072391903558078,0.0008479139115888795,0.00045173804833231686,100.0,0.0,63.7,2.72213151776324,1.05,0.21794494717703372,4.1,0.5385164807134504,0
691,0.7635867622045598,0.09450841984927068,0.06074244769828008,0.019715650948555145,0.0009158695054328533,0.0004942292479540903,100.0,0.0,63.2,3.5721142198983498,1.075,0.23848480035423641,4.25,0.9937303457175896,0
692,0.7658408853295987,0.09161710388336423,0.05953627411577388,0.01965064761922637,0.0009338642472322531,0.0004957612111543693,100.0,0.0,64.2,3.54400902933387,1.1,0.2549509756796392,4.05,0.804673846971554,0
693,0.765343326648249,0.08747442134718943,0.06044116760699828,0.018558886255425493,0.0008990622552023821,0.0004845120413492372,100.0,0.0,64.05,3.3087006513131403,1.05,0.2179449471770337,4.35,0.7921489758877431,0
694,0.767085890768211,0.09201550378819835,0.060117881913918605,0.0201728331197308,0.000871887108431332,0.0004233709581648882,100.0,0.0,64.05,2.1324868112136124,1.0,0.0,3.9,0.5385164807134504,0
695,0.7691205228921143,0.09772283376395619,0.059566022234151784,0.021060236068521417,0.0008502126611708435,0.0004704923594781026,100.0,0.0,62.75,2.6052830940226053,1.075,0.23848480035423641,4.25,0.5361902647381804,0
696,0.7681305724909643,0.09534380235810197,0.06008838459904411,0.021075694603860076,0.0008440911368546172,0.00046947085235017546,100.0,0.0,62.8,3.3105890714493693,1.15,0.3570714214271425,4.05,0.6689544080129826,0
697,0.7688148816117271,0.09965683221659354,0.06048457898442962,0.021894071869369886,0.0007855285257827626,0.000387750799959301,100.0,0.0,63.55,2.2017038856303994,1.1,0.3,4.15,0.6538348415311012,0
698,0.775166772478075,0.08978949103914739,0.058848736227228415,0.019572414676220475,0.0008164759906576684,0.0004200850879876607,100.0,0.0,62.95,3.0409702399069936,1.025,0.10897247358851683,4.5,0.8660254037844386,0
699,0.780699142703084,0.09180282734693211,0.058978548933217245,0.01939090759640648,0.0007357926697170487,0.000409211875604967,100.0,0.0,63.5,3.0903074280724887,1.05,0.21794494717703372,4.0,0.8366600265340756,0
700,0.7839995043422147,0.09177838965348646,0.058084835192468154,0.018437478940470004,0.0007634144377978107,0.00045553927876030355,100.0,0.0,63.05,2.654712790491657,1.05,0.21794494717703372,4.4,0.7348469228349535,0
701,0.7868341036369346,0.08356637386933419,0.05809446780786078,0.017129132425931268,0.0007429230246076928,0.0005276602383197175,100.0,0.0,62.7,3.3331666624997918,1.1,0.3,4.35,0.8529361054615991,0
702,0.792283229140365,0.08102339402055801,0.05663767543827221,0.016988272918219516,0.0007345266197074623,0.000567228485981089,100.0,0.0,63.75,3.0639027399707057,1.0,0.0,4.35,1.0136567466356645,0
703,0.7953531854402108,0.0812909002208887,0.05521605526995552,0.017464685427868453,0.0007663595592163398,0.0005165701513300478,100.0,0.0,63.95,2.1788758569500923,1.0,0.0,4.0,0.6324555320336759,0
704,0.8005045189788247,0.08102876616446177,0.05521580612264052,0.018283958567440677,0.000681477436447208,0.0003802192147617433,100.0,0.0,62.75,2.913331426391443,1.1,0.3,4.45,0.8645808232895291,0
705,0.7982836730100245,0.08513119808118469,0.05547546972312585,0.018969659366463568,0.000695170855913716,0.00036403791732551687,100.0,0.0,62.75,2.7363296585024255,1.025,0.10897247358851683,4.35,0.5722761571129799,0
706,0.8098594636027897,0.07766986336799646,0.052100170216588894,0.019325892268120506,0.0007090730515802291,0.0003033834179579482,100.0,0.0,62.6,2.764054992217051,1.0,0.0,4.25,0.6224949798994366,0
707,0.8124828501832942,0.07745040949832598,0.04990182095129058,0.02014713954561757,0.0007741932438084038,0.00035268184266754873,100.0,0.0,63.25,3.418698582794336,1.1,0.3,4.1,0.6244997998398398,0
708,0.819542646102391,0.0759698270906615,0.04895333135222982,0.019270052499060827,0.0007359713762720016,0.00026961667286803725,100.0,0.0,63.25,2.5074887836239665,1.1,0.3,4.2,0.6,0
709,0.8235244187280918,0.0740485981095922,0.04647396271759831,0.02062632534509329,0.0007793156226505455,0.0002707467766645913,100.0,0.0,62.65,3.4967842369811724,1.1,0.3,4.1,0.7681145747868608,0
710,0.8324820204857275,0.06398653855729368,0.04451806569677503,0.01758249064585146,0.0008111855283296554,0.00023985560758266463,100.0,0.0,63.45,2.801338965566288,1.0,0.0,4.2,0.6,0
711,0.8434871069465142,0.06105359427119562,0.041232557215620094,0.017781682600925993,0.0007897443014762973,0.0002561175292394373,100.0,0.0,63.35,3.6093628246547893,1.1,0.3,4.1,0.7000000000000001,0
712,0.8503457303503325,0.05962953247592386,0.03978010482511023,0.018487037535437213,0.0007484747133261319,0.0002959815659075016,100.0,0.0,63.05,2.479415253643488,1.075,0.23848480035423641,4.3,0.8426149773176358,0
713,0.8614706740916365,0.05911899647425225,0.03584682853460897,0.017465355612836173,0.0007813472504284094,0.00023404814981076635,100.0,0.0,62.6,2.870540018881465,1.075,0.23848480035423641,4.25,0.7664854858377946,0
714,0.868550905016936,0.06386746911124934,0.034108156099536144,0.01911487644482238,0.0007281944477210694,0.00026112970462816823,100.0,0.0,64.6,3.7067505985701277,1.05,0.21794494717703372,4.2,0.7483314773547883,0
715,0.870587814413599,0.056891309814658085,0.03347795265442329,0.0176697556217705,0.0007494591503316107,0.00021095569661229777,100.0,0.0,64.1,2.4677925358506134,1.0,0.0,4.2,0.5099019513592784,0
716,0.878085932694192,0.053812845220047686,0.030025627441194476,0.016436958108457887,0.0007916753498981747,0.00025119808620873053,100.0,0.0,63.9,2.364318083507378,1.025,0.10897247358851683,4.1,0.6244997998398398,0
717,0.8840040967844105,0.049049171516117505,0.028735707586627218,0.014044971395203177,0.0008010173370380236,0.0003080523245282714,100.0,0.0,62.75,2.913331426391443,1.05,0.21794494717703372,4.15,0.8529361054615991,0
718,0.8878283677125042,0.041784193269944446,0.026116172648035556,0.015122890679875376,0.0008248662662553589,0.00027262534611370635,100.0,0.0,63.45,2.3553131426627756,1.05,0.21794494717703372,3.9,0.7681145747868608,0
719,0.8958802814436073,0.036455541144381994,0.02523818380450099,0.013652319139788288,0.0007468058266475216,0.0002573684567667166,100.0,0.0,63.25,3.404041715373065,1.075,0.23848480035423641,4.2,0.5099019513592784,0
720,0.9015179696274584,0.03361068468646832,0.02253747777634029,0.012092118233726117,0.0007731135735443929,0.0002742936500747011,100.0,0.0,63.55,1.8020821290940099,1.0,0.0,4.25,0.5361902647381804,0
721,0.9064114270405023,0.03179295897374881,0.02093932023793061,0.011161197219276213,0.0007556491123489704,0.00028489426651819293,100.0,0.0,63.55,2.1788758569500923,1.025,0.10897247358851683,4.4,0.58309518948453,0
722,0.9149782011125296,0.030428098859675012,0.01842844587967191,0.0086935478942173,0.0007247926115059321,0.00028853277283147366,100.0,0.0,63.2,3.0757112998459397,1.05,0.21794494717703372,4.3,0.6403124237432849,0
723,0.9159819817798833,0.032062107956032905,0.017831171390931485,0.010497733419989927,0.0007098109776668196,0.00032515579079000367,100.0,0.0,63.6,2.615339366124404,1.05,0.21794494717703372,4.35,0.7921489758877431,0
724,0.914169225854873,0.03446591287959428,0.01820293906638887,0.010681136101280039,0.0007310106823528571,0.0003519494830088679,100.0,0.0,63.7,2.3895606290697042,1.1,0.3,4.2,0.9797958971132712,0
725,0.9180677810773886,0.034930028403753255,0.017947525649591074,0.01079620792872966,0.0006927650934280374,0.00030790284832778414,100.0,0.0,63.3,3.0675723300355937,1.075,0.23848480035423641,4.4,0.8602325267042626,0
726,0.9179640647139283,0.030329542223817823,0.018738424856598664,0.012021364246282284,0.000664201124091964,0.0002399445735056724,100.0,0.0,62.75,3.191786333700926,1.2,0.3674234614174767,4.05,0.6689544080129826,0
727,0.9182777079327324,0.032293068544035186,0.021001891105088055,0.01106689477359362,0.0006338103884871703,0.00023928816364399253,100.0,0.0,62.6,2.8530685235374214,1.025,0.10897247358851683,4.05,0.739932429347437,0
728,0.9202697331444789,0.03311801301295732,0.02132409139691143,0.01086958440821359,0.0005966736940247075,0.0002301517348472166,100.0,0.0,62.95,3.3537292675468007,1.075,0.23848480035423641,4.25,0.5361902647381804,0
729,0.9208931328685704,0.02956946019825599,0.020968672329843556,0.010731157212097778,0.000590612812279159,0.00024398089639029116,100.0,0.0,63.15,2.6509432283623124,1.075,0.23848480035423641,4.45,0.8046738469715541,0
730,0.9128541686253604,0.023710843815440197,0.02202438189221789,0.011178846278446536,0.0006700125676255582,0.0002282493592886282,100.0,0.0,63.3,2.8478061731796287,1.075,0.23848480035423641,4.3,0.9539392014169457,0
731,0.9173501264046579,0.024120224886895022,0.023611885410674674,0.011769114621641047,0.0005586296542864466,0.00014782615822028918,100.0,0.0,63.45,2.9406631905065233,1.0,0.0,4.1,0.7681145747868608,0
732,0.9115620480743607,0.02428621957014815,0.02547307710342272,0.011268365592368561,0.000594686033719018,0.00015336709032272986,100.0,0.0,63.55,3.0736785778607367,1.05,0.21794494717703372,4.05,0.6689544080129826,0
733,0.9025394227837037,0.03268184128871188,0.027573911669016772,0.012022554957996192,0.0006440665416138751,0.0002401642115929366,100.0,0.0,62.85,4.80910594601533,1.1,0.3,4.4,0.66332495807108,0
734,0.8980862727814245,0.036828759752744585,0.029338485894045297,0.011963047115026935,0.0006417556018387474,0.0001908360012860672,100.0,0.0,62.95,3.3686050525402944,1.0,0.0,4.35,0.7262919523166975,0
735,0.8874366622273232,0.0416315744814637,0.0330519216479406,0.012541916276253926,0.0006479829623550229,0.00017476771486218316,100.0,0.0,62.15,2.4753787588973126,1.225,0.40233692348577704,4.2,0.6782329983125269,0
736,0.8843919603293932,0.04695746023893845,0.0344255263441135,0.012622679777347044,0.0006371101854991727,0.0002383841616094626,100.0,0.0,64.1,2.844292530665578,1.0,0.0,3.85,0.47696960070847283,0
737,0.8778412027278779,0.040117452958112955,0.03692085589693832,0.012586121536507648,0.0006324656291570683,0.00020801608839825513,100.0,0.0,63.7,3.1480152477394387,1.025,0.10897247358851683,4.5,0.806225774829855,0
738,0.8748145318532725,0.03920628445313088,0.0384695002645876,0.01207712833476293,0.0006102809823286142,0.00018867502668455297,100.0,0.0,63.65,3.1666228067138023,1.0,0.0,4.15,0.653834841531101,0
739,0.8676851181718315,0.044328915931260426,0.040827366408236074,0.011811122851610841,0.0006127585860819848,0.00023037712926285463,100.0,0.0,63.9,3.345145736735546,1.05,0.21794494717703372,4.15,0.9096702699330127,0
740,0.8598096915151681,0.045025029136180665,0.04215583020266793,0.01252550918995727,0.0006340224391182135,0.00017292270470709253,100.0,0.0,64.4,2.8178005607210737,1.0,0.0,4.25,0.5361902647381804,0
741,0.8440855178571498,0.04997555954455877,0.046731772043560056,0.012956500748440196,0.00065224017746989,0.00021941333096188402,100.0,0.0,63.6,3.8131351929875237,1.05,0.21794494717703372,4.55,0.7399324293474372,0
742,0.8303940828531889,0.0497213327438329,0.04892290568582426,0.011563874157330995,0.0007176702264049925,0.00031599307248026526,100.0,0.0,63.05,1.9868316486305526,1.075,0.23848480035423641,4.45,0.5894913061275798,0
743,0.8151273673324184,0.054971160234187924,0.05191006305829206,0.012792851175014835,0.0007337151664047186,0.0003301846030604767,100.0,0.0,64.8,2.803569153775237,1.0,0.0,4.3,0.9,0
744,0.8007388235650492,0.05372405100976544,0.054788575540892795,0.011863914013233758,0.0007777703024950805,0.0003183142999058426,100.0,0.0,62.95,2.6358110706194404,1.075,0.23848480035423641,4.3,0.714142842854285,0
745,0.7860243287529929,0.05756831645929048,0.05744301761816565,0.012392573456093155,0.0008272069104193087,0.0003473754374185004,100.0,0.0,63.75,3.0475399915341552,1.1,0.3,4.15,0.7262919523166975,0
746,0.7777403440336647,0.05908560624326639,0.05912442503660779,0.013785158275952841,0.0008076988068631615,0.00039523254669796774,100.0,0.0,63.4,2.4979991993593593,1.0,0.0,4.2,0.39999999999999997,0
747,0.764204027133008,0.06625671488413946,0.06177419056512458,0.015492662345970914,0.0008315508028143289,0.00040381073340873055,100.0,0.0,62.6,3.4698703145794947,1.0,0.0,4.65,0.9096702699330126,0
748,0.758305326824204,0.0743974616308754,0.06352711274112335,0.017057495159726616,0.0007724953369467678,0.0002822419168970048,100.0,0.0,62.35,3.1507935508376295,1.125,0.3112474899497183,4.45,0.7399324293474372,0
749,0.7567855174951107,0.07546577070713215,0.06362570563148728,0.016101856978069498,0.0008160783764682353,0.00025428884902281465,100.0,0.0,64.25,2.5074887836239665,1.0,0.0,4.25,0.5361902647381804,0
750,0.7482500260072372,0.08081415053206695,0.06516460271782291,0.01719842961640517,0.0008231030265162647,0.000324531908123236,100.0,0.0,63.55,3.5422450508117027,1.125,0.3112474899497183,4.25,0.6224949798994366,0
751,0.7363463673620418,0.0811204778248006,0.06700813008397287,0.017335991519668838,0.0008867829552258203,0.00036648285348566686,100.0,0.0,64.8,3.1240998703626612,1.05,0.21794494717703372,3.95,0.6689544080129827,0
752,0.7277837352434118,0.07963511157320148,0.0684034007001418,0.01734930141112446,0.0009430207707228407,0.0003991229951914447,100.0,0.0,64.55,2.7834331319433563,1.0,0.0,4.2,0.5099019513592784,0
753,0.7298150891327511,0.07165550933713559,0.0668718247601547,0.0165378206743074,0.001054135430744705,0.00043136712773641063,100.0,0.0,62.7,3.0838287890218554,1.125,0.3112474899497183,4.0,0.7071067811865476,0
754,0.7324589323824333,0.06429811017945734,0.06636840235757928,0.014958903436444541,0.0010285955766145562,0.0003739713215359604,100.0,0.0,63.2,3.6687872655688283,1.175,0.36314597615834876,4.4,1.0198039027185568,0
755,0.7375940675169299,0.06258241844223533,0.06476080384436446,0.01493009782199281,0.001065356435754589,0.00037526300452669366,100.0,0.0,63.4,3.1048349392520045,1.0,0.0,4.3,0.6403124237432849,0
756,0.7409392126909565,0.0673882707387755,0.06424819105864028,0.016226684946915353,0.001019578446715314,0.0003484752475570012,100.0,0.0,63.0,2.8809720581775866,1.0,0.0,4.6,0.8602325267042626,0
757,0.7359270984598804,0.07090423266618613,0.06583240480465082,0.015205486811788618,0.0010032843212836359,0.000404212057646104,100.0,0.0,63.85,2.7977669667075564,1.125,0.3112474899497183,4.0,0.7745966692414834,0
758,0.7287681023020376,0.0771634593800301,0.06588544178580322,0.01571811459773207,0.0011326754265049105,0.0004003106204482035,100.0,0.0,63.15,3.1348843678834477,1.15,0.32015621187164245,4.0,0.6324555320336759,0
759,0.7321796765939458,0.07896833710859047,0.06612521197899981,0.01543276186339958,0.0010812756556822112,0.000397685648329885,100.0,0.0,64.05,2.5194245374688244,1.05,0.21794494717703367,4.2,1.0770329614269007,0
760,0.7393906102326311,0.07747537364480274,0.0645392491693583,0.015686117424080534,0.0010801465657016367,0.000509338654436157,100.0,0.0,63.55,3.089902911096076,1.075,0.23848480035423641,4.3,0.714142842854285,0
761,0.7408464847799647,0.07795092448158686,0.06511235309090702,0.01590157604331025,0.0010241884024974849,0.0004663207917300696,100.0,0.0,62.05,4.684815898197067,1.175,0.36314597615834876,4.1,0.6244997998398398,0
762,0.7425705869270391,0.07684531934798267,0.06586928789690567,0.015611577420035381,0.0009524939916587104,0.00041280949187656523,100.0,0.0,62.25,3.7399866309921483,1.15,0.3570714214271425,4.1,0.8306623862918074,0
763,0.7485911961447915,0.08069051047223211,0.06497507623586715,0.0164202815975681,0.0008832433364835971,0.0003892640440669068,100.0,0.0,63.75,3.476708213238494,1.15,0.3570714214271425,4.1,0.6244997998398398,0
764,0.7497990889857857,0.08048672469429062,0.0642371748521586,0.01563426944466274,0.0009170463907390609,0.0004488147366670997,100.0,0.0,63.05,2.1788758569500923,1.0,0.0,4.0,0.4472135954999579,0
765,0.7525816761153263,0.07367348176789064,0.06441439099552358,0.014726866770792822,0.0008787341341298032,0.0004528680973704995,100.0,0.0,63.7,2.5709920264364885,1.0,0.0,4.05,0.5894913061275798,0
766,0.7540368722823283,0.07588245017933613,0.06524110806047292,0.014946472162935466,0.0007669231399810035,0.0003789811864417952,100.0,0.0,63.55,2.3973944189473704,1.125,0.3112474899497183,4.15,0.5722761571129799,0
767,0.7529849551321408,0.075658261183328,0.06486174443427171,0.015303215010376053,0.0008167317476789409,0.0004199899010955531,100.0,0.0,63.6,3.3376638536557275,1.1,0.3,4.25,0.698212002188447,0
768,0.7616814193493047,0.07683925437798786,0.06367112067915691,0.016042890883071044,0.0007492233345012982,0.0004430924112812078,100.0,0.0,63.2,2.249444375840399,1.0,0.0,4.2,0.812403840463596,0
769,0.7558421944660902,0.08284090552170062,0.06523366946337691,0.017367468018738046,0.0007177714820429703,0.00042529450199135023,100.0,0.0,63.55,2.4387496796514396,1.0,0.0,4.4,0.7999999999999999,0
770,0.7562459931332326,0.09045140551218772,0.06429684817040501,0.02020836238651169,0.0007691558075916501,0.000459438517349235,100.0,0.0,63.55,3.4128433893163046,1.0,0.0,4.45,0.9205976319760985,0
771,0.7616712581783713,0.09000801270959245,0.06287534567955402,0.021027856822001718,0.0007316074907687509,0.00044630875336696806,100.0,0.0,64.1,3.6728735344413916,1.075,0.23848480035423641,4.3,0.8426149773176358,0
772,0.7696511099346567,0.08877077712647433,0.06114580794239127,0.020672200237425803,0.0007473874585344812,0.0004472320268247307,100.0,0.0,64.55,3.2011716605018234,1.075,0.23848480035423641,4.15,0.7921489758877431,0
773,0.7684354468703646,0.08369572892280727,0.06094057715969422,0.019572345559339534,0.0007785857929894855,0.0003736187004831526,100.0,0.0,63.4,3.903844259188627,1.1,0.3,4.3,0.7810249675906654,0
774,0.7702874228961686,0.08527055925337947,0.060640316722609756,0.01897582634294146,0.0007837139462931146,0.00032057067377977286,100.0,0.0,64.1,3.080584360149872,1.0,0.0,4.05,0.6689544080129826,0
775,0.7720899957900087,0.08528319554538757,0.06050709910072745,0.01886732232395979,0.0007544345157130381,0.000345856400041556,100.0,0.0,63.5,2.7838821814150108,1.0,0.0,4.1,0.6244997998398398,0
776,0.7710238331923616,0.08429116288000167,0.060016071982072795,0.01969348817514162,0.0007819910325030965,0.0004288751058314776,100.0,0.0,63.0,2.345207879911715,1.0,0.0,4.05,0.6689544080129826,0
777,0.7753429538986886,0.08507032668336624,0.05799092091112094,0.020743048816205426,0.0008404250142780808,0.00044008081711750075,100.0,0.0,62.6,3.1208973068654475,1.15,0.3570714214271425,4.6,0.7348469228349535,0
778,0.7844262162820002,0.08334779657434259,0.055730070040338954,0.020634644189287597,0.0008321801215666006,0.0004250085254870231,100.0,0.0,62.45,2.7654113618049667,1.125,0.3112474899497183,4.1,0.6244997998398398,0
779,0.7920722500503088,0.08156902530669921,0.05323749118935731,0.02127588673933885,0.0008420252051273787,0.00042849482987351173,100.0,0.0,64.25,2.342541355024496,1.05,0.21794494717703372,4.1,0.7681145747868608,0
780,0.7964383482979096,0.08589277076643774,0.051688486924062506,0.0223406372564769,0.000848044374775936,0.000452434417152762,100.0,0.0,63.65,3.424543765233553,1.1,0.3,4.2,0.6,0
781,0.803099765795855,0.09781762593714328,0.04889290812438056,0.0247157895386047,0.0008731390654186585,0.0005132773652198872,100.0,0.0,63.6,3.1685959035509725,1.05,0.21794494717703372,4.1,0.7000000000000001,0
782,0.8058337152130566,0.09825817417926179,0.04714463282140774,0.02588977867138384,0.0009008332630684567,0.00043952969472843865,100.0,0.0,63.1,2.6057628441590768,1.0,0.0,4.4,0.66332495807108,0
783,0.8175638299483202,0.09435705518046525,0.04556492271634697,0.02496085924381967,0.0008373801528973344,0.00045573678629918694,100.0,0.0,63.3,3.4655446902326914,1.1,0.3,4.1,0.5385164807134504,0
784,0.8308252091281794,0.09449634446971919,0.044137558189517784,0.024399884072426603,0.0007372691438305616,0.0003375648023431431,100.0,0.0,64.4,2.956349099818896,1.025,0.10897247358851683,3.95,0.6689544080129826,0
785,0.8348362479823166,0.0919287766855455,0.04301497061714345,0.023853999840398366,0.0007389114569585193,0.000378861072401112,100.0,0.0,64.3,2.3473389188611007,1.0,0.0,4.15,0.6538348415311012,0
786,0.841905727872861,0.0898011277125614,0.04216300523834117,0.022853161870365,0.0007021668860486829,0.00036691047999923656,100.0,0.0,62.65,3.1666228067138023,1.025,0.10897247358851683,4.4,0.6633249580710799,0
787,0.8454433301996577,0.08705447353705262,0.040464973332905926,0.022436861769947455,0.000739560792116416,0.00033185266338373016,100.0,0.0,63.95,2.0365411854416298,1.0,0.0,4.05,0.3840572873934304,0
788,0.8497561891647581,0.08418904487451102,0.03848629786699982,0.02265748521205037,0.0007582210530050083,0.0003534630742676293,100.0,0.0,64.6,2.4779023386727737,1.0,0.0,4.1,0.7,0
789,0.8571452750353779,0.08110921115173618,0.03722930411544499,0.02259652232128941,0.0007120415183179408,0.000294896909040241,100.0,0.0,63.95,2.9236107812087435,1.025,0.10897247358851683,4.0,0.6324555320336759,0
790,0.8574277783968313,0.07062377622411688,0.036265004838115664,0.02102548639141369,0.0007852467686870826,0.00029439022229851554,100.0,0.0,64.35,3.118894034750139,1.075,0.23848480035423641,4.1,0.7681145747868608,0
791,0.8651982256350912,0.07226974155223528,0.03514996115311025,0.021026106437882858,0.0007243863713941557,0.00029350036940984807,100.0,0.0,62.95,2.7472713735632306,1.0,0.0,4.25,0.82915619758885,0
792,0.8708691206401182,0.06743633409978979,0.03384392217655366,0.020245875704710852,0.000714138498608727,0.0002840661007348941,100.0,0.0,62.45,2.923610781208744,1.175,0.36314597615834876,4.35,0.9630680142129111,0
793,0.8830298858951748,0.06142514744180601,0.030577591811985473,0.019232336102179597,0.0006786506805996639,0.0002784815363383956,100.0,0.0,62.35,2.8857408061016154,1.15,0.3570714214271425,4.2,0.6782329983125269,0
794,0.8860044261222761,0.056415378961063724,0.02762923256809082,0.018752102780956452,0.0007367472573987637,0.00034843427819959477,100.0,0.0,64.6,3.4698703145794942,1.15,0.3570714214271425,4.15,0.653834841531101,0
795,0.8924033090979707,0.04852741664465959,0.026386045825672465,0.01652731764033764,0.0007355176096494218,0.0002915434284662672,100.0,0.0,63.65,2.669737814842499,1.05,0.21794494717703372,4.3,0.5567764362830021,0
796,0.8965554005961007,0.04124405549593809,0.026890013401078848,0.014061599581682014,0.0007142959716357461,0.0002483030917045928,100.0,0.0,64.15,4.304358256465184,1.1,0.3,4.2,0.6782329983125268,0
797,0.9033570670755546,0.038139358693909824,0.024457885167863465,0.012834348090340638,0.0006987382121905111,0.0002833630858424054,100.0,0.0,63.05,3.1855140872392953,1.1,0.3,4.55,0.8645808232895291,0
798,0.9019590770974164,0.034408752475201865,0.02343863527461971,0.011446834081883121,0.0007670357868341674,0.0003214259910395156,100.0,0.0,62.4,3.184336665618132,1.05,0.21794494717703372,4.75,0.7664854858377946,0
799,0.9067561370018817,0.036545672570408125,0.022686404312643717,0.010997094711390593,0.0007261060122940036,0.0003033552723795196,100.0,0.0,62.5,2.9410882339705484,1.05,0.21794494717703372,4.45,0.6689544080129827,0
800,0.9122665097113225,0.03903973678156945,0.021937575469840917,0.011635980316007924,0.0006577505344696813,0.00026462872733979477,100.0,0.0,63.5,2.9916550603303182,1.025,0.10897247358851683,4.4,0.4898979485566356,0
801,0.9115606629297173,0.03536398104433673,0.02121479592301203,0.009906338070829447,0.000708347900178653,0.0003330832632820757,100.0,0.0,63.05,2.4591665254715873,1.05,0.21794494717703372,4.15,0.6538348415311012,0
802,0.9184192729144127,0.033471266080517155,0.01974247395283538,0.009147893349741388,0.0006632549957055359,0.0003406577850905449,100.0,0.0,63.7,2.9342801502242426,1.1,0.3,4.1,0.8306623862918076,0
803,0.913772791819698,0.032492217712107016,0.019921655094004002,0.009566715324509943,0.0007148444360968061,0.0003316666534755477,100.0,0.0,63.45,3.2935543110748915,1.075,0.17853571071357124,4.15,0.5722761571129799,0
804,0.9145601743306191,0.0321975304226054,0.02008809010263804,0.010118030218143304,0.0007019835655205421,0.0003352792324769746,100.0,0.0,63.65,3.395217224272992,1.125,0.3112474899497183,3.8,0.5099019513592784,0
805,0.9118294178924977,0.03300595260531326,0.022685094106760513,0.010595929109177846,0.0006671666202848654,0.00029877287648108253,100.0,0.0,62.9,3.3000000000000003,1.075,0.23848480035423641,4.45,1.0712142642814275,0
806,0.9047306157248898,0.031595136098988466,0.025151601111593147,0.011787561049663794,0.0006884065132990643,0.0002548029554394355,100.0,0.0,64.05,3.278337993557101,1.05,0.21794494717703372,4.0,0.6324555320336759,0
807,0.9022872297687508,0.03381097025625796,0.026167439411722355,0.011715932987570584,0.0006924609312881583,0.0002977837880497974,100.0,0.0,63.75,2.8262165522125158,1.0,0.0,4.4,0.6633249580710799,0
808,0.8996141939289954,0.04409383992421546,0.027157547933476762,0.013649822475640819,0.0006679091771908058,0.00029195790439480587,100.0,0.0,63.4,2.4372115213907883,1.05,0.21794494717703372,4.15,0.7262919523166976,0
809,0.8919435882518896,0.04536514097124236,0.03019916655603236,0.01496093905095622,0.0006581221794186179,0.0002790210579803323,100.0,0.0,63.7,3.407345007480164,1.0,0.0,4.35,0.5722761571129799,0
810,0.888623460143451,0.04544122000149571,0.0328297924207724,0.014687614740623727,0.0006030694040983798,0.00024767881109608194,100.0,0.0,63.65,2.868361901852693,1.05,0.21794494717703372,4.25,0.8874119674649424,0
811,0.882993117274439,0.046294472422655907,0.03504767875143485,0.015244331052607597,0.0005852899026944161,0.00023117529955744595,100.0,0.0,62.8,2.8913664589601917,1.0,0.0,4.25,0.7664854858377946,0
812,0.8758166237989622,0.04920879828067043,0.036067567115491035,0.016491900364216067,0.0006210278528042129,0.00021291334220167787,100.0,0.0,64.4,3.6110940170535573,1.05,0.2179449471770337,4.15,0.8529361054615991,0
813,0.8708235847578886,0.05021901904448884,0.03809944125612923,0.016155892860452156,0.0006027923513964244,0.00028290010971066286,100.0,0.0,63.25,2.662235902394827,1.0,0.0,4.3,0.9539392014169457,0
814,0.862008098668797,0.05879722861043014,0.04092813841103282,0.01663245113350455,0.000600879916529165,0.0002720838916036049,100.0,0.0,63.05,3.3537292675468007,1.05,0.21794494717703372,4.3,0.714142842854285,0
815,0.8519198985923294,0.06108746963573707,0.04407896121067413,0.016013981583245785,0.0005952801745334768,0.0001996253633666406,100.0,0.0,63.85,2.8857408061016154,1.0,0.0,4.15,0.7921489758877431,0
816,0.8391157737728548,0.0629062129145857,0.04733950087264795,0.016130478096813235,0.0005966911304777331,0.00020188931866980335,100.0,0.0,64.75,2.5074887836239665,1.075,0.17853571071357124,3.95,0.5894913061275798,0
817,0.8272560928988224,0.06757629108975306,0.04970743141728932,0.01576674973871666,0.0006476760346942986,0.00023707241257543373,100.0,0.0,64.05,3.7745860700214533,1.125,0.3112474899497183,4.05,0.5894913061275798,0
818,0.8122998974305826,0.07552316087164562,0.053105834838306235,0.017743613682904235,0.0006358892135661119,0.0002068850300697722,100.0,0.0,63.35,2.4550967394381837,1.0,0.0,3.95,0.49749371855331,0
819,0.7914014702413629,0.08328025920395273,0.05710337609897741,0.017723669427645406,0.0007231198368905019,0.000279103133507106,100.0,0.0,62.25,2.913331426391443,1.05,0.21794494717703372,4.5,1.02469507659596,0
820,0.7712120684712815,0.08702822285003432,0.06128969147960173,0.017980305612476856,0.000764065303847013,0.0003477658400851823,100.0,0.0,64.3,3.4365680554879163,1.05,0.21794494717703372,4.1,0.6244997998398398,0
821,0.7587615271105466,0.08595289775391753,0.06578604044277062,0.018088585282618183,0.0006232426039643686,0.0002531384647085213,100.0,0.0,62.65,3.08666486681013,1.05,0.21794494717703372,4.25,0.6224949798994366,0
822,0.7515197648066849,0.08895617966820032,0.06724224303245072,0.017845118934910392,0.0006277096455193448,0.00024247733529324705,100.0,0.0,63.7,2.703701166919155,1.15,0.32015621187164245,4.2,0.6782329983125268,0
823,0.7356960198175686,0.0892875964194367,0.07000661118675246,0.01790814302246808,0.0006642950533992396,0.00029025090764561024,100.0,0.0,63.05,3.3387872049593095,1.2,0.4,3.95,0.5894913061275798,0
824,0.7233670356523334,0.08785061079515988,0.07202829890265086,0.01661986926464926,0.0007416860699507588,0.00024743010809620455,100.0,0.0,62.7,3.287856444554719,1.05,0.21794494717703372,4.25,0.698212002188447,0
825,0.7091217784622474,0.08828101837908989,0.0752084359807589,0.015786917288449956,0.0007178986636151734,0.00026857493739703656,100.0,0.0,62.65,3.439113257803529,1.2,0.4,4.25,0.698212002188447,0
826,0.6979480303538612,0.08623007544101645,0.07737571029347896,0.014827910481714786,0.0007282243511191766,0.00029058975006687743,100.0,0.0,63.05,4.153010955921017,1.15,0.3570714214271425,4.2,0.812403840463596,0
827,0.6879313232840698,0.08545324181067292,0.07858265745466668,0.014685556484290513,0.0008223869478279983,0.00034170238829722325,100.0,0.0,63.8,2.1354156504062622,1.025,0.10897247358851683,4.35,0.6538348415311012,0
828,0.6811828243406344,0.08333560073756685,0.07930429111440362,0.013963519160779146,0.0008853412235844115,0.0003411925928286488,100.0,0.0,63.15,3.08666486681013,1.025,0.10897247358851683,4.0,0.6324555320336759,0
829,0.68526006954042,0.07645998277839573,0.07824052090035001,0.012702078068630433,0.000921689524881425,0.0003992002080139503,100.0,0.0,63.2,3.5721142198983498,1.15,0.3570714214271425,4.4,0.6633249580710799,0
830,0.6955112954830307,0.06652027298602807,0.07606478768487449,0.011990751756913696,0.0009576643950773168,0.0004469759532356412,100.0,0.0,62.6,2.8530685235374214,1.1,0.3,4.3,0.7810249675906654,0
831,0.7085199843252656,0.07612569683379469,0.07304307969534961,0.013963902189556609,0.0009870013524832847,0.000500946992308931,100.0,0.0,63.6,2.973213749463701,1.025,0.10897247358851683,4.5,0.9219544457292888,0
832,0.7160054185832616,0.06929487617192803,0.07266818002253168,0.012795752288909595,0.0008992554265212357,0.00045450515374082656,100.0,0.0,62.9,2.5865034312755126,1.05,0.21794494717703372,4.45,0.7399324293474372,0
833,0.7291713782066185,0.07300589219027431,0.07065317336213242,0.01346799939473572,0.0008306135266275185,0.00046274182706695677,100.0,0.0,63.1,2.4677925358506134,1.0,0.0,4.4,0.7999999999999999,0
834,0.7273467555709987,0.06859933903498074,0.07109009068587316,0.01278817263554033,0.0008291437816875406,0.0004460711515170204,100.0,0.0,63.55,3.4128433893163046,1.075,0.23848480035423641,3.95,0.6689544080129827,0
835,0.7326070889389533,0.06779615438872777,0.06983152595564393,0.01264172296343441,0.0008455570247818912,0.0003789387639142305,100.0,0.0,64.5,3.263433774416144,1.05,0.21794494717703372,4.3,0.714142842854285,0
836,0.7313602165667044,0.06562482360963133,0.0692849250318791,0.013323502214492713,0.0008770259793432886,0.0004028629590372178,100.0,0.0,63.25,3.222964473896664,1.0,0.0,4.25,0.6224949798994366,0
837,0.7299934006958048,0.07093942127737755,0.06982254484739626,0.014945606018828819,0.0008248734929913251,0.0004462000047578983,100.0,0.0,63.1,2.0712315177207983,1.125,0.3112474899497183,4.15,0.7262919523166975,0
838,0.7289893544061037,0.0695456394406101,0.06987870629458916,0.0151656653633022,0.0008087754565999893,0.000458998489426442,100.0,0.0,63.25,2.9811910371527683,1.05,0.21794494717703372,4.15,0.5722761571129799,0
839,0.7207101959602336,0.07527445780505705,0.07074834032154184,0.015053023858708265,0.0008891972658160781,0.0005562020821034005,100.0,0.0,62.25,2.6433879775772606,1.1,0.3,4.35,0.7262919523166975,0
840,0.7182499260735784,0.08440194830704086,0.07067878012249887,0.0171521772465053,0.0009430151642855209,0.0005265024158975006,100.0,0.0,63.5,2.224859546128699,1.05,0.21794494717703372,4.35,0.5722761571129799,0
841,0.7262668852544424,0.09010901099419136,0.06823062226688095,0.01955458244627608,0.0009293655988395627,0.0005425904566622614,100.0,0.0,62.5,2.224859546128699,1.05,0.21794494717703367,4.3,0.714142842854285,0
842,0.7300338832183901,0.0836818516445273,0.06746882497798119,0.01801949755317405,0.0009626470547455287,0.0005046380731196419,100.0,0.0,62.95,4.09237095092808,1.15,0.3570714214271425,4.3,0.9,0
843,0.7282453663854779,0.0778058929811732,0.06825106686779896,0.017342164012855186,0.0009617828929956808,0.0004574762801846121,100.0,0.0,63.1,3.1448370387032774,1.025,0.10897247358851683,4.3,0.7810249675906654,0
844,0.7342511009008301,0.07847613895469861,0.06725831213781605,0.017526284094612123,0.0009224692822932662,0.0005007250804612927,100.0,0.0,63.25,3.7399866309921483,1.15,0.3570714214271425,4.2,0.5099019513592784,0
845,0.7332369069086523,0.07757766361511932,0.06768180996298535,0.01660013505516131,0.0009228563483618092,0.00044336049722045454,100.0,0.0,63.45,2.4794152536434875,1.125,0.3112474899497183,3.95,0.7399324293474371,0
846,0.7427309984235416,0.08391561351640264,0.06690466051914089,0.017296560847341592,0.0008038812561294989,0.0004263092491330252,100.0,0.0,63.8,2.6,1.05,0.21794494717703372,4.0,0.6324555320336759,0
847,0.737915407701209,0.07821660449261787,0.06838258603480328,0.01615318081998706,0.0007739043750896617,0.00035259217604390557,100.0,0.0,63.75,2.426417111710186,1.0,0.0,4.3,0.6403124237432849,0
848,0.7425856559824873,0.07086504464282394,0.06818167460156538,0.015671664861513904,0.0007062865025989308,0.00034414053864843705,100.0,0.0,63.8,2.9257477676655586,1.1,0.3,3.95,0.49749371855331004,0
849,0.7506501181949268,0.06606262777850037,0.06505507378658616,0.0145561264934915,0.0008057669363975166,0.0003280227389210538,100.0,0.0,62.9,2.7367864366808012,1.05,0.21794494717703372,4.55,0.8046738469715542,0
850,0.7578152701557566,0.06175113360181027,0.06366886138045755,0.014399488404891055,0.0007913236634377154,0.00040901101579393374,100.0,0.0,64.25,3.7798809505062456,1.0,0.0,4.1,0.7000000000000001,0
851,0.7589135918583343,0.05928715750518891,0.06346508403374185,0.015507398043840173,0.000791415554730527,0.00041504992505595194,100.0,0.0,63.75,2.426417111710186,1.0,0.0,4.1,0.6244997998398398,0
852,0.7643502972592079,0.0638558851599459,0.06187640748790073,0.01699998445042233,0.0007729144016810479,0.000303936517889348,100.0,0.0,63.5,3.442382895611701,1.0,0.0,4.2,0.6,0
853,0.7725824470964976,0.0618134883863448,0.0595926062280772,0.016498920879884672,0.0008366098765671898,0.0003278801885847144,100.0,0.0,64.4,2.0591260281974,1.0,0.0,4.0,0.5477225575051661,0
854,0.7849293371258856,0.06837372398752224,0.05746956246954602,0.018416685089617506,0.0007333119773963418,0.0003447259440564132,100.0,0.0,63.35,3.1666228067138023,1.1,0.3,3.95,0.9205976319760983,0
855,0.7850367631184022,0.0733494391768089,0.05781781043608284,0.018840894906997783,0.000724136419948834,0.0003894595634035759,100.0,0.0,63.75,3.4478254016118624,1.1,0.3,4.15,0.6538348415311009,0
856,0.7858583024068614,0.07791120083164771,0.057925691356508394,0.018447636574621347,0.000725059605957089,0.0003382755149250896,100.0,0.0,63.9,1.8681541692269403,1.0,0.0,4.05,0.49749371855331004,0
857,0.7921170752195772,0.08086898886409453,0.05609000404852611,0.01975602007564196,0.0007254686668104822,0.0003389996188686243,100.0,0.0,63.05,3.3087006513131403,1.1,0.3,4.1,0.6244997998398398,0
858,0.8000810408500157,0.07575904695233732,0.053906436341139216,0.019168584032377985,0.0007437318947797871,0.00040374624538609254,100.0,0.0,63.6,3.813135192987524,1.075,0.23848480035423641,4.1,0.5385164807134504,0
859,0.807501058807469,0.07071161222217828,0.051955882430578915,0.01839766154847465,0.000755440051401189,0.000395421659303454,100.0,0.0,62.6,3.2619012860600183,1.1,0.3,4.3,0.8426149773176358,0
860,0.8127637111927901,0.06733275187065021,0.05011874845768453,0.017177192063641645,0.000800357260149772,0.0004415378327691434,100.0,0.0,61.85,2.5743931323712,1.15,0.32015621187164245,4.4,1.019803902718557,0
861,0.8164838788046828,0.0625216651872041,0.0473205621041671,0.016479090817676515,0.0008991307007533854,0.00047297346396030725,100.0,0.0,63.4,3.2465366161495854,1.1,0.3,4.3,0.6403124237432849,0
862,0.8288731523229176,0.05931831574112364,0.04398536121729549,0.015901589040321067,0.0008977409395590944,0.0004286207018723691,100.0,0.0,63.45,2.3764469276632285,1.075,0.23848480035423641,4.05,0.739932429347437,0
863,0.8373809464097889,0.058918442259549834,0.04115920083084358,0.01574810977661174,0.0009035478948046271,0.0004621271992696493,100.0,0.0,63.5,2.5,1.05,0.21794494717703372,4.15,0.653834841531101,0
864,0.847247501663621,0.05231287643216296,0.03896562805738738,0.013808297521402996,0.0008897448759620218,0.00043268650818265784,100.0,0.0,63.9,2.7184554438136375,1.1,0.3,4.1,0.30000000000000004,0
865,0.8548610861495698,0.05184410896984683,0.034812378534882976,0.01407568676517884,0.0009457094548268402,0.0004728440485383727,100.0,0.0,63.8,3.8026306683663087,1.05,0.21794494717703372,4.2,0.812403840463596,0
866,0.8619340676464429,0.047409370069747075,0.031839460468875445,0.01388900066029027,0.0009565129763269835,0.0004393818316854202,100.0,0.0,63.65,2.815581645060217,1.075,0.23848480035423641,4.35,0.963068014212911,0
867,0.8681473470716128,0.04831670489054538,0.030347038152715545,0.014075657120803418,0.000933026041934771,0.00043210735654905925,100.0,0.0,64.0,2.449489742783178,1.0,0.0,4.0,0.5477225575051661,0
868,0.879397581587704,0.04310340427582692,0.02779283988353497,0.01270151353779307,0.0009053061901799197,0.0004532522825682605,100.0,0.0,64.0,2.32379000772445,1.0,0.0,4.25,0.6224949798994366,0
869,0.8885175039038316,0.03552641750337989,0.025014606485501308,0.013337588511183942,0.000841331341880714,0.0003611015350615089,100.0,0.0,63.35,3.453621287865825,1.1,0.2549509756796392,4.35,0.8529361054615991,0
870,0.8946413511579185,0.03302978361086506,0.02379384959014875,0.012589847236722353,0.000808739576827021,0.00036160893961642684,100.0,0.0,62.05,4.06786184622831,1.275,0.43229041164476456,4.2,0.7483314773547883,0
871,0.8983747228282863,0.034135649996371566,0.022425160478253263,0.012660798874979232,0.000793804229310964,0.00038706583755444054,100.0,0.0,64.8,3.026549190084311,1.0,0.0,3.85,0.7262919523166975,0
872,0.9057256587831661,0.03428799373039292,0.020666723801269028,0.011733220894365985,0.0007533327345013898,0.0003505980145259489,100.0,0.0,62.9,2.8442925306655784,1.15,0.3570714214271425,4.15,0.5722761571129799,0
873,0.9111012129298462,0.034845704408112396,0.01880943648890903,0.011309848630208758,0.0007341778185963423,0.00034936359555218184,100.0,0.0,63.85,2.8508770580296865,1.05,0.21794494717703372,4.2,0.6782329983125269,0
874,0.9132576284645249,0.03674930886039024,0.018996519658743775,0.011928473741960832,0.0007084776657453121,0.00035791186764982957,100.0,0.0,64.35,3.365635155509284,1.025,0.10897247358851683,3.85,0.5722761571129799,0
875,0.9094534752368333,0.03858229019097312,0.02054989473005888,0.01094396548521453,0.0007513857564216137,0.00039320429727026903,100.0,0.0,63.95,2.654712790491657,1.0,0.0,4.35,0.653834841531101,0
876,0.9122646150580401,0.036842045285110474,0.021116173741449737,0.01079005288802866,0.000700068662167099,0.0003050392694586672,100.0,0.0,62.9,3.345145736735546,1.15,0.3570714214271425,4.2,0.7483314773547883,0
877,0.9144239466276934,0.03486919766769568,0.020901079294390813,0.008694613081308533,0.0006865513449557965,0.00028445450775993713,100.0,0.0,63.5,3.52845575287547,1.05,0.21794494717703372,4.35,0.6538348415311012,0
878,0.9176520719010639,0.041505789825716885,0.02080254392561926,0.010550155655858652,0.000635879892566367,0.0002808266404117445,100.0,0.0,62.15,3.5535193822462827,1.1,0.3,4.6,0.66332495807108,0
879,0.9168491395791694,0.047703785179097964,0.021058143831209984,0.012279493974033563,0.0006319661837255376,0.0003024452704012868,100.0,0.0,62.8,2.580697580112788,1.075,0.23848480035423641,4.6,1.0677078252031311,0
880,0.9161493186629249,0.042269268966495396,0.02138741242481142,0.011286263405935562,0.0006496489415017784,0.0003101392625637091,100.0,0.0,63.75,2.3637893307145625,1.05,0.21794494717703372,4.3,0.6403124237432849,0
881,0.9121469678082935,0.04024316785295654,0.022659952545872254,0.011001709475807463,0.0006882218458467217,0.0002915534096273659,100.0,0.0,63.15,3.1666228067138023,1.15,0.3570714214271425,4.4,0.9165151389911679,0
882,0.910460910663849,0.042095854054292337,0.023101990431733364,0.011829877424463535,0.0006778447388232065,0.00029347836194322654,100.0,0.0,63.2,3.0594117081556704,1.075,0.23848480035423641,4.55,0.7399324293474372,0
883,0.910428684311068,0.03976156331194565,0.023490306243104726,0.011149330307299254,0.0006678215185356579,0.0002844998260064822,100.0,0.0,64.7,3.287856444554719,1.1,0.3,4.1,0.7,0
884,0.9087754889311895,0.03994145644700056,0.026171501307232836,0.011155715286031471,0.0006179066014208973,0.0002809461883144926,100.0,0.0,63.05,2.8892040426387333,1.05,0.21794494717703372,4.3,0.714142842854285,0
885,0.9049318489620614,0.04353395901078085,0.028364431783116623,0.011815763002848537,0.0005771741199298867,0.00030885591791399126,100.0,0.0,62.9,2.896549671592048,1.15,0.3570714214271425,4.15,0.47696960070847283,0
886,0.8937839848238026,0.04477153668144826,0.031143253175102796,0.012544463870189409,0.0006224304229361709,0.00024973433545407613,100.0,0.0,61.9,2.981610303175114,1.05,0.15,4.3,0.714142842854285,0
887,0.8822422296203033,0.041692868541418515,0.035115796601657936,0.010663774013883428,0.0006464901218248615,0.0002546239981090077,100.0,0.0,63.7,3.479942528261063,1.075,0.23848480035423641,3.8,0.7483314773547883,0
888,0.8695751067314385,0.04873632736263471,0.03876690971354997,0.01153495550079786,0.0006711588395841479,0.00034890849405836685,100.0,0.0,63.15,3.102821296820041,1.125,0.3112474899497183,3.95,0.5894913061275798,0
889,0.8562523534540312,0.04809234544254535,0.04272539286017277,0.011441178065543626,0.0006689034408966928,0.0003025414715187885,100.0,0.0,63.55,3.4274626183227737,1.1,0.3,4.35,0.6538348415311009,0
890,0.8380199330067715,0.04644885694630224,0.04731341995482395,0.010348408284711038,0.0007117662592826963,0.00028940773867455055,100.0,0.0,63.1,2.826658805020514,1.025,0.10897247358851683,4.4,0.4898979485566356,0
891,0.8331107779615718,0.04471505182671192,0.049949437778290036,0.010420220121065873,0.0006274950687233229,0.0002910347134176347,100.0,0.0,63.9,3.047950130825634,1.0,0.0,4.3,0.6403124237432849,0
892,0.8225851704594787,0.04868693725981039,0.05169546726476896,0.011734469986590324,0.0006537763761320772,0.0003111860536726641,100.0,0.0,64.55,3.6670833096617805,1.05,0.21794494717703372,4.2,0.7483314773547883,0
893,0.8125324304817763,0.04671491452724765,0.05245089018669054,0.012101016945441594,0.0007380420633633033,0.00040385387355215484,100.0,0.0,63.25,2.2555487137279924,1.05,0.21794494717703372,4.2,0.5099019513592784,0
894,0.7989503545364431,0.05129737307450091,0.05475516967373486,0.01289836900555738,0.0007714085880547252,0.0004387769232492425,100.0,0.0,63.4,3.120897306865447,1.15,0.3570714214271425,4.2,0.7483314773547883,0
895,0.7807900653403707,0.0577312746091985,0.05873380499881629,0.014224575795731087,0.0007762747204182478,0.0004936428607332015,100.0,0.0,62.75,3.080178566252288,1.15,0.32015621187164245,3.95,0.739932429347437,0
896,0.7641255482263501,0.06167937754638239,0.06108799670019295,0.015361106805150007,0.000866817604905181,0.00047122602170275997,100.0,0.0,63.5,3.5,1.075,0.23848480035423641,4.45,0.9733961166965893,0
897,0.7561167232504387,0.07136198209727138,0.06316651961182318,0.01683824349595968,0.0008382928158310262,0.000423496296818762,100.0,0.0,63.2,3.5298725189445577,1.1,0.3,4.45,0.8645808232895291,0
898,0.7469751898596408,0.08212770975214899,0.06492607421792118,0.018352805138203327,0.0008373578759695646,0.00048336515240813356,100.0,0.0,63.8,3.295451410656816,1.05,0.21794494717703372,4.4,0.8602325267042626,0
899,0.7391051154638912,0.08420755215452386,0.06605451713159216,0.01895032754762122,0.0008770509977594395,0.00042229635398870414,100.0,0.0,63.55,3.4420197558991443,1.0,0.0,4.1,0.5385164807134504,0
900,0.7403646010866864,0.08114127069947692,0.06666008235557797,0.01748368126291698,0.0008486683483059172,0.000413073325336899,100.0,0.0,63.4,2.989983277545211,1.1,0.3,4.1,0.7681145747868608,0
901,0.7336755780162839,0.07866536297105643,0.06661737569926071,0.017888908462328542,0.0009520310318215942,0.0004146050362568744,100.0,0.0,64.2,2.6191601707417584,1.075,0.23848480035423641,4.15,0.5722761571129799,0
902,0.7278119794823417,0.08354569968138527,0.06883976210622368,0.017851786059479003,0.0008929127358873707,0.0003749682986559566,100.0,0.0,62.1,3.223352292257239,1.175,0.36314597615834876,4.3,0.5567764362830021,0
903,0.7282553136520177,0.07789587283151639,0.06928650386092156,0.01678613019890783,0.0008718547196266127,0.0003760838412208384,100.0,0.0,63.75,2.2332711434127295,1.025,0.10897247358851683,4.05,0.6689544080129826,0
904,0.72670929911715,0.08187767412917847,0.06924133822130248,0.018470466751025903,0.0008871090901680062,0.000379471705274452,100.0,0.0,63.7,4.026164427839479,1.15,0.3570714214271425,4.1,0.5385164807134504,0
905,0.7234451130933358,0.08455411410131167,0.06939140555109687,0.019376933426133183,0.0008855313742427313,0.0004257461684861754,100.0,0.0,63.5,2.819574435974337,1.0,0.0,4.25,0.6224949798994366,0
906,0.7243389649150289,0.08425228644569485,0.06924840862315527,0.02101828396544233,0.0008438509356064567,0.0003622066990188229,100.0,0.0,62.7,2.934280150224242,1.05,0.21794494717703372,4.25,1.0897247358851685,0
907,0.7178768391051285,0.0826703441724928,0.07009331382217611,0.021056703777363267,0.0008851807648706858,0.00037562468522689554,100.0,0.0,63.15,2.669737814842499,1.05,0.21794494717703372,4.25,0.5361902647381804,0
908,0.7130841834851351,0.07677427396234517,0.07120589226803886,0.020013794761553197,0.0008992901731270034,0.0003821114740185369,100.0,0.0,62.65,2.7436289836637897,1.1,0.3,4.15,0.4769696007084728,0
909,0.7142359659842823,0.07705721595380642,0.07123891166532847,0.021034124388883513,0.0008608634855555243,0.0003737639829050785,100.0,0.0,62.45,3.308700651313141,1.125,0.3112474899497183,4.25,0.9420721840708386,0
910,0.7045121697084922,0.09065428463950456,0.07175471993132483,0.02370889631799349,0.000913960270669681,0.00039671917974194433,100.0,0.0,62.4,3.839270764090493,1.225,0.40233692348577704,4.2,0.7483314773547882,0
911,0.701800572631001,0.08902886260317618,0.07248135043736356,0.02214049873836559,0.0009232198283388218,0.00041947052064223247,100.0,0.0,62.25,3.222964473896664,1.025,0.10897247358851683,4.55,0.8046738469715541,0
912,0.7037080728098601,0.0964697324624977,0.07266073448469161,0.02283851314983033,0.0008824362844865579,0.00039072514852453666,100.0,0.0,63.9,2.5278449319529077,1.05,0.21794494717703372,4.45,0.7399324293474372,0
913,0.7021045447002724,0.10539596831714375,0.07255862948369132,0.0234241070020082,0.0009223231656492866,0.00037853227075064993,100.0,0.0,63.65,2.4550967394381837,1.0,0.0,4.55,0.8046738469715541,0
914,0.7072010587432072,0.10655960373552674,0.0716086473053956,0.023075261265300025,0.0009259222157966595,0.0004883774827017023,100.0,0.0,63.65,2.6697378148424984,1.05,0.21794494717703372,4.0,0.6324555320336759,0
915,0.7102465964704588,0.1107541131002934,0.07128800820741173,0.0238777214894213,0.0008891447303026424,0.00047721688691086103,100.0,0.0,62.9,2.773084924772409,1.1,0.3,4.25,1.0428326807307104,0
916,0.7149269514140728,0.11011397944706096,0.07079002124027255,0.022932361559604843,0.00090008984696169,0.00042602138640840555,100.0,0.0,63.55,3.9808918598726084,1.05,0.21794494717703372,4.0,0.8366600265340756,0
917,0.721557707863948,0.10688596934313435,0.07098561969081238,0.02168717030234368,0.0008174264378825035,0.0003689193831406225,100.0,0.0,63.8,2.8913664589601917,1.1,0.3,4.0,0.6324555320336759,0
918,0.7194776240733969,0.1084056887501041,0.07138766850683928,0.020862281435594928,0.0008370951649154188,0.0005135151159887586,100.0,0.0,63.05,3.323777970924051,1.1,0.3,4.35,0.5722761571129799,0
919,0.721821696713965,0.10506431208534221,0.07144099024457691,0.020746468976223183,0.000797958621467241,0.0005030181035305844,100.0,0.0,64.0,2.6832815729997477,1.0,0.0,4.3,0.6403124237432849,0
920,0.7325286001861685,0.10117963853732105,0.06898111596947851,0.02163967423109064,0.0007824244386320864,0.00048572540372273374,100.0,0.0,63.25,2.9979159427842537,1.025,0.10897247358851683,4.3,0.7810249675906654,0
921,0.7382902011863837,0.10142434859976115,0.06793073016547349,0.021690601824366322,0.0007939812258822995,0.0004618868888853124,100.0,0.0,62.95,3.840247387864485,1.1,0.3,4.3,0.8426149773176358,0
922,0.7520559447578266,0.09777276698161909,0.06568505196484878,0.021519107523085154,0.0007408057042295488,0.0004411101659374977,100.0,0.0,62.35,2.7436289836637897,1.1,0.3,4.25,0.82915619758885,0
923,0.7595598327206325,0.09715259015820188,0.06375288968335807,0.021987378176540187,0.0007553884710692351,0.0003632375787654681,100.0,0.0,63.7,3.083828789021855,1.05,0.2179449471770337,3.95,0.3840572873934304,0
924,0.77428178023547,0.10045584453435254,0.06006747469024661,0.02225464866257,0.0007564929088888594,0.0003321885325449412,100.0,0.0,64.6,2.9899832775452104,1.0,0.0,4.1,0.6244997998398398,0
925,0.7812460726538498,0.09429767583155643,0.05765444947680617,0.02126387917008562,0.0008172693267450612,0.00035925615839391204,100.0,0.0,64.6,2.8705400188814645,1.05,0.21794494717703372,4.1,0.6244997998398398,0
926,0.7968047969911087,0.08646044903972352,0.05450114065412508,0.01954371808204744,0.0008054464407894696,0.00039306196597998296,100.0,0.0,63.3,2.98496231131986,1.0,0.0,4.1,0.6244997998398398,0
927,0.7998377458410146,0.08191556971076613,0.05359156846884501,0.018794970373295698,0.0008363171335481423,0.000455919095083845,100.0,0.0,63.65,2.4550967394381837,1.025,0.10897247358851683,4.2,0.6782329983125268,0
928,0.810745398192565,0.0676090828417163,0.051156928583580494,0.015629275762880906,0.0008275015168431266,0.00038256477834860107,100.0,0.0,63.75,3.491060010942235,1.1,0.3,3.75,0.6224949798994366,0
929,0.8126164653713724,0.06310279808280968,0.05051154029011571,0.014170769777527532,0.0008585407730936863,0.0004044385610674889,100.0,0.0,63.75,2.7363296585024255,1.05,0.21794494717703372,4.2,0.6782329983125269,0
930,0.8163991391249255,0.05969620009267221,0.04930215476849928,0.013337716440835416,0.000880795829359279,0.00046242253110615145,100.0,0.0,62.6,3.1208973068654475,1.15,0.3570714214271425,4.1,0.6244997998398398,0
931,0.8242235909978708,0.06192208415333594,0.048003997477137655,0.014130041740403833,0.000821748265893836,0.0004428806760752589,100.0,0.0,63.45,3.353729267546801,1.0,0.0,4.3,0.6403124237432849,0
932,0.8356805250347155,0.05399954766242731,0.045552225559243174,0.012804573020234663,0.0007924897926557619,0.000427495290230026,100.0,0.0,63.25,3.207413287993925,1.05,0.21794494717703372,4.3,0.8426149773176358,0
933,0.8373279431345638,0.05997297484041171,0.04480888062273826,0.014015194145984585,0.0007960525789960052,0.0004606234184889523,100.0,0.0,63.4,3.541186241925155,1.05,0.21794494717703372,4.35,0.5722761571129799,0
934,0.8428538532292862,0.05496572542216381,0.04352611624910241,0.01324905420604823,0.0007863818888466818,0.0003889223750728019,100.0,0.0,62.4,3.2619012860600183,1.25,0.4330127018922193,4.2,0.6782329983125269,0
935,0.8446717469635635,0.05377025604907707,0.042459293164683574,0.013062346223535776,0.0008103116571379672,0.0004604370716329867,100.0,0.0,63.6,2.9563490998188966,1.1,0.3,4.5,0.7416198487095663,0
936,0.8574734119992884,0.04548354095846583,0.03937829539651205,0.011414858375227186,0.0008020766775196757,0.00038759815592353424,100.0,0.0,63.5,3.248076353782343,1.125,0.3112474899497183,4.1,0.7681145747868608,0
937,0.8574483044130641,0.03706932100888949,0.03810280097394838,0.011886490671381252,0.0008491679161448599,0.00036472301713015,100.0,0.0,63.3,3.333166662499792,1.05,0.21794494717703372,4.3,0.9539392014169458,0
938,0.8689070384338231,0.04255589660686733,0.036325167559102166,0.013010948759725999,0.0007559374244203562,0.0003336858803906467,100.0,0.0,64.15,3.08666486681013,1.0,0.0,4.4,0.66332495807108,0
939,0.8751127811620064,0.039900509728547966,0.033724866599654346,0.012600481150410068,0.000767262736743188,0.00029874040674967493,100.0,0.0,64.75,2.277608394786075,1.0,0.0,4.15,0.4769696007084728,0
940,0.8783255154784946,0.045225909314782,0.03279273768579314,0.01299165780183639,0.0007590426976237197,0.0003610927966269249,100.0,0.0,63.25,2.947456530637899,1.0,0.0,4.2,0.7483314773547883,0
941,0.8879259523837435,0.0477688651942059,0.030329618243693467,0.013148089635750485,0.000722218989254136,0.0003660543751334981,100.0,0.0,64.85,3.4391132578035286,1.1,0.3,4.0,0.7071067811865476,0
942,0.8903672355274344,0.044382281613070985,0.02810778490261952,0.01226553529560007,0.000771350575527449,0.0004427708797934565,100.0,0.0,63.25,3.2996211903792836,1.05,0.21794494717703372,4.35,0.6538348415311012,0
943,0.8964998507496201,0.04167411427969416,0.02634715248447938,0.012135658078674385,0.0007477294930878377,0.0003889568553436903,100.0,0.0,63.3,2.6286878856189833,1.05,0.21794494717703372,4.4,0.8602325267042626,0
944,0.9033861191114543,0.03557845080659127,0.023664177374611538,0.011820244355405289,0.0007297741070870207,0.00030305611379521756,100.0,0.0,63.85,3.0866648668101306,1.1,0.3,4.2,0.6782329983125269,0
945,0.9059690375269387,0.03546582570243311,0.022362905760093234,0.012031253527725492,0.0007248841081852795,0.00030175064383787504,100.0,0.0,65.0,3.1304951684997055,1.05,0.21794494717703372,4.3,0.9539392014169458,0
946,0.9099165381207766,0.03908176683954205,0.021034545252557275,0.011714824708232926,0.000716936671463285,0.0003446474872639377,100.0,0.0,63.5,2.9410882339705484,1.05,0.21794494717703372,4.05,0.6689544080129826,0
947,0.9139000489568996,0.03822282620614217,0.019817064171861732,0.008987388454406295,0.0007402221596277924,0.00035880505404744254,100.0,0.0,63.3,3.0182776545573144,1.075,0.23848480035423641,4.1,0.7681145747868608,0
948,0.9187135174252672,0.036773706103866516,0.01814900245501052,0.009407773754704736,0.0007024831082641481,0.0003265550661038512,100.0,0.0,62.4,2.4979991993593593,1.1,0.3,4.1,0.8306623862918076,0
949,0.9235313772865361,0.03287413702886872,0.016279320901621305,0.008562976906954225,0.000675388281862703,0.00029948938093266633,100.0,0.0,62.7,3.536947836765479,1.05,0.21794494717703372,4.15,0.5722761571129799,0
950,0.925887758540439,0.028846930054492254,0.0158859445152073,0.0072157544050807255,0.0006685578214408992,0.0002890721429194638,100.0,0.0,62.3,3.083828789021855,1.15,0.3570714214271425,4.2,0.6782329983125269,0
951,0.9223194679912108,0.02609587188915179,0.015009448919443261,0.006817917976289374,0.0007370559759309825,0.00028325474229321673,100.0,0.0,63.95,2.8013389655662877,1.0,0.0,4.45,1.0712142642814273,0
952,0.9242211634692771,0.02573223603379754,0.015380487457545161,0.00618292440290606,0.0007031882160995151,0.00026794908859580655,100.0,0.0,63.85,3.259984662540608,1.075,0.23848480035423641,4.15,0.5722761571129799,0
953,0.927109167091225,0.026738441741991595,0.016035660654165316,0.004665734734751988,0.000659286110064604,0.0002964482811007673,100.0,0.0,62.2,2.803569153775237,1.15,0.3570714214271425,4.4,0.7999999999999999,0
954,0.9292540537890499,0.024257145463669316,0.01647275243043502,0.004622249174675154,0.0006281101357404651,0.00030476063546615355,100.0,0.0,63.35,2.9542342493444895,1.125,0.3112474899497183,4.35,1.061838029079765,0
955,0.9235020346480066,0.022422585704500807,0.017151172026003077,0.005128289185419393,0.0006859981233539274,0.0002870193007128283,100.0,0.0,63.8,3.0430248109405875,1.1,0.3,4.2,0.5099019513592784,0
956,0.918160088125307,0.021322608046712554,0.021231962356048583,0.0059153108472719184,0.000661478600456025,0.00024838250075067477,100.0,0.0,63.55,2.6734808770589704,1.0,0.0,4.25,0.7664854858377946,0
957,0.9157479423515407,0.022226065715025497,0.022854423308338583,0.0072901966053450385,0.0006520784753540443,0.00023343412475132358,100.0,0.0,63.65,2.4753787588973126,1.05,0.21794494717703367,4.2,0.7483314773547882,0
958,0.9080052164162857,0.029623630669876746,0.025205469765041337,0.009440200208275804,0.000663507669147951,0.00028938158738177344,100.0,0.0,63.75,2.5273503912200224,1.05,0.21794494717703372,4.55,0.8046738469715541,0
959,0.900366182995193,0.02680376679890222,0.027936793319068502,0.009667178470712303,0.000678049888170983,0.00025887122070879633,100.0,0.0,63.35,3.8765319552404045,1.1,0.3,4.25,0.698212002188447,0
960,0.8966392585228178,0.02941059002504402,0.030311139992181824,0.010223741345759756,0.0006326031951325612,0.0002831886020353435,100.0,0.0,62.55,2.7106272336859605,1.05,0.21794494717703372,4.3,0.8426149773176358,0
961,0.8886310004683292,0.03429130380529007,0.033518048435665,0.009781620352698849,0.0006353317996984177,0.00026961219724616083,100.0,0.0,63.85,2.632014437650371,1.1,0.3,4.35,0.7262919523166975,0
962,0.8759539128658366,0.035647309731587945,0.036538177267144464,0.010431895553882187,0.0006726254577884249,0.00024152614448983434,100.0,0.0,62.9,2.0712315177207983,1.025,0.10897247358851683,4.15,0.6538348415311012,0
963,0.8634514472744172,0.03638493680169403,0.039055744140298845,0.011572882341085715,0.0007206483531340098,0.00026759851944436997,100.0,0.0,64.6,3.1208973068654466,1.1,0.3,4.1,0.7681145747868608,0
964,0.8513875516793572,0.04386534710691111,0.04239478324547866,0.011587867845153076,0.0007279155925466322,0.00027845418755941003,100.0,0.0,63.6,3.7067505985701277,1.1,0.3,4.4,0.9165151389911679,0
965,0.8383691839741045,0.04421878785817917,0.04655594664227006,0.010746667904498193,0.000723098117530422,0.0002894551930771456,100.0,0.0,62.4,2.6907248094147422,1.1,0.3,4.1,0.7000000000000001,0
966,0.8202141783676735,0.04981979125571122,0.050132043167582366,0.011888947863812928,0.0007650446325455633,0.00032453243614421486,100.0,0.0,63.7,3.0512292604784714,1.075,0.23848480035423641,4.05,0.49749371855331004,0
967,0.8091951960405812,0.05466079451923333,0.05164747055893365,0.012315623945464687,0.0008338203430658467,0.0004290573898453341,100.0,0.0,63.15,3.2291639784935047,1.05,0.21794494717703372,4.15,0.8529361054615991,0
968,0.7964797735026635,0.057665247133087086,0.05454158992425995,0.01417407880734676,0.0008261948693163481,0.0004353427492953162,100.0,0.0,62.5,2.3345235059857505,1.0,0.0,4.15,0.7262919523166976,0
969,0.7918797121407997,0.06722444179803645,0.05566420889290311,0.01669370231106858,0.0007956003026793319,0.0003943988042079187,100.0,0.0,63.25,2.56661255354212,1.05,0.21794494717703372,4.35,0.7262919523166976,0
970,0.7798345414193566,0.06936359591267273,0.05801551996790997,0.017854861245341243,0.0007989609580760896,0.00041790537340144284,100.0,0.0,64.2,3.6414282912066254,1.075,0.23848480035423641,4.15,0.6538348415311009,0
971,0.7668822883736074,0.0712209017490515,0.06046993558652399,0.017304938038637887,0.0008443438416668043,0.00043252132484955747,100.0,0.0,62.85,2.9372606285449034,1.15,0.3570714214271425,4.4,0.66332495807108,0
972,0.7660862513893638,0.07766531070156714,0.059163564912138776,0.019109307033385092,0.0009247302573380734,0.00043522525211297375,100.0,0.0,64.15,3.070423423568808,1.025,0.10897247358851683,4.2,0.6782329983125268,0
973,0.7634408955243114,0.07770023338256615,0.060192778726355575,0.016758800533313474,0.0009575666954215825,0.00044104304630259713,100.0,0.0,62.5,2.819574435974337,1.025,0.10897247358851683,4.4,0.4898979485566356,0
974,0.75760569448646,0.07947896303429612,0.061691521690597884,0.01593129577291843,0.0009898426922247236,0.0004557943141575437,100.0,0.0,64.3,2.7766886753829647,1.05,0.21794494717703372,4.2,0.8717797887081347,0
975,0.7432735035000726,0.07897594235484862,0.0648892400497785,0.016692642102743363,0.0009913043953099555,0.00043474178937152766,100.0,0.0,63.5,2.5,1.05,0.2179449471770337,4.2,0.812403840463596,0
976,0.7484187904753392,0.08994357302955427,0.06326418885730502,0.01852136578834458,0.0010060687371184701,0.0005651878237328719,100.0,0.0,63.95,3.2167530212933664,1.0,0.0,4.4,0.7348469228349533,0
977,0.7540703130812364,0.08435210214496776,0.06267375844773057,0.016666492166089217,0.0009845145732754394,0.0005818137499377778,100.0,0.0,62.9,2.861817604250837,1.075,0.23848480035423641,4.45,0.5894913061275798,0
978,0.759056113413866,0.07233652059095834,0.06144555555730645,0.01743886170997488,0.0009499268412279561,0.0003666892087946764,100.0,0.0,63.15,3.91503512117069,1.1,0.3,4.1,0.5385164807134504,0
979,0.7569356045966752,0.07715281572018011,0.06347040981298949,0.017104290011110978,0.0008460537306758947,0.0003657891463450034,100.0,0.0,63.6,3.8131351929875237,1.1,0.3,4.3,0.6403124237432849,0
980,0.7611631102459928,0.07991717629209298,0.06327206960555673,0.016506544771098492,0.000800821744430172,0.0004274554484683948,100.0,0.0,62.85,2.495495942693556,1.1,0.3,4.3,0.9,0
981,0.7590514368241719,0.08399112501942513,0.06369295173250036,0.01752980180581825,0.0007516155044287674,0.000432409922781931,100.0,0.0,63.85,2.706935536727833,1.075,0.23848480035423641,4.2,0.6,0
982,0.7509414015129303,0.08865955991299092,0.06513513965121753,0.018959190657338067,0.0007533293973371977,0.0004171010461225771,100.0,0.0,63.7,2.703701166919155,1.025,0.10897247358851683,4.35,0.7921489758877431,0
983,0.7429721138007176,0.09987688423448414,0.0657946930489695,0.021605065031180048,0.0008159191517339178,0.0005141659456586942,100.0,0.0,63.0,3.0,1.125,0.3112474899497183,4.25,0.7664854858377946,0
984,0.7365827261257759,0.09474881449226576,0.06619358380424836,0.021073642678374322,0.0008796401486581347,0.00044094379299362054,100.0,0.0,63.2,3.171750305430741,1.05,0.21794494717703372,4.25,0.8874119674649424,0
985,0.7209354482772634,0.09842991391764726,0.06995529271898333,0.020854229131033505,0.0008614703665477544,0.0004253500667974512,100.0,0.0,63.15,3.0376800358168077,1.1,0.2549509756796392,4.0,0.4472135954999579,0
986,0.7137721997086024,0.09603305818013416,0.07081868678038014,0.020125317154157406,0.0009331146905975741,0.0004311101433853517,100.0,0.0,64.6,4.042276586281548,1.1,0.3,4.0,0.5477225575051661,0
987,0.718735761047283,0.08995033084329054,0.06988963204869054,0.019149057190865213,0.0009337549621796033,0.0004484897204047672,100.0,0.0,63.4,2.5961509971494343,1.1,0.3,4.35,0.7262919523166975,0
988,0.7249008029300793,0.08883714413889318,0.06902536317342958,0.0182191215044689,0.0009096961655109765,0.0005203494507748195,100.0,0.0,64.0,2.4289915602982237,1.0,0.0,4.1,0.7000000000000001,0
989,0.718891076769427,0.09027951146895,0.0701661098324051,0.018332868287073763,0.0009316797035063374,0.0004882338425316355,100.0,0.0,63.45,2.692118125194361,1.05,0.21794494717703372,4.35,0.7921489758877431,0
990,0.7237367748523336,0.09138140329764653,0.06897514240097481,0.019507281858807235,0.0009171455091205996,0.00051723893892031,100.0,0.0,62.95,2.1558061137310096,1.0,0.0,4.15,0.8529361054615991,0
991,0.7217737016113175,0.09823446736760479,0.06912993391325313,0.021137677275041632,0.0009239575994816543,0.0006078179735690903,100.0,0.0,63.3,3.333166662499792,1.075,0.23848480035423641,4.35,0.9096702699330127,0
992,0.7208489612826738,0.0984553618845066,0.06838555624252006,0.02224024311719225,0.0009685302947290978,0.0005351519884435504,100.0,0.0,63.55,2.747271373563231,1.15,0.3570714214271425,4.3,0.714142842854285,0
993,0.7263044485326666,0.09946688325331147,0.06850042442131343,0.020933251685722618,0.00090719319952334,0.00041074937942101535,100.0,0.0,63.65,3.305676935213119,1.0,0.0,4.35,0.9630680142129111,0
994,0.7349949095974982,0.10095001065790947,0.06667002382315124,0.02086005857492899,0.0009376552644512579,0.0004386339403354893,100.0,0.0,62.85,3.5110539728121526,1.125,0.3112474899497183,4.15,0.5722761571129799,0
995,0.7439021901030325,0.09599341042147844,0.06583111593891718,0.01844473133568278,0.0009301481650954112,0.0005266333842760692,100.0,0.0,64.0,3.605551275463989,1.025,0.10897247358851683,4.15,0.47696960070847283,0
996,0.7539420347988818,0.08787996692872688,0.06361545007411215,0.01706021268774619,0.0009555440924551335,0.0006510369171213275,100.0,0.0,63.2,3.2649655434629015,1.05,0.21794494717703372,4.25,0.5361902647381804,0
997,0.7620803949644724,0.07530580071455417,0.0610288787113351,0.016562611650873447,0.0009730077207684678,0.0005531617839968278,100.0,0.0,63.5,1.8303005217723127,1.0,0.0,4.05,0.6689544080129826,0
998,0.7714573079015692,0.07572234332720523,0.05949647960136695,0.018490192718026356,0.0009024740823870546,0.0004767340434754456,100.0,0.0,62.7,3.874274125562103,1.1,0.3,4.15,0.5722761571129799,0
999,0.7860674794656778,0.07649276921813516,0.05771915080505058,0.01810095652541409,0.0008032222101817067,0.0003786205686885127,100.0,0.0,63.15,3.2446109165815247,1.025,0.10897247358851683,4.2,0.7483314773547883,0
