generation,mean_fitness_mean,mean_fitness_std,distance_from_optimum_mean,distance_from_optimum_std,phenotype_variance_mean,phenotype_variance_std,population_size_mean,population_size_std,n_parents_mean,n_parents_std,median_offspring_mean,median_offspring_std,max_offspring_mean,max_offspring_std,extinct_count
0,0.6735759407880908,0.03327190827842943,0.017150382811648004,0.007381453416787054,0.004638958459681004,0.00068474244998376,100.0,0.0,63.0,2.9154759474226504,1.15,0.3570714214271425,4.25,0.6224949798994366,0
1,0.7353799489459314,0.03328605532280394,0.018737886660454128,0.006972426112791334,0.00338615618819567,0.0004947965422191011,100.0,0.0,63.8,1.9899748742132402,1.0,0.0,4.35,0.6538348415311012,0
2,0.7793110667403684,0.03638816428409862,0.018228617495290155,0.008474291398480091,0.002624244652467294,0.0005035158832407361,100.0,0.0,63.75,2.947456530637899,1.05,0.2179449471770337,4.05,0.4974937185533099,0
3,0.818759136695349,0.04518445351545233,0.018387527270241337,0.0072308995139337,0.0020123119958053034,0.0004973158488617593,100.0,0.0,62.2,3.1080540535840107,1.125,0.3112474899497183,4.2,0.6782329983125269,0
4,0.834235278308704,0.04777669351852796,0.01598531045694323,0.006687249478274168,0.0018168664642826203,0.0005566009422053935,100.0,0.0,63.1,2.3853720883753127,1.05,0.21794494717703372,4.2,0.9797958971132711,0
5,0.8526489348052907,0.04617363098823835,0.013591898772678145,0.006777925040475165,0.001614001281078474,0.000537588556996075,100.0,0.0,63.6,2.8530685235374214,1.05,0.21794494717703372,4.55,0.9733961166965892,0
6,0.8634832573624539,0.05108859140117917,0.013747733137540982,0.006343434615703666,0.0014683843591494522,0.0006122210862340467,100.0,0.0,63.55,2.4181604578687494,1.075,0.23848480035423641,4.15,0.6538348415311012,0
7,0.8693693631200405,0.04443543405111854,0.014626494229781767,0.006136802585315658,0.0013772955376068889,0.0005341970425853089,100.0,0.0,64.05,2.9744747435471695,1.05,0.2179449471770337,4.0,0.5477225575051661,0
8,0.8780975655733572,0.042489426799256366,0.015063475602316323,0.007369716831970789,0.0012449431523887725,0.0005309908160557043,100.0,0.0,64.25,2.118372016431486,1.025,0.10897247358851683,4.3,0.9,0
9,0.8816585897446613,0.042662678304520245,0.014789149568503437,0.0065272147890070315,0.0012288583047659867,0.0005397535277196189,100.0,0.0,63.7,2.5317977802344327,1.025,0.10897247358851683,4.4,0.9695359714832658,0
10,0.8807912712178869,0.03820666989592793,0.015881055050742547,0.009116288389967505,0.0012052096746960233,0.00044485795236551815,100.0,0.0,63.1,2.681417535558384,1.125,0.3112474899497183,4.25,0.698212002188447,0
11,0.8889420177872449,0.03229155448409509,0.01719971987355785,0.008011367021443635,0.0010686405581233458,0.0003821838499983018,100.0,0.0,64.7,2.3473389188611007,1.0,0.0,4.25,1.0428326807307104,0
12,0.8873774204119573,0.03732632725316942,0.015402018043940221,0.007267621471088308,0.0011421038087372141,0.0004982867074440808,100.0,0.0,63.15,3.902242944769072,1.2,0.3674234614174767,3.95,0.49749371855331004,0
13,0.8915325456382875,0.03035924942929726,0.015784385698528455,0.005918593359902122,0.001077099292954778,0.0003998705544992878,100.0,0.0,62.4,3.916631205513228,1.15,0.3570714214271425,4.45,0.5894913061275798,0
14,0.8955363563536297,0.028648731977768453,0.01730567207456475,0.007396462712870455,0.0010002515664393865,0.00035472701354696763,100.0,0.0,62.5,3.427827300200522,1.075,0.23848480035423641,4.15,0.6538348415311012,0
15,0.9006203187147444,0.02803037659026607,0.015751295788708423,0.00696848735148917,0.0009559801071890379,0.0003724655737368668,100.0,0.0,62.7,2.8653097563788807,1.1,0.2549509756796392,4.4,0.6633249580710799,0
16,0.8960728942999397,0.03630446909182102,0.01668476025476477,0.008111875386198206,0.0009918191572195095,0.00048664575265520575,100.0,0.0,64.15,3.2905166767545793,1.05,0.21794494717703372,4.0,0.8366600265340756,0
17,0.8976720384843464,0.03211793053947105,0.01722470324012055,0.008655022201276797,0.0009694947998028029,0.0004096388719271393,100.0,0.0,63.65,2.5937424698685874,1.05,0.21794494717703372,3.85,0.3570714214271425,0
18,0.8987070334400235,0.033036943555937295,0.015629768876980473,0.008831315976327175,0.0009777880114511714,0.00047032510592214715,100.0,0.0,63.75,2.662235902394827,1.05,0.21794494717703372,4.2,0.8717797887081348,0
19,0.9036053543299785,0.02743767770714864,0.015495808448834658,0.009749916005594352,0.0008970586651100363,0.0003742443949739443,100.0,0.0,63.1,3.766961640367472,1.1,0.3,4.4,0.6633249580710799,0
20,0.9045057976568979,0.027645804854086638,0.01816279535315532,0.007802869802101844,0.0008730114724722979,0.00040098657856651,100.0,0.0,62.5,2.5592967784139455,1.0,0.0,4.25,0.6224949798994366,0
21,0.9077386298522019,0.025262214412938983,0.01726623299098273,0.008138170723186502,0.0008451392005659468,0.00032268434698087806,100.0,0.0,64.4,2.615339366124404,1.025,0.10897247358851683,4.15,0.653834841531101,0
22,0.9088431236208413,0.02623836053267134,0.017429445579641187,0.006056022613996599,0.0008432420966797515,0.00034031151162373783,100.0,0.0,64.3,3.287856444554719,1.0,0.0,4.1,0.7000000000000001,0
23,0.9095005084848211,0.028951459771442596,0.015445221555070152,0.00697087640646807,0.0008634436733295054,0.0003926992565108311,100.0,0.0,63.6,3.32264954516723,1.1,0.3,4.4,0.7999999999999999,0
24,0.9145872143354914,0.02549110656125278,0.016392800825295657,0.008259457318070474,0.0007738012742998315,0.00027966776518524795,100.0,0.0,62.1,2.022374841615669,1.1,0.3,4.35,0.8529361054615991,0
25,0.9139799285443235,0.026998524131848108,0.017897911433606563,0.008055823359549524,0.0007537768831634136,0.0003006999721385153,100.0,0.0,63.9,2.5475478405713994,1.05,0.21794494717703372,4.15,0.7262919523166976,0
26,0.9186918446545554,0.026652783828617833,0.01640463234198423,0.008825481702859229,0.0007197938312454625,0.0002881786109539655,100.0,0.0,64.15,2.4550967394381837,1.0,0.0,4.05,0.5894913061275798,0
27,0.917406611077271,0.02730487035755052,0.016648677427427573,0.0084517852550922,0.0007383691571863978,0.0003249656569794977,100.0,0.0,63.0,1.8973665961010275,1.0,0.0,4.25,0.7664854858377946,0
28,0.9146280784167816,0.023687580044508764,0.017422275010107804,0.00895423790907769,0.0007537252338684921,0.00028333958069666905,100.0,0.0,63.45,3.0573681492420897,1.075,0.23848480035423641,4.05,0.49749371855331,0
29,0.9137102642821706,0.022307707686233694,0.01713800822072002,0.006463332302451322,0.0007845930740514324,0.0002696513790304996,100.0,0.0,63.55,3.169779172119093,1.0,0.0,4.4,0.7999999999999999,0
30,0.9118838747726985,0.02402081248199531,0.018157714451967382,0.007121357369645772,0.0007925409883252339,0.0002725981268341453,100.0,0.0,63.85,2.7069355367278325,1.05,0.21794494717703372,4.3,0.6403124237432849,0
31,0.91588107952635,0.022040268491337233,0.017689873159472697,0.007256800641788339,0.0007473159261858614,0.0002334012319296711,100.0,0.0,63.25,3.5899164335677787,1.05,0.15,4.1,0.8306623862918074,0
32,0.9169951274666767,0.024431562921981842,0.018283104696744015,0.006627648492064309,0.0007266635749509312,0.0002613552374971679,100.0,0.0,62.8,2.6381811916545836,1.05,0.21794494717703372,4.05,0.5894913061275798,0
33,0.9198457156422437,0.02302118317922314,0.01708269238075723,0.006217244033702837,0.0007153636726187437,0.0002654987386667541,100.0,0.0,63.9,3.8327535793473597,1.0,0.0,4.1,0.8888194417315588,0
34,0.9194085559434118,0.027890752019760347,0.017234698086977314,0.005722047204954052,0.0007224458348854561,0.0003320695937812973,100.0,0.0,62.85,3.4536212878658255,1.075,0.23848480035423641,4.35,0.7262919523166975,0
35,0.9192812192313159,0.026120419595868093,0.01588858559199454,0.0077283773398083115,0.0007400719758652077,0.0003019511122011006,100.0,0.0,63.95,3.3537292675468007,1.075,0.23848480035423641,4.15,0.4769696007084728,0
36,0.9254007527122298,0.027372571311799286,0.01644689793352597,0.00699331694777586,0.0006647063096258605,0.0002996210388320323,100.0,0.0,63.55,3.089902911096076,1.1,0.3,4.35,0.792148975887743,0
37,0.9284326409075223,0.025105243794232984,0.016629933184116187,0.007717691463761543,0.0006119816690092531,0.0002469748203802451,100.0,0.0,63.5,2.8548204847240397,1.125,0.3112474899497183,4.3,0.714142842854285,0
38,0.926610289808931,0.029707366277400855,0.016560002939945945,0.007589110043560245,0.0006389949188700379,0.0003087501852088923,100.0,0.0,63.55,2.854382595238418,1.0,0.0,4.3,0.6403124237432849,0
39,0.9242221305346833,0.029156833225989914,0.01615582493639278,0.007813155588438439,0.0006734007219643902,0.00029932226605863306,100.0,0.0,63.5,2.5592967784139455,1.025,0.10897247358851683,4.15,0.653834841531101,0
40,0.9286666752597798,0.031379115232188226,0.016943191257802075,0.008830397379237138,0.0005980730064809035,0.00030837373855180947,100.0,0.0,63.75,3.672533185690771,1.025,0.10897247358851683,3.9,0.6244997998398398,0
41,0.9267199038675809,0.025608516513775534,0.017364974761728564,0.008599304805029155,0.0006152951864823696,0.00026860382670037354,100.0,0.0,63.35,2.554897258208243,1.0,0.0,4.05,0.6689544080129826,0
42,0.9320586996408758,0.02404110632850645,0.017270827060389234,0.008542253474846644,0.0005519548670692717,0.0002874603859328565,100.0,0.0,62.85,3.5535193822462827,1.025,0.10897247358851683,4.15,0.7921489758877431,0
43,0.9298713795346801,0.023861050692750716,0.018338158822138764,0.008040316881656762,0.0005686718422227806,0.0002420555011821745,100.0,0.0,63.15,3.5252659474144643,1.05,0.21794494717703372,4.35,0.9096702699330126,0
44,0.9298779768869105,0.0219003131737443,0.01776990944839073,0.007939562521058742,0.0005785182798752147,0.00023909496053232317,100.0,0.0,64.35,3.4391132578035286,1.05,0.21794494717703372,4.2,1.0770329614269007,0
45,0.9271394455516081,0.026819119867773314,0.01822027325498196,0.008319218619255072,0.0006158420070057531,0.00036561984307755717,100.0,0.0,64.0,3.271085446759225,1.05,0.21794494717703372,4.4,0.66332495807108,0
46,0.932279840966463,0.018131740056515806,0.01768868649290311,0.008987645784047671,0.000542387527178346,0.00017957656493811168,100.0,0.0,64.0,2.32379000772445,1.025,0.10897247358851683,4.05,0.5894913061275798,0
47,0.9367474979714785,0.016945054941887232,0.017434333783606516,0.007425765523520118,0.0005126209496424134,0.0001783375564835599,100.0,0.0,62.95,3.3387872049593095,1.075,0.23848480035423641,4.25,0.7664854858377946,0
48,0.9356722670428896,0.019122179203516988,0.01774516803464323,0.00795908549622769,0.0005128503297245796,0.00018961380413908718,100.0,0.0,63.8,3.3406586176980126,1.05,0.21794494717703372,4.0,0.5477225575051661,0
49,0.9371306343925229,0.021377839640617385,0.017044300462839966,0.008866913025428217,0.0005067335710862109,0.0001884223327240518,100.0,0.0,63.2,2.6758176320519302,1.05,0.2179449471770337,4.1,0.6244997998398398,0
50,0.9371708102825366,0.017435039499886038,0.017105912044491543,0.008503614058090449,0.0005035988946628313,0.00016569591841820793,100.0,0.0,64.4,2.8,1.05,0.15,4.0,0.8366600265340756,0
51,0.9336973059856272,0.017484815866238786,0.018339555654660316,0.00880466524755331,0.0005252368836845924,0.00017663282792464486,100.0,0.0,62.7,3.874274125562103,1.125,0.3112474899497183,4.5,0.5916079783099616,0
52,0.935048225273535,0.022661871453180268,0.016650395831829347,0.008448595002208686,0.0005543738192879618,0.00020510975024619208,100.0,0.0,64.45,3.2935543110748915,1.0,0.0,4.5,0.9746794344808963,0
53,0.9364036620067779,0.024440044485384307,0.016818706508028948,0.008578344862938984,0.0005216445172036334,0.00021450304741935143,100.0,0.0,62.95,2.376446927663229,1.075,0.23848480035423641,4.35,0.47696960070847283,0
54,0.9340910078143144,0.024370728826883032,0.016841820590877226,0.007667037686616226,0.0005548382774421331,0.00024071038352781526,100.0,0.0,62.55,3.5563323804166562,1.1,0.2549509756796392,4.55,0.5894913061275798,0
55,0.9328853734515379,0.027687532071664134,0.0168838042892961,0.007853928873177728,0.0005740744654630593,0.00024428559338771766,100.0,0.0,64.05,3.57036412708844,1.05,0.21794494717703372,4.1,0.6244997998398398,0
56,0.9317225079553648,0.030080318356544882,0.01621264534040471,0.00791818283849131,0.0006053551456875324,0.0003154110945617924,100.0,0.0,63.5,3.0083217912982647,1.0,0.0,3.95,0.3840572873934304,0
57,0.9338575265144117,0.030739831755219306,0.01595166683616402,0.00671100228092837,0.0005923018054869017,0.000303613415086645,100.0,0.0,62.4,3.2619012860600183,1.075,0.23848480035423641,4.35,0.5722761571129799,0
58,0.9379014177146537,0.02549380643246697,0.01597042743876708,0.005791168655644688,0.0005375771341943826,0.00024281644878202782,100.0,0.0,63.25,2.9979159427842537,1.125,0.3112474899497183,4.2,0.6,0
59,0.936881061817098,0.01973405526713881,0.015821577084763144,0.00648679124280458,0.0005538147148539862,0.00019519628494161224,100.0,0.0,62.95,2.4181604578687494,1.1,0.3,4.35,0.7262919523166975,0
60,0.9399169928485328,0.020809860149141133,0.015068583514912786,0.006545687487965084,0.000518749619916136,0.00020892044533340733,100.0,0.0,64.3,2.685144316419511,1.05,0.2179449471770337,4.2,0.6,0
61,0.9392886464126476,0.02038519558341262,0.015274572989233768,0.007046084832818908,0.0005335368737487081,0.00022171413076001027,100.0,0.0,63.6,2.817800560721074,1.05,0.21794494717703372,4.1,0.5385164807134504,0
62,0.9388343388018325,0.023139566957975824,0.015253023969188682,0.007012864065927723,0.0005294716949433865,0.00023977270960765507,100.0,0.0,63.85,2.7253440149823285,1.05,0.21794494717703372,4.05,0.739932429347437,0
63,0.9362472871248195,0.019871032054607496,0.015460679065320698,0.00701816675572417,0.0005575528354402902,0.00022964602324583892,100.0,0.0,62.0,2.6457513110645907,1.1,0.3,4.5,1.0723805294763609,0
64,0.9358939903068881,0.022923323227299265,0.017021074116925057,0.007364454932172466,0.0005317577421435287,0.00022677289226894444,100.0,0.0,63.1,3.576310948449533,1.0,0.0,4.25,0.7664854858377946,0
65,0.933881696283415,0.02292018022656123,0.01775176480745865,0.007668014703145788,0.0005412029733695373,0.00020811784130716243,100.0,0.0,63.95,2.8892040426387333,1.0,0.0,4.25,0.8874119674649424,0
66,0.9337155335432644,0.0200350325643597,0.01895694441858113,0.007170511380421647,0.0005274703760583365,0.00020262459203755227,100.0,0.0,63.45,2.5782746168707473,1.1,0.3,4.05,0.739932429347437,0
67,0.9344751439631098,0.02227351973191283,0.017799948008406636,0.00824235983287416,0.0005305884227347656,0.0002377129748468577,100.0,0.0,62.65,3.7719358425084595,1.1,0.3,4.1,0.5385164807134504,0
68,0.9356779422847371,0.021857143219407685,0.017107629473329042,0.008830261406423106,0.0005181549069569552,0.0002266972147483062,100.0,0.0,63.15,2.7436289836637897,1.075,0.23848480035423641,4.25,0.6224949798994366,0
69,0.9382685414620665,0.021178488288232718,0.017284697596584513,0.009775071454734855,0.0004788156303328573,0.00018969432153258147,100.0,0.0,63.7,2.4919871588754225,1.05,0.21794494717703372,3.95,0.5894913061275798,0
70,0.9383933829021215,0.02252971655088426,0.017340721925233737,0.008520639954793572,0.00048744691758245505,0.00021055769246573332,100.0,0.0,64.6,3.3823069050575523,1.05,0.21794494717703372,4.1,0.8306623862918076,0
71,0.9398690987981594,0.02171775687247038,0.017745260944727653,0.007891974416748123,0.0004682484590525511,0.000220188450740202,100.0,0.0,63.8,2.1587033144922905,1.0,0.0,4.2,0.7483314773547883,0
72,0.9357336073885406,0.02335463357674872,0.01738071820067151,0.008600438047593435,0.0005224210088685134,0.00020618885301583925,100.0,0.0,63.4,2.7459060435491964,1.075,0.23848480035423641,4.15,0.7262919523166976,0
73,0.9390856809425001,0.02121948171684541,0.017433303375999628,0.008924972669397018,0.0004653115197572501,0.00015196397000290089,100.0,0.0,62.95,2.747271373563231,1.1,0.3,4.5,0.806225774829855,0
74,0.9379130681219582,0.022362460397858924,0.01651886264129398,0.007645297890202037,0.0005099955000018553,0.00018617743737835393,100.0,0.0,63.7,1.8734993995195195,1.125,0.3112474899497183,4.15,0.5722761571129799,0
75,0.9358617349326842,0.026148951431836803,0.014862247293279113,0.008466731892608131,0.0005610746543982647,0.0002816263724835486,100.0,0.0,63.35,2.372235232855292,1.2,0.4,4.25,0.7664854858377946,0
76,0.9380389518241004,0.02398889151109237,0.01365832571928462,0.007873554432468207,0.0005604233701020002,0.00026585263023157365,100.0,0.0,63.85,3.1980462785894765,1.125,0.3112474899497183,4.05,0.49749371855331004,0
77,0.9378327286490389,0.019644097136214428,0.014516395121307197,0.008042275556962231,0.0005515208401163849,0.0002086279525041321,100.0,0.0,62.45,2.5975950415721076,1.025,0.10897247358851683,4.45,0.8046738469715541,0
78,0.939037787106726,0.021482275651771604,0.014988659978574103,0.0073436168246031495,0.0005308840933396445,0.000219501694335509,100.0,0.0,63.4,3.2155870381627056,1.125,0.3112474899497183,4.25,0.698212002188447,0
79,0.9341543505668444,0.024515304697733876,0.01462132496276471,0.008766498779352152,0.0005874090803979997,0.00024021093691843368,100.0,0.0,62.65,3.7453304260105007,1.025,0.10897247358851683,4.25,0.698212002188447,0
80,0.9326984455631264,0.022386695155713718,0.014550938046448508,0.008223669331158772,0.0006086188958840636,0.0002107460939341868,100.0,0.0,62.65,3.785168424258028,1.05,0.21794494717703372,4.1,0.5385164807134504,0
81,0.9315805406901381,0.02668564548136608,0.014233747539249447,0.007909037139529177,0.0006332185460546272,0.00025895780534033796,100.0,0.0,63.4,3.1208973068654475,1.0,0.0,4.45,0.5894913061275798,0
82,0.9307038037727147,0.02414261017301914,0.013978520283335502,0.008182020692890481,0.0006508525388614799,0.0002668646431655104,100.0,0.0,63.35,3.1666228067138023,1.025,0.10897247358851683,4.3,0.9539392014169457,0
83,0.9334815009338838,0.01973824927767592,0.012210527534325038,0.00898708018012937,0.0006168745887618488,0.0001995276716723225,100.0,0.0,62.5,3.170173496829472,1.0,0.0,4.45,0.6689544080129827,0
84,0.932087607672244,0.02545613512477096,0.012659326304283462,0.008693402257570489,0.0006439675020210264,0.00030981987974736455,100.0,0.0,64.3,2.5709920264364885,1.025,0.10897247358851683,4.15,0.792148975887743,0
85,0.930181572804026,0.025668550008487234,0.01344833753473088,0.007845282209102878,0.0006581812663827944,0.0003147382236937095,100.0,0.0,62.4,3.4263683398023628,1.125,0.3112474899497183,4.45,0.9205976319760985,0
86,0.9308150694730968,0.02166320284279042,0.013969074623760108,0.008089514286838314,0.0006435685174361039,0.000281333246189175,100.0,0.0,64.35,2.95423424934449,1.0,0.0,4.15,1.0136567466356647,0
87,0.9251431265826641,0.02051942579476267,0.013957327890596014,0.008232211628641727,0.000711043749403434,0.000274526404399575,100.0,0.0,62.75,2.7179955849853767,1.0,0.0,4.25,0.698212002188447,0
88,0.9280734923219913,0.02237210204642761,0.014022975094187822,0.007682782846112476,0.0006767082410780968,0.00029734404337222926,100.0,0.0,63.5,2.9748949561287032,1.0,0.0,4.25,0.698212002188447,0
89,0.9304472606178071,0.021865118079245734,0.015849298414274522,0.007665501680491897,0.0006176522406322075,0.00024113541360765996,100.0,0.0,64.35,2.393219588754864,1.05,0.21794494717703372,4.2,0.7483314773547883,0
90,0.9361694299760639,0.021411289801335262,0.015125443750885398,0.00805397714772699,0.0005556144262028803,0.0002118417451883644,100.0,0.0,65.3,3.1638584039112754,1.0,0.0,4.0,0.7745966692414834,0
91,0.934347932604234,0.02362479633313167,0.015430721311969972,0.007286900807925072,0.0005793145228981573,0.00025259513797403583,100.0,0.0,62.15,3.811495769379785,1.2,0.3674234614174767,4.2,0.8717797887081347,0
92,0.9347279389841434,0.024785087911955675,0.01602886401897207,0.008756796734168447,0.0005609564380348146,0.00028316803974136605,100.0,0.0,63.3,3.116087290176577,1.025,0.10897247358851683,4.35,0.6538348415311012,0
93,0.9379066258230052,0.024230589353058406,0.01528881157449504,0.007864321228462466,0.0005333630296213397,0.00026502503281864126,100.0,0.0,64.7,2.8478061731796287,1.05,0.21794494717703372,4.1,0.8306623862918074,0
94,0.9408048779649587,0.025838720967400506,0.014625804367195303,0.008916402374642429,0.0004969521445479435,0.00026201430337334264,100.0,0.0,62.3,3.0182776545573144,1.1,0.3,4.45,0.6689544080129827,0
95,0.9368111099482274,0.029632493282096647,0.015483457853677232,0.008184166822208511,0.0005422172975043122,0.00031708096402549015,100.0,0.0,63.65,2.903015673398957,1.0,0.0,4.3,0.5567764362830022,0
96,0.9368235108288128,0.02528562514459475,0.01590548836499968,0.007418298873400935,0.0005355212367053646,0.00027373173890338166,100.0,0.0,64.35,3.3507461855533016,1.075,0.23848480035423641,4.0,0.6324555320336759,0
97,0.9343815183772082,0.022043940652582077,0.01445501965652637,0.007993283280882254,0.0005869132758620784,0.0002530618913405215,100.0,0.0,63.7,3.3481338085566414,1.15,0.3570714214271425,4.4,0.7348469228349535,0
98,0.9340123871187996,0.022226087985127745,0.015004866679083666,0.007774146909546385,0.000588117720582393,0.00024133296336492304,100.0,0.0,63.25,2.6995369973386176,1.1,0.2549509756796392,4.3,0.7810249675906654,0
99,0.9327919224972832,0.017054549416300756,0.014425224351031279,0.007381224802750668,0.0006137211059117218,0.00018163712003797805,100.0,0.0,62.7,3.536947836765479,1.2,0.4,4.1,0.7681145747868608,0
100,0.9296352439472961,0.02443735526940996,0.014744549723867578,0.007575567050992453,0.0006804706440193114,0.0003943848162208065,100.0,0.0,64.1,2.773084924772409,1.0,0.0,4.25,0.8874119674649424,0
101,0.9284401808357895,0.022517332713529646,0.015577429221839047,0.007480887293081668,0.000670382215816214,0.00030292673462856265,100.0,0.0,64.75,1.894069692487581,1.025,0.10897247358851683,4.1,0.7681145747868608,0
102,0.9242517647713034,0.02301073640237638,0.01649095680351959,0.008112187796805522,0.0006997030746077474,0.0003204125722012284,100.0,0.0,63.35,3.758656674930553,1.1,0.3,3.9,0.6244997998398398,0
103,0.9278336703444451,0.024720737924140364,0.015266542078489858,0.008270907730790936,0.0006668866579387536,0.00031810597912940457,100.0,0.0,63.95,3.0736785778607367,1.05,0.21794494717703372,4.2,0.6,0
104,0.9312211850047133,0.02197311582026115,0.015047343101979926,0.008567397772179549,0.000623483878681583,0.00031364948670531287,100.0,0.0,64.15,3.5815499438092444,1.15,0.3570714214271425,4.25,0.698212002188447,0
105,0.9306003065588465,0.022469649413889178,0.015853796263271786,0.007615962922475865,0.0006308891058904806,0.00030168971608551007,100.0,0.0,64.3,2.3473389188611007,1.05,0.21794494717703372,4.05,0.804673846971554,0
106,0.9313699026944544,0.0197293517702984,0.015657853068018646,0.007186350025924341,0.0006262818993543825,0.00029240403298395564,100.0,0.0,62.15,1.8241436346954694,1.1,0.3,4.4,0.6633249580710799,0
107,0.9358156430618825,0.019391772780538708,0.016805597967552842,0.006959363465767805,0.0005451616248921541,0.00022526592443843446,100.0,0.0,64.3,3.6891733491393435,1.0,0.0,4.1,0.5385164807134504,0
108,0.9338141450635418,0.02111168238226519,0.01689389353578677,0.007914084247007866,0.0005573962499361394,0.0002124436380189205,100.0,0.0,63.05,3.4709508783617204,1.05,0.15,4.2,0.6,0
109,0.9373204559169712,0.020390878902435985,0.017351645654772548,0.009037919017864599,0.0004955294363257173,0.00018936455857847332,100.0,0.0,61.95,2.6358110706194404,1.025,0.10897247358851683,4.5,1.0723805294763609,0
110,0.9399587487739464,0.021343147981547177,0.01658281890847783,0.009539688697687666,0.00047628679253382906,0.00022266029153225137,100.0,0.0,63.9,2.754995462791182,1.05,0.21794494717703372,4.15,0.8529361054615991,0
111,0.9384311056232593,0.02224330531215727,0.01722092993901265,0.0079678762660218,0.0004961719244100971,0.00021964932396527885,100.0,0.0,63.2,3.325657829663178,1.025,0.10897247358851683,4.1,0.8306623862918076,0
112,0.939281268263693,0.019672976528335773,0.0166937163622135,0.007572329083728477,0.0004920751446131127,0.00018686813515021527,100.0,0.0,64.15,3.118894034750139,1.05,0.21794494717703372,4.25,0.7664854858377946,0
113,0.9422388629643782,0.021419241825024544,0.016172933924521883,0.007399890993431353,0.0004729872163829642,0.0001891719653327233,100.0,0.0,63.05,2.7290108097990378,1.125,0.3112474899497183,4.3,0.6403124237432849,0
114,0.9383057076267333,0.021580620782706287,0.01595019221523243,0.007902350936367437,0.0005235782979023972,0.00017580654497679658,100.0,0.0,62.9,3.254228019054596,1.05,0.21794494717703372,4.35,0.7262919523166975,0
115,0.9402759491832946,0.019182038105097665,0.016267203858655686,0.007600023069646099,0.000490609087398717,0.00016087271330318857,100.0,0.0,63.75,2.6433879775772606,1.025,0.10897247358851683,4.55,0.9733961166965892,0
116,0.9415981723431969,0.020703821683176072,0.015590328949742677,0.008433717943432844,0.0004765511939757904,0.00018002122055386073,100.0,0.0,63.4,2.7820855486487113,1.075,0.23848480035423641,4.15,0.5722761571129799,0
117,0.9412119852067298,0.016480905733427274,0.014858036410801561,0.008067830908581304,0.0005112055079638363,0.00015969768319550276,100.0,0.0,63.55,2.957617284234051,1.05,0.21794494717703372,4.1,0.43588989435406733,0
118,0.9331473878020713,0.023838016150503776,0.016188277409449878,0.008764558911160368,0.0005857206114352742,0.00020574087036803005,100.0,0.0,63.55,3.2167530212933664,1.075,0.23848480035423641,4.0,0.6324555320336759,0
119,0.9353889253367305,0.022982231216362576,0.015671784615943936,0.008215107820945916,0.000555490522844025,0.00024318400830154394,100.0,0.0,62.95,2.246664193866097,1.025,0.10897247358851683,4.25,0.7664854858377946,0
120,0.9395733744770455,0.021372689729308086,0.015486364799513675,0.00808006417214728,0.0005119367603060456,0.00021590255815536025,100.0,0.0,63.1,3.176476034853718,1.075,0.23848480035423641,4.1,0.6244997998398398,0
121,0.9400424125935587,0.02210015178995781,0.015235887229700368,0.007432058661535234,0.0005237036037339249,0.00024602856594614143,100.0,0.0,62.85,2.5937424698685874,1.025,0.10897247358851683,4.4,0.58309518948453,0
122,0.9416081625633235,0.025906138894262253,0.015372480568990782,0.0072470906349157375,0.0005066145003988768,0.0002650895496367909,100.0,0.0,63.95,2.3973944189473704,1.025,0.10897247358851683,4.05,0.5894913061275798,0
123,0.941032505376468,0.021105776437019705,0.015289013712228555,0.00661676708235902,0.0005134300408684993,0.00020985530406736385,100.0,0.0,62.9,3.548238999842034,1.1,0.3,4.2,0.5099019513592784,0
124,0.9406826099953107,0.02717931170595926,0.015454171430917475,0.007268512876072384,0.0005250447786269949,0.0002784479244444276,100.0,0.0,64.0,3.8340579025361627,1.175,0.36314597615834876,4.0,0.6324555320336759,0
125,0.9463092666277598,0.026002413128663766,0.014860492455818525,0.006702507803098032,0.0004594661645269821,0.0002374630719810096,100.0,0.0,63.35,3.5535193822462823,1.15,0.3570714214271425,4.0,0.8366600265340756,0
126,0.9440686269538843,0.02205267939909521,0.015478686392313649,0.007508161776775226,0.0004695179713134571,0.00021343080037241504,100.0,0.0,62.85,3.7050641020095725,1.15,0.3570714214271425,4.05,0.739932429347437,0
127,0.9433912212771627,0.021258573773123266,0.014996607054711225,0.007849002280652193,0.00047807708201846703,0.00023385220634804927,100.0,0.0,63.55,3.2167530212933664,1.075,0.23848480035423641,3.95,0.49749371855331004,0
128,0.944874161138023,0.016837020435150847,0.01534164421449151,0.007747655601653033,0.0004549703835773582,0.00017123566015036072,100.0,0.0,63.95,2.9576172842340505,1.0,0.0,4.0,0.7071067811865476,0
129,0.9428020251974332,0.01934288203990842,0.015791041702046555,0.008870022531639283,0.00046880596099449734,0.0001736988719677794,100.0,0.0,63.8,2.541653005427767,1.05,0.21794494717703372,4.45,0.5894913061275798,0
130,0.9380194259953463,0.017343971541383826,0.016181920849677817,0.009608682795007137,0.0005161189363778194,0.0001611661864245276,100.0,0.0,63.1,2.6814175355583845,1.05,0.21794494717703372,4.3,0.7810249675906654,0
131,0.9376918429136865,0.0215552310341707,0.015534108420715492,0.009920672408317219,0.0005174129613642651,0.0001847413128106654,100.0,0.0,64.25,2.680951323690902,1.0,0.0,4.25,0.7664854858377946,0
132,0.9367777672683582,0.02471545207542909,0.014675521317538465,0.00982803508856812,0.0005469183749561293,0.00026531758879276465,100.0,0.0,62.5,2.5199206336708304,1.075,0.23848480035423641,4.55,0.8046738469715541,0
133,0.9398435139286201,0.027774631246722144,0.014354411488682588,0.009685404594751822,0.0005260594710822356,0.00024262391584845876,100.0,0.0,64.0,3.146426544510455,1.05,0.21794494717703372,3.9,0.7681145747868608,0
134,0.9423016241607453,0.026144407307200204,0.013395313406746125,0.009648994588259865,0.0005030811264510217,0.00020705489016170354,100.0,0.0,64.4,2.9899832775452104,1.05,0.15,4.05,0.804673846971554,0
135,0.9402325858760866,0.02774003630093563,0.013496938917628437,0.009531540053080318,0.0005314856584747906,0.00024055075738619436,100.0,0.0,64.1,2.605762844159076,1.025,0.10897247358851683,4.2,0.6782329983125268,0
136,0.9377375242245405,0.030112201913675432,0.014380506421590935,0.009303325469562345,0.0005513968471923623,0.00024179029183717698,100.0,0.0,63.8,2.3151673805580453,1.1,0.3,4.15,0.7262919523166975,0
137,0.9403995471579917,0.02957911183655949,0.012971941401870015,0.009522726466764076,0.000533015943981983,0.00025591675708595374,100.0,0.0,64.35,3.7453304260105007,1.1,0.3,4.2,0.5099019513592785,0
138,0.937866406682456,0.033095493567675625,0.013872921717585399,0.009633305669854887,0.0005540574170105137,0.00024095143266642883,100.0,0.0,63.6,2.353720459187964,1.0,0.0,4.15,0.7262919523166976,0
139,0.9349663474795411,0.027662615116033018,0.015153918203701497,0.008541645994666938,0.0005797634894167189,0.000232536858068173,100.0,0.0,63.1,3.5482389998420345,1.05,0.15,4.35,0.9096702699330126,0
140,0.9320331834922657,0.03427224552189448,0.01622144602365127,0.009532770472674534,0.0005914577240319727,0.00023259967722786542,100.0,0.0,63.25,3.1284980421921316,1.025,0.10897247358851683,3.8,0.6,0
141,0.936296354661167,0.028631753214439424,0.014298475208242636,0.009777987581184904,0.0005567762523596972,0.00020734873220635362,100.0,0.0,62.05,2.654712790491657,1.15,0.3570714214271425,4.5,0.7416198487095663,0
142,0.9377542738762799,0.030756245738878956,0.01456172594495242,0.010418967172078249,0.0005319078924770879,0.0002147734946917796,100.0,0.0,63.35,2.2197972880423116,1.05,0.21794494717703372,4.25,0.8874119674649424,0
143,0.9399313347208066,0.029897063806217063,0.014972735974440677,0.01111286568692911,0.00048746270672049216,0.0002076273732916185,100.0,0.0,62.7,3.3926390907374753,1.075,0.23848480035423641,4.55,0.5894913061275798,0
144,0.9353458130548683,0.027866326208319095,0.015758544331250044,0.011058857396845836,0.0005333061035880097,0.00022344212955372692,100.0,0.0,62.95,3.007906248539007,1.025,0.10897247358851683,4.3,0.714142842854285,0
145,0.9367114538591474,0.027148250940130687,0.014880118481185098,0.011015904274899886,0.0005310906053999713,0.00023322875607176822,100.0,0.0,63.25,3.2384409829422554,1.1,0.3,4.35,0.5722761571129799,0
146,0.9453101139314759,0.02159179847319612,0.014093799817919675,0.010868697076797463,0.00043577779258404547,0.00015792386853071306,100.0,0.0,62.75,2.56661255354212,1.0,0.0,4.25,0.698212002188447,0
147,0.9441083476878118,0.02316100533938967,0.014161779598204976,0.010123841598910095,0.00048330971897241043,0.0002881041396527707,100.0,0.0,63.45,2.6167728216259047,1.05,0.15,4.0,0.8944271909999159,0
148,0.9447634434493629,0.022333044159305003,0.014082077801994728,0.009619963734161184,0.00045119278578525994,0.0001726645686683857,100.0,0.0,63.6,2.8000000000000003,1.0,0.0,4.25,0.6224949798994366,0
149,0.9443869485062475,0.022535986834016794,0.015734129015716032,0.009640899343302586,0.00043565955735552547,0.00015506573883175816,100.0,0.0,63.5,3.7349698793966195,1.05,0.15,4.2,0.5099019513592784,0
150,0.9448043336160652,0.021275626715926116,0.014445750240976996,0.009899137157336813,0.0004483064181044349,0.0001372779108005036,100.0,0.0,63.4,2.764054992217051,1.125,0.3112474899497183,4.25,0.8874119674649424,0
151,0.9430912985375199,0.02308834367327904,0.015393916352085266,0.00966668526447621,0.0004618840649351963,0.00017874396555488724,100.0,0.0,63.75,2.5273503912200224,1.1,0.3,4.05,0.804673846971554,0
152,0.9418124749227144,0.021736214700540237,0.016046642997744043,0.009357909417149394,0.00046159682954940073,0.00018228036582057557,100.0,0.0,64.35,3.9909272105614755,1.05,0.21794494717703372,4.05,0.5894913061275798,0
153,0.9413071166890635,0.021728034954174212,0.0153946489800303,0.008318787126874248,0.0004928737299417984,0.00020683557630951044,100.0,0.0,62.75,2.6052830940226053,1.05,0.21794494717703372,4.15,0.7262919523166975,0
154,0.9364038310170754,0.021745541785944827,0.016794063202919825,0.007033723840489003,0.0005386565144170181,0.00020121531432827725,100.0,0.0,63.55,2.3973944189473704,1.05,0.21794494717703372,4.15,0.6538348415311012,0
155,0.9375862671275224,0.02237135324410554,0.016570284398308814,0.007944340739298455,0.0005197797157917865,0.00019406406985095066,100.0,0.0,63.2,2.5219040425836985,1.0,0.0,4.45,0.8645808232895291,0
156,0.9357461915284478,0.021520064805457026,0.017428782999158562,0.007945482853144174,0.0005339922637654254,0.00017869951013488195,100.0,0.0,62.8,3.370459909270543,1.1,0.2549509756796392,4.4,0.7348469228349533,0
157,0.9343131248066074,0.022595770017628164,0.016533498848013327,0.008810302598882085,0.0005711763355862729,0.0002384841503614628,100.0,0.0,63.0,2.8809720581775866,1.05,0.21794494717703372,4.35,0.5722761571129799,0
158,0.9369756929313725,0.01734306955736561,0.016002115915839246,0.006409056832063736,0.0005561036601882696,0.00019889001026192295,100.0,0.0,63.35,3.2446109165815247,1.025,0.10897247358851683,4.15,0.9096702699330127,0
159,0.93577108335892,0.015275473603800065,0.015619619311466552,0.0070289086918624,0.0005676859916859561,0.0001672136439909064,100.0,0.0,63.25,3.031088913245535,1.1,0.2549509756796392,4.05,0.864580823289529,0
160,0.9297504751698863,0.02412749211794776,0.01608022650697032,0.008531827756670118,0.0006231171877018961,0.0002589713035943053,100.0,0.0,62.65,2.7436289836637897,1.1,0.3,4.25,0.5361902647381804,0
161,0.9290835924549359,0.01891589372326371,0.01618806005860971,0.008287180948929615,0.0006355337500039771,0.00022304694092986684,100.0,0.0,62.95,3.694252292413175,1.1,0.3,4.15,0.5722761571129799,0
162,0.9332062116315554,0.017344728390107953,0.015401054852408395,0.007826765083490112,0.0006044867270773612,0.00021875735352543306,100.0,0.0,63.9,3.6318039594669758,1.15,0.3570714214271425,4.1,0.7000000000000001,0
163,0.935251365912318,0.01604079911928575,0.01621685142797377,0.007287565191549431,0.0005671938769695484,0.0001763896409820703,100.0,0.0,61.95,3.800986713999406,1.15,0.3570714214271425,4.2,0.6,0
164,0.9373349958182053,0.020279042384010043,0.015891188522732812,0.007543672201762369,0.0005501524561182991,0.00019895676592181523,100.0,0.0,64.05,3.1220986531498327,1.05,0.2179449471770337,4.2,0.7483314773547883,0
165,0.9390220204481597,0.01542018246050645,0.014927350718626905,0.007446449579961039,0.0005408897531574299,0.00017917868086519557,100.0,0.0,63.05,2.692118125194361,1.1,0.3,4.3,0.6403124237432849,0
166,0.9384697885590262,0.016593588351467466,0.014043256613613808,0.007784922495146745,0.0005637202342865797,0.00018427658884611465,100.0,0.0,63.1,2.8442925306655784,1.025,0.10897247358851683,3.95,0.6689544080129826,0
167,0.9402737618688579,0.021179938513367625,0.01344611772181888,0.008606341434496484,0.0005319469272945458,0.0001785744914956425,100.0,0.0,63.65,2.6129485260907837,1.05,0.21794494717703372,4.45,0.7399324293474372,0
168,0.9438503727809977,0.019918155302891018,0.013083867089061466,0.007215343013301481,0.0004986155831535417,0.00020031121364649123,100.0,0.0,62.05,3.232259271778797,1.125,0.3112474899497183,4.5,0.6708203932499369,0
169,0.945835762772195,0.021611147015354035,0.01231223984997624,0.006435182810351607,0.0004967063857871294,0.0002296554286030882,100.0,0.0,64.25,2.1418449990603894,1.0,0.0,4.05,0.5894913061275798,0
170,0.9470583587552488,0.019976944769712738,0.012013791680841938,0.00661988610586673,0.0004851054952180795,0.00021744829359589556,100.0,0.0,63.85,3.5954832776693593,1.025,0.10897247358851683,4.1,0.7000000000000001,0
171,0.945858208100316,0.016596928118701167,0.01205912991791,0.006607434348575181,0.0004995665474384085,0.0001821342069574499,100.0,0.0,66.3,2.98496231131986,1.0,0.0,4.15,0.7262919523166976,0
172,0.9480136443358059,0.015906632300346633,0.012875660325877924,0.006847873973176486,0.00045908631070295456,0.00016336973089248457,100.0,0.0,63.15,2.8857408061016154,1.05,0.21794494717703367,4.3,0.714142842854285,0
173,0.9491017094314197,0.01890882141804001,0.013583049415173114,0.006727026299201395,0.0004414852105440992,0.00017850462262883508,100.0,0.0,63.0,2.949576240750525,1.1,0.3,4.15,0.7262919523166975,0
174,0.9467324377251165,0.017632929591272058,0.012981867674906009,0.005457869171815977,0.0004945931692671368,0.00019520498711385063,100.0,0.0,62.95,1.9615045245933032,1.125,0.3112474899497183,4.0,0.5477225575051661,0
175,0.9490051425019038,0.017491763412547583,0.012963585178406307,0.00510677503462301,0.000468354685456282,0.00019120812014141228,100.0,0.0,63.75,3.3893214660164652,1.1,0.3,4.15,0.7921489758877431,0
176,0.9449643491916797,0.017573025938041657,0.013300067000929425,0.00535358138158738,0.0005100694808334633,0.00020480989047805655,100.0,0.0,63.15,3.4245437652335533,1.05,0.21794494717703372,4.7,0.9539392014169457,0
177,0.9402869542810512,0.018996129939521916,0.012645667889628778,0.006701929402554804,0.0005653592062762617,0.0002174875268943975,100.0,0.0,62.4,3.9799497484264803,1.2,0.4,4.35,0.7921489758877431,0
178,0.9394387859225697,0.023173900172098576,0.013453277166992203,0.00687034711473507,0.0005596275742465426,0.0002874276409630548,100.0,0.0,62.55,2.558808316384797,1.1,0.3,4.0,0.7745966692414834,0
179,0.9358379235221239,0.022448879855361828,0.013753690538319843,0.006450232114768355,0.0005959290140625949,0.0002791022136645954,100.0,0.0,63.85,3.0540956108150903,1.025,0.10897247358851683,4.15,0.7262919523166976,0
180,0.9360874425760984,0.022350468031611306,0.013835551391724233,0.0072968024911575086,0.0005866125387977707,0.00025631299868221865,100.0,0.0,62.65,3.395217224272992,1.125,0.3112474899497183,4.25,0.7664854858377946,0
181,0.9368320177761233,0.027263728334572353,0.01454482725824913,0.007048675238626969,0.0005697454394494272,0.00029323309650016344,100.0,0.0,63.3,2.666458325194677,1.1,0.3,4.05,0.5894913061275797,0
182,0.9383230842706617,0.023622439760954517,0.013163915563900239,0.006176173907465155,0.0005737383937128313,0.00023183247904432825,100.0,0.0,63.3,2.7766886753829643,1.0,0.0,4.3,0.7810249675906654,0
183,0.9395328882621768,0.024352109952382323,0.012651520165457387,0.004954943710303385,0.0005847952576667036,0.00025939588744223243,100.0,0.0,63.0,3.3763886032268267,1.075,0.23848480035423641,4.3,0.7810249675906654,0
184,0.9358663318550509,0.022558500713764588,0.014099163769276533,0.007333912667288887,0.0005902469059431147,0.00022797087357131425,100.0,0.0,63.65,2.5548972582082436,1.075,0.17853571071357124,3.8,0.6,0
185,0.9363818516532809,0.025386696201132472,0.014256281292482489,0.0070383606730399905,0.0005831505080706646,0.0002672531809703485,100.0,0.0,63.75,3.4478254016118624,1.0,0.0,4.15,0.6538348415311009,0
186,0.9367988997381334,0.018087288851186756,0.014708682009190937,0.007313464477248324,0.0005728821544583436,0.0001630632317735127,100.0,0.0,62.95,2.9236107812087435,1.05,0.2179449471770337,4.1,0.7000000000000001,0
187,0.9406425983002089,0.02210691613004512,0.01494341566443939,0.006341728898998439,0.0005168917090081543,0.000194044801579429,100.0,0.0,63.4,2.3958297101421877,1.05,0.21794494717703372,4.2,0.7483314773547883,0
188,0.9378148358049803,0.024746074297775807,0.01419934394413221,0.007228232215064623,0.0005538663152455171,0.00022048382859027506,100.0,0.0,63.15,2.104162541250081,1.0,0.0,4.05,0.5894913061275797,0
189,0.9376414669386568,0.021521163482298013,0.013554321420760417,0.006994469849972094,0.0005699695552066916,0.00019064169105343894,100.0,0.0,64.3,3.303028912982749,1.1,0.3,3.8,0.6782329983125268,0
190,0.936548489402373,0.02505692721045932,0.014031328273977437,0.006946104368006893,0.0005823449366048588,0.0002461706399526101,100.0,0.0,62.55,3.4128433893163046,1.1,0.3,4.05,0.49749371855331004,0
191,0.9324137138496204,0.02374752244128755,0.014395968520468691,0.00685349404584874,0.0006327768721659195,0.0002160701076775202,100.0,0.0,64.15,4.269367634673781,1.1,0.3,4.1,0.7,0
192,0.9304033453706634,0.028206028696872977,0.014518561337322369,0.006517118494491493,0.0006539525463223763,0.0002860287182220016,100.0,0.0,64.3,3.661966684720111,1.1,0.3,4.05,0.6689544080129826,0
193,0.9310513220648293,0.031339615108510105,0.014237341645058247,0.0061992606473297756,0.0006496317796191896,0.00034888286080660987,100.0,0.0,62.15,3.1823733281939126,1.05,0.21794494717703372,4.4,0.8,0
194,0.9357392527871887,0.026319116254052612,0.014241677468827946,0.0074277721410949404,0.000583256899457738,0.0002492812739465284,100.0,0.0,63.9,3.014962686336267,1.025,0.10897247358851683,3.9,0.7681145747868608,0
195,0.9356702688358295,0.02386824509073671,0.015403639776809641,0.008999774961434137,0.0005573339918857497,0.0002298807555398657,100.0,0.0,63.25,3.686122624113311,1.1,0.3,4.15,0.852936105461599,0
196,0.9401230606386914,0.02080594672626359,0.0154986969658054,0.008885175352722988,0.0004938286061147825,0.00017994313142687628,100.0,0.0,63.45,2.991237202229205,1.0,0.0,4.55,0.8645808232895291,0
197,0.9389895782613902,0.02019639210808074,0.016927973322798853,0.007920425329468208,0.0004926149064758209,0.00019272509583541722,100.0,0.0,63.85,3.2752862470324637,1.0,0.0,4.3,1.0049875621120892,0
198,0.9380041987915216,0.01952453565273225,0.016485372834391478,0.007996294844859447,0.0005111923249482414,0.00016537377489894456,100.0,0.0,63.2,2.5612496949731396,1.075,0.23848480035423641,4.15,0.9096702699330127,0
199,0.933941532578584,0.02034062438726174,0.018571408375705156,0.008011909564176623,0.0005280601953496372,0.00017472624391176242,100.0,0.0,63.65,3.1823733281939126,1.0,0.0,4.4,0.7348469228349535,0
200,0.9332516545803775,0.01852069060404622,0.01678676241707213,0.007862193006331607,0.0005737126394858181,0.00022077550821758007,100.0,0.0,63.4,2.7640549922170505,1.05,0.21794494717703372,4.2,0.7483314773547883,0
201,0.9344661698959031,0.020639616289258575,0.01699216924427384,0.007421916717733657,0.0005587224869118738,0.00020040573124519912,100.0,0.0,63.05,2.2907422377910613,1.075,0.23848480035423641,4.15,0.5722761571129799,0
202,0.9340672386649029,0.021233442061976655,0.016711008946577,0.006107570907971445,0.0005843899810630447,0.00023291288271631586,100.0,0.0,62.6,3.6523964735499352,1.15,0.3570714214271425,4.35,0.5722761571129799,0
203,0.9383983778192004,0.022195285594781358,0.016399278320615197,0.006688379880007811,0.0005310217217165771,0.00020103402885285503,100.0,0.0,64.15,3.259984662540608,1.05,0.21794494717703372,4.05,0.739932429347437,0
204,0.9413443452991832,0.0220461397888237,0.016107785526837684,0.006196269790004872,0.0004921145866076631,0.00018950062991150888,100.0,0.0,63.6,3.1368774282716245,1.1,0.3,4.45,0.8046738469715541,0
205,0.9411707703797305,0.023845979341114543,0.015692260603517184,0.0064088639681277775,0.000498688478548894,0.00022549146957181231,100.0,0.0,64.95,3.4565155865408737,1.05,0.15,4.15,0.3570714214271425,0
206,0.9417556816870907,0.02459860292634214,0.013910595778632417,0.006232983247059012,0.0005209664734768876,0.000275211100562803,100.0,0.0,62.9,2.808914381037628,1.05,0.21794494717703372,4.35,0.963068014212911,0
207,0.9415771043235038,0.023314884682820152,0.013626045583988356,0.0065378945976654265,0.000527516464837455,0.0002605550301343005,100.0,0.0,63.3,2.471841418861655,1.0,0.0,4.25,0.4330127018922193,0
208,0.9402608912040036,0.025217923804178824,0.01465397239566578,0.006051198772866692,0.000543693242221775,0.00029642790127553894,100.0,0.0,62.65,2.669737814842499,1.1,0.3,4.35,0.653834841531101,0
209,0.9439281300113758,0.022698280118501623,0.01344622539114249,0.0054616906720498315,0.0005089891892002075,0.0002583987603851563,100.0,0.0,62.5,2.1330729007701543,1.075,0.23848480035423641,4.05,0.6689544080129826,0
210,0.9415378045414757,0.02406621407948952,0.012839100216731607,0.006148998686238871,0.0005351491011964413,0.00025591528312688316,100.0,0.0,62.6,2.1071307505705477,1.125,0.3112474899497183,4.4,0.58309518948453,0
211,0.9411907960766369,0.0220288534019003,0.014089489970644218,0.006803244315019011,0.0005197592106123913,0.00022493681828390566,100.0,0.0,63.6,2.5377155080899043,1.0,0.0,4.05,0.9733961166965892,0
212,0.9401964023059263,0.021187464822156575,0.013322081262606375,0.00592695524079927,0.0005519696032438763,0.00021806079454889953,100.0,0.0,63.95,2.3339880033967613,1.0,0.0,4.0,0.6324555320336759,0
213,0.9372884284769208,0.02477294834208814,0.01297644456074749,0.006968458682783011,0.0005947730713875171,0.0002892464379436764,100.0,0.0,63.5,3.057776970284131,1.025,0.10897247358851683,4.35,0.8529361054615991,0
214,0.9356046221091529,0.024733232534030935,0.012607292258360853,0.005938957192279317,0.0006150650340563419,0.00027440370972955697,100.0,0.0,62.9,1.8411952639521971,1.025,0.10897247358851683,4.2,0.812403840463596,0
215,0.9349734649500114,0.02427729499349143,0.012692300315357377,0.005993167635718485,0.0006196006553747604,0.0002625978817406023,100.0,0.0,63.65,3.6093628246547893,1.0,0.0,4.1,0.5385164807134504,0
216,0.9362505653047923,0.02398297271622431,0.013047138985181525,0.005688918246940167,0.0006026418397174942,0.0002514553484503756,100.0,0.0,62.75,3.476708213238494,1.05,0.21794494717703372,4.75,0.8874119674649424,0
217,0.9352005977994912,0.021514924457031768,0.013405608032710417,0.0062702808726964685,0.0006243459931922268,0.00023191154881648356,100.0,0.0,62.55,2.5975950415721085,1.0,0.0,4.35,0.653834841531101,0
218,0.939601349613179,0.01886333426324291,0.013175584011084929,0.004577646664227235,0.0005767805985062377,0.0002361814521746051,100.0,0.0,63.0,3.40587727318528,1.075,0.23848480035423641,4.25,0.6224949798994366,0
219,0.9382505746750232,0.017502626120147833,0.012824006977591337,0.005269621248652364,0.0006036420693007836,0.00021872821572014437,100.0,0.0,63.0,3.924283374069717,1.1,0.3,4.05,0.9733961166965893,0
220,0.9424193011024888,0.01494825628553096,0.012163729445281804,0.00572296763678593,0.0005463092345428494,0.00019663015136498304,100.0,0.0,64.2,2.420743687382041,1.0,0.0,4.45,0.8645808232895292,0
221,0.9461566780984869,0.012325738830973902,0.013328965356878344,0.005309519315576041,0.00048161046131627055,0.00015300632834917334,100.0,0.0,62.85,2.7977669667075564,1.075,0.23848480035423641,4.05,0.6689544080129826,0
222,0.9461610804202559,0.015524249312040182,0.012817627840009227,0.005171678289333562,0.0004957194967636239,0.00019766668414570684,100.0,0.0,63.2,3.9949968710876362,1.15,0.3570714214271425,4.2,0.9273618495495703,0
223,0.9436935447606019,0.015624553897208947,0.013685758385454447,0.005208273531662812,0.0005122070756995219,0.00020046397891934671,100.0,0.0,63.85,3.2752862470324637,1.1,0.3,4.45,0.7399324293474372,0
224,0.9465752064050912,0.012832942424566798,0.013720656456461842,0.005541463784578269,0.0004674216691141423,0.00016267098353827506,100.0,0.0,62.95,3.412843389316304,1.05,0.21794494717703372,4.0,0.7071067811865476,0
225,0.946762549806162,0.010841439900094701,0.014197531627289536,0.006049180951318164,0.00045617149793028826,0.00012495864079598663,100.0,0.0,64.2,2.694438717061496,1.025,0.10897247358851683,4.1,0.6244997998398398,0
226,0.9444728299947809,0.016503394965787604,0.013336884127488976,0.006775262711875117,0.0004961575939746091,0.0001960900508012528,100.0,0.0,63.35,3.6779749863205975,1.25,0.4330127018922193,4.3,0.7810249675906654,0
227,0.9427479009062028,0.01739220741021781,0.012756270352244503,0.0063347899514362175,0.0005268738714327802,0.00021470768077778136,100.0,0.0,64.15,3.409912022325503,1.075,0.23848480035423641,4.2,0.9273618495495703,0
228,0.9419956839624438,0.016887967637039654,0.012026538595949782,0.005820492289337508,0.0005488448189843264,0.0001895681801808424,100.0,0.0,64.65,3.15079355083763,1.1,0.3,4.3,0.9,0
229,0.9405132813390737,0.02020637948518635,0.01127738594225663,0.006601544338615636,0.0005739173189536794,0.00023509655424527295,100.0,0.0,64.15,3.539420856580918,1.075,0.23848480035423641,3.85,0.653834841531101,0
230,0.9391241634622778,0.01642406441545858,0.01071748896328906,0.007142895468776805,0.0005914326394044822,0.0001410768443853281,100.0,0.0,62.75,2.56661255354212,1.1,0.3,4.2,0.6,0
231,0.9425699491120199,0.020018185938392375,0.011071845878074055,0.0057446502340805046,0.000555372368436416,0.00020502611632245693,100.0,0.0,62.2,3.0757112998459393,1.075,0.23848480035423641,4.5,0.7416198487095663,0
232,0.9425019947957722,0.024603158239297165,0.01111913914903049,0.006062030854719438,0.0005601116206967385,0.0002895185278576601,100.0,0.0,63.65,3.320767983464066,1.05,0.21794494717703372,4.25,0.82915619758885,0
233,0.9418562188998012,0.024504316141923433,0.011657682744047968,0.00560152689172393,0.0005567858725282019,0.0002858532908264816,100.0,0.0,63.7,2.968164415931166,1.125,0.3112474899497183,4.1,0.7,0
234,0.9449556198215865,0.02545333849315843,0.010814155065015898,0.005626125116646152,0.0005342799819902587,0.00031389288976045533,100.0,0.0,63.8,3.2341923257592455,1.0,0.0,4.4,0.7348469228349535,0
235,0.9431605280285751,0.021550340039568256,0.010410956228210862,0.00612920042834107,0.0005531933957874946,0.0002508355884219803,100.0,0.0,63.05,3.2476914878109957,1.15,0.3570714214271425,4.2,0.6782329983125268,0
236,0.9387093370931285,0.02075486513095935,0.011759487913611625,0.006577001079777188,0.0005971793326413642,0.0002451561891081358,100.0,0.0,63.45,3.368605052540295,1.0,0.0,4.25,0.8874119674649424,0
237,0.942762094907074,0.02149214448045516,0.011421875864182867,0.006751726527769935,0.0005443225459910461,0.0002620746051394449,100.0,0.0,62.2,2.5612496949731396,1.05,0.21794494717703372,4.0,0.6324555320336759,0
238,0.9418444426408087,0.019441310294178435,0.011089065132548996,0.0064851111880629714,0.000549971519462737,0.00022002451065656367,100.0,0.0,63.7,2.666458325194677,1.05,0.21794494717703372,4.15,0.5722761571129799,0
239,0.9413892030428881,0.017977240827638224,0.011477020996949312,0.006706282913468188,0.0005454805136573479,0.0001939224248670642,100.0,0.0,63.65,2.535251466817444,1.0,0.0,4.1,0.6244997998398398,0
240,0.9388759641430753,0.02140005793361735,0.0123753947741264,0.006747645736813189,0.0005737165121454965,0.00024826637319930016,100.0,0.0,63.75,3.0639027399707057,1.05,0.21794494717703372,4.15,0.7262919523166976,0
241,0.9384377194997494,0.02187212695348904,0.012406988009787854,0.006277202599344304,0.0005776591291093845,0.00023175668764007152,100.0,0.0,62.75,2.680951323690902,1.125,0.3112474899497183,4.25,0.6224949798994366,0
242,0.9411453980681754,0.022024401703818745,0.01185504022570318,0.007077193776322821,0.000547890700354952,0.00020708428277156122,100.0,0.0,64.1,2.913760456866693,1.0,0.0,4.45,0.8046738469715541,0
243,0.9357614834836244,0.02567356352634125,0.01218804571186673,0.005570886564905203,0.0006173427596844677,0.00028557206860300896,100.0,0.0,62.35,3.1823733281939126,1.05,0.21794494717703372,4.65,0.7921489758877431,0
244,0.9337511001554617,0.02496803014756493,0.011326749426313308,0.00541203129100663,0.0006624540169251932,0.00028483630530225175,100.0,0.0,63.8,2.580697580112788,1.05,0.21794494717703372,3.9,0.6244997998398398,0
245,0.9341781720921144,0.023215470312412466,0.010109358538681055,0.006139893222854811,0.0006690287585894646,0.0002752973844635551,100.0,0.0,62.9,2.964793416074719,1.075,0.23848480035423641,4.3,0.8426149773176358,0
246,0.9374225782810013,0.023717896280678087,0.010595798518510195,0.006409176958966416,0.0006222598080054148,0.0002856484271781326,100.0,0.0,62.7,2.8301943396169813,1.1,0.3,4.35,0.9630680142129111,0
247,0.9377066855778287,0.02428745495829238,0.01202462810309916,0.006615172658626078,0.0005932248906857246,0.00027808238148267826,100.0,0.0,62.55,3.353729267546801,1.05,0.2179449471770337,4.15,0.6538348415311009,0
248,0.9376794612590157,0.02194822282226185,0.012494305362076168,0.006458117888158639,0.0005889013149690802,0.00025211703325103197,100.0,0.0,63.15,2.3932195887548637,1.05,0.21794494717703372,4.25,0.7664854858377946,0
249,0.9345409099749121,0.022082807815612265,0.012064446466711669,0.0063675368556915515,0.0006524154435493736,0.0002597384369122167,100.0,0.0,63.65,2.885740806101615,1.075,0.23848480035423641,4.05,0.804673846971554,0
250,0.9374263480486045,0.02246513680609246,0.012776911790803858,0.005897845780513475,0.0006255788515804713,0.00026473505371600364,100.0,0.0,63.0,1.8439088914585775,1.025,0.10897247358851683,4.35,0.7262919523166975,0
251,0.9388897637184579,0.01977053100628389,0.012523746895935767,0.005133677887582691,0.0005899025384862193,0.00021738341184806187,100.0,0.0,63.3,2.7766886753829643,1.05,0.2179449471770337,4.05,0.49749371855331004,0
252,0.9399397783826429,0.019377106719018235,0.012155953622940354,0.005385297556574722,0.0005819268129525186,0.00020385314123431517,100.0,0.0,63.6,3.2924155266308657,1.05,0.21794494717703372,4.35,0.7262919523166976,0
253,0.9420111076838543,0.020373685262251678,0.012254171922775666,0.004876237580052601,0.0005598898792381441,0.00022845182795616143,100.0,0.0,63.7,3.2572994949804666,1.075,0.23848480035423641,4.35,0.7262919523166976,0
254,0.9380236378346278,0.02436755139506139,0.01221219380295869,0.0059763103449659944,0.0005942290714255717,0.00027030049627985235,100.0,0.0,63.15,2.632014437650371,1.025,0.10897247358851683,4.45,0.6689544080129827,0
255,0.9438562396322789,0.022821848547631605,0.011255411907714723,0.006043074228345097,0.000536126235236818,0.00025881198728290805,100.0,0.0,64.7,3.241913015489466,1.025,0.10897247358851683,4.1,0.6244997998398398,0
256,0.9422675396629799,0.026611088457710392,0.012031750188210285,0.005714243187988537,0.0005459965411204944,0.00030834695385573727,100.0,0.0,63.15,3.0376800358168077,1.0,0.0,4.15,0.6538348415311012,0
257,0.9397396647072869,0.027744533370708976,0.01285242613535669,0.005578587730160264,0.0005764880659519645,0.0003356135509556236,100.0,0.0,62.8,3.370459909270543,1.1,0.2549509756796392,4.2,0.6782329983125269,0
258,0.9406378082122077,0.025259013733456674,0.01236635162931828,0.005743824738143029,0.0005737273500739197,0.00028330233473817693,100.0,0.0,63.95,2.558808316384797,1.0,0.0,4.15,0.6538348415311009,0
259,0.9414138885630992,0.029294516833984,0.011938381423671908,0.005756303954356171,0.0005742528677338701,0.0003370172571274795,100.0,0.0,63.3,2.491987158875423,1.05,0.21794494717703372,3.95,0.5894913061275798,0
260,0.9413252623746888,0.025738926689216155,0.012445131734447192,0.006449199955915338,0.0005478768416949116,0.00025207448466355194,100.0,0.0,62.95,2.8892040426387333,1.0,0.0,4.45,0.8645808232895292,0
261,0.9402430250617702,0.026666253170432037,0.012553499347179139,0.0064134807236775485,0.0005548300178617202,0.00027393901692192123,100.0,0.0,62.15,3.0540956108150903,1.05,0.15,4.2,0.8717797887081347,0
262,0.9421524564680885,0.026617541328673677,0.012676545688722615,0.007143632983373883,0.0005238476044089917,0.0002400130373557924,100.0,0.0,62.25,4.345975149491768,1.15,0.3570714214271425,4.1,0.7,0
263,0.9390433604761578,0.02615112078251534,0.012553546448773137,0.007186141591491176,0.0005683788102749564,0.00024060472288731674,100.0,0.0,63.75,2.7363296585024255,1.025,0.10897247358851683,3.95,0.6689544080129826,0
264,0.9392601116501675,0.029535072963367496,0.012647495343925882,0.00608750101191619,0.0005752725514994231,0.000295835810240782,100.0,0.0,62.0,3.271085446759225,1.05,0.21794494717703372,4.3,1.004987562112089,0
265,0.9422776316130772,0.025794447541747003,0.012892441984422664,0.0063447302136285045,0.0005294183146146254,0.00026816301336053916,100.0,0.0,63.2,2.7495454169735036,1.15,0.3570714214271425,4.35,1.0136567466356645,0
266,0.9439878010182969,0.02231251413184603,0.011964178529368272,0.006216340926507415,0.0005225851776493233,0.00023763793390271264,100.0,0.0,63.9,3.3451457367355464,1.025,0.10897247358851683,4.25,0.9937303457175896,0
267,0.9427013562423697,0.022063811706750657,0.012648394037637595,0.005638866364970263,0.0005334245062849271,0.00024053535514327048,100.0,0.0,64.25,2.6052830940226053,1.0,0.0,4.35,0.653834841531101,0
268,0.9414020842654498,0.025408490447915776,0.012712016737008234,0.005573403932806176,0.0005478476368627218,0.00027335342634518956,100.0,0.0,63.7,3.551056180912941,1.05,0.21794494717703372,4.15,0.4769696007084728,0
269,0.9428455969477595,0.023261202122315184,0.012012153429449305,0.005741670456024759,0.0005476977596926247,0.00027353627436488043,100.0,0.0,63.95,2.4181604578687494,1.1,0.3,4.1,0.5385164807134504,0
270,0.9424025905322146,0.026148268083423038,0.012754095537573049,0.006734394637938184,0.0005355927179442503,0.00025815069216733827,100.0,0.0,63.35,2.4550967394381837,1.05,0.21794494717703372,4.4,0.8602325267042626,0
271,0.9415326288234545,0.02747806727298614,0.012467776392456347,0.0051000272259591455,0.0005593984542491723,0.00030507820755810164,100.0,0.0,64.4,3.4263683398023628,1.05,0.15,3.95,0.5894913061275798,0
272,0.9377100538683851,0.03478415749785046,0.012794725531647445,0.005711128858724703,0.0005993635922070258,0.000377963108591215,100.0,0.0,63.8,3.558089374931439,1.075,0.23848480035423641,4.35,0.6538348415311012,0
273,0.9391558876465768,0.03360129024829286,0.012770329267776109,0.006583434690248387,0.0005819580935640896,0.0003556165077574325,100.0,0.0,64.4,2.5573423705088847,1.0,0.0,4.05,0.3840572873934304,0
274,0.9375316890470398,0.03089589067597283,0.013612648721718463,0.006018460184909698,0.0005974751784880388,0.00031359100295714354,100.0,0.0,63.15,2.4753787588973126,1.05,0.21794494717703372,4.4,0.9165151389911681,0
275,0.9396144047340684,0.026843197032112662,0.013326260020003316,0.00653743652505024,0.0005661751687549572,0.00030238775236871165,100.0,0.0,62.25,2.680951323690902,1.075,0.23848480035423641,4.25,0.698212002188447,0
276,0.9359761488776787,0.02521005054825113,0.014018081811551711,0.006565180275573565,0.000605030130964992,0.0003102979952109653,100.0,0.0,62.45,2.4591665254715873,1.1,0.2549509756796392,4.45,0.9205976319760986,0
277,0.9371645838960102,0.026001576129784827,0.013854131361358435,0.006212785050682183,0.0005907624397140331,0.00031583829532298713,100.0,0.0,64.1,3.0149626863362666,1.0,0.0,4.0,0.4472135954999579,0
278,0.9374972488554189,0.027446940403151158,0.014097255198407618,0.006100391629076941,0.0005815461447804655,0.00032057828803382213,100.0,0.0,64.75,3.533765696816924,1.05,0.21794494717703372,4.0,0.7071067811865476,0
279,0.9408697745186156,0.025567530115037523,0.014028403023148714,0.006109830545461551,0.0005331290070782752,0.0002725225831091207,100.0,0.0,62.95,2.9406631905065224,1.125,0.3112474899497183,4.0,0.6324555320336759,0
280,0.9410689153523049,0.024127604676318914,0.012833066372578783,0.006215610609884034,0.0005535701176207733,0.00026498535722788494,100.0,0.0,63.65,2.7436289836637897,1.05,0.21794494717703372,4.15,0.6538348415311012,0
281,0.9407580454481878,0.026560467464100984,0.013351094572971447,0.0063198825703096465,0.0005637783331720725,0.00028106267372305906,100.0,0.0,63.7,2.6476404589747453,1.05,0.21794494717703372,4.25,0.7664854858377946,0
282,0.9400178042683466,0.024722225152136013,0.014512791768061056,0.005469346064278146,0.0005525926523344505,0.00028411489353018303,100.0,0.0,63.35,3.1980462785894765,1.025,0.10897247358851683,4.25,0.698212002188447,0
283,0.9415487332803048,0.02120665276924463,0.013069054332150429,0.005321682522712645,0.0005514220865167378,0.0002329585869356932,100.0,0.0,62.4,2.7820855486487113,1.025,0.10897247358851683,4.15,0.3570714214271425,0
284,0.9375877195590288,0.021818855838129664,0.013349895075036092,0.006490201413838635,0.0005854339089502584,0.0002567105423915789,100.0,0.0,63.1,4.253234063627348,1.15,0.32015621187164245,4.05,0.6689544080129826,0
285,0.9369374130486241,0.022700266546961414,0.01353747081014622,0.00732393291407173,0.0005788063424981175,0.00024386278649429937,100.0,0.0,64.3,2.7766886753829643,1.05,0.21794494717703367,4.2,0.6782329983125268,0
286,0.934180149736431,0.024555154822433672,0.01561996833667097,0.008087716449947687,0.0005812535756949636,0.0002168349959674434,100.0,0.0,62.6,2.764054992217051,1.125,0.3112474899497183,4.25,1.0428326807307104,0
287,0.9395517500751616,0.02400580790540584,0.014816170569351066,0.006999831475785362,0.0005362317219476785,0.0002128148116588704,100.0,0.0,62.4,3.583294573433783,1.1,0.2549509756796392,4.1,0.7681145747868608,0
288,0.9391786846276521,0.025713225774169353,0.015095517928790025,0.0075813225127032095,0.0005341798539547258,0.00024033075912485342,100.0,0.0,62.95,1.883480820183736,1.025,0.10897247358851683,4.0,0.7745966692414834,0
289,0.9393284506209778,0.022932037959450313,0.014098010148228113,0.007568427903934605,0.0005439850824008522,0.00020346332110355922,100.0,0.0,64.0,3.2093613071762426,1.125,0.3112474899497183,4.4,0.9695359714832658,0
290,0.9414532140765104,0.018787452102804896,0.013251511142696782,0.006681589342987829,0.0005391021478412368,0.00018172540896841362,100.0,0.0,64.1,3.4770677301427417,1.1,0.3,4.0,0.6324555320336759,0
291,0.9452872381197581,0.021254048663823303,0.011544597797949138,0.0058332118178429666,0.0005207557935533605,0.000232293115896407,100.0,0.0,63.35,2.8857408061016145,1.0,0.0,4.2,0.7483314773547883,0
292,0.9483180810681864,0.025406373254498186,0.012513365192437903,0.005636879321442343,0.0004671395884295231,0.0002566688432698286,100.0,0.0,64.6,2.3748684174075834,1.05,0.2179449471770337,4.4,0.9165151389911679,0
293,0.951149457251479,0.025016333000712883,0.011924459403038733,0.007009343058511161,0.00043027755578033675,0.0002692081282903946,100.0,0.0,62.75,3.404041715373065,1.1,0.3,4.2,0.5099019513592784,0
294,0.9462479881681599,0.028589308506712364,0.012474830969462876,0.007067785658057407,0.00048756532774764757,0.00030932696204085514,100.0,0.0,63.95,2.4794152536434875,1.05,0.21794494717703372,3.9,0.5385164807134504,0
295,0.9439215314047494,0.025730956439618122,0.012989597820933035,0.007508593623896542,0.0005042868277084583,0.00027057157536964423,100.0,0.0,62.4,1.9078784028338913,1.1,0.3,4.45,0.9205976319760986,0
296,0.9420818703400787,0.025024754044735063,0.012847435008000337,0.007108862754732301,0.0005305668281128238,0.0002772086235726723,100.0,0.0,61.8,3.171750305430741,1.2,0.4,4.3,0.6403124237432849,0
297,0.9414054926568765,0.024866355441863212,0.012618171193131415,0.00681337701843969,0.0005415225272109511,0.00027187036457403655,100.0,0.0,63.45,2.765411361804967,1.075,0.23848480035423641,4.3,0.8426149773176358,0
298,0.9396373824841293,0.026057603143332476,0.012884216073736174,0.007590320470562523,0.0005503852220052418,0.00025096250947914905,100.0,0.0,65.05,2.4591665254715873,1.025,0.10897247358851683,4.0,0.5477225575051661,0
299,0.9414648963874594,0.02204106116622353,0.01252455924425194,0.0072291622011510055,0.0005346151097500162,0.00021655056314651844,100.0,0.0,63.95,3.1220986531498327,1.0,0.0,4.35,0.7262919523166976,0
300,0.9385328152892078,0.02163931973853165,0.01243365881136118,0.007117785486031132,0.00057922608618824,0.0002031576816453386,100.0,0.0,64.05,2.011839953873071,1.0,0.0,4.2,0.6782329983125269,0
301,0.9394949759922298,0.019759576423752527,0.013731571179317146,0.007556061790088283,0.0005451981636769408,0.00020031927400225265,100.0,0.0,63.0,2.4698178070456938,1.0,0.0,4.15,0.7262919523166975,0
302,0.9392612670056331,0.02312370111740621,0.014027320265322978,0.006867217941707826,0.0005438030976454739,0.00022415432150837007,100.0,0.0,62.55,2.0365411854416298,1.15,0.3570714214271425,4.6,1.019803902718557,0
303,0.9356344739348039,0.028109900482540504,0.0156995184315167,0.008014045129347197,0.0005514749990626741,0.0002492567448069703,100.0,0.0,62.05,4.06786184622831,1.175,0.36314597615834876,4.15,0.5722761571129799,0
304,0.9352887651830759,0.025124116532122563,0.016149609645277785,0.008027921588016868,0.0005484650434679919,0.00020871861660121672,100.0,0.0,65.0,3.082207001484488,1.0,0.0,4.0,0.9486832980505138,0
305,0.9375268764227546,0.022031078456088433,0.01604038094336007,0.007935238202253208,0.0005206560035252549,0.00017639564291924335,100.0,0.0,64.5,2.0371548787463363,1.05,0.21794494717703372,4.05,0.4974937185533099,0
306,0.9365700671442759,0.0204096722537417,0.01573557874660454,0.007988262937516824,0.0005550699743837857,0.00015045659561911353,100.0,0.0,64.4,2.6532998322843193,1.0,0.0,4.3,0.714142842854285,0
307,0.9378172263312752,0.025302617305727935,0.016785532680060188,0.008333003806309474,0.000512049152450716,0.00019580311026918995,100.0,0.0,62.75,2.7363296585024255,1.05,0.2179449471770337,4.2,0.6,0
308,0.9364326249218337,0.024468539491641704,0.017424557100994165,0.00795732296488746,0.0005212623098787981,0.00019478004680018138,100.0,0.0,62.9,3.1606961258558215,1.025,0.10897247358851683,4.2,0.7483314773547883,0
309,0.9344106329153078,0.025385191667822004,0.01714667801303784,0.00792367629264749,0.0005583978140343228,0.0002540946234107675,100.0,0.0,62.3,2.882707061079915,1.05,0.21794494717703372,4.75,0.82915619758885,0
310,0.9369143355000311,0.026437478074420716,0.015617852777175232,0.008728769235339438,0.0005430173560986607,0.00025090051815160184,100.0,0.0,64.2,3.385262175962151,1.0,0.0,4.1,0.6244997998398398,0
311,0.9342814004072615,0.025503824529911397,0.01582908484262639,0.0073297540750315825,0.0005818006314705652,0.00026744019344850675,100.0,0.0,64.45,2.15580611373101,1.0,0.0,4.1,0.6244997998398398,0
312,0.935094809646776,0.02174287796252159,0.014799155186972921,0.0077192732539862734,0.0005851477412348524,0.000255091355228887,100.0,0.0,63.8,3.325657829663178,1.0,0.0,4.15,0.8529361054615991,0
313,0.9384738081870717,0.02202775732433294,0.014945319271115134,0.008471303363197787,0.0005387855294006893,0.00024275276708196988,100.0,0.0,63.7,2.5317977802344327,1.075,0.23848480035423641,4.35,0.7262919523166976,0
314,0.9393729440833309,0.02440424108600193,0.01413894944872023,0.00858936324553097,0.0005414006611652459,0.00023870200115915508,100.0,0.0,63.15,3.9531632903283924,1.15,0.3570714214271425,4.2,0.812403840463596,0
315,0.9410012197859251,0.023202533683826985,0.014631212472017405,0.00784806937111266,0.0005153548879821237,0.00022377842686856862,100.0,0.0,63.15,2.286372673034735,1.075,0.23848480035423641,4.1,0.6244997998398398,0
316,0.9409381796853704,0.02412462475025682,0.014630861346945592,0.007313781703056892,0.0005205966128038643,0.00020132752123833277,100.0,0.0,63.55,2.8892040426387338,1.0,0.0,4.25,0.698212002188447,0
317,0.9398705364210981,0.022270948796172096,0.015004765035030848,0.006338320085258342,0.0005334575416468888,0.0001852330456941909,100.0,0.0,63.1,2.9137604568666933,1.025,0.10897247358851683,4.4,0.9165151389911679,0
318,0.9374225071415992,0.0199863602631921,0.015255051957233317,0.006498006926079217,0.0005575444813477098,0.00016065615465356837,100.0,0.0,63.75,2.878801834096956,1.0,0.0,4.35,0.5722761571129799,0
319,0.9386950811162975,0.021592982485270557,0.015348003262269788,0.006017082916597848,0.0005485011808996131,0.0001891088370613517,100.0,0.0,63.15,2.5548972582082436,1.05,0.2179449471770337,4.3,0.6403124237432849,0
320,0.9390887310188134,0.020986846508223272,0.014822869326261793,0.0063522979222151365,0.0005399885834008705,0.00017435154643430587,100.0,0.0,62.9,2.2781571499789037,1.025,0.10897247358851683,4.45,0.9733961166965891,0
321,0.9352882885121723,0.018976394205799267,0.01593307981544919,0.006700500163362593,0.0005658917592004297,0.00015218337611253938,100.0,0.0,63.05,3.1220986531498327,1.125,0.3112474899497183,4.1,0.7,0
322,0.9374157113757523,0.023668406448546148,0.015592669975373022,0.0076340659358240005,0.0005391227099973682,0.00019866353610104715,100.0,0.0,62.55,2.3973944189473704,1.05,0.21794494717703372,4.65,0.653834841531101,0
323,0.9378626290526257,0.02590481931061823,0.01595102209969091,0.0070401367945175704,0.0005408817833284427,0.00023740248920423566,100.0,0.0,63.7,2.3895606290697042,1.075,0.23848480035423641,4.3,0.6403124237432849,0
324,0.9383886356249125,0.026297676744656603,0.015712628582484647,0.007373181610117838,0.0005399157965239231,0.0002502567922487402,100.0,0.0,63.65,2.286372673034735,1.1,0.2549509756796392,4.2,0.6782329983125268,0
325,0.934897993412679,0.03041261433159758,0.014836675545726144,0.007530406601717722,0.000606029437214097,0.00029914691505317106,100.0,0.0,63.15,2.372235232855292,1.05,0.21794494717703372,4.35,0.7921489758877431,0
326,0.9357367715768345,0.02854886501116372,0.013080623138890995,0.006907220572293363,0.0006065464500635066,0.00028041996515698825,100.0,0.0,63.5,2.958039891549808,1.1,0.3,4.0,0.6324555320336759,0
327,0.9329700372153094,0.02872606846865733,0.014036619404750306,0.006730998005476657,0.0006327627715786877,0.0002879175289051673,100.0,0.0,63.55,2.836811590500857,1.0,0.0,4.0,0.7071067811865476,0
328,0.9329545167162566,0.03545006208187871,0.014872497705554424,0.008582329794492229,0.0006159053811191878,0.00036507949444230733,100.0,0.0,62.95,2.67348087705897,1.075,0.23848480035423641,4.1,0.5385164807134504,0
329,0.9318157445946209,0.03075714556774393,0.015189072553984707,0.009535637969979084,0.0006211843147834791,0.0003104268554368392,100.0,0.0,63.65,4.2340878592679205,1.15,0.3570714214271425,4.25,0.6224949798994366,0
330,0.9298315966445427,0.02652972007187493,0.014177503813927395,0.008575202894234864,0.0006516156355041833,0.00025812861545062156,100.0,0.0,63.9,2.947880594596735,1.025,0.10897247358851683,4.35,0.8529361054615991,0
331,0.9373160630131698,0.020299018483660277,0.014482746820927563,0.008159121726791662,0.0005604784328463496,0.00019140724583616283,100.0,0.0,63.45,2.801338965566288,1.1,0.3,4.35,0.5722761571129799,0
332,0.935496549350882,0.022239213139493973,0.015274409056707267,0.00818713476119248,0.0005737740283366621,0.00022278731431582343,100.0,0.0,62.8,2.6191601707417593,1.025,0.10897247358851683,4.3,0.6403124237432849,0
333,0.932553789759371,0.026222882938352475,0.014407451249115128,0.008971221134892607,0.0006147312178323847,0.00026840568986389923,100.0,0.0,63.7,2.7946377224964243,1.075,0.23848480035423641,4.3,0.8426149773176358,0
334,0.9362401256327371,0.023883980096791664,0.014293756573658533,0.009335329187441212,0.000561146061609292,0.0001798932248355275,100.0,0.0,64.1,3.6041642581880198,1.0,0.0,4.4,1.0198039027185568,0
335,0.9319186269253089,0.024263893665015374,0.015523054354769162,0.009038460043890563,0.0006048708150854733,0.00023985473806744924,100.0,0.0,62.9,3.7403208418530087,1.175,0.36314597615834876,4.3,0.45825756949558405,0
336,0.9379262161309316,0.025985817211799607,0.01512386551208642,0.010161927737517168,0.0005202784158336666,0.00024656242502814704,100.0,0.0,63.95,3.7212229172679243,1.175,0.36314597615834876,4.45,0.6689544080129827,0
337,0.9361776188847625,0.028342893831740476,0.014999600061846322,0.00971472827834191,0.0005493256861941214,0.0002859062289100118,100.0,0.0,64.6,2.9051678092667896,1.025,0.10897247358851683,4.15,0.6538348415311009,0
338,0.9340676999733365,0.026963384354944345,0.01621523555963557,0.008603270769063498,0.0005802905408548634,0.0002730270911446466,100.0,0.0,63.5,2.5199206336708304,1.0,0.0,4.2,0.6,0
339,0.936329195398683,0.022640117097557894,0.016510830124913684,0.00860683575912946,0.0005367359888385756,0.0002145514355735484,100.0,0.0,64.15,2.688401011754013,1.025,0.10897247358851683,4.1,0.6244997998398398,0
340,0.9376866325759622,0.022272256800893005,0.01610985794150152,0.009482386558542565,0.000514611331836162,0.00019084079469460917,100.0,0.0,62.75,2.8262165522125158,1.05,0.21794494717703372,4.05,0.6689544080129826,0
341,0.9387385206957589,0.024706348432828495,0.016336615030619905,0.009377270975707458,0.0005017366868862369,0.00020834617421481758,100.0,0.0,63.35,3.365635155509284,1.125,0.3112474899497183,4.25,0.7664854858377946,0
342,0.9403863424113152,0.0289536140859303,0.016578909695991195,0.009557130688469778,0.00047634732044992203,0.00023585695750667874,100.0,0.0,62.25,3.6314597615834874,1.1,0.3,4.25,0.7664854858377946,0
343,0.9413452608364148,0.029013491732804316,0.015774829197475113,0.00969035997980515,0.0004769068561582258,0.00022709135762077616,100.0,0.0,63.95,2.5782746168707478,1.025,0.10897247358851683,4.05,0.8645808232895291,0
344,0.9397941334982363,0.030206984103348742,0.015369913900035387,0.009504227732103772,0.000509475620736539,0.00027231497174144985,100.0,0.0,62.4,2.4166091947189146,1.0,0.0,4.3,0.45825756949558405,0
345,0.941636688298366,0.03025160169751121,0.01554574827954951,0.009127338157101195,0.0004843210233398975,0.00025062252762597035,100.0,0.0,63.15,3.48245602987317,1.1,0.3,4.4,0.8602325267042626,0
346,0.9438861653176648,0.028393387894657538,0.015412926371884647,0.009333014561850168,0.00044926617580303763,0.00021760750319182957,100.0,0.0,63.8,3.4727510708370675,1.15,0.3570714214271425,3.85,0.5722761571129799,0
347,0.9455004274801514,0.025948350315930662,0.016370321181074347,0.009888095129337492,0.0004090108955831946,0.00015030330523690226,100.0,0.0,64.1,3.064310689208912,1.0,0.0,4.3,0.7810249675906654,0
348,0.9416029236680613,0.02920388188574411,0.016300554445720553,0.008603733778424575,0.0004701199634808472,0.00023271588694664467,100.0,0.0,63.65,2.43464576478797,1.05,0.21794494717703372,4.05,0.5894913061275798,0
349,0.9386715030798165,0.03169047355055764,0.016126080005820227,0.008411179945418235,0.0005100091633536868,0.00030839928271291677,100.0,0.0,63.55,2.940663190506523,1.0,0.0,4.3,1.0049875621120892,0
350,0.9376379304539331,0.029386283239538326,0.016219940009867758,0.008360814319056825,0.000520228583249541,0.00026794196904899047,100.0,0.0,62.9,2.5278449319529077,1.05,0.21794494717703372,4.45,0.9205976319760986,0
351,0.9332179947591174,0.02946102057246572,0.016241170253865744,0.007284876887942988,0.0005891724142516556,0.00032848676362848305,100.0,0.0,63.1,1.9723082923316022,1.05,0.21794494717703372,4.2,0.8124038404635961,0
352,0.9374778023834736,0.026194934180775977,0.014836343321550705,0.007161170922619997,0.0005542340801387441,0.00026618314879432877,100.0,0.0,63.8,3.171750305430741,1.075,0.23848480035423641,4.55,0.6689544080129827,0
353,0.937081249405406,0.022668291028171802,0.016364251313601988,0.007126646796886596,0.0005389928086702845,0.0002523029549103105,100.0,0.0,63.9,3.047950130825634,1.025,0.10897247358851683,4.15,0.7262919523166975,0
354,0.9411039543330079,0.023602482763177224,0.016059768450259162,0.007390410751024902,0.0004913634958629284,0.00021666011554622827,100.0,0.0,63.0,2.9832867780352594,1.1,0.3,4.2,0.8124038404635961,0
355,0.9416331062503847,0.02510819382799839,0.016611181976074575,0.007482064904070792,0.0004751879854061524,0.000196983785193065,100.0,0.0,63.1,2.930870177950569,1.05,0.21794494717703372,4.5,0.8660254037844386,0
356,0.9410578742565313,0.026174958506743333,0.015633388172325586,0.0073259458814743,0.0005084460342848812,0.00021389570521850222,100.0,0.0,63.35,2.903015673398957,1.05,0.21794494717703372,4.35,0.653834841531101,0
357,0.9391871035891766,0.02575294880981032,0.015594963349069712,0.007432537947630034,0.0005366670315276945,0.00023981760148366905,100.0,0.0,63.1,2.3430749027719964,1.05,0.21794494717703372,4.3,0.5567764362830021,0
358,0.9389992297936092,0.02840679693426245,0.015238208176543625,0.007589180212304772,0.0005459778297979363,0.00025318379074535557,100.0,0.0,63.45,2.836811590500857,1.1,0.3,4.15,0.47696960070847283,0
359,0.9366755007580514,0.024346276264833253,0.016062900820417163,0.007991410765903071,0.0005489649405096276,0.00019937292166148022,100.0,0.0,62.95,2.3973944189473704,1.05,0.21794494717703372,4.1,0.6244997998398398,0
360,0.9360669869708411,0.028427452262805207,0.014842347735665154,0.008489250558685404,0.0005713172298381071,0.00025585640239166816,100.0,0.0,64.2,2.0639767440550294,1.05,0.21794494717703372,4.0,0.6324555320336759,0
361,0.9348209982282487,0.02642411177002363,0.015227103479011007,0.007909244287694874,0.0005860219547538115,0.00024957820141144495,100.0,0.0,63.7,3.716180835212409,1.15,0.3570714214271425,4.05,0.804673846971554,0
362,0.9404398356857208,0.029682326215635484,0.015058714729191926,0.007094696282250929,0.0005246619622502506,0.0002661469024645591,100.0,0.0,62.5,2.247220505424423,1.025,0.10897247358851683,4.2,0.6,0
363,0.9383105801865694,0.033297829198035804,0.014734299657659308,0.008072738376615995,0.0005525687602564182,0.00034752576389263584,100.0,0.0,62.3,3.7696153649941526,1.15,0.3570714214271425,4.05,0.5894913061275798,0
364,0.9383218786874894,0.026401809762149127,0.014511996906469492,0.007675019836054826,0.0005615854829475745,0.0002784318122882158,100.0,0.0,64.7,3.132091952673165,1.0,0.0,4.15,0.6538348415311012,0
365,0.9377509582984164,0.027104032855507124,0.015262456760196549,0.007827503677466235,0.000549764423464429,0.00025813897725671017,100.0,0.0,63.45,2.9912372022292053,1.05,0.21794494717703372,4.45,0.8645808232895291,0
366,0.931726232736998,0.030516635417659956,0.015014027796457021,0.008056593326803412,0.0006386232982429766,0.00031663803934280343,100.0,0.0,62.75,2.878801834096956,1.1,0.3,4.05,0.739932429347437,0
367,0.9329358850967646,0.035871673309186856,0.015073168220969735,0.007947123359383412,0.0006186529487633749,0.00037381397779334604,100.0,0.0,63.75,3.2384409829422554,1.075,0.23848480035423641,4.1,0.7000000000000001,0
368,0.9396266333116747,0.02935030844530456,0.014811001815688304,0.007236694578140036,0.0005346972611440644,0.00031189573436078444,100.0,0.0,63.45,3.6670833096617805,1.075,0.23848480035423641,4.2,0.7483314773547883,0
369,0.9390842701640645,0.026456213242950555,0.016118516579529736,0.006893681952730966,0.0005258101072633796,0.00029813657002566437,100.0,0.0,63.45,3.2011716605018234,1.05,0.2179449471770337,4.05,0.49749371855331004,0
370,0.9376227711634018,0.0307376686671171,0.015812427168668396,0.0073860865679434805,0.0005381451972779037,0.00030708845572273853,100.0,0.0,64.1,2.844292530665578,1.05,0.15,4.25,0.698212002188447,0
371,0.9349724467194493,0.030395524343307834,0.01661920382503899,0.007571321312727443,0.000558049329835086,0.0002871679084889813,100.0,0.0,63.85,3.1666228067138023,1.0,0.0,4.15,0.6538348415311009,0
372,0.9269893045806958,0.0303678514007279,0.018057486354284058,0.007895706672172773,0.0006313380827404296,0.0002738662733874116,100.0,0.0,63.75,1.8131464364468746,1.05,0.21794494717703372,3.95,0.5894913061275798,0
373,0.9302103773585477,0.030250837934920873,0.018850214293443635,0.008768286047597591,0.0005696462430015713,0.00026479908720013006,100.0,0.0,63.25,2.5273503912200224,1.05,0.21794494717703372,4.15,0.653834841531101,0
374,0.9358212090085039,0.025319914219044462,0.018125575295213282,0.0074086621933672206,0.000519499261792623,0.00023268658521832328,100.0,0.0,64.4,3.307567081708245,1.05,0.21794494717703372,4.0,0.5477225575051661,0
375,0.9385616092594274,0.025468759399740887,0.0180664647234108,0.007610452787815077,0.0004792376811268671,0.0002179645523070241,100.0,0.0,64.85,3.5252659474144643,1.075,0.23848480035423641,4.35,1.1947803145348521,0
376,0.9414946795378221,0.02353221885786954,0.016842138758464634,0.008153971925081174,0.0004585748656180164,0.00020012294686880502,100.0,0.0,63.8,3.2186953878862163,1.05,0.21794494717703372,4.15,0.7921489758877431,0
377,0.936205979559338,0.023737419319500047,0.017938805343969036,0.008098348140054713,0.0005117234832971323,0.0001976554111757841,100.0,0.0,62.75,3.2384409829422554,1.025,0.10897247358851683,4.3,0.7810249675906654,0
378,0.9342617596327594,0.023018899785201573,0.017105424526587906,0.00851186897251297,0.0005432695285017301,0.00018631122609771232,100.0,0.0,64.05,3.667083309661781,1.05,0.21794494717703372,4.15,0.7262919523166975,0
379,0.9365358307517309,0.02405127366509131,0.01681416783133637,0.008317777784619777,0.0005155714616606811,0.00017579350000377535,100.0,0.0,63.95,3.3834154341434335,1.075,0.23848480035423641,4.3,0.8426149773176358,0
380,0.9364709163951769,0.022697085825148323,0.015788969075797958,0.008151795495907766,0.0005433413625254779,0.00021114002484169726,100.0,0.0,63.05,2.8543825952384165,1.0,0.0,4.2,0.7483314773547882,0
381,0.9379134582722974,0.024018430679173943,0.01651151230881233,0.008372206949878185,0.0005098767083314901,0.0001954514864276258,100.0,0.0,63.4,2.6720778431774774,1.15,0.3570714214271425,4.2,0.812403840463596,0
382,0.9392879338681288,0.019757276228350534,0.016025685495744374,0.008089229099784462,0.0004972728098191192,0.00019193801586769562,100.0,0.0,62.85,2.8155816450602176,1.075,0.23848480035423641,4.25,0.82915619758885,0
383,0.9371641975213503,0.025158120554486053,0.015398050872984057,0.008482740744408667,0.0005341447743910245,0.00024186295897966512,100.0,0.0,62.0,2.792848008753788,1.05,0.21794494717703372,4.25,0.7664854858377946,0
384,0.9369528577642121,0.022668333643187447,0.016488681039963923,0.008572300313371736,0.000516267602656314,0.00023411732998209286,100.0,0.0,62.3,2.968164415931166,1.1,0.3,4.5,0.7416198487095663,0
385,0.9398441210434185,0.01913443841136093,0.016144328897502603,0.008247631847885633,0.0004910684973673648,0.00015750569565405447,100.0,0.0,64.1,3.491418050019218,1.15,0.3570714214271425,3.9,0.7681145747868608,0
386,0.9401755547749641,0.01737602403284947,0.017141756284055686,0.007512327544670163,0.0004859809231081879,0.000147403553488187,100.0,0.0,63.25,3.222964473896664,1.1,0.3,4.25,0.82915619758885,0
387,0.9416870769087371,0.015153631566564067,0.0161771511368631,0.0074342422909250494,0.0004824016032167036,0.00015609433998868124,100.0,0.0,63.95,2.4387496796514396,1.0,0.0,4.15,0.7262919523166976,0
388,0.9416325479657731,0.014709507298592857,0.015221164554521893,0.007495379664337289,0.0004952715045149598,0.0001859572140862089,100.0,0.0,63.5,2.80178514522438,1.05,0.21794494717703367,4.25,0.82915619758885,0
389,0.9431158717930993,0.013784313387855738,0.014762399312505222,0.006603978748817218,0.0004899390770403661,0.00012894624340214938,100.0,0.0,63.75,2.7726341266023544,1.1,0.2549509756796392,4.35,0.5722761571129799,0
390,0.9411382450040477,0.016719062211394402,0.016063020590661056,0.006996234591779426,0.0004923763344905521,0.000146431755387927,100.0,0.0,63.45,2.81913107180209,1.05,0.2179449471770337,4.1,0.6244997998398398,0
391,0.9440038772170374,0.01967379797470804,0.01525712802949778,0.007410528381376079,0.0004712666971110513,0.00018480259906781003,100.0,0.0,63.3,3.0512292604784714,1.0,0.0,4.35,0.6538348415311012,0
392,0.9444175960035022,0.02064987055975091,0.015015681064436228,0.00791628259505944,0.0004746401728390315,0.00017314563251936594,100.0,0.0,63.8,2.9933259094191524,1.1,0.3,4.1,1.1789826122551597,0
393,0.945402408190042,0.0212878786953202,0.014934882996025172,0.0077337027193558104,0.0004644139339442085,0.0001899101990703477,100.0,0.0,63.8,2.5999999999999996,1.05,0.21794494717703372,4.9,1.1789826122551597,0
394,0.94408468446494,0.021375899742832983,0.01444896248287903,0.008402266634234766,0.0004841446758914395,0.00020773165975296643,100.0,0.0,63.05,3.761316258971054,1.05,0.15,4.15,0.7262919523166976,0
395,0.9417794974990104,0.023913652408802052,0.015258144794292827,0.008304483684076006,0.0004896083600841114,0.0002396886993751689,100.0,0.0,62.85,2.5937424698685874,1.125,0.3112474899497183,4.15,0.5722761571129799,0
396,0.9401475938773374,0.022285251357026855,0.014995224168675048,0.007983063651188853,0.00052199908008583,0.00022439005451076592,100.0,0.0,63.4,3.246536616149586,1.125,0.3112474899497183,4.35,0.6538348415311012,0
397,0.9441502460473641,0.022246671880325915,0.016044974705389545,0.007574875377189567,0.0004547180207852162,0.00021338453686487057,100.0,0.0,62.9,3.047950130825634,1.05,0.21794494717703372,4.65,0.7921489758877431,0
398,0.9439636077978493,0.023178283383988092,0.016523435302638015,0.00802632286938811,0.000447760676787677,0.0002015412040104454,100.0,0.0,63.35,2.4550967394381837,1.05,0.21794494717703367,4.05,0.5894913061275798,0
399,0.9449426936013696,0.021207595905510596,0.015644702457955503,0.008870563486941678,0.0004381535048861348,0.000190183093482823,100.0,0.0,62.85,2.4550967394381833,1.05,0.2179449471770337,4.4,0.8,0
400,0.946252671607023,0.020383523526189527,0.01633700868821907,0.0076200519303710156,0.00041752536312064344,0.00019438518821975536,100.0,0.0,62.55,3.0736785778607367,1.05,0.21794494717703372,4.2,0.5099019513592784,0
401,0.944936874097583,0.016049666025999026,0.01574838863657639,0.006960936072483283,0.0004483825275204724,0.0001644216721049903,100.0,0.0,63.85,2.414021540914662,1.1,0.3,3.95,0.804673846971554,0
402,0.9437969410342582,0.0167874429403815,0.015354216360597422,0.007597652486247188,0.0004705674990020995,0.00017501797759771266,100.0,0.0,63.75,3.5899164335677787,1.1,0.3,4.15,0.9630680142129111,0
403,0.9465188217241053,0.015849877648699263,0.017067976446499173,0.0072240318902818705,0.00041137730640039506,0.00013658510518369877,100.0,0.0,62.85,2.5352514668174435,1.1,0.3,4.15,0.4769696007084728,0
404,0.9480389728197297,0.015106475225141252,0.016914325909295105,0.0067926686068642125,0.00040337066185649854,0.00015640087357194818,100.0,0.0,63.65,2.6884010117540127,1.05,0.21794494717703372,4.2,0.6,0
405,0.9454796781198933,0.01684186051541563,0.017815355497036268,0.007885572188227382,0.0004053625758662551,0.00016150128761305754,100.0,0.0,63.4,2.8000000000000003,1.05,0.21794494717703372,4.15,0.7262919523166975,0
406,0.941115310443829,0.01601535322576937,0.017399638981275674,0.00715152845355149,0.00047592001456641915,0.00018954106474732978,100.0,0.0,62.65,4.162631379308046,1.15,0.32015621187164245,4.1,0.8888194417315588,0
407,0.9407258466359336,0.02150747970027936,0.01782335373837473,0.00741954384554047,0.0004672303629097806,0.00021362169913384914,100.0,0.0,63.95,2.8892040426387333,1.0,0.0,4.35,0.7262919523166976,0
408,0.9432505918023955,0.02542398425367941,0.017111247661483024,0.007446462946735405,0.0004551559517713591,0.0002798835079440375,100.0,0.0,63.05,3.0736785778607367,1.15,0.3570714214271425,4.25,0.4330127018922193,0
409,0.9456491236442123,0.020573667938127052,0.016849728532239545,0.008032599934807209,0.0004116243484403652,0.0001941181528843832,100.0,0.0,63.25,3.031088913245535,1.075,0.23848480035423641,4.3,0.45825756949558405,0
410,0.9398412505790066,0.024111225369539427,0.01700794197647324,0.008647099313275227,0.00048099323347477194,0.0002635784986144821,100.0,0.0,64.15,2.7798381247835278,1.0,0.0,4.25,0.9420721840708386,0
411,0.9389872690377109,0.02408862071864694,0.01672212541681189,0.00864410360090205,0.0005037261656734188,0.00028070639608834515,100.0,0.0,62.55,2.7290108097990378,1.15,0.3570714214271425,4.15,0.7262919523166975,0
412,0.9415637899610496,0.018713012992261874,0.016527861011251574,0.006834206607033495,0.0004844372345538758,0.00020055888146675423,100.0,0.0,62.95,3.0244834269673224,1.075,0.23848480035423641,4.2,0.8717797887081348,0
413,0.9375627209049158,0.02055744539973598,0.01664441694532975,0.006797178591020526,0.0005393242233903853,0.00020471177716177875,100.0,0.0,64.65,2.903015673398957,1.0,0.0,4.3,0.5567764362830021,0
414,0.9417716500672999,0.020266737858204632,0.015621593612809367,0.005897209773148045,0.000498070571685356,0.00023979226119548683,100.0,0.0,63.75,2.5074887836239665,1.0,0.0,4.35,0.7262919523166975,0
415,0.9379823086654019,0.02620198051575168,0.017328167277312716,0.005349899318456812,0.0005222996330530455,0.0002917863520885091,100.0,0.0,63.85,2.286372673034735,1.05,0.21794494717703367,4.2,0.5099019513592784,0
416,0.9356203533287297,0.024387586896785045,0.017505498644545203,0.005684392509398727,0.0005457334674063189,0.0003020273539740691,100.0,0.0,63.05,3.169779172119093,1.075,0.23848480035423641,4.25,0.698212002188447,0
417,0.937205889521192,0.022875239312076946,0.016928254571380204,0.006699573067372277,0.0005339614512964171,0.0002659953615779229,100.0,0.0,65.4,2.672077843177477,1.0,0.0,4.25,0.698212002188447,0
418,0.9408937881967768,0.021058555058564292,0.016074709078597083,0.00698743637927616,0.0004939599067943017,0.0002017526131204456,100.0,0.0,62.55,3.5843409436045564,1.05,0.21794494717703372,4.3,0.8426149773176358,0
419,0.9416395717098593,0.021688985005573425,0.017407384364736583,0.0068398784156864885,0.0004632927689474193,0.00020911429476081,100.0,0.0,61.8,3.043024810940588,1.2,0.4,3.95,0.5894913061275798,0
420,0.9452736841459967,0.01943469990681323,0.01614850126186995,0.006160153605554072,0.00045403994111277185,0.00019242202116974882,100.0,0.0,64.25,2.624404694402142,1.05,0.21794494717703372,4.05,0.6689544080129826,0
421,0.9393444647484179,0.01863915488891624,0.01666477829847962,0.006086814899340427,0.0005257319715106644,0.00019104628972695003,100.0,0.0,63.75,2.299456457513384,1.0,0.0,4.25,0.5361902647381804,0
422,0.9380700356365088,0.017045691455954665,0.016279827810576193,0.006051337140987728,0.0005453496445936921,0.00019369099520460815,100.0,0.0,63.9,3.7403208418530087,1.125,0.3112474899497183,3.95,0.4974937185533099,0
423,0.9375755733400515,0.020872745714533274,0.015446504308580581,0.007037963880957166,0.000562455607405674,0.0002648197197186409,100.0,0.0,62.6,4.1521078984053394,1.2,0.4,4.15,0.9096702699330127,0
424,0.9362039568384033,0.021955164265737397,0.016024816791078,0.006404469058186049,0.0005711867016728167,0.00029890392557494025,100.0,0.0,63.9,2.5670995305986875,1.025,0.10897247358851683,4.1,0.43588989435406733,0
425,0.9353389635657836,0.022640771645048276,0.015065805303416085,0.006093876286394885,0.0005861233366508961,0.0002856826481440625,100.0,0.0,62.5,3.0413812651491097,1.1,0.3,4.65,0.9096702699330126,0
426,0.9332833040957199,0.023320662546620546,0.01501056910055613,0.006001180280480011,0.0006112836469207015,0.00027673361588796203,100.0,0.0,63.0,2.569046515733026,1.05,0.15,4.1,0.7,0
427,0.9377746666366615,0.023719866314722744,0.014800005456368236,0.005595031354389982,0.000558888674279507,0.0002745001881783332,100.0,0.0,63.95,3.528101472463625,1.05,0.21794494717703372,4.25,0.5361902647381804,0
428,0.9400669142194772,0.023729075242636868,0.015233721284658963,0.006914361303214333,0.0005173507208468995,0.00024580889584420023,100.0,0.0,63.6,3.023243291566195,1.05,0.21794494717703372,4.3,0.6403124237432849,0
429,0.9411737073517964,0.02097293281604696,0.014629994254777864,0.0065293802796809065,0.0005185337424055766,0.00022781332086059498,100.0,0.0,62.45,2.836811590500857,1.15,0.3570714214271425,4.2,0.6782329983125269,0
430,0.9432727199290994,0.019575731603545816,0.01461630201692841,0.006567606139414323,0.00048780202680302217,0.00019425412679758782,100.0,0.0,63.55,2.132486811213612,1.1,0.2549509756796392,4.2,0.6782329983125268,0
431,0.9388139484426604,0.018154983717281654,0.013554432055248472,0.007220267771013816,0.0005515786094390446,0.00019127024377954695,100.0,0.0,62.55,3.169779172119093,1.125,0.3112474899497183,4.1,0.5385164807134504,0
432,0.9371887093171921,0.0203946930081882,0.014260657331492985,0.00789961795595256,0.0005570631679051012,0.00019234518814742637,100.0,0.0,63.95,2.4994999499899975,1.05,0.21794494717703372,4.05,0.6689544080129826,0
433,0.9348088717560443,0.01967771908451358,0.014359818536819969,0.008104828808135523,0.0005874714935243902,0.0002036361748889363,100.0,0.0,63.4,3.6660605559646724,1.1,0.3,4.25,0.5361902647381804,0
434,0.9334581372450528,0.022897432956577354,0.01409264385812812,0.0072120216902645095,0.0006189358719121778,0.00026694377684577234,100.0,0.0,63.2,3.3105890714493693,1.075,0.23848480035423641,4.15,0.6538348415311012,0
435,0.9347634736507974,0.024253450456123857,0.01439465547163094,0.0068045236163486325,0.0006072300517597636,0.0002887389405308066,100.0,0.0,64.0,3.40587727318528,1.05,0.21794494717703372,4.15,0.6538348415311012,0
436,0.9355997776588685,0.02448862299290715,0.014899701443853506,0.00723294946791753,0.0005671155856810051,0.0002351051303132297,100.0,0.0,64.65,2.2863726730347356,1.05,0.21794494717703372,4.2,0.39999999999999997,0
437,0.9282464513357087,0.026388145178376246,0.015150879740518727,0.0076485113481549825,0.0006561823118318047,0.00026948229030766027,100.0,0.0,62.75,3.1444395367060247,1.05,0.21794494717703372,4.3,0.7810249675906654,0
438,0.9311837882129396,0.024614965977400115,0.015667654334788096,0.008171751148526505,0.0006130407810393756,0.0002496072381046273,100.0,0.0,63.1,2.826658805020514,1.0,0.0,4.55,0.6689544080129827,0
439,0.9343823056079135,0.019787236885507056,0.01566266132258725,0.008472792899878125,0.0005744081836616173,0.00019641956683421084,100.0,0.0,63.85,2.868361901852694,1.025,0.10897247358851683,4.25,0.5361902647381804,0
440,0.9316107652703375,0.02664918277033757,0.016240604562631634,0.00891146968099703,0.0005993325271205863,0.00028435357263568376,100.0,0.0,63.2,2.712931993250107,1.1,0.3,4.05,0.804673846971554,0
441,0.9336098660527534,0.027894229474162004,0.016811913392584553,0.008561484310910396,0.0005779703954062095,0.0003371994169231898,100.0,0.0,63.25,2.1880356487041066,1.025,0.10897247358851683,4.55,0.6689544080129827,0
442,0.9396995548376992,0.025437662832873,0.01571656598363714,0.00906492251110623,0.0004969724733013319,0.00025206943844500784,100.0,0.0,62.85,3.365635155509284,1.1,0.3,4.15,0.47696960070847283,0
443,0.9425893953928712,0.023728633793975544,0.01642403324722686,0.008040381981355321,0.000457741025618121,0.00021544783165872419,100.0,0.0,62.15,3.335790760824186,1.1,0.25495097567963926,4.5,1.118033988749895,0
444,0.9439304220284225,0.024113747359868303,0.015753317851548407,0.008118033487135419,0.00045028431348464695,0.00023079555850752438,100.0,0.0,65.35,2.903015673398957,1.0,0.0,4.05,0.6689544080129826,0
445,0.9396568756857541,0.026552200082384955,0.015149640284334995,0.0079847509019059,0.0005187540377664747,0.0002723892269807317,100.0,0.0,62.85,3.5815499438092444,1.05,0.15,4.3,0.8426149773176358,0
446,0.9393618144714126,0.024791118379081333,0.016223235669303653,0.008167808682398617,0.0005055988358429013,0.00022763457593823685,100.0,0.0,62.95,2.9406631905065224,1.025,0.10897247358851683,4.3,0.5567764362830021,0
447,0.9429722251792507,0.02171525556967289,0.01546486820495147,0.007865341744600128,0.00046921950328616046,0.00016133936634619867,100.0,0.0,61.85,3.1348843678834477,1.125,0.3112474899497183,3.85,0.3570714214271425,0
448,0.9435474151585648,0.022025608514420456,0.014058173329562173,0.007940540551741017,0.0004845575083034324,0.00013371958102325205,100.0,0.0,64.05,3.3537292675468007,1.0,0.0,4.2,0.812403840463596,0
449,0.9405357644886554,0.024490901913525556,0.013804227477566346,0.008383888464115481,0.0005289944790242148,0.00020191174847914705,100.0,0.0,62.85,2.8508770580296865,1.1,0.3,4.25,0.82915619758885,0
450,0.9388818004677153,0.022449981536154667,0.013784144404654527,0.008561750459374197,0.0005505131863603847,0.00016522378296467323,100.0,0.0,63.65,2.937260628544903,1.05,0.21794494717703372,4.2,0.812403840463596,0
451,0.9418103474657645,0.02336697558461145,0.01375803020962936,0.007847435152977478,0.0005203225444698042,0.00023695823349539178,100.0,0.0,62.55,2.923610781208744,1.025,0.10897247358851683,4.35,0.8529361054615991,0
452,0.9426874200599652,0.027915288356201783,0.014601309289552227,0.008178638025652529,0.0004943372317704122,0.00030257908439756975,100.0,0.0,62.65,3.08666486681013,1.05,0.21794494717703372,4.35,0.9630680142129111,0
453,0.9414139700939689,0.02744884321306492,0.014912982472528827,0.008374161681443434,0.0004977455819083667,0.00028961794453810153,100.0,0.0,64.05,3.201171660501823,1.05,0.21794494717703372,4.1,0.7000000000000001,0
454,0.9364230423878321,0.029562785580895718,0.016101924111025036,0.007783133019116633,0.0005606321387660732,0.0003369088490993338,100.0,0.0,63.55,2.97447474354717,1.0,0.0,3.95,0.5894913061275798,0
455,0.9381941320833767,0.02663217405582036,0.015325668682215802,0.007033942010780931,0.0005462125866003097,0.00030587686869208854,100.0,0.0,62.8,3.501428280002319,1.05,0.21794494717703372,4.4,0.9165151389911681,0
456,0.9364331850099262,0.028034211276722204,0.016103297369815632,0.0071242824947999215,0.0005531708194552637,0.0003482829327053883,100.0,0.0,62.55,2.7106272336859605,1.0,0.0,4.15,0.47696960070847283,0
457,0.9371531973395187,0.024265511468792193,0.015809333662846887,0.00707258272272659,0.0005425717461818709,0.0002525825618489083,100.0,0.0,63.65,4.138538389335056,1.025,0.10897247358851683,4.35,0.7262919523166975,0
458,0.9360844274141848,0.020684867100523984,0.016412651736706217,0.007331223760022411,0.0005506403413873468,0.0002385045817250675,100.0,0.0,62.65,3.118894034750139,1.05,0.21794494717703372,4.7,0.9539392014169458,0
459,0.9388213210577595,0.021874393741199996,0.016948834171198985,0.006808401529894056,0.0005136484280639526,0.00027293354591951906,100.0,0.0,64.65,2.5743931323712004,1.0,0.0,4.25,0.82915619758885,0
460,0.9378246231889775,0.024825574735459047,0.01729183087063118,0.0066582045203519786,0.0005235633649346273,0.0003228547054521283,100.0,0.0,63.65,3.380458548777074,1.025,0.10897247358851683,4.2,0.7483314773547883,0
461,0.9381097914466281,0.02363688093514482,0.017345983435266485,0.007072246954625104,0.0005243698065048788,0.0002561885385069949,100.0,0.0,63.75,2.48746859276655,1.025,0.10897247358851683,4.2,0.7483314773547883,0
462,0.94072393401863,0.02363356918848323,0.01709562190908257,0.007064832933542645,0.0004906140885384998,0.00024935292537128,100.0,0.0,64.15,3.380458548777074,1.1,0.3,4.05,0.6689544080129826,0
463,0.9384471245507839,0.024246614918970795,0.01756133716908382,0.007793698082575803,0.0005028439459440031,0.00026430384151885587,100.0,0.0,63.45,2.9064583258667245,1.1,0.3,4.05,0.6689544080129826,0
464,0.9368213941919301,0.02312474494046021,0.017787278118385014,0.007679610378613775,0.0005185835834324051,0.00021701593376702004,100.0,0.0,65.25,3.222964473896664,1.05,0.21794494717703372,3.95,0.49749371855331004,0
465,0.9389766527831656,0.02198895213811529,0.017889929939824464,0.007381589665981586,0.000483684853060843,0.00018895542406106378,100.0,0.0,65.2,2.976575213227443,1.0,0.0,4.0,1.0488088481701516,0
466,0.9402997401851596,0.02432490142650585,0.017640152881525154,0.007340320038067013,0.0004699738310823836,0.00020882709229035404,100.0,0.0,64.05,3.1220986531498327,1.075,0.23848480035423641,4.1,0.7000000000000001,0
467,0.9363074349799458,0.024218439913457422,0.017364660950260923,0.006834421762519361,0.0005281653165009954,0.00020573058299363554,100.0,0.0,63.15,3.8114957693797855,1.15,0.3570714214271425,4.15,0.7921489758877431,0
468,0.9373207342498453,0.025702244105294324,0.017318324083660033,0.007022080010529371,0.0005157559995463974,0.00021278730052541375,100.0,0.0,64.95,3.040970239906994,1.025,0.10897247358851683,4.0,0.5477225575051661,0
469,0.9316617952003957,0.02648651837156285,0.01748352210211571,0.008392812604404108,0.0005684261394364577,0.00023575917265110927,100.0,0.0,63.35,2.6509432283623124,1.05,0.2179449471770337,4.05,0.49749371855331004,0
470,0.9305314658928939,0.02427243089829772,0.017666206698916897,0.008465325777590186,0.0005847210244472609,0.00026889881997076484,100.0,0.0,62.45,2.7290108097990378,1.1,0.3,4.2,0.6,0
471,0.92907033599078,0.023801582034003198,0.017785904449505393,0.008571273976192147,0.0005989071489528636,0.00025622416110281896,100.0,0.0,63.2,3.709447398198282,1.025,0.10897247358851683,4.45,0.9733961166965892,0
472,0.933329499800806,0.023174017390120327,0.016298934833059303,0.007905666622452992,0.0005747293643507953,0.0002458343847037465,100.0,0.0,61.85,3.7719358425084595,1.075,0.23848480035423641,4.4,0.9695359714832658,0
473,0.9259319648107918,0.02488741680493628,0.017982729430815185,0.008569325325214488,0.0006387343069902186,0.00028474364765088356,100.0,0.0,63.55,3.2935543110748915,1.05,0.21794494717703372,4.15,0.47696960070847283,0
474,0.9276131939212355,0.02725200608241707,0.0181984896334411,0.008138781604684574,0.0006183032246588044,0.00029401380671063436,100.0,0.0,63.2,3.009983388658482,1.1,0.3,4.4,0.5830951894845301,0
475,0.926249309704801,0.03296209697018086,0.017433608936020584,0.008070944935639373,0.0006423813691868857,0.00036941138072614667,100.0,0.0,63.8,3.443835071544512,1.0,0.0,4.35,0.7921489758877431,0
476,0.9300586550349872,0.031073815614171486,0.017165195486271462,0.007379248727392107,0.0006064993555080161,0.0003469979869220764,100.0,0.0,64.5,3.263433774416144,1.025,0.10897247358851683,4.1,0.7681145747868608,0
477,0.9325143655611088,0.028586678324407994,0.017233651051835882,0.008321149543176427,0.0005671733151823184,0.0002977194737887799,100.0,0.0,63.25,3.207413287993925,1.05,0.21794494717703372,4.4,0.5830951894845301,0
478,0.9345730011569836,0.0282111273676297,0.017525788854516465,0.007841536282289726,0.0005504293075936145,0.0003163090770304938,100.0,0.0,63.9,2.7367864366808017,1.0,0.0,4.2,0.6,0
479,0.936586450819988,0.0234575210877537,0.016422711113010524,0.007536923875897689,0.0005410611090936729,0.00025542447307420744,100.0,0.0,63.55,2.7834331319433563,1.05,0.21794494717703372,4.45,0.8046738469715541,0
480,0.9372266038611283,0.023941687873494127,0.015271276588715969,0.008406589510779919,0.0005451083817429199,0.0002718050392742085,100.0,0.0,63.65,3.134884367883447,1.0,0.0,4.3,0.5567764362830022,0
481,0.9374415407376331,0.021082587494057926,0.015060459201201911,0.00826893020017629,0.0005471148368498749,0.0002739892584908278,100.0,0.0,62.55,3.6534230524263136,1.15,0.3570714214271425,4.3,0.7810249675906654,0
482,0.9414102309664036,0.017623721861746922,0.01426944066967548,0.007482820542848304,0.0005188264682095627,0.0002385724026634302,100.0,0.0,63.2,2.803569153775237,1.025,0.10897247358851683,4.1,0.5385164807134504,0
483,0.9411554235618264,0.012908442036506554,0.015402759054951962,0.007506619695278204,0.000492266529523989,0.00018184943848751874,100.0,0.0,63.9,3.2848135411313684,1.0,0.0,4.15,0.7921489758877431,0
484,0.9403384710776569,0.018232237159343145,0.0156766601202016,0.007304332093771462,0.0004991306010358196,0.00022236990941970313,100.0,0.0,64.5,2.539685019840059,1.0,0.0,4.2,0.6782329983125269,0
485,0.9387502706003035,0.01827751684336271,0.01590531926400763,0.006094401821134788,0.0005238879678744289,0.00023333761968262503,100.0,0.0,63.35,3.4245437652335533,1.1,0.2549509756796392,4.1,0.8888194417315588,0
486,0.9376543509903981,0.017954188786315384,0.015051876700794322,0.006206149319140383,0.0005552939477741029,0.00023904642299518833,100.0,0.0,63.55,2.5782746168707473,1.05,0.21794494717703367,4.25,0.5361902647381804,0
487,0.9384569182205169,0.019044432143599604,0.014318779901073558,0.0064194471815267,0.0005523523879484624,0.0002344006263665795,100.0,0.0,63.55,3.694252292413175,1.1,0.3,4.15,0.5722761571129799,0
488,0.9346876670164628,0.02334231378881472,0.014665407959767613,0.006660080051031852,0.000602004855713602,0.00029400687253166354,100.0,0.0,62.4,3.786819245752298,1.05,0.15,4.45,1.2031209415515964,0
489,0.9389675746153424,0.016489778087443695,0.015041223642583281,0.006008914773257694,0.0005433967553180608,0.00020056108068223605,100.0,0.0,63.35,3.623189202898463,1.05,0.15,4.45,1.023474474522936,0
490,0.9375128027389197,0.014717272017177579,0.01455256744405704,0.007003272765760813,0.0005598291539703315,0.0001866600732503024,100.0,0.0,62.6,3.0397368307141326,1.075,0.23848480035423641,4.05,0.6689544080129826,0
491,0.9401951606407506,0.014696182034724559,0.013924933951471253,0.006512385193070229,0.0005436492008307005,0.00016734122919760287,100.0,0.0,63.65,3.1666228067138023,1.0,0.0,4.25,0.6224949798994366,0
492,0.9439246201963233,0.016824905400436,0.014210960535364317,0.005593894273960144,0.000502143296306661,0.00019580803273276006,100.0,0.0,64.3,2.5317977802344327,1.0,0.0,4.2,0.6,0
493,0.9464193941080961,0.01875453924089477,0.013373789355683969,0.005100322618725935,0.00048216063314579255,0.00020160029788230654,100.0,0.0,63.8,2.712931993250107,1.05,0.21794494717703372,4.15,0.7262919523166975,0
494,0.943247605106316,0.01712991034249108,0.012781341433641454,0.0051634336624549184,0.0005323173976616199,0.00017403655116022418,100.0,0.0,64.0,2.5298221281347035,1.05,0.21794494717703367,4.25,1.0428326807307104,0
495,0.9427710488235495,0.01583560094914945,0.013921332478580128,0.005102963395526518,0.0005151832108363985,0.00018173317685451842,100.0,0.0,64.15,2.2197972880423116,1.0,0.0,4.3,0.7810249675906654,0
496,0.9402270748060303,0.017455918647510258,0.01431610221395312,0.005559825940631947,0.0005366770505112031,0.0001974035673003901,100.0,0.0,63.45,2.871846096154876,1.1,0.3,4.05,0.6689544080129826,0
497,0.9448930326765073,0.015333484692619767,0.013052807127573554,0.005885540492331509,0.0004979592057395472,0.00017071432739865932,100.0,0.0,64.3,2.3259406699226015,1.0,0.0,4.3,0.7810249675906654,0
498,0.9450263732940882,0.01566320892666573,0.013255971278874065,0.005360945690017146,0.000497012027003649,0.00017510093981090355,100.0,0.0,63.05,2.9744747435471695,1.1,0.3,4.5,1.02469507659596,0
499,0.9401596645027185,0.0193405483977972,0.01501494293219865,0.0062461999669715515,0.0005407463904335528,0.00020033038126905222,100.0,0.0,62.5,3.2326459750489227,1.1,0.3,4.3,0.6403124237432849,0
500,0.9451574569087835,0.019940155466224428,0.013809723415464516,0.007019589219260352,0.0004958816244033082,0.00020126165718738272,100.0,0.0,63.5,3.640054944640259,1.075,0.23848480035423641,4.2,0.7483314773547883,0
501,0.9463741967483188,0.021240235024019824,0.012877268893509644,0.006692485584459225,0.0004855109941514078,0.00022222041130126388,100.0,0.0,63.6,3.7202150475476548,1.15,0.3570714214271425,4.2,0.8124038404635961,0
502,0.9459698636325733,0.021451982525635894,0.013847010103854487,0.0061123926842237475,0.00048471855952269817,0.00022263985407820053,100.0,0.0,63.55,2.836811590500857,1.075,0.23848480035423641,4.0,0.7071067811865476,0
503,0.9435539769433869,0.0212244417514676,0.012756963581026732,0.005255309633896441,0.0005270677763947194,0.00021942132701198322,100.0,0.0,62.3,2.282542442102666,1.1,0.3,4.25,0.8874119674649424,0
504,0.9408259488829491,0.02150759980463885,0.012670239171544867,0.006739824038766563,0.0005520303022602239,0.0002174134298952225,100.0,0.0,63.35,3.5954832776693593,1.1,0.3,4.2,0.8124038404635961,0
505,0.939050187506416,0.022534319690872245,0.014480260775397335,0.008045976976444493,0.0005348403223168097,0.00019192768168355134,100.0,0.0,63.75,3.329789783154486,1.1,0.3,4.15,0.5722761571129799,0
506,0.9414064307852807,0.02065459686876021,0.01471832610683139,0.0073629792605453565,0.0005053841080782618,0.00018654180128354275,100.0,0.0,63.8,2.9257477676655586,1.05,0.2179449471770337,4.35,0.5722761571129799,0
507,0.9382858055277108,0.018127997462227825,0.014215126701933884,0.007540770244184828,0.0005445735980655027,0.00015266352457250545,100.0,0.0,63.6,3.120897306865447,1.1,0.3,4.35,1.1079259903080168,0
508,0.93544413080807,0.0239839917634173,0.014932253918812439,0.007845134741978822,0.0005745365461348679,0.00021191103159309637,100.0,0.0,63.1,2.5670995305986875,1.075,0.23848480035423641,4.4,0.7348469228349535,0
509,0.9297789898767578,0.030403427786510614,0.015515270697874433,0.008197137361503432,0.0006345162838031562,0.0003091715758869572,100.0,0.0,63.75,3.672533185690771,1.1,0.3,4.1,0.8888194417315588,0
510,0.9341141309239699,0.02620157601886985,0.015222868111640744,0.007096639584541949,0.0006053557343684102,0.00026748464371322,100.0,0.0,62.45,2.9744747435471703,1.125,0.3112474899497183,4.25,0.6224949798994366,0
511,0.939713870440848,0.019453243977589,0.0133332807214398,0.006629807237821187,0.0005604501471794072,0.00022174782581964623,100.0,0.0,63.45,3.456515586540874,1.05,0.15,4.2,0.6782329983125269,0
512,0.9400539189674193,0.016182092135142552,0.013463412977254247,0.006617450482047318,0.0005480704917784629,0.0001836608268683224,100.0,0.0,62.0,3.449637662132068,1.1,0.3,4.5,0.8660254037844386,0
513,0.9364042618588545,0.014521307189532078,0.012411614466815733,0.006071197342809955,0.0006123757717423023,0.00017599134549402566,100.0,0.0,63.75,1.9461500456028564,1.0,0.0,4.45,0.7399324293474372,0
514,0.9391970073780216,0.01527056920721824,0.013378429017883284,0.007003154802862058,0.0005540433021043337,0.00015961420314135701,100.0,0.0,63.4,3.9924929555354263,1.05,0.21794494717703372,4.15,0.653834841531101,0
515,0.9380968071176918,0.01825354702575671,0.012386290095657016,0.006085448332084816,0.0006003243273513172,0.00021812696770945228,100.0,0.0,64.2,3.6276714294434105,1.1,0.3,4.3,0.6403124237432849,0
516,0.9420439176533695,0.019895143951572707,0.012508742372523612,0.005138057014965873,0.0005566887685252243,0.0002385356330959559,100.0,0.0,63.65,4.138538389335056,1.15,0.3570714214271425,4.15,0.7262919523166976,0
517,0.9396441282976659,0.017920076608884908,0.013334132065082206,0.004801923273866862,0.0005697728156535389,0.00024773801108526954,100.0,0.0,62.25,2.913331426391443,1.1,0.3,4.7,1.1,0
518,0.9405963078106074,0.014138646271409715,0.014838332550550195,0.005118734990050748,0.000538969752892851,0.00018194145183986066,100.0,0.0,62.9,3.2388269481403293,1.1,0.3,4.25,0.698212002188447,0
519,0.9409315300093073,0.01949461018101223,0.014627311744901233,0.005974859039441749,0.0005287890731167844,0.0002410153020810711,100.0,0.0,62.85,3.8506492958980307,1.05,0.21794494717703372,4.35,0.8529361054615991,0
520,0.9396364850309643,0.014409397253027121,0.014541158913287342,0.006070075407967159,0.000542789974790329,0.00019214189559004717,100.0,0.0,63.05,2.7834331319433563,1.075,0.23848480035423641,4.25,0.7664854858377946,0
521,0.9366467735216484,0.016591672832815534,0.015630841762244295,0.006262762240599312,0.000556943800951229,0.00020855381846561694,100.0,0.0,63.25,3.897114317029974,1.025,0.10897247358851683,4.25,0.8874119674649424,0
522,0.931588390997651,0.027664295078443455,0.015437356166475907,0.007450026631423188,0.000626630041888041,0.0003353769787327888,100.0,0.0,63.5,2.8722813232690143,1.0,0.0,4.35,0.7262919523166976,0
523,0.9384936990987851,0.023260380236067333,0.014768746296104501,0.007622907530589804,0.0005500812412370553,0.0002613115749349315,100.0,0.0,63.6,3.1368774282716245,1.075,0.23848480035423641,4.05,0.6689544080129826,0
524,0.9444327695451122,0.019264869694805488,0.014731813089132972,0.006565426277372538,0.0004764044574253782,0.00019138169569079584,100.0,0.0,62.2,2.5806975801127883,1.15,0.3570714214271425,4.2,0.8124038404635961,0
525,0.9417555469735064,0.02050435582260585,0.014836996472132416,0.005246005544305505,0.0005274087804094322,0.00022895300535110197,100.0,0.0,62.15,2.515452245621053,1.175,0.36314597615834876,4.2,0.5099019513592784,0
526,0.9422241711970655,0.017244034817164803,0.014949916955833758,0.006115827024215753,0.000505771243314433,0.00019589821310258155,100.0,0.0,63.45,3.0409702399069944,1.1,0.3,4.5,0.7416198487095663,0
527,0.9403167266812492,0.024761685516559974,0.014661542522938687,0.006893449563690665,0.0005357524140559021,0.0002862486819374381,100.0,0.0,64.15,2.7617928959282954,1.025,0.10897247358851683,4.25,0.82915619758885,0
528,0.9416137178501385,0.02212633774489573,0.014314802832359178,0.007831831733248628,0.0005181761334022052,0.0002516994778889389,100.0,0.0,63.4,2.6343879744638983,1.05,0.21794494717703367,4.15,0.7262919523166976,0
529,0.9427966593721724,0.021822842791648093,0.013911718335496334,0.007115923166601838,0.0005086434129965441,0.00021901255486696735,100.0,0.0,63.9,3.031501278244824,1.0,0.0,4.0,0.5477225575051661,0
530,0.9432718278906791,0.021182671280169034,0.0126904318669474,0.006585211781053989,0.0005231439006552673,0.00024812298259600845,100.0,0.0,63.35,3.5110539728121526,1.1,0.3,4.15,0.5722761571129799,0
531,0.9440429259889788,0.022840093812635517,0.01368722416340723,0.0069067137989485645,0.0005019276402707254,0.0002640481722847112,100.0,0.0,63.25,3.6314597615834874,1.05,0.21794494717703367,4.85,1.107925990308017,0
532,0.9433604731464774,0.020172835712025723,0.014122049817569208,0.006488092080101524,0.0005039627346110486,0.0002467552536228081,100.0,0.0,63.3,2.5903667693977237,1.075,0.23848480035423641,3.95,0.6689544080129826,0
533,0.9395743708929691,0.023362498112249813,0.014574020158792611,0.005895554873100557,0.0005487198842565839,0.00026385652522775504,100.0,0.0,63.6,2.90516780926679,1.1,0.3,4.1,0.6244997998398398,0
534,0.9384504270365375,0.026120658315132286,0.015354593084564036,0.006174366670264393,0.0005473924691842222,0.00029969681965079847,100.0,0.0,63.25,2.843853020111975,1.075,0.23848480035423641,4.2,0.6782329983125268,0
535,0.9361291855570408,0.022702524996741674,0.014729293906822294,0.0056151162509600885,0.0005988634420970907,0.00031495889127770534,100.0,0.0,61.7,2.9512709126747416,1.1,0.3,4.05,0.5894913061275798,0
536,0.9385761391058468,0.023259372201115246,0.014415848313893398,0.006373535800011332,0.0005690510466126386,0.0002617582904048643,100.0,0.0,63.25,2.7179955849853767,1.075,0.23848480035423641,4.05,0.5894913061275798,0
537,0.9394257900144497,0.026944992667241836,0.01396531622549658,0.00705075387658134,0.0005542764746129288,0.0002770095669888639,100.0,0.0,63.15,2.779838124783528,1.075,0.23848480035423641,4.0,0.7745966692414834,0
538,0.9429113114438576,0.024445587099589692,0.012285857910212233,0.006745952262508287,0.0005402743754407444,0.00027075166297128996,100.0,0.0,63.8,2.6381811916545836,1.05,0.21794494717703372,4.0,0.7071067811865476,0
539,0.946042007313177,0.01716220329533346,0.011279665828051105,0.006806047984261806,0.0005160382965610108,0.00021274284842698704,100.0,0.0,62.6,3.0066592756745814,1.175,0.36314597615834876,4.5,0.806225774829855,0
540,0.9457780840735577,0.019112579224888307,0.012434626317428367,0.006135568543961495,0.0005094088242827335,0.00021730019389873582,100.0,0.0,63.2,3.9319206502675,1.125,0.3112474899497183,4.25,0.698212002188447,0
541,0.9464584054398719,0.019196122160626595,0.012738166258672865,0.0058158696698236145,0.0004864867215370309,0.0002063622999859302,100.0,0.0,65.15,3.4245437652335533,1.05,0.21794494717703372,4.2,0.6782329983125269,0
542,0.942707194230055,0.022172882542091328,0.01247297960905056,0.006599024017653612,0.0005279571420488163,0.00025385258366078864,100.0,0.0,64.05,2.8718460961548757,1.05,0.21794494717703372,4.4,0.8,0
543,0.9437444257063895,0.020364439404280465,0.013558220828745377,0.005977137275120471,0.0005075399708914114,0.0002216392573110929,100.0,0.0,63.65,3.1666228067138023,1.0,0.0,4.3,0.714142842854285,0
544,0.9415105618400205,0.02083885501337977,0.014949978622349383,0.006282049752463393,0.0005175417347976741,0.00023145051604277992,100.0,0.0,63.65,2.3081377775167584,1.0,0.0,4.3,0.6403124237432849,0
545,0.9387725604352826,0.020433664111886282,0.014138119357917025,0.0069148929568155415,0.0005623860249657122,0.00022964364720395495,100.0,0.0,63.5,3.122498999199199,1.05,0.21794494717703372,4.2,0.6782329983125269,0
546,0.9369514751290907,0.02351587842396661,0.014394960437630675,0.006316755022478394,0.0005980123026856757,0.00025618668599813107,100.0,0.0,63.35,2.920188350089768,1.075,0.23848480035423641,4.25,0.82915619758885,0
547,0.9370292449050013,0.02400661325892479,0.014532789222956607,0.006382977334447555,0.0005758191002875865,0.00024242276823361974,100.0,0.0,63.75,3.672533185690771,1.025,0.10897247358851683,4.35,0.5722761571129799,0
548,0.9353695759919283,0.02110960843276671,0.014365968147955165,0.006235354363499527,0.0006015997161877248,0.0002220184307825321,100.0,0.0,64.25,2.5074887836239665,1.025,0.10897247358851683,4.1,0.7681145747868608,0
549,0.9332719748128048,0.02252787072711612,0.015292411050498736,0.006773272384316461,0.0006062870749856494,0.00023932700769171226,100.0,0.0,63.45,2.635811070619441,1.025,0.10897247358851683,4.1,0.5385164807134504,0
550,0.9348970990269313,0.02234830570816745,0.014854706223492936,0.006904629755421606,0.000589174986422399,0.0002563154342939719,100.0,0.0,63.45,3.694252292413175,1.125,0.3112474899497183,4.05,0.804673846971554,0
551,0.9347995162864027,0.01995350381499578,0.013480659265183298,0.007826600465217305,0.0006194708034746461,0.0002674706398302021,100.0,0.0,64.4,3.307567081708245,1.05,0.21794494717703372,4.15,0.9096702699330127,0
552,0.9387669593184984,0.016681141360226182,0.012879790906906214,0.007134572369098606,0.0005670543840988555,0.00018509779188175885,100.0,0.0,63.05,2.71062723368596,1.0,0.0,4.35,0.5722761571129799,0
553,0.9395669578482773,0.021367676558153505,0.011702212720529855,0.007032466956133155,0.0005819242013932137,0.00027849502022113837,100.0,0.0,63.0,3.8078865529319543,1.1,0.3,4.15,0.5722761571129799,0
554,0.9413310476548447,0.015881681880737398,0.012038524408906796,0.007540042301978682,0.0005494218635138175,0.0002021805343979055,100.0,0.0,63.75,2.7179955849853767,1.0,0.0,4.3,0.714142842854285,0
555,0.9396497262937713,0.016564152931059565,0.012139544414902817,0.0068348120758854065,0.0005723313837120907,0.00021701840198292275,100.0,0.0,62.9,2.487971060924946,1.075,0.23848480035423641,4.1,0.43588989435406733,0
556,0.9412117454379147,0.020998902785272444,0.013809796982197647,0.006478359151042104,0.0005258646548579533,0.000245000716327141,100.0,0.0,63.7,3.4799425282610637,1.0,0.0,3.9,0.6244997998398398,0
557,0.945095383726397,0.017121498900478555,0.011846956287867067,0.0063283347831443685,0.0005070966784554804,0.0002199871710725378,100.0,0.0,63.0,3.082207001484488,1.075,0.23848480035423641,4.15,0.47696960070847283,0
558,0.9409169700595486,0.017156522435936863,0.012670379472629634,0.00712869968968583,0.0005378962664432465,0.000211994390524107,100.0,0.0,63.85,3.6915443922564446,1.05,0.21794494717703372,4.35,0.792148975887743,0
559,0.9382095929517055,0.018020230455472554,0.014129327918828382,0.0068519591220580905,0.000557176619785726,0.0002288964028033009,100.0,0.0,62.85,3.4680686267719674,1.2,0.3674234614174767,4.0,0.6324555320336759,0
560,0.9387192047401959,0.01626537563477392,0.013808644365355996,0.007218964864040974,0.0005600355644607293,0.00022240687600343643,100.0,0.0,62.95,3.2935543110748906,1.1,0.3,4.25,0.698212002188447,0
561,0.9392361996382468,0.018021673740515592,0.013370488240961107,0.007906984138133476,0.0005457158009329902,0.00023038501150812935,100.0,0.0,63.2,2.4617067250182343,1.0,0.0,4.6,0.5830951894845301,0
562,0.9411615136143446,0.01709547440925922,0.014046772746468336,0.007400364124464339,0.0005127916897526604,0.00022024587620975985,100.0,0.0,64.7,3.8223029707232783,1.0,0.0,4.1,0.7681145747868608,0
563,0.9391163039201447,0.023403188769270226,0.0140875266888538,0.007378086376519773,0.0005511594663043223,0.00029016618255559517,100.0,0.0,63.25,3.1760824926314495,1.05,0.21794494717703372,4.15,0.7921489758877431,0
564,0.9434344246957729,0.01685944311033215,0.013023626760308164,0.0067791433429978815,0.0005112216499197449,0.00019066429123226316,100.0,0.0,63.15,2.104162541250081,1.05,0.2179449471770337,4.2,0.5099019513592784,0
565,0.9438474993338686,0.021591207389978155,0.013342319754587582,0.0065007221202549965,0.0004986673390964732,0.00026856045645735487,100.0,0.0,63.7,2.9171904291629644,1.1,0.3,4.3,0.8426149773176358,0
566,0.9429003565314341,0.02173291920844244,0.013995493318133212,0.007290770571695955,0.0004991396692823107,0.0002667978514079567,100.0,0.0,63.1,3.3600595232822887,1.1,0.3,4.4,0.7999999999999999,0
567,0.9435689494773539,0.019853896753574584,0.015020094599191241,0.008108855665790091,0.0004720324688019282,0.00021696426714140163,100.0,0.0,63.45,3.470950878361721,1.2,0.4,4.25,0.9420721840708386,0
568,0.9419612972398153,0.022769232851816614,0.014991553751091421,0.007741874254594785,0.0004998253769325596,0.00026057224633759625,100.0,0.0,62.5,2.202271554554524,1.0,0.0,4.4,0.8602325267042626,0
569,0.9402711770415519,0.020400927750687747,0.015457906743950204,0.006819069861051586,0.0005196828046129285,0.0002500827043643009,100.0,0.0,62.3,2.685144316419511,1.15,0.3570714214271425,4.15,0.7262919523166975,0
570,0.9439234161290548,0.023269589223725608,0.013770147248346553,0.007017241260575155,0.0005098693950836754,0.00028592937708389496,100.0,0.0,64.05,2.67348087705897,1.0,0.0,4.0,0.6324555320336759,0
571,0.9471122529803626,0.020690706652939875,0.014500401980681529,0.007561057721008528,0.0004577335004469542,0.00023022831723209174,100.0,0.0,63.35,2.937260628544903,1.05,0.21794494717703372,4.35,0.6538348415311012,0
572,0.9486125197376707,0.019042918515725933,0.013522523341094625,0.007477045739447208,0.00045268352239730814,0.00020567235895914038,100.0,0.0,63.65,2.7617928959282954,1.05,0.21794494717703372,4.35,0.7262919523166975,0
573,0.9490275330147394,0.019810010936296196,0.013552387597288124,0.007541659018812359,0.0004399926662559001,0.00021941965844885893,100.0,0.0,63.85,3.66435533211505,1.1,0.3,4.1,0.8306623862918076,0
574,0.9474330937881887,0.018693557667047226,0.013833718021818726,0.006826757271587007,0.00045580733153215613,0.00019275147988377913,100.0,0.0,63.7,3.579106033634656,1.05,0.21794494717703372,4.45,0.8645808232895291,0
575,0.9474199299171499,0.0205246364108678,0.014551932858909256,0.006799026555647338,0.0004434422387630888,0.0001913203003198952,100.0,0.0,63.2,2.694438717061496,1.05,0.21794494717703372,4.25,0.8874119674649424,0
576,0.94321858733785,0.024380017079139515,0.01488752881316328,0.006362954188761594,0.0004979577085577312,0.00025704488471718276,100.0,0.0,63.45,3.866199684444661,1.1,0.3,4.15,0.6538348415311012,0
577,0.9426489137175285,0.020275546373820588,0.014582529270855783,0.006684824489036045,0.0005022011283993578,0.00020050493646894176,100.0,0.0,62.6,1.8547236990991405,1.0,0.0,4.05,0.5894913061275798,0
578,0.9467489594855877,0.016261163439744503,0.013945555236986495,0.0067458093911464245,0.00046187757351935643,0.00017004203758718355,100.0,0.0,62.5,2.819574435974337,1.1,0.3,4.4,0.9165151389911681,0
579,0.9422690350479892,0.01416236278574381,0.013493348403222449,0.006401656059074691,0.0005219352188933336,0.0001338175025358995,100.0,0.0,64.2,2.959729717389748,1.0,0.0,3.9,0.6244997998398398,0
580,0.943979937753568,0.016095947425708686,0.013416502432266608,0.006345862737934587,0.0005011789800396295,0.00011561687942112744,100.0,0.0,63.1,3.4336569426778794,1.05,0.21794494717703367,4.2,0.5099019513592784,0
581,0.9410046722603715,0.015397315199535837,0.013368599781811593,0.005724417446203418,0.0005373701589973716,0.00014077609609326158,100.0,0.0,63.35,2.2643983748448506,1.05,0.2179449471770337,4.1,0.7,0
582,0.9410989813430073,0.015386297736384256,0.014269825581716225,0.0056288703700556044,0.0005274751279394748,0.00014055682950449543,100.0,0.0,62.9,2.662705391138869,1.1,0.3,4.3,0.714142842854285,0
583,0.9409576523347317,0.01802204389193767,0.013931965225903314,0.005630676979496642,0.0005391427149878942,0.00018786586700810645,100.0,0.0,63.3,2.590366769397724,1.0,0.0,4.1,0.7000000000000001,0
584,0.9404700323183585,0.02144373135033149,0.012548817019782272,0.006534282273539145,0.0005504335525593278,0.0002189925498057409,100.0,0.0,63.0,2.0,1.05,0.15,4.3,0.5567764362830021,0
585,0.9403169370314156,0.022607065298473953,0.012737173489910525,0.007472100007767778,0.0005457912333563868,0.0002507994389603511,100.0,0.0,63.55,3.0899029110960754,1.075,0.23848480035423641,4.0,0.6324555320336759,0
586,0.9413705610220688,0.017375560662666312,0.012763735692462927,0.0068763187114100205,0.0005382419629674615,0.0001888417451422833,100.0,0.0,64.0,3.286335345030997,1.0,0.0,3.95,0.5894913061275798,0
587,0.9428063895154202,0.01656188054446051,0.012443055395903815,0.006720985450072386,0.0005211353334405215,0.00018706554150767232,100.0,0.0,62.85,3.1188940347501393,1.075,0.23848480035423641,4.3,0.6403124237432849,0
588,0.9434963372597522,0.02194511516114763,0.01264812784992506,0.007199897357448656,0.000505266133543887,0.0002250874806964856,100.0,0.0,63.5,2.7477263328068173,1.0,0.0,4.15,0.852936105461599,0
589,0.9441558242252726,0.021382248447571413,0.012835099829150456,0.007102599657513958,0.0004976291712661028,0.00021521722371773346,100.0,0.0,63.25,3.6588932752951404,1.025,0.10897247358851683,4.25,0.9420721840708386,0
590,0.9423166710264569,0.023535167756811623,0.014274169424521832,0.006874235589197464,0.0005037052343957523,0.00023059044612683383,100.0,0.0,62.55,2.765411361804967,1.075,0.23848480035423641,4.35,0.653834841531101,0
591,0.944959451507839,0.019202677879372965,0.014493069879470652,0.006658067737353595,0.00047178973981881723,0.00017164993026609583,100.0,0.0,62.65,2.688401011754013,1.175,0.36314597615834876,4.0,0.6324555320336759,0
592,0.9468630883236722,0.017024903215107176,0.014131054899212712,0.0070078429343567415,0.00046165463042571167,0.00016127354732293513,100.0,0.0,62.1,3.9862262855989496,1.2,0.4,4.15,0.5722761571129799,0
593,0.944704106082917,0.019717198691804234,0.014909398465336718,0.0067150397950500535,0.0004771630885839257,0.0001961373915845795,100.0,0.0,62.25,3.6038174204584785,1.25,0.4330127018922193,4.3,0.5567764362830021,0
594,0.9455585824068166,0.01925627195027197,0.013457382747668764,0.006477129401849008,0.0004962523680793353,0.00019590663323507064,100.0,0.0,63.15,1.930673457630782,1.0,0.0,4.4,0.6633249580710799,0
595,0.9440152859926998,0.022589494824838477,0.012648552379054514,0.007192896532113586,0.0005195465384551254,0.00025421574568895396,100.0,0.0,62.85,2.351063589101749,1.05,0.21794494717703372,4.5,0.6708203932499369,0
596,0.9438587973956221,0.025428834924518126,0.012701565022010577,0.006770491792597302,0.0005177942111167028,0.0003106914177298724,100.0,0.0,64.25,2.5470571253900056,1.0,0.0,4.2,0.6,0
597,0.9490435210166412,0.018161786583795022,0.012428267181507753,0.0065457053234316805,0.00045656127460595426,0.00017885166114569562,100.0,0.0,62.65,3.2752862470324633,1.1,0.3,4.25,0.698212002188447,0
598,0.9431879826507213,0.02214209648390895,0.013691375707754177,0.006529450909188248,0.0005129506401976373,0.0002432165935194095,100.0,0.0,63.35,3.118894034750139,1.075,0.23848480035423641,4.35,0.9096702699330126,0
599,0.945110241772622,0.022326957161873277,0.012399723021311407,0.007322899956749943,0.0004993975728236913,0.00025674404416121455,100.0,0.0,64.45,3.0409702399069944,1.075,0.23848480035423641,4.1,0.7000000000000001,0
600,0.9434694410076846,0.018842554741774292,0.012669119288946293,0.006532137835010245,0.0005203398139195948,0.00022055972456016686,100.0,0.0,63.45,2.4387496796514396,1.025,0.10897247358851683,4.05,0.6689544080129826,0
601,0.9465377858932644,0.01931218332211117,0.012483936626280506,0.006807242765164506,0.0004793136908052652,0.00020088148689895546,100.0,0.0,63.25,3.2384409829422554,1.05,0.21794494717703372,4.55,0.9205976319760985,0
602,0.9460586225608004,0.018361503063864866,0.011728552143912186,0.006394666442082925,0.000498007945477149,0.00017838376342402292,100.0,0.0,62.6,3.4263683398023628,1.175,0.36314597615834876,4.35,0.7921489758877431,0
603,0.9477266173966304,0.01726578155703327,0.011196158567636342,0.007116168357205846,0.0004887718372830671,0.00022891622599596805,100.0,0.0,64.7,3.4510867853474796,1.1,0.3,3.85,0.47696960070847283,0
604,0.9472917499063372,0.021484209145915333,0.010498164318348987,0.0064389396966376975,0.0005094564212091352,0.0002692440896271969,100.0,0.0,63.1,3.845776904605882,1.05,0.21794494717703372,4.25,0.698212002188447,0
605,0.944678636063726,0.02429720339674012,0.011122524835043283,0.005473028642209874,0.0005365922482859258,0.0002698140197268248,100.0,0.0,64.35,2.725344014982329,1.0,0.0,4.0,0.6324555320336759,0
606,0.947157547744545,0.01962023072470342,0.012142462943820372,0.0058172418987478295,0.0004917635171490513,0.00020492814146843362,100.0,0.0,64.1,2.364318083507378,1.0,0.0,4.2,0.5099019513592784,0
607,0.9464814064131147,0.018292557399826388,0.011662439242496036,0.00564022708626657,0.0005086464442853992,0.00020189886967196083,100.0,0.0,64.45,1.9868316486305526,1.0,0.0,4.05,0.5894913061275798,0
608,0.9477694857899573,0.016163605984922037,0.01334592034299056,0.004855284535442501,0.00047474206509216614,0.0001716276151444148,100.0,0.0,62.95,3.1697791721190924,1.175,0.36314597615834876,4.15,0.4769696007084728,0
609,0.9489978722386436,0.021039486886201438,0.013099073226724026,0.006065792039999851,0.00045684771556880253,0.00024190775136422455,100.0,0.0,64.65,3.395217224272992,1.05,0.21794494717703372,4.4,1.1575836902790224,0
610,0.9491374411584822,0.018029713737572464,0.013248574798356911,0.0063857183967068855,0.0004535836890629862,0.00017502170763906275,100.0,0.0,62.8,3.171750305430741,1.125,0.3112474899497183,4.25,0.5361902647381804,0
611,0.9437147396601429,0.020882729293247523,0.014633112200201076,0.00745375055998579,0.0004870695483642767,0.0001796542356199259,100.0,0.0,63.1,3.40440890610984,1.1,0.3,4.4,0.7348469228349535,0
612,0.9418867696260632,0.021620695413520827,0.014553304137214987,0.00703308451967482,0.0005191937594832672,0.0001988746923774947,100.0,0.0,63.1,2.964793416074719,1.05,0.21794494717703372,4.4,0.9165151389911679,0
613,0.9446561095219316,0.021280746876184933,0.014398506077097898,0.0078026232258269455,0.0004791659324918199,0.00016943074393455842,100.0,0.0,64.2,3.009983388658482,1.0,0.0,4.25,0.8874119674649424,0
614,0.9409369494602077,0.02171820670877975,0.01457415152224468,0.00818720760269189,0.0005216403700915594,0.0001937471158606138,100.0,0.0,63.05,3.0736785778607363,1.1,0.3,3.9,0.43588989435406733,0
615,0.9441534450145156,0.0233744518666701,0.014249651679753561,0.007996901116346159,0.00048467311935373563,0.0002058862750724045,100.0,0.0,63.35,2.885740806101615,1.0,0.0,4.35,0.7921489758877431,0
616,0.9430922230083301,0.026163843898104854,0.0143803298593693,0.0081187070825645,0.0004928032517507585,0.0002125568210946953,100.0,0.0,63.5,3.8535697735995385,1.05,0.21794494717703372,4.4,0.5830951894845301,0
617,0.9432316889808326,0.02699196507859292,0.015030409156940847,0.008326045715562898,0.00048331715762799544,0.00023495986647944407,100.0,0.0,63.1,3.080584360149872,1.05,0.21794494717703367,4.5,0.7416198487095663,0
618,0.9446616502182532,0.023367982943451604,0.014847759911789488,0.008015151870485427,0.000469610330875052,0.0002001485990444532,100.0,0.0,63.25,3.884263121880391,1.125,0.3112474899497183,4.35,0.7262919523166976,0
619,0.942448606529027,0.023413512703339853,0.01393888658651404,0.008184811244508946,0.0005075573141003281,0.00024198394581176723,100.0,0.0,63.45,2.5975950415721076,1.05,0.21794494717703372,4.25,0.6224949798994366,0
620,0.9439043826827895,0.02107660758452144,0.013830392597566141,0.007105272986212001,0.0005066034650705132,0.000251517286877394,100.0,0.0,63.05,2.8368115905008566,1.0,0.0,4.1,0.5385164807134504,0
621,0.9455409465796633,0.021938003311304227,0.013132775603668661,0.007311653013091941,0.0004893134645254091,0.0002524286587525598,100.0,0.0,63.45,2.5391927851189244,1.05,0.21794494717703372,4.2,0.5099019513592784,0
622,0.9432694028172707,0.02389931152143873,0.015192373670622868,0.0072497334738416165,0.0004887972111742339,0.00027053458945044376,100.0,0.0,63.9,3.8845849199110063,1.2,0.4,3.95,0.49749371855331004,0
623,0.94378469320945,0.0232047609498736,0.014715075588673951,0.006755153800523513,0.000491624151887756,0.0002747457763631221,100.0,0.0,62.55,2.2688102609076854,1.075,0.23848480035423641,4.4,0.7348469228349535,0
624,0.93959694439625,0.026581023587394566,0.015282892425345201,0.006935687953124559,0.0005346027266225565,0.0003026275182498655,100.0,0.0,63.7,3.179622619116929,1.1,0.3,4.3,0.5567764362830021,0
625,0.9418572707355247,0.03153219582607183,0.015126058920267766,0.006729511549105301,0.0005159373997316831,0.0003433982059115382,100.0,0.0,63.1,2.7730849247724096,1.1,0.3,4.55,0.8046738469715541,0
626,0.948652209725112,0.02146704036343301,0.013793533687645524,0.0068847295958742215,0.0004429096724371328,0.00021904297593899435,100.0,0.0,63.35,3.070423423568808,1.1,0.3,4.3,0.8426149773176358,0
627,0.9490237211559475,0.021784142200299096,0.012239934415791581,0.006856682448253076,0.00045609142397419304,0.00024107613858272609,100.0,0.0,62.65,2.815581645060217,1.275,0.40233692348577704,4.0,0.5477225575051661,0
628,0.9458501790937621,0.02436475931910847,0.011965143344064056,0.007200967127377557,0.0004961048821706507,0.00029607178884485697,100.0,0.0,63.35,4.210403781111736,1.15,0.3570714214271425,4.35,0.6538348415311012,0
629,0.9426699633553349,0.021864209996068536,0.012527238854152644,0.007740094615985056,0.0005186015098893486,0.00023952288005060128,100.0,0.0,63.8,3.0594117081556704,1.025,0.10897247358851683,3.9,0.7000000000000001,0
630,0.9399141489963949,0.0226760147719472,0.01374097436332059,0.007243589714796831,0.0005464048332183035,0.000270899069714674,100.0,0.0,62.9,3.0967725134404045,1.025,0.10897247358851683,4.35,0.7921489758877431,0
631,0.9388588497856502,0.024097929088143382,0.014803035449803612,0.00733886362551457,0.0005392086703263111,0.00024824266402392864,100.0,0.0,63.75,2.9643717715563276,1.05,0.15,4.25,0.82915619758885,0
632,0.9357802888479647,0.02314802450750507,0.014828609560064727,0.007036147278835483,0.0005864136337010469,0.0002573084766774137,100.0,0.0,64.0,3.0,1.05,0.21794494717703372,3.95,0.6689544080129826,0
633,0.9362443707276228,0.020962419684813386,0.014943120476812025,0.007371325336355794,0.0005579264235407818,0.00021316256174483514,100.0,0.0,63.95,2.9744747435471695,1.075,0.23848480035423641,4.1,0.9433981132056604,0
634,0.9339741000637701,0.022157936401795263,0.015282945191063737,0.006672939371077282,0.0005895229788851992,0.00025473707815892117,100.0,0.0,62.4,3.039736830714133,1.05,0.21794494717703372,4.25,0.6224949798994366,0
635,0.9376438706406166,0.022605286630416846,0.015459648197012612,0.007049774747325682,0.0005365360444578336,0.0002295669076889499,100.0,0.0,62.9,2.896549671592048,1.15,0.32015621187164245,4.25,0.7664854858377946,0
636,0.9390416311000189,0.02229391087927241,0.015789315771434474,0.006886404615880283,0.0005134028625810743,0.00021331282794232942,100.0,0.0,64.65,2.725344014982329,1.0,0.0,4.3,1.0049875621120892,0
637,0.9388589164042065,0.024301255763112255,0.015106436715181998,0.006729161255645115,0.0005350983730775537,0.0002606337273130156,100.0,0.0,60.35,2.903015673398957,1.25,0.4330127018922193,4.45,0.9205976319760985,0
638,0.9368982026314745,0.02839158712572181,0.015428244610102504,0.006700834313961035,0.0005597521482419968,0.00033879952097329037,100.0,0.0,62.8,2.5019992006393608,1.1,0.3,4.15,0.7262919523166975,0
639,0.9340189704816219,0.020120663216505706,0.016641333713653318,0.007400788140754046,0.0005777591596357182,0.00023854534133709254,100.0,0.0,63.7,3.4073450074801643,1.05,0.21794494717703372,4.15,0.7262919523166976,0
640,0.9339630195129661,0.022026429733089728,0.01573451397379982,0.007380514440760076,0.0005836783077491057,0.00026552609322626767,100.0,0.0,62.9,3.448187929913334,1.0,0.0,4.35,0.6538348415311012,0
641,0.9374264147089141,0.018156391268137277,0.014920050711568447,0.007377577110324002,0.0005551821580055256,0.0002377595167744092,100.0,0.0,63.85,2.197157254271983,1.0,0.0,4.2,0.6782329983125268,0
642,0.9374101254361242,0.015377541695181204,0.014788823708446605,0.007289402584334354,0.0005555970981844091,0.00019201190540906807,100.0,0.0,63.85,3.1507935508376304,1.025,0.10897247358851683,4.05,0.49749371855331,0
643,0.9367594780744941,0.01950486080733504,0.01548673022649947,0.007061017882591471,0.0005602586805280506,0.0002488584580422914,100.0,0.0,64.4,3.352610922848042,1.075,0.23848480035423641,4.4,0.9695359714832659,0
644,0.9405663576303229,0.020890961568232277,0.0156086464293205,0.006986280972334152,0.000509651947110055,0.00023332304484225558,100.0,0.0,62.4,3.0724582991474434,1.05,0.21794494717703372,4.25,0.5361902647381804,0
645,0.9390495023226519,0.021930914494142358,0.015773767199809885,0.006602961481735004,0.0005259339254755687,0.00025775785140435084,100.0,0.0,63.95,2.3553131426627756,1.05,0.21794494717703372,4.3,0.9539392014169457,0
646,0.9427025785672878,0.01913967720603716,0.015079864763714024,0.007949883539386813,0.00047378683753736376,0.0001935513854636517,100.0,0.0,62.45,2.4794152536434875,1.125,0.3112474899497183,4.2,0.6,0
647,0.938438386331919,0.017899144799938985,0.015389407602382879,0.008886309420217564,0.0005147149140174166,0.0001796029359596848,100.0,0.0,64.4,3.3970575502926055,1.025,0.10897247358851683,4.25,0.5361902647381804,0
648,0.9355694941675161,0.019321295400675384,0.01616872973171829,0.008494807266956048,0.000541544670679571,0.00022674312447879002,100.0,0.0,64.4,2.2891046284519194,1.05,0.21794494717703367,4.05,0.5894913061275798,0
649,0.9369988276351521,0.02142928830556821,0.016673259800024605,0.008025467690917115,0.0005198766514069962,0.00022756799037694042,100.0,0.0,62.95,3.4565155865408737,1.2,0.4,4.0,0.7071067811865476,0
650,0.9379661175160681,0.022996853924379244,0.016306106599460104,0.0074360282090321006,0.0005197398270200697,0.00026882876097857864,100.0,0.0,64.65,2.9372606285449034,1.0,0.0,4.3,0.5567764362830022,0
651,0.9337334722935813,0.021228254743117753,0.01638300855341346,0.0075804155554149485,0.0005679281759456932,0.00024889471398265836,100.0,0.0,63.7,2.5903667693977237,1.025,0.10897247358851683,4.1,0.6244997998398398,0
652,0.936702650781083,0.021093075288241715,0.01662733413290029,0.007743197202111055,0.0005325460427986035,0.0002138449479577535,100.0,0.0,63.45,3.5563323804166562,1.075,0.23848480035423641,4.45,0.6689544080129827,0
653,0.9345269064042876,0.02451213551043214,0.01651265072611821,0.007716460954136106,0.0005620729678968719,0.0002588111753972622,100.0,0.0,63.6,3.7067505985701277,1.075,0.23848480035423641,4.3,0.6403124237432849,0
654,0.9402416727655373,0.024692343882156822,0.01602114121484228,0.008211248070362961,0.0004907711610569919,0.00024249698090523475,100.0,0.0,64.35,3.3507461855533016,1.05,0.21794494717703367,4.25,0.7664854858377946,0
655,0.9380693255971299,0.023969635100419034,0.017265999781805062,0.00810192028552657,0.0005036008530872202,0.00023638827751557936,100.0,0.0,63.65,3.8376425054973526,1.0,0.0,4.2,0.6,0
656,0.9393725337396693,0.02325356183492079,0.016550210659879376,0.008571970868030665,0.0004956728534810766,0.00020489572251210976,100.0,0.0,63.3,3.018277654557314,1.0,0.0,4.2,0.812403840463596,0
657,0.9398176662526234,0.025144624661949888,0.015703223317472537,0.007817598421109616,0.0005116584203466696,0.0002394494873737328,100.0,0.0,64.15,2.95423424934449,1.025,0.10897247358851683,4.35,0.7262919523166975,0
658,0.938974406546159,0.022324101003141587,0.017382057133577527,0.007388481519468645,0.0004962510904877955,0.00023404571773974982,100.0,0.0,62.85,2.7436289836637897,1.1,0.2549509756796392,4.25,0.6224949798994366,0
659,0.9370534771455541,0.02389002475942766,0.016709984724937166,0.007612441255262412,0.0005281301998586545,0.00023773193964003568,100.0,0.0,63.9,3.5763109484495335,1.15,0.3570714214271425,3.85,0.852936105461599,0
660,0.9309171473804909,0.025181881393687697,0.01744910802581848,0.006355661942938084,0.0006069993830142269,0.0002568344140113236,100.0,0.0,62.5,3.4713109915419564,1.2,0.4,4.05,0.804673846971554,0
661,0.9324981937143738,0.024288470922133733,0.01606550896960699,0.006551539229540525,0.000604473593604199,0.0002745315289703893,100.0,0.0,61.9,2.808914381037628,1.1,0.3,4.35,0.852936105461599,0
662,0.9344616560477454,0.022238871873263857,0.016246356016299052,0.006770040339773561,0.0005767886669951568,0.00027304738841305655,100.0,0.0,62.25,2.56661255354212,1.0,0.0,4.4,0.9165151389911681,0
663,0.9386721553484092,0.019784401952897622,0.015446977227470047,0.005942793330588864,0.0005351052142705832,0.00022500197066471425,100.0,0.0,64.25,2.9979159427842537,1.1,0.3,4.25,0.82915619758885,0
664,0.9401773806198245,0.014962073948591038,0.016553131002669946,0.005084726865810751,0.0005047058569730538,0.00014795723380206063,100.0,0.0,63.0,2.16794833886788,1.1,0.3,4.0,0.4472135954999579,0
665,0.9396434048634535,0.02046461435123594,0.016712328949881547,0.005798942811151145,0.0005078375200545101,0.00021480912270030895,100.0,0.0,64.05,2.4591665254715873,1.0,0.0,4.05,0.4974937185533099,0
666,0.9381415910243387,0.021810888170443125,0.01653365161840719,0.006379293532203005,0.0005261802597204634,0.0002589000126279448,100.0,0.0,64.0,2.8460498941515415,1.025,0.10897247358851683,4.3,0.714142842854285,0
667,0.9367028207860102,0.024987062950285552,0.01540493804873356,0.0062419591683374135,0.0005604583835299302,0.0003019714307278257,100.0,0.0,63.7,3.6619666847201113,1.125,0.3112474899497183,3.95,0.6689544080129826,0
668,0.9374277173143847,0.021992066102255906,0.015109773964840334,0.008471085988833806,0.0005335129839385563,0.00024948498662750025,100.0,0.0,63.85,2.920188350089768,1.0,0.0,4.25,0.9937303457175896,0
669,0.9391767004697554,0.021997560497213808,0.016444751435714867,0.00842585907563331,0.0004949616000326456,0.00021222163396817346,100.0,0.0,63.8,2.767670500619609,1.0,0.0,4.45,0.6689544080129827,0
670,0.9364967520373554,0.022154733032529076,0.016004654232720673,0.009039675586698688,0.0005400401191427633,0.00020906318040243382,100.0,0.0,62.95,2.9236107812087435,1.05,0.21794494717703372,4.15,0.5722761571129799,0
671,0.9406572173710733,0.021625772454796275,0.016101529916621678,0.007314183036769256,0.000495616063576137,0.00019910810371633476,100.0,0.0,63.0,2.23606797749979,1.0,0.0,4.25,0.6224949798994366,0
672,0.9412022716238001,0.019632635613118482,0.016231151964690802,0.006607325559197013,0.0004965252305292707,0.000219279526639625,100.0,0.0,62.65,2.903015673398957,1.05,0.15,4.05,0.6689544080129826,0
673,0.9395618048929867,0.029090963843595944,0.01560099555143719,0.00707633453338325,0.0005225542817880462,0.0003407506622866828,100.0,0.0,62.55,3.3981612675092396,1.1,0.3,4.35,0.5722761571129799,0
674,0.937641181494284,0.02726725562951092,0.0167943071500829,0.006887879034212084,0.000531516536246668,0.00028908520125390597,100.0,0.0,64.05,2.8543825952384165,1.05,0.21794494717703372,4.5,0.7416198487095663,0
675,0.9390506119125595,0.02155535903325474,0.015497297583363701,0.006573822164129466,0.0005328871772780635,0.00024838823354439703,100.0,0.0,62.75,2.5074887836239665,1.125,0.3112474899497183,4.5,0.7416198487095663,0
676,0.9354487116007022,0.01779349076288896,0.014194528142287974,0.006380986379767236,0.0005987249272642346,0.0002087763923878111,100.0,0.0,63.15,2.5743931323712,1.0,0.0,4.45,0.7399324293474372,0
677,0.9361995967436917,0.01803881016249293,0.014564457560529775,0.007557222575397752,0.0005625908714293273,0.00019720226142706614,100.0,0.0,63.1,2.773084924772409,1.1,0.2549509756796392,4.15,0.6538348415311009,0
678,0.9355535622455186,0.018645117192771715,0.015785203432252298,0.008037424440653244,0.000551336689754488,0.00017706554922496088,100.0,0.0,63.1,2.6438608132804573,1.05,0.21794494717703372,4.15,0.7262919523166976,0
679,0.9371189354593676,0.019577660705284185,0.01646585540607409,0.006870254898022281,0.0005313638894143791,0.00021424966683634164,100.0,0.0,62.4,3.5693136595149495,1.15,0.32015621187164245,4.25,0.5361902647381804,0
680,0.9353642359585498,0.019035291331101774,0.016330798116327268,0.007405655670164404,0.0005468149117213959,0.00016166243381633276,100.0,0.0,64.8,3.249615361854384,1.0,0.0,4.15,0.9630680142129111,0
681,0.9330427654887321,0.019593598430953776,0.017127818322274918,0.007136421696018558,0.0005750011747995872,0.00019272544430126164,100.0,0.0,63.55,3.2630507198019467,1.05,0.21794494717703372,4.4,0.7348469228349535,0
682,0.932423456130133,0.022560328739260435,0.01671867664226615,0.0076503657733470775,0.0005889145795948238,0.0002295737598078503,100.0,0.0,63.75,3.3893214660164652,1.05,0.21794494717703372,4.45,0.9733961166965893,0
683,0.9278407631949539,0.027342414902513417,0.01799584054196443,0.008264288584254556,0.0006127962936517286,0.0002906632541795235,100.0,0.0,63.7,2.685144316419511,1.0,0.0,4.35,0.7262919523166976,0
684,0.9308200894409684,0.019589356193060858,0.016894837031705905,0.007264550394380944,0.0005951556121642133,0.00021591363251981127,100.0,0.0,64.05,2.836811590500857,1.05,0.2179449471770337,4.15,0.7921489758877431,0
685,0.9283833190753269,0.020232198283367198,0.0165199689033518,0.008785165652175827,0.0006324407362697903,0.00025191601018364145,100.0,0.0,64.4,1.772004514666935,1.0,0.0,4.2,0.5099019513592784,0
686,0.928533733666996,0.022124771597053346,0.017584231072084285,0.00894486325038721,0.0005997547613213648,0.0002218928566751875,100.0,0.0,64.25,2.930443652418521,1.025,0.10897247358851683,4.05,0.6689544080129826,0
687,0.9343280203616127,0.0215734918035443,0.017509579012422383,0.007857848108258696,0.000536894084792901,0.00019210997770081336,100.0,0.0,63.4,2.956349099818897,1.0,0.0,4.4,1.0677078252031311,0
688,0.9289940759293447,0.026228269099219867,0.01633685626322925,0.0076097318241894335,0.0006305044816198317,0.00027316361147468397,100.0,0.0,64.05,3.0409702399069936,1.025,0.10897247358851683,4.05,0.739932429347437,0
689,0.9311224807714791,0.024508776339211485,0.016336787871996584,0.007689505282969227,0.0006108199420896745,0.00024230498790088625,100.0,0.0,62.95,3.9303307748839664,1.075,0.23848480035423641,4.35,1.0136567466356647,0
690,0.9320974524855263,0.022752022749793595,0.01682051173360849,0.0059599559845803585,0.000590032020380397,0.0002241769202158145,100.0,0.0,63.7,2.72213151776324,1.05,0.21794494717703372,4.1,0.5385164807134504,0
691,0.9311994806574504,0.026477456293437167,0.016594100773082078,0.006007382689375692,0.0006130919302883449,0.00028991235607017066,100.0,0.0,63.2,3.5721142198983498,1.075,0.23848480035423641,4.25,0.9937303457175896,0
692,0.9276136454217081,0.027105015639506676,0.015609677098964648,0.005613545405215941,0.0006753949865826813,0.0002855539568546551,100.0,0.0,64.2,3.54400902933387,1.1,0.2549509756796392,4.05,0.804673846971554,0
693,0.933551315678784,0.025987316320758732,0.014134684892434145,0.007038525390549879,0.0006065541816490636,0.00023879861885271012,100.0,0.0,64.05,3.3087006513131403,1.05,0.2179449471770337,4.35,0.7921489758877431,0
694,0.936994685659398,0.026984928196065294,0.01373755896149988,0.007627574124797977,0.0005662427557192012,0.0002437745698160201,100.0,0.0,64.05,2.1324868112136124,1.0,0.0,3.9,0.5385164807134504,0
695,0.936554587516726,0.024847873342378902,0.013673022082775935,0.007779659372397545,0.0005816882684676775,0.0002515404507446801,100.0,0.0,62.75,2.6052830940226053,1.075,0.23848480035423641,4.25,0.5361902647381804,0
696,0.9348502018069841,0.022794669785899845,0.015504468135899691,0.007058355060930066,0.000584872967801874,0.00025906027682873423,100.0,0.0,62.8,3.3105890714493693,1.15,0.3570714214271425,4.05,0.6689544080129826,0
697,0.9327076232024089,0.022336271447342942,0.015402555465273336,0.0069824986560368596,0.0006237493463014134,0.0002770022558656631,100.0,0.0,63.55,2.2017038856303994,1.1,0.3,4.15,0.6538348415311012,0
698,0.936352598467326,0.020513770062971167,0.014414042039841146,0.007117528781791763,0.0005838809029483723,0.00020154721998251997,100.0,0.0,62.95,3.0409702399069936,1.025,0.10897247358851683,4.5,0.8660254037844386,0
699,0.9379681728382083,0.019117369747710014,0.014575989009010127,0.007785021224350914,0.0005430754399543259,0.0001903866955043063,100.0,0.0,63.5,3.0903074280724887,1.05,0.21794494717703372,4.0,0.8366600265340756,0
700,0.9375968866886387,0.022508894479648052,0.014729327124046131,0.00767187970076244,0.0005470691836820917,0.00020686473313659428,100.0,0.0,63.05,2.654712790491657,1.05,0.21794494717703372,4.4,0.7348469228349535,0
701,0.9396544170487425,0.01948815938774235,0.014465246213186492,0.007458508466838653,0.0005231623409889506,0.0001541215826098657,100.0,0.0,62.7,3.3331666624997918,1.1,0.3,4.35,0.8529361054615991,0
702,0.9384634126596719,0.022613494071452172,0.013292832984773007,0.006813702465832287,0.0005655617248095588,0.000241833730957742,100.0,0.0,63.75,3.0639027399707057,1.0,0.0,4.35,1.0136567466356645,0
703,0.9425527105506907,0.022345017597917526,0.012716341707881672,0.006934465706630199,0.0005226222091695238,0.00021198952965059247,100.0,0.0,63.95,2.1788758569500923,1.0,0.0,4.0,0.6324555320336759,0
704,0.9429073802658581,0.0200997982004382,0.011833919692935738,0.004790924314396017,0.0005386757108219912,0.0002388664472609446,100.0,0.0,62.75,2.913331426391443,1.1,0.3,4.45,0.8645808232895291,0
705,0.942791096242941,0.02283617477835317,0.012159601859481428,0.005365740187785079,0.0005345325258813243,0.0002689861204949423,100.0,0.0,62.75,2.7363296585024255,1.025,0.10897247358851683,4.35,0.5722761571129799,0
706,0.9397494574595218,0.02467887573010063,0.0115773120623013,0.005035650381101753,0.0005833244459511647,0.00027981781190052556,100.0,0.0,62.6,2.764054992217051,1.0,0.0,4.25,0.6224949798994366,0
707,0.936964459544806,0.022683564201545638,0.01244886706872217,0.006059391716545071,0.0006007381411426669,0.00024990895200350757,100.0,0.0,63.25,3.418698582794336,1.1,0.3,4.1,0.6244997998398398,0
708,0.9404737567465554,0.02039585590196209,0.012856478927697645,0.00568894998692129,0.0005554819498539223,0.00023264396601395686,100.0,0.0,63.25,2.5074887836239665,1.1,0.3,4.2,0.6,0
709,0.9404020748670447,0.02234897939811011,0.012119205469565374,0.0050814863502219336,0.0005720665622866385,0.00024338011472068298,100.0,0.0,62.65,3.4967842369811724,1.1,0.3,4.1,0.7681145747868608,0
710,0.9378120335973602,0.02004140888874243,0.013228619382344315,0.005134512175380897,0.0005980396598494238,0.00021557914557159263,100.0,0.0,63.45,2.801338965566288,1.0,0.0,4.2,0.6,0
711,0.9367309551018655,0.023039663079551662,0.014863465884136784,0.005843280359649578,0.0005844626791262273,0.00024039456517004006,100.0,0.0,63.35,3.6093628246547893,1.1,0.3,4.1,0.7000000000000001,0
712,0.9370344168606957,0.026099160546762395,0.013819871388882349,0.005298998883758156,0.0005919399600758066,0.00029104257956992047,100.0,0.0,63.05,2.479415253643488,1.075,0.23848480035423641,4.3,0.8426149773176358,0
713,0.9417127473215527,0.02491049050762498,0.013578816780168063,0.006479802555184804,0.0005269564117402548,0.0002695896104367447,100.0,0.0,62.6,2.870540018881465,1.075,0.23848480035423641,4.25,0.7664854858377946,0
714,0.9448976978739625,0.017341030885081564,0.013653730298708533,0.0061116678759857365,0.00048655982645336014,0.00018318755495457922,100.0,0.0,64.6,3.7067505985701277,1.05,0.21794494717703372,4.2,0.7483314773547883,0
715,0.9439414432442049,0.015693392995200645,0.01316346730771872,0.006425982913385338,0.0005050360433709755,0.0001566787806403887,100.0,0.0,64.1,2.4677925358506134,1.0,0.0,4.2,0.5099019513592784,0
716,0.9424886959022993,0.01682423161979436,0.013973798493625877,0.006569560604986908,0.0005131988583898086,0.00019659532081186577,100.0,0.0,63.9,2.364318083507378,1.025,0.10897247358851683,4.1,0.6244997998398398,0
717,0.9413195610240935,0.01970015315128659,0.01348812610691547,0.006372484419282656,0.0005348455169316365,0.0002484496102383804,100.0,0.0,62.75,2.913331426391443,1.05,0.21794494717703372,4.15,0.8529361054615991,0
718,0.9362416620597009,0.026479156504288916,0.014293847714148785,0.006657805441627409,0.0005947280021909558,0.0003494412893807197,100.0,0.0,63.45,2.3553131426627756,1.05,0.21794494717703372,3.9,0.7681145747868608,0
719,0.9386654392288605,0.024842845549815456,0.015467347619015841,0.006587749078802998,0.0005470431685069878,0.0002895336094963732,100.0,0.0,63.25,3.404041715373065,1.075,0.23848480035423641,4.2,0.5099019513592784,0
720,0.9390170079749949,0.02302187455480455,0.016106713508094804,0.006236319098806766,0.0005429223218574874,0.0002637575013042637,100.0,0.0,63.55,1.8020821290940099,1.0,0.0,4.25,0.5361902647381804,0
721,0.9385474224697704,0.016993828537284424,0.016942538916087487,0.005181117525683663,0.0005229150459696925,0.00017594934284088888,100.0,0.0,63.55,2.1788758569500923,1.025,0.10897247358851683,4.4,0.58309518948453,0
722,0.9374421930403247,0.02261794871069156,0.016719859463020688,0.006189196049589923,0.000543002173187716,0.0002336496314389532,100.0,0.0,63.2,3.0757112998459397,1.05,0.21794494717703372,4.3,0.6403124237432849,0
723,0.9380523386367707,0.02406885017647045,0.015622635638263268,0.005757275174851462,0.0005558474622112462,0.00025433072570858875,100.0,0.0,63.6,2.615339366124404,1.05,0.21794494717703372,4.35,0.7921489758877431,0
724,0.9347870256300276,0.025368925222827316,0.015944776771707837,0.006475060630933915,0.0005865926650803012,0.00026033955470281477,100.0,0.0,63.7,2.3895606290697042,1.1,0.3,4.2,0.9797958971132712,0
725,0.9347645255393697,0.024697667566119838,0.014468051925438815,0.005602159819953437,0.000623032355858159,0.000258100910492132,100.0,0.0,63.3,3.0675723300355937,1.075,0.23848480035423641,4.4,0.8602325267042626,0
726,0.9397370521916508,0.0263450287427432,0.014188167503663451,0.006921087763415988,0.0005494482541507236,0.00028983083365314433,100.0,0.0,62.75,3.191786333700926,1.2,0.3674234614174767,4.05,0.6689544080129826,0
727,0.9417041323649965,0.025072919787835702,0.01444474905496978,0.006566398348869294,0.0005180639168490103,0.00027710907305987206,100.0,0.0,62.6,2.8530685235374214,1.025,0.10897247358851683,4.05,0.739932429347437,0
728,0.9437919014343443,0.020322734237408806,0.013642918979082772,0.0072510373531596665,0.0004993816960123799,0.00023389381093152188,100.0,0.0,62.95,3.3537292675468007,1.075,0.23848480035423641,4.25,0.5361902647381804,0
729,0.9448611855551542,0.022596857987034612,0.012475652406384574,0.007432024596790396,0.0005010269880312719,0.00024697874768179725,100.0,0.0,63.15,2.6509432283623124,1.075,0.23848480035423641,4.45,0.8046738469715541,0
730,0.945507132265916,0.016297140484213282,0.012445725706299026,0.007274825171014287,0.0004951523943660305,0.00019174118128226713,100.0,0.0,63.3,2.8478061731796287,1.075,0.23848480035423641,4.3,0.9539392014169457,0
731,0.9461523110911265,0.019060753876302586,0.012972119025617396,0.006338536867160458,0.0004843345896164684,0.00019422111023123173,100.0,0.0,63.45,2.9406631905065233,1.0,0.0,4.1,0.7681145747868608,0
732,0.943124799183027,0.019803739983936773,0.013802424824943033,0.00534998315582493,0.0005255297969390329,0.0002457226199378319,100.0,0.0,63.55,3.0736785778607367,1.05,0.21794494717703372,4.05,0.6689544080129826,0
733,0.9403732723282252,0.025401970853011865,0.013445921362606056,0.005778504681276366,0.0005628203687190451,0.0003317841134794712,100.0,0.0,62.85,4.80910594601533,1.1,0.3,4.4,0.66332495807108,0
734,0.9406244051111455,0.020226773309729943,0.015357517864559883,0.005334240725425883,0.0005265497398925139,0.00020567220687266945,100.0,0.0,62.95,3.3686050525402944,1.0,0.0,4.35,0.7262919523166975,0
735,0.9391509525316671,0.023856964959489763,0.015446679898520485,0.006195481375635816,0.0005458914658465002,0.0002713969038962832,100.0,0.0,62.15,2.4753787588973126,1.225,0.40233692348577704,4.2,0.6782329983125269,0
736,0.942776582928117,0.021642394670082183,0.014955643800332116,0.006900924145263313,0.0004983275078096879,0.00025319850655484744,100.0,0.0,64.1,2.844292530665578,1.0,0.0,3.85,0.47696960070847283,0
737,0.9471236546669118,0.020753795024081235,0.014316845283103476,0.006994338861352532,0.00045722605453287055,0.00023277828133848146,100.0,0.0,63.7,3.1480152477394387,1.025,0.10897247358851683,4.5,0.806225774829855,0
738,0.9435823781013623,0.02042200283727923,0.014746908263250055,0.006209564885721252,0.0004997457643148636,0.00023909761544462456,100.0,0.0,63.65,3.1666228067138023,1.0,0.0,4.15,0.653834841531101,0
739,0.9445707471284658,0.016036825611607332,0.014151208318481549,0.006753905481821793,0.0004907132333730674,0.00018327246269302853,100.0,0.0,63.9,3.345145736735546,1.05,0.21794494717703372,4.15,0.9096702699330127,0
740,0.9449326541132248,0.017715167930307252,0.014498010696770574,0.006759766778148995,0.0004865917899689187,0.0001797129747769776,100.0,0.0,64.4,2.8178005607210737,1.0,0.0,4.25,0.5361902647381804,0
741,0.945633312256752,0.020841060310920038,0.014434347536488604,0.006806294045077277,0.0004761455089699054,0.00027311476453653643,100.0,0.0,63.6,3.8131351929875237,1.05,0.21794494717703372,4.55,0.7399324293474372,0
742,0.9432988162661278,0.02408105879033973,0.01630482151666692,0.007325120287823413,0.0004721126371812952,0.0002541054347706315,100.0,0.0,63.05,1.9868316486305526,1.075,0.23848480035423641,4.45,0.5894913061275798,0
743,0.9453609952950828,0.022765286775066527,0.015470326189516959,0.006188157045845708,0.0004756295605656723,0.0002503034228428257,100.0,0.0,64.8,2.803569153775237,1.0,0.0,4.3,0.9,0
744,0.9466736548662265,0.019238007474931568,0.014329547991574713,0.006483966834362345,0.0004658853637726808,0.0001957246507331681,100.0,0.0,62.95,2.6358110706194404,1.075,0.23848480035423641,4.3,0.714142842854285,0
745,0.947379719064919,0.019319430567409472,0.01399598845356222,0.006848532983222324,0.0004556956217234206,0.00020294771256126,100.0,0.0,63.75,3.0475399915341552,1.1,0.3,4.15,0.7262919523166975,0
746,0.9446318068383517,0.020228445930545128,0.012439752507661031,0.006876854936690455,0.0005171995959358354,0.00022635983224132775,100.0,0.0,63.4,2.4979991993593593,1.0,0.0,4.2,0.39999999999999997,0
747,0.9439772330620342,0.017296538119764605,0.014075621335653751,0.00517879817558416,0.0005084565050968936,0.00022864087883418208,100.0,0.0,62.6,3.4698703145794947,1.0,0.0,4.65,0.9096702699330126,0
748,0.9463168566841011,0.017095877715752807,0.014042882677453359,0.00599356374777368,0.00047092803523138824,0.00019536239342018687,100.0,0.0,62.35,3.1507935508376295,1.125,0.3112474899497183,4.45,0.7399324293474372,0
749,0.9478849167777614,0.015887094918834204,0.014439576068948407,0.005987621801054213,0.00045435850326470815,0.00015627748476673123,100.0,0.0,64.25,2.5074887836239665,1.0,0.0,4.25,0.5361902647381804,0
750,0.9493933110179713,0.017443092917398855,0.014059904641389653,0.005681825392430382,0.000436361106912966,0.0001720675366565778,100.0,0.0,63.55,3.5422450508117027,1.125,0.3112474899497183,4.25,0.6224949798994366,0
751,0.9436815004399698,0.01837805466647106,0.014575902372256682,0.005703515274656337,0.000499123603119062,0.0001965087621264431,100.0,0.0,64.8,3.1240998703626612,1.05,0.21794494717703372,3.95,0.6689544080129827,0
752,0.9458940579811447,0.018665910634068406,0.014640612640058717,0.005109125072849421,0.00047103108155038267,0.00019505277711120755,100.0,0.0,64.55,2.7834331319433563,1.0,0.0,4.2,0.5099019513592784,0
753,0.9433033515822897,0.024209486904593194,0.01479943741946083,0.006904781247585182,0.0004903179021755222,0.00023473337479855942,100.0,0.0,62.7,3.0838287890218554,1.125,0.3112474899497183,4.0,0.7071067811865476,0
754,0.9451145666156577,0.021432322326477838,0.014000353990709705,0.007033590608884974,0.00048058243703054333,0.00020686663990218486,100.0,0.0,63.2,3.6687872655688283,1.175,0.36314597615834876,4.4,1.0198039027185568,0
755,0.9459365350596766,0.023501244570401755,0.014494459968690093,0.007342247106802166,0.0004598568755524008,0.00021533374020667209,100.0,0.0,63.4,3.1048349392520045,1.0,0.0,4.3,0.6403124237432849,0
756,0.9438317241429761,0.020354112507335265,0.015069473570836007,0.006659083940877025,0.000482325462946506,0.00018528894871458403,100.0,0.0,63.0,2.8809720581775866,1.0,0.0,4.6,0.8602325267042626,0
757,0.9463818432382844,0.02163980232525713,0.0150503217549517,0.007138051433845062,0.0004477245630142597,0.00020562719083029704,100.0,0.0,63.85,2.7977669667075564,1.125,0.3112474899497183,4.0,0.7745966692414834,0
758,0.9498437729469318,0.021240965783336056,0.014418005328900252,0.006998899870419201,0.0004206233822549526,0.00020303247096925336,100.0,0.0,63.15,3.1348843678834477,1.15,0.32015621187164245,4.0,0.6324555320336759,0
759,0.9477510565613002,0.018547729701718755,0.013837792673142344,0.006537520343980047,0.0004553873948196231,0.00018666732416820365,100.0,0.0,64.05,2.5194245374688244,1.05,0.21794494717703367,4.2,1.0770329614269007,0
760,0.9485204438836463,0.021562594230713304,0.014061424976982798,0.006484631502075839,0.0004457545221280314,0.00020984682913909486,100.0,0.0,63.55,3.089902911096076,1.075,0.23848480035423641,4.3,0.714142842854285,0
761,0.9481348036059402,0.022712655545750728,0.014779211117536838,0.006925640053423071,0.0004390314055555288,0.00023167952298181098,100.0,0.0,62.05,4.684815898197067,1.175,0.36314597615834876,4.1,0.6244997998398398,0
762,0.9425593875446084,0.023287045153524324,0.014313174527333203,0.006422345205756096,0.000517717600658587,0.00024987984218693233,100.0,0.0,62.25,3.7399866309921483,1.15,0.3570714214271425,4.1,0.8306623862918074,0
763,0.9424750341401567,0.022728428970356013,0.01490216963063706,0.006138477414977095,0.0005060654245450972,0.00023577107930649547,100.0,0.0,63.75,3.476708213238494,1.15,0.3570714214271425,4.1,0.6244997998398398,0
764,0.9432606447322774,0.020259805961912465,0.014623928903182768,0.006092066124094512,0.0004962973328294957,0.00019078165588108713,100.0,0.0,63.05,2.1788758569500923,1.0,0.0,4.0,0.4472135954999579,0
765,0.9411582682487231,0.02578383903493877,0.013556308546084351,0.006027353407811906,0.0005407487753292163,0.00025006916360266175,100.0,0.0,63.7,2.5709920264364885,1.0,0.0,4.05,0.5894913061275798,0
766,0.944196866526047,0.021395119978985747,0.012677258372237227,0.006820031281813434,0.0005048870424872463,0.00023272379060415452,100.0,0.0,63.55,2.3973944189473704,1.125,0.3112474899497183,4.15,0.5722761571129799,0
767,0.9416629866542833,0.022489251008010677,0.011271105806020117,0.006850503073054212,0.0005592762248213061,0.00027328930061019496,100.0,0.0,63.6,3.3376638536557275,1.1,0.3,4.25,0.698212002188447,0
768,0.9430100849188818,0.02397080253138622,0.011368591725894779,0.006573532622125965,0.0005466722086994862,0.0003068552368724526,100.0,0.0,63.2,2.249444375840399,1.0,0.0,4.2,0.812403840463596,0
769,0.9401829886486007,0.020549015402150254,0.012666794932459152,0.00736898647685798,0.000554355917091042,0.00024168173474175536,100.0,0.0,63.55,2.4387496796514396,1.0,0.0,4.4,0.7999999999999999,0
770,0.9392250262964161,0.019406200281170523,0.013452910729082274,0.007872230889384987,0.0005495954973434045,0.00023431265931661473,100.0,0.0,63.55,3.4128433893163046,1.0,0.0,4.45,0.9205976319760985,0
771,0.9370438998214914,0.02739041088009548,0.012611990391127498,0.00824348748175004,0.0005820111744296332,0.00028993408627324684,100.0,0.0,64.1,3.6728735344413916,1.075,0.23848480035423641,4.3,0.8426149773176358,0
772,0.940961785479719,0.0256898587359309,0.011606226340890579,0.007614319543176059,0.0005532301858369858,0.0002730947178845659,100.0,0.0,64.55,3.2011716605018234,1.075,0.23848480035423641,4.15,0.7921489758877431,0
773,0.942330944175378,0.025681807950395763,0.011254679228073447,0.007670591377148127,0.0005457876447411184,0.00024711860773689147,100.0,0.0,63.4,3.903844259188627,1.1,0.3,4.3,0.7810249675906654,0
774,0.9403973876422611,0.025133766794830446,0.01069933777449001,0.007116630314464809,0.0005791705369100977,0.0002695781635099233,100.0,0.0,64.1,3.080584360149872,1.0,0.0,4.05,0.6689544080129826,0
775,0.9411879307568585,0.021637116521634043,0.012083691228732311,0.006264792477336418,0.0005598111714087537,0.00023225927247486782,100.0,0.0,63.5,2.7838821814150108,1.0,0.0,4.1,0.6244997998398398,0
776,0.9423759691505783,0.029245376519498892,0.011510071634744493,0.007247092944549442,0.0005505258394538652,0.00032726776764072243,100.0,0.0,63.0,2.345207879911715,1.0,0.0,4.05,0.6689544080129826,0
777,0.9375027649256085,0.025518628936330813,0.012403104687814557,0.007458087055676816,0.0006096294296943051,0.0003109995475202823,100.0,0.0,62.6,3.1208973068654475,1.15,0.3570714214271425,4.6,0.7348469228349535,0
778,0.9412823654828715,0.021472090339127007,0.012238290549857955,0.007982589678400119,0.0005554960546165137,0.0002629382351163547,100.0,0.0,62.45,2.7654113618049667,1.125,0.3112474899497183,4.1,0.6244997998398398,0
779,0.9444511819329555,0.024461707074856582,0.012141975472689793,0.007785863331481625,0.0005129658159456149,0.00027684905208814794,100.0,0.0,64.25,2.342541355024496,1.05,0.21794494717703372,4.1,0.7681145747868608,0
780,0.9454977203062788,0.025552995101795352,0.010842306770567006,0.008084331755883994,0.0005195973382436824,0.0002734545955437589,100.0,0.0,63.65,3.424543765233553,1.1,0.3,4.2,0.6,0
781,0.9449350280009112,0.024941424366886636,0.011015965369851598,0.007718187569902544,0.0005321069873384962,0.0002850005773365869,100.0,0.0,63.6,3.1685959035509725,1.05,0.21794494717703372,4.1,0.7000000000000001,0
782,0.9441221498545038,0.025810879120674854,0.010620774398963442,0.00800885828899986,0.0005411578483026011,0.0002922835416620899,100.0,0.0,63.1,2.6057628441590768,1.0,0.0,4.4,0.66332495807108,0
783,0.9414739123267214,0.028121414477206518,0.010775572916428751,0.006837033909036832,0.000586996633701161,0.0003512397126443952,100.0,0.0,63.3,3.4655446902326914,1.1,0.3,4.1,0.5385164807134504,0
784,0.9447546822494546,0.022778674037646426,0.012180309861879252,0.006754448762217066,0.0005188794672672417,0.0002490466010917251,100.0,0.0,64.4,2.956349099818896,1.025,0.10897247358851683,3.95,0.6689544080129826,0
785,0.9405402593867208,0.022397587067024022,0.012406694559729073,0.005663552369431551,0.0005737366263476579,0.0002841868098117629,100.0,0.0,64.3,2.3473389188611007,1.0,0.0,4.15,0.6538348415311012,0
786,0.9395954694886248,0.0248893773106724,0.012851340793887552,0.0066388533066247925,0.0005653574595565348,0.0002680570510137896,100.0,0.0,62.65,3.1666228067138023,1.025,0.10897247358851683,4.4,0.6633249580710799,0
787,0.943190400179386,0.022630035229827122,0.012564665422745045,0.006279568131293061,0.0005250040566259248,0.0002713828272237518,100.0,0.0,63.95,2.0365411854416298,1.0,0.0,4.05,0.3840572873934304,0
788,0.9422361072921286,0.01886587602775721,0.012571546449187903,0.005554330553595595,0.0005458840927163588,0.00023006030352082997,100.0,0.0,64.6,2.4779023386727737,1.0,0.0,4.1,0.7,0
789,0.9410063990174512,0.019249788748863683,0.012713750700362719,0.0057091951294510335,0.0005521474599431738,0.0002316752309178199,100.0,0.0,63.95,2.9236107812087435,1.025,0.10897247358851683,4.0,0.6324555320336759,0
790,0.9400344872034756,0.01929497343700388,0.012574505866922294,0.005593696227955784,0.0005663958247339452,0.00024290341492998725,100.0,0.0,64.35,3.118894034750139,1.075,0.23848480035423641,4.1,0.7681145747868608,0
791,0.9386546573380491,0.02246544136770184,0.01163640796387554,0.005986716967179342,0.0005881960210829859,0.00026586257002820444,100.0,0.0,62.95,2.7472713735632306,1.0,0.0,4.25,0.82915619758885,0
792,0.9364374667009153,0.02040543776474606,0.012088880573158638,0.0059689265965162525,0.0006136117481190886,0.00023425816537020724,100.0,0.0,62.45,2.923610781208744,1.175,0.36314597615834876,4.35,0.9630680142129111,0
793,0.9350275285532759,0.023799038193811593,0.012834175200721276,0.00674076111984492,0.0006116652960346115,0.0002518352662155974,100.0,0.0,62.35,2.8857408061016154,1.15,0.3570714214271425,4.2,0.6782329983125269,0
794,0.9381342929851757,0.02169702044761664,0.010486983367000031,0.006079952908306663,0.0006066995739928043,0.0002274036920286026,100.0,0.0,64.6,3.4698703145794942,1.15,0.3570714214271425,4.15,0.653834841531101,0
795,0.9396594483275541,0.019028281304596707,0.010140386521354124,0.006221684537595376,0.0005946305186200487,0.00022598129854526405,100.0,0.0,63.65,2.669737814842499,1.05,0.21794494717703372,4.3,0.5567764362830021,0
796,0.942185199366557,0.01754000075769618,0.010609377968761652,0.005624574017548215,0.0005649424097165555,0.00019778559267011328,100.0,0.0,64.15,4.304358256465184,1.1,0.3,4.2,0.6782329983125268,0
797,0.9423866320050424,0.02027096912211958,0.010948810033450303,0.005975521105513577,0.0005538305972371007,0.00024378717766405003,100.0,0.0,63.05,3.1855140872392953,1.1,0.3,4.55,0.8645808232895291,0
798,0.9401896907109268,0.020606009174580376,0.011309548843653087,0.005849428244189062,0.000589854645440096,0.00023009015642808721,100.0,0.0,62.4,3.184336665618132,1.05,0.21794494717703372,4.75,0.7664854858377946,0
799,0.9380105386216849,0.023876282726234092,0.010216770678850445,0.00497226356613142,0.0006422033335994218,0.000278589715021733,100.0,0.0,62.5,2.9410882339705484,1.05,0.21794494717703372,4.45,0.6689544080129827,0
800,0.9403156893666754,0.025184820068466222,0.009801203201368488,0.00496578572882053,0.0006079060661745589,0.0002786829539819332,100.0,0.0,63.5,2.9916550603303182,1.025,0.10897247358851683,4.4,0.4898979485566356,0
801,0.9375154198095711,0.02786892811664554,0.010347844884416368,0.006264397814173685,0.0006279494539087279,0.0003317994568220913,100.0,0.0,63.05,2.4591665254715873,1.05,0.21794494717703372,4.15,0.6538348415311012,0
802,0.9394475074188889,0.028048180269847473,0.010943528652981292,0.0061444913685504065,0.0005950498953266538,0.0003125751989155376,100.0,0.0,63.7,2.9342801502242426,1.1,0.3,4.1,0.8306623862918076,0
803,0.9376383442641014,0.02855725410886278,0.009314290657492705,0.004682075916590048,0.0006424888786434834,0.0003327091652690828,100.0,0.0,63.45,3.2935543110748915,1.075,0.17853571071357124,4.15,0.5722761571129799,0
804,0.93859344765232,0.029638699575658657,0.01053413723333908,0.005049523003468748,0.0006194654121367871,0.0003072521837396565,100.0,0.0,63.65,3.395217224272992,1.125,0.3112474899497183,3.8,0.5099019513592784,0
805,0.9381192428744523,0.02500970597798662,0.010802422816617367,0.006151350582956338,0.0006113352581430707,0.00025774758646323,100.0,0.0,62.9,3.3000000000000003,1.075,0.23848480035423641,4.45,1.0712142642814275,0
806,0.9345331006977327,0.022175783368425267,0.010962477058606476,0.006172810200863528,0.0006524684594524805,0.00024155012127596495,100.0,0.0,64.05,3.278337993557101,1.05,0.21794494717703372,4.0,0.6324555320336759,0
807,0.934442235614983,0.020659808445988987,0.010876241910876203,0.006417838840498645,0.000651151235703331,0.0002337528728564405,100.0,0.0,63.75,2.8262165522125158,1.0,0.0,4.4,0.6633249580710799,0
808,0.934309986761716,0.023284066097043518,0.012571503995283789,0.0061698762612891166,0.0006317062790284081,0.00025360033089358503,100.0,0.0,63.4,2.4372115213907883,1.05,0.21794494717703372,4.15,0.7262919523166976,0
809,0.9319154109535788,0.02162769051518431,0.013720088109811896,0.006308718275611028,0.0006430777731254384,0.00022484715519150274,100.0,0.0,63.7,3.407345007480164,1.0,0.0,4.35,0.5722761571129799,0
810,0.9347028560349697,0.021508674788254464,0.013315480617591047,0.005173467564737046,0.0006237875827254222,0.0002147327304828222,100.0,0.0,63.65,2.868361901852693,1.05,0.21794494717703372,4.25,0.8874119674649424,0
811,0.9407569819033224,0.020138058709458593,0.013302335946064897,0.005505615304052032,0.0005573309796107116,0.000189338211967504,100.0,0.0,62.8,2.8913664589601917,1.0,0.0,4.25,0.7664854858377946,0
812,0.9412958697350028,0.023531389714900538,0.012722810818151895,0.006294399403003922,0.00055281470227506,0.00021761313055364306,100.0,0.0,64.4,3.6110940170535573,1.05,0.2179449471770337,4.15,0.8529361054615991,0
813,0.943851789299788,0.024497448271573758,0.012490539252499367,0.007820611103323901,0.0005081015385584742,0.00019255762168230022,100.0,0.0,63.25,2.662235902394827,1.0,0.0,4.3,0.9539392014169457,0
814,0.9449282450693597,0.02203366499797477,0.012147193957868965,0.007742582925603503,0.0005002360421068497,0.0001605633940841245,100.0,0.0,63.05,3.3537292675468007,1.05,0.21794494717703372,4.3,0.714142842854285,0
815,0.9426815866137856,0.025921072052705434,0.012326837772442392,0.007893321519102036,0.0005234953167647096,0.00022486349924902388,100.0,0.0,63.85,2.8857408061016154,1.0,0.0,4.15,0.7921489758877431,0
816,0.944272988513597,0.025330462958035968,0.012776084081921896,0.007004314818240841,0.0005057923799708357,0.00021859369193214374,100.0,0.0,64.75,2.5074887836239665,1.075,0.17853571071357124,3.95,0.5894913061275798,0
817,0.9477645987107672,0.024523291788776835,0.011630967273108866,0.00736888402022959,0.00047919213008770274,0.00022471477722428012,100.0,0.0,64.05,3.7745860700214533,1.125,0.3112474899497183,4.05,0.5894913061275798,0
818,0.948309220573463,0.023234906414608653,0.012667550908099234,0.006905699835701626,0.0004672420663059838,0.00022512263715638076,100.0,0.0,63.35,2.4550967394381837,1.0,0.0,3.95,0.49749371855331,0
819,0.9457755274825498,0.021868680403646222,0.01201529341373729,0.007197747861218089,0.0004968838105005923,0.00022182025102053727,100.0,0.0,62.25,2.913331426391443,1.05,0.21794494717703372,4.5,1.02469507659596,0
820,0.9455095132061222,0.021900984661332747,0.011996130139693435,0.006485006800587004,0.0005052770745551978,0.0002322639693454586,100.0,0.0,64.3,3.4365680554879163,1.05,0.21794494717703372,4.1,0.6244997998398398,0
821,0.9436708850031639,0.024375596943130465,0.01226009457967655,0.006182861277260316,0.0005308815468280745,0.00025651941176789363,100.0,0.0,62.65,3.08666486681013,1.05,0.21794494717703372,4.25,0.6224949798994366,0
822,0.9462950633113157,0.021617952879672102,0.012473872072728221,0.006002013953547963,0.0005101095813129215,0.00025164970449844624,100.0,0.0,63.7,2.703701166919155,1.15,0.32015621187164245,4.2,0.6782329983125268,0
823,0.9452405345219417,0.02574640502220916,0.01130456843752281,0.006688531796596798,0.0005213634012259703,0.0002764957256449598,100.0,0.0,63.05,3.3387872049593095,1.2,0.4,3.95,0.5894913061275798,0
824,0.9447284830987088,0.030010754708985322,0.011082184414803273,0.008005786366794342,0.0005231490524382209,0.0003196907701165986,100.0,0.0,62.7,3.287856444554719,1.05,0.21794494717703372,4.25,0.698212002188447,0
825,0.9471212408725391,0.02332482238680254,0.012135351017414578,0.007026545935943531,0.00048710249029226946,0.00023105507615413395,100.0,0.0,62.65,3.439113257803529,1.2,0.4,4.25,0.698212002188447,0
826,0.9459949445089132,0.02101851735000257,0.011615212468634038,0.007476425012482999,0.0005027135365520323,0.0001924932380861417,100.0,0.0,63.05,4.153010955921017,1.15,0.3570714214271425,4.2,0.812403840463596,0
827,0.9494729631802284,0.019049738074469986,0.010898389885683035,0.007130835717120388,0.00046564036716366093,0.00018601967234770355,100.0,0.0,63.8,2.1354156504062622,1.025,0.10897247358851683,4.35,0.6538348415311012,0
828,0.9472779409107283,0.02051525005007202,0.011727468769680637,0.0066250119152257755,0.0004853388337219342,0.000215742002507709,100.0,0.0,63.15,3.08666486681013,1.025,0.10897247358851683,4.0,0.6324555320336759,0
829,0.9452047885387651,0.02094072869768392,0.01182545321365778,0.005597339584024985,0.0005154987204764926,0.0002278000038876536,100.0,0.0,63.2,3.5721142198983498,1.15,0.3570714214271425,4.4,0.6633249580710799,0
830,0.9441317499347452,0.020600959718246385,0.012800429172035272,0.00510435031715269,0.0005206709659653624,0.00022712186691524553,100.0,0.0,62.6,2.8530685235374214,1.1,0.3,4.3,0.7810249675906654,0
831,0.9475147027056924,0.023422818267982305,0.011406058596501357,0.0047000749902965655,0.0004932898501263398,0.00026949694192162786,100.0,0.0,63.6,2.973213749463701,1.025,0.10897247358851683,4.5,0.9219544457292888,0
832,0.9513233738008606,0.026478822772027153,0.01097524600320207,0.005741045064300831,0.000446986172746087,0.00030168941076765357,100.0,0.0,62.9,2.5865034312755126,1.05,0.21794494717703372,4.45,0.7399324293474372,0
833,0.9500025419204086,0.026182750343148462,0.010420823497141924,0.00522636635059051,0.0004802724162008054,0.000303533498621945,100.0,0.0,63.1,2.4677925358506134,1.0,0.0,4.4,0.7999999999999999,0
834,0.9470160708184195,0.028861950674544463,0.010124739483019552,0.004626116541302715,0.000521312198035386,0.00032491948394495487,100.0,0.0,63.55,3.4128433893163046,1.075,0.23848480035423641,3.95,0.6689544080129827,0
835,0.9434671000964701,0.02994183610053405,0.01081776264913194,0.004826976969279142,0.0005503356274996782,0.0003164073014959848,100.0,0.0,64.5,3.263433774416144,1.05,0.21794494717703372,4.3,0.714142842854285,0
836,0.9440139121383586,0.02385853460688549,0.01001595291160631,0.004812981059470034,0.0005540663480151583,0.00024736791737200433,100.0,0.0,63.25,3.222964473896664,1.0,0.0,4.25,0.6224949798994366,0
837,0.9489626721654527,0.026442875053437957,0.00960998860278118,0.004665041030324231,0.0005066127616662879,0.0003034787996494718,100.0,0.0,63.1,2.0712315177207983,1.125,0.3112474899497183,4.15,0.7262919523166975,0
838,0.9449967669168805,0.024639931255037863,0.010736981780608213,0.0045166327995822654,0.0005401260210462315,0.0002902938449501694,100.0,0.0,63.25,2.9811910371527683,1.05,0.21794494717703372,4.15,0.5722761571129799,0
839,0.949715788001706,0.02443428286451204,0.010472343333784044,0.004665694037991334,0.00048712601589049817,0.00027507889612478516,100.0,0.0,62.25,2.6433879775772606,1.1,0.3,4.35,0.7262919523166975,0
840,0.9442660458015878,0.029423431540493865,0.010557792017654721,0.004810536010926017,0.0005679459967355608,0.0003703326293750977,100.0,0.0,63.5,2.224859546128699,1.05,0.21794494717703372,4.35,0.5722761571129799,0
841,0.9454523890418057,0.029956660799880148,0.011418110832473568,0.0056414916773988525,0.0005305790468011943,0.00035257272746393425,100.0,0.0,62.5,2.224859546128699,1.05,0.21794494717703367,4.3,0.714142842854285,0
842,0.9435098212981231,0.03135654657368356,0.01145085181706872,0.005780760579887256,0.0005489314470897474,0.0003537645206435233,100.0,0.0,62.95,4.09237095092808,1.15,0.3570714214271425,4.3,0.9,0
843,0.9374368455943982,0.027351401265868013,0.013095571748450868,0.005715419614281243,0.0006008610246294888,0.00029710067844306584,100.0,0.0,63.1,3.1448370387032774,1.025,0.10897247358851683,4.3,0.7810249675906654,0
844,0.9400363565443224,0.023735965089855735,0.012329679093450866,0.005585796834464798,0.0005796399501374709,0.000255704637136692,100.0,0.0,63.25,3.7399866309921483,1.15,0.3570714214271425,4.2,0.5099019513592784,0
845,0.9365913673045633,0.027459511674129126,0.013687815041459831,0.004985438840034886,0.0006055375827238513,0.0002979466234395606,100.0,0.0,63.45,2.4794152536434875,1.125,0.3112474899497183,3.95,0.7399324293474371,0
846,0.938965587665615,0.028247728127433848,0.013761996069713543,0.004270425674342729,0.000572341205359635,0.00031878239738727157,100.0,0.0,63.8,2.6,1.05,0.21794494717703372,4.0,0.6324555320336759,0
847,0.9362045547662415,0.026716380920091303,0.014821724202662808,0.004842655927678183,0.0005841141677456331,0.0002927289828905444,100.0,0.0,63.75,2.426417111710186,1.0,0.0,4.3,0.6403124237432849,0
848,0.9402609277547611,0.02442585926234289,0.01437146547298534,0.00547720442024193,0.0005429416401865563,0.0002839685423149395,100.0,0.0,63.8,2.9257477676655586,1.1,0.3,3.95,0.49749371855331004,0
849,0.9420756049854297,0.021879639567410437,0.013222752290110242,0.006067922802484707,0.00053149442382621,0.00022815005753777887,100.0,0.0,62.9,2.7367864366808012,1.05,0.21794494717703372,4.55,0.8046738469715542,0
850,0.9409297345276618,0.022064223469411677,0.013096293707441958,0.00582348900667454,0.00054501955847027,0.00021370416857476084,100.0,0.0,64.25,3.7798809505062456,1.0,0.0,4.1,0.7000000000000001,0
851,0.9400238383552819,0.0204194507326816,0.01278737032113215,0.006637632182137513,0.0005571291327190395,0.0001927536063765405,100.0,0.0,63.75,2.426417111710186,1.0,0.0,4.1,0.6244997998398398,0
852,0.9391746949827153,0.023629713824413454,0.012745164736459095,0.006330258234587148,0.0005692919434669416,0.00024122343885232158,100.0,0.0,63.5,3.442382895611701,1.0,0.0,4.2,0.6,0
853,0.935383071960386,0.023797689564859243,0.013015340077420423,0.005767149944131793,0.0006171918469283612,0.0002573519926146574,100.0,0.0,64.4,2.0591260281974,1.0,0.0,4.0,0.5477225575051661,0
854,0.9352611166219237,0.022795974698748767,0.012730610968992797,0.006240448372670496,0.0006167836200931915,0.00023480696937999416,100.0,0.0,63.35,3.1666228067138023,1.1,0.3,3.95,0.9205976319760983,0
855,0.9333029962421169,0.02495314758788816,0.012730073238172957,0.006107407830878731,0.0006438263718278303,0.00026849268926595345,100.0,0.0,63.75,3.4478254016118624,1.1,0.3,4.15,0.6538348415311009,0
856,0.9352065894182113,0.021499318168632337,0.013064258004321577,0.00606101212030389,0.0006164241424828195,0.00024572174605434234,100.0,0.0,63.9,1.8681541692269403,1.0,0.0,4.05,0.49749371855331004,0
857,0.939251436201614,0.016903662727190006,0.013563337262678405,0.006052602906263001,0.0005564740984716537,0.00020783127132915994,100.0,0.0,63.05,3.3087006513131403,1.1,0.3,4.1,0.6244997998398398,0
858,0.938295191343213,0.018997671241130557,0.013987487352104838,0.004801617467486798,0.000571778699036893,0.00023641804168131558,100.0,0.0,63.6,3.813135192987524,1.075,0.23848480035423641,4.1,0.5385164807134504,0
859,0.9349071098094572,0.021940129812292417,0.013825272509333575,0.004164800333691523,0.0006226095418578293,0.0002951944943853702,100.0,0.0,62.6,3.2619012860600183,1.1,0.3,4.3,0.8426149773176358,0
860,0.9372713680380885,0.02109289907988637,0.012976526862056956,0.0045479933980627696,0.0006064465050492594,0.00026233181116706763,100.0,0.0,61.85,2.5743931323712,1.15,0.32015621187164245,4.4,1.019803902718557,0
861,0.9353142353836942,0.017456851656269177,0.012496659864146168,0.005885495444579898,0.0006305826802749072,0.00021006442680130265,100.0,0.0,63.4,3.2465366161495854,1.1,0.3,4.3,0.6403124237432849,0
862,0.935738602442408,0.018774278967502177,0.011258896476921689,0.0061786275876185804,0.0006349783657556367,0.0002542813084241649,100.0,0.0,63.45,2.3764469276632285,1.075,0.23848480035423641,4.05,0.739932429347437,0
863,0.9369998502641508,0.013667600335793626,0.012914055235422165,0.005638813047221213,0.0006102458031992558,0.00021220708326504258,100.0,0.0,63.5,2.5,1.05,0.21794494717703372,4.15,0.653834841531101,0
864,0.9382921626864309,0.015686805484716654,0.01193646345591581,0.005313457234505325,0.0006022140961301351,0.0002049553424228521,100.0,0.0,63.9,2.7184554438136375,1.1,0.3,4.1,0.30000000000000004,0
865,0.94409521938039,0.013383149567707387,0.01170774180284364,0.0054974783872817345,0.0005266299938457294,0.00016223890843971572,100.0,0.0,63.8,3.8026306683663087,1.05,0.21794494717703372,4.2,0.812403840463596,0
866,0.9418658314665279,0.014770882163981178,0.01161326026882274,0.005186604453617442,0.0005563762204223343,0.00016815739821322015,100.0,0.0,63.65,2.815581645060217,1.075,0.23848480035423641,4.35,0.963068014212911,0
867,0.9405089662149919,0.01743458284078117,0.011411651684935816,0.005081050725949167,0.0005776617512075024,0.0001999137877435812,100.0,0.0,64.0,2.449489742783178,1.0,0.0,4.0,0.5477225575051661,0
868,0.9388695415274991,0.019590952744440487,0.012253064110245463,0.006062117176621974,0.0005819289458580479,0.00019708183406613717,100.0,0.0,64.0,2.32379000772445,1.0,0.0,4.25,0.6224949798994366,0
869,0.9332459844891435,0.023521180345121837,0.013553718133457928,0.006544755828281375,0.0006312720727651686,0.00025153481010775744,100.0,0.0,63.35,3.453621287865825,1.1,0.2549509756796392,4.35,0.8529361054615991,0
870,0.9373606054038955,0.024222387660880956,0.013713338407730896,0.007738067649072716,0.0005673871227005818,0.00023359976891124755,100.0,0.0,62.05,4.06786184622831,1.275,0.43229041164476456,4.2,0.7483314773547883,0
871,0.9377901883519606,0.02356217448468533,0.014037402498336368,0.00705657556512578,0.0005693638296898003,0.00023047895336519739,100.0,0.0,64.8,3.026549190084311,1.0,0.0,3.85,0.7262919523166975,0
872,0.9349375151958773,0.022468728263957807,0.015092712229614846,0.006848090028274056,0.0005870737008509119,0.0002513165036863144,100.0,0.0,62.9,2.8442925306655784,1.15,0.3570714214271425,4.15,0.5722761571129799,0
873,0.9351951571471891,0.022550149931482962,0.01372074901641647,0.005871379367938978,0.0006163207257567986,0.00024979505258182087,100.0,0.0,63.85,2.8508770580296865,1.05,0.21794494717703372,4.2,0.6782329983125269,0
874,0.9362087727440347,0.023129241312721163,0.013831210586218728,0.005164533388036252,0.00060575885750144,0.00026722477260657007,100.0,0.0,64.35,3.365635155509284,1.025,0.10897247358851683,3.85,0.5722761571129799,0
875,0.936244049389099,0.017904545581608637,0.014999750104621576,0.0053068919933077245,0.0005859687823355183,0.00020711888781896516,100.0,0.0,63.95,2.654712790491657,1.0,0.0,4.35,0.653834841531101,0
876,0.9314743827685785,0.022006079693527573,0.015634498773870964,0.007007956410588747,0.0006244159471151735,0.00020878183333365927,100.0,0.0,62.9,3.345145736735546,1.15,0.3570714214271425,4.2,0.7483314773547883,0
877,0.9344948077969457,0.019556624949829692,0.015321129428345934,0.007553401607897596,0.0005810715362952496,0.0001793675580133291,100.0,0.0,63.5,3.52845575287547,1.05,0.21794494717703372,4.35,0.6538348415311012,0
878,0.9412749083219316,0.018078972918226428,0.014313511250114064,0.005760100863723946,0.0005260382163964695,0.00017963168176356913,100.0,0.0,62.15,3.5535193822462827,1.1,0.3,4.6,0.66332495807108,0
879,0.936811514286687,0.024291832598119317,0.015058001576069471,0.005775851528427756,0.0005768350980642119,0.0002659805997561093,100.0,0.0,62.8,2.580697580112788,1.075,0.23848480035423641,4.6,1.0677078252031311,0
880,0.9376566727093103,0.025967261990859004,0.014056096883659408,0.005881263014859908,0.0005827782493495442,0.0002919824424673984,100.0,0.0,63.75,2.3637893307145625,1.05,0.21794494717703372,4.3,0.6403124237432849,0
881,0.9377604673691069,0.028413095308671726,0.01433436706832541,0.006058689509359224,0.0005700281812528737,0.0002996440115448236,100.0,0.0,63.15,3.1666228067138023,1.15,0.3570714214271425,4.4,0.9165151389911679,0
882,0.931824199456123,0.029855472299610046,0.015128022719144674,0.007709295405462306,0.0006251628355524554,0.00030106164446398184,100.0,0.0,63.2,3.0594117081556704,1.075,0.23848480035423641,4.55,0.7399324293474372,0
883,0.9331511765710493,0.03361392275192663,0.015479069818946756,0.007437730098238676,0.0005939224448658278,0.0003200330884610301,100.0,0.0,64.7,3.287856444554719,1.1,0.3,4.1,0.7,0
884,0.9337598791124575,0.034523946530658094,0.015537457134135294,0.008167830463094182,0.0005888925138147333,0.00032733808279816046,100.0,0.0,63.05,2.8892040426387333,1.05,0.21794494717703372,4.3,0.714142842854285,0
885,0.9317214550270055,0.038682968957253525,0.015260202103370438,0.007639076544082765,0.0006266532853662561,0.00040081353056063717,100.0,0.0,62.9,2.896549671592048,1.15,0.3570714214271425,4.15,0.47696960070847283,0
886,0.9298260756125784,0.04278482646027369,0.015772704480207123,0.00831962607109287,0.0006382449503711638,0.0004662506735145391,100.0,0.0,61.9,2.981610303175114,1.05,0.15,4.3,0.714142842854285,0
887,0.9307075000123607,0.045815417548075645,0.015458716206501364,0.009040277606696552,0.0006192097132942615,0.0005074499887500266,100.0,0.0,63.7,3.479942528261063,1.075,0.23848480035423641,3.8,0.7483314773547883,0
888,0.9337838736549589,0.03829299764295411,0.016036596405033667,0.009945935793220855,0.0005541575178207301,0.0003506457129751472,100.0,0.0,63.15,3.102821296820041,1.125,0.3112474899497183,3.95,0.5894913061275798,0
889,0.9305193236341351,0.03590268987819815,0.016756946056682896,0.010217549791596961,0.0005862589954745929,0.000320218873169936,100.0,0.0,63.55,3.4274626183227737,1.1,0.3,4.35,0.6538348415311009,0
890,0.9320840623593002,0.03548750626860706,0.01696461980035481,0.010956443964566367,0.0005777305293707284,0.00030974435224174416,100.0,0.0,63.1,2.826658805020514,1.025,0.10897247358851683,4.4,0.4898979485566356,0
891,0.9370185766227348,0.03265370677147924,0.016947771701655873,0.009816620208428203,0.0005099545138645535,0.0002430030890474203,100.0,0.0,63.9,3.047950130825634,1.0,0.0,4.3,0.6403124237432849,0
892,0.937675300579713,0.03377103849529428,0.016028250037033925,0.0100504857116276,0.000516685494138707,0.0002727180319306194,100.0,0.0,64.55,3.6670833096617805,1.05,0.21794494717703372,4.2,0.7483314773547883,0
893,0.9362617658766629,0.030747007548059143,0.01716391032503611,0.008271055839389939,0.0005458495400573405,0.00031193327170930905,100.0,0.0,63.25,2.2555487137279924,1.05,0.21794494717703372,4.2,0.5099019513592784,0
894,0.9409685628365578,0.033683860579571234,0.016313690070009414,0.008123467755991959,0.0004896016540436078,0.00027050279408829793,100.0,0.0,63.4,3.120897306865447,1.15,0.3570714214271425,4.2,0.7483314773547883,0
895,0.9391896793414214,0.0314428938838762,0.0165225049646406,0.009133750826212424,0.0004978996861050198,0.0002508897007362283,100.0,0.0,62.75,3.080178566252288,1.15,0.32015621187164245,3.95,0.739932429347437,0
896,0.9382210164412671,0.030674226470168642,0.015939391657775855,0.007574296347396546,0.0005281492815356353,0.0002785787343059385,100.0,0.0,63.5,3.5,1.075,0.23848480035423641,4.45,0.9733961166965893,0
897,0.939171828885021,0.030382345527920518,0.015926418381322287,0.008001728608359425,0.000520598295695798,0.0002774374555442354,100.0,0.0,63.2,3.5298725189445577,1.1,0.3,4.45,0.8645808232895291,0
898,0.94202495126677,0.029575516790638648,0.014794595864058813,0.009382748932987515,0.000487464725691194,0.0002277894602107961,100.0,0.0,63.8,3.295451410656816,1.05,0.21794494717703372,4.4,0.8602325267042626,0
899,0.9417615326670974,0.030983542868843226,0.013961801014451922,0.008889910884542667,0.0005077291732874684,0.00024912879766373947,100.0,0.0,63.55,3.4420197558991443,1.0,0.0,4.1,0.5385164807134504,0
900,0.9422115827289481,0.02941496433699338,0.013801966266985734,0.006831766227304478,0.0005182929501623735,0.00030065395468645766,100.0,0.0,63.4,2.989983277545211,1.1,0.3,4.1,0.7681145747868608,0
901,0.9361702943879615,0.027319599649681617,0.013527467162956802,0.005746355555086442,0.000617575400595965,0.0003085576847671651,100.0,0.0,64.2,2.6191601707417584,1.075,0.23848480035423641,4.15,0.5722761571129799,0
902,0.9394629800341955,0.027385585363324947,0.013930452701989482,0.007022499758665212,0.0005601201968492854,0.0002929134145150804,100.0,0.0,62.1,3.223352292257239,1.175,0.36314597615834876,4.3,0.5567764362830021,0
903,0.9407528206509351,0.023051530602256877,0.014719590372694949,0.006602573813521526,0.0005315759025004755,0.0002588632681294782,100.0,0.0,63.75,2.2332711434127295,1.025,0.10897247358851683,4.05,0.6689544080129826,0
904,0.946851192702532,0.022961000313093723,0.013934461901050594,0.007246490384244968,0.00045631263819859055,0.00021302832784909104,100.0,0.0,63.7,4.026164427839479,1.15,0.3570714214271425,4.1,0.5385164807134504,0
905,0.943948975421565,0.028193509373420644,0.014177503064812141,0.00785603488489447,0.00048289394490917974,0.00025484354751588656,100.0,0.0,63.5,2.819574435974337,1.0,0.0,4.25,0.6224949798994366,0
906,0.9428915289776331,0.024048059923237747,0.014128480352485978,0.007703004556337511,0.0005027017270323366,0.00023135017615336114,100.0,0.0,62.7,2.934280150224242,1.05,0.21794494717703372,4.25,1.0897247358851685,0
907,0.9395556250701779,0.023391589480881398,0.014477616302028323,0.008753481063919655,0.0005267841651798554,0.00022018880462438824,100.0,0.0,63.15,2.669737814842499,1.05,0.21794494717703372,4.25,0.5361902647381804,0
908,0.9377318249782315,0.02378426896806602,0.014766858852548775,0.008581525828842945,0.0005477024313140302,0.00027683546286095867,100.0,0.0,62.65,2.7436289836637897,1.1,0.3,4.15,0.4769696007084728,0
909,0.9411252712450242,0.021376030068416693,0.014857059980525856,0.008120001490408939,0.0005068553385078055,0.0002340696980357148,100.0,0.0,62.45,3.308700651313141,1.125,0.3112474899497183,4.25,0.9420721840708386,0
910,0.9395884718833605,0.023574431885775706,0.013385012564889715,0.008296061690965886,0.0005464752215570931,0.00027391679912940563,100.0,0.0,62.4,3.839270764090493,1.225,0.40233692348577704,4.2,0.7483314773547882,0
911,0.9388778546021443,0.019774470743700433,0.013089857976964697,0.008691331093825987,0.0005549329647818323,0.00023870195005014504,100.0,0.0,62.25,3.222964473896664,1.025,0.10897247358851683,4.55,0.8046738469715541,0
912,0.9402536399310494,0.019904239188447314,0.013977324109262442,0.009552123608226718,0.0005171254982205988,0.00021356444439412023,100.0,0.0,63.9,2.5278449319529077,1.05,0.21794494717703372,4.45,0.7399324293474372,0
913,0.9391821873238196,0.018950991033509876,0.014471829089927552,0.010028842878742478,0.0005150603122161121,0.00018631141071904616,100.0,0.0,63.65,2.4550967394381837,1.0,0.0,4.55,0.8046738469715541,0
914,0.9374960095693586,0.02289159119530564,0.01438742331757166,0.009324366424824542,0.0005527781971281037,0.0002484948887851431,100.0,0.0,63.65,2.6697378148424984,1.05,0.21794494717703372,4.0,0.6324555320336759,0
915,0.9429285263220489,0.023957926052932562,0.01347190205027797,0.008951014878976593,0.0005078721292169379,0.00025038283592672335,100.0,0.0,62.9,2.773084924772409,1.1,0.3,4.25,1.0428326807307104,0
916,0.9448531727452967,0.01966177489884876,0.013640258305957281,0.008000188592341733,0.00047919628036431785,0.00023919688429727712,100.0,0.0,63.55,3.9808918598726084,1.05,0.21794494717703372,4.0,0.8366600265340756,0
917,0.9460286510037378,0.01873889744684544,0.01317441781797075,0.007285830644827253,0.00047475573410208196,0.00024022767552141835,100.0,0.0,63.8,2.8913664589601917,1.1,0.3,4.0,0.6324555320336759,0
918,0.9449684010361921,0.01776092426886622,0.013517854886247415,0.007219970330808663,0.000489648035258322,0.00020554889360110197,100.0,0.0,63.05,3.323777970924051,1.1,0.3,4.35,0.5722761571129799,0
919,0.9430170726745628,0.017764865837785974,0.013195583736806673,0.006848813942765364,0.0005133424906703051,0.00017887552174842886,100.0,0.0,64.0,2.6832815729997477,1.0,0.0,4.3,0.6403124237432849,0
920,0.9409413880226216,0.017851606077492484,0.014085959754211317,0.007368568415339873,0.0005215336285793838,0.00016065196849007334,100.0,0.0,63.25,2.9979159427842537,1.025,0.10897247358851683,4.3,0.7810249675906654,0
921,0.9380236185546179,0.01665128911398044,0.01429811990453279,0.00857893666623292,0.0005437972364162421,0.00015643225712834376,100.0,0.0,62.95,3.840247387864485,1.1,0.3,4.3,0.8426149773176358,0
922,0.941065703929248,0.018071538230685642,0.01495919041652507,0.009568535901729716,0.0004891274061227938,0.00016818528881107524,100.0,0.0,62.35,2.7436289836637897,1.1,0.3,4.25,0.82915619758885,0
923,0.9430513371837188,0.018896274250152667,0.014249724888363378,0.007795128888714826,0.0005005991329451885,0.00026059006701323236,100.0,0.0,63.7,3.083828789021855,1.05,0.2179449471770337,3.95,0.3840572873934304,0
924,0.9419428369204669,0.020069579998086357,0.01386498238198347,0.007585682451736764,0.0005168003220109189,0.00026517953368215727,100.0,0.0,64.6,2.9899832775452104,1.0,0.0,4.1,0.6244997998398398,0
925,0.9375524571999707,0.02065202154435043,0.014768125232763793,0.007413274299971794,0.0005546331920014578,0.0002566337082397497,100.0,0.0,64.6,2.8705400188814645,1.05,0.21794494717703372,4.1,0.6244997998398398,0
926,0.9373922751254662,0.01988496462848766,0.014215948445487153,0.007842955154568133,0.0005606760076042107,0.00025968121482889604,100.0,0.0,63.3,2.98496231131986,1.0,0.0,4.1,0.6244997998398398,0
927,0.9343341618645077,0.020936982012558544,0.014781149830456631,0.008654207330408364,0.0005896959162928962,0.0002464888573682054,100.0,0.0,63.65,2.4550967394381837,1.025,0.10897247358851683,4.2,0.6782329983125268,0
928,0.9369021653331341,0.01969070298668239,0.01482022157161465,0.008773845897298318,0.0005590899432852793,0.00023086004841709056,100.0,0.0,63.75,3.491060010942235,1.1,0.3,3.75,0.6224949798994366,0
929,0.9393825351979886,0.020317772472552502,0.01521803119976505,0.007787843470826519,0.0005265088027181282,0.00024021315835643682,100.0,0.0,63.75,2.7363296585024255,1.05,0.21794494717703372,4.2,0.6782329983125269,0
930,0.9404946037478185,0.01995679702907209,0.015655738509225827,0.006992429789116331,0.0005169813820118282,0.0002593747139751999,100.0,0.0,62.6,3.1208973068654475,1.15,0.3570714214271425,4.1,0.6244997998398398,0
931,0.9391511440755593,0.023857826009521767,0.015997330115396412,0.007520119011406579,0.0005273354560305985,0.00028391752791915496,100.0,0.0,63.45,3.353729267546801,1.0,0.0,4.3,0.6403124237432849,0
932,0.9427477114961317,0.018270048518378386,0.015122669504862319,0.006767231767752012,0.00049979739691161,0.0002188321343524122,100.0,0.0,63.25,3.207413287993925,1.05,0.21794494717703372,4.3,0.8426149773176358,0
933,0.9473112588249201,0.020519890383481242,0.013609233558796984,0.007846103126799809,0.0004577842083080109,0.00022380449901658305,100.0,0.0,63.4,3.541186241925155,1.05,0.21794494717703372,4.35,0.5722761571129799,0
934,0.9389277316476334,0.0248730156704359,0.014541205574770278,0.0076414383143100775,0.0005492291110199783,0.0002727963205256062,100.0,0.0,62.4,3.2619012860600183,1.25,0.4330127018922193,4.2,0.6782329983125269,0
935,0.9410887446570886,0.025647605736095255,0.013980952243528771,0.00784522642943866,0.000520306233432638,0.00027149352674254984,100.0,0.0,63.6,2.9563490998188966,1.1,0.3,4.5,0.7416198487095663,0
936,0.9428925373218334,0.02701748176253269,0.013743885795059104,0.007862023635835396,0.0004980495894250354,0.0002893820644816244,100.0,0.0,63.5,3.248076353782343,1.125,0.3112474899497183,4.1,0.7681145747868608,0
937,0.9358184263702242,0.026462843024097616,0.014358668605529607,0.007784232095399464,0.0005777824964315499,0.0003002215121245855,100.0,0.0,63.3,3.333166662499792,1.05,0.21794494717703372,4.3,0.9539392014169458,0
938,0.9371122648220739,0.02540521270226642,0.014168967573197095,0.006786136998334521,0.0005652872348243921,0.0002726947564532654,100.0,0.0,64.15,3.08666486681013,1.0,0.0,4.4,0.66332495807108,0
939,0.934927981432408,0.02398550427779812,0.014967239841801528,0.005307619638788353,0.0005931601999380636,0.00026502049486831796,100.0,0.0,64.75,2.277608394786075,1.0,0.0,4.15,0.4769696007084728,0
940,0.9331425704580958,0.023777900425267305,0.015242556825369607,0.005702802002931432,0.0006045677473431046,0.00024961734224684495,100.0,0.0,63.25,2.947456530637899,1.0,0.0,4.2,0.7483314773547883,0
941,0.9324763488670946,0.02276270693150154,0.016150032448573267,0.005343133289509798,0.000604668928628808,0.0002615763574389578,100.0,0.0,64.85,3.4391132578035286,1.1,0.3,4.0,0.7071067811865476,0
942,0.9310140352939372,0.023752028151462705,0.016390210892846736,0.0055257129146132275,0.0006141147880675006,0.0002615197512137885,100.0,0.0,63.25,3.2996211903792836,1.05,0.21794494717703372,4.35,0.6538348415311012,0
943,0.931588619675602,0.023259149084687375,0.016358007805868727,0.006229108130916411,0.0006006056509681506,0.00021144798703170986,100.0,0.0,63.3,2.6286878856189833,1.05,0.21794494717703372,4.4,0.8602325267042626,0
944,0.932482647256518,0.024329337280993416,0.01525660338860944,0.0060440225695990585,0.0006160620016870267,0.00022142644308017443,100.0,0.0,63.85,3.0866648668101306,1.1,0.3,4.2,0.6782329983125269,0
945,0.9334045888357825,0.024688231870470024,0.014649908840466255,0.007208568910733978,0.0006121048103449849,0.00025223496317801147,100.0,0.0,65.0,3.1304951684997055,1.05,0.21794494717703372,4.3,0.9539392014169458,0
946,0.9354678232536315,0.02344269800097544,0.014166373729581174,0.007305073322404181,0.0005980985330712412,0.0002354148300103184,100.0,0.0,63.5,2.9410882339705484,1.05,0.21794494717703372,4.05,0.6689544080129826,0
947,0.937137716028295,0.022242542285840015,0.014399540428399494,0.006402221039628052,0.0005729020620277908,0.00021381837529578447,100.0,0.0,63.3,3.0182776545573144,1.075,0.23848480035423641,4.1,0.7681145747868608,0
948,0.9384625524936272,0.021456991979688218,0.01464388622836956,0.005842922633184965,0.0005561628655011859,0.00022839999490531886,100.0,0.0,62.4,2.4979991993593593,1.1,0.3,4.1,0.8306623862918076,0
949,0.9374913292282644,0.02281849560929134,0.01444107006712551,0.005774115802316668,0.000579023057479136,0.0002269750696253837,100.0,0.0,62.7,3.536947836765479,1.05,0.21794494717703372,4.15,0.5722761571129799,0
950,0.9373525934063721,0.0215498454982363,0.01427610910839611,0.006040310677081018,0.0005836925416561915,0.00019756556059616215,100.0,0.0,62.3,3.083828789021855,1.15,0.3570714214271425,4.2,0.6782329983125269,0
951,0.9375032486851671,0.023759079381219825,0.01490933554308605,0.0065829960540403736,0.0005642359979875478,0.0002409429551535641,100.0,0.0,63.95,2.8013389655662877,1.0,0.0,4.45,1.0712142642814273,0
952,0.9358643771246509,0.025777560077465192,0.014855384513536615,0.005912003186327878,0.0005862360930620706,0.00024816342517271765,100.0,0.0,63.85,3.259984662540608,1.075,0.23848480035423641,4.15,0.5722761571129799,0
953,0.9404900633466087,0.020091131853000554,0.014846043047671703,0.005622763744067028,0.0005264170959225419,0.00019796175221853125,100.0,0.0,62.2,2.803569153775237,1.15,0.3570714214271425,4.4,0.7999999999999999,0
954,0.9434158629963358,0.02038019982228643,0.014551236525296263,0.006074175614581681,0.000497275704207083,0.00024225755319029165,100.0,0.0,63.35,2.9542342493444895,1.125,0.3112474899497183,4.35,1.061838029079765,0
955,0.9437470832534187,0.015584717051190647,0.015121470865735013,0.00675213527670916,0.0004783879563901805,0.00014268133724126586,100.0,0.0,63.8,3.0430248109405875,1.1,0.3,4.2,0.5099019513592784,0
956,0.9401144418295357,0.020447234632418907,0.01505574377687979,0.007081936402638567,0.00052889658879415,0.00020836865955591006,100.0,0.0,63.55,2.6734808770589704,1.0,0.0,4.25,0.7664854858377946,0
957,0.9396991501313303,0.02218520196034431,0.01585426083116255,0.006676663201728993,0.0005158677193268305,0.00024974088263032373,100.0,0.0,63.65,2.4753787588973126,1.05,0.21794494717703367,4.2,0.7483314773547882,0
958,0.943588490887393,0.01729037362214431,0.014210439514283173,0.006347987373030258,0.0004960589851169518,0.0002181703648979631,100.0,0.0,63.75,2.5273503912200224,1.05,0.21794494717703372,4.55,0.8046738469715541,0
959,0.9424778017866163,0.015514016186346968,0.015149384937481294,0.006392189212646028,0.0004987183668860332,0.00019060841980358495,100.0,0.0,63.35,3.8765319552404045,1.1,0.3,4.25,0.698212002188447,0
960,0.9424307315636742,0.019169900353586632,0.015490637138930143,0.006682502109089087,0.0004891943536543594,0.00019715653131006559,100.0,0.0,62.55,2.7106272336859605,1.05,0.21794494717703372,4.3,0.8426149773176358,0
961,0.9459639254012405,0.02038892509082464,0.016200020995637887,0.007467903605026767,0.00042957577341868545,0.00017041521507058635,100.0,0.0,63.85,2.632014437650371,1.1,0.3,4.35,0.7262919523166975,0
962,0.9439200815785895,0.02282192541606458,0.016635947316333378,0.00832900143944109,0.0004382439740389894,0.0001701607829984647,100.0,0.0,62.9,2.0712315177207983,1.025,0.10897247358851683,4.15,0.6538348415311012,0
963,0.9413205999474789,0.024675351132595294,0.017685028048498194,0.00891194312729888,0.00044948387601234944,0.0002081167971091403,100.0,0.0,64.6,3.1208973068654466,1.1,0.3,4.1,0.7681145747868608,0
964,0.9404313315010245,0.026022141571948248,0.018162205371942193,0.009058042640380298,0.0004539194324672979,0.0002294664717759621,100.0,0.0,63.6,3.7067505985701277,1.1,0.3,4.4,0.9165151389911679,0
965,0.93896510759108,0.02276903439518566,0.01834803089772869,0.008922259763557368,0.00046830210791774823,0.0001691590209855588,100.0,0.0,62.4,2.6907248094147422,1.1,0.3,4.1,0.7000000000000001,0
966,0.9368076401597085,0.022540358663210375,0.018552393224422765,0.009073511227192892,0.0004835919574487429,0.0001704247837212379,100.0,0.0,63.7,3.0512292604784714,1.075,0.23848480035423641,4.05,0.49749371855331004,0
967,0.9375235845369891,0.022118513707315702,0.018776777848285024,0.008024787223150798,0.0004807367166862079,0.00021940769525458602,100.0,0.0,63.15,3.2291639784935047,1.05,0.21794494717703372,4.15,0.8529361054615991,0
968,0.939279597034204,0.02092793583744806,0.01751730714086375,0.007463652122584677,0.000491488948146041,0.00020386459382527506,100.0,0.0,62.5,2.3345235059857505,1.0,0.0,4.15,0.7262919523166976,0
969,0.9327323379195136,0.023012374124176768,0.017121862676892394,0.007190421540183125,0.0005875073286798721,0.00021162756535562398,100.0,0.0,63.25,2.56661255354212,1.05,0.21794494717703372,4.35,0.7262919523166976,0
970,0.9299586581592285,0.025144061463426105,0.017150969662256047,0.00788872771051405,0.0006310651366308819,0.0002874406294584431,100.0,0.0,64.2,3.6414282912066254,1.075,0.23848480035423641,4.15,0.6538348415311009,0
971,0.9335890880472426,0.023342847920542333,0.017338653421701752,0.007608210316064481,0.0005719643766516738,0.00020464874250310244,100.0,0.0,62.85,2.9372606285449034,1.15,0.3570714214271425,4.4,0.66332495807108,0
972,0.9329550107073054,0.02447665963423537,0.015277587832743522,0.008632143844038901,0.0005969032869610933,0.0002169357227304461,100.0,0.0,64.15,3.070423423568808,1.025,0.10897247358851683,4.2,0.6782329983125268,0
973,0.9356711217969924,0.022140627655311204,0.014075523674106496,0.007822385087693734,0.0005935562527562662,0.00026591162661314545,100.0,0.0,62.5,2.819574435974337,1.025,0.10897247358851683,4.4,0.4898979485566356,0
974,0.9338085115815282,0.024413038551356982,0.014541425794418833,0.009219990545758373,0.0005879752819461213,0.00024240719834728452,100.0,0.0,64.3,2.7766886753829647,1.05,0.21794494717703372,4.2,0.8717797887081347,0
975,0.9337092553756461,0.022365005043529226,0.015234835402163938,0.008572981873631435,0.0005783002806059594,0.00021454336874529966,100.0,0.0,63.5,2.5,1.05,0.2179449471770337,4.2,0.812403840463596,0
976,0.9322385528122872,0.023318776319280542,0.015436994666731003,0.008239157118214656,0.0006066151677285522,0.00019026064794887862,100.0,0.0,63.95,3.2167530212933664,1.0,0.0,4.4,0.7348469228349533,0
977,0.9349666035058831,0.025529337720536813,0.0166580567488891,0.008956778808824149,0.0005465237705479045,0.0002092026160068169,100.0,0.0,62.9,2.861817604250837,1.075,0.23848480035423641,4.45,0.5894913061275798,0
978,0.9339320795254684,0.02273758685483344,0.015681981773506486,0.008963784305553158,0.0005704885889600204,0.0001891393605084643,100.0,0.0,63.15,3.91503512117069,1.1,0.3,4.1,0.5385164807134504,0
979,0.9335904511079336,0.021447541378987012,0.017702448657040546,0.008140576416371269,0.0005440480857959583,0.00017599336008552208,100.0,0.0,63.6,3.8131351929875237,1.1,0.3,4.3,0.6403124237432849,0
980,0.9374164661157316,0.018790635629238977,0.01613745058222111,0.008229290540344493,0.0005218298267577346,0.00017958591718584334,100.0,0.0,62.85,2.495495942693556,1.1,0.3,4.3,0.9,0
981,0.9377091151991996,0.018620209142033387,0.015272210321210077,0.007942937482320068,0.0005358908983668319,0.0001927452440254291,100.0,0.0,63.85,2.706935536727833,1.075,0.23848480035423641,4.2,0.6,0
982,0.9405487217462024,0.02307199679400478,0.014846012754413468,0.008601634342238552,0.000502357522965863,0.00020710323923706837,100.0,0.0,63.7,2.703701166919155,1.025,0.10897247358851683,4.35,0.7921489758877431,0
983,0.9390203082682165,0.024019755789778097,0.015263496915261885,0.007594100599500531,0.000539132220395531,0.00027045725542020765,100.0,0.0,63.0,3.0,1.125,0.3112474899497183,4.25,0.7664854858377946,0
984,0.9332965290115638,0.02221352346007983,0.015472524122387662,0.007016666831410463,0.0006103935729317768,0.00025364890413274944,100.0,0.0,63.2,3.171750305430741,1.05,0.21794494717703372,4.25,0.8874119674649424,0
985,0.9352033798602098,0.01963169276277024,0.015705500444693595,0.0064726190977804805,0.0005721493764314874,0.00018764355485908013,100.0,0.0,63.15,3.0376800358168077,1.1,0.2549509756796392,4.0,0.4472135954999579,0
986,0.937385090720819,0.018913185599304334,0.01408994831008779,0.0052534584580394604,0.000582334501506229,0.0002091667236621034,100.0,0.0,64.6,4.042276586281548,1.1,0.3,4.0,0.5477225575051661,0
987,0.938030507901124,0.025240662370415206,0.014370726296786446,0.006582469695522306,0.0005643751424142335,0.0002504902715019764,100.0,0.0,63.4,2.5961509971494343,1.1,0.3,4.35,0.7262919523166975,0
988,0.935807601890625,0.025570293167858842,0.013921357801714374,0.006066203946433399,0.0005998915170853098,0.0002730611695210297,100.0,0.0,64.0,2.4289915602982237,1.0,0.0,4.1,0.7000000000000001,0
989,0.9364010410525234,0.026245472274113887,0.01584897608776457,0.006097381946772161,0.0005734260101560166,0.0002853511910111577,100.0,0.0,63.45,2.692118125194361,1.05,0.21794494717703372,4.35,0.7921489758877431,0
990,0.9311864597755791,0.021393020805509234,0.016438115381317894,0.006229191892316679,0.0006188810378452818,0.0002335060303660039,100.0,0.0,62.95,2.1558061137310096,1.0,0.0,4.15,0.8529361054615991,0
991,0.9298665517340046,0.02790330513324147,0.015183781269836816,0.006176680322198699,0.0006561518250359286,0.0003178169881457355,100.0,0.0,63.3,3.333166662499792,1.075,0.23848480035423641,4.35,0.9096702699330127,0
992,0.9324089503049455,0.02754312048003594,0.014527351413285549,0.0063141624662651765,0.0006361733613256738,0.00027841731122236335,100.0,0.0,63.55,2.747271373563231,1.15,0.3570714214271425,4.3,0.714142842854285,0
993,0.9384486443024624,0.025704001686605905,0.015512252528350798,0.005818890336166257,0.0005394550865754817,0.00024151188333341078,100.0,0.0,63.65,3.305676935213119,1.0,0.0,4.35,0.9630680142129111,0
994,0.9353214837220587,0.024210686285833137,0.01499283063912658,0.006483576112238205,0.0005818219588764187,0.00023528788653015662,100.0,0.0,62.85,3.5110539728121526,1.125,0.3112474899497183,4.15,0.5722761571129799,0
995,0.9332214797057541,0.024007966734999504,0.014368995558476516,0.006829973743507157,0.0006128922316957855,0.0002306266880311163,100.0,0.0,64.0,3.605551275463989,1.025,0.10897247358851683,4.15,0.47696960070847283,0
996,0.9353045908742681,0.023014337872060763,0.01432668022752547,0.007090856354306238,0.0005932766973990174,0.00024032910722481912,100.0,0.0,63.2,3.2649655434629015,1.05,0.21794494717703372,4.25,0.5361902647381804,0
997,0.9391535628882968,0.020643040527438313,0.013825370585877152,0.006485780998011793,0.0005513107704085248,0.00018481023823125435,100.0,0.0,63.5,1.8303005217723127,1.0,0.0,4.05,0.6689544080129826,0
998,0.9391027927847331,0.023226607573342536,0.014142167917178738,0.006149907349601734,0.0005621979306708843,0.00021690974957232396,100.0,0.0,62.7,3.874274125562103,1.1,0.3,4.15,0.5722761571129799,0
999,0.9424706034200756,0.0208688845242427,0.013370575325995459,0.006691176859849205,0.0005255969590859017,0.00020308793363002102,100.0,0.0,63.15,3.2446109165815247,1.025,0.10897247358851683,4.2,0.7483314773547883,0
