generation,mean_fitness_mean,mean_fitness_std,distance_from_optimum_mean,distance_from_optimum_std,phenotype_variance_mean,phenotype_variance_std,population_size_mean,population_size_std,n_parents_mean,n_parents_std,median_offspring_mean,median_offspring_std,max_offspring_mean,max_offspring_std,extinct_count
0,0.6735759407880908,0.03327190827842942,0.017150382811648098,0.007381453416786992,0.004638958459681004,0.0006847424499837604,100.0,0.0,63.0,2.9154759474226504,1.15,0.3570714214271425,4.25,0.6224949798994366,0
1,0.7353799489459313,0.033286055322803924,0.018737886660454197,0.0069724261127914345,0.00338615618819567,0.000494796542219101,100.0,0.0,63.8,1.9899748742132402,1.0,0.0,4.35,0.6538348415311012,0
2,0.7793110667403684,0.0363881642840986,0.01822861749529018,0.008474291398479935,0.002624244652467294,0.0005035158832407364,100.0,0.0,63.75,2.947456530637899,1.05,0.2179449471770337,4.05,0.4974937185533099,0
3,0.8187591366953493,0.04518445351545239,0.018387527270241146,0.007230899513933814,0.002012311995805303,0.0004973158488617589,100.0,0.0,62.2,3.1080540535840107,1.125,0.3112474899497183,4.2,0.6782329983125269,0
4,0.834235278308704,0.047776693518528,0.015985310456943146,0.00668724947827438,0.00181686646428262,0.000556600942205394,100.0,0.0,63.1,2.3853720883753127,1.05,0.21794494717703372,4.2,0.9797958971132711,0
5,0.8526489348052907,0.04617363098823833,0.013591898772678154,0.006777925040475205,0.0016140012810784733,0.0005375885569960742,100.0,0.0,63.6,2.8530685235374214,1.05,0.21794494717703372,4.55,0.9733961166965892,0
6,0.8634832573624539,0.05108859140117919,0.01374773313754106,0.0063434346157038145,0.0014683843591494518,0.0006122210862340467,100.0,0.0,63.55,2.4181604578687494,1.075,0.23848480035423641,4.15,0.6538348415311012,0
7,0.8693693631200405,0.04443543405111857,0.014626494229781864,0.006136802585315577,0.001377295537606889,0.0005341970425853096,100.0,0.0,64.05,2.9744747435471695,1.05,0.2179449471770337,4.0,0.5477225575051661,0
8,0.878097565573357,0.042489426799256345,0.015063475602316318,0.007369716831970745,0.0012449431523887723,0.000530990816055704,100.0,0.0,64.25,2.118372016431486,1.025,0.10897247358851683,4.3,0.9,0
9,0.8816585897446613,0.04266267830452019,0.014789149568503546,0.00652721478900715,0.0012288583047659872,0.0005397535277196191,100.0,0.0,63.7,2.5317977802344327,1.025,0.10897247358851683,4.4,0.9695359714832658,0
10,0.8807912712178869,0.03820666989592795,0.015881055050742627,0.009116288389967876,0.0012052096746960235,0.0004448579523655181,100.0,0.0,63.1,2.681417535558384,1.125,0.3112474899497183,4.25,0.698212002188447,0
11,0.8889420177872449,0.032291554484095125,0.017199719873558013,0.008011367021443802,0.0010686405581233455,0.00038218384999830164,100.0,0.0,64.7,2.3473389188611007,1.0,0.0,4.25,1.0428326807307104,0
12,0.8873774204119573,0.03732632725316943,0.015402018043940221,0.007267621471088516,0.001142103808737214,0.0004982867074440803,100.0,0.0,63.15,3.902242944769072,1.2,0.3674234614174767,3.95,0.49749371855331004,0
13,0.8915325456382874,0.030359249429297245,0.015784385698528688,0.00591859335990228,0.0010770992929547776,0.00039987055449928766,100.0,0.0,62.4,3.916631205513228,1.15,0.3570714214271425,4.45,0.5894913061275798,0
14,0.8955363563536298,0.028648731977768408,0.01730567207456496,0.0073964627128706275,0.0010002515664393858,0.00035472701354696714,100.0,0.0,62.5,3.427827300200522,1.075,0.23848480035423641,4.15,0.6538348415311012,0
15,0.9006203187147446,0.028030376590266047,0.01575129578870848,0.006968487351489418,0.0009559801071890375,0.00037246557373686644,100.0,0.0,62.7,2.8653097563788807,1.1,0.2549509756796392,4.4,0.6633249580710799,0
16,0.8960728942999397,0.03630446909182095,0.016684760254764636,0.008111875386198428,0.0009918191572195095,0.00048664575265520597,100.0,0.0,64.15,3.2905166767545793,1.05,0.21794494717703372,4.0,0.8366600265340756,0
17,0.8976720384843464,0.032117930539471026,0.017224703240120685,0.008655022201276594,0.0009694947998028022,0.000409638871927139,100.0,0.0,63.65,2.5937424698685874,1.05,0.21794494717703372,3.85,0.3570714214271425,0
18,0.8987070334400237,0.03303694355593725,0.015629768876980678,0.008831315976326788,0.0009777880114511714,0.00047032510592214715,100.0,0.0,63.75,2.662235902394827,1.05,0.21794494717703372,4.2,0.8717797887081348,0
19,0.9036053543299785,0.02743767770714861,0.015495808448834853,0.00974991600559412,0.000897058665110036,0.0003742443949739441,100.0,0.0,63.1,3.766961640367472,1.1,0.3,4.4,0.6633249580710799,0
20,0.9045057976568979,0.027645804854086613,0.018162795353155486,0.007802869802101515,0.0008730114724722973,0.0004009865785665096,100.0,0.0,62.5,2.5592967784139455,1.0,0.0,4.25,0.6224949798994366,0
21,0.9077386298522017,0.02526221441293894,0.01726623299098278,0.008138170723186355,0.0008451392005659463,0.00032268434698087795,100.0,0.0,64.4,2.615339366124404,1.025,0.10897247358851683,4.15,0.653834841531101,0
22,0.9088431236208413,0.02623836053267131,0.017429445579641222,0.00605602261399677,0.0008432420966797509,0.00034031151162373734,100.0,0.0,64.3,3.287856444554719,1.0,0.0,4.1,0.7000000000000001,0
23,0.9095005084848211,0.028951459771442555,0.01544522155507024,0.006970876406468096,0.0008634436733295049,0.0003926992565108308,100.0,0.0,63.6,3.32264954516723,1.1,0.3,4.4,0.7999999999999999,0
24,0.9145872143354913,0.025491106561252724,0.01639280082529574,0.008259457318070432,0.0007738012742998311,0.0002796677651852478,100.0,0.0,62.1,2.022374841615669,1.1,0.3,4.35,0.8529361054615991,0
25,0.9139799285443235,0.026998524131848077,0.017897911433606764,0.0080558233595497,0.0007537768831634134,0.0003006999721385152,100.0,0.0,63.9,2.5475478405713994,1.05,0.21794494717703372,4.15,0.7262919523166976,0
26,0.9186918446545554,0.026652783828617882,0.016404632341984395,0.008825481702859208,0.0007197938312454623,0.00028817861095396536,100.0,0.0,64.15,2.4550967394381837,1.0,0.0,4.05,0.5894913061275798,0
27,0.9174066110772708,0.02730487035755052,0.016648677427427806,0.008451785255092272,0.0007383691571863975,0.0003249656569794977,100.0,0.0,63.0,1.8973665961010275,1.0,0.0,4.25,0.7664854858377946,0
28,0.9146280784167816,0.023687580044508775,0.017422275010108075,0.008954237909077681,0.0007537252338684919,0.000283339580696669,100.0,0.0,63.45,3.0573681492420897,1.075,0.23848480035423641,4.05,0.49749371855331,0
29,0.9137102642821706,0.022307707686233764,0.01713800822072018,0.006463332302451367,0.0007845930740514323,0.0002696513790304998,100.0,0.0,63.55,3.169779172119093,1.0,0.0,4.4,0.7999999999999999,0
30,0.9118838747726985,0.02402081248199535,0.01815771445196752,0.007121357369645752,0.0007925409883252337,0.0002725981268341454,100.0,0.0,63.85,2.7069355367278325,1.05,0.21794494717703372,4.3,0.6403124237432849,0
31,0.9158810795263502,0.022040268491337223,0.017689873159472815,0.007256800641788173,0.0007473159261858613,0.00023340123192967116,100.0,0.0,63.25,3.5899164335677787,1.05,0.15,4.1,0.8306623862918074,0
32,0.9169951274666767,0.024431562921981922,0.018283104696744174,0.006627648492064128,0.0007266635749509309,0.00026135523749716777,100.0,0.0,62.8,2.6381811916545836,1.05,0.21794494717703372,4.05,0.5894913061275798,0
33,0.9198457156422435,0.023021183179223196,0.01708269238075722,0.0062172440337028324,0.0007153636726187436,0.0002654987386667543,100.0,0.0,63.9,3.8327535793473597,1.0,0.0,4.1,0.8888194417315588,0
34,0.919408555943412,0.027890752019760445,0.017234698086977154,0.005722047204954069,0.0007224458348854559,0.0003320695937812969,100.0,0.0,62.85,3.4536212878658255,1.075,0.23848480035423641,4.35,0.7262919523166975,0
35,0.9192812192313159,0.026120419595868066,0.0158885855919945,0.007728377339808009,0.0007400719758652078,0.00030195111220110096,100.0,0.0,63.95,3.3537292675468007,1.075,0.23848480035423641,4.15,0.4769696007084728,0
36,0.9254007527122299,0.027372571311799297,0.01644689793352605,0.006993316947775353,0.0006647063096258605,0.0002996210388320326,100.0,0.0,63.55,3.089902911096076,1.1,0.3,4.35,0.792148975887743,0
37,0.9284326409075225,0.02510524379423298,0.016629933184116114,0.007717691463760979,0.0006119816690092527,0.0002469748203802446,100.0,0.0,63.5,2.8548204847240397,1.125,0.3112474899497183,4.3,0.714142842854285,0
38,0.926610289808931,0.02970736627740082,0.016560002939946007,0.007589110043559756,0.0006389949188700375,0.0003087501852088917,100.0,0.0,63.55,2.854382595238418,1.0,0.0,4.3,0.6403124237432849,0
39,0.9242221305346833,0.02915683322598992,0.016155824936392563,0.007813155588438193,0.0006734007219643901,0.00029932226605863284,100.0,0.0,63.5,2.5592967784139455,1.025,0.10897247358851683,4.15,0.653834841531101,0
40,0.9286666752597798,0.031379115232188205,0.01694319125780203,0.008830397379236738,0.000598073006480903,0.0003083737385518092,100.0,0.0,63.75,3.672533185690771,1.025,0.10897247358851683,3.9,0.6244997998398398,0
41,0.9267199038675809,0.02560851651377558,0.017364974761728644,0.008599304805029033,0.0006152951864823693,0.00026860382670037316,100.0,0.0,63.35,2.554897258208243,1.0,0.0,4.05,0.6689544080129826,0
42,0.9320586996408758,0.024041106328506475,0.017270827060389217,0.00854225347484671,0.0005519548670692716,0.00028746038593285644,100.0,0.0,62.85,3.5535193822462827,1.025,0.10897247358851683,4.15,0.7921489758877431,0
43,0.9298713795346801,0.023861050692750678,0.018338158822138663,0.008040316881656745,0.0005686718422227808,0.00024205550118217443,100.0,0.0,63.15,3.5252659474144643,1.05,0.21794494717703372,4.35,0.9096702699330126,0
44,0.9298779768869107,0.0219003131737443,0.017769909448390898,0.007939562521058555,0.0005785182798752145,0.00023909496053232298,100.0,0.0,64.35,3.4391132578035286,1.05,0.21794494717703372,4.2,1.0770329614269007,0
45,0.9271394455516081,0.026819119867773297,0.018220273254982013,0.008319218619254621,0.0006158420070057532,0.00036561984307755674,100.0,0.0,64.0,3.271085446759225,1.05,0.21794494717703372,4.4,0.66332495807108,0
46,0.9322798409664632,0.01813174005651577,0.017688686492903068,0.008987645784047241,0.0005423875271783457,0.00017957656493811124,100.0,0.0,64.0,2.32379000772445,1.025,0.10897247358851683,4.05,0.5894913061275798,0
47,0.9367474979714784,0.01694505494188724,0.01743433378360647,0.007425765523519705,0.0005126209496424129,0.00017833755648355928,100.0,0.0,62.95,3.3387872049593095,1.075,0.23848480035423641,4.25,0.7664854858377946,0
48,0.9356722670428897,0.019122179203517015,0.017745168034643148,0.007959085496227343,0.0005128503297245794,0.00018961380413908666,100.0,0.0,63.8,3.3406586176980126,1.05,0.21794494717703372,4.0,0.5477225575051661,0
49,0.937130634392523,0.02137783964061738,0.017044300462839775,0.008866913025427903,0.0005067335710862104,0.00018842233272405097,100.0,0.0,63.2,2.6758176320519302,1.05,0.2179449471770337,4.1,0.6244997998398398,0
50,0.9371708102825365,0.017435039499886035,0.017105912044491377,0.008503614058090194,0.000503598894662831,0.000165695918418207,100.0,0.0,64.4,2.8,1.05,0.15,4.0,0.8366600265340756,0
51,0.9336973059856272,0.017484815866238734,0.018339555654660233,0.008804665247553018,0.0005252368836845921,0.00017663282792464407,100.0,0.0,62.7,3.874274125562103,1.125,0.3112474899497183,4.5,0.5916079783099616,0
52,0.935048225273535,0.02266187145318024,0.01665039583182916,0.00844859500220816,0.0005543738192879614,0.00020510975024619113,100.0,0.0,64.45,3.2935543110748915,1.0,0.0,4.5,0.9746794344808963,0
53,0.936403662006778,0.024440044485384248,0.01681870650802845,0.008578344862938651,0.0005216445172036331,0.00021450304741935076,100.0,0.0,62.95,2.376446927663229,1.075,0.23848480035423641,4.35,0.47696960070847283,0
54,0.9340910078143144,0.024370728826883008,0.016841820590876695,0.00766703768661598,0.0005548382774421328,0.00024071038352781472,100.0,0.0,62.55,3.5563323804166562,1.1,0.2549509756796392,4.55,0.5894913061275798,0
55,0.9328853734515379,0.02768753207166407,0.016883804289295656,0.007853928873177532,0.0005740744654630592,0.0002442855933877171,100.0,0.0,64.05,3.57036412708844,1.05,0.21794494717703372,4.1,0.6244997998398398,0
56,0.9317225079553648,0.030080318356544903,0.016212645340404317,0.007918182838491253,0.0006053551456875322,0.0003154110945617918,100.0,0.0,63.5,3.0083217912982647,1.0,0.0,3.95,0.3840572873934304,0
57,0.9338575265144117,0.03073983175521928,0.015951666836163496,0.006711002280928393,0.0005923018054869016,0.00030361341508664463,100.0,0.0,62.4,3.2619012860600183,1.075,0.23848480035423641,4.35,0.5722761571129799,0
58,0.9379014177146537,0.025493806432466935,0.015970427438766473,0.005791168655644617,0.0005375771341943826,0.00024281644878202776,100.0,0.0,63.25,2.9979159427842537,1.125,0.3112474899497183,4.2,0.6,0
59,0.936881061817098,0.019734055267138728,0.015821577084762593,0.00648679124280459,0.0005538147148539859,0.0001951962849416119,100.0,0.0,62.95,2.4181604578687494,1.1,0.3,4.35,0.7262919523166975,0
60,0.9399169928485328,0.02080986014914111,0.015068583514912335,0.006545687487965036,0.0005187496199161357,0.00020892044533340703,100.0,0.0,64.3,2.685144316419511,1.05,0.2179449471770337,4.2,0.6,0
61,0.9392886464126479,0.020385195583412556,0.015274572989233248,0.007046084832818963,0.0005335368737487079,0.00022171413076001013,100.0,0.0,63.6,2.817800560721074,1.05,0.21794494717703372,4.1,0.5385164807134504,0
62,0.9388343388018328,0.023139566957975824,0.015253023969188323,0.00701286406592784,0.0005294716949433859,0.0002397727096076547,100.0,0.0,63.85,2.7253440149823285,1.05,0.21794494717703372,4.05,0.739932429347437,0
63,0.9362472871248194,0.019871032054607475,0.01546067906532041,0.007018166755724165,0.0005575528354402902,0.00022964602324583876,100.0,0.0,62.0,2.6457513110645907,1.1,0.3,4.5,1.0723805294763609,0
64,0.9358939903068884,0.02292332322729921,0.017021074116924675,0.0073644549321724255,0.0005317577421435288,0.000226772892268944,100.0,0.0,63.1,3.576310948449533,1.0,0.0,4.25,0.7664854858377946,0
65,0.9338816962834148,0.022920180226561157,0.01775176480745811,0.007668014703145642,0.0005412029733695376,0.0002081178413071623,100.0,0.0,63.95,2.8892040426387333,1.0,0.0,4.25,0.8874119674649424,0
66,0.9337155335432646,0.020035032564359588,0.018956944418580722,0.007170511380421641,0.0005274703760583364,0.00020262459203755184,100.0,0.0,63.45,2.5782746168707473,1.1,0.3,4.05,0.739932429347437,0
67,0.93447514396311,0.02227351973191276,0.01779994800840621,0.008242359832874168,0.0005305884227347656,0.00023771297484685754,100.0,0.0,62.65,3.7719358425084595,1.1,0.3,4.1,0.5385164807134504,0
68,0.9356779422847372,0.021857143219407606,0.017107629473328598,0.00883026140642323,0.0005181549069569549,0.00022669721474830623,100.0,0.0,63.15,2.7436289836637897,1.075,0.23848480035423641,4.25,0.6224949798994366,0
69,0.9382685414620665,0.02117848828823271,0.017284697596584096,0.00977507145473482,0.0004788156303328573,0.00018969432153258147,100.0,0.0,63.7,2.4919871588754225,1.05,0.21794494717703372,3.95,0.5894913061275798,0
70,0.9383933829021215,0.02252971655088425,0.017340721925233234,0.008520639954793578,0.0004874469175824548,0.00021055769246573335,100.0,0.0,64.6,3.3823069050575523,1.05,0.21794494717703372,4.1,0.8306623862918076,0
71,0.9398690987981594,0.0217177568724704,0.01774526094472719,0.00789197441674804,0.0004682484590525512,0.00022018845074020193,100.0,0.0,63.8,2.1587033144922905,1.0,0.0,4.2,0.7483314773547883,0
72,0.9357336073885408,0.023354633576748766,0.017380718200670907,0.008600438047593431,0.0005224210088685137,0.00020618885301583922,100.0,0.0,63.4,2.7459060435491964,1.075,0.23848480035423641,4.15,0.7262919523166976,0
73,0.9390856809425001,0.02121948171684538,0.01743330337599918,0.008924972669397024,0.00046531151975725003,0.0001519639700029007,100.0,0.0,62.95,2.747271373563231,1.1,0.3,4.5,0.806225774829855,0
74,0.9379130681219581,0.022362460397858948,0.016518862641293545,0.007645297890202079,0.0005099955000018555,0.00018617743737835385,100.0,0.0,63.7,1.8734993995195195,1.125,0.3112474899497183,4.15,0.5722761571129799,0
75,0.9358617349326842,0.026148951431836816,0.014862247293278525,0.008466731892607927,0.0005610746543982645,0.00028162637248354844,100.0,0.0,63.35,2.372235232855292,1.2,0.4,4.25,0.7664854858377946,0
76,0.9380389518241004,0.02398889151109242,0.013658325719284103,0.0078735544324679,0.0005604233701020002,0.0002658526302315732,100.0,0.0,63.85,3.1980462785894765,1.125,0.3112474899497183,4.05,0.49749371855331004,0
77,0.9378327286490391,0.01964409713621442,0.014516395121306605,0.008042275556962122,0.0005515208401163847,0.00020862795250413215,100.0,0.0,62.45,2.5975950415721076,1.025,0.10897247358851683,4.45,0.8046738469715541,0
78,0.939037787106726,0.021482275651771604,0.014988659978573349,0.00734361682460309,0.0005308840933396442,0.000219501694335509,100.0,0.0,63.4,3.2155870381627056,1.125,0.3112474899497183,4.25,0.698212002188447,0
79,0.9341543505668444,0.02451530469773388,0.014621324962764198,0.00876649877935215,0.0005874090803979995,0.00024021093691843374,100.0,0.0,62.65,3.7453304260105007,1.025,0.10897247358851683,4.25,0.698212002188447,0
80,0.9326984455631264,0.022386695155713746,0.014550938046447892,0.008223669331158688,0.0006086188958840633,0.00021074609393418654,100.0,0.0,62.65,3.785168424258028,1.05,0.21794494717703372,4.1,0.5385164807134504,0
81,0.9315805406901381,0.02668564548136607,0.014233747539248828,0.007909037139529172,0.0006332185460546272,0.00025895780534033753,100.0,0.0,63.4,3.1208973068654475,1.0,0.0,4.45,0.5894913061275798,0
82,0.9307038037727144,0.024142610173019184,0.013978520283335008,0.008182020692890294,0.0006508525388614799,0.0002668646431655104,100.0,0.0,63.35,3.1666228067138023,1.025,0.10897247358851683,4.3,0.9539392014169457,0
83,0.9334815009338836,0.019738249277675868,0.012210527534324517,0.008987080180129127,0.0006168745887618488,0.0001995276716723224,100.0,0.0,62.5,3.170173496829472,1.0,0.0,4.45,0.6689544080129827,0
84,0.932087607672244,0.025456135124770997,0.012659326304282773,0.008693402257570206,0.0006439675020210263,0.0003098198797473645,100.0,0.0,64.3,2.5709920264364885,1.025,0.10897247358851683,4.15,0.792148975887743,0
85,0.930181572804026,0.02566855000848722,0.013448337534730273,0.007845282209102538,0.000658181266382794,0.00031473822369370896,100.0,0.0,62.4,3.4263683398023628,1.125,0.3112474899497183,4.45,0.9205976319760985,0
86,0.9308150694730968,0.021663202842790455,0.013969074623759532,0.008089514286837891,0.0006435685174361039,0.000281333246189175,100.0,0.0,64.35,2.95423424934449,1.0,0.0,4.15,1.0136567466356647,0
87,0.9251431265826641,0.020519425794762722,0.013957327890595315,0.008232211628641498,0.0007110437494034342,0.00027452640439957555,100.0,0.0,62.75,2.7179955849853767,1.0,0.0,4.25,0.698212002188447,0
88,0.9280734923219912,0.02237210204642765,0.01402297509418729,0.007682782846112121,0.0006767082410780969,0.0002973440433722294,100.0,0.0,63.5,2.9748949561287032,1.0,0.0,4.25,0.698212002188447,0
89,0.930447260617807,0.021865118079245845,0.015849298414273877,0.007665501680491655,0.0006176522406322072,0.0002411354136076599,100.0,0.0,64.35,2.393219588754864,1.05,0.21794494717703372,4.2,0.7483314773547883,0
90,0.9361694299760639,0.021411289801335335,0.015125443750884631,0.008053977147726907,0.00055561442620288,0.00021184174518836438,100.0,0.0,65.3,3.1638584039112754,1.0,0.0,4.0,0.7745966692414834,0
91,0.934347932604234,0.02362479633313167,0.015430721311969356,0.007286900807924707,0.0005793145228981569,0.0002525951379740358,100.0,0.0,62.15,3.811495769379785,1.2,0.3674234614174767,4.2,0.8717797887081347,0
92,0.9347279389841434,0.024785087911955665,0.01602886401897146,0.008756796734168074,0.0005609564380348145,0.00028316803974136594,100.0,0.0,63.3,3.116087290176577,1.025,0.10897247358851683,4.35,0.6538348415311012,0
93,0.9379066258230052,0.024230589353058454,0.015288811574494469,0.007864321228462166,0.0005333630296213395,0.00026502503281864066,100.0,0.0,64.7,2.8478061731796287,1.05,0.21794494717703372,4.1,0.8306623862918074,0
94,0.9408048779649587,0.02583872096740059,0.014625804367194645,0.008916402374642253,0.0004969521445479434,0.00026201430337334254,100.0,0.0,62.3,3.0182776545573144,1.1,0.3,4.45,0.6689544080129827,0
95,0.9368111099482274,0.029632493282096647,0.015483457853676863,0.008184166822208102,0.0005422172975043125,0.00031708096402549064,100.0,0.0,63.65,2.903015673398957,1.0,0.0,4.3,0.5567764362830022,0
96,0.9368235108288128,0.025285625144594762,0.01590548836499925,0.0074182988734006194,0.0005355212367053647,0.0002737317389033819,100.0,0.0,64.35,3.3507461855533016,1.075,0.23848480035423641,4.0,0.6324555320336759,0
97,0.9343815183772082,0.022043940652582115,0.014455019656525996,0.007993283280882217,0.0005869132758620787,0.0002530618913405217,100.0,0.0,63.7,3.3481338085566414,1.15,0.3570714214271425,4.4,0.7348469228349535,0
98,0.9340123871187996,0.022226087985127846,0.015004866679083373,0.0077741469095464096,0.0005881177205823935,0.00024133296336492348,100.0,0.0,63.25,2.6995369973386176,1.1,0.2549509756796392,4.3,0.7810249675906654,0
99,0.9327919224972832,0.017054549416300805,0.014425224351031204,0.007381224802750723,0.0006137211059117221,0.00018163712003797832,100.0,0.0,62.7,3.536947836765479,1.2,0.4,4.1,0.7681145747868608,0
100,0.9296352439472961,0.024437355269409967,0.014744549723867507,0.007575567050992258,0.0006804706440193116,0.00039438481622080715,100.0,0.0,64.1,2.773084924772409,1.0,0.0,4.25,0.8874119674649424,0
101,0.9284401808357895,0.022517332713529754,0.01557742922183875,0.007480887293081583,0.0006703822158162147,0.00030292673462856324,100.0,0.0,64.75,1.894069692487581,1.025,0.10897247358851683,4.1,0.7681145747868608,0
102,0.9242517647713034,0.023010736402376494,0.016490956803519467,0.008112187796805457,0.0006997030746077482,0.00032041257220122884,100.0,0.0,63.35,3.758656674930553,1.1,0.3,3.9,0.6244997998398398,0
103,0.9278336703444451,0.02472073792414045,0.015266542078489612,0.008270907730791022,0.0006668866579387543,0.0003181059791294045,100.0,0.0,63.95,3.0736785778607367,1.05,0.21794494717703372,4.2,0.6,0
104,0.9312211850047133,0.02197311582026125,0.015047343101979822,0.008567397772179434,0.0006234838786815833,0.00031364948670531303,100.0,0.0,64.15,3.5815499438092444,1.15,0.3570714214271425,4.25,0.698212002188447,0
105,0.9306003065588465,0.022469649413889264,0.015853796263271658,0.007615962922475833,0.0006308891058904807,0.00030168971608550985,100.0,0.0,64.3,2.3473389188611007,1.05,0.21794494717703372,4.05,0.804673846971554,0
106,0.9313699026944544,0.019729351770298456,0.01565785306801858,0.007186350025924572,0.0006262818993543826,0.00029240403298395575,100.0,0.0,62.15,1.8241436346954694,1.1,0.3,4.4,0.6633249580710799,0
107,0.9358156430618825,0.019391772780538732,0.016805597967552766,0.0069593634657681,0.0005451616248921543,0.00022526592443843465,100.0,0.0,64.3,3.6891733491393435,1.0,0.0,4.1,0.5385164807134504,0
108,0.9338141450635418,0.021111682382265132,0.01689389353578672,0.007914084247008051,0.0005573962499361392,0.00021244363801892034,100.0,0.0,63.05,3.4709508783617204,1.05,0.15,4.2,0.6,0
109,0.9373204559169712,0.020390878902436,0.017351645654772544,0.009037919017864847,0.0004955294363257173,0.00018936455857847349,100.0,0.0,61.95,2.6358110706194404,1.025,0.10897247358851683,4.5,1.0723805294763609,0
110,0.9399587487739464,0.02134314798154722,0.016582818908477875,0.009539688697687908,0.00047628679253382917,0.00022266029153225134,100.0,0.0,63.9,2.754995462791182,1.05,0.21794494717703372,4.15,0.8529361054615991,0
111,0.9384311056232593,0.022243305312157315,0.017220929939012617,0.00796787626602204,0.0004961719244100971,0.00021964932396527855,100.0,0.0,63.2,3.325657829663178,1.025,0.10897247358851683,4.1,0.8306623862918076,0
112,0.939281268263693,0.01967297652833582,0.016693716362213444,0.00757232908372884,0.0004920751446131128,0.0001868681351502152,100.0,0.0,64.15,3.118894034750139,1.05,0.21794494717703372,4.25,0.7664854858377946,0
113,0.9422388629643782,0.02141924182502462,0.01617293392452188,0.007399890993431698,0.0004729872163829642,0.00018917196533272345,100.0,0.0,63.05,2.7290108097990378,1.125,0.3112474899497183,4.3,0.6403124237432849,0
114,0.9383057076267333,0.021580620782706325,0.01595019221523231,0.007902350936367803,0.0005235782979023971,0.0001758065449767968,100.0,0.0,62.9,3.254228019054596,1.05,0.21794494717703372,4.35,0.7262919523166975,0
115,0.9402759491832946,0.019182038105097766,0.01626720385865575,0.007600023069646195,0.0004906090873987168,0.00016087271330318814,100.0,0.0,63.75,2.6433879775772606,1.025,0.10897247358851683,4.55,0.9733961166965892,0
116,0.9415981723431969,0.020703821683176128,0.015590328949742868,0.008433717943432981,0.00047655119397579053,0.00018002122055386078,100.0,0.0,63.4,2.7820855486487113,1.075,0.23848480035423641,4.15,0.5722761571129799,0
117,0.9412119852067298,0.01648090573342732,0.014858036410801693,0.008067830908581286,0.0005112055079638363,0.0001596976831955026,100.0,0.0,63.55,2.957617284234051,1.05,0.21794494717703372,4.1,0.43588989435406733,0
118,0.9331473878020713,0.023838016150503842,0.016188277409449912,0.008764558911160306,0.0005857206114352745,0.00020574087036803024,100.0,0.0,63.55,3.2167530212933664,1.075,0.23848480035423641,4.0,0.6324555320336759,0
119,0.9353889253367305,0.022982231216362652,0.015671784615944005,0.008215107820946003,0.0005554905228440249,0.00024318400830154388,100.0,0.0,62.95,2.246664193866097,1.025,0.10897247358851683,4.25,0.7664854858377946,0
120,0.9395733744770455,0.02137268972930813,0.015486364799513838,0.008080064172147234,0.0005119367603060456,0.00021590255815536017,100.0,0.0,63.1,3.176476034853718,1.075,0.23848480035423641,4.1,0.6244997998398398,0
121,0.9400424125935588,0.02210015178995781,0.015235887229700387,0.007432058661535278,0.0005237036037339247,0.0002460285659461412,100.0,0.0,62.85,2.5937424698685874,1.025,0.10897247358851683,4.4,0.58309518948453,0
122,0.9416081625633235,0.025906138894262236,0.015372480568990756,0.007247090634915875,0.0005066145003988768,0.0002650895496367907,100.0,0.0,63.95,2.3973944189473704,1.025,0.10897247358851683,4.05,0.5894913061275798,0
123,0.941032505376468,0.02110577643701968,0.015289013712228483,0.0066167670823590015,0.0005134300408684994,0.00020985530406736355,100.0,0.0,62.9,3.548238999842034,1.1,0.3,4.2,0.5099019513592784,0
124,0.9406826099953107,0.02717931170595923,0.015454171430917374,0.007268512876072241,0.0005250447786269951,0.0002784479244444269,100.0,0.0,64.0,3.8340579025361627,1.175,0.36314597615834876,4.0,0.6324555320336759,0
125,0.9463092666277599,0.026002413128663707,0.014860492455818377,0.0067025078030982805,0.0004594661645269821,0.00023746307198100922,100.0,0.0,63.35,3.5535193822462823,1.15,0.3570714214271425,4.0,0.8366600265340756,0
126,0.9440686269538844,0.02205267939909513,0.01547868639231341,0.007508161776775323,0.0004695179713134575,0.00021343080037241499,100.0,0.0,62.85,3.7050641020095725,1.15,0.3570714214271425,4.05,0.739932429347437,0
127,0.9433912212771627,0.021258573773123186,0.014996607054711033,0.007849002280652388,0.00047807708201846703,0.00023385220634804902,100.0,0.0,63.55,3.2167530212933664,1.075,0.23848480035423641,3.95,0.49749371855331004,0
128,0.944874161138023,0.01683702043515081,0.01534164421449136,0.007747655601653143,0.00045497038357735837,0.00017123566015036089,100.0,0.0,63.95,2.9576172842340505,1.0,0.0,4.0,0.7071067811865476,0
129,0.9428020251974333,0.019342882039908412,0.015791041702046604,0.008870022531639307,0.0004688059609944973,0.00017369887196777946,100.0,0.0,63.8,2.541653005427767,1.05,0.21794494717703372,4.45,0.5894913061275798,0
130,0.9380194259953463,0.01734397154138382,0.016181920849677737,0.00960868279500733,0.0005161189363778194,0.00016116618642452734,100.0,0.0,63.1,2.6814175355583845,1.05,0.21794494717703372,4.3,0.7810249675906654,0
131,0.9376918429136865,0.02155523103417053,0.015534108420715429,0.009920672408317338,0.0005174129613642653,0.00018474131281066543,100.0,0.0,64.25,2.680951323690902,1.0,0.0,4.25,0.7664854858377946,0
132,0.9367777672683582,0.024715452075429103,0.014675521317538553,0.009828035088568369,0.0005469183749561294,0.0002653175887927647,100.0,0.0,62.5,2.5199206336708304,1.075,0.23848480035423641,4.55,0.8046738469715541,0
133,0.9398435139286201,0.027774631246722085,0.014354411488682606,0.009685404594752135,0.0005260594710822356,0.00024262391584845857,100.0,0.0,64.0,3.146426544510455,1.05,0.21794494717703372,3.9,0.7681145747868608,0
134,0.9423016241607453,0.026144407307200124,0.013395313406746042,0.009648994588260053,0.0005030811264510218,0.00020705489016170325,100.0,0.0,64.4,2.9899832775452104,1.05,0.15,4.05,0.804673846971554,0
135,0.9402325858760866,0.027740036300935602,0.013496938917628423,0.009531540053080411,0.0005314856584747905,0.00024055075738619366,100.0,0.0,64.1,2.605762844159076,1.025,0.10897247358851683,4.2,0.6782329983125268,0
136,0.9377375242245408,0.03011220191367527,0.014380506421590786,0.009303325469562569,0.0005513968471923625,0.00024179029183717674,100.0,0.0,63.8,2.3151673805580453,1.1,0.3,4.15,0.7262919523166975,0
137,0.9403995471579915,0.02957911183655944,0.012971941401869946,0.00952272646676418,0.0005330159439819835,0.00025591675708595363,100.0,0.0,64.35,3.7453304260105007,1.1,0.3,4.2,0.5099019513592785,0
138,0.9378664066824559,0.03309549356767558,0.01387292171758547,0.009633305669854835,0.0005540574170105142,0.0002409514326664288,100.0,0.0,63.6,2.353720459187964,1.0,0.0,4.15,0.7262919523166976,0
139,0.9349663474795411,0.027662615116033,0.0151539182037017,0.008541645994666858,0.000579763489416719,0.00023253685806817287,100.0,0.0,63.1,3.5482389998420345,1.05,0.15,4.35,0.9096702699330126,0
140,0.9320331834922657,0.03427224552189446,0.016221446023651345,0.009532770472674756,0.0005914577240319728,0.00023259967722786518,100.0,0.0,63.25,3.1284980421921316,1.025,0.10897247358851683,3.8,0.6,0
141,0.9362963546611669,0.028631753214439407,0.014298475208242475,0.009777987581185069,0.0005567762523596974,0.00020734873220635335,100.0,0.0,62.05,2.654712790491657,1.15,0.3570714214271425,4.5,0.7416198487095663,0
142,0.9377542738762796,0.030756245738878866,0.014561725944952192,0.010418967172078533,0.0005319078924770883,0.00021477349469177935,100.0,0.0,63.35,2.2197972880423116,1.05,0.21794494717703372,4.25,0.8874119674649424,0
143,0.9399313347208066,0.029897063806217036,0.014972735974440423,0.011112865686929442,0.0004874627067204925,0.00020762737329161818,100.0,0.0,62.7,3.3926390907374753,1.075,0.23848480035423641,4.55,0.5894913061275798,0
144,0.9353458130548684,0.027866326208319067,0.015758544331249846,0.011058857396846066,0.00053330610358801,0.00022344212955372706,100.0,0.0,62.95,3.007906248539007,1.025,0.10897247358851683,4.3,0.714142842854285,0
145,0.9367114538591474,0.027148250940130632,0.014880118481184956,0.011015904274900158,0.0005310906053999717,0.00023322875607176835,100.0,0.0,63.25,3.2384409829422554,1.1,0.3,4.35,0.5722761571129799,0
146,0.9453101139314759,0.021591798473196113,0.014093799817919486,0.010868697076797508,0.00043577779258404574,0.00015792386853071328,100.0,0.0,62.75,2.56661255354212,1.0,0.0,4.25,0.698212002188447,0
147,0.944108347687812,0.023161005339389536,0.014161779598204804,0.010123841598910048,0.00048330971897241087,0.00028810413965277103,100.0,0.0,63.45,2.6167728216259047,1.05,0.15,4.0,0.8944271909999159,0
148,0.9447634434493631,0.022333044159304927,0.014082077801994466,0.009619963734161172,0.0004511927857852605,0.00017266456866838587,100.0,0.0,63.6,2.8000000000000003,1.0,0.0,4.25,0.6224949798994366,0
149,0.9443869485062475,0.022535986834016766,0.015734129015715997,0.009640899343302424,0.00043565955735552585,0.00015506573883175846,100.0,0.0,63.5,3.7349698793966195,1.05,0.15,4.2,0.5099019513592784,0
150,0.9448043336160652,0.02127562671592613,0.014445750240976968,0.009899137157336611,0.0004483064181044349,0.00013727791080050397,100.0,0.0,63.4,2.764054992217051,1.125,0.3112474899497183,4.25,0.8874119674649424,0
151,0.9430912985375202,0.02308834367327903,0.0153939163520851,0.009666685264476033,0.00046188406493519646,0.00017874396555488773,100.0,0.0,63.75,2.5273503912200224,1.1,0.3,4.05,0.804673846971554,0
152,0.9418124749227141,0.021736214700540175,0.01604664299774417,0.009357909417148938,0.00046159682954940095,0.00018228036582057603,100.0,0.0,64.35,3.9909272105614755,1.05,0.21794494717703372,4.05,0.5894913061275798,0
153,0.9413071166890633,0.021728034954174174,0.015394648980030332,0.008318787126873709,0.0004928737299417987,0.00020683557630951082,100.0,0.0,62.75,2.6052830940226053,1.05,0.21794494717703372,4.15,0.7262919523166975,0
154,0.9364038310170752,0.021745541785944813,0.016794063202919887,0.0070337238404886504,0.0005386565144170182,0.0002012153143282774,100.0,0.0,63.55,2.3973944189473704,1.05,0.21794494717703372,4.15,0.6538348415311012,0
155,0.9375862671275224,0.022371353244105517,0.016570284398308894,0.007944340739298358,0.0005197797157917867,0.00019406406985095077,100.0,0.0,63.2,2.5219040425836985,1.0,0.0,4.45,0.8645808232895291,0
156,0.9357461915284476,0.021520064805457047,0.017428782999158687,0.007945482853144106,0.0005339922637654254,0.00017869951013488227,100.0,0.0,62.8,3.370459909270543,1.1,0.2549509756796392,4.4,0.7348469228349533,0
157,0.9343131248066076,0.022595770017628143,0.016533498848013452,0.0088103025988823,0.0005711763355862729,0.0002384841503614628,100.0,0.0,63.0,2.8809720581775866,1.05,0.21794494717703372,4.35,0.5722761571129799,0
158,0.9369756929313725,0.01734306955736551,0.01600211591583924,0.0064090568320637675,0.0005561036601882695,0.0001988900102619227,100.0,0.0,63.35,3.2446109165815247,1.025,0.10897247358851683,4.15,0.9096702699330127,0
159,0.93577108335892,0.015275473603800018,0.015619619311466664,0.007028908691862383,0.0005676859916859559,0.0001672136439909064,100.0,0.0,63.25,3.031088913245535,1.1,0.2549509756796392,4.05,0.864580823289529,0
160,0.9297504751698865,0.02412749211794769,0.016080226506970465,0.008531827756670114,0.0006231171877018958,0.0002589713035943049,100.0,0.0,62.65,2.7436289836637897,1.1,0.3,4.25,0.5361902647381804,0
161,0.9290835924549358,0.018915893723263674,0.01618806005860982,0.008287180948929456,0.0006355337500039772,0.0002230469409298665,100.0,0.0,62.95,3.694252292413175,1.1,0.3,4.15,0.5722761571129799,0
162,0.9332062116315554,0.017344728390107894,0.015401054852408485,0.007826765083490167,0.0006044867270773612,0.0002187573535254327,100.0,0.0,63.9,3.6318039594669758,1.15,0.3570714214271425,4.1,0.7000000000000001,0
163,0.9352513659123177,0.016040799119285735,0.0162168514279739,0.007287565191549362,0.0005671938769695485,0.00017638964098207042,100.0,0.0,61.95,3.800986713999406,1.15,0.3570714214271425,4.2,0.6,0
164,0.9373349958182053,0.02027904238401011,0.01589118852273315,0.007543672201762315,0.0005501524561182991,0.00019895676592181506,100.0,0.0,64.05,3.1220986531498327,1.05,0.2179449471770337,4.2,0.7483314773547883,0
165,0.9390220204481597,0.015420182460506507,0.014927350718627103,0.00744644957996111,0.0005408897531574299,0.00017917868086519503,100.0,0.0,63.05,2.692118125194361,1.1,0.3,4.3,0.6403124237432849,0
166,0.9384697885590262,0.016593588351467483,0.014043256613614292,0.0077849224951464365,0.0005637202342865799,0.00018427658884611475,100.0,0.0,63.1,2.8442925306655784,1.025,0.10897247358851683,3.95,0.6689544080129826,0
167,0.9402737618688579,0.021179938513367587,0.013446117721819384,0.008606341434496501,0.0005319469272945461,0.0001785744914956429,100.0,0.0,63.65,2.6129485260907837,1.05,0.21794494717703372,4.45,0.7399324293474372,0
168,0.9438503727809977,0.019918155302891004,0.013083867089061904,0.0072153430133015325,0.0004986155831535419,0.00020031121364649167,100.0,0.0,62.05,3.232259271778797,1.125,0.3112474899497183,4.5,0.6708203932499369,0
169,0.945835762772195,0.021611147015353983,0.012312239849976526,0.006435182810351586,0.0004967063857871294,0.0002296554286030884,100.0,0.0,64.25,2.1418449990603894,1.0,0.0,4.05,0.5894913061275798,0
170,0.9470583587552488,0.019976944769712696,0.012013791680842222,0.0066198861058665475,0.00048510549521807954,0.00021744829359589577,100.0,0.0,63.85,3.5954832776693593,1.025,0.10897247358851683,4.1,0.7000000000000001,0
171,0.9458582081003157,0.01659692811870111,0.012059129917910322,0.006607434348575143,0.0004995665474384086,0.00018213420695744982,100.0,0.0,66.3,2.98496231131986,1.0,0.0,4.15,0.7262919523166976,0
172,0.9480136443358059,0.01590663230034654,0.01287566032587829,0.00684787397317658,0.0004590863107029547,0.00016336973089248476,100.0,0.0,63.15,2.8857408061016154,1.05,0.21794494717703367,4.3,0.714142842854285,0
173,0.9491017094314197,0.018908821418039966,0.013583049415173461,0.006727026299201432,0.0004414852105440992,0.00017850462262883498,100.0,0.0,63.0,2.949576240750525,1.1,0.3,4.15,0.7262919523166975,0
174,0.9467324377251165,0.01763292959127201,0.012981867674906212,0.0054578691718159935,0.0004945931692671366,0.0001952049871138507,100.0,0.0,62.95,1.9615045245933032,1.125,0.3112474899497183,4.0,0.5477225575051661,0
175,0.9490051425019035,0.01749176341254751,0.012963585178406544,0.005106775034622988,0.00046835468545628194,0.00019120812014141207,100.0,0.0,63.75,3.3893214660164652,1.1,0.3,4.15,0.7921489758877431,0
176,0.9449643491916795,0.017573025938041654,0.0133000670009298,0.005353581381587184,0.0005100694808334633,0.00020480989047805612,100.0,0.0,63.15,3.4245437652335533,1.05,0.21794494717703372,4.7,0.9539392014169457,0
177,0.9402869542810512,0.018996129939521846,0.012645667889629172,0.006701929402554892,0.0005653592062762617,0.0002174875268943973,100.0,0.0,62.4,3.9799497484264803,1.2,0.4,4.35,0.7921489758877431,0
178,0.9394387859225699,0.023173900172098548,0.01345327716699265,0.006870347114735161,0.0005596275742465426,0.0002874276409630548,100.0,0.0,62.55,2.558808316384797,1.1,0.3,4.0,0.7745966692414834,0
179,0.9358379235221239,0.022448879855361852,0.013753690538320124,0.006450232114768509,0.0005959290140625949,0.00027910221366459506,100.0,0.0,63.85,3.0540956108150903,1.025,0.10897247358851683,4.15,0.7262919523166976,0
180,0.9360874425760984,0.0223504680316113,0.013835551391724593,0.007296802491157769,0.0005866125387977707,0.0002563129986822183,100.0,0.0,62.65,3.395217224272992,1.125,0.3112474899497183,4.25,0.7664854858377946,0
181,0.9368320177761232,0.02726372833457235,0.014544827258249371,0.00704867523862744,0.0005697454394494271,0.00029323309650016317,100.0,0.0,63.3,2.666458325194677,1.1,0.3,4.05,0.5894913061275797,0
182,0.9383230842706617,0.023622439760954517,0.0131639155639005,0.006176173907465618,0.0005737383937128312,0.0002318324790443281,100.0,0.0,63.3,2.7766886753829643,1.0,0.0,4.3,0.7810249675906654,0
183,0.9395328882621767,0.024352109952382305,0.012651520165457498,0.004954943710303629,0.0005847952576667034,0.000259395887442232,100.0,0.0,63.0,3.3763886032268267,1.075,0.23848480035423641,4.3,0.7810249675906654,0
184,0.9358663318550509,0.02255850071376455,0.01409916376927664,0.00733391266728903,0.0005902469059431149,0.00022797087357131397,100.0,0.0,63.65,2.5548972582082436,1.075,0.17853571071357124,3.8,0.6,0
185,0.9363818516532811,0.02538669620113241,0.014256281292482473,0.007038360673040135,0.000583150508070665,0.00026725318097034874,100.0,0.0,63.75,3.4478254016118624,1.0,0.0,4.15,0.6538348415311009,0
186,0.9367988997381331,0.018087288851186746,0.014708682009190732,0.007313464477248578,0.0005728821544583437,0.00016306323177351257,100.0,0.0,62.95,2.9236107812087435,1.05,0.2179449471770337,4.1,0.7000000000000001,0
187,0.9406425983002089,0.02210691613004508,0.014943415664439361,0.006341728898998581,0.0005168917090081543,0.00019404480157942885,100.0,0.0,63.4,2.3958297101421877,1.05,0.21794494717703372,4.2,0.7483314773547883,0
188,0.93781483580498,0.024746074297775755,0.014199343944132085,0.0072282322150646556,0.0005538663152455172,0.0002204838285902746,100.0,0.0,63.15,2.104162541250081,1.0,0.0,4.05,0.5894913061275797,0
189,0.9376414669386566,0.02152116348229794,0.013554321420760351,0.006994469849972294,0.0005699695552066917,0.00019064169105343878,100.0,0.0,64.3,3.303028912982749,1.1,0.3,3.8,0.6782329983125268,0
190,0.9365484894023732,0.025056927210459257,0.014031328273977448,0.0069461043680070795,0.0005823449366048588,0.0002461706399526098,100.0,0.0,62.55,3.4128433893163046,1.1,0.3,4.05,0.49749371855331004,0
191,0.9324137138496204,0.02374752244128749,0.014395968520468701,0.006853494045849051,0.0006327768721659198,0.00021607010767752023,100.0,0.0,64.15,4.269367634673781,1.1,0.3,4.1,0.7,0
192,0.9304033453706634,0.028206028696872956,0.014518561337322086,0.006517118494491624,0.0006539525463223761,0.00028602871822200137,100.0,0.0,64.3,3.661966684720111,1.1,0.3,4.05,0.6689544080129826,0
193,0.9310513220648294,0.03133961510851006,0.014237341645057744,0.006199260647329984,0.0006496317796191898,0.0003488828608066102,100.0,0.0,62.15,3.1823733281939126,1.05,0.21794494717703372,4.4,0.8,0
194,0.9357392527871887,0.02631911625405248,0.01424167746882762,0.0074277721410949855,0.0005832568994577379,0.0002492812739465285,100.0,0.0,63.9,3.014962686336267,1.025,0.10897247358851683,3.9,0.7681145747868608,0
195,0.9356702688358295,0.023868245090736668,0.015403639776809284,0.008999774961434226,0.0005573339918857497,0.00022988075553986582,100.0,0.0,63.25,3.686122624113311,1.1,0.3,4.15,0.852936105461599,0
196,0.9401230606386914,0.0208059467262635,0.015498696965805001,0.008885175352723089,0.0004938286061147827,0.00017994313142687655,100.0,0.0,63.45,2.991237202229205,1.0,0.0,4.55,0.8645808232895291,0
197,0.9389895782613902,0.020196392108080583,0.01692797332279864,0.007920425329468114,0.000492614906475821,0.00019272509583541768,100.0,0.0,63.85,3.2752862470324637,1.0,0.0,4.3,1.0049875621120892,0
198,0.9380041987915216,0.01952453565273211,0.016485372834391103,0.007996294844859453,0.0005111923249482414,0.00016537377489894472,100.0,0.0,63.2,2.5612496949731396,1.075,0.23848480035423641,4.15,0.9096702699330127,0
199,0.9339415325785841,0.020340624387261533,0.01857140837570473,0.008011909564176583,0.0005280601953496371,0.00017472624391176236,100.0,0.0,63.65,3.1823733281939126,1.0,0.0,4.4,0.7348469228349535,0
200,0.9332516545803777,0.018520690604046087,0.01678676241707178,0.007862193006331408,0.0005737126394858179,0.00022077550821757998,100.0,0.0,63.4,2.7640549922170505,1.05,0.21794494717703372,4.2,0.7483314773547883,0
201,0.9344661698959034,0.020639616289258478,0.016992169244273707,0.007421916717733533,0.0005587224869118736,0.00020040573124519926,100.0,0.0,63.05,2.2907422377910613,1.075,0.23848480035423641,4.15,0.5722761571129799,0
202,0.9340672386649029,0.02123344206197663,0.016711008946576913,0.006107570907971364,0.0005843899810630447,0.00023291288271631654,100.0,0.0,62.6,3.6523964735499352,1.15,0.3570714214271425,4.35,0.5722761571129799,0
203,0.9383983778192005,0.022195285594781247,0.016399278320615295,0.0066883798800075975,0.000531021721716577,0.00020103402885285473,100.0,0.0,64.15,3.259984662540608,1.05,0.21794494717703372,4.05,0.739932429347437,0
204,0.9413443452991833,0.02204613978882358,0.016107785526837642,0.006196269790004883,0.0004921145866076631,0.0001895006299115089,100.0,0.0,63.6,3.1368774282716245,1.1,0.3,4.45,0.8046738469715541,0
205,0.9411707703797306,0.02384597934111444,0.01569226060351712,0.006408863968127998,0.0004986884785488941,0.00022549146957181245,100.0,0.0,64.95,3.4565155865408737,1.05,0.15,4.15,0.3570714214271425,0
206,0.9417556816870907,0.024598602926342014,0.0139105957786323,0.0062329832470591736,0.0005209664734768876,0.0002752111005628031,100.0,0.0,62.9,2.808914381037628,1.05,0.21794494717703372,4.35,0.963068014212911,0
207,0.9415771043235038,0.023314884682820055,0.013626045583988338,0.00653789459766557,0.0005275164648374551,0.0002605550301343006,100.0,0.0,63.3,2.471841418861655,1.0,0.0,4.25,0.4330127018922193,0
208,0.9402608912040036,0.025217923804178723,0.014653972395665562,0.0060511987728667106,0.000543693242221775,0.0002964279012755389,100.0,0.0,62.65,2.669737814842499,1.1,0.3,4.35,0.653834841531101,0
209,0.9439281300113758,0.022698280118501647,0.013446225391142213,0.00546169067205002,0.0005089891892002077,0.00025839876038515595,100.0,0.0,62.5,2.1330729007701543,1.075,0.23848480035423641,4.05,0.6689544080129826,0
210,0.9415378045414757,0.024066214079489497,0.012839100216731281,0.006148998686239074,0.0005351491011964416,0.00025591528312688305,100.0,0.0,62.6,2.1071307505705477,1.125,0.3112474899497183,4.4,0.58309518948453,0
211,0.9411907960766369,0.022028853401900212,0.014089489970644114,0.006803244315019209,0.0005197592106123916,0.0002249368182839061,100.0,0.0,63.6,2.5377155080899043,1.0,0.0,4.05,0.9733961166965892,0
212,0.9401964023059264,0.021187464822156474,0.013322081262606136,0.005926955240799414,0.0005519696032438763,0.0002180607945488997,100.0,0.0,63.95,2.3339880033967613,1.0,0.0,4.0,0.6324555320336759,0
213,0.937288428476921,0.024772948342088052,0.01297644456074738,0.0069684586827830014,0.0005947730713875175,0.0002892464379436766,100.0,0.0,63.5,3.057776970284131,1.025,0.10897247358851683,4.35,0.8529361054615991,0
214,0.9356046221091529,0.0247332325340309,0.012607292258360863,0.005938957192279213,0.0006150650340563419,0.000274403709729557,100.0,0.0,62.9,1.8411952639521971,1.025,0.10897247358851683,4.2,0.812403840463596,0
215,0.9349734649500114,0.024277294993491353,0.012692300315357377,0.005993167635718356,0.0006196006553747606,0.00026259788174060224,100.0,0.0,63.65,3.6093628246547893,1.0,0.0,4.1,0.5385164807134504,0
216,0.9362505653047923,0.02398297271622428,0.013047138985181481,0.005688918246940194,0.0006026418397174941,0.0002514553484503753,100.0,0.0,62.75,3.476708213238494,1.05,0.21794494717703372,4.75,0.8874119674649424,0
217,0.9352005977994912,0.021514924457031747,0.013405608032710483,0.006270280872696314,0.0006243459931922267,0.0002319115488164835,100.0,0.0,62.55,2.5975950415721085,1.0,0.0,4.35,0.653834841531101,0
218,0.939601349613179,0.018863334263243006,0.013175584011084821,0.004577646664227033,0.0005767805985062377,0.00023618145217460523,100.0,0.0,63.0,3.40587727318528,1.075,0.23848480035423641,4.25,0.6224949798994366,0
219,0.9382505746750232,0.017502626120147774,0.012824006977591142,0.005269621248652391,0.0006036420693007838,0.0002187282157201445,100.0,0.0,63.0,3.924283374069717,1.1,0.3,4.05,0.9733961166965893,0
220,0.9424193011024891,0.014948256285530991,0.012163729445281806,0.005722967636785511,0.000546309234542849,0.000196630151364983,100.0,0.0,64.2,2.420743687382041,1.0,0.0,4.45,0.8645808232895292,0
221,0.9461566780984869,0.012325738830973902,0.013328965356878044,0.005309519315575907,0.0004816104613162707,0.00015300632834917336,100.0,0.0,62.85,2.7977669667075564,1.075,0.23848480035423641,4.05,0.6689544080129826,0
222,0.9461610804202559,0.015524249312040219,0.012817627840008877,0.005171678289333608,0.0004957194967636237,0.0001976666841457067,100.0,0.0,63.2,3.9949968710876362,1.15,0.3570714214271425,4.2,0.9273618495495703,0
223,0.9436935447606016,0.015624553897208961,0.013685758385453975,0.0052082735316629864,0.0005122070756995219,0.00020046397891934655,100.0,0.0,63.85,3.2752862470324637,1.1,0.3,4.45,0.7399324293474372,0
224,0.9465752064050912,0.012832942424566805,0.013720656456461533,0.005541463784578559,0.0004674216691141422,0.00016267098353827484,100.0,0.0,62.95,3.412843389316304,1.05,0.21794494717703372,4.0,0.7071067811865476,0
225,0.946762549806162,0.010841439900094658,0.014197531627289341,0.0060491809513180065,0.0004561714979302884,0.00012495864079598633,100.0,0.0,64.2,2.694438717061496,1.025,0.10897247358851683,4.1,0.6244997998398398,0
226,0.9444728299947809,0.016503394965787514,0.013336884127488721,0.006775262711874952,0.0004961575939746091,0.00019609005080125237,100.0,0.0,63.35,3.6779749863205975,1.25,0.4330127018922193,4.3,0.7810249675906654,0
227,0.9427479009062028,0.017392207410217804,0.012756270352244354,0.00633478995143605,0.0005268738714327801,0.00021470768077778095,100.0,0.0,64.15,3.409912022325503,1.075,0.23848480035423641,4.2,0.9273618495495703,0
228,0.9419956839624438,0.01688796763703961,0.012026538595949588,0.005820492289337187,0.0005488448189843263,0.00018956818018084216,100.0,0.0,64.65,3.15079355083763,1.1,0.3,4.3,0.9,0
229,0.9405132813390737,0.020206379485186204,0.011277385942256387,0.006601544338615488,0.0005739173189536794,0.00023509655424527276,100.0,0.0,64.15,3.539420856580918,1.075,0.23848480035423641,3.85,0.653834841531101,0
230,0.9391241634622778,0.016424064415458517,0.010717488963288736,0.007142895468776921,0.0005914326394044825,0.00014107684438532806,100.0,0.0,62.75,2.56661255354212,1.1,0.3,4.2,0.6,0
231,0.9425699491120199,0.020018185938392316,0.011071845878073763,0.005744650234080407,0.0005553723684364162,0.000205026116322457,100.0,0.0,62.2,3.0757112998459393,1.075,0.23848480035423641,4.5,0.7416198487095663,0
232,0.9425019947957722,0.024603158239297165,0.011119139149030347,0.006062030854719131,0.0005601116206967385,0.00028951852785765993,100.0,0.0,63.65,3.320767983464066,1.05,0.21794494717703372,4.25,0.82915619758885,0
233,0.9418562188998013,0.024504316141923388,0.011657682744047685,0.005601526891723721,0.000556785872528202,0.00028585329082648147,100.0,0.0,63.7,2.968164415931166,1.125,0.3112474899497183,4.1,0.7,0
234,0.9449556198215866,0.02545333849315838,0.010814155065015688,0.005626125116646102,0.0005342799819902586,0.0003138928897604553,100.0,0.0,63.8,3.2341923257592455,1.0,0.0,4.4,0.7348469228349535,0
235,0.9431605280285751,0.021550340039568232,0.010410956228210672,0.006129200428340911,0.0005531933957874946,0.0002508355884219801,100.0,0.0,63.05,3.2476914878109957,1.15,0.3570714214271425,4.2,0.6782329983125268,0
236,0.9387093370931288,0.020754865130959328,0.011759487913611488,0.006577001079777113,0.0005971793326413642,0.0002451561891081355,100.0,0.0,63.45,3.368605052540295,1.0,0.0,4.25,0.8874119674649424,0
237,0.942762094907074,0.021492144480455107,0.011421875864182567,0.0067517265277699,0.000544322545991046,0.0002620746051394449,100.0,0.0,62.2,2.5612496949731396,1.05,0.21794494717703372,4.0,0.6324555320336759,0
238,0.9418444426408087,0.019441310294178372,0.011089065132548731,0.006485111188062888,0.0005499715194627368,0.00022002451065656337,100.0,0.0,63.7,2.666458325194677,1.05,0.21794494717703372,4.15,0.5722761571129799,0
239,0.9413892030428881,0.017977240827638095,0.011477020996948948,0.006706282913468159,0.000545480513657348,0.0001939224248670643,100.0,0.0,63.65,2.535251466817444,1.0,0.0,4.1,0.6244997998398398,0
240,0.9388759641430753,0.021400057933617246,0.012375394774126167,0.006747645736812923,0.0005737165121454967,0.0002482663731993,100.0,0.0,63.75,3.0639027399707057,1.05,0.21794494717703372,4.15,0.7262919523166976,0
241,0.9384377194997496,0.021872126953488995,0.012406988009787737,0.006277202599343758,0.0005776591291093843,0.0002317566876400713,100.0,0.0,62.75,2.680951323690902,1.125,0.3112474899497183,4.25,0.6224949798994366,0
242,0.9411453980681754,0.02202440170381866,0.011855040225703054,0.007077193776322582,0.0005478907003549519,0.00020708428277156114,100.0,0.0,64.1,2.913760456866693,1.0,0.0,4.45,0.8046738469715541,0
243,0.9357614834836244,0.025673563526341092,0.01218804571186637,0.005570886564904983,0.0006173427596844674,0.0002855720686030083,100.0,0.0,62.35,3.1823733281939126,1.05,0.21794494717703372,4.65,0.7921489758877431,0
244,0.9337511001554615,0.024968030147564855,0.011326749426313173,0.0054120312910065456,0.0006624540169251931,0.0002848363053022512,100.0,0.0,63.8,2.580697580112788,1.05,0.21794494717703372,3.9,0.6244997998398398,0
245,0.9341781720921144,0.02321547031241242,0.010109358538681036,0.006139893222854491,0.0006690287585894643,0.0002752973844635547,100.0,0.0,62.9,2.964793416074719,1.075,0.23848480035423641,4.3,0.8426149773176358,0
246,0.9374225782810013,0.02371789628067804,0.010595798518510122,0.006409176958966389,0.0006222598080054145,0.00028564842717813195,100.0,0.0,62.7,2.8301943396169813,1.1,0.3,4.35,0.9630680142129111,0
247,0.9377066855778287,0.024287454958292286,0.01202462810309915,0.0066151726586260685,0.0005932248906857246,0.0002780823814826777,100.0,0.0,62.55,3.353729267546801,1.05,0.2179449471770337,4.15,0.6538348415311009,0
248,0.9376794612590157,0.021948222822261807,0.012494305362075984,0.006458117888158719,0.0005889013149690802,0.0002521170332510318,100.0,0.0,63.15,2.3932195887548637,1.05,0.21794494717703372,4.25,0.7664854858377946,0
249,0.9345409099749119,0.022082807815612275,0.0120644464667115,0.00636753685569149,0.0006524154435493734,0.00025973843691221666,100.0,0.0,63.65,2.885740806101615,1.075,0.23848480035423641,4.05,0.804673846971554,0
250,0.9374263480486045,0.022465136806092363,0.01277691179080361,0.005897845780513399,0.0006255788515804712,0.0002647350537160036,100.0,0.0,63.0,1.8439088914585775,1.025,0.10897247358851683,4.35,0.7262919523166975,0
251,0.9388897637184577,0.01977053100628393,0.0125237468959356,0.005133677887582553,0.0005899025384862193,0.0002173834118480619,100.0,0.0,63.3,2.7766886753829643,1.05,0.2179449471770337,4.05,0.49749371855331004,0
252,0.9399397783826429,0.01937710671901817,0.012155953622940191,0.005385297556574719,0.0005819268129525189,0.00020385314123431473,100.0,0.0,63.6,3.2924155266308657,1.05,0.21794494717703372,4.35,0.7262919523166976,0
253,0.9420111076838543,0.02037368526225174,0.0122541719227755,0.004876237580052558,0.0005598898792381441,0.00022845182795616146,100.0,0.0,63.7,3.2572994949804666,1.075,0.23848480035423641,4.35,0.7262919523166976,0
254,0.9380236378346277,0.02436755139506144,0.012212193802958689,0.005976310344966009,0.0005942290714255718,0.0002703004962798523,100.0,0.0,63.15,2.632014437650371,1.025,0.10897247358851683,4.45,0.6689544080129827,0
255,0.9438562396322789,0.0228218485476316,0.011255411907714622,0.006043074228345085,0.0005361262352368182,0.00025881198728290827,100.0,0.0,64.7,3.241913015489466,1.025,0.10897247358851683,4.1,0.6244997998398398,0
256,0.9422675396629799,0.026611088457710326,0.012031750188210316,0.005714243187988521,0.0005459965411204945,0.00030834695385573743,100.0,0.0,63.15,3.0376800358168077,1.0,0.0,4.15,0.6538348415311012,0
257,0.9397396647072869,0.027744533370708948,0.012852426135356693,0.005578587730160267,0.0005764880659519648,0.00033561355095562386,100.0,0.0,62.8,3.370459909270543,1.1,0.2549509756796392,4.2,0.6782329983125269,0
258,0.9406378082122077,0.025259013733456685,0.012366351629318354,0.005743824738143184,0.0005737273500739198,0.00028330233473817704,100.0,0.0,63.95,2.558808316384797,1.0,0.0,4.15,0.6538348415311009,0
259,0.9414138885630992,0.029294516833983965,0.011938381423671745,0.005756303954356196,0.00057425286773387,0.00033701725712747925,100.0,0.0,63.3,2.491987158875423,1.05,0.21794494717703372,3.95,0.5894913061275798,0
260,0.9413252623746888,0.025738926689216127,0.012445131734447066,0.006449199955915384,0.000547876841694912,0.00025207448466355226,100.0,0.0,62.95,2.8892040426387333,1.0,0.0,4.45,0.8645808232895292,0
261,0.9402430250617699,0.026666253170431965,0.012553499347179062,0.0064134807236774566,0.0005548300178617205,0.00027393901692192193,100.0,0.0,62.15,3.0540956108150903,1.05,0.15,4.2,0.8717797887081347,0
262,0.9421524564680883,0.02661754132867378,0.012676545688722696,0.007143632983373664,0.0005238476044089921,0.00024001303735579272,100.0,0.0,62.25,4.345975149491768,1.15,0.3570714214271425,4.1,0.7,0
263,0.9390433604761578,0.026151120782515403,0.012553546448773253,0.007186141591491271,0.0005683788102749567,0.0002406047228873171,100.0,0.0,63.75,2.7363296585024255,1.025,0.10897247358851683,3.95,0.6689544080129826,0
264,0.9392601116501673,0.029535072963367614,0.012647495343925933,0.006087501011916242,0.0005752725514994234,0.00029583581024078255,100.0,0.0,62.0,3.271085446759225,1.05,0.21794494717703372,4.3,1.004987562112089,0
265,0.9422776316130772,0.025794447541747097,0.012892441984422598,0.0063447302136286484,0.0005294183146146258,0.00026816301336053975,100.0,0.0,63.2,2.7495454169735036,1.15,0.3570714214271425,4.35,1.0136567466356645,0
266,0.9439878010182967,0.02231251413184611,0.011964178529368265,0.006216340926507567,0.0005225851776493233,0.00023763793390271253,100.0,0.0,63.9,3.3451457367355464,1.025,0.10897247358851683,4.25,0.9937303457175896,0
267,0.9427013562423697,0.022063811706750657,0.012648394037637619,0.005638866364970265,0.0005334245062849271,0.00024053535514327059,100.0,0.0,64.25,2.6052830940226053,1.0,0.0,4.35,0.653834841531101,0
268,0.9414020842654498,0.02540849044791581,0.012712016737008317,0.0055734039328061685,0.000547847636862722,0.00027335342634518967,100.0,0.0,63.7,3.551056180912941,1.05,0.21794494717703372,4.15,0.4769696007084728,0
269,0.9428455969477595,0.023261202122315208,0.012012153429449498,0.005741670456024499,0.0005476977596926249,0.0002735362743648804,100.0,0.0,63.95,2.4181604578687494,1.1,0.3,4.1,0.5385164807134504,0
270,0.9424025905322146,0.026148268083423083,0.012754095537572951,0.006734394637938347,0.0005355927179442505,0.0002581506921673384,100.0,0.0,63.35,2.4550967394381837,1.05,0.21794494717703372,4.4,0.8602325267042626,0
271,0.9415326288234542,0.027478067272986215,0.012467776392456522,0.005100027225959235,0.0005593984542491723,0.0003050782075581018,100.0,0.0,64.4,3.4263683398023628,1.05,0.15,3.95,0.5894913061275798,0
272,0.9377100538683851,0.03478415749785051,0.012794725531647455,0.005711128858724854,0.000599363592207026,0.00037796310859121543,100.0,0.0,63.8,3.558089374931439,1.075,0.23848480035423641,4.35,0.6538348415311012,0
273,0.9391558876465768,0.03360129024829287,0.012770329267776334,0.0065834346902484825,0.0005819580935640899,0.00035561650775743246,100.0,0.0,64.4,2.5573423705088847,1.0,0.0,4.05,0.3840572873934304,0
274,0.9375316890470395,0.030895890675972818,0.013612648721718615,0.006018460184909754,0.0005974751784880391,0.00031359100295714397,100.0,0.0,63.15,2.4753787588973126,1.05,0.21794494717703372,4.4,0.9165151389911681,0
275,0.9396144047340682,0.026843197032112742,0.01332626002000328,0.006537436525050556,0.0005661751687549577,0.0003023877523687121,100.0,0.0,62.25,2.680951323690902,1.075,0.23848480035423641,4.25,0.698212002188447,0
276,0.9359761488776787,0.02521005054825127,0.014018081811551845,0.006565180275573648,0.0006050301309649923,0.00031029799521096557,100.0,0.0,62.45,2.4591665254715873,1.1,0.2549509756796392,4.45,0.9205976319760986,0
277,0.9371645838960102,0.026001576129784917,0.013854131361358596,0.006212785050682246,0.0005907624397140334,0.0003158382953229876,100.0,0.0,64.1,3.0149626863362666,1.0,0.0,4.0,0.4472135954999579,0
278,0.9374972488554187,0.027446940403151265,0.014097255198407713,0.006100391629076702,0.0005815461447804657,0.000320578288033822,100.0,0.0,64.75,3.533765696816924,1.05,0.21794494717703372,4.0,0.7071067811865476,0
279,0.9408697745186156,0.025567530115037523,0.014028403023148945,0.006109830545461389,0.0005331290070782751,0.000272522583109121,100.0,0.0,62.95,2.9406631905065224,1.125,0.3112474899497183,4.0,0.6324555320336759,0
280,0.9410689153523049,0.02412760467631894,0.012833066372578772,0.006215610609883778,0.0005535701176207736,0.0002649853572278851,100.0,0.0,63.65,2.7436289836637897,1.05,0.21794494717703372,4.15,0.6538348415311012,0
281,0.9407580454481879,0.026560467464101036,0.0133510945729716,0.006319882570309597,0.0005637783331720722,0.000281062673723059,100.0,0.0,63.7,2.6476404589747453,1.05,0.21794494717703372,4.25,0.7664854858377946,0
282,0.9400178042683468,0.024722225152135954,0.014512791768061323,0.00546934606427788,0.0005525926523344503,0.000284114893530183,100.0,0.0,63.35,3.1980462785894765,1.025,0.10897247358851683,4.25,0.698212002188447,0
283,0.9415487332803048,0.021206652769244664,0.013069054332150573,0.005321682522712401,0.0005514220865167377,0.00023295858693569353,100.0,0.0,62.4,2.7820855486487113,1.025,0.10897247358851683,4.15,0.3570714214271425,0
284,0.937587719559029,0.02181885583812966,0.01334989507503615,0.0064902014138386805,0.0005854339089502587,0.0002567105423915792,100.0,0.0,63.1,4.253234063627348,1.15,0.32015621187164245,4.05,0.6689544080129826,0
285,0.9369374130486241,0.022700266546961428,0.013537470810146151,0.0073239329140718885,0.0005788063424981176,0.00024386278649429937,100.0,0.0,64.3,2.7766886753829643,1.05,0.21794494717703367,4.2,0.6782329983125268,0
286,0.9341801497364308,0.024555154822433624,0.01561996833667085,0.008087716449947512,0.0005812535756949639,0.00021683499596744345,100.0,0.0,62.6,2.764054992217051,1.125,0.3112474899497183,4.25,1.0428326807307104,0
287,0.9395517500751616,0.02400580790540587,0.01481617056935118,0.006999831475785197,0.0005362317219476787,0.00021281481165887054,100.0,0.0,62.4,3.583294573433783,1.1,0.2549509756796392,4.1,0.7681145747868608,0
288,0.9391786846276521,0.02571322577416936,0.015095517928789885,0.007581322512702964,0.0005341798539547259,0.00024033075912485347,100.0,0.0,62.95,1.883480820183736,1.025,0.10897247358851683,4.0,0.7745966692414834,0
289,0.9393284506209778,0.022932037959450313,0.014098010148227891,0.007568427903934884,0.0005439850824008523,0.00020346332110355924,100.0,0.0,64.0,3.2093613071762426,1.125,0.3112474899497183,4.4,0.9695359714832658,0
290,0.9414532140765104,0.018787452102804858,0.01325151114269657,0.0066815893429879765,0.0005391021478412374,0.00018172540896841373,100.0,0.0,64.1,3.4770677301427417,1.1,0.3,4.0,0.6324555320336759,0
291,0.9452872381197583,0.02125404866382331,0.011544597797949061,0.0058332118178429536,0.0005207557935533607,0.00023229311589640703,100.0,0.0,63.35,2.8857408061016145,1.0,0.0,4.2,0.7483314773547883,0
292,0.9483180810681866,0.025406373254498148,0.012513365192437653,0.005636879321442361,0.0004671395884295232,0.0002566688432698285,100.0,0.0,64.6,2.3748684174075834,1.05,0.2179449471770337,4.4,0.9165151389911679,0
293,0.951149457251479,0.02501633300071283,0.01192445940303852,0.00700934305851132,0.00043027755578033675,0.0002692081282903943,100.0,0.0,62.75,3.404041715373065,1.1,0.3,4.2,0.5099019513592784,0
294,0.9462479881681597,0.028589308506712343,0.012474830969462867,0.007067785658057267,0.0004875653277476476,0.00030932696204085514,100.0,0.0,63.95,2.4794152536434875,1.05,0.21794494717703372,3.9,0.5385164807134504,0
295,0.9439215314047494,0.025730956439618105,0.012989597820932942,0.007508593623896437,0.0005042868277084585,0.00027057157536964423,100.0,0.0,62.4,1.9078784028338913,1.1,0.3,4.45,0.9205976319760986,0
296,0.9420818703400787,0.025024754044735104,0.01284743500800028,0.007108862754732067,0.000530566828112824,0.0002772086235726724,100.0,0.0,61.8,3.171750305430741,1.2,0.4,4.3,0.6403124237432849,0
297,0.9414054926568765,0.02486635544186328,0.01261817119313125,0.006813377018439487,0.0005415225272109513,0.00027187036457403666,100.0,0.0,63.45,2.765411361804967,1.075,0.23848480035423641,4.3,0.8426149773176358,0
298,0.9396373824841293,0.026057603143332598,0.012884216073736073,0.007590320470562581,0.0005503852220052418,0.00025096250947914916,100.0,0.0,65.05,2.4591665254715873,1.025,0.10897247358851683,4.0,0.5477225575051661,0
299,0.9414648963874594,0.022041061166223633,0.01252455924425184,0.007229162201151075,0.0005346151097500164,0.00021655056314651882,100.0,0.0,63.95,3.1220986531498327,1.0,0.0,4.35,0.7262919523166976,0
300,0.9385328152892078,0.021639319738531778,0.012433658811361183,0.007117785486031163,0.0005792260861882403,0.00020315768164533843,100.0,0.0,64.05,2.011839953873071,1.0,0.0,4.2,0.6782329983125269,0
301,0.9394949759922296,0.019759576423752638,0.013731571179317364,0.007556061790088081,0.0005451981636769408,0.00020031927400225265,100.0,0.0,63.0,2.4698178070456938,1.0,0.0,4.15,0.7262919523166975,0
302,0.9392612670056331,0.023123701117406383,0.014027320265323284,0.006867217941707649,0.0005438030976454738,0.00022415432150837004,100.0,0.0,62.55,2.0365411854416298,1.15,0.3570714214271425,4.6,1.019803902718557,0
303,0.9356344739348037,0.0281099004825407,0.015699518431517047,0.008014045129347306,0.0005514749990626739,0.00024925674480697006,100.0,0.0,62.05,4.06786184622831,1.175,0.36314597615834876,4.15,0.5722761571129799,0
304,0.9352887651830757,0.02512411653212283,0.016149609645277983,0.008027921588017264,0.0005484650434679917,0.00020871861660121677,100.0,0.0,65.0,3.082207001484488,1.0,0.0,4.0,0.9486832980505138,0
305,0.9375268764227546,0.0220310784560886,0.016040380943360265,0.00793523820225322,0.0005206560035252549,0.00017639564291924324,100.0,0.0,64.5,2.0371548787463363,1.05,0.21794494717703372,4.05,0.4974937185533099,0
306,0.9365700671442759,0.020409672253741826,0.015735578746604716,0.007988262937516855,0.0005550699743837857,0.0001504565956191137,100.0,0.0,64.4,2.6532998322843193,1.0,0.0,4.3,0.714142842854285,0
307,0.9378172263312752,0.025302617305728053,0.016785532680060375,0.008333003806309401,0.000512049152450716,0.00019580311026919006,100.0,0.0,62.75,2.7363296585024255,1.05,0.2179449471770337,4.2,0.6,0
308,0.9364326249218335,0.02446853949164174,0.017424557100994227,0.00795732296488745,0.0005212623098787984,0.00019478004680018195,100.0,0.0,62.9,3.1606961258558215,1.025,0.10897247358851683,4.2,0.7483314773547883,0
309,0.9344106329153078,0.025385191667822157,0.017146678013037896,0.007923676292647563,0.0005583978140343228,0.000254094623410768,100.0,0.0,62.3,2.882707061079915,1.05,0.21794494717703372,4.75,0.82915619758885,0
310,0.9369143355000309,0.02643747807442091,0.015617852777175447,0.008728769235339306,0.0005430173560986608,0.00025090051815160216,100.0,0.0,64.2,3.385262175962151,1.0,0.0,4.1,0.6244997998398398,0
311,0.9342814004072615,0.025503824529911557,0.015829084842626653,0.007329754075031332,0.0005818006314705652,0.00026744019344850713,100.0,0.0,64.45,2.15580611373101,1.0,0.0,4.1,0.6244997998398398,0
312,0.935094809646776,0.021742877962521688,0.01479915518697306,0.00771927325398599,0.0005851477412348524,0.00025509135522888715,100.0,0.0,63.8,3.325657829663178,1.0,0.0,4.15,0.8529361054615991,0
313,0.9384738081870717,0.022027757324333066,0.014945319271115276,0.008471303363197525,0.0005387855294006888,0.00024275276708197002,100.0,0.0,63.7,2.5317977802344327,1.075,0.23848480035423641,4.35,0.7262919523166976,0
314,0.9393729440833309,0.024404241086002088,0.014138949448720206,0.008589363245530888,0.0005414006611652459,0.00023870200115915538,100.0,0.0,63.15,3.9531632903283924,1.15,0.3570714214271425,4.2,0.812403840463596,0
315,0.9410012197859251,0.02320253368382709,0.01463121247201743,0.007848069371112517,0.0005153548879821236,0.00022377842686856886,100.0,0.0,63.15,2.286372673034735,1.075,0.23848480035423641,4.1,0.6244997998398398,0
316,0.9409381796853704,0.024124624750257003,0.014630861346945707,0.00731378170305659,0.0005205966128038642,0.0002013275212383331,100.0,0.0,63.55,2.8892040426387338,1.0,0.0,4.25,0.698212002188447,0
317,0.9398705364210983,0.022270948796172148,0.01500476503503102,0.006338320085258011,0.0005334575416468888,0.00018523304569419073,100.0,0.0,63.1,2.9137604568666933,1.025,0.10897247358851683,4.4,0.9165151389911679,0
318,0.9374225071415992,0.019986360263192202,0.01525505195723341,0.006498006926078858,0.0005575444813477095,0.00016065615465356818,100.0,0.0,63.75,2.878801834096956,1.0,0.0,4.35,0.5722761571129799,0
319,0.9386950811162977,0.0215929824852706,0.015348003262270015,0.006017082916597591,0.0005485011808996127,0.0001891088370613514,100.0,0.0,63.15,2.5548972582082436,1.05,0.2179449471770337,4.3,0.6403124237432849,0
320,0.9390887310188134,0.020986846508223373,0.01482286932626187,0.0063522979222151365,0.00053998858340087,0.00017435154643430546,100.0,0.0,62.9,2.2781571499789037,1.025,0.10897247358851683,4.45,0.9733961166965891,0
321,0.9352882885121723,0.018976394205799395,0.015933079815449152,0.006700500163362666,0.0005658917592004295,0.00015218337611253905,100.0,0.0,63.05,3.1220986531498327,1.125,0.3112474899497183,4.1,0.7,0
322,0.9374157113757523,0.023668406448546227,0.015592669975373192,0.0076340659358239546,0.0005391227099973678,0.00019866353610104666,100.0,0.0,62.55,2.3973944189473704,1.05,0.21794494717703372,4.65,0.653834841531101,0
323,0.937862629052626,0.02590481931061829,0.015951022099690713,0.007040136794517438,0.0005408817833284427,0.00023740248920423504,100.0,0.0,63.7,2.3895606290697042,1.075,0.23848480035423641,4.3,0.6403124237432849,0
324,0.9383886356249125,0.026297676744656582,0.01571262858248464,0.007373181610117373,0.0005399157965239227,0.00025025679224873967,100.0,0.0,63.65,2.286372673034735,1.1,0.2549509756796392,4.2,0.6782329983125268,0
325,0.9348979934126792,0.030412614331597542,0.014836675545726133,0.007530406601717295,0.0006060294372140969,0.0002991469150531703,100.0,0.0,63.15,2.372235232855292,1.05,0.21794494717703372,4.35,0.7921489758877431,0
326,0.9357367715768345,0.028548865011163792,0.013080623138890935,0.006907220572292815,0.0006065464500635066,0.00028041996515698776,100.0,0.0,63.5,2.958039891549808,1.1,0.3,4.0,0.6324555320336759,0
327,0.9329700372153094,0.028726068468657405,0.014036619404750117,0.006730998005476381,0.0006327627715786875,0.00028791752890516684,100.0,0.0,63.55,2.836811590500857,1.0,0.0,4.0,0.7071067811865476,0
328,0.9329545167162566,0.03545006208187873,0.01487249770555438,0.008582329794492121,0.0006159053811191876,0.00036507949444230685,100.0,0.0,62.95,2.67348087705897,1.075,0.23848480035423641,4.1,0.5385164807134504,0
329,0.9318157445946209,0.030757145567743976,0.015189072553984637,0.009535637969979027,0.0006211843147834787,0.0003104268554368384,100.0,0.0,63.65,4.2340878592679205,1.15,0.3570714214271425,4.25,0.6224949798994366,0
330,0.9298315966445427,0.026529720071874964,0.014177503813927498,0.008575202894234656,0.0006516156355041833,0.0002581286154506211,100.0,0.0,63.9,2.947880594596735,1.025,0.10897247358851683,4.35,0.8529361054615991,0
331,0.9373160630131698,0.020299018483660353,0.014482746820927683,0.008159121726791339,0.0005604784328463496,0.00019140724583616273,100.0,0.0,63.45,2.801338965566288,1.1,0.3,4.35,0.5722761571129799,0
332,0.9354965493508821,0.022239213139493966,0.015274409056707256,0.008187134761192323,0.0005737740283366622,0.00022278731431582335,100.0,0.0,62.8,2.6191601707417593,1.025,0.10897247358851683,4.3,0.6403124237432849,0
333,0.932553789759371,0.026222882938352593,0.014407451249115345,0.00897122113489252,0.0006147312178323847,0.0002684056898638995,100.0,0.0,63.7,2.7946377224964243,1.075,0.23848480035423641,4.3,0.8426149773176358,0
334,0.9362401256327371,0.023883980096791737,0.014293756573658606,0.009335329187441165,0.000561146061609292,0.00017989322483552773,100.0,0.0,64.1,3.6041642581880198,1.0,0.0,4.4,1.0198039027185568,0
335,0.9319186269253088,0.02426389366501552,0.01552305435476956,0.009038460043890202,0.0006048708150854735,0.00023985473806744991,100.0,0.0,62.9,3.7403208418530087,1.175,0.36314597615834876,4.3,0.45825756949558405,0
336,0.9379262161309316,0.025985817211799697,0.01512386551208672,0.010161927737516766,0.000520278415833667,0.0002465624250281472,100.0,0.0,63.95,3.7212229172679243,1.175,0.36314597615834876,4.45,0.6689544080129827,0
337,0.9361776188847625,0.0283428938317406,0.014999600061846719,0.00971472827834161,0.0005493256861941215,0.000285906228910012,100.0,0.0,64.6,2.9051678092667896,1.025,0.10897247358851683,4.15,0.6538348415311009,0
338,0.9340676999733363,0.02696338435494444,0.01621523555963584,0.008603270769063268,0.0005802905408548636,0.0002730270911446467,100.0,0.0,63.5,2.5199206336708304,1.0,0.0,4.2,0.6,0
339,0.936329195398683,0.02264011709755791,0.016510830124913705,0.008606835759129215,0.0005367359888385757,0.00021455143557354853,100.0,0.0,64.15,2.688401011754013,1.025,0.10897247358851683,4.1,0.6244997998398398,0
340,0.9376866325759622,0.02227225680089309,0.016109857941501375,0.009482386558542463,0.0005146113318361617,0.00019084079469460904,100.0,0.0,62.75,2.8262165522125158,1.05,0.21794494717703372,4.05,0.6689544080129826,0
341,0.9387385206957589,0.024706348432828554,0.016336615030619832,0.009377270975707253,0.0005017366868862371,0.00020834617421481766,100.0,0.0,63.35,3.365635155509284,1.125,0.3112474899497183,4.25,0.7664854858377946,0
342,0.9403863424113152,0.028953614085930383,0.01657890969599083,0.009557130688469672,0.00047634732044992203,0.0002358569575066789,100.0,0.0,62.25,3.6314597615834874,1.1,0.3,4.25,0.7664854858377946,0
343,0.9413452608364146,0.02901349173280433,0.015774829197474725,0.009690359979805168,0.00047690685615822524,0.00022709135762077627,100.0,0.0,63.95,2.5782746168707478,1.025,0.10897247358851683,4.05,0.8645808232895291,0
344,0.9397941334982365,0.030206984103348714,0.015369913900034959,0.00950422773210387,0.0005094756207365389,0.0002723149717414498,100.0,0.0,62.4,2.4166091947189146,1.0,0.0,4.3,0.45825756949558405,0
345,0.9416366882983661,0.030251601697511114,0.01554574827954942,0.009127338157101142,0.00048432102333989725,0.0002506225276259703,100.0,0.0,63.15,3.48245602987317,1.1,0.3,4.4,0.8602325267042626,0
346,0.9438861653176648,0.028393387894657576,0.015412926371884541,0.00933301456185014,0.0004492661758030373,0.0002176075031918291,100.0,0.0,63.8,3.4727510708370675,1.15,0.3570714214271425,3.85,0.5722761571129799,0
347,0.9455004274801512,0.02594835031593072,0.016370321181074204,0.009888095129337414,0.00040901089558319426,0.00015030330523690193,100.0,0.0,64.1,3.064310689208912,1.0,0.0,4.3,0.7810249675906654,0
348,0.9416029236680613,0.02920388188574415,0.016300554445720285,0.008603733778424662,0.00047011996348084704,0.00023271588694664477,100.0,0.0,63.65,2.43464576478797,1.05,0.21794494717703372,4.05,0.5894913061275798,0
349,0.9386715030798163,0.03169047355055765,0.016126080005820078,0.008411179945418143,0.0005100091633536868,0.00030839928271291704,100.0,0.0,63.55,2.940663190506523,1.0,0.0,4.3,1.0049875621120892,0
350,0.9376379304539331,0.029386283239538298,0.016219940009867668,0.008360814319056612,0.000520228583249541,0.0002679419690489904,100.0,0.0,62.9,2.5278449319529077,1.05,0.21794494717703372,4.45,0.9205976319760986,0
351,0.9332179947591174,0.02946102057246577,0.016241170253865546,0.007284876887942821,0.0005891724142516556,0.0003284867636284832,100.0,0.0,63.1,1.9723082923316022,1.05,0.21794494717703372,4.2,0.8124038404635961,0
352,0.9374778023834736,0.02619493418077601,0.014836343321550446,0.007161170922619812,0.000554234080138744,0.0002661831487943291,100.0,0.0,63.8,3.171750305430741,1.075,0.23848480035423641,4.55,0.6689544080129827,0
353,0.9370812494054059,0.02266829102817187,0.016364251313601846,0.0071266467968862796,0.0005389928086702841,0.00025230295491031064,100.0,0.0,63.9,3.047950130825634,1.025,0.10897247358851683,4.15,0.7262919523166975,0
354,0.941103954333008,0.023602482763177283,0.01605976845025908,0.007390410751024789,0.000491363495862928,0.00021666011554622849,100.0,0.0,63.0,2.9832867780352594,1.1,0.3,4.2,0.8124038404635961,0
355,0.9416331062503847,0.025108193827998525,0.016611181976074543,0.0074820649040705615,0.00047518798540615215,0.00019698378519306554,100.0,0.0,63.1,2.930870177950569,1.05,0.21794494717703372,4.5,0.8660254037844386,0
356,0.9410578742565315,0.026174958506743413,0.01563338817232568,0.0073259458814739584,0.0005084460342848811,0.00021389570521850265,100.0,0.0,63.35,2.903015673398957,1.05,0.21794494717703372,4.35,0.653834841531101,0
357,0.9391871035891766,0.02575294880981048,0.01559496334906974,0.007432537947629842,0.0005366670315276945,0.00023981760148366948,100.0,0.0,63.1,2.3430749027719964,1.05,0.21794494717703372,4.3,0.5567764362830021,0
358,0.9389992297936092,0.028406796934262585,0.015238208176543564,0.0075891802123045325,0.0005459778297979363,0.0002531837907453556,100.0,0.0,63.45,2.836811590500857,1.1,0.3,4.15,0.47696960070847283,0
359,0.9366755007580514,0.024346276264833423,0.01606290082041726,0.007991410765902951,0.0005489649405096276,0.00019937292166148052,100.0,0.0,62.95,2.3973944189473704,1.05,0.21794494717703372,4.1,0.6244997998398398,0
360,0.9360669869708411,0.028427452262805304,0.014842347735664937,0.008489250558685492,0.0005713172298381071,0.00025585640239166843,100.0,0.0,64.2,2.0639767440550294,1.05,0.21794494717703372,4.0,0.6324555320336759,0
361,0.9348209982282487,0.026424111770023778,0.015227103479010897,0.007909244287694855,0.0005860219547538115,0.0002495782014114454,100.0,0.0,63.7,3.716180835212409,1.15,0.3570714214271425,4.05,0.804673846971554,0
362,0.9404398356857208,0.029682326215635487,0.015058714729191866,0.007094696282250902,0.0005246619622502507,0.0002661469024645594,100.0,0.0,62.5,2.247220505424423,1.025,0.10897247358851683,4.2,0.6,0
363,0.9383105801865692,0.033297829198035776,0.014734299657659303,0.008072738376616002,0.0005525687602564182,0.0003475257638926361,100.0,0.0,62.3,3.7696153649941526,1.15,0.3570714214271425,4.05,0.5894913061275798,0
364,0.9383218786874894,0.026401809762149238,0.014511996906469388,0.0076750198360547245,0.0005615854829475747,0.00027843181228821623,100.0,0.0,64.7,3.132091952673165,1.0,0.0,4.15,0.6538348415311012,0
365,0.9377509582984163,0.027104032855507186,0.015262456760196367,0.00782750367746624,0.0005497644234644294,0.00025813897725671087,100.0,0.0,63.45,2.9912372022292053,1.05,0.21794494717703372,4.45,0.8645808232895291,0
366,0.931726232736998,0.030516635417660025,0.015014027796456922,0.008056593326803186,0.000638623298242977,0.00031663803934280397,100.0,0.0,62.75,2.878801834096956,1.1,0.3,4.05,0.739932429347437,0
367,0.9329358850967646,0.03587167330918689,0.015073168220969674,0.007947123359383034,0.0006186529487633753,0.0003738139777933471,100.0,0.0,63.75,3.2384409829422554,1.075,0.23848480035423641,4.1,0.7000000000000001,0
368,0.9396266333116747,0.02935030844530471,0.014811001815688127,0.007236694578139834,0.0005346972611440647,0.00031189573436078526,100.0,0.0,63.45,3.6670833096617805,1.075,0.23848480035423641,4.2,0.7483314773547883,0
369,0.9390842701640647,0.02645621324295064,0.016118516579529795,0.006893681952730638,0.0005258101072633801,0.000298136570025665,100.0,0.0,63.45,3.2011716605018234,1.05,0.2179449471770337,4.05,0.49749371855331004,0
370,0.9376227711634018,0.03073766866711724,0.015812427168668382,0.0073860865679432185,0.0005381451972779043,0.0003070884557227398,100.0,0.0,64.1,2.844292530665578,1.05,0.15,4.25,0.698212002188447,0
371,0.9349724467194495,0.03039552434330793,0.01661920382503893,0.0075713213127272345,0.0005580493298350864,0.00028716790848898213,100.0,0.0,63.85,3.1666228067138023,1.0,0.0,4.15,0.6538348415311009,0
372,0.926989304580696,0.03036785140072794,0.01805748635428405,0.007895706672172532,0.00063133808274043,0.0002738662733874124,100.0,0.0,63.75,1.8131464364468746,1.05,0.21794494717703372,3.95,0.5894913061275798,0
373,0.9302103773585477,0.03025083793492084,0.0188502142934437,0.008768286047597322,0.0005696462430015718,0.0002647990872001315,100.0,0.0,63.25,2.5273503912200224,1.05,0.21794494717703372,4.15,0.653834841531101,0
374,0.9358212090085039,0.025319914219044524,0.018125575295213216,0.007408662193366766,0.0005194992617926233,0.00023268658521832444,100.0,0.0,64.4,3.307567081708245,1.05,0.21794494717703372,4.0,0.5477225575051661,0
375,0.9385616092594274,0.025468759399740946,0.01806646472341087,0.007610452787814613,0.00047923768112686745,0.00021796455230702538,100.0,0.0,64.85,3.5252659474144643,1.075,0.23848480035423641,4.35,1.1947803145348521,0
376,0.9414946795378223,0.023532218857869536,0.016842138758464683,0.008153971925080876,0.00045857486561801656,0.00020012294686880597,100.0,0.0,63.8,3.2186953878862163,1.05,0.21794494717703372,4.15,0.7921489758877431,0
377,0.936205979559338,0.023737419319499953,0.017938805343969192,0.008098348140054485,0.0005117234832971325,0.00019765541117578483,100.0,0.0,62.75,3.2384409829422554,1.025,0.10897247358851683,4.3,0.7810249675906654,0
378,0.9342617596327594,0.023018899785201528,0.017105424526587847,0.008511868972512838,0.0005432695285017303,0.00018631122609771288,100.0,0.0,64.05,3.667083309661781,1.05,0.21794494717703372,4.15,0.7262919523166975,0
379,0.9365358307517309,0.024051273665091133,0.016814167831336404,0.00831777778461955,0.0005155714616606813,0.00017579350000377587,100.0,0.0,63.95,3.3834154341434335,1.075,0.23848480035423641,4.3,0.8426149773176358,0
380,0.9364709163951772,0.022697085825148157,0.015788969075798076,0.008151795495907265,0.0005433413625254781,0.00021114002484169713,100.0,0.0,63.05,2.8543825952384165,1.0,0.0,4.2,0.7483314773547882,0
381,0.9379134582722977,0.024018430679173794,0.016511512308812478,0.008372206949877819,0.0005098767083314903,0.00019545148642762582,100.0,0.0,63.4,2.6720778431774774,1.15,0.3570714214271425,4.2,0.812403840463596,0
382,0.939287933868129,0.019757276228350388,0.016025685495744242,0.008089229099784412,0.0004972728098191193,0.00019193801586769513,100.0,0.0,62.85,2.8155816450602176,1.075,0.23848480035423641,4.25,0.82915619758885,0
383,0.9371641975213502,0.02515812055448582,0.015398050872983871,0.008482740744408477,0.0005341447743910245,0.00024186295897966472,100.0,0.0,62.0,2.792848008753788,1.05,0.21794494717703372,4.25,0.7664854858377946,0
384,0.9369528577642123,0.02266833364318737,0.01648868103996364,0.008572300313371571,0.0005162676026563142,0.0002341173299820931,100.0,0.0,62.3,2.968164415931166,1.1,0.3,4.5,0.7416198487095663,0
385,0.939844121043419,0.01913443841136085,0.016144328897502242,0.008247631847885371,0.0004910684973673651,0.0001575056956540542,100.0,0.0,64.1,3.491418050019218,1.15,0.3570714214271425,3.9,0.7681145747868608,0
386,0.9401755547749644,0.01737602403284923,0.017141756284055416,0.00751232754466987,0.00048598092310818826,0.00014740355348818684,100.0,0.0,63.25,3.222964473896664,1.1,0.3,4.25,0.82915619758885,0
387,0.9416870769087371,0.015153631566563948,0.016177151136862772,0.007434242290924831,0.00048240160321670367,0.00015609433998868097,100.0,0.0,63.95,2.4387496796514396,1.0,0.0,4.15,0.7262919523166976,0
388,0.9416325479657731,0.014709507298592878,0.015221164554521535,0.007495379664337243,0.0004952715045149599,0.0001859572140862088,100.0,0.0,63.5,2.80178514522438,1.05,0.21794494717703367,4.25,0.82915619758885,0
389,0.9431158717930994,0.013784313387855783,0.014762399312505128,0.006603978748816871,0.0004899390770403661,0.00012894624340214944,100.0,0.0,63.75,2.7726341266023544,1.1,0.2549509756796392,4.35,0.5722761571129799,0
390,0.9411382450040477,0.01671906221139437,0.016063020590660927,0.00699623459177896,0.0004923763344905522,0.00014643175538792686,100.0,0.0,63.45,2.81913107180209,1.05,0.2179449471770337,4.1,0.6244997998398398,0
391,0.9440038772170374,0.01967379797470799,0.015257128029497455,0.007410528381375706,0.00047126669711105147,0.0001848025990678103,100.0,0.0,63.3,3.0512292604784714,1.0,0.0,4.35,0.6538348415311012,0
392,0.9444175960035022,0.020649870559750764,0.015015681064436024,0.007916282595059007,0.0004746401728390317,0.00017314563251936638,100.0,0.0,63.8,2.9933259094191524,1.1,0.3,4.1,1.1789826122551597,0
393,0.9454024081900421,0.02128787869532015,0.014934882996025,0.007733702719355395,0.0004644139339442085,0.0001899101990703479,100.0,0.0,63.8,2.5999999999999996,1.05,0.21794494717703372,4.9,1.1789826122551597,0
394,0.9440846844649398,0.021375899742832903,0.01444896248287891,0.008402266634234488,0.0004841446758914396,0.00020773165975296692,100.0,0.0,63.05,3.761316258971054,1.05,0.15,4.15,0.7262919523166976,0
395,0.9417794974990106,0.02391365240880206,0.015258144794292864,0.00830448368407544,0.0004896083600841115,0.0002396886993751693,100.0,0.0,62.85,2.5937424698685874,1.125,0.3112474899497183,4.15,0.5722761571129799,0
396,0.9401475938773375,0.02228525135702679,0.014995224168674931,0.007983063651188598,0.0005219990800858301,0.0002243900545107659,100.0,0.0,63.4,3.246536616149586,1.125,0.3112474899497183,4.35,0.6538348415311012,0
397,0.9441502460473641,0.02224667188032577,0.016044974705389688,0.007574875377189272,0.00045471802078521633,0.0002133845368648708,100.0,0.0,62.9,3.047950130825634,1.05,0.21794494717703372,4.65,0.7921489758877431,0
398,0.9439636077978495,0.02317828338398807,0.016523435302637772,0.008026322869387993,0.0004477606767876773,0.00020154120401044603,100.0,0.0,63.35,2.4550967394381837,1.05,0.21794494717703367,4.05,0.5894913061275798,0
399,0.94494269360137,0.021207595905510468,0.015644702457955274,0.008870563486941568,0.0004381535048861349,0.00019018309348282347,100.0,0.0,62.85,2.4550967394381833,1.05,0.2179449471770337,4.4,0.8,0
400,0.9462526716070231,0.02038352352618954,0.01633700868821893,0.0076200519303708985,0.0004175253631206437,0.00019438518821975574,100.0,0.0,62.55,3.0736785778607367,1.05,0.21794494717703372,4.2,0.5099019513592784,0
401,0.9449368740975832,0.016049666025999002,0.015748388636576325,0.006960936072483256,0.00044838252752047266,0.0001644216721049905,100.0,0.0,63.85,2.414021540914662,1.1,0.3,3.95,0.804673846971554,0
402,0.9437969410342582,0.016787442940381484,0.015354216360597297,0.007597652486246937,0.0004705674990020995,0.00017501797759771266,100.0,0.0,63.75,3.5899164335677787,1.1,0.3,4.15,0.9630680142129111,0
403,0.9465188217241055,0.01584987764869921,0.017067976446499142,0.0072240318902817005,0.00041137730640039544,0.00013658510518369915,100.0,0.0,62.85,2.5352514668174435,1.1,0.3,4.15,0.4769696007084728,0
404,0.9480389728197298,0.015106475225141382,0.016914325909295116,0.006792668606864089,0.0004033706618564988,0.0001564008735719481,100.0,0.0,63.65,2.6884010117540127,1.05,0.21794494717703372,4.2,0.6,0
405,0.9454796781198933,0.016841860515415603,0.01781535549703631,0.00788557218822734,0.0004053625758662552,0.00016150128761305765,100.0,0.0,63.4,2.8000000000000003,1.05,0.21794494717703372,4.15,0.7262919523166975,0
406,0.9411153104438291,0.016015353225769368,0.017399638981275806,0.007151528453551252,0.0004759200145664195,0.00018954106474732994,100.0,0.0,62.65,4.162631379308046,1.15,0.32015621187164245,4.1,0.8888194417315588,0
407,0.9407258466359337,0.021507479700279407,0.017823353738374677,0.007419543845540146,0.00046723036290978085,0.00021362169913384928,100.0,0.0,63.95,2.8892040426387333,1.0,0.0,4.35,0.7262919523166976,0
408,0.9432505918023957,0.02542398425367941,0.017111247661483125,0.00744646294673513,0.0004551559517713594,0.00027988350794403783,100.0,0.0,63.05,3.0736785778607367,1.15,0.3570714214271425,4.25,0.4330127018922193,0
409,0.9456491236442124,0.02057366793812708,0.016849728532239563,0.008032599934806909,0.00041162434844036556,0.00019411815288438336,100.0,0.0,63.25,3.031088913245535,1.075,0.23848480035423641,4.3,0.45825756949558405,0
410,0.9398412505790068,0.024111225369539288,0.017007941976473435,0.008647099313274642,0.0004809932334747721,0.0002635784986144823,100.0,0.0,64.15,2.7798381247835278,1.0,0.0,4.25,0.9420721840708386,0
411,0.938987269037711,0.024088620718646838,0.016722125416811708,0.008644103600902,0.0005037261656734191,0.00028070639608834575,100.0,0.0,62.55,2.7290108097990378,1.15,0.3570714214271425,4.15,0.7262919523166975,0
412,0.9415637899610498,0.018713012992261666,0.0165278610112517,0.00683420660703325,0.0004844372345538761,0.0002005588814667543,100.0,0.0,62.95,3.0244834269673224,1.075,0.23848480035423641,4.2,0.8717797887081348,0
413,0.937562720904916,0.020557445399735703,0.01664441694532967,0.006797178591020495,0.0005393242233903857,0.00020471177716177889,100.0,0.0,64.65,2.903015673398957,1.0,0.0,4.3,0.5567764362830021,0
414,0.9417716500673002,0.020266737858204528,0.01562159361280913,0.005897209773147965,0.0004980705716853566,0.00023979226119548672,100.0,0.0,63.75,2.5074887836239665,1.0,0.0,4.35,0.7262919523166975,0
415,0.9379823086654019,0.026201980515751507,0.017328167277312467,0.005349899318456757,0.0005222996330530458,0.000291786352088509,100.0,0.0,63.85,2.286372673034735,1.05,0.21794494717703367,4.2,0.5099019513592784,0
416,0.9356203533287302,0.024387586896784816,0.017505498644544943,0.0056843925093988095,0.0005457334674063194,0.0003020273539740694,100.0,0.0,63.05,3.169779172119093,1.075,0.23848480035423641,4.25,0.698212002188447,0
417,0.9372058895211918,0.022875239312076818,0.016928254571379985,0.006699573067372295,0.0005339614512964178,0.00026599536157792303,100.0,0.0,65.4,2.672077843177477,1.0,0.0,4.25,0.698212002188447,0
418,0.9408937881967769,0.021058555058564153,0.016074709078596934,0.006987436379276189,0.0004939599067943021,0.00020175261312044572,100.0,0.0,62.55,3.5843409436045564,1.05,0.21794494717703372,4.3,0.8426149773176358,0
419,0.9416395717098596,0.02168898500557339,0.017407384364736503,0.006839878415686651,0.00046329276894741965,0.00020911429476081018,100.0,0.0,61.8,3.043024810940588,1.2,0.4,3.95,0.5894913061275798,0
420,0.9452736841459968,0.01943469990681314,0.016148501261869723,0.006160153605553979,0.0004540399411127723,0.00019242202116974893,100.0,0.0,64.25,2.624404694402142,1.05,0.21794494717703372,4.05,0.6689544080129826,0
421,0.9393444647484183,0.018639154888916144,0.016664778298479406,0.006086814899340072,0.0005257319715106649,0.0001910462897269502,100.0,0.0,63.75,2.299456457513384,1.0,0.0,4.25,0.5361902647381804,0
422,0.9380700356365089,0.01704569145595442,0.016279827810575947,0.006051337140987485,0.0005453496445936925,0.00019369099520460858,100.0,0.0,63.9,3.7403208418530087,1.125,0.3112474899497183,3.95,0.4974937185533099,0
423,0.9375755733400517,0.020872745714533153,0.015446504308580297,0.007037963880957257,0.0005624556074056745,0.0002648197197186415,100.0,0.0,62.6,4.1521078984053394,1.2,0.4,4.15,0.9096702699330127,0
424,0.9362039568384034,0.021955164265737293,0.016024816791077725,0.006404469058186106,0.0005711867016728172,0.0002989039255749404,100.0,0.0,63.9,2.5670995305986875,1.025,0.10897247358851683,4.1,0.43588989435406733,0
425,0.9353389635657836,0.02264077164504823,0.015065805303415853,0.006093876286394852,0.0005861233366508966,0.0002856826481440624,100.0,0.0,62.5,3.0413812651491097,1.1,0.3,4.65,0.9096702699330126,0
426,0.9332833040957201,0.0233206625466204,0.015010569100555957,0.006001180280480024,0.0006112836469207019,0.000276733615887962,100.0,0.0,63.0,2.569046515733026,1.05,0.15,4.1,0.7,0
427,0.9377746666366615,0.02371986631472265,0.014800005456368056,0.0055950313543900055,0.000558888674279507,0.0002745001881783329,100.0,0.0,63.95,3.528101472463625,1.05,0.21794494717703372,4.25,0.5361902647381804,0
428,0.9400669142194774,0.023729075242636885,0.015233721284658872,0.006914361303214257,0.0005173507208468999,0.0002458088958442006,100.0,0.0,63.6,3.023243291566195,1.05,0.21794494717703372,4.3,0.6403124237432849,0
429,0.9411737073517964,0.020972932816046966,0.014629994254777595,0.006529380279680974,0.0005185337424055771,0.00022781332086059506,100.0,0.0,62.45,2.836811590500857,1.15,0.3570714214271425,4.2,0.6782329983125269,0
430,0.9432727199290994,0.019575731603545792,0.014616302016928229,0.006567606139414434,0.00048780202680302244,0.0001942541267975879,100.0,0.0,63.55,2.132486811213612,1.1,0.2549509756796392,4.2,0.6782329983125268,0
431,0.9388139484426606,0.01815498371728164,0.01355443205524825,0.007220267771013805,0.0005515786094390447,0.00019127024377954698,100.0,0.0,62.55,3.169779172119093,1.125,0.3112474899497183,4.1,0.5385164807134504,0
432,0.9371887093171922,0.020394693008188174,0.014260657331492921,0.007899617955952254,0.0005570631679051015,0.00019234518814742637,100.0,0.0,63.95,2.4994999499899975,1.05,0.21794494717703372,4.05,0.6689544080129826,0
433,0.9348088717560443,0.019677719084513504,0.014359818536819885,0.008104828808135395,0.0005874714935243904,0.00020363617488893597,100.0,0.0,63.4,3.6660605559646724,1.1,0.3,4.25,0.5361902647381804,0
434,0.9334581372450529,0.022897432956577285,0.014092643858128154,0.007212021690263969,0.0006189358719121782,0.0002669437768457722,100.0,0.0,63.2,3.3105890714493693,1.075,0.23848480035423641,4.15,0.6538348415311012,0
435,0.9347634736507976,0.024253450456123843,0.014394655471630834,0.0068045236163484756,0.0006072300517597636,0.0002887389405308064,100.0,0.0,64.0,3.40587727318528,1.05,0.21794494717703372,4.15,0.6538348415311012,0
436,0.9355997776588687,0.024488622992907022,0.014899701443853542,0.007232949467917304,0.0005671155856810052,0.00023510513031322963,100.0,0.0,64.65,2.2863726730347356,1.05,0.21794494717703372,4.2,0.39999999999999997,0
437,0.9282464513357089,0.0263881451783761,0.015150879740518944,0.007648511348154781,0.0006561823118318049,0.00026948229030766,100.0,0.0,62.75,3.1444395367060247,1.05,0.21794494717703372,4.3,0.7810249675906654,0
438,0.9311837882129396,0.024614965977399917,0.015667654334788447,0.008171751148526179,0.0006130407810393759,0.00024960723810462743,100.0,0.0,63.1,2.826658805020514,1.0,0.0,4.55,0.6689544080129827,0
439,0.9343823056079135,0.019787236885506886,0.015662661322587493,0.008472792899877866,0.0005744081836616176,0.00019641956683421065,100.0,0.0,63.85,2.868361901852694,1.025,0.10897247358851683,4.25,0.5361902647381804,0
440,0.9316107652703373,0.026649182770337395,0.01624060456263183,0.008911469680996906,0.0005993325271205865,0.0002843535726356836,100.0,0.0,63.2,2.712931993250107,1.1,0.3,4.05,0.804673846971554,0
441,0.9336098660527536,0.02789422947416187,0.01681191339258482,0.008561484310910424,0.0005779703954062096,0.0003371994169231899,100.0,0.0,63.25,2.1880356487041066,1.025,0.10897247358851683,4.55,0.6689544080129827,0
442,0.9396995548376994,0.025437662832872864,0.015716565983637375,0.009064922511106096,0.0004969724733013321,0.00025206943844500795,100.0,0.0,62.85,3.365635155509284,1.1,0.3,4.15,0.47696960070847283,0
443,0.9425893953928716,0.023728633793975468,0.016424033247227125,0.008040381981355366,0.00045774102561812124,0.00021544783165872402,100.0,0.0,62.15,3.335790760824186,1.1,0.25495097567963926,4.5,1.118033988749895,0
444,0.9439304220284225,0.02411374735986812,0.01575331785154854,0.008118033487135386,0.0004502843134846471,0.0002307955585075244,100.0,0.0,65.35,2.903015673398957,1.0,0.0,4.05,0.6689544080129826,0
445,0.9396568756857542,0.026552200082384906,0.015149640284335106,0.007984750901906078,0.0005187540377664751,0.0002723892269807316,100.0,0.0,62.85,3.5815499438092444,1.05,0.15,4.3,0.8426149773176358,0
446,0.9393618144714129,0.02479111837908127,0.016223235669303688,0.008167808682398754,0.0005055988358429015,0.00022763457593823693,100.0,0.0,62.95,2.9406631905065224,1.025,0.10897247358851683,4.3,0.5567764362830021,0
447,0.9429722251792508,0.02171525556967284,0.015464868204951515,0.007865341744600319,0.0004692195032861606,0.00016133936634619872,100.0,0.0,61.85,3.1348843678834477,1.125,0.3112474899497183,3.85,0.3570714214271425,0
448,0.943547415158565,0.022025608514420435,0.014058173329562145,0.007940540551741185,0.00048455750830343265,0.00013371958102325205,100.0,0.0,64.05,3.3537292675468007,1.0,0.0,4.2,0.812403840463596,0
449,0.9405357644886554,0.02449090191352553,0.01380422747756635,0.008383888464115549,0.0005289944790242151,0.00020191174847914708,100.0,0.0,62.85,2.8508770580296865,1.1,0.3,4.25,0.82915619758885,0
450,0.9388818004677152,0.02244998153615469,0.013784144404654397,0.00856175045937428,0.0005505131863603851,0.00016522378296467333,100.0,0.0,63.65,2.937260628544903,1.05,0.21794494717703372,4.2,0.812403840463596,0
451,0.9418103474657645,0.023366975584611534,0.013758030209629296,0.007847435152977584,0.0005203225444698047,0.00023695823349539232,100.0,0.0,62.55,2.923610781208744,1.025,0.10897247358851683,4.35,0.8529361054615991,0
452,0.9426874200599652,0.027915288356201808,0.014601309289552064,0.008178638025652546,0.0004943372317704126,0.0003025790843975701,100.0,0.0,62.65,3.08666486681013,1.05,0.21794494717703372,4.35,0.9630680142129111,0
453,0.9414139700939689,0.027448843213064907,0.014912982472528532,0.008374161681443884,0.000497745581908367,0.0002896179445381018,100.0,0.0,64.05,3.201171660501823,1.05,0.21794494717703372,4.1,0.7000000000000001,0
454,0.9364230423878321,0.02956278558089578,0.016101924111024814,0.007783133019116691,0.0005606321387660736,0.0003369088490993337,100.0,0.0,63.55,2.97447474354717,1.0,0.0,3.95,0.5894913061275798,0
455,0.9381941320833767,0.02663217405582037,0.01532566868221585,0.00703394201078111,0.0005462125866003099,0.00030587686869208827,100.0,0.0,62.8,3.501428280002319,1.05,0.21794494717703372,4.4,0.9165151389911681,0
456,0.9364331850099262,0.02803421127672219,0.016103297369815587,0.007124282494800095,0.0005531708194552638,0.0003482829327053877,100.0,0.0,62.55,2.7106272336859605,1.0,0.0,4.15,0.47696960070847283,0
457,0.9371531973395186,0.024265511468792317,0.015809333662846946,0.007072582722726677,0.000542571746181871,0.0002525825618489076,100.0,0.0,63.65,4.138538389335056,1.025,0.10897247358851683,4.35,0.7262919523166975,0
458,0.9360844274141848,0.02068486710052399,0.01641265173670619,0.007331223760022515,0.0005506403413873469,0.00023850458172506713,100.0,0.0,62.65,3.118894034750139,1.05,0.21794494717703372,4.7,0.9539392014169458,0
459,0.9388213210577595,0.021874393741200024,0.016948834171198926,0.0068084015298941316,0.0005136484280639528,0.000272933545919519,100.0,0.0,64.65,2.5743931323712004,1.0,0.0,4.25,0.82915619758885,0
460,0.9378246231889774,0.024825574735459186,0.0172918308706311,0.006658204520352108,0.0005235633649346274,0.0003228547054521285,100.0,0.0,63.65,3.380458548777074,1.025,0.10897247358851683,4.2,0.7483314773547883,0
461,0.9381097914466281,0.023636880935144735,0.017345983435266384,0.007072246954625011,0.0005243698065048794,0.000256188538506995,100.0,0.0,63.75,2.48746859276655,1.025,0.10897247358851683,4.2,0.7483314773547883,0
462,0.9407239340186297,0.023633569188483246,0.017095621909082395,0.007064832933542669,0.0004906140885385,0.0002493529253712801,100.0,0.0,64.15,3.380458548777074,1.1,0.3,4.05,0.6689544080129826,0
463,0.9384471245507839,0.024246614918970694,0.017561337169083598,0.0077936980825758255,0.000502843945944003,0.00026430384151885576,100.0,0.0,63.45,2.9064583258667245,1.1,0.3,4.05,0.6689544080129826,0
464,0.9368213941919301,0.023124744940460358,0.017787278118384802,0.007679610378613896,0.0005185835834324049,0.00021701593376701934,100.0,0.0,65.25,3.222964473896664,1.05,0.21794494717703372,3.95,0.49749371855331004,0
465,0.9389766527831656,0.02198895213811532,0.017889929939824276,0.007381589665981644,0.00048368485306084257,0.000188955424061063,100.0,0.0,65.2,2.976575213227443,1.0,0.0,4.0,1.0488088481701516,0
466,0.9402997401851596,0.024324901426506024,0.01764015288152498,0.007340320038067057,0.0004699738310823833,0.00020882709229035317,100.0,0.0,64.05,3.1220986531498327,1.075,0.23848480035423641,4.1,0.7000000000000001,0
467,0.936307434979946,0.02421843991345739,0.017364660950260867,0.006834421762519546,0.0005281653165009953,0.0002057305829936353,100.0,0.0,63.15,3.8114957693797855,1.15,0.3570714214271425,4.15,0.7921489758877431,0
468,0.9373207342498453,0.02570224410529444,0.017318324083659915,0.007022080010529628,0.0005157559995463968,0.00021278730052541345,100.0,0.0,64.95,3.040970239906994,1.025,0.10897247358851683,4.0,0.5477225575051661,0
469,0.9316617952003957,0.026486518371562844,0.017483522102115567,0.008392812604404463,0.0005684261394364573,0.00023575917265110906,100.0,0.0,63.35,2.6509432283623124,1.05,0.2179449471770337,4.05,0.49749371855331004,0
470,0.9305314658928939,0.024272430898297722,0.01766620669891674,0.008465325777590389,0.0005847210244472605,0.00026889881997076436,100.0,0.0,62.45,2.7290108097990378,1.1,0.3,4.2,0.6,0
471,0.92907033599078,0.023801582034003337,0.01778590444950523,0.00857127397619234,0.0005989071489528634,0.000256224161102819,100.0,0.0,63.2,3.709447398198282,1.025,0.10897247358851683,4.45,0.9733961166965892,0
472,0.933329499800806,0.02317401739012027,0.01629893483305918,0.00790566662245313,0.0005747293643507949,0.0002458343847037461,100.0,0.0,61.85,3.7719358425084595,1.075,0.23848480035423641,4.4,0.9695359714832658,0
473,0.9259319648107918,0.02488741680493618,0.017982729430815015,0.0085693253252144,0.0006387343069902183,0.000284743647650883,100.0,0.0,63.55,3.2935543110748915,1.05,0.21794494717703372,4.15,0.47696960070847283,0
474,0.9276131939212355,0.027252006082416947,0.018198489633440947,0.008138781604684448,0.0006183032246588044,0.00029401380671063447,100.0,0.0,63.2,3.009983388658482,1.1,0.3,4.4,0.5830951894845301,0
475,0.9262493097048011,0.03296209697018083,0.017433608936020528,0.008070944935639247,0.0006423813691868853,0.00036941138072614646,100.0,0.0,63.8,3.443835071544512,1.0,0.0,4.35,0.7921489758877431,0
476,0.9300586550349873,0.031073815614171454,0.017165195486271365,0.007379248727391885,0.0006064993555080159,0.0003469979869220763,100.0,0.0,64.5,3.263433774416144,1.025,0.10897247358851683,4.1,0.7681145747868608,0
477,0.9325143655611088,0.028586678324407963,0.017233651051835715,0.008321149543176278,0.0005671733151823183,0.0002977194737887798,100.0,0.0,63.25,3.207413287993925,1.05,0.21794494717703372,4.4,0.5830951894845301,0
478,0.9345730011569836,0.028211127367629662,0.017525788854516323,0.007841536282289556,0.0005504293075936144,0.00031630907703049344,100.0,0.0,63.9,2.7367864366808017,1.0,0.0,4.2,0.6,0
479,0.9365864508199883,0.02345752108775376,0.016422711113010153,0.0075369238758978075,0.0005410611090936727,0.0002554244730742071,100.0,0.0,63.55,2.7834331319433563,1.05,0.21794494717703372,4.45,0.8046738469715541,0
480,0.9372266038611283,0.023941687873494155,0.015271276588715688,0.00840658951078005,0.0005451083817429199,0.00027180503927420863,100.0,0.0,63.65,3.134884367883447,1.0,0.0,4.3,0.5567764362830022,0
481,0.9374415407376331,0.021082587494057937,0.015060459201201613,0.008268930200176255,0.0005471148368498748,0.0002739892584908275,100.0,0.0,62.55,3.6534230524263136,1.15,0.3570714214271425,4.3,0.7810249675906654,0
482,0.9414102309664036,0.01762372186174692,0.014269440669675401,0.007482820542848165,0.0005188264682095627,0.00023857240266343037,100.0,0.0,63.2,2.803569153775237,1.025,0.10897247358851683,4.1,0.5385164807134504,0
483,0.9411554235618264,0.01290844203650661,0.015402759054952014,0.007506619695278175,0.0004922665295239886,0.00018184943848751853,100.0,0.0,63.9,3.2848135411313684,1.0,0.0,4.15,0.7921489758877431,0
484,0.9403384710776569,0.01823223715934323,0.01567666012020161,0.007304332093771275,0.0004991306010358193,0.0002223699094197028,100.0,0.0,64.5,2.539685019840059,1.0,0.0,4.2,0.6782329983125269,0
485,0.9387502706003035,0.018277516843362696,0.015905319264007577,0.006094401821134899,0.0005238879678744287,0.0002333376196826251,100.0,0.0,63.35,3.4245437652335533,1.1,0.2549509756796392,4.1,0.8888194417315588,0
486,0.9376543509903981,0.017954188786315474,0.015051876700794418,0.006206149319140563,0.0005552939477741027,0.00023904642299518833,100.0,0.0,63.55,2.5782746168707473,1.05,0.21794494717703367,4.25,0.5361902647381804,0
487,0.9384569182205169,0.01904443214359967,0.014318779901073725,0.0064194471815268075,0.0005523523879484622,0.0002344006263665793,100.0,0.0,63.55,3.694252292413175,1.1,0.3,4.15,0.5722761571129799,0
488,0.9346876670164628,0.023342313788814857,0.01466540795976761,0.006660080051031879,0.0006020048557136018,0.00029400687253166327,100.0,0.0,62.4,3.786819245752298,1.05,0.15,4.45,1.2031209415515964,0
489,0.9389675746153425,0.016489778087443795,0.015041223642583368,0.006008914773257516,0.0005433967553180607,0.000200561080682236,100.0,0.0,63.35,3.623189202898463,1.05,0.15,4.45,1.023474474522936,0
490,0.9375128027389199,0.014717272017177672,0.014552567444057007,0.0070032727657611624,0.0005598291539703312,0.00018666007325030215,100.0,0.0,62.6,3.0397368307141326,1.075,0.23848480035423641,4.05,0.6689544080129826,0
491,0.9401951606407508,0.0146961820347245,0.013924933951471208,0.006512385193070239,0.0005436492008307006,0.00016734122919760276,100.0,0.0,63.65,3.1666228067138023,1.0,0.0,4.25,0.6224949798994366,0
492,0.9439246201963233,0.016824905400435977,0.014210960535364392,0.005593894273959994,0.0005021432963066611,0.00019580803273275984,100.0,0.0,64.3,2.5317977802344327,1.0,0.0,4.2,0.6,0
493,0.9464193941080963,0.018754539240894763,0.01337378935568398,0.005100322618725634,0.00048216063314579255,0.0002016002978823064,100.0,0.0,63.8,2.712931993250107,1.05,0.21794494717703372,4.15,0.7262919523166975,0
494,0.9432476051063162,0.017129910342491037,0.01278134143364148,0.005163433662454849,0.0005323173976616196,0.00017403655116022399,100.0,0.0,64.0,2.5298221281347035,1.05,0.21794494717703367,4.25,1.0428326807307104,0
495,0.9427710488235495,0.015835600949149493,0.013921332478580194,0.005102963395526248,0.0005151832108363985,0.00018173317685451864,100.0,0.0,64.15,2.2197972880423116,1.0,0.0,4.3,0.7810249675906654,0
496,0.9402270748060305,0.017455918647510296,0.01431610221395308,0.00555982594063192,0.0005366770505112029,0.0001974035673003902,100.0,0.0,63.45,2.871846096154876,1.1,0.3,4.05,0.6689544080129826,0
497,0.9448930326765075,0.015333484692619847,0.013052807127573585,0.0058855404923315304,0.0004979592057395471,0.00017071432739865968,100.0,0.0,64.3,2.3259406699226015,1.0,0.0,4.3,0.7810249675906654,0
498,0.9450263732940882,0.01566320892666579,0.013255971278874018,0.005360945690017128,0.0004970120270036488,0.00017510093981090399,100.0,0.0,63.05,2.9744747435471695,1.1,0.3,4.5,1.02469507659596,0
499,0.9401596645027185,0.01934054839779728,0.015014942932198364,0.00624619996697154,0.0005407463904335528,0.00020033038126905268,100.0,0.0,62.5,3.2326459750489227,1.1,0.3,4.3,0.6403124237432849,0
500,0.9451574569087835,0.01994015546622455,0.013809723415464497,0.00701958921926006,0.0004958816244033085,0.00020126165718738301,100.0,0.0,63.5,3.640054944640259,1.075,0.23848480035423641,4.2,0.7483314773547883,0
501,0.9463741967483188,0.02124023502401986,0.012877268893509564,0.006692485584459158,0.00048551099415140777,0.00022222041130126447,100.0,0.0,63.6,3.7202150475476548,1.15,0.3570714214271425,4.2,0.8124038404635961,0
502,0.9459698636325733,0.021451982525635908,0.013847010103854366,0.006112392684223854,0.00048471855952269817,0.00022263985407820097,100.0,0.0,63.55,2.836811590500857,1.075,0.23848480035423641,4.0,0.7071067811865476,0
503,0.9435539769433868,0.02122444175146765,0.012756963581026626,0.005255309633896555,0.0005270677763947192,0.00021942132701198357,100.0,0.0,62.3,2.282542442102666,1.1,0.3,4.25,0.8874119674649424,0
504,0.9408259488829491,0.02150759980463877,0.012670239171544823,0.00673982403876648,0.000552030302260224,0.0002174134298952225,100.0,0.0,63.35,3.5954832776693593,1.1,0.3,4.2,0.8124038404635961,0
505,0.939050187506416,0.022534319690872124,0.014480260775397453,0.008045976976444403,0.0005348403223168097,0.00019192768168355156,100.0,0.0,63.75,3.329789783154486,1.1,0.3,4.15,0.5722761571129799,0
506,0.941406430785281,0.02065459686876008,0.014718326106831497,0.007362979260545269,0.0005053841080782622,0.00018654180128354294,100.0,0.0,63.8,2.9257477676655586,1.05,0.2179449471770337,4.35,0.5722761571129799,0
507,0.938285805527711,0.01812799746222774,0.014215126701933863,0.0075407702441849765,0.0005445735980655026,0.0001526635245725055,100.0,0.0,63.6,3.120897306865447,1.1,0.3,4.35,1.1079259903080168,0
508,0.9354441308080702,0.02398399176341717,0.014932253918812644,0.007845134741978729,0.0005745365461348676,0.00021191103159309615,100.0,0.0,63.1,2.5670995305986875,1.075,0.23848480035423641,4.4,0.7348469228349535,0
509,0.9297789898767581,0.030403427786510586,0.015515270697874759,0.00819713736150336,0.0006345162838031562,0.00030917157588695717,100.0,0.0,63.75,3.672533185690771,1.1,0.3,4.1,0.8888194417315588,0
510,0.9341141309239699,0.026201576018869757,0.015222868111640944,0.007096639584541911,0.00060535573436841,0.00026748464371322,100.0,0.0,62.45,2.9744747435471703,1.125,0.3112474899497183,4.25,0.6224949798994366,0
511,0.939713870440848,0.019453243977588887,0.013333280721439963,0.006629807237821242,0.000560450147179407,0.00022174782581964626,100.0,0.0,63.45,3.456515586540874,1.05,0.15,4.2,0.6782329983125269,0
512,0.9400539189674195,0.01618209213514238,0.01346341297725447,0.006617450482047177,0.0005480704917784627,0.00018366082686832233,100.0,0.0,62.0,3.449637662132068,1.1,0.3,4.5,0.8660254037844386,0
513,0.9364042618588545,0.014521307189532047,0.01241161446681614,0.006071197342810015,0.000612375771742302,0.00017599134549402525,100.0,0.0,63.75,1.9461500456028564,1.0,0.0,4.45,0.7399324293474372,0
514,0.9391970073780216,0.01527056920721817,0.0133784290178836,0.007003154802862245,0.0005540433021043335,0.000159614203141357,100.0,0.0,63.4,3.9924929555354263,1.05,0.21794494717703372,4.15,0.653834841531101,0
515,0.9380968071176918,0.018253547025756656,0.012386290095657448,0.006085448332085021,0.0006003243273513169,0.00021812696770945214,100.0,0.0,64.2,3.6276714294434105,1.1,0.3,4.3,0.6403124237432849,0
516,0.9420439176533696,0.019895143951572707,0.01250874237252396,0.005138057014966149,0.0005566887685252243,0.0002385356330959562,100.0,0.0,63.65,4.138538389335056,1.15,0.3570714214271425,4.15,0.7262919523166976,0
517,0.9396441282976659,0.017920076608884967,0.013334132065082546,0.004801923273866825,0.0005697728156535389,0.00024773801108527035,100.0,0.0,62.25,2.913331426391443,1.1,0.3,4.7,1.1,0
518,0.9405963078106074,0.014138646271409783,0.014838332550550521,0.0051187349900508276,0.0005389697528928509,0.00018194145183986104,100.0,0.0,62.9,3.2388269481403293,1.1,0.3,4.25,0.698212002188447,0
519,0.9409315300093075,0.019494610181012284,0.014627311744901464,0.005974859039442015,0.0005287890731167841,0.00024101530208107133,100.0,0.0,62.85,3.8506492958980307,1.05,0.21794494717703372,4.35,0.8529361054615991,0
520,0.9396364850309643,0.014409397253027046,0.014541158913287569,0.006070075407967164,0.0005427899747903288,0.00019214189559004692,100.0,0.0,63.05,2.7834331319433563,1.075,0.23848480035423641,4.25,0.7664854858377946,0
521,0.9366467735216484,0.016591672832815613,0.01563084176224439,0.006262762240599204,0.000556943800951229,0.00020855381846561673,100.0,0.0,63.25,3.897114317029974,1.025,0.10897247358851683,4.25,0.8874119674649424,0
522,0.931588390997651,0.027664295078443493,0.015437356166475975,0.00745002663142328,0.0006266300418880413,0.00033537697873278885,100.0,0.0,63.5,2.8722813232690143,1.0,0.0,4.35,0.7262919523166976,0
523,0.9384936990987851,0.02326038023606736,0.014768746296104678,0.007622907530589789,0.000550081241237055,0.00026131157493493133,100.0,0.0,63.6,3.1368774282716245,1.075,0.23848480035423641,4.05,0.6689544080129826,0
524,0.944432769545112,0.019264869694805488,0.014731813089133117,0.006565426277372509,0.000476404457425378,0.0001913816956907958,100.0,0.0,62.2,2.5806975801127883,1.15,0.3570714214271425,4.2,0.8124038404635961,0
525,0.9417555469735064,0.020504355822605735,0.014836996472132602,0.005246005544305362,0.0005274087804094322,0.00022895300535110202,100.0,0.0,62.15,2.515452245621053,1.175,0.36314597615834876,4.2,0.5099019513592784,0
526,0.9422241711970656,0.017244034817164768,0.014949916955833956,0.006115827024215873,0.0005057712433144327,0.00019589821310258128,100.0,0.0,63.45,3.0409702399069944,1.1,0.3,4.5,0.7416198487095663,0
527,0.9403167266812493,0.02476168551655981,0.014661542522938775,0.006893449563690682,0.0005357524140559022,0.0002862486819374381,100.0,0.0,64.15,2.7617928959282954,1.025,0.10897247358851683,4.25,0.82915619758885,0
528,0.9416137178501385,0.022126337744895662,0.014314802832359442,0.007831831733248723,0.0005181761334022052,0.00025169947788893917,100.0,0.0,63.4,2.6343879744638983,1.05,0.21794494717703367,4.15,0.7262919523166976,0
529,0.9427966593721724,0.021822842791647905,0.013911718335496518,0.007115923166601897,0.000508643412996544,0.0002190125548669672,100.0,0.0,63.9,3.031501278244824,1.0,0.0,4.0,0.5477225575051661,0
530,0.9432718278906792,0.021182671280168847,0.012690431866947483,0.006585211781053882,0.0005231439006552671,0.000248122982596008,100.0,0.0,63.35,3.5110539728121526,1.1,0.3,4.15,0.5722761571129799,0
531,0.944042925988979,0.022840093812635208,0.013687224163407244,0.0069067137989484145,0.0005019276402707253,0.00026404817228471093,100.0,0.0,63.25,3.6314597615834874,1.05,0.21794494717703367,4.85,1.107925990308017,0
532,0.9433604731464774,0.020172835712025522,0.014122049817569279,0.00648809208010136,0.0005039627346110484,0.00024675525362280806,100.0,0.0,63.3,2.5903667693977237,1.075,0.23848480035423641,3.95,0.6689544080129826,0
533,0.9395743708929694,0.023362498112249674,0.014574020158792684,0.005895554873100499,0.0005487198842565836,0.00026385652522775487,100.0,0.0,63.6,2.90516780926679,1.1,0.3,4.1,0.6244997998398398,0
534,0.9384504270365375,0.02612065831513217,0.015354593084564114,0.006174366670264422,0.0005473924691842222,0.00029969681965079836,100.0,0.0,63.25,2.843853020111975,1.075,0.23848480035423641,4.2,0.6782329983125268,0
535,0.936129185557041,0.022702524996741524,0.014729293906822764,0.0056151162509598205,0.0005988634420970906,0.000314958891277705,100.0,0.0,61.7,2.9512709126747416,1.1,0.3,4.05,0.5894913061275798,0
536,0.9385761391058468,0.023259372201114934,0.01441584831389374,0.006373535800010968,0.0005690510466126383,0.00026175829040486407,100.0,0.0,63.25,2.7179955849853767,1.075,0.23848480035423641,4.05,0.5894913061275798,0
537,0.9394257900144497,0.026944992667241575,0.013965316225496866,0.0070507538765812615,0.0005542764746129288,0.0002770095669888638,100.0,0.0,63.15,2.779838124783528,1.075,0.23848480035423641,4.0,0.7745966692414834,0
538,0.9429113114438579,0.024445587099589546,0.01228585791021274,0.006745952262508026,0.0005402743754407446,0.0002707516629712903,100.0,0.0,63.8,2.6381811916545836,1.05,0.21794494717703372,4.0,0.7071067811865476,0
539,0.9460420073131768,0.017162203295333522,0.011279665828051368,0.006806047984261931,0.0005160382965610111,0.00021274284842698693,100.0,0.0,62.6,3.0066592756745814,1.175,0.36314597615834876,4.5,0.806225774829855,0
540,0.9457780840735575,0.01911257922488828,0.012434626317428723,0.006135568543961755,0.0005094088242827334,0.00021730019389873571,100.0,0.0,63.2,3.9319206502675,1.125,0.3112474899497183,4.25,0.698212002188447,0
541,0.9464584054398719,0.01919612216062674,0.01273816625867318,0.005815869669823702,0.00048648672153703076,0.00020636229998592992,100.0,0.0,65.15,3.4245437652335533,1.05,0.21794494717703372,4.2,0.6782329983125269,0
542,0.942707194230055,0.02217288254209139,0.012472979609050824,0.006599024017653984,0.0005279571420488162,0.0002538525836607886,100.0,0.0,64.05,2.8718460961548757,1.05,0.21794494717703372,4.4,0.8,0
543,0.9437444257063893,0.020364439404280593,0.013558220828745424,0.005977137275120813,0.0005075399708914113,0.00022163925731109283,100.0,0.0,63.65,3.1666228067138023,1.0,0.0,4.3,0.714142842854285,0
544,0.9415105618400201,0.020838855013379967,0.014949978622349726,0.0062820497524633204,0.000517541734797674,0.00023145051604277978,100.0,0.0,63.65,2.3081377775167584,1.0,0.0,4.3,0.6403124237432849,0
545,0.9387725604352826,0.020433664111886334,0.01413811935791738,0.006914892956815566,0.0005623860249657123,0.00022964364720395484,100.0,0.0,63.5,3.122498999199199,1.05,0.21794494717703372,4.2,0.6782329983125269,0
546,0.9369514751290904,0.023515878423966716,0.014394960437631008,0.00631675502247863,0.0005980123026856754,0.00025618668599813096,100.0,0.0,63.35,2.920188350089768,1.075,0.23848480035423641,4.25,0.82915619758885,0
547,0.9370292449050013,0.024006613258924853,0.014532789222956958,0.0063829773344478745,0.0005758191002875865,0.00024242276823361984,100.0,0.0,63.75,3.672533185690771,1.025,0.10897247358851683,4.35,0.5722761571129799,0
548,0.9353695759919282,0.021109608432766786,0.014365968147955623,0.006235354363499733,0.0006015997161877248,0.00022201843078253216,100.0,0.0,64.25,2.5074887836239665,1.025,0.10897247358851683,4.1,0.7681145747868608,0
549,0.9332719748128048,0.02252787072711613,0.015292411050499069,0.00677327238431666,0.0006062870749856493,0.00023932700769171235,100.0,0.0,63.45,2.635811070619441,1.025,0.10897247358851683,4.1,0.5385164807134504,0
550,0.934897099026931,0.02234830570816754,0.014854706223493256,0.006904629755422093,0.0005891749864223989,0.00025631543429397206,100.0,0.0,63.45,3.694252292413175,1.125,0.3112474899497183,4.05,0.804673846971554,0
551,0.9347995162864026,0.019953503814995808,0.013480659265183556,0.007826600465217312,0.000619470803474646,0.0002674706398302021,100.0,0.0,64.4,3.307567081708245,1.05,0.21794494717703372,4.15,0.9096702699330127,0
552,0.9387669593184984,0.016681141360226283,0.012879790906906493,0.007134572369099081,0.0005670543840988551,0.00018509779188175926,100.0,0.0,63.05,2.71062723368596,1.0,0.0,4.35,0.5722761571129799,0
553,0.9395669578482773,0.021367676558153588,0.011702212720530009,0.00703246695613377,0.0005819242013932132,0.0002784950202211384,100.0,0.0,63.0,3.8078865529319543,1.1,0.3,4.15,0.5722761571129799,0
554,0.9413310476548447,0.015881681880737446,0.012038524408907104,0.007540042301979051,0.0005494218635138171,0.00020218053439790556,100.0,0.0,63.75,2.7179955849853767,1.0,0.0,4.3,0.714142842854285,0
555,0.9396497262937713,0.01656415293105956,0.012139544414902996,0.006834812075885889,0.0005723313837120902,0.00021701840198292264,100.0,0.0,62.9,2.487971060924946,1.075,0.23848480035423641,4.1,0.43588989435406733,0
556,0.9412117454379146,0.020998902785272427,0.013809796982197867,0.006478359151042204,0.000525864654857953,0.0002450007163271408,100.0,0.0,63.7,3.4799425282610637,1.0,0.0,3.9,0.6244997998398398,0
557,0.945095383726397,0.01712149890047854,0.011846956287867354,0.0063283347831445715,0.00050709667845548,0.00021998717107253756,100.0,0.0,63.0,3.082207001484488,1.075,0.23848480035423641,4.15,0.47696960070847283,0
558,0.9409169700595484,0.01715652243593682,0.012670379472629908,0.007128699689686134,0.0005378962664432462,0.00021199439052410702,100.0,0.0,63.85,3.6915443922564446,1.05,0.21794494717703372,4.35,0.792148975887743,0
559,0.9382095929517054,0.018020230455472526,0.014129327918828673,0.006851959122058339,0.000557176619785726,0.00022889640280330075,100.0,0.0,62.85,3.4680686267719674,1.2,0.3674234614174767,4.0,0.6324555320336759,0
560,0.9387192047401959,0.01626537563477408,0.013808644365356332,0.007218964864041068,0.000560035564460729,0.0002224068760034361,100.0,0.0,62.95,3.2935543110748906,1.1,0.3,4.25,0.698212002188447,0
561,0.9392361996382466,0.018021673740515734,0.013370488240961053,0.007906984138133684,0.00054571580093299,0.00023038501150812908,100.0,0.0,63.2,2.4617067250182343,1.0,0.0,4.6,0.5830951894845301,0
562,0.9411615136143446,0.01709547440925923,0.014046772746468358,0.00740036412446465,0.0005127916897526601,0.00022024587620975969,100.0,0.0,64.7,3.8223029707232783,1.0,0.0,4.1,0.7681145747868608,0
563,0.9391163039201447,0.02340318876927032,0.014087526688853996,0.007378086376520185,0.000551159466304322,0.0002901661825555951,100.0,0.0,63.25,3.1760824926314495,1.05,0.21794494717703372,4.15,0.7921489758877431,0
564,0.9434344246957729,0.01685944311033214,0.013023626760308396,0.006779143342998137,0.0005112216499197447,0.000190664291232263,100.0,0.0,63.15,2.104162541250081,1.05,0.2179449471770337,4.2,0.5099019513592784,0
565,0.9438474993338686,0.021591207389978155,0.013342319754587908,0.006500722120255311,0.0004986673390964729,0.00026856045645735443,100.0,0.0,63.7,2.9171904291629644,1.1,0.3,4.3,0.8426149773176358,0
566,0.9429003565314339,0.02173291920844242,0.013995493318133632,0.007290770571695999,0.0004991396692823105,0.0002667978514079567,100.0,0.0,63.1,3.3600595232822887,1.1,0.3,4.4,0.7999999999999999,0
567,0.9435689494773541,0.019853896753574615,0.01502009459919158,0.008108855665790057,0.0004720324688019278,0.0002169642671414014,100.0,0.0,63.45,3.470950878361721,1.2,0.4,4.25,0.9420721840708386,0
568,0.941961297239815,0.02276923285181668,0.01499155375109192,0.007741874254594881,0.0004998253769325593,0.0002605722463375965,100.0,0.0,62.5,2.202271554554524,1.0,0.0,4.4,0.8602325267042626,0
569,0.9402711770415518,0.020400927750687827,0.015457906743950428,0.006819069861051651,0.0005196828046129285,0.0002500827043643009,100.0,0.0,62.3,2.685144316419511,1.15,0.3570714214271425,4.15,0.7262919523166975,0
570,0.9439234161290548,0.0232695892237256,0.013770147248346899,0.007017241260575176,0.0005098693950836749,0.0002859293770838945,100.0,0.0,64.05,2.67348087705897,1.0,0.0,4.0,0.6324555320336759,0
571,0.9471122529803626,0.020690706652939903,0.01450040198068163,0.007561057721008686,0.00045773350044695367,0.0002302283172320918,100.0,0.0,63.35,2.937260628544903,1.05,0.21794494717703372,4.35,0.6538348415311012,0
572,0.9486125197376708,0.019042918515725975,0.01352252334109491,0.00747704573944743,0.00045268352239730776,0.00020567235895914057,100.0,0.0,63.65,2.7617928959282954,1.05,0.21794494717703372,4.35,0.7262919523166975,0
573,0.9490275330147394,0.019810010936296196,0.013552387597288395,0.00754165901881251,0.00043999266625589973,0.00021941965844885877,100.0,0.0,63.85,3.66435533211505,1.1,0.3,4.1,0.8306623862918076,0
574,0.9474330937881886,0.018693557667047295,0.01383371802181908,0.006826757271587026,0.0004558073315321557,0.0001927514798837791,100.0,0.0,63.7,3.579106033634656,1.05,0.21794494717703372,4.45,0.8645808232895291,0
575,0.9474199299171499,0.020524636410867967,0.014551932858909383,0.006799026555647512,0.0004434422387630885,0.0001913203003198949,100.0,0.0,63.2,2.694438717061496,1.05,0.21794494717703372,4.25,0.8874119674649424,0
576,0.9432185873378502,0.024380017079139542,0.0148875288131634,0.006362954188761553,0.0004979577085577312,0.00025704488471718287,100.0,0.0,63.45,3.866199684444661,1.1,0.3,4.15,0.6538348415311012,0
577,0.9426489137175282,0.02027554637382061,0.01458252927085577,0.006684824489036198,0.0005022011283993576,0.0002005049364689416,100.0,0.0,62.6,1.8547236990991405,1.0,0.0,4.05,0.5894913061275798,0
578,0.9467489594855877,0.016261163439744496,0.013945555236986498,0.006745809391146323,0.00046187757351935616,0.0001700420375871835,100.0,0.0,62.5,2.819574435974337,1.1,0.3,4.4,0.9165151389911681,0
579,0.9422690350479892,0.014162362785743936,0.013493348403222295,0.006401656059074786,0.0005219352188933336,0.00013381750253589964,100.0,0.0,64.2,2.959729717389748,1.0,0.0,3.9,0.6244997998398398,0
580,0.943979937753568,0.01609594742570891,0.013416502432266544,0.006345862737934627,0.0005011789800396292,0.00011561687942112734,100.0,0.0,63.1,3.4336569426778794,1.05,0.21794494717703367,4.2,0.5099019513592784,0
581,0.9410046722603715,0.015397315199536016,0.01336859978181149,0.0057244174462034916,0.0005373701589973712,0.00014077609609326131,100.0,0.0,63.35,2.2643983748448506,1.05,0.2179449471770337,4.1,0.7,0
582,0.9410989813430073,0.015386297736384395,0.014269825581715936,0.005628870370055919,0.0005274751279394745,0.00014055682950449516,100.0,0.0,62.9,2.662705391138869,1.1,0.3,4.3,0.714142842854285,0
583,0.9409576523347317,0.018022043891937827,0.013931965225903023,0.005630676979496644,0.0005391427149878939,0.00018786586700810626,100.0,0.0,63.3,2.590366769397724,1.0,0.0,4.1,0.7000000000000001,0
584,0.9404700323183584,0.02144373135033165,0.012548817019782105,0.006534282273539259,0.0005504335525593278,0.000218992549805741,100.0,0.0,63.0,2.0,1.05,0.15,4.3,0.5567764362830021,0
585,0.9403169370314156,0.02260706529847413,0.012737173489910278,0.007472100007767692,0.0005457912333563866,0.0002507994389603516,100.0,0.0,63.55,3.0899029110960754,1.075,0.23848480035423641,4.0,0.6324555320336759,0
586,0.9413705610220688,0.017375560662666482,0.012763735692462521,0.006876318711410167,0.0005382419629674617,0.00018884174514228355,100.0,0.0,64.0,3.286335345030997,1.0,0.0,3.95,0.5894913061275798,0
587,0.9428063895154203,0.016561880544460613,0.012443055395903301,0.006720985450072478,0.0005211353334405213,0.00018706554150767237,100.0,0.0,62.85,3.1188940347501393,1.075,0.23848480035423641,4.3,0.6403124237432849,0
588,0.943496337259752,0.02194511516114771,0.012648127849924487,0.007199897357448473,0.0005052661335438867,0.00022508748069648615,100.0,0.0,63.5,2.7477263328068173,1.0,0.0,4.15,0.852936105461599,0
589,0.9441558242252727,0.021382248447571545,0.012835099829149951,0.007102599657513799,0.0004976291712661027,0.0002152172237177338,100.0,0.0,63.25,3.6588932752951404,1.025,0.10897247358851683,4.25,0.9420721840708386,0
590,0.9423166710264571,0.02353516775681168,0.014274169424521158,0.006874235589197247,0.0005037052343957523,0.0002305904461268345,100.0,0.0,62.55,2.765411361804967,1.075,0.23848480035423641,4.35,0.653834841531101,0
591,0.9449594515078393,0.01920267787937309,0.014493069879470152,0.006658067737353164,0.00047178973981881723,0.0001716499302660961,100.0,0.0,62.65,2.688401011754013,1.175,0.36314597615834876,4.0,0.6324555320336759,0
592,0.9468630883236722,0.01702490321510711,0.014131054899212379,0.0070078429343563104,0.00046165463042571145,0.0001612735473229351,100.0,0.0,62.1,3.9862262855989496,1.2,0.4,4.15,0.5722761571129799,0
593,0.944704106082917,0.019717198691804137,0.014909398465336269,0.006715039795049655,0.00047716308858392585,0.0001961373915845794,100.0,0.0,62.25,3.6038174204584785,1.25,0.4330127018922193,4.3,0.5567764362830021,0
594,0.9455585824068168,0.0192562719502719,0.013457382747668441,0.006477129401848836,0.0004962523680793354,0.00019590663323507086,100.0,0.0,63.15,1.930673457630782,1.0,0.0,4.4,0.6633249580710799,0
595,0.9440152859926998,0.022589494824838473,0.012648552379054276,0.007192896532113337,0.0005195465384551254,0.00025421574568895423,100.0,0.0,62.85,2.351063589101749,1.05,0.21794494717703372,4.5,0.6708203932499369,0
596,0.9438587973956221,0.025428834924518043,0.01270156502201047,0.006770491792597114,0.0005177942111167028,0.0003106914177298727,100.0,0.0,64.25,2.5470571253900056,1.0,0.0,4.2,0.6,0
597,0.949043521016641,0.018161786583794935,0.012428267181507554,0.006545705323431412,0.00045656127460595405,0.0001788516611456953,100.0,0.0,62.65,3.2752862470324633,1.1,0.3,4.25,0.698212002188447,0
598,0.9431879826507215,0.022142096483908892,0.013691375707753927,0.006529450909187982,0.0005129506401976372,0.0002432165935194092,100.0,0.0,63.35,3.118894034750139,1.075,0.23848480035423641,4.35,0.9096702699330126,0
599,0.945110241772622,0.022326957161873176,0.012399723021311279,0.007322899956749702,0.0004993975728236911,0.0002567440441612142,100.0,0.0,64.45,3.0409702399069944,1.075,0.23848480035423641,4.1,0.7000000000000001,0
600,0.9434694410076846,0.01884255474177422,0.012669119288946252,0.006532137835009863,0.0005203398139195947,0.00022055972456016618,100.0,0.0,63.45,2.4387496796514396,1.025,0.10897247358851683,4.05,0.6689544080129826,0
601,0.9465377858932642,0.01931218332211104,0.01248393662628062,0.00680724276516426,0.00047931369080526486,0.00020088148689895491,100.0,0.0,63.25,3.2384409829422554,1.05,0.21794494717703372,4.55,0.9205976319760985,0
602,0.9460586225608004,0.018361503063864894,0.011728552143912316,0.006394666442082685,0.0004980079454771486,0.00017838376342402224,100.0,0.0,62.6,3.4263683398023628,1.175,0.36314597615834876,4.35,0.7921489758877431,0
603,0.9477266173966304,0.01726578155703324,0.011196158567636245,0.007116168357205565,0.0004887718372830668,0.0002289162259959674,100.0,0.0,64.7,3.4510867853474796,1.1,0.3,3.85,0.47696960070847283,0
604,0.9472917499063372,0.021484209145915284,0.01049816431834898,0.006438939696637236,0.0005094564212091349,0.0002692440896271962,100.0,0.0,63.1,3.845776904605882,1.05,0.21794494717703372,4.25,0.698212002188447,0
605,0.9446786360637262,0.024297203396740054,0.01112252483504336,0.005473028642209485,0.0005365922482859256,0.0002698140197268239,100.0,0.0,64.35,2.725344014982329,1.0,0.0,4.0,0.6324555320336759,0
606,0.9471575477445449,0.019620230724703338,0.012142462943820534,0.005817241898747825,0.0004917635171490509,0.0002049281414684333,100.0,0.0,64.1,2.364318083507378,1.0,0.0,4.2,0.5099019513592784,0
607,0.9464814064131147,0.018292557399826385,0.01166243924249629,0.005640227086266618,0.0005086464442853992,0.00020189886967196077,100.0,0.0,64.45,1.9868316486305526,1.0,0.0,4.05,0.5894913061275798,0
608,0.9477694857899573,0.016163605984922017,0.013345920342990841,0.004855284535442365,0.0004747420650921658,0.0001716276151444144,100.0,0.0,62.95,3.1697791721190924,1.175,0.36314597615834876,4.15,0.4769696007084728,0
609,0.9489978722386436,0.021039486886201483,0.013099073226724225,0.00606579203999965,0.0004568477155688022,0.00024190775136422434,100.0,0.0,64.65,3.395217224272992,1.05,0.21794494717703372,4.4,1.1575836902790224,0
610,0.9491374411584822,0.01802971373757248,0.01324857479835706,0.006385718396706605,0.0004535836890629858,0.00017502170763906242,100.0,0.0,62.8,3.171750305430741,1.125,0.3112474899497183,4.25,0.5361902647381804,0
611,0.9437147396601426,0.020882729293247655,0.014633112200200984,0.007453750559985455,0.00048706954836427653,0.00017965423561992584,100.0,0.0,63.1,3.40440890610984,1.1,0.3,4.4,0.7348469228349535,0
612,0.9418867696260632,0.02162069541352084,0.014553304137214984,0.007033084519674536,0.0005191937594832667,0.0001988746923774942,100.0,0.0,63.1,2.964793416074719,1.05,0.21794494717703372,4.4,0.9165151389911679,0
613,0.9446561095219315,0.021280746876185162,0.014398506077097879,0.007802623225826963,0.0004791659324918196,0.0001694307439345583,100.0,0.0,64.2,3.009983388658482,1.0,0.0,4.25,0.8874119674649424,0
614,0.9409369494602075,0.021718206708779792,0.014574151522244899,0.008187207602691616,0.000521640370091559,0.00019374711586061364,100.0,0.0,63.05,3.0736785778607363,1.1,0.3,3.9,0.43588989435406733,0
615,0.9441534450145153,0.02337445186667029,0.014249651679753821,0.007996901116345923,0.0004846731193537351,0.00020588627507240432,100.0,0.0,63.35,2.885740806101615,1.0,0.0,4.35,0.7921489758877431,0
616,0.9430922230083301,0.026163843898105027,0.014380329859369443,0.008118707082564392,0.000492803251750758,0.00021255682109469536,100.0,0.0,63.5,3.8535697735995385,1.05,0.21794494717703372,4.4,0.5830951894845301,0
617,0.9432316889808326,0.026991965078593135,0.01503040915694089,0.00832604571556279,0.00048331715762799516,0.00023495986647944413,100.0,0.0,63.1,3.080584360149872,1.05,0.21794494717703367,4.5,0.7416198487095663,0
618,0.9446616502182534,0.023367982943451732,0.014847759911789535,0.008015151870485307,0.0004696103308750515,0.00020014859904445324,100.0,0.0,63.25,3.884263121880391,1.125,0.3112474899497183,4.35,0.7262919523166976,0
619,0.9424486065290267,0.02341351270333986,0.01393888658651409,0.008184811244508873,0.0005075573141003275,0.00024198394581176685,100.0,0.0,63.45,2.5975950415721076,1.05,0.21794494717703372,4.25,0.6224949798994366,0
620,0.9439043826827893,0.02107660758452144,0.01383039259756624,0.0071052729862116975,0.0005066034650705131,0.00025151728687739395,100.0,0.0,63.05,2.8368115905008566,1.0,0.0,4.1,0.5385164807134504,0
621,0.9455409465796633,0.02193800331130435,0.013132775603668694,0.007311653013091578,0.0004893134645254088,0.00025242865875255957,100.0,0.0,63.45,2.5391927851189244,1.05,0.21794494717703372,4.2,0.5099019513592784,0
622,0.9432694028172707,0.02389931152143867,0.015192373670622896,0.007249733473841366,0.0004887972111742335,0.00027053458945044327,100.0,0.0,63.9,3.8845849199110063,1.2,0.4,3.95,0.49749371855331004,0
623,0.9437846932094501,0.02320476094987354,0.014715075588674085,0.006755153800523114,0.0004916241518877558,0.000274745776363122,100.0,0.0,62.55,2.2688102609076854,1.075,0.23848480035423641,4.4,0.7348469228349535,0
624,0.93959694439625,0.026581023587394465,0.015282892425345366,0.006935687953124449,0.0005346027266225561,0.0003026275182498653,100.0,0.0,63.7,3.179622619116929,1.1,0.3,4.3,0.5567764362830021,0
625,0.9418572707355249,0.03153219582607166,0.015126058920267919,0.00672951154910502,0.000515937399731683,0.00034339820591153806,100.0,0.0,63.1,2.7730849247724096,1.1,0.3,4.55,0.8046738469715541,0
626,0.948652209725112,0.02146704036343292,0.013793533687645654,0.006884729595873907,0.00044290967243713257,0.00021904297593899465,100.0,0.0,63.35,3.070423423568808,1.1,0.3,4.3,0.8426149773176358,0
627,0.9490237211559475,0.021784142200298954,0.012239934415791635,0.0068566824482523174,0.00045609142397419315,0.00024107613858272598,100.0,0.0,62.65,2.815581645060217,1.275,0.40233692348577704,4.0,0.5477225575051661,0
628,0.9458501790937619,0.02436475931910832,0.011965143344064035,0.007200967127377003,0.0004961048821706508,0.00029607178884485724,100.0,0.0,63.35,4.210403781111736,1.15,0.3570714214271425,4.35,0.6538348415311012,0
629,0.9426699633553346,0.021864209996068387,0.012527238854152634,0.00774009461598475,0.0005186015098893487,0.00023952288005060123,100.0,0.0,63.8,3.0594117081556704,1.025,0.10897247358851683,3.9,0.7000000000000001,0
630,0.939914148996395,0.02267601477194707,0.013740974363320705,0.00724358971479642,0.0005464048332183035,0.00027089906971467377,100.0,0.0,62.9,3.0967725134404045,1.025,0.10897247358851683,4.35,0.7921489758877431,0
631,0.9388588497856499,0.02409792908814323,0.014803035449803733,0.007338863625514051,0.0005392086703263114,0.0002482426640239289,100.0,0.0,63.75,2.9643717715563276,1.05,0.15,4.25,0.82915619758885,0
632,0.9357802888479648,0.023148024507504972,0.01482860956006489,0.007036147278834974,0.0005864136337010466,0.000257308476677414,100.0,0.0,64.0,3.0,1.05,0.21794494717703372,3.95,0.6689544080129826,0
633,0.9362443707276226,0.020962419684813365,0.014943120476811822,0.007371325336355711,0.0005579264235407819,0.00021316256174483582,100.0,0.0,63.95,2.9744747435471695,1.075,0.23848480035423641,4.1,0.9433981132056604,0
634,0.9339741000637701,0.022157936401795215,0.015282945191063593,0.006672939371077361,0.0005895229788851993,0.0002547370781589215,100.0,0.0,62.4,3.039736830714133,1.05,0.21794494717703372,4.25,0.6224949798994366,0
635,0.9376438706406164,0.02260528663041685,0.01545964819701257,0.007049774747325469,0.0005365360444578337,0.00022956690768895037,100.0,0.0,62.9,2.896549671592048,1.15,0.32015621187164245,4.25,0.7664854858377946,0
636,0.9390416311000189,0.022293910879272332,0.015789315771434612,0.006886404615880188,0.0005134028625810745,0.00021331282794232972,100.0,0.0,64.65,2.725344014982329,1.0,0.0,4.3,1.0049875621120892,0
637,0.9388589164042065,0.024301255763112147,0.015106436715182229,0.006729161255645004,0.0005350983730775539,0.000260633727313016,100.0,0.0,60.35,2.903015673398957,1.25,0.4330127018922193,4.45,0.9205976319760985,0
638,0.9368982026314743,0.028391587125721776,0.015428244610102832,0.006700834313960867,0.0005597521482419972,0.0003387995209732908,100.0,0.0,62.8,2.5019992006393608,1.1,0.3,4.15,0.7262919523166975,0
639,0.9340189704816216,0.02012066321650564,0.01664133371365325,0.007400788140753954,0.0005777591596357182,0.00023854534133709287,100.0,0.0,63.7,3.4073450074801643,1.05,0.21794494717703372,4.15,0.7262919523166976,0
640,0.933963019512966,0.022026429733089596,0.015734513973800008,0.007380514440759974,0.000583678307749106,0.0002655260932262678,100.0,0.0,62.9,3.448187929913334,1.0,0.0,4.35,0.6538348415311012,0
641,0.9374264147089141,0.01815639126813719,0.01492005071156859,0.007377577110323937,0.0005551821580055257,0.00023775951677440936,100.0,0.0,63.85,2.197157254271983,1.0,0.0,4.2,0.6782329983125268,0
642,0.9374101254361242,0.015377541695181159,0.01478882370844677,0.007289402584334317,0.0005555970981844094,0.0001920119054090681,100.0,0.0,63.85,3.1507935508376304,1.025,0.10897247358851683,4.05,0.49749371855331,0
643,0.9367594780744941,0.019504860807334958,0.015486730226499632,0.007061017882591276,0.0005602586805280507,0.0002488584580422915,100.0,0.0,64.4,3.352610922848042,1.075,0.23848480035423641,4.4,0.9695359714832659,0
644,0.9405663576303229,0.020890961568232235,0.015608646429320869,0.006986280972333974,0.000509651947110055,0.00023332304484225539,100.0,0.0,62.4,3.0724582991474434,1.05,0.21794494717703372,4.25,0.5361902647381804,0
645,0.9390495023226519,0.02193091449414235,0.01577376719981028,0.006602961481734966,0.0005259339254755687,0.00025775785140435094,100.0,0.0,63.95,2.3553131426627756,1.05,0.21794494717703372,4.3,0.9539392014169457,0
646,0.9427025785672877,0.01913967720603722,0.015079864763714243,0.0079498835393869,0.00047378683753736376,0.00019355138546365183,100.0,0.0,62.45,2.4794152536434875,1.125,0.3112474899497183,4.2,0.6,0
647,0.9384383863319192,0.01789914479993896,0.015389407602383073,0.008886309420217538,0.0005147149140174169,0.00017960293595968473,100.0,0.0,64.4,3.3970575502926055,1.025,0.10897247358851683,4.25,0.5361902647381804,0
648,0.9355694941675157,0.019321295400675415,0.0161687297317187,0.008494807266955673,0.000541544670679571,0.00022674312447879008,100.0,0.0,64.4,2.2891046284519194,1.05,0.21794494717703367,4.05,0.5894913061275798,0
649,0.9369988276351517,0.02142928830556823,0.01667325980002491,0.008025467690916924,0.0005198766514069965,0.0002275679903769403,100.0,0.0,62.95,3.4565155865408737,1.2,0.4,4.0,0.7071067811865476,0
650,0.937966117516068,0.022996853924379217,0.016306106599460263,0.007436028209031901,0.0005197398270200698,0.0002688287609785786,100.0,0.0,64.65,2.9372606285449034,1.0,0.0,4.3,0.5567764362830022,0
651,0.9337334722935811,0.021228254743117705,0.01638300855341362,0.007580415555414864,0.0005679281759456937,0.00024889471398265874,100.0,0.0,63.7,2.5903667693977237,1.025,0.10897247358851683,4.1,0.6244997998398398,0
652,0.9367026507810831,0.02109307528824178,0.016627334132900275,0.007743197202111139,0.0005325460427986037,0.00021384494795775386,100.0,0.0,63.45,3.5563323804166562,1.075,0.23848480035423641,4.45,0.6689544080129827,0
653,0.9345269064042874,0.02451213551043222,0.01651265072611814,0.007716460954136103,0.0005620729678968725,0.0002588111753972626,100.0,0.0,63.6,3.7067505985701277,1.075,0.23848480035423641,4.3,0.6403124237432849,0
654,0.9402416727655372,0.024692343882156863,0.016021141214842247,0.008211248070362998,0.0004907711610569925,0.00024249698090523494,100.0,0.0,64.35,3.3507461855533016,1.05,0.21794494717703367,4.25,0.7664854858377946,0
655,0.9380693255971295,0.023969635100419176,0.017265999781805003,0.00810192028552671,0.0005036008530872203,0.0002363882775155793,100.0,0.0,63.65,3.8376425054973526,1.0,0.0,4.2,0.6,0
656,0.9393725337396697,0.023253561834920833,0.016550210659879345,0.008571970868030845,0.0004956728534810768,0.00020489572251210963,100.0,0.0,63.3,3.018277654557314,1.0,0.0,4.2,0.812403840463596,0
657,0.9398176662526232,0.025144624661950023,0.01570322331747267,0.007817598421109722,0.0005116584203466693,0.00023944948737373228,100.0,0.0,64.15,2.95423424934449,1.025,0.10897247358851683,4.35,0.7262919523166975,0
658,0.938974406546159,0.022324101003141632,0.017382057133577763,0.00738848151946842,0.0004962510904877956,0.0002340457177397499,100.0,0.0,62.85,2.7436289836637897,1.1,0.2549509756796392,4.25,0.6224949798994366,0
659,0.9370534771455539,0.02389002475942766,0.016709984724937378,0.0076124412552622985,0.0005281301998586552,0.00023773193964003554,100.0,0.0,63.9,3.5763109484495335,1.15,0.3570714214271425,3.85,0.852936105461599,0
660,0.9309171473804907,0.025181881393687832,0.017449108025818668,0.006355661942937915,0.0006069993830142271,0.00025683441401132354,100.0,0.0,62.5,3.4713109915419564,1.2,0.4,4.05,0.804673846971554,0
661,0.9324981937143736,0.024288470922133782,0.016065508969607165,0.006551539229540497,0.0006044735936041993,0.0002745315289703896,100.0,0.0,61.9,2.808914381037628,1.1,0.3,4.35,0.852936105461599,0
662,0.9344616560477453,0.02223887187326384,0.016246356016299222,0.006770040339773513,0.0005767886669951569,0.00027304738841305677,100.0,0.0,62.25,2.56661255354212,1.0,0.0,4.4,0.9165151389911681,0
663,0.938672155348409,0.019784401952897504,0.015446977227470104,0.005942793330588633,0.0005351052142705833,0.00022500197066471422,100.0,0.0,64.25,2.9979159427842537,1.1,0.3,4.25,0.82915619758885,0
664,0.9401773806198243,0.01496207394859096,0.01655313100267001,0.005084726865810435,0.0005047058569730535,0.00014795723380206022,100.0,0.0,63.0,2.16794833886788,1.1,0.3,4.0,0.4472135954999579,0
665,0.9396434048634535,0.02046461435123596,0.016712328949881682,0.005798942811150722,0.00050783752005451,0.00021480912270030876,100.0,0.0,64.05,2.4591665254715873,1.0,0.0,4.05,0.4974937185533099,0
666,0.9381415910243387,0.021810888170443177,0.01653365161840714,0.006379293532202754,0.0005261802597204632,0.0002589000126279443,100.0,0.0,64.0,2.8460498941515415,1.025,0.10897247358851683,4.3,0.714142842854285,0
667,0.9367028207860099,0.024987062950285566,0.01540493804873358,0.006241959168337073,0.0005604583835299305,0.000301971430727826,100.0,0.0,63.7,3.6619666847201113,1.125,0.3112474899497183,3.95,0.6689544080129826,0
668,0.9374277173143846,0.021992066102255767,0.015109773964840475,0.008471085988833393,0.0005335129839385567,0.0002494849866275004,100.0,0.0,63.85,2.920188350089768,1.0,0.0,4.25,0.9937303457175896,0
669,0.9391767004697554,0.021997560497213728,0.016444751435714985,0.00842585907563288,0.0004949616000326455,0.0002122216339681732,100.0,0.0,63.8,2.767670500619609,1.0,0.0,4.45,0.6689544080129827,0
670,0.936496752037355,0.02215473303252925,0.016004654232720638,0.009039675586698341,0.000540040119142763,0.00020906318040243328,100.0,0.0,62.95,2.9236107812087435,1.05,0.21794494717703372,4.15,0.5722761571129799,0
671,0.9406572173710732,0.021625772454796507,0.016101529916621626,0.007314183036769357,0.0004956160635761371,0.00019910810371633476,100.0,0.0,63.0,2.23606797749979,1.0,0.0,4.25,0.6224949798994366,0
672,0.9412022716237998,0.01963263561311863,0.016231151964690736,0.006607325559197004,0.0004965252305292706,0.00021927952663962488,100.0,0.0,62.65,2.903015673398957,1.05,0.15,4.05,0.6689544080129826,0
673,0.9395618048929866,0.029090963843596194,0.015600995551436892,0.007076334533383149,0.0005225542817880461,0.00034075066228668287,100.0,0.0,62.55,3.3981612675092396,1.1,0.3,4.35,0.5722761571129799,0
674,0.937641181494284,0.027267255629511298,0.016794307150082642,0.006887879034212129,0.0005315165362466678,0.0002890852012539059,100.0,0.0,64.05,2.8543825952384165,1.05,0.21794494717703372,4.5,0.7416198487095663,0
675,0.9390506119125595,0.02155535903325467,0.015497297583363457,0.006573822164129378,0.0005328871772780638,0.00024838823354439736,100.0,0.0,62.75,2.5074887836239665,1.125,0.3112474899497183,4.5,0.7416198487095663,0
676,0.9354487116007023,0.017793490762889025,0.014194528142287926,0.006380986379767316,0.0005987249272642347,0.00020877639238781124,100.0,0.0,63.15,2.5743931323712,1.0,0.0,4.45,0.7399324293474372,0
677,0.9361995967436917,0.018038810162493257,0.01456445756052981,0.0075572225753977144,0.0005625908714293274,0.0001972022614270661,100.0,0.0,63.1,2.773084924772409,1.1,0.2549509756796392,4.15,0.6538348415311009,0
678,0.9355535622455184,0.018645117192772266,0.015785203432252204,0.008037424440653437,0.0005513366897544878,0.00017706554922496085,100.0,0.0,63.1,2.6438608132804573,1.05,0.21794494717703372,4.15,0.7262919523166976,0
679,0.9371189354593676,0.019577660705284328,0.016465855406073805,0.00687025489802247,0.0005313638894143788,0.00021424966683634148,100.0,0.0,62.4,3.5693136595149495,1.15,0.32015621187164245,4.25,0.5361902647381804,0
680,0.9353642359585498,0.01903529133110202,0.016330798116327178,0.007405655670164436,0.0005468149117213958,0.00016166243381633265,100.0,0.0,64.8,3.249615361854384,1.0,0.0,4.15,0.9630680142129111,0
681,0.933042765488732,0.019593598430954165,0.01712781832227473,0.007136421696018668,0.0005750011747995872,0.00019272544430126132,100.0,0.0,63.55,3.2630507198019467,1.05,0.21794494717703372,4.4,0.7348469228349535,0
682,0.9324234561301328,0.022560328739260622,0.016718676642265964,0.007650365773346853,0.000588914579594824,0.00022957375980785027,100.0,0.0,63.75,3.3893214660164652,1.05,0.21794494717703372,4.45,0.9733961166965893,0
683,0.9278407631949538,0.027342414902513466,0.017995840541964344,0.008264288584254209,0.0006127962936517287,0.0002906632541795234,100.0,0.0,63.7,2.685144316419511,1.0,0.0,4.35,0.7262919523166976,0
684,0.9308200894409684,0.019589356193061118,0.016894837031705787,0.007264550394380527,0.0005951556121642132,0.00021591363251981103,100.0,0.0,64.05,2.836811590500857,1.05,0.2179449471770337,4.15,0.7921489758877431,0
685,0.9283833190753267,0.020232198283367333,0.01651996890335167,0.008785165652175495,0.0006324407362697902,0.0002519160101836411,100.0,0.0,64.4,1.772004514666935,1.0,0.0,4.2,0.5099019513592784,0
686,0.9285337336669958,0.022124771597053408,0.01758423107208396,0.008944863250386766,0.0005997547613213644,0.00022189285667518726,100.0,0.0,64.25,2.930443652418521,1.025,0.10897247358851683,4.05,0.6689544080129826,0
687,0.9343280203616124,0.02157349180354454,0.017509579012422078,0.007857848108258536,0.0005368940847929011,0.00019210997770081315,100.0,0.0,63.4,2.956349099818897,1.0,0.0,4.4,1.0677078252031311,0
688,0.9289940759293447,0.0262282690992199,0.01633685626322891,0.0076097318241893615,0.0006305044816198318,0.00027316361147468386,100.0,0.0,64.05,3.0409702399069936,1.025,0.10897247358851683,4.05,0.739932429347437,0
689,0.9311224807714791,0.02450877633921178,0.016336787871996366,0.0076895052829692,0.0006108199420896745,0.00024230498790088636,100.0,0.0,62.95,3.9303307748839664,1.075,0.23848480035423641,4.35,1.0136567466356647,0
690,0.9320974524855263,0.02275202274979367,0.016820511733608292,0.005959955984580034,0.0005900320203803967,0.0002241769202158145,100.0,0.0,63.7,2.72213151776324,1.05,0.21794494717703372,4.1,0.5385164807134504,0
691,0.9311994806574504,0.026477456293437437,0.01659410077308185,0.006007382689375302,0.0006130919302883447,0.00028991235607017044,100.0,0.0,63.2,3.5721142198983498,1.075,0.23848480035423641,4.25,0.9937303457175896,0
692,0.9276136454217083,0.027105015639507214,0.015609677098964447,0.005613545405216121,0.000675394986582681,0.00028555395685465494,100.0,0.0,64.2,3.54400902933387,1.1,0.2549509756796392,4.05,0.804673846971554,0
693,0.933551315678784,0.025987316320759252,0.014134684892434014,0.007038525390549916,0.0006065541816490631,0.00023879861885270985,100.0,0.0,64.05,3.3087006513131403,1.05,0.2179449471770337,4.35,0.7921489758877431,0
694,0.936994685659398,0.026984928196065423,0.013737558961499752,0.007627574124798264,0.0005662427557192009,0.00024377456981601982,100.0,0.0,64.05,2.1324868112136124,1.0,0.0,3.9,0.5385164807134504,0
695,0.936554587516726,0.024847873342379128,0.013673022082776074,0.007779659372397477,0.0005816882684676775,0.0002515404507446803,100.0,0.0,62.75,2.6052830940226053,1.075,0.23848480035423641,4.25,0.5361902647381804,0
696,0.9348502018069841,0.022794669785900057,0.01550446813589974,0.007058355060930005,0.0005848729678018736,0.00025906027682873385,100.0,0.0,62.8,3.3105890714493693,1.15,0.3570714214271425,4.05,0.6689544080129826,0
697,0.9327076232024091,0.02233627144734301,0.015402555465273176,0.00698249865603704,0.0006237493463014133,0.00027700225586566296,100.0,0.0,63.55,2.2017038856303994,1.1,0.3,4.15,0.6538348415311012,0
698,0.9363525984673261,0.020513770062971233,0.01441404203984108,0.007117528781791867,0.0005838809029483722,0.00020154721998252007,100.0,0.0,62.95,3.0409702399069936,1.025,0.10897247358851683,4.5,0.8660254037844386,0
699,0.9379681728382085,0.019117369747710004,0.014575989009009907,0.007785021224350969,0.0005430754399543258,0.00019038669550430634,100.0,0.0,63.5,3.0903074280724887,1.05,0.21794494717703372,4.0,0.8366600265340756,0
700,0.9375968866886388,0.022508894479648125,0.014729327124045738,0.007671879700762821,0.0005470691836820917,0.00020686473313659417,100.0,0.0,63.05,2.654712790491657,1.05,0.21794494717703372,4.4,0.7348469228349535,0
701,0.9396544170487428,0.019488159387742385,0.014465246213186353,0.007458508466838819,0.0005231623409889506,0.00015412158260986585,100.0,0.0,62.7,3.3331666624997918,1.1,0.3,4.35,0.8529361054615991,0
702,0.938463412659672,0.022613494071452248,0.013292832984772806,0.006813702465832306,0.0005655617248095584,0.00024183373095774212,100.0,0.0,63.75,3.0639027399707057,1.0,0.0,4.35,1.0136567466356645,0
703,0.9425527105506907,0.022345017597917398,0.012716341707881551,0.006934465706629928,0.0005226222091695235,0.00021198952965059288,100.0,0.0,63.95,2.1788758569500923,1.0,0.0,4.0,0.6324555320336759,0
704,0.9429073802658582,0.02009979820043819,0.011833919692935497,0.0047909243143959,0.0005386757108219911,0.0002388664472609451,100.0,0.0,62.75,2.913331426391443,1.1,0.3,4.45,0.8645808232895291,0
705,0.942791096242941,0.022836174778353216,0.012159601859481506,0.0053657401877845925,0.000534532525881324,0.00026898612049494223,100.0,0.0,62.75,2.7363296585024255,1.025,0.10897247358851683,4.35,0.5722761571129799,0
706,0.9397494574595218,0.024678875730100747,0.011577312062301358,0.005035650381101536,0.0005833244459511645,0.0002798178119005257,100.0,0.0,62.6,2.764054992217051,1.0,0.0,4.25,0.6224949798994366,0
707,0.9369644595448063,0.022683564201545627,0.012448867068722277,0.006059391716544459,0.0006007381411426663,0.00024990895200350724,100.0,0.0,63.25,3.418698582794336,1.1,0.3,4.1,0.6244997998398398,0
708,0.9404737567465556,0.02039585590196204,0.01285647892769752,0.005688949986920644,0.0005554819498539221,0.0002326439660139567,100.0,0.0,63.25,2.5074887836239665,1.1,0.3,4.2,0.6,0
709,0.940402074867045,0.022348979398110078,0.012119205469565044,0.005081486350221415,0.0005720665622866386,0.00024338011472068273,100.0,0.0,62.65,3.4967842369811724,1.1,0.3,4.1,0.7681145747868608,0
710,0.9378120335973603,0.020041408888742358,0.013228619382343983,0.005134512175380525,0.0005980396598494236,0.00021557914557159273,100.0,0.0,63.45,2.801338965566288,1.0,0.0,4.2,0.6,0
711,0.9367309551018657,0.023039663079551576,0.014863465884136553,0.005843280359649417,0.000584462679126227,0.00024039456517004,100.0,0.0,63.35,3.6093628246547893,1.1,0.3,4.1,0.7000000000000001,0
712,0.9370344168606959,0.02609916054676231,0.013819871388882113,0.00529899888375786,0.0005919399600758062,0.00029104257956992003,100.0,0.0,63.05,2.479415253643488,1.075,0.23848480035423641,4.3,0.8426149773176358,0
713,0.9417127473215532,0.02491049050762486,0.013578816780167553,0.006479802555184613,0.0005269564117402548,0.00026958961043674443,100.0,0.0,62.6,2.870540018881465,1.075,0.23848480035423641,4.25,0.7664854858377946,0
714,0.9448976978739626,0.01734103088508143,0.013653730298708085,0.006111667875985618,0.00048655982645335986,0.00018318755495457906,100.0,0.0,64.6,3.7067505985701277,1.05,0.21794494717703372,4.2,0.7483314773547883,0
715,0.9439414432442051,0.01569339299520055,0.013163467307718325,0.006425982913385391,0.0005050360433709752,0.00015667878064038826,100.0,0.0,64.1,2.4677925358506134,1.0,0.0,4.2,0.5099019513592784,0
716,0.9424886959022996,0.01682423161979423,0.01397379849362552,0.006569560604986805,0.0005131988583898082,0.00019659532081186537,100.0,0.0,63.9,2.364318083507378,1.025,0.10897247358851683,4.1,0.6244997998398398,0
717,0.9413195610240936,0.019700153151286547,0.013488126106915155,0.006372484419282391,0.0005348455169316364,0.0002484496102383803,100.0,0.0,62.75,2.913331426391443,1.05,0.21794494717703372,4.15,0.8529361054615991,0
718,0.9362416620597012,0.0264791565042888,0.014293847714148484,0.006657805441626883,0.0005947280021909554,0.00034944128938071934,100.0,0.0,63.45,2.3553131426627756,1.05,0.21794494717703372,3.9,0.7681145747868608,0
719,0.9386654392288607,0.02484284554981548,0.015467347619015604,0.006587749078802344,0.0005470431685069873,0.0002895336094963729,100.0,0.0,63.25,3.404041715373065,1.075,0.23848480035423641,4.2,0.5099019513592784,0
720,0.9390170079749952,0.0230218745548044,0.016106713508094717,0.006236319098806447,0.0005429223218574872,0.0002637575013042635,100.0,0.0,63.55,1.8020821290940099,1.0,0.0,4.25,0.5361902647381804,0
721,0.9385474224697706,0.01699382853728427,0.016942538916087345,0.005181117525683145,0.000522915045969692,0.000175949342840889,100.0,0.0,63.55,2.1788758569500923,1.025,0.10897247358851683,4.4,0.58309518948453,0
722,0.9374421930403252,0.022617948710691272,0.016719859463020535,0.0061891960495894256,0.0005430021731877157,0.000233649631438953,100.0,0.0,63.2,3.0757112998459397,1.05,0.21794494717703372,4.3,0.6403124237432849,0
723,0.9380523386367712,0.02406885017647043,0.015622635638263025,0.0057572751748511675,0.000555847462211246,0.0002543307257085888,100.0,0.0,63.6,2.615339366124404,1.05,0.21794494717703372,4.35,0.7921489758877431,0
724,0.9347870256300277,0.025368925222827375,0.015944776771707754,0.006475060630933459,0.0005865926650803013,0.00026033955470281504,100.0,0.0,63.7,2.3895606290697042,1.1,0.3,4.2,0.9797958971132712,0
725,0.9347645255393697,0.024697667566120025,0.01446805192543851,0.005602159819953386,0.0006230323558581592,0.000258100910492132,100.0,0.0,63.3,3.0675723300355937,1.075,0.23848480035423641,4.4,0.8602325267042626,0
726,0.939737052191651,0.0263450287427433,0.014188167503663012,0.006921087763415826,0.0005494482541507238,0.0002898308336531447,100.0,0.0,62.75,3.191786333700926,1.2,0.3674234614174767,4.05,0.6689544080129826,0
727,0.9417041323649966,0.02507291978783589,0.01444474905496943,0.006566398348869298,0.0005180639168490103,0.00027710907305987184,100.0,0.0,62.6,2.8530685235374214,1.025,0.10897247358851683,4.05,0.739932429347437,0
728,0.9437919014343443,0.02032273423740891,0.013642918979082411,0.007251037353159829,0.0004993816960123798,0.00023389381093152174,100.0,0.0,62.95,3.3537292675468007,1.075,0.23848480035423641,4.25,0.5361902647381804,0
729,0.9448611855551544,0.02259685798703465,0.012475652406384218,0.007432024596790357,0.0005010269880312722,0.0002469787476817972,100.0,0.0,63.15,2.6509432283623124,1.075,0.23848480035423641,4.45,0.8046738469715541,0
730,0.9455071322659162,0.016297140484213345,0.012445725706298736,0.007274825171014172,0.0004951523943660305,0.00019174118128226694,100.0,0.0,63.3,2.8478061731796287,1.075,0.23848480035423641,4.3,0.9539392014169457,0
731,0.9461523110911267,0.01906075387630251,0.012972119025616824,0.006338536867160534,0.0004843345896164683,0.0001942211102312318,100.0,0.0,63.45,2.9406631905065233,1.0,0.0,4.1,0.7681145747868608,0
732,0.9431247991830274,0.019803739983936742,0.013802424824942603,0.005349983155824979,0.000525529796939033,0.00024572261993783157,100.0,0.0,63.55,3.0736785778607367,1.05,0.21794494717703372,4.05,0.6689544080129826,0
733,0.9403732723282255,0.025401970853011706,0.013445921362605561,0.005778504681276304,0.0005628203687190454,0.0003317841134794713,100.0,0.0,62.85,4.80910594601533,1.1,0.3,4.4,0.66332495807108,0
734,0.9406244051111458,0.020226773309730026,0.015357517864559633,0.0053342407254258935,0.0005265497398925139,0.0002056722068726697,100.0,0.0,62.95,3.3686050525402944,1.0,0.0,4.35,0.7262919523166975,0
735,0.9391509525316675,0.02385696495948975,0.015446679898520086,0.006195481375635877,0.0005458914658465003,0.0002713969038962834,100.0,0.0,62.15,2.4753787588973126,1.225,0.40233692348577704,4.2,0.6782329983125269,0
736,0.9427765829281173,0.02164239467008216,0.014955643800331677,0.00690092414526316,0.0004983275078096882,0.0002531985065548478,100.0,0.0,64.1,2.844292530665578,1.0,0.0,3.85,0.47696960070847283,0
737,0.9471236546669122,0.020753795024081183,0.014316845283103128,0.006994338861352455,0.0004572260545328705,0.0002327782813384815,100.0,0.0,63.7,3.1480152477394387,1.025,0.10897247358851683,4.5,0.806225774829855,0
738,0.9435823781013625,0.020422002837279185,0.014746908263249503,0.006209564885721022,0.0004997457643148636,0.00023909761544462483,100.0,0.0,63.65,3.1666228067138023,1.0,0.0,4.15,0.653834841531101,0
739,0.944570747128466,0.01603682561160715,0.014151208318481014,0.006753905481821486,0.0004907132333730678,0.0001832724626930289,100.0,0.0,63.9,3.345145736735546,1.05,0.21794494717703372,4.15,0.9096702699330127,0
740,0.9449326541132249,0.017715167930307456,0.014498010696770064,0.006759766778148827,0.00048659178996891887,0.00017971297477697786,100.0,0.0,64.4,2.8178005607210737,1.0,0.0,4.25,0.5361902647381804,0
741,0.9456333122567522,0.02084106031092011,0.014434347536487957,0.006806294045077123,0.0004761455089699054,0.00027311476453653676,100.0,0.0,63.6,3.8131351929875237,1.05,0.21794494717703372,4.55,0.7399324293474372,0
742,0.943298816266128,0.024081058790339897,0.016304821516666415,0.007325120287823172,0.0004721126371812955,0.0002541054347706317,100.0,0.0,63.05,1.9868316486305526,1.075,0.23848480035423641,4.45,0.5894913061275798,0
743,0.9453609952950828,0.022765286775066666,0.015470326189516676,0.006188157045845322,0.00047562956056567253,0.0002503034228428258,100.0,0.0,64.8,2.803569153775237,1.0,0.0,4.3,0.9,0
744,0.9466736548662267,0.019238007474931484,0.014329547991574456,0.006483966834361826,0.00046588536377268063,0.00019572465073316775,100.0,0.0,62.95,2.6358110706194404,1.075,0.23848480035423641,4.3,0.714142842854285,0
745,0.947379719064919,0.019319430567409375,0.013995988453562027,0.0068485329832220715,0.0004556956217234206,0.0002029477125612597,100.0,0.0,63.75,3.0475399915341552,1.1,0.3,4.15,0.7262919523166975,0
746,0.9446318068383519,0.020228445930544955,0.012439752507660926,0.006876854936690152,0.0005171995959358352,0.00022635983224132737,100.0,0.0,63.4,2.4979991993593593,1.0,0.0,4.2,0.39999999999999997,0
747,0.9439772330620342,0.017296538119764303,0.01407562133565354,0.005178798175584076,0.0005084565050968937,0.00022864087883418216,100.0,0.0,62.6,3.4698703145794947,1.0,0.0,4.65,0.9096702699330126,0
748,0.9463168566841013,0.01709587771575268,0.014042882677453086,0.005993563747773745,0.00047092803523138824,0.00019536239342018692,100.0,0.0,62.35,3.1507935508376295,1.125,0.3112474899497183,4.45,0.7399324293474372,0
749,0.9478849167777614,0.01588709491883415,0.014439576068947996,0.005987621801054241,0.0004543585032647082,0.00015627748476673093,100.0,0.0,64.25,2.5074887836239665,1.0,0.0,4.25,0.5361902647381804,0
750,0.9493933110179713,0.017443092917398935,0.014059904641389284,0.0056818253924303406,0.00043636110691296586,0.00017206753665657755,100.0,0.0,63.55,3.5422450508117027,1.125,0.3112474899497183,4.25,0.6224949798994366,0
751,0.9436815004399698,0.01837805466647105,0.014575902372256306,0.005703515274656323,0.0004991236031190625,0.00019650876212644328,100.0,0.0,64.8,3.1240998703626612,1.05,0.21794494717703372,3.95,0.6689544080129827,0
752,0.9458940579811447,0.018665910634068413,0.014640612640058646,0.005109125072849149,0.00047103108155038283,0.00019505277711120725,100.0,0.0,64.55,2.7834331319433563,1.0,0.0,4.2,0.5099019513592784,0
753,0.9433033515822897,0.024209486904593125,0.014799437419460618,0.006904781247585246,0.0004903179021755221,0.00023473337479855912,100.0,0.0,62.7,3.0838287890218554,1.125,0.3112474899497183,4.0,0.7071067811865476,0
754,0.945114566615658,0.021432322326477772,0.014000353990709532,0.007033590608885136,0.00048058243703054317,0.00020686663990218448,100.0,0.0,63.2,3.6687872655688283,1.175,0.36314597615834876,4.4,1.0198039027185568,0
755,0.9459365350596766,0.023501244570401935,0.014494459968689869,0.007342247106802322,0.0004598568755524008,0.0002153337402066718,100.0,0.0,63.4,3.1048349392520045,1.0,0.0,4.3,0.6403124237432849,0
756,0.9438317241429759,0.02035411250733541,0.015069473570836,0.006659083940876972,0.0004823254629465064,0.0001852889487145841,100.0,0.0,63.0,2.8809720581775866,1.0,0.0,4.6,0.8602325267042626,0
757,0.9463818432382842,0.02163980232525732,0.015050321754951529,0.007138051433845072,0.0004477245630142601,0.00020562719083029658,100.0,0.0,63.85,2.7977669667075564,1.125,0.3112474899497183,4.0,0.7745966692414834,0
758,0.9498437729469321,0.021240965783336216,0.014418005328899997,0.006998899870419173,0.00042062338225495286,0.00020303247096925306,100.0,0.0,63.15,3.1348843678834477,1.15,0.32015621187164245,4.0,0.6324555320336759,0
759,0.9477510565613001,0.018547729701718845,0.013837792673142243,0.0065375203439794515,0.0004553873948196234,0.00018666732416820406,100.0,0.0,64.05,2.5194245374688244,1.05,0.21794494717703367,4.2,1.0770329614269007,0
760,0.9485204438836463,0.021562594230713553,0.014061424976982683,0.006484631502075635,0.0004457545221280314,0.00020984682913909475,100.0,0.0,63.55,3.089902911096076,1.075,0.23848480035423641,4.3,0.714142842854285,0
761,0.9481348036059403,0.02271265554575086,0.014779211117536698,0.006925640053423107,0.0004390314055555289,0.00023167952298181062,100.0,0.0,62.05,4.684815898197067,1.175,0.36314597615834876,4.1,0.6244997998398398,0
762,0.9425593875446087,0.023287045153524567,0.014313174527332943,0.006422345205756292,0.0005177176006585871,0.00024987984218693244,100.0,0.0,62.25,3.7399866309921483,1.15,0.3570714214271425,4.1,0.8306623862918074,0
763,0.9424750341401568,0.02272842897035617,0.014902169630636725,0.0061384774149771115,0.0005060654245450972,0.00023577107930649533,100.0,0.0,63.75,3.476708213238494,1.15,0.3570714214271425,4.1,0.6244997998398398,0
764,0.9432606447322778,0.02025980596191248,0.014623928903182603,0.006092066124094766,0.0004962973328294961,0.00019078165588108732,100.0,0.0,63.05,2.1788758569500923,1.0,0.0,4.0,0.4472135954999579,0
765,0.9411582682487232,0.02578383903493883,0.013556308546084037,0.006027353407812054,0.0005407487753292163,0.00025006916360266175,100.0,0.0,63.7,2.5709920264364885,1.0,0.0,4.05,0.5894913061275798,0
766,0.9441968665260468,0.021395119978985647,0.012677258372237207,0.00682003128181327,0.0005048870424872466,0.00023272379060415436,100.0,0.0,63.55,2.3973944189473704,1.125,0.3112474899497183,4.15,0.5722761571129799,0
767,0.9416629866542833,0.0224892510080107,0.011271105806019959,0.006850503073053811,0.0005592762248213064,0.0002732893006101953,100.0,0.0,63.6,3.3376638536557275,1.1,0.3,4.25,0.698212002188447,0
768,0.9430100849188818,0.023970802531386066,0.01136859172589465,0.006573532622125801,0.0005466722086994866,0.00030685523687245267,100.0,0.0,63.2,2.249444375840399,1.0,0.0,4.2,0.812403840463596,0
769,0.9401829886486006,0.020549015402150286,0.012666794932458713,0.007368986476858145,0.0005543559170910422,0.00024168173474175557,100.0,0.0,63.55,2.4387496796514396,1.0,0.0,4.4,0.7999999999999999,0
770,0.9392250262964161,0.019406200281170453,0.013452910729081719,0.00787223088938503,0.0005495954973434043,0.00023431265931661435,100.0,0.0,63.55,3.4128433893163046,1.0,0.0,4.45,0.9205976319760985,0
771,0.9370438998214914,0.027390410880095587,0.012611990391127,0.008243487481750106,0.0005820111744296331,0.0002899340862732463,100.0,0.0,64.1,3.6728735344413916,1.075,0.23848480035423641,4.3,0.8426149773176358,0
772,0.940961785479719,0.02568985873593111,0.011606226340890046,0.0076143195431761035,0.0005532301858369858,0.00027309471788456536,100.0,0.0,64.55,3.2011716605018234,1.075,0.23848480035423641,4.15,0.7921489758877431,0
773,0.942330944175378,0.025681807950396176,0.011254679228073331,0.007670591377148,0.0005457876447411185,0.0002471186077368912,100.0,0.0,63.4,3.903844259188627,1.1,0.3,4.3,0.7810249675906654,0
774,0.9403973876422611,0.025133766794830516,0.010699337774489587,0.007116630314464665,0.0005791705369100976,0.00026957816350992275,100.0,0.0,64.1,3.080584360149872,1.0,0.0,4.05,0.6689544080129826,0
775,0.9411879307568585,0.021637116521634227,0.012083691228732166,0.006264792477336247,0.0005598111714087538,0.00023225927247486736,100.0,0.0,63.5,2.7838821814150108,1.0,0.0,4.1,0.6244997998398398,0
776,0.942375969150578,0.029245376519498868,0.011510071634744283,0.007247092944549509,0.0005505258394538651,0.00032726776764072226,100.0,0.0,63.0,2.345207879911715,1.0,0.0,4.05,0.6689544080129826,0
777,0.9375027649256079,0.02551862893633077,0.012403104687814744,0.007458087055676546,0.0006096294296943049,0.000310999547520282,100.0,0.0,62.6,3.1208973068654475,1.15,0.3570714214271425,4.6,0.7348469228349535,0
778,0.9412823654828714,0.021472090339126917,0.012238290549857849,0.007982589678399916,0.0005554960546165138,0.00026293823511635466,100.0,0.0,62.45,2.7654113618049667,1.125,0.3112474899497183,4.1,0.6244997998398398,0
779,0.9444511819329555,0.02446170707485655,0.012141975472689973,0.007785863331481539,0.000512965815945615,0.00027684905208814816,100.0,0.0,64.25,2.342541355024496,1.05,0.21794494717703372,4.1,0.7681145747868608,0
780,0.9454977203062785,0.025552995101795227,0.010842306770567252,0.00808433175588383,0.0005195973382436825,0.00027345459554375885,100.0,0.0,63.65,3.424543765233553,1.1,0.3,4.2,0.6,0
781,0.9449350280009112,0.024941424366886622,0.011015965369851369,0.007718187569902486,0.0005321069873384966,0.00028500057733658727,100.0,0.0,63.6,3.1685959035509725,1.05,0.21794494717703372,4.1,0.7000000000000001,0
782,0.944122149854504,0.02581087912067495,0.01062077439896333,0.008008858288999884,0.0005411578483026016,0.0002922835416620901,100.0,0.0,63.1,2.6057628441590768,1.0,0.0,4.4,0.66332495807108,0
783,0.9414739123267214,0.028121414477206563,0.010775572916428796,0.0068370339090368815,0.0005869966337011612,0.00035123971264439525,100.0,0.0,63.3,3.4655446902326914,1.1,0.3,4.1,0.5385164807134504,0
784,0.9447546822494542,0.022778674037646374,0.012180309861879337,0.006754448762217272,0.0005188794672672421,0.0002490466010917256,100.0,0.0,64.4,2.956349099818896,1.025,0.10897247358851683,3.95,0.6689544080129826,0
785,0.9405402593867208,0.022397587067024133,0.012406694559728988,0.005663552369431671,0.0005737366263476582,0.00028418680981176297,100.0,0.0,64.3,2.3473389188611007,1.0,0.0,4.15,0.6538348415311012,0
786,0.9395954694886248,0.024889377310672332,0.012851340793887486,0.006638853306624827,0.0005653574595565352,0.00026805705101378986,100.0,0.0,62.65,3.1666228067138023,1.025,0.10897247358851683,4.4,0.6633249580710799,0
787,0.9431904001793857,0.022630035229827112,0.012564665422745236,0.006279568131293346,0.000525004056625925,0.000271382827223752,100.0,0.0,63.95,2.0365411854416298,1.0,0.0,4.05,0.3840572873934304,0
788,0.9422361072921284,0.018865876027757286,0.012571546449188172,0.0055543305535958355,0.0005458840927163592,0.0002300603035208303,100.0,0.0,64.6,2.4779023386727737,1.0,0.0,4.1,0.7,0
789,0.9410063990174512,0.019249788748863794,0.01271375070036287,0.00570919512945109,0.000552147459943174,0.00023167523091781987,100.0,0.0,63.95,2.9236107812087435,1.025,0.10897247358851683,4.0,0.6324555320336759,0
790,0.9400344872034756,0.019294973437003874,0.012574505866922502,0.0055936962279557545,0.0005663958247339453,0.00024290341492998755,100.0,0.0,64.35,3.118894034750139,1.075,0.23848480035423641,4.1,0.7681145747868608,0
791,0.9386546573380491,0.02246544136770165,0.011636407963875536,0.005986716967179424,0.0005881960210829863,0.0002658625700282048,100.0,0.0,62.95,2.7472713735632306,1.0,0.0,4.25,0.82915619758885,0
792,0.9364374667009157,0.020405437764746005,0.012088880573158756,0.0059689265965160885,0.0006136117481190888,0.0002342581653702075,100.0,0.0,62.45,2.923610781208744,1.175,0.36314597615834876,4.35,0.9630680142129111,0
793,0.9350275285532759,0.02379903819381141,0.012834175200721377,0.006740761119844942,0.0006116652960346118,0.00025183526621559753,100.0,0.0,62.35,2.8857408061016154,1.15,0.3570714214271425,4.2,0.6782329983125269,0
794,0.9381342929851758,0.02169702044761639,0.010486983367000224,0.006079952908306724,0.0006066995739928049,0.00022740369202860295,100.0,0.0,64.6,3.4698703145794942,1.15,0.3570714214271425,4.15,0.653834841531101,0
795,0.9396594483275539,0.019028281304596387,0.010140386521354237,0.006221684537595734,0.000594630518620049,0.00022598129854526432,100.0,0.0,63.65,2.669737814842499,1.05,0.21794494717703372,4.3,0.5567764362830021,0
796,0.942185199366557,0.017540000757696045,0.010609377968761305,0.005624574017548301,0.0005649424097165556,0.00019778559267011347,100.0,0.0,64.15,4.304358256465184,1.1,0.3,4.2,0.6782329983125268,0
797,0.9423866320050422,0.020270969122119363,0.010948810033450282,0.005975521105513881,0.0005538305972371008,0.00024378717766405017,100.0,0.0,63.05,3.1855140872392953,1.1,0.3,4.55,0.8645808232895291,0
798,0.9401896907109265,0.020606009174580248,0.011309548843653518,0.005849428244189564,0.0005898546454400961,0.00023009015642808746,100.0,0.0,62.4,3.184336665618132,1.05,0.21794494717703372,4.75,0.7664854858377946,0
799,0.9380105386216847,0.02387628272623397,0.010216770678851055,0.004972263566131691,0.0006422033335994219,0.00027858971502173294,100.0,0.0,62.5,2.9410882339705484,1.05,0.21794494717703372,4.45,0.6689544080129827,0
800,0.9403156893666754,0.025184820068466243,0.009801203201368854,0.004965785728821058,0.0006079060661745592,0.0002786829539819334,100.0,0.0,63.5,2.9916550603303182,1.025,0.10897247358851683,4.4,0.4898979485566356,0
801,0.9375154198095711,0.027868928116645396,0.01034784488441689,0.006264397814174041,0.0006279494539087279,0.0003317994568220914,100.0,0.0,63.05,2.4591665254715873,1.05,0.21794494717703372,4.15,0.6538348415311012,0
802,0.9394475074188888,0.02804818026984737,0.01094352865298161,0.006144491368550762,0.0005950498953266542,0.0003125751989155378,100.0,0.0,63.7,2.9342801502242426,1.1,0.3,4.1,0.8306623862918076,0
803,0.9376383442641016,0.028557254108862815,0.009314290657492726,0.004682075916590596,0.0006424888786434831,0.0003327091652690825,100.0,0.0,63.45,3.2935543110748915,1.075,0.17853571071357124,4.15,0.5722761571129799,0
804,0.93859344765232,0.02963869957565855,0.01053413723333917,0.005049523003468899,0.0006194654121367871,0.00030725218373965673,100.0,0.0,63.65,3.395217224272992,1.125,0.3112474899497183,3.8,0.5099019513592784,0
805,0.9381192428744521,0.02500970597798641,0.010802422816617446,0.006151350582956402,0.0006113352581430705,0.0002577475864632299,100.0,0.0,62.9,3.3000000000000003,1.075,0.23848480035423641,4.45,1.0712142642814275,0
806,0.9345331006977327,0.02217578336842511,0.010962477058606418,0.0061728102008637604,0.0006524684594524806,0.00024155012127596506,100.0,0.0,64.05,3.278337993557101,1.05,0.21794494717703372,4.0,0.6324555320336759,0
807,0.9344422356149831,0.020659808445988886,0.010876241910876034,0.006417838840498978,0.0006511512357033309,0.00023375287285644044,100.0,0.0,63.75,2.8262165522125158,1.0,0.0,4.4,0.6633249580710799,0
808,0.934309986761716,0.02328406609704338,0.012571503995283539,0.006169876261289359,0.0006317062790284081,0.0002536003308935851,100.0,0.0,63.4,2.4372115213907883,1.05,0.21794494717703372,4.15,0.7262919523166976,0
809,0.9319154109535785,0.02162769051518414,0.013720088109811582,0.0063087182756112045,0.0006430777731254386,0.00022484715519150285,100.0,0.0,63.7,3.407345007480164,1.0,0.0,4.35,0.5722761571129799,0
810,0.9347028560349695,0.021508674788254287,0.013315480617590927,0.005173467564737219,0.0006237875827254222,0.00021473273048282218,100.0,0.0,63.65,2.868361901852693,1.05,0.21794494717703372,4.25,0.8874119674649424,0
811,0.9407569819033224,0.02013805870945849,0.013302335946064604,0.005505615304052388,0.0005573309796107118,0.00018933821196750368,100.0,0.0,62.8,2.8913664589601917,1.0,0.0,4.25,0.7664854858377946,0
812,0.9412958697350028,0.023531389714900326,0.012722810818151792,0.006294399403003833,0.0005528147022750599,0.0002176131305536429,100.0,0.0,64.4,3.6110940170535573,1.05,0.2179449471770337,4.15,0.8529361054615991,0
813,0.943851789299788,0.024497448271573512,0.012490539252499166,0.007820611103323447,0.0005081015385584739,0.00019255762168229998,100.0,0.0,63.25,2.662235902394827,1.0,0.0,4.3,0.9539392014169457,0
814,0.9449282450693597,0.022033664997974642,0.012147193957868882,0.007742582925603006,0.0005002360421068493,0.00016056339408412426,100.0,0.0,63.05,3.3537292675468007,1.05,0.21794494717703372,4.3,0.714142842854285,0
815,0.9426815866137858,0.025921072052705246,0.01232683777244213,0.00789332151910182,0.0005234953167647096,0.00022486349924902388,100.0,0.0,63.85,2.8857408061016154,1.0,0.0,4.15,0.7921489758877431,0
816,0.9442729885135972,0.02533046295803575,0.012776084081921546,0.007004314818240385,0.0005057923799708356,0.00021859369193214374,100.0,0.0,64.75,2.5074887836239665,1.075,0.17853571071357124,3.95,0.5894913061275798,0
817,0.9477645987107672,0.024523291788776647,0.011630967273108616,0.007368884020229065,0.00047919213008770274,0.00022471477722428007,100.0,0.0,64.05,3.7745860700214533,1.125,0.3112474899497183,4.05,0.5894913061275798,0
818,0.9483092205734632,0.023234906414608597,0.012667550908099064,0.0069056998357013835,0.00046724206630598353,0.00022512263715638087,100.0,0.0,63.35,2.4550967394381837,1.0,0.0,3.95,0.49749371855331,0
819,0.94577552748255,0.021868680403646142,0.012015293413737119,0.007197747861217785,0.0004968838105005923,0.0002218202510205372,100.0,0.0,62.25,2.913331426391443,1.05,0.21794494717703372,4.5,1.02469507659596,0
820,0.9455095132061221,0.021900984661332716,0.011996130139693402,0.006485006800586661,0.0005052770745551978,0.00023226396934545866,100.0,0.0,64.3,3.4365680554879163,1.05,0.21794494717703372,4.1,0.6244997998398398,0
821,0.9436708850031639,0.024375596943130462,0.012260094579676573,0.006182861277260047,0.0005308815468280745,0.00025651941176789395,100.0,0.0,62.65,3.08666486681013,1.05,0.21794494717703372,4.25,0.6224949798994366,0
822,0.9462950633113157,0.021617952879672154,0.012473872072728534,0.006002013953547555,0.0005101095813129215,0.00025164970449844645,100.0,0.0,63.7,2.703701166919155,1.15,0.32015621187164245,4.2,0.6782329983125268,0
823,0.9452405345219417,0.025746405022209137,0.011304568437522814,0.0066885317965966725,0.0005213634012259701,0.0002764957256449598,100.0,0.0,63.05,3.3387872049593095,1.2,0.4,3.95,0.5894913061275798,0
824,0.9447284830987085,0.030010754708985385,0.011082184414803273,0.00800578636679425,0.0005231490524382209,0.0003196907701165987,100.0,0.0,62.7,3.287856444554719,1.05,0.21794494717703372,4.25,0.698212002188447,0
825,0.9471212408725392,0.02332482238680259,0.012135351017414291,0.007026545935943402,0.00048710249029226946,0.0002310550761541343,100.0,0.0,62.65,3.439113257803529,1.2,0.4,4.25,0.698212002188447,0
826,0.9459949445089133,0.021018517350002295,0.011615212468634003,0.007476425012482563,0.0005027135365520326,0.00019249323808614175,100.0,0.0,63.05,4.153010955921017,1.15,0.3570714214271425,4.2,0.812403840463596,0
827,0.9494729631802284,0.019049738074469715,0.01089838988568298,0.007130835717120194,0.00046564036716366137,0.00018601967234770374,100.0,0.0,63.8,2.1354156504062622,1.025,0.10897247358851683,4.35,0.6538348415311012,0
828,0.9472779409107284,0.020515250050071644,0.011727468769680529,0.00662501191522589,0.00048533883372193403,0.00021574200250770883,100.0,0.0,63.15,3.08666486681013,1.025,0.10897247358851683,4.0,0.6324555320336759,0
829,0.9452047885387651,0.020940728697683868,0.011825453213657786,0.005597339584024841,0.0005154987204764928,0.00022780000388765344,100.0,0.0,63.2,3.5721142198983498,1.15,0.3570714214271425,4.4,0.6633249580710799,0
830,0.9441317499347452,0.020600959718246208,0.012800429172035504,0.005104350317152711,0.0005206709659653624,0.00022712186691524548,100.0,0.0,62.6,2.8530685235374214,1.1,0.3,4.3,0.7810249675906654,0
831,0.9475147027056922,0.023422818267982124,0.01140605859650163,0.004700074990296465,0.00049328985012634,0.00026949694192162835,100.0,0.0,63.6,2.973213749463701,1.025,0.10897247358851683,4.5,0.9219544457292888,0
832,0.9513233738008606,0.026478822772027164,0.010975246003202042,0.005741045064300858,0.00044698617274608715,0.0003016894107676536,100.0,0.0,62.9,2.5865034312755126,1.05,0.21794494717703372,4.45,0.7399324293474372,0
833,0.9500025419204089,0.02618275034314847,0.010420823497141888,0.005226366350590793,0.0004802724162008055,0.0003035334986219451,100.0,0.0,63.1,2.4677925358506134,1.0,0.0,4.4,0.7999999999999999,0
834,0.9470160708184195,0.028861950674544393,0.010124739483019679,0.004626116541302528,0.0005213121980353858,0.00032491948394495465,100.0,0.0,63.55,3.4128433893163046,1.075,0.23848480035423641,3.95,0.6689544080129827,0
835,0.9434671000964698,0.02994183610053395,0.010817762649132095,0.00482697696927939,0.0005503356274996782,0.00031640730149598475,100.0,0.0,64.5,3.263433774416144,1.05,0.21794494717703372,4.3,0.714142842854285,0
836,0.9440139121383586,0.02385853460688544,0.010015952911606174,0.004812981059470297,0.0005540663480151587,0.00024736791737200433,100.0,0.0,63.25,3.222964473896664,1.0,0.0,4.25,0.6224949798994366,0
837,0.9489626721654529,0.026442875053437787,0.009609988602781096,0.004665041030324474,0.0005066127616662878,0.00030347879964947173,100.0,0.0,63.1,2.0712315177207983,1.125,0.3112474899497183,4.15,0.7262919523166975,0
838,0.9449967669168806,0.02463993125503766,0.010736981780608008,0.004516632799582225,0.0005401260210462317,0.0002902938449501696,100.0,0.0,63.25,2.9811910371527683,1.05,0.21794494717703372,4.15,0.5722761571129799,0
839,0.949715788001706,0.02443428286451185,0.010472343333783572,0.004665694037991091,0.00048712601589049817,0.0002750788961247855,100.0,0.0,62.25,2.6433879775772606,1.1,0.3,4.35,0.7262919523166975,0
840,0.9442660458015879,0.02942343154049384,0.01055779201765444,0.004810536010925891,0.0005679459967355608,0.00037033262937509795,100.0,0.0,63.5,2.224859546128699,1.05,0.21794494717703372,4.35,0.5722761571129799,0
841,0.9454523890418057,0.029956660799880186,0.011418110832473339,0.005641491677398778,0.0005305790468011944,0.00035257272746393474,100.0,0.0,62.5,2.224859546128699,1.05,0.21794494717703367,4.3,0.714142842854285,0
842,0.9435098212981232,0.03135654657368355,0.011450851817068468,0.005780760579887153,0.0005489314470897473,0.00035376452064352396,100.0,0.0,62.95,4.09237095092808,1.15,0.3570714214271425,4.3,0.9,0
843,0.9374368455943983,0.027351401265868002,0.013095571748450524,0.005715419614281269,0.0006008610246294888,0.00029710067844306606,100.0,0.0,63.1,3.1448370387032774,1.025,0.10897247358851683,4.3,0.7810249675906654,0
844,0.9400363565443227,0.023735965089855666,0.012329679093450405,0.0055857968344648085,0.0005796399501374709,0.0002557046371366919,100.0,0.0,63.25,3.7399866309921483,1.15,0.3570714214271425,4.2,0.5099019513592784,0
845,0.9365913673045636,0.027459511674129043,0.013687815041459475,0.004985438840034876,0.0006055375827238512,0.0002979466234395603,100.0,0.0,63.45,2.4794152536434875,1.125,0.3112474899497183,3.95,0.7399324293474371,0
846,0.9389655876656151,0.028247728127433747,0.01376199606971315,0.004270425674342883,0.0005723412053596353,0.0003187823973872721,100.0,0.0,63.8,2.6,1.05,0.21794494717703372,4.0,0.6324555320336759,0
847,0.9362045547662416,0.026716380920091248,0.014821724202662423,0.004842655927678377,0.0005841141677456331,0.00029272898289054464,100.0,0.0,63.75,2.426417111710186,1.0,0.0,4.3,0.6403124237432849,0
848,0.9402609277547611,0.024425859262342853,0.014371465472985063,0.0054772044202420975,0.0005429416401865563,0.0002839685423149394,100.0,0.0,63.8,2.9257477676655586,1.1,0.3,3.95,0.49749371855331004,0
849,0.9420756049854297,0.02187963956741049,0.013222752290109992,0.006067922802484929,0.00053149442382621,0.00022815005753777887,100.0,0.0,62.9,2.7367864366808012,1.05,0.21794494717703372,4.55,0.8046738469715542,0
850,0.940929734527662,0.0220642234694117,0.013096293707441958,0.0058234890066743115,0.0005450195584702701,0.00021370416857476068,100.0,0.0,64.25,3.7798809505062456,1.0,0.0,4.1,0.7000000000000001,0
851,0.9400238383552824,0.020419450732681598,0.012787370321132033,0.00663763218213737,0.0005571291327190396,0.00019275360637654039,100.0,0.0,63.75,2.426417111710186,1.0,0.0,4.1,0.6244997998398398,0
852,0.9391746949827153,0.02362971382441352,0.012745164736459097,0.006330258234586926,0.0005692919434669414,0.0002412234388523211,100.0,0.0,63.5,3.442382895611701,1.0,0.0,4.2,0.6,0
853,0.935383071960386,0.023797689564859344,0.013015340077420681,0.005767149944131512,0.0006171918469283608,0.000257351992614657,100.0,0.0,64.4,2.0591260281974,1.0,0.0,4.0,0.5477225575051661,0
854,0.9352611166219237,0.02279597469874879,0.012730610968992811,0.006240448372670348,0.0006167836200931913,0.0002348069693799938,100.0,0.0,63.35,3.1666228067138023,1.1,0.3,3.95,0.9205976319760983,0
855,0.9333029962421169,0.024953147587888216,0.012730073238172953,0.006107407830878579,0.0006438263718278301,0.00026849268926595356,100.0,0.0,63.75,3.4478254016118624,1.1,0.3,4.15,0.6538348415311009,0
856,0.9352065894182113,0.021499318168632417,0.013064258004321533,0.006061012120303908,0.0006164241424828193,0.0002457217460543423,100.0,0.0,63.9,1.8681541692269403,1.0,0.0,4.05,0.49749371855331004,0
857,0.9392514362016142,0.016903662727189992,0.013563337262678374,0.006052602906262993,0.000556474098471654,0.00020783127132916013,100.0,0.0,63.05,3.3087006513131403,1.1,0.3,4.1,0.6244997998398398,0
858,0.9382951913432128,0.018997671241130533,0.013987487352104536,0.0048016174674867795,0.0005717786990368928,0.00023641804168131556,100.0,0.0,63.6,3.813135192987524,1.075,0.23848480035423641,4.1,0.5385164807134504,0
859,0.9349071098094572,0.021940129812292288,0.013825272509333483,0.004164800333691346,0.0006226095418578295,0.0002951944943853706,100.0,0.0,62.6,3.2619012860600183,1.1,0.3,4.3,0.8426149773176358,0
860,0.9372713680380885,0.021092899079886332,0.012976526862056904,0.004547993398062627,0.0006064465050492596,0.0002623318111670677,100.0,0.0,61.85,2.5743931323712,1.15,0.32015621187164245,4.4,1.019803902718557,0
861,0.9353142353836942,0.017456851656269045,0.012496659864146041,0.005885495444579597,0.000630582680274907,0.0002100644268013024,100.0,0.0,63.4,3.2465366161495854,1.1,0.3,4.3,0.6403124237432849,0
862,0.9357386024424079,0.018774278967502087,0.011258896476921536,0.006178627587618502,0.0006349783657556367,0.00025428130842416476,100.0,0.0,63.45,2.3764469276632285,1.075,0.23848480035423641,4.05,0.739932429347437,0
863,0.9369998502641508,0.013667600335793428,0.012914055235422014,0.005638813047221266,0.0006102458031992556,0.00021220708326504198,100.0,0.0,63.5,2.5,1.05,0.21794494717703372,4.15,0.653834841531101,0
864,0.9382921626864308,0.01568680548471653,0.011936463455915794,0.005313457234505372,0.0006022140961301351,0.00020495534242285214,100.0,0.0,63.9,2.7184554438136375,1.1,0.3,4.1,0.30000000000000004,0
865,0.94409521938039,0.013383149567707324,0.011707741802843473,0.0054974783872817215,0.0005266299938457293,0.00016223890843971577,100.0,0.0,63.8,3.8026306683663087,1.05,0.21794494717703372,4.2,0.812403840463596,0
866,0.9418658314665281,0.014770882163981043,0.01161326026882241,0.005186604453617173,0.0005563762204223345,0.00016815739821322042,100.0,0.0,63.65,2.815581645060217,1.075,0.23848480035423641,4.35,0.963068014212911,0
867,0.9405089662149919,0.017434582840780942,0.011411651684935593,0.005081050725948814,0.0005776617512075023,0.0001999137877435814,100.0,0.0,64.0,2.449489742783178,1.0,0.0,4.0,0.5477225575051661,0
868,0.9388695415274991,0.01959095274444028,0.012253064110244976,0.006062117176622105,0.0005819289458580478,0.00019708183406613774,100.0,0.0,64.0,2.32379000772445,1.0,0.0,4.25,0.6224949798994366,0
869,0.9332459844891436,0.02352118034512173,0.01355371813345758,0.00654475582828092,0.0006312720727651689,0.0002515348101077576,100.0,0.0,63.35,3.453621287865825,1.1,0.2549509756796392,4.35,0.8529361054615991,0
870,0.9373606054038953,0.024222387660880782,0.013713338407730572,0.0077380676490724385,0.0005673871227005817,0.00023359976891124769,100.0,0.0,62.05,4.06786184622831,1.275,0.43229041164476456,4.2,0.7483314773547883,0
871,0.9377901883519606,0.023562174484685172,0.014037402498336021,0.007056575565125745,0.0005693638296898002,0.00023047895336519744,100.0,0.0,64.8,3.026549190084311,1.0,0.0,3.85,0.7262919523166975,0
872,0.934937515195877,0.022468728263957728,0.01509271222961438,0.006848090028274065,0.0005870737008509123,0.0002513165036863147,100.0,0.0,62.9,2.8442925306655784,1.15,0.3570714214271425,4.15,0.5722761571129799,0
873,0.9351951571471891,0.022550149931482834,0.013720749016415956,0.0058713793679390095,0.0006163207257567988,0.00024979505258182114,100.0,0.0,63.85,2.8508770580296865,1.05,0.21794494717703372,4.2,0.6782329983125269,0
874,0.9362087727440347,0.023129241312721163,0.013831210586218381,0.0051645333880363025,0.0006057588575014403,0.0002672247726065705,100.0,0.0,64.35,3.365635155509284,1.025,0.10897247358851683,3.85,0.5722761571129799,0
875,0.9362440493890988,0.017904545581608606,0.014999750104621536,0.005306891993307489,0.0005859687823355184,0.00020711888781896516,100.0,0.0,63.95,2.654712790491657,1.0,0.0,4.35,0.653834841531101,0
876,0.9314743827685783,0.022006079693527667,0.015634498773870877,0.007007956410588751,0.0006244159471151736,0.0002087818333336596,100.0,0.0,62.9,3.345145736735546,1.15,0.3570714214271425,4.2,0.7483314773547883,0
877,0.9344948077969457,0.019556624949829897,0.015321129428345872,0.007553401607897481,0.0005810715362952496,0.0001793675580133294,100.0,0.0,63.5,3.52845575287547,1.05,0.21794494717703372,4.35,0.6538348415311012,0
878,0.9412749083219314,0.018078972918226605,0.014313511250114017,0.005760100863723988,0.0005260382163964695,0.0001796316817635694,100.0,0.0,62.15,3.5535193822462827,1.1,0.3,4.6,0.66332495807108,0
879,0.936811514286687,0.02429183259811944,0.015058001576069385,0.005775851528427697,0.0005768350980642121,0.0002659805997561094,100.0,0.0,62.8,2.580697580112788,1.075,0.23848480035423641,4.6,1.0677078252031311,0
880,0.9376566727093101,0.025967261990859154,0.014056096883659427,0.005881263014859834,0.0005827782493495445,0.0002919824424673987,100.0,0.0,63.75,2.3637893307145625,1.05,0.21794494717703372,4.3,0.6403124237432849,0
881,0.9377604673691069,0.028413095308671796,0.014334367068325322,0.006058689509358951,0.0005700281812528737,0.0002996440115448235,100.0,0.0,63.15,3.1666228067138023,1.15,0.3570714214271425,4.4,0.9165151389911679,0
882,0.9318241994561232,0.029855472299610157,0.01512802271914446,0.007709295405462423,0.0006251628355524553,0.00030106164446398097,100.0,0.0,63.2,3.0594117081556704,1.075,0.23848480035423641,4.55,0.7399324293474372,0
883,0.9331511765710493,0.03361392275192675,0.015479069818946556,0.007437730098238814,0.0005939224448658282,0.0003200330884610301,100.0,0.0,64.7,3.287856444554719,1.1,0.3,4.1,0.7,0
884,0.9337598791124575,0.03452394653065833,0.015537457134135147,0.008167830463094137,0.0005888925138147335,0.0003273380827981605,100.0,0.0,63.05,2.8892040426387333,1.05,0.21794494717703372,4.3,0.714142842854285,0
885,0.9317214550270053,0.03868296895725356,0.015260202103370252,0.007639076544082609,0.0006266532853662564,0.0004008135305606368,100.0,0.0,62.9,2.896549671592048,1.15,0.3570714214271425,4.15,0.47696960070847283,0
886,0.9298260756125785,0.042784826460273734,0.01577270448020708,0.008319626071092986,0.0006382449503711637,0.0004662506735145388,100.0,0.0,61.9,2.981610303175114,1.05,0.15,4.3,0.714142842854285,0
887,0.930707500012361,0.04581541754807575,0.015458716206501303,0.009040277606696791,0.0006192097132942617,0.0005074499887500262,100.0,0.0,63.7,3.479942528261063,1.075,0.23848480035423641,3.8,0.7483314773547883,0
888,0.9337838736549589,0.038292997642954324,0.016036596405033486,0.009945935793221143,0.0005541575178207302,0.0003506457129751471,100.0,0.0,63.15,3.102821296820041,1.125,0.3112474899497183,3.95,0.5894913061275798,0
889,0.9305193236341351,0.03590268987819824,0.01675694605668252,0.010217549791597162,0.000586258995474593,0.00032021887316993603,100.0,0.0,63.55,3.4274626183227737,1.1,0.3,4.35,0.6538348415311009,0
890,0.9320840623593005,0.03548750626860685,0.01696461980035436,0.010956443964566426,0.0005777305293707285,0.00030974435224174454,100.0,0.0,63.1,2.826658805020514,1.025,0.10897247358851683,4.4,0.4898979485566356,0
891,0.9370185766227348,0.03265370677147936,0.01694777170165563,0.009816620208428424,0.0005099545138645537,0.0002430030890474203,100.0,0.0,63.9,3.047950130825634,1.0,0.0,4.3,0.6403124237432849,0
892,0.937675300579713,0.033771038495294274,0.01602825003703354,0.010050485711627618,0.0005166854941387069,0.00027271803193061904,100.0,0.0,64.55,3.6670833096617805,1.05,0.21794494717703372,4.2,0.7483314773547883,0
893,0.9362617658766629,0.03074700754805911,0.01716391032503562,0.008271055839390102,0.0005458495400573408,0.00031193327170930894,100.0,0.0,63.25,2.2555487137279924,1.05,0.21794494717703372,4.2,0.5099019513592784,0
894,0.9409685628365582,0.033683860579571165,0.016313690070008845,0.00812346775599197,0.0004896016540436078,0.0002705027940882982,100.0,0.0,63.4,3.120897306865447,1.15,0.3570714214271425,4.2,0.7483314773547883,0
895,0.9391896793414215,0.03144289388387633,0.016522504964640288,0.00913375082621225,0.0004978996861050197,0.00025088970073622807,100.0,0.0,62.75,3.080178566252288,1.15,0.32015621187164245,3.95,0.739932429347437,0
896,0.9382210164412671,0.030674226470168736,0.015939391657775605,0.007574296347396398,0.0005281492815356354,0.00027857873430593846,100.0,0.0,63.5,3.5,1.075,0.23848480035423641,4.45,0.9733961166965893,0
897,0.939171828885021,0.030382345527920705,0.01592641838132195,0.008001728608359352,0.0005205982956957978,0.0002774374555442351,100.0,0.0,63.2,3.5298725189445577,1.1,0.3,4.45,0.8645808232895291,0
898,0.94202495126677,0.029575516790638866,0.014794595864058551,0.009382748932987501,0.00048746472569119383,0.00022778946021079596,100.0,0.0,63.8,3.295451410656816,1.05,0.21794494717703372,4.4,0.8602325267042626,0
899,0.9417615326670974,0.030983542868843403,0.013961801014451738,0.008889910884542277,0.0005077291732874682,0.00024912879766373903,100.0,0.0,63.55,3.4420197558991443,1.0,0.0,4.1,0.5385164807134504,0
900,0.9422115827289481,0.029414964336993397,0.013801966266985525,0.006831766227304366,0.0005182929501623735,0.0003006539546864577,100.0,0.0,63.4,2.989983277545211,1.1,0.3,4.1,0.7681145747868608,0
901,0.9361702943879615,0.027319599649681493,0.013527467162956799,0.005746355555086119,0.000617575400595965,0.00030855768476716533,100.0,0.0,64.2,2.6191601707417584,1.075,0.23848480035423641,4.15,0.5722761571129799,0
902,0.9394629800341955,0.027385585363324857,0.013930452701989435,0.007022499758665164,0.0005601201968492852,0.00029291341451508036,100.0,0.0,62.1,3.223352292257239,1.175,0.36314597615834876,4.3,0.5567764362830021,0
903,0.9407528206509351,0.023051530602256745,0.014719590372694758,0.006602573813521756,0.000531575902500475,0.0002588632681294782,100.0,0.0,63.75,2.2332711434127295,1.025,0.10897247358851683,4.05,0.6689544080129826,0
904,0.9468511927025322,0.02296100031309367,0.013934461901050493,0.00724649038424524,0.0004563126381985904,0.00021302832784909128,100.0,0.0,63.7,4.026164427839479,1.15,0.3570714214271425,4.1,0.5385164807134504,0
905,0.9439489754215653,0.02819350937342054,0.014177503064812072,0.007856034884894397,0.0004828939449091796,0.0002548435475158867,100.0,0.0,63.5,2.819574435974337,1.0,0.0,4.25,0.6224949798994366,0
906,0.9428915289776331,0.024048059923237566,0.014128480352485923,0.007703004556337639,0.0005027017270323362,0.0002313501761533611,100.0,0.0,62.7,2.934280150224242,1.05,0.21794494717703372,4.25,1.0897247358851685,0
907,0.939555625070178,0.023391589480881225,0.014477616302028193,0.008753481063919964,0.0005267841651798552,0.00022018880462438818,100.0,0.0,63.15,2.669737814842499,1.05,0.21794494717703372,4.25,0.5361902647381804,0
908,0.9377318249782316,0.023784268968066048,0.014766858852548604,0.008581525828843273,0.00054770243131403,0.0002768354628609583,100.0,0.0,62.65,2.7436289836637897,1.1,0.3,4.15,0.4769696007084728,0
909,0.9411252712450242,0.02137603006841672,0.014857059980525718,0.008120001490409307,0.0005068553385078052,0.00023406969803571435,100.0,0.0,62.45,3.308700651313141,1.125,0.3112474899497183,4.25,0.9420721840708386,0
910,0.9395884718833607,0.023574431885775692,0.01338501256488965,0.008296061690965978,0.0005464752215570928,0.0002739167991294054,100.0,0.0,62.4,3.839270764090493,1.225,0.40233692348577704,4.2,0.7483314773547882,0
911,0.9388778546021446,0.01977447074370051,0.013089857976964695,0.008691331093825874,0.0005549329647818322,0.00023870195005014494,100.0,0.0,62.25,3.222964473896664,1.025,0.10897247358851683,4.55,0.8046738469715541,0
912,0.9402536399310495,0.019904239188447363,0.013977324109262048,0.00955212360822691,0.0005171254982205987,0.00021356444439411996,100.0,0.0,63.9,2.5278449319529077,1.05,0.21794494717703372,4.45,0.7399324293474372,0
913,0.9391821873238196,0.018950991033509963,0.014471829089927274,0.010028842878742983,0.000515060312216112,0.00018631141071904597,100.0,0.0,63.65,2.4550967394381837,1.0,0.0,4.55,0.8046738469715541,0
914,0.9374960095693587,0.022891591195305618,0.01438742331757133,0.009324366424824978,0.0005527781971281039,0.0002484948887851431,100.0,0.0,63.65,2.6697378148424984,1.05,0.21794494717703372,4.0,0.6324555320336759,0
915,0.942928526322049,0.02395792605293252,0.0134719020502776,0.00895101487897706,0.0005078721292169376,0.0002503828359267235,100.0,0.0,62.9,2.773084924772409,1.1,0.3,4.25,1.0428326807307104,0
916,0.944853172745297,0.01966177489884883,0.013640258305957026,0.008000188592342321,0.000479196280364318,0.00023919688429727698,100.0,0.0,63.55,3.9808918598726084,1.05,0.21794494717703372,4.0,0.8366600265340756,0
917,0.9460286510037378,0.01873889744684548,0.013174417817970652,0.007285830644827554,0.0004747557341020823,0.00024022767552141816,100.0,0.0,63.8,2.8913664589601917,1.1,0.3,4.0,0.6324555320336759,0
918,0.9449684010361921,0.01776092426886618,0.013517854886247366,0.007219970330808947,0.0004896480352583221,0.0002055488936011016,100.0,0.0,63.05,3.323777970924051,1.1,0.3,4.35,0.5722761571129799,0
919,0.9430170726745629,0.017764865837786067,0.013195583736806618,0.006848813942765462,0.0005133424906703052,0.00017887552174842842,100.0,0.0,64.0,2.6832815729997477,1.0,0.0,4.3,0.6403124237432849,0
920,0.9409413880226216,0.017851606077492484,0.014085959754211438,0.007368568415340143,0.0005215336285793839,0.0001606519684900731,100.0,0.0,63.25,2.9979159427842537,1.025,0.10897247358851683,4.3,0.7810249675906654,0
921,0.9380236185546181,0.01665128911398032,0.014298119904532922,0.008578936666232941,0.0005437972364162424,0.00015643225712834324,100.0,0.0,62.95,3.840247387864485,1.1,0.3,4.3,0.8426149773176358,0
922,0.941065703929248,0.018071538230685608,0.014959190416525136,0.00956853590172985,0.0004891274061227938,0.00016818528881107524,100.0,0.0,62.35,2.7436289836637897,1.1,0.3,4.25,0.82915619758885,0
923,0.9430513371837186,0.018896274250152598,0.014249724888363352,0.007795128888714809,0.0005005991329451886,0.00026059006701323225,100.0,0.0,63.7,3.083828789021855,1.05,0.2179449471770337,3.95,0.3840572873934304,0
924,0.9419428369204667,0.020069579998086423,0.013864982381983396,0.007585682451737071,0.0005168003220109192,0.0002651795336821575,100.0,0.0,64.6,2.9899832775452104,1.0,0.0,4.1,0.6244997998398398,0
925,0.9375524571999707,0.020652021544350398,0.014768125232763833,0.007413274299971868,0.000554633192001458,0.00025663370823975,100.0,0.0,64.6,2.8705400188814645,1.05,0.21794494717703372,4.1,0.6244997998398398,0
926,0.9373922751254661,0.019884964628487548,0.014215948445487167,0.00784295515456803,0.0005606760076042109,0.0002596812148288961,100.0,0.0,63.3,2.98496231131986,1.0,0.0,4.1,0.6244997998398398,0
927,0.9343341618645076,0.020936982012558322,0.014781149830456572,0.008654207330408276,0.0005896959162928962,0.0002464888573682054,100.0,0.0,63.65,2.4550967394381837,1.025,0.10897247358851683,4.2,0.6782329983125268,0
928,0.936902165333134,0.019690702986682403,0.014820221571614955,0.008773845897298167,0.0005590899432852792,0.0002308600484170907,100.0,0.0,63.75,3.491060010942235,1.1,0.3,3.75,0.6224949798994366,0
929,0.9393825351979885,0.02031777247255243,0.01521803119976515,0.00778784347082648,0.0005265088027181284,0.00024021315835643704,100.0,0.0,63.75,2.7363296585024255,1.05,0.21794494717703372,4.2,0.6782329983125269,0
930,0.9404946037478187,0.01995679702907211,0.015655738509225907,0.006992429789116119,0.0005169813820118281,0.00025937471397520045,100.0,0.0,62.6,3.1208973068654475,1.15,0.3570714214271425,4.1,0.6244997998398398,0
931,0.9391511440755591,0.023857826009521785,0.015997330115396592,0.007520119011406383,0.0005273354560305988,0.00028391752791915545,100.0,0.0,63.45,3.353729267546801,1.0,0.0,4.3,0.6403124237432849,0
932,0.9427477114961318,0.018270048518378386,0.015122669504862542,0.006767231767751843,0.00049979739691161,0.00021883213435241238,100.0,0.0,63.25,3.207413287993925,1.05,0.21794494717703372,4.3,0.8426149773176358,0
933,0.9473112588249197,0.020519890383481138,0.013609233558797295,0.007846103126799573,0.00045778420830801063,0.00022380449901658307,100.0,0.0,63.4,3.541186241925155,1.05,0.21794494717703372,4.35,0.5722761571129799,0
934,0.9389277316476337,0.02487301567043567,0.014541205574770432,0.007641438314309872,0.0005492291110199782,0.0002727963205256064,100.0,0.0,62.4,3.2619012860600183,1.25,0.4330127018922193,4.2,0.6782329983125269,0
935,0.9410887446570888,0.02564760573609526,0.013980952243529044,0.007845226429438617,0.000520306233432638,0.00027149352674255017,100.0,0.0,63.6,2.9563490998188966,1.1,0.3,4.5,0.7416198487095663,0
936,0.9428925373218334,0.027017481762532537,0.013743885795059215,0.00786202363583542,0.0004980495894250354,0.0002893820644816248,100.0,0.0,63.5,3.248076353782343,1.125,0.3112474899497183,4.1,0.7681145747868608,0
937,0.935818426370224,0.026462843024097404,0.014358668605529767,0.007784232095399455,0.0005777824964315505,0.00030022151212458605,100.0,0.0,63.3,3.333166662499792,1.05,0.21794494717703372,4.3,0.9539392014169458,0
938,0.9371122648220735,0.02540521270226615,0.014168967573197305,0.006786136998334563,0.000565287234824392,0.0002726947564532654,100.0,0.0,64.15,3.08666486681013,1.0,0.0,4.4,0.66332495807108,0
939,0.9349279814324077,0.023985504277797817,0.01496723984180166,0.005307619638788384,0.0005931601999380637,0.0002650204948683178,100.0,0.0,64.75,2.277608394786075,1.0,0.0,4.15,0.4769696007084728,0
940,0.9331425704580957,0.023777900425267184,0.015242556825369707,0.0057028020029314605,0.0006045677473431046,0.00024961734224684506,100.0,0.0,63.25,2.947456530637899,1.0,0.0,4.2,0.7483314773547883,0
941,0.9324763488670944,0.022762706931501363,0.016150032448573482,0.0053431332895096184,0.000604668928628808,0.00026157635743895795,100.0,0.0,64.85,3.4391132578035286,1.1,0.3,4.0,0.7071067811865476,0
942,0.9310140352939371,0.023752028151462566,0.016390210892847056,0.005525712914613246,0.0006141147880675005,0.00026151975121378805,100.0,0.0,63.25,3.2996211903792836,1.05,0.21794494717703372,4.35,0.6538348415311012,0
943,0.9315886196756018,0.02325914908468735,0.01635800780586897,0.006229108130916218,0.0006006056509681506,0.00021144798703170983,100.0,0.0,63.3,2.6286878856189833,1.05,0.21794494717703372,4.4,0.8602325267042626,0
944,0.9324826472565177,0.02432933728099346,0.015256603388609824,0.006044022569598743,0.0006160620016870266,0.0002214264430801742,100.0,0.0,63.85,3.0866648668101306,1.1,0.3,4.2,0.6782329983125269,0
945,0.933404588835782,0.024688231870470173,0.014649908840466555,0.007208568910734255,0.0006121048103449849,0.00025223496317801147,100.0,0.0,65.0,3.1304951684997055,1.05,0.21794494717703372,4.3,0.9539392014169458,0
946,0.9354678232536313,0.023442698000975537,0.014166373729581294,0.007305073322404422,0.0005980985330712409,0.000235414830010318,100.0,0.0,63.5,2.9410882339705484,1.05,0.21794494717703372,4.05,0.6689544080129826,0
947,0.9371377160282947,0.022242542285840272,0.014399540428399481,0.006402221039628603,0.0005729020620277908,0.00021381837529578417,100.0,0.0,63.3,3.0182776545573144,1.075,0.23848480035423641,4.1,0.7681145747868608,0
948,0.9384625524936269,0.021456991979688457,0.014643886228369669,0.005842922633185226,0.0005561628655011859,0.00022839999490531921,100.0,0.0,62.4,2.4979991993593593,1.1,0.3,4.1,0.8306623862918076,0
949,0.9374913292282641,0.022818495609291684,0.01444107006712583,0.005774115802316709,0.0005790230574791359,0.00022697506962538358,100.0,0.0,62.7,3.536947836765479,1.05,0.21794494717703372,4.15,0.5722761571129799,0
950,0.9373525934063723,0.021549845498236526,0.014276109108396176,0.006040310677081025,0.0005836925416561913,0.0001975655605961619,100.0,0.0,62.3,3.083828789021855,1.15,0.3570714214271425,4.2,0.6782329983125269,0
951,0.9375032486851665,0.0237590793812201,0.014909335543086152,0.006582996054040768,0.000564235997987548,0.00024094295515356433,100.0,0.0,63.95,2.8013389655662877,1.0,0.0,4.45,1.0712142642814273,0
952,0.9358643771246504,0.025777560077465435,0.014855384513536846,0.005912003186328362,0.0005862360930620708,0.00024816342517271727,100.0,0.0,63.85,3.259984662540608,1.075,0.23848480035423641,4.15,0.5722761571129799,0
953,0.9404900633466087,0.020091131853000727,0.01484604304767187,0.005622763744067225,0.000526417095922542,0.00019796175221853084,100.0,0.0,62.2,2.803569153775237,1.15,0.3570714214271425,4.4,0.7999999999999999,0
954,0.9434158629963354,0.020380199822286508,0.01455123652529657,0.006074175614581879,0.0004972757042070832,0.00024225755319029122,100.0,0.0,63.35,2.9542342493444895,1.125,0.3112474899497183,4.35,1.061838029079765,0
955,0.9437470832534183,0.015584717051190756,0.015121470865735166,0.006752135276709452,0.0004783879563901805,0.0001426813372412655,100.0,0.0,63.8,3.0430248109405875,1.1,0.3,4.2,0.5099019513592784,0
956,0.9401144418295353,0.020447234632418997,0.015055743776879954,0.007081936402639135,0.0005288965887941499,0.00020836865955590992,100.0,0.0,63.55,2.6734808770589704,1.0,0.0,4.25,0.7664854858377946,0
957,0.93969915013133,0.022185201960344503,0.015854260831162748,0.006676663201729381,0.0005158677193268303,0.00024974088263032357,100.0,0.0,63.65,2.4753787588973126,1.05,0.21794494717703367,4.2,0.7483314773547882,0
958,0.9435884908873928,0.01729037362214447,0.01421043951428331,0.006347987373030445,0.0004960589851169517,0.00021817036489796293,100.0,0.0,63.75,2.5273503912200224,1.05,0.21794494717703372,4.55,0.8046738469715541,0
959,0.9424778017866163,0.015514016186346923,0.015149384937481655,0.006392189212645748,0.0004987183668860333,0.00019060841980358503,100.0,0.0,63.35,3.8765319552404045,1.1,0.3,4.25,0.698212002188447,0
960,0.9424307315636739,0.019169900353586865,0.015490637138930619,0.006682502109089015,0.0004891943536543596,0.00019715653131006572,100.0,0.0,62.55,2.7106272336859605,1.05,0.21794494717703372,4.3,0.8426149773176358,0
961,0.9459639254012403,0.02038892509082453,0.016200020995638283,0.0074679036050266856,0.0004295757734186855,0.00017041521507058633,100.0,0.0,63.85,2.632014437650371,1.1,0.3,4.35,0.7262919523166975,0
962,0.9439200815785893,0.02282192541606448,0.016635947316333763,0.008329001439440974,0.0004382439740389894,0.00017016078299846474,100.0,0.0,62.9,2.0712315177207983,1.025,0.10897247358851683,4.15,0.6538348415311012,0
963,0.9413205999474785,0.024675351132595162,0.01768502804849867,0.008911943127298552,0.0004494838760123493,0.00020811679710914003,100.0,0.0,64.6,3.1208973068654466,1.1,0.3,4.1,0.7681145747868608,0
964,0.9404313315010244,0.026022141571948185,0.01816220537194261,0.009058042640380131,0.0004539194324672979,0.00022946647177596237,100.0,0.0,63.6,3.7067505985701277,1.1,0.3,4.4,0.9165151389911679,0
965,0.9389651075910799,0.022769034395185576,0.018348030897729108,0.008922259763557228,0.00046830210791774823,0.00016915902098555894,100.0,0.0,62.4,2.6907248094147422,1.1,0.3,4.1,0.7000000000000001,0
966,0.9368076401597081,0.02254035866321034,0.018552393224423366,0.00907351122719294,0.0004835919574487428,0.00017042478372123786,100.0,0.0,63.7,3.0512292604784714,1.075,0.23848480035423641,4.05,0.49749371855331004,0
967,0.9375235845369888,0.022118513707315678,0.018776777848285485,0.008024787223150798,0.0004807367166862078,0.00021940769525458635,100.0,0.0,63.15,3.2291639784935047,1.05,0.21794494717703372,4.15,0.8529361054615991,0
968,0.9392795970342039,0.020927935837448078,0.017517307140864267,0.007463652122584728,0.000491488948146041,0.000203864593825275,100.0,0.0,62.5,2.3345235059857505,1.0,0.0,4.15,0.7262919523166976,0
969,0.9327323379195128,0.023012374124176744,0.01712186267689307,0.007190421540183187,0.0005875073286798723,0.00021162756535562398,100.0,0.0,63.25,2.56661255354212,1.05,0.21794494717703372,4.35,0.7262919523166976,0
970,0.9299586581592282,0.025144061463426196,0.017150969662256696,0.007888727710514205,0.0006310651366308816,0.00028744062945844275,100.0,0.0,64.2,3.6414282912066254,1.075,0.23848480035423641,4.15,0.6538348415311009,0
971,0.9335890880472426,0.023342847920542212,0.017338653421702238,0.007608210316064436,0.0005719643766516736,0.00020464874250310214,100.0,0.0,62.85,2.9372606285449034,1.15,0.3570714214271425,4.4,0.66332495807108,0
972,0.9329550107073054,0.02447665963423531,0.015277587832744072,0.008632143844039028,0.0005969032869610931,0.00021693572273044583,100.0,0.0,64.15,3.070423423568808,1.025,0.10897247358851683,4.2,0.6782329983125268,0
973,0.9356711217969922,0.022140627655311308,0.014075523674107068,0.007822385087693852,0.0005935562527562663,0.00026591162661314524,100.0,0.0,62.5,2.819574435974337,1.025,0.10897247358851683,4.4,0.4898979485566356,0
974,0.9338085115815279,0.02441303855135713,0.014541425794419433,0.009219990545758222,0.0005879752819461214,0.00024240719834728468,100.0,0.0,64.3,2.7766886753829647,1.05,0.21794494717703372,4.2,0.8717797887081347,0
975,0.9337092553756458,0.022365005043529233,0.015234835402164113,0.008572981873631588,0.0005783002806059597,0.00021454336874529987,100.0,0.0,63.5,2.5,1.05,0.2179449471770337,4.2,0.812403840463596,0
976,0.9322385528122868,0.02331877631928074,0.015436994666731174,0.00823915711821477,0.0006066151677285523,0.00019026064794887886,100.0,0.0,63.95,3.2167530212933664,1.0,0.0,4.4,0.7348469228349533,0
977,0.934966603505883,0.025529337720537067,0.016658056748889347,0.008956778808824273,0.0005465237705479043,0.00020920261600681703,100.0,0.0,62.9,2.861817604250837,1.075,0.23848480035423641,4.45,0.5894913061275798,0
978,0.9339320795254682,0.022737586854833715,0.015681981773506843,0.008963784305553313,0.0005704885889600203,0.00018913936050846394,100.0,0.0,63.15,3.91503512117069,1.1,0.3,4.1,0.5385164807134504,0
979,0.9335904511079335,0.02144754137898702,0.017702448657040702,0.008140576416371444,0.0005440480857959583,0.0001759933600855219,100.0,0.0,63.6,3.8131351929875237,1.1,0.3,4.3,0.6403124237432849,0
980,0.937416466115731,0.01879063562923893,0.01613745058222133,0.008229290540344499,0.0005218298267577346,0.0001795859171858433,100.0,0.0,62.85,2.495495942693556,1.1,0.3,4.3,0.9,0
981,0.9377091151991992,0.01862020914203327,0.015272210321210256,0.007942937482320243,0.0005358908983668317,0.00019274524402542877,100.0,0.0,63.85,2.706935536727833,1.075,0.23848480035423641,4.2,0.6,0
982,0.9405487217462024,0.02307199679400458,0.014846012754413579,0.008601634342238698,0.000502357522965863,0.00020710323923706824,100.0,0.0,63.7,2.703701166919155,1.025,0.10897247358851683,4.35,0.7921489758877431,0
983,0.9390203082682163,0.02401975578977802,0.01526349691526201,0.007594100599500956,0.0005391322203955314,0.00027045725542020743,100.0,0.0,63.0,3.0,1.125,0.3112474899497183,4.25,0.7664854858377946,0
984,0.9332965290115635,0.0222135234600797,0.015472524122387832,0.007016666831410606,0.0006103935729317771,0.00025364890413274944,100.0,0.0,63.2,3.171750305430741,1.05,0.21794494717703372,4.25,0.8874119674649424,0
985,0.9352033798602097,0.01963169276277028,0.01570550044469362,0.006472619097780907,0.0005721493764314874,0.00018764355485908005,100.0,0.0,63.15,3.0376800358168077,1.1,0.2549509756796392,4.0,0.4472135954999579,0
986,0.9373850907208192,0.018913185599304244,0.01408994831008788,0.005253458458039757,0.0005823345015062294,0.0002091667236621031,100.0,0.0,64.6,4.042276586281548,1.1,0.3,4.0,0.5477225575051661,0
987,0.9380305079011236,0.025240662370415164,0.014370726296786507,0.006582469695522754,0.0005643751424142336,0.0002504902715019761,100.0,0.0,63.4,2.5961509971494343,1.1,0.3,4.35,0.7262919523166975,0
988,0.9358076018906246,0.025570293167858686,0.013921357801714471,0.006066203946433929,0.0005998915170853096,0.00027306116952102933,100.0,0.0,64.0,2.4289915602982237,1.0,0.0,4.1,0.7000000000000001,0
989,0.9364010410525232,0.026245472274113675,0.01584897608776486,0.0060973819467724025,0.0005734260101560166,0.00028535119101115756,100.0,0.0,63.45,2.692118125194361,1.05,0.21794494717703372,4.35,0.7921489758877431,0
990,0.931186459775579,0.021393020805509207,0.016438115381318057,0.006229191892316966,0.0006188810378452818,0.00023350603036600373,100.0,0.0,62.95,2.1558061137310096,1.0,0.0,4.15,0.8529361054615991,0
991,0.9298665517340045,0.027903305133241286,0.015183781269837026,0.006176680322199095,0.0006561518250359288,0.00031781698814573495,100.0,0.0,63.3,3.333166662499792,1.075,0.23848480035423641,4.35,0.9096702699330127,0
992,0.9324089503049453,0.027543120480035797,0.01452735141328575,0.006314162466265615,0.0006361733613256739,0.00027841731122236314,100.0,0.0,63.55,2.747271373563231,1.15,0.3570714214271425,4.3,0.714142842854285,0
993,0.9384486443024624,0.02570400168660584,0.015512252528350891,0.005818890336166532,0.0005394550865754818,0.00024151188333341076,100.0,0.0,63.65,3.305676935213119,1.0,0.0,4.35,0.9630680142129111,0
994,0.9353214837220586,0.02421068628583316,0.014992830639126866,0.006483576112238271,0.0005818219588764187,0.0002352878865301567,100.0,0.0,62.85,3.5110539728121526,1.125,0.3112474899497183,4.15,0.5722761571129799,0
995,0.9332214797057539,0.024007966734999567,0.014368995558476861,0.006829973743507255,0.0006128922316957854,0.0002306266880311161,100.0,0.0,64.0,3.605551275463989,1.025,0.10897247358851683,4.15,0.47696960070847283,0
996,0.9353045908742678,0.023014337872060933,0.014326680227525765,0.007090856354306391,0.0005932766973990178,0.00024032910722481923,100.0,0.0,63.2,3.2649655434629015,1.05,0.21794494717703372,4.25,0.5361902647381804,0
997,0.9391535628882968,0.020643040527438202,0.01382537058587741,0.006485780998011902,0.0005513107704085247,0.00018481023823125413,100.0,0.0,63.5,1.8303005217723127,1.0,0.0,4.05,0.6689544080129826,0
998,0.9391027927847329,0.023226607573342592,0.014142167917178908,0.0061499073496021125,0.0005621979306708842,0.00021690974957232364,100.0,0.0,62.7,3.874274125562103,1.1,0.3,4.15,0.5722761571129799,0
999,0.9424706034200755,0.020868884524242796,0.013370575325995632,0.006691176859849609,0.0005255969590859015,0.00020308793363002088,100.0,0.0,63.15,3.2446109165815247,1.025,0.10897247358851683,4.2,0.7483314773547883,0
