generation,mean_fitness_mean,mean_fitness_std,distance_from_optimum_mean,distance_from_optimum_std,phenotype_variance_mean,phenotype_variance_std,population_size_mean,population_size_std,n_parents_mean,n_parents_std,median_offspring_mean,median_offspring_std,max_offspring_mean,max_offspring_std,extinct_count
0,0.6735759407880908,0.033271908278429435,0.01715038281164811,0.0073814534167869995,0.004638958459681004,0.0006847424499837606,100.0,0.0,63.0,2.9154759474226504,1.15,0.3570714214271425,4.25,0.6224949798994366,0
1,0.7366490920518212,0.03303878525274707,0.02192414130403939,0.010841209447527223,0.003270091586172368,0.0005917801471560116,100.0,0.0,63.8,1.9899748742132402,1.0,0.0,4.35,0.6538348415311012,0
2,0.776300761816311,0.04219191085428454,0.027834555842192993,0.010970207115625259,0.002410858673000337,0.0005526148771132055,100.0,0.0,63.75,2.947456530637899,1.05,0.2179449471770337,4.05,0.4974937185533099,0
3,0.7831818383322953,0.05287796645166319,0.03768404369729657,0.012588580419348723,0.001958248547410563,0.0005549971328983235,100.0,0.0,62.2,3.1080540535840107,1.125,0.3112474899497183,4.2,0.6782329983125269,0
4,0.7756906888693221,0.060735101438316216,0.046688616618005295,0.012366200915799453,0.0016715892548228503,0.0005738922573426344,100.0,0.0,63.1,2.3853720883753127,1.05,0.21794494717703372,4.2,0.9797958971132711,0
5,0.7643556380382396,0.05464886298563771,0.054562518454113806,0.01236294603836964,0.001424774959461035,0.0004758708055742262,100.0,0.0,63.6,2.8530685235374214,1.05,0.21794494717703372,4.55,0.9733961166965892,0
6,0.7474123905474191,0.060555617175499954,0.06324500973723483,0.011324525821955624,0.0011540216275264165,0.0004267449358648249,100.0,0.0,63.55,2.4181604578687494,1.075,0.23848480035423641,4.15,0.6538348415311012,0
7,0.7148272902398211,0.05930005074695582,0.0718841829210712,0.012192114247911806,0.001020730713541582,0.0003094795292010912,100.0,0.0,64.05,2.9744747435471695,1.05,0.2179449471770337,4.0,0.5477225575051661,0
8,0.6777178437944527,0.07624541762246309,0.0799030516674746,0.014712648351669091,0.0009276039565643982,0.0002744181859751009,100.0,0.0,64.25,2.118372016431486,1.025,0.10897247358851683,4.3,0.9,0
9,0.6283430479078265,0.08494419153010413,0.0890303373551884,0.01568076669700551,0.0009677244639467276,0.0003054986612940576,100.0,0.0,63.7,2.5317977802344327,1.025,0.10897247358851683,4.4,0.9695359714832658,0
10,0.5816071831191221,0.0931231455408942,0.09744856011914703,0.016647424304480202,0.001031736054593115,0.0003411030268371314,100.0,0.0,63.1,2.681417535558384,1.125,0.3112474899497183,4.25,0.698212002188447,0
11,0.529543877034624,0.09291933605157102,0.10759671722311918,0.015784715796679553,0.001045579408446345,0.0004070740349067035,100.0,0.0,64.7,2.3473389188611007,1.0,0.0,4.25,1.0428326807307104,0
12,0.49263486703405723,0.09983289049182478,0.11415160226146467,0.017595097592005438,0.0011302613645186182,0.0004662251318125919,100.0,0.0,63.15,3.902242944769072,1.2,0.3674234614174767,3.95,0.49749371855331004,0
13,0.45459006535182417,0.1013350243331377,0.12153525876581353,0.01937666974940868,0.0011737671178889888,0.0005832823306574537,100.0,0.0,62.4,3.916631205513228,1.15,0.3570714214271425,4.45,0.5894913061275798,0
14,0.43080897487214614,0.11042426252278698,0.1268175707200773,0.022173310222726325,0.0011594542911945035,0.0005815136929948163,100.0,0.0,62.5,3.427827300200522,1.075,0.23848480035423641,4.15,0.6538348415311012,0
15,0.40965213146702917,0.13935538873778677,0.13254379719237847,0.027644147926340262,0.0010111370084909441,0.0004804179088429157,100.0,0.0,62.7,2.8653097563788807,1.1,0.2549509756796392,4.4,0.6633249580710799,0
16,0.4003266166894398,0.14185411295301686,0.13511044302886024,0.02798342015785356,0.0011338245184239937,0.0006278487196735413,100.0,0.0,64.15,3.2905166767545793,1.05,0.21794494717703372,4.0,0.8366600265340756,0
17,0.391671127540987,0.14740050711940464,0.13732638852853732,0.030484140428507688,0.0010591141208598194,0.0006557345637753127,100.0,0.0,63.65,2.5937424698685874,1.05,0.21794494717703372,3.85,0.3570714214271425,0
18,0.3720167563414878,0.1417100730915693,0.14136099684886577,0.03148645625980249,0.0009279785564425657,0.0006088458958277936,100.0,0.0,63.75,2.662235902394827,1.05,0.21794494717703372,4.2,0.8717797887081348,0
19,0.34119925185640115,0.13066340550094918,0.14801830711631075,0.030499640485959684,0.0009168784046355181,0.0004571402993299136,100.0,0.0,63.1,3.766961640367472,1.1,0.3,4.4,0.6633249580710799,0
20,0.3320199230778594,0.12064561430645786,0.14975589512723403,0.02803128738686745,0.001025784249060662,0.0005442661200385513,100.0,0.0,62.5,2.5592967784139455,1.0,0.0,4.25,0.6224949798994366,0
21,0.3257122382425825,0.12854675396612272,0.1516104424993573,0.02985715186057613,0.0010872011162092192,0.0006901709578072555,100.0,0.0,64.4,2.615339366124404,1.025,0.10897247358851683,4.15,0.653834841531101,0
22,0.32061611603513424,0.14713271771450845,0.15367830716555125,0.03310836480307506,0.0010401052041069771,0.0005673276680448428,100.0,0.0,64.3,3.287856444554719,1.0,0.0,4.1,0.7000000000000001,0
23,0.3099581447091025,0.1560231610590045,0.1566546746595448,0.03495219717509213,0.0010940033047177008,0.0006161109826714689,100.0,0.0,63.6,3.32264954516723,1.1,0.3,4.4,0.7999999999999999,0
24,0.30629287360948476,0.16774757027175552,0.15891078245402962,0.038493033624689275,0.0010341515283521505,0.0006386228981156716,100.0,0.0,62.1,2.022374841615669,1.1,0.3,4.35,0.8529361054615991,0
25,0.30367076011265864,0.15917635531117932,0.15842942301356353,0.035391951436587875,0.0011230159094168944,0.0008338827633695407,100.0,0.0,63.9,2.5475478405713994,1.05,0.21794494717703372,4.15,0.7262919523166976,0
26,0.2970168842278647,0.14599260621953222,0.1597692145859994,0.03412604406481915,0.0010078653810972472,0.0008630900874884843,100.0,0.0,64.15,2.4550967394381837,1.0,0.0,4.05,0.5894913061275798,0
27,0.2979903612263196,0.14533166017185495,0.15955603356919876,0.034605118509504616,0.000898766917192171,0.0008023168834765543,100.0,0.0,63.0,1.8973665961010275,1.0,0.0,4.25,0.7664854858377946,0
28,0.28232996366849106,0.14238191861007238,0.16372513470454128,0.03505532567009869,0.0008857611237332267,0.0005304840598280733,100.0,0.0,63.45,3.0573681492420897,1.075,0.23848480035423641,4.05,0.49749371855331,0
29,0.2730083571093468,0.14439269706329194,0.1655506323573031,0.035501263976020866,0.0009501020511074991,0.000550734628140701,100.0,0.0,63.55,3.169779172119093,1.0,0.0,4.4,0.7999999999999999,0
30,0.2712673311451451,0.1299575473273297,0.16426083540818812,0.03145440923375664,0.001166346177691778,0.0007524656471751773,100.0,0.0,63.85,2.7069355367278325,1.05,0.21794494717703372,4.3,0.6403124237432849,0
31,0.2719284446652321,0.11755619779593726,0.16449863812179308,0.02883009043526278,0.0011452555851937595,0.0006717845199351204,100.0,0.0,63.25,3.5899164335677787,1.05,0.15,4.1,0.8306623862918074,0
32,0.27812369227026357,0.12466284770641682,0.16367421548290967,0.030011876349124406,0.0011652802680263868,0.0008547548850325123,100.0,0.0,62.8,2.6381811916545836,1.05,0.21794494717703372,4.05,0.5894913061275798,0
33,0.2842112629736068,0.14126503464744183,0.1623579430930387,0.0322270914430174,0.0010294834782954277,0.0006440620709371092,100.0,0.0,63.9,3.8327535793473597,1.0,0.0,4.1,0.8888194417315588,0
34,0.2703078243540186,0.1476477701026667,0.16581480408826074,0.03451656686805069,0.0008889440096703106,0.0005322353569855805,100.0,0.0,62.85,3.4536212878658255,1.075,0.23848480035423641,4.35,0.7262919523166975,0
35,0.2564812069942526,0.13888559844840023,0.1688238924745662,0.03170638696576219,0.0009496692500182875,0.0005225914144160107,100.0,0.0,63.95,3.3537292675468007,1.075,0.23848480035423641,4.15,0.4769696007084728,0
36,0.25542607767094205,0.13501019017240565,0.16884077479476864,0.030640642407275667,0.0010402559705537295,0.0006433051758518247,100.0,0.0,63.55,3.089902911096076,1.1,0.3,4.35,0.792148975887743,0
37,0.2388090330330138,0.14089942305482672,0.17382598129120527,0.033797191793305315,0.001040327679894111,0.0006865168510456455,100.0,0.0,63.5,2.8548204847240397,1.125,0.3112474899497183,4.3,0.714142842854285,0
38,0.21870366958824997,0.13549720637945897,0.17971070253912674,0.03499687078675348,0.000923045304566909,0.0005928259814662605,100.0,0.0,63.55,2.854382595238418,1.0,0.0,4.3,0.6403124237432849,0
39,0.2065945338357989,0.11372483752317818,0.18231014839757437,0.030754248615044156,0.0009316562551224287,0.0005062250150764929,100.0,0.0,63.5,2.5592967784139455,1.025,0.10897247358851683,4.15,0.653834841531101,0
40,0.19779236956015417,0.10590234292531044,0.1844783596910161,0.029505981952468695,0.0009281349612765609,0.0005442877494140351,100.0,0.0,63.75,3.672533185690771,1.025,0.10897247358851683,3.9,0.6244997998398398,0
41,0.19487458229013538,0.10235046039162372,0.18545342215277966,0.029302638744079724,0.0010244346097709385,0.0007343763617519155,100.0,0.0,63.35,2.554897258208243,1.0,0.0,4.05,0.6689544080129826,0
42,0.20664882739939658,0.11106318956646966,0.18073676893211277,0.02955616141670984,0.001188904388553256,0.0010005842559456834,100.0,0.0,62.85,3.5535193822462827,1.025,0.10897247358851683,4.15,0.7921489758877431,0
43,0.209291629780672,0.11929131789804792,0.18041755123261669,0.03148700969518001,0.0010586150694097637,0.0007881549735920937,100.0,0.0,63.15,3.5252659474144643,1.05,0.21794494717703372,4.35,0.9096702699330126,0
44,0.20687941978662555,0.1361325827836966,0.18242593473401655,0.03474295138899798,0.0009159293156742965,0.0008266852472386966,100.0,0.0,64.35,3.4391132578035286,1.05,0.21794494717703372,4.2,1.0770329614269007,0
45,0.2102067027956794,0.14093161835336943,0.18157980998833584,0.03582213150650514,0.0010219538476880176,0.0010767520714353076,100.0,0.0,64.0,3.271085446759225,1.05,0.21794494717703372,4.4,0.66332495807108,0
46,0.21627721282918388,0.14820399679691734,0.18138872549477153,0.0367560006104369,0.0010034828408375242,0.0007543022331637275,100.0,0.0,64.0,2.32379000772445,1.025,0.10897247358851683,4.05,0.5894913061275798,0
47,0.21486475683907483,0.13829730407105228,0.18171105502678536,0.034857584887963,0.0010808816482856223,0.0006564628477074381,100.0,0.0,62.95,3.3387872049593095,1.075,0.23848480035423641,4.25,0.7664854858377946,0
48,0.23225093401951175,0.14009503722091038,0.17680503326899788,0.03461093269019622,0.0011772930037565726,0.0008123903553252528,100.0,0.0,63.8,3.3406586176980126,1.05,0.21794494717703372,4.0,0.5477225575051661,0
49,0.26512939672149816,0.14940583272660873,0.16922004573419802,0.03713757173503831,0.0011388370155962317,0.0006584332901886922,100.0,0.0,63.2,2.6758176320519302,1.05,0.2179449471770337,4.1,0.6244997998398398,0
50,0.2965328019770719,0.17204239767077542,0.1631274421688621,0.04023961362241847,0.0011717336181119773,0.000609654655246497,100.0,0.0,64.4,2.8,1.05,0.15,4.0,0.8366600265340756,0
51,0.3197662440331068,0.17838657434579755,0.15652087707678292,0.03974099924344458,0.0012541772416650324,0.0009060666222943546,100.0,0.0,62.7,3.874274125562103,1.125,0.3112474899497183,4.5,0.5916079783099616,0
52,0.3250890711799131,0.16100874195732037,0.1538871620299392,0.037363000275958895,0.0009981991079231274,0.0007272105044739685,100.0,0.0,64.45,3.2935543110748915,1.0,0.0,4.5,0.9746794344808963,0
53,0.30615191528294944,0.13842786215950562,0.15698916711730293,0.0341097495078944,0.0010140280564296567,0.0006968523761592605,100.0,0.0,62.95,2.376446927663229,1.075,0.23848480035423641,4.35,0.47696960070847283,0
54,0.287684497722613,0.11236417301849169,0.16032091443711205,0.02917410347269592,0.0009393511647542079,0.000632971887427308,100.0,0.0,62.55,3.5563323804166562,1.1,0.2549509756796392,4.55,0.5894913061275798,0
55,0.27300505270112174,0.09403143705152801,0.16271960832432053,0.023266711052119814,0.0008908952739319235,0.0006962829327035482,100.0,0.0,64.05,3.57036412708844,1.05,0.21794494717703372,4.1,0.6244997998398398,0
56,0.2606456733500764,0.09469168241558253,0.16666204800378065,0.02385049214007863,0.0008572993143274555,0.0006763103082418169,100.0,0.0,63.5,3.0083217912982647,1.0,0.0,3.95,0.3840572873934304,0
57,0.2526622636769933,0.10666858616054892,0.16950573863692675,0.026183203789570772,0.0008299116110345652,0.000571455135593191,100.0,0.0,62.4,3.2619012860600183,1.075,0.23848480035423641,4.35,0.5722761571129799,0
58,0.25244475276146694,0.1199840510127547,0.16974669525227296,0.028761687685617356,0.000981040786488244,0.0006989553758994479,100.0,0.0,63.25,2.9979159427842537,1.125,0.3112474899497183,4.2,0.6,0
59,0.25984193303644115,0.12135879666655136,0.16761619951937673,0.029460045312340963,0.0011666566688125245,0.0008429163349856086,100.0,0.0,62.95,2.4181604578687494,1.1,0.3,4.35,0.7262919523166975,0
60,0.27921988882826987,0.1331144810824032,0.16267132552353106,0.031829791369687346,0.0013741132313325156,0.0010206729831519394,100.0,0.0,64.3,2.685144316419511,1.05,0.2179449471770337,4.2,0.6,0
61,0.29280688016023343,0.16111052346162136,0.16066298528624282,0.03740204718914417,0.00120647750376693,0.0008713575278164956,100.0,0.0,63.6,2.817800560721074,1.05,0.21794494717703372,4.1,0.5385164807134504,0
62,0.2931777503529058,0.17096458694862593,0.16174624828024173,0.04095504854321783,0.0011445525025534106,0.0007614008348722351,100.0,0.0,63.85,2.7253440149823285,1.05,0.21794494717703372,4.05,0.739932429347437,0
63,0.28915292355250477,0.1579513768604926,0.1621734528737468,0.03672659900917811,0.0009585048329998356,0.0006581705234593204,100.0,0.0,62.0,2.6457513110645907,1.1,0.3,4.5,1.0723805294763609,0
64,0.28290660374249355,0.150459713442861,0.16374767935700982,0.03581259731993337,0.000926914685341114,0.0008078927185700048,100.0,0.0,63.1,3.576310948449533,1.0,0.0,4.25,0.7664854858377946,0
65,0.28564735510839306,0.13315184555236542,0.16212437353959547,0.030911294770161215,0.0009606108947734051,0.0006402984954217821,100.0,0.0,63.95,2.8892040426387333,1.0,0.0,4.25,0.8874119674649424,0
66,0.27217308981994204,0.12475003512413647,0.16558320430931364,0.031291603713930256,0.0008396841098285096,0.0005309697844753125,100.0,0.0,63.45,2.5782746168707473,1.1,0.3,4.05,0.739932429347437,0
67,0.2673114863909802,0.12175502208530425,0.1674052905397838,0.03158616996494517,0.0008492525375933238,0.0005115547595526118,100.0,0.0,62.65,3.7719358425084595,1.1,0.3,4.1,0.5385164807134504,0
68,0.2643256298816947,0.10808283702847411,0.1669207918988147,0.026714885532503996,0.0008776648593425789,0.0005651320351571593,100.0,0.0,63.15,2.7436289836637897,1.075,0.23848480035423641,4.25,0.6224949798994366,0
69,0.26539865830866,0.11191467435258395,0.16672209455522052,0.025930228911542265,0.0010565126300484129,0.0007658341318994687,100.0,0.0,63.7,2.4919871588754225,1.05,0.21794494717703372,3.95,0.5894913061275798,0
70,0.278758022931637,0.13472038318122137,0.1641900852253961,0.0292454068337819,0.001171788048607452,0.000828807408771679,100.0,0.0,64.6,3.3823069050575523,1.05,0.21794494717703372,4.1,0.8306623862918076,0
71,0.2991136393655355,0.14358911962465007,0.15962590583624398,0.030253381817326275,0.0010631629638114919,0.0007425121423233895,100.0,0.0,63.8,2.1587033144922905,1.0,0.0,4.2,0.7483314773547883,0
72,0.30954624398035885,0.15067083127010816,0.1577291105227921,0.032427656022956775,0.0009456139296277601,0.0007345074010368069,100.0,0.0,63.4,2.7459060435491964,1.075,0.23848480035423641,4.15,0.7262919523166976,0
73,0.3043876513635891,0.14424172633006824,0.15903195702630615,0.03270852200828269,0.0008034829842363837,0.0004783731864385428,100.0,0.0,62.95,2.747271373563231,1.1,0.3,4.5,0.806225774829855,0
74,0.3029892237404565,0.13900133710903229,0.1587435434212993,0.032092710125181646,0.0007563085505200471,0.0003645432875684516,100.0,0.0,63.7,1.8734993995195195,1.125,0.3112474899497183,4.15,0.5722761571129799,0
75,0.2988823003032216,0.12292775835242961,0.15898790294814752,0.029673074947303927,0.000964379117985633,0.000710406544729903,100.0,0.0,63.35,2.372235232855292,1.2,0.4,4.25,0.7664854858377946,0
76,0.2990090345452639,0.12367940081927918,0.15865808607094223,0.027834376966478842,0.001041409697260345,0.0006656054567828628,100.0,0.0,63.85,3.1980462785894765,1.125,0.3112474899497183,4.05,0.49749371855331004,0
77,0.3010411174588098,0.15159851231227758,0.1588889427266142,0.03197031423566675,0.0008245333495001516,0.0004809054700089651,100.0,0.0,62.45,2.5975950415721076,1.025,0.10897247358851683,4.45,0.8046738469715541,0
78,0.2879268989068881,0.1688447858669343,0.16262565171102278,0.03663108070121526,0.0008118055342165538,0.0006028592269360063,100.0,0.0,63.4,3.2155870381627056,1.125,0.3112474899497183,4.25,0.698212002188447,0
79,0.2749471139068946,0.15834530801370783,0.16530264369979797,0.03656010942924534,0.0009375329981789034,0.0005103314976242813,100.0,0.0,62.65,3.7453304260105007,1.025,0.10897247358851683,4.25,0.698212002188447,0
80,0.26880934404576984,0.15183314337603174,0.16618763120097924,0.03674385479123055,0.0011615578378169546,0.0006201039263500435,100.0,0.0,62.65,3.785168424258028,1.05,0.21794494717703372,4.1,0.5385164807134504,0
81,0.2848914078355159,0.16845010213409561,0.16297646759682163,0.04064886237879184,0.0013042597827325538,0.0008944584398005805,100.0,0.0,63.4,3.1208973068654475,1.0,0.0,4.45,0.5894913061275798,0
82,0.29865165765989143,0.1869042814588836,0.16040319316908852,0.04376528322323342,0.0011983623724277895,0.0007027410356301571,100.0,0.0,63.35,3.1666228067138023,1.025,0.10897247358851683,4.3,0.9539392014169457,0
83,0.30297656863676187,0.19305917286914984,0.15924868987458696,0.04433423325112043,0.0010902425262695494,0.0007752279396970014,100.0,0.0,62.5,3.170173496829472,1.0,0.0,4.45,0.6689544080129827,0
84,0.3093420836831584,0.1966917860958561,0.1586214359939718,0.044686013205644325,0.0010891394931120484,0.0008567095612135297,100.0,0.0,64.3,2.5709920264364885,1.025,0.10897247358851683,4.15,0.792148975887743,0
85,0.3106502050453325,0.1814911218956681,0.15799499677079828,0.0417563132826722,0.0010962288365922949,0.0008732908943310947,100.0,0.0,62.4,3.4263683398023628,1.125,0.3112474899497183,4.45,0.9205976319760985,0
86,0.31544021523834576,0.15950470360537428,0.15602404454398508,0.03596988520821074,0.001035421104389073,0.000828529951627381,100.0,0.0,64.35,2.95423424934449,1.0,0.0,4.15,1.0136567466356647,0
87,0.31115153038994015,0.14570033659147721,0.15656641238727215,0.03174558153444134,0.0009343803049625957,0.0005993797222548766,100.0,0.0,62.75,2.7179955849853767,1.0,0.0,4.25,0.698212002188447,0
88,0.3023199033365458,0.1344109526149306,0.15846523773983293,0.031614797056571574,0.0009757323914150491,0.0006352508561227772,100.0,0.0,63.5,2.9748949561287032,1.0,0.0,4.25,0.698212002188447,0
89,0.2982110063173843,0.12376080476882273,0.15893512558117504,0.030534983078785355,0.0010311856438698212,0.0007679009636093502,100.0,0.0,64.35,2.393219588754864,1.05,0.21794494717703372,4.2,0.7483314773547883,0
90,0.2983321946256493,0.10308506235181654,0.15744851793888046,0.02571039921803602,0.0010321380680072454,0.0007192338049170195,100.0,0.0,65.3,3.1638584039112754,1.0,0.0,4.0,0.7745966692414834,0
91,0.2887694688775105,0.09458309229471012,0.1588659855412789,0.02399674521158867,0.001020890787987579,0.0006574976333748138,100.0,0.0,62.15,3.811495769379785,1.2,0.3674234614174767,4.2,0.8717797887081347,0
92,0.2849096447712922,0.09865959837638222,0.160409599246123,0.024462198979741175,0.001027568518759883,0.0005124837861349047,100.0,0.0,63.3,3.116087290176577,1.025,0.10897247358851683,4.35,0.6538348415311012,0
93,0.28760063707063704,0.11057485344808482,0.1607751490182674,0.02743464074355841,0.0011721413621055986,0.0005811389034098847,100.0,0.0,64.7,2.8478061731796287,1.05,0.21794494717703372,4.1,0.8306623862918074,0
94,0.30698766720743176,0.1247717659114634,0.15647740129021379,0.028304351994624888,0.0012127316386428776,0.000602921556429658,100.0,0.0,62.3,3.0182776545573144,1.1,0.3,4.45,0.6689544080129827,0
95,0.33154577223284887,0.15584696305162737,0.15117949610655124,0.0344541946816603,0.00114971773307523,0.0005979317127907108,100.0,0.0,63.65,2.903015673398957,1.0,0.0,4.3,0.5567764362830022,0
96,0.33316589494043547,0.1674279197856206,0.15152426794101245,0.036663679084560405,0.0010031876705527474,0.0005479708104505059,100.0,0.0,64.35,3.3507461855533016,1.075,0.23848480035423641,4.0,0.6324555320336759,0
97,0.3328422201184503,0.17429336566780038,0.15231565306868708,0.03885297303461074,0.0009768951996543848,0.00047194063703470695,100.0,0.0,63.7,3.3481338085566414,1.15,0.3570714214271425,4.4,0.7348469228349535,0
98,0.3396130689306851,0.1655027130266538,0.1492419178504639,0.03569604012178141,0.0011896669722922361,0.00046050899158600573,100.0,0.0,63.25,2.6995369973386176,1.1,0.2549509756796392,4.3,0.7810249675906654,0
99,0.3567708234302896,0.15844404040174678,0.14513064051639568,0.032773633789595254,0.0013468767251869633,0.0005942638315562468,100.0,0.0,62.7,3.536947836765479,1.2,0.4,4.1,0.7681145747868608,0
100,0.3784774016198965,0.1597349135478812,0.14011540743627415,0.03292757462548658,0.0012878119241937856,0.0006249329554416139,100.0,0.0,64.1,2.773084924772409,1.0,0.0,4.25,0.8874119674649424,0
101,0.3974211958962345,0.16708822015826563,0.1366441115264106,0.03484830831159386,0.001130365550625109,0.0005602573222164661,100.0,0.0,64.75,1.894069692487581,1.025,0.10897247358851683,4.1,0.7681145747868608,0
102,0.404389302538814,0.15909482402277783,0.1349462172297361,0.03419999056388183,0.0011564563131064008,0.0008799075443027087,100.0,0.0,63.35,3.758656674930553,1.1,0.3,3.9,0.6244997998398398,0
103,0.41810420637956336,0.1762609485833518,0.13239520766771468,0.03930844031604079,0.001144740679977252,0.0009653524936292616,100.0,0.0,63.95,3.0736785778607367,1.05,0.21794494717703372,4.2,0.6,0
104,0.417783572884178,0.19182779745923292,0.13373759335308427,0.042308812752289815,0.0009422960170324271,0.0004992656982428366,100.0,0.0,64.15,3.5815499438092444,1.15,0.3570714214271425,4.25,0.698212002188447,0
105,0.41087083373773103,0.19746700716789498,0.1359404530427805,0.04220475780551704,0.0008523133416140517,0.0004264747567922165,100.0,0.0,64.3,2.3473389188611007,1.05,0.21794494717703372,4.05,0.804673846971554,0
106,0.4019104883181477,0.20128431691743318,0.13822725236540373,0.04269109852403956,0.0007876907486514068,0.000497867661008909,100.0,0.0,62.15,1.8241436346954694,1.1,0.3,4.4,0.6633249580710799,0
107,0.3980288099443019,0.1925699454342043,0.1383132898208787,0.0404575192959061,0.0009213191524319455,0.0006685790950048595,100.0,0.0,64.3,3.6891733491393435,1.0,0.0,4.1,0.5385164807134504,0
108,0.39789935771971563,0.18493382761212498,0.13772914971991077,0.039667955177370984,0.0010454106990603414,0.0007497399730597867,100.0,0.0,63.05,3.4709508783617204,1.05,0.15,4.2,0.6,0
109,0.3950416274822726,0.17389981804468382,0.13787459528194593,0.03875194532924505,0.0011432101384723286,0.0007919608006952353,100.0,0.0,61.95,2.6358110706194404,1.025,0.10897247358851683,4.5,1.0723805294763609,0
110,0.3902639910454882,0.16091797055260113,0.1381218828228238,0.035796197700693796,0.001142657560544182,0.0007102263760843232,100.0,0.0,63.9,2.754995462791182,1.05,0.21794494717703372,4.15,0.8529361054615991,0
111,0.3939451161953481,0.15171514500465214,0.13709800174841977,0.03292826075713461,0.0011655755287408444,0.0008534292531969731,100.0,0.0,63.2,3.325657829663178,1.025,0.10897247358851683,4.1,0.8306623862918076,0
112,0.39423766274281136,0.15544693088701594,0.13742972563727635,0.03416283887290491,0.0010815032030960913,0.0007752474864772193,100.0,0.0,64.15,3.118894034750139,1.05,0.21794494717703372,4.25,0.7664854858377946,0
113,0.3985425341573564,0.15492210232606,0.13698148259317236,0.03606537834779863,0.0010732543614968293,0.0007006995018312747,100.0,0.0,63.05,2.7290108097990378,1.125,0.3112474899497183,4.3,0.6403124237432849,0
114,0.40383835720997174,0.15517803824087958,0.13609917014714318,0.035182502830373684,0.0010503914861886676,0.0005317804089382851,100.0,0.0,62.9,3.254228019054596,1.05,0.21794494717703372,4.35,0.7262919523166975,0
115,0.411813952048352,0.14137906442624243,0.13343764275510414,0.029026168139130545,0.0010109541199267603,0.00042279140045417904,100.0,0.0,63.75,2.6433879775772606,1.025,0.10897247358851683,4.55,0.9733961166965892,0
116,0.4089095760247291,0.12984559695035944,0.1331372166832222,0.026959336105243287,0.0010312069599552063,0.0004328287822689964,100.0,0.0,63.4,2.7820855486487113,1.075,0.23848480035423641,4.15,0.5722761571129799,0
117,0.41049316222046495,0.13582562182669164,0.13336721745041957,0.0288191406427234,0.0009491119800068709,0.0005515372705898185,100.0,0.0,63.55,2.957617284234051,1.05,0.21794494717703372,4.1,0.43588989435406733,0
118,0.4013830526718194,0.13199989313956778,0.13445456501062927,0.029916543276432075,0.001024078595586756,0.0005781073902650607,100.0,0.0,63.55,3.2167530212933664,1.075,0.23848480035423641,4.0,0.6324555320336759,0
119,0.391387165598616,0.1275591163239115,0.13627899006230162,0.030240105004601645,0.0009825431894968872,0.0005227770121377126,100.0,0.0,62.95,2.246664193866097,1.025,0.10897247358851683,4.25,0.7664854858377946,0
120,0.3720702903599163,0.12312361548938623,0.13992154068204185,0.030845880158297687,0.0010904127963925277,0.0007317068678756516,100.0,0.0,63.1,3.176476034853718,1.075,0.23848480035423641,4.1,0.6244997998398398,0
121,0.3763799056650853,0.1185949773893871,0.13716286519201695,0.03030682524787308,0.0013021928046973157,0.0010268918155920358,100.0,0.0,62.85,2.5937424698685874,1.025,0.10897247358851683,4.4,0.58309518948453,0
122,0.38930539854874496,0.1464241714643295,0.13495933484399886,0.0363995148196552,0.0011543754373594787,0.0008701167581292635,100.0,0.0,63.95,2.3973944189473704,1.025,0.10897247358851683,4.05,0.5894913061275798,0
123,0.39112807383584947,0.1698078449887032,0.13548450234295736,0.03912096709562804,0.0011067472153524656,0.0006812282198247776,100.0,0.0,62.9,3.548238999842034,1.1,0.3,4.2,0.5099019513592784,0
124,0.39880526519548515,0.1911513086818712,0.13565550064082404,0.04070394802642454,0.0010576237264849164,0.0005577851901544405,100.0,0.0,64.0,3.8340579025361627,1.175,0.36314597615834876,4.0,0.6324555320336759,0
125,0.4043180564553663,0.19929128668663976,0.13546930917146094,0.042986856702740626,0.001107581182081489,0.0006437560313052978,100.0,0.0,63.35,3.5535193822462823,1.15,0.3570714214271425,4.0,0.8366600265340756,0
126,0.4126984260577,0.20335058262995864,0.13471631475672166,0.043994832478089316,0.0010742275024002734,0.0006904119426636088,100.0,0.0,62.85,3.7050641020095725,1.15,0.3570714214271425,4.05,0.739932429347437,0
127,0.4119170811480485,0.19818676915766892,0.13430298937425997,0.04273564829278852,0.0010436180479725854,0.0006202489931103447,100.0,0.0,63.55,3.2167530212933664,1.075,0.23848480035423641,3.95,0.49749371855331004,0
128,0.4103352443983356,0.19542126992215025,0.13416606455096644,0.04185195949148226,0.0009158448783215636,0.0005877481756077941,100.0,0.0,63.95,2.9576172842340505,1.0,0.0,4.0,0.7071067811865476,0
129,0.40038377544321946,0.18846342910621633,0.13638246844579704,0.04029711390061817,0.0009511758546883461,0.0008462650832679122,100.0,0.0,63.8,2.541653005427767,1.05,0.21794494717703372,4.45,0.5894913061275798,0
130,0.4036786332207082,0.17657520709599187,0.13430474638131687,0.03507754230207431,0.0010465217758481673,0.001037985924417844,100.0,0.0,63.1,2.6814175355583845,1.05,0.21794494717703372,4.3,0.7810249675906654,0
131,0.4069493208771454,0.16791693793812784,0.13338109826355973,0.03467515355874726,0.0011518003753103394,0.0008384131391937833,100.0,0.0,64.25,2.680951323690902,1.0,0.0,4.25,0.7664854858377946,0
132,0.4125874851204962,0.16159362813303554,0.13290626316845028,0.03342307784057864,0.0011322203041477558,0.0006249185456828772,100.0,0.0,62.5,2.5199206336708304,1.075,0.23848480035423641,4.55,0.8046738469715541,0
133,0.41815959632275684,0.16840020273767922,0.1317925830745391,0.03523277315263362,0.0011751039871836194,0.0007213175282594482,100.0,0.0,64.0,3.146426544510455,1.05,0.21794494717703372,3.9,0.7681145747868608,0
134,0.4276390956107593,0.18185018387594934,0.1298185270485273,0.03833544436486642,0.0012450486763787801,0.0007281306754744136,100.0,0.0,64.4,2.9899832775452104,1.05,0.15,4.05,0.804673846971554,0
135,0.4368173901035976,0.19598308779015702,0.12763576037627153,0.04174707814443309,0.0012988242132507687,0.0008063662554633345,100.0,0.0,64.1,2.605762844159076,1.025,0.10897247358851683,4.2,0.6782329983125268,0
136,0.4538305684111599,0.20590019882565266,0.1240390008592486,0.04350407344620475,0.0012853217275634594,0.0007643361560440162,100.0,0.0,63.8,2.3151673805580453,1.1,0.3,4.15,0.7262919523166975,0
137,0.45539977551380756,0.187535415008732,0.12378858918417313,0.03951067546931811,0.0012063001452397263,0.0007513138619738298,100.0,0.0,64.35,3.7453304260105007,1.1,0.3,4.2,0.5099019513592785,0
138,0.46244268237644376,0.170071618874705,0.12202369754067963,0.034615789825274385,0.001202002853582143,0.0006778242594966797,100.0,0.0,63.6,2.353720459187964,1.0,0.0,4.15,0.7262919523166976,0
139,0.4747387512808908,0.17146163605289746,0.11950298960631112,0.03437208058159065,0.0010713142196111852,0.0006120026773586384,100.0,0.0,63.1,3.5482389998420345,1.05,0.15,4.35,0.9096702699330126,0
140,0.4782366478473593,0.17059944849960312,0.11852100908183823,0.034167951053857,0.001026258468710562,0.0005837886811601949,100.0,0.0,63.25,3.1284980421921316,1.025,0.10897247358851683,3.8,0.6,0
141,0.4790193867171312,0.1701030282215151,0.1181048306491836,0.03418459403324259,0.0010198739580311684,0.0005861221960557119,100.0,0.0,62.05,2.654712790491657,1.15,0.3570714214271425,4.5,0.7416198487095663,0
142,0.4858082244225791,0.15967968070258545,0.11638281411211067,0.032086530675912196,0.0011523358941090507,0.0004624376762633951,100.0,0.0,63.35,2.2197972880423116,1.05,0.21794494717703372,4.25,0.8874119674649424,0
143,0.4902260022855759,0.16211589202478402,0.1159556458365538,0.030852946879284887,0.001110022017262218,0.0003319882422470793,100.0,0.0,62.7,3.3926390907374753,1.075,0.23848480035423641,4.55,0.5894913061275798,0
144,0.49544641773703707,0.16319059749985185,0.11570606879446652,0.030243257388569197,0.0010626150334725837,0.00035028484475150645,100.0,0.0,62.95,3.007906248539007,1.025,0.10897247358851683,4.3,0.714142842854285,0
145,0.49452354821463107,0.15575748336268747,0.1153714752156707,0.02875963641193363,0.0010747435626340968,0.0004643633350914883,100.0,0.0,63.25,3.2384409829422554,1.1,0.3,4.35,0.5722761571129799,0
146,0.4894439568928802,0.1639681198016872,0.11563179782522479,0.030809294093595087,0.001052205955514866,0.0005213152859439997,100.0,0.0,62.75,2.56661255354212,1.0,0.0,4.25,0.698212002188447,0
147,0.47872365551137036,0.15504575856790778,0.1182072228452632,0.02973218087780765,0.0009976765001366802,0.0004949901268600747,100.0,0.0,63.45,2.6167728216259047,1.05,0.15,4.0,0.8944271909999159,0
148,0.47471592953468483,0.1410430906044871,0.1189440394028726,0.02756785431967951,0.0009987468864336684,0.0005234144195704552,100.0,0.0,63.6,2.8000000000000003,1.0,0.0,4.25,0.6224949798994366,0
149,0.476949744367085,0.13191908768212587,0.1177040614203769,0.02621088702303975,0.0011241641762134674,0.0006662837889168411,100.0,0.0,63.5,3.7349698793966195,1.05,0.15,4.2,0.5099019513592784,0
150,0.4812619260998624,0.1342872020163477,0.1172529394374976,0.02696470784026696,0.0010273825577163317,0.00045880498023133354,100.0,0.0,63.4,2.764054992217051,1.125,0.3112474899497183,4.25,0.8874119674649424,0
151,0.48471980021931255,0.13590912122130472,0.1174622067364969,0.02627580674511164,0.0009140326611397434,0.0003035874255305708,100.0,0.0,63.75,2.5273503912200224,1.1,0.3,4.05,0.804673846971554,0
152,0.4833296750569661,0.1330398334330285,0.1175866516897262,0.025565854288178275,0.0009550780355362653,0.00039102793841041666,100.0,0.0,64.35,3.9909272105614755,1.05,0.21794494717703372,4.05,0.5894913061275798,0
153,0.4796233798609551,0.1305737322238349,0.11772137225536901,0.025563004390751976,0.0010772226116140932,0.0006295263815632698,100.0,0.0,62.75,2.6052830940226053,1.05,0.21794494717703372,4.15,0.7262919523166975,0
154,0.4866668665709669,0.13598133508130514,0.116030131206038,0.026994642186497393,0.0011503733697024116,0.0007215759170443394,100.0,0.0,63.55,2.3973944189473704,1.05,0.21794494717703372,4.15,0.6538348415311012,0
155,0.5018515579836158,0.14646430972405255,0.11332876055427707,0.02924858978738093,0.0011162636115117155,0.0007472947089184362,100.0,0.0,63.2,2.5219040425836985,1.0,0.0,4.45,0.8645808232895291,0
156,0.5101003109282174,0.15956504675100838,0.11240522408363807,0.0319510684834065,0.0009746532556877813,0.0005662702144264455,100.0,0.0,62.8,3.370459909270543,1.1,0.2549509756796392,4.4,0.7348469228349533,0
157,0.522098056865816,0.16759941804915512,0.11033074967263197,0.03315178867015854,0.0009514036537796578,0.0004903389960025465,100.0,0.0,63.0,2.8809720581775866,1.05,0.21794494717703372,4.35,0.5722761571129799,0
158,0.5290403832230944,0.16327791036966222,0.10927372018557029,0.03148543634211697,0.0009854444915861722,0.00047049367543518586,100.0,0.0,63.35,3.2446109165815247,1.025,0.10897247358851683,4.15,0.9096702699330127,0
159,0.5387697966949051,0.1634996692293096,0.10782433955971109,0.03062093679523816,0.0009150541098442366,0.00044317914380433946,100.0,0.0,63.25,3.031088913245535,1.1,0.2549509756796392,4.05,0.864580823289529,0
160,0.5458839414866464,0.1611674494711225,0.10592305749615168,0.029891746737273253,0.0009901833787297175,0.0005260833818706602,100.0,0.0,62.65,2.7436289836637897,1.1,0.3,4.25,0.5361902647381804,0
161,0.5585381793633764,0.16550713650003265,0.10372927430001277,0.03045034908220541,0.0010145214038014714,0.00052757735174403,100.0,0.0,62.95,3.694252292413175,1.1,0.3,4.15,0.5722761571129799,0
162,0.5662120328917173,0.16864798490959731,0.1015965588377374,0.03171982209687317,0.0010236432150548046,0.0004841712828524564,100.0,0.0,63.9,3.6318039594669758,1.15,0.3570714214271425,4.1,0.7000000000000001,0
163,0.5808595661231425,0.1736231312504024,0.09871297300745471,0.033904438608263296,0.0009446363011486709,0.000560424585703729,100.0,0.0,61.95,3.800986713999406,1.15,0.3570714214271425,4.2,0.6,0
164,0.5795043043981827,0.16325277518143327,0.09857747446751089,0.03286101732436284,0.0009851829867827328,0.0005961114305673182,100.0,0.0,64.05,3.1220986531498327,1.05,0.2179449471770337,4.2,0.7483314773547883,0
165,0.5769999150623555,0.16670538830562587,0.09950749012247263,0.034063684151349895,0.0009238671033294056,0.0005384550676225737,100.0,0.0,63.05,2.692118125194361,1.1,0.3,4.3,0.6403124237432849,0
166,0.5697357091699347,0.17286827649318753,0.10077749544904094,0.03588851048786981,0.0009135707736305137,0.0005290886235744157,100.0,0.0,63.1,2.8442925306655784,1.025,0.10897247358851683,3.95,0.6689544080129826,0
167,0.5747463754195803,0.1635909996917049,0.09887838135260298,0.03269786602537637,0.0010776792861662164,0.0005118640593373577,100.0,0.0,63.65,2.6129485260907837,1.05,0.21794494717703372,4.45,0.7399324293474372,0
168,0.5750796973981871,0.14999870092276069,0.09924748939182246,0.027613370412036035,0.001144304570658014,0.0007859104087203693,100.0,0.0,62.05,3.232259271778797,1.125,0.3112474899497183,4.5,0.6708203932499369,0
169,0.5745416945058894,0.13280263837841963,0.09948253126750703,0.023871298938167425,0.0011129346825210604,0.0007309342029487091,100.0,0.0,64.25,2.1418449990603894,1.0,0.0,4.05,0.5894913061275798,0
170,0.5902411162183797,0.1130614124712869,0.09645225703920164,0.020664520386032562,0.0010425718237764498,0.0005324049929779015,100.0,0.0,63.85,3.5954832776693593,1.025,0.10897247358851683,4.1,0.7000000000000001,0
171,0.5944839459140175,0.11404762292458087,0.09605258862806562,0.021758773830307263,0.0009469203662874303,0.0004301570459524421,100.0,0.0,66.3,2.98496231131986,1.0,0.0,4.15,0.7262919523166976,0
172,0.5911959687300729,0.1155850799426963,0.09782557757224826,0.02220334165899808,0.0007737992964167676,0.0003843710960586121,100.0,0.0,63.15,2.8857408061016154,1.05,0.21794494717703367,4.3,0.714142842854285,0
173,0.5899031343617905,0.1177506169426306,0.09797559251406632,0.022244165459296566,0.0007629529693764329,0.00027194538788728306,100.0,0.0,63.0,2.949576240750525,1.1,0.3,4.15,0.7262919523166975,0
174,0.5865872830973485,0.11816407472028204,0.09823587144212158,0.02197715618942273,0.0007717040879068836,0.00030865400925945936,100.0,0.0,62.95,1.9615045245933032,1.125,0.3112474899497183,4.0,0.5477225575051661,0
175,0.5790366320636198,0.11347645503564648,0.09919957595210863,0.021020632930706454,0.0008686979019920332,0.0003531356534274343,100.0,0.0,63.75,3.3893214660164652,1.1,0.3,4.15,0.7921489758877431,0
176,0.5775121885620044,0.11326976890836833,0.09896353853612984,0.0216983171609579,0.0009228729385432827,0.0004653595506107784,100.0,0.0,63.15,3.4245437652335533,1.05,0.21794494717703372,4.7,0.9539392014169457,0
177,0.5910796872149658,0.11379957553393094,0.09683393776675216,0.02187863762498385,0.000883730682834058,0.0004405236982551869,100.0,0.0,62.4,3.9799497484264803,1.2,0.4,4.35,0.7921489758877431,0
178,0.5913616302362137,0.11958491416076324,0.09731177375478742,0.023169610601800984,0.0007676299822099377,0.0003829308730676103,100.0,0.0,62.55,2.558808316384797,1.1,0.3,4.0,0.7745966692414834,0
179,0.5969645373043657,0.11264298506764014,0.09601475247029796,0.02081946605626559,0.0008327150955014585,0.00042439725700064247,100.0,0.0,63.85,3.0540956108150903,1.025,0.10897247358851683,4.15,0.7262919523166976,0
180,0.5987718087623458,0.10731101120898599,0.09455387599351167,0.021083079138108567,0.0009284505659374264,0.00040751370196677954,100.0,0.0,62.65,3.395217224272992,1.125,0.3112474899497183,4.25,0.7664854858377946,0
181,0.6001153260933889,0.10838811347418967,0.09390456101229872,0.021965460709462294,0.0009391568955761433,0.00037007182952511,100.0,0.0,63.3,2.666458325194677,1.1,0.3,4.05,0.5894913061275797,0
182,0.6025937573840444,0.11778331765435493,0.09298605289712601,0.0233945369123087,0.0009840574101643246,0.00032207662351968377,100.0,0.0,63.3,2.7766886753829643,1.0,0.0,4.3,0.7810249675906654,0
183,0.5971446485572539,0.12084645425268598,0.09370735844072622,0.023796071312312733,0.0010380141074426948,0.0003653305394120735,100.0,0.0,63.0,3.3763886032268267,1.075,0.23848480035423641,4.3,0.7810249675906654,0
184,0.5958025012426489,0.12232970601636638,0.09368460719531282,0.023506419121366435,0.0011015799504782925,0.000420227718189023,100.0,0.0,63.65,2.5548972582082436,1.075,0.17853571071357124,3.8,0.6,0
185,0.5976933542027715,0.12578302385831475,0.09288166607149971,0.024181277179923917,0.0011290693100740516,0.00046401945183805333,100.0,0.0,63.75,3.4478254016118624,1.0,0.0,4.15,0.6538348415311009,0
186,0.6124016910640931,0.12686156774537302,0.08994130071408248,0.024050434592888796,0.0011123212747474083,0.0005137620167508249,100.0,0.0,62.95,2.9236107812087435,1.05,0.2179449471770337,4.1,0.7000000000000001,0
187,0.6214551809178188,0.12077267329091829,0.088085372543545,0.0235382095571706,0.001160160403843874,0.00055982731491285,100.0,0.0,63.4,2.3958297101421877,1.05,0.21794494717703372,4.2,0.7483314773547883,0
188,0.6413603274137384,0.12966355444769118,0.08383289194801238,0.02578029309939663,0.0011586790062150674,0.0006206786831881732,100.0,0.0,63.15,2.104162541250081,1.0,0.0,4.05,0.5894913061275797,0
189,0.6475228834700827,0.12157290868421987,0.0833436278735066,0.023623554865708475,0.0011441709840845267,0.0006195523605101995,100.0,0.0,64.3,3.303028912982749,1.1,0.3,3.8,0.6782329983125268,0
190,0.6607477740936716,0.12063426216457201,0.08197794785690779,0.023461448702303104,0.0009921067452878028,0.00043152602379339575,100.0,0.0,62.55,3.4128433893163046,1.1,0.3,4.05,0.49749371855331004,0
191,0.6693445726508596,0.11604507500703921,0.08034200264683175,0.02289157962925691,0.0009678598935910707,0.0003419782984689514,100.0,0.0,64.15,4.269367634673781,1.1,0.3,4.1,0.7,0
192,0.6758172032509352,0.1107929673160384,0.07932300962358807,0.022387186049546988,0.0009836806858273205,0.00041594989615950455,100.0,0.0,64.3,3.661966684720111,1.1,0.3,4.05,0.6689544080129826,0
193,0.6869793535503889,0.10742428056065767,0.07803453869453938,0.02166861887361604,0.0008949004475477757,0.00033668728534742533,100.0,0.0,62.15,3.1823733281939126,1.05,0.21794494717703372,4.4,0.8,0
194,0.6946171536113833,0.10501615920035745,0.07717656243487202,0.020845726020102835,0.0008393764138148088,0.00032899113696899506,100.0,0.0,63.9,3.014962686336267,1.025,0.10897247358851683,3.9,0.7681145747868608,0
195,0.7033677333349522,0.09193933188132944,0.07613896408937457,0.01835452423042613,0.0007831465411283663,0.0002801153882554033,100.0,0.0,63.25,3.686122624113311,1.1,0.3,4.15,0.852936105461599,0
196,0.7026407551416466,0.08837567586408644,0.07647058887829403,0.017646023575279772,0.0007420376098835073,0.00029020397109961587,100.0,0.0,63.45,2.991237202229205,1.0,0.0,4.55,0.8645808232895291,0
197,0.6950477324299659,0.08329963344413732,0.07758435982902184,0.017538071812025758,0.0007830233220685932,0.0002756522684291571,100.0,0.0,63.85,3.2752862470324637,1.0,0.0,4.3,1.0049875621120892,0
198,0.6877773205935587,0.0823702251895741,0.07841892309014711,0.01709366443813217,0.000828169352140561,0.0003312411246217244,100.0,0.0,63.2,2.5612496949731396,1.075,0.23848480035423641,4.15,0.9096702699330127,0
199,0.6887792874759149,0.07835279290378315,0.07808891388246489,0.016317780962231992,0.0008296875283817376,0.0003650173038214858,100.0,0.0,63.65,3.1823733281939126,1.0,0.0,4.4,0.7348469228349535,0
200,0.6987919235973498,0.07789525016217982,0.07492313764996429,0.017075960162428697,0.0009096850868833097,0.00047037861067901075,100.0,0.0,63.4,2.7640549922170505,1.05,0.21794494717703372,4.2,0.7483314773547883,0
201,0.70268610208521,0.07958703914390595,0.07376186998422352,0.017578308435241077,0.0009178539746986869,0.0006119159755930935,100.0,0.0,63.05,2.2907422377910613,1.075,0.23848480035423641,4.15,0.5722761571129799,0
202,0.6985224791391491,0.07468245493784703,0.07480675879401612,0.01612756116276967,0.0009190975646829035,0.0005060058515233683,100.0,0.0,62.6,3.6523964735499352,1.15,0.3570714214271425,4.35,0.5722761571129799,0
203,0.7012117955598038,0.07903373224834508,0.07374588115232103,0.017259572351705773,0.0009440664609117241,0.0005439364964244345,100.0,0.0,64.15,3.259984662540608,1.05,0.21794494717703372,4.05,0.739932429347437,0
204,0.7001848851806312,0.0846398231459234,0.07376409322405489,0.01798920419489188,0.0009657544868100446,0.0005404739294574433,100.0,0.0,63.6,3.1368774282716245,1.1,0.3,4.45,0.8046738469715541,0
205,0.706238082726706,0.0864025428109718,0.07206588570344123,0.018619963538718743,0.000986003315510406,0.000589847220511831,100.0,0.0,64.95,3.4565155865408737,1.05,0.15,4.15,0.3570714214271425,0
206,0.7086467743422049,0.08251955232826744,0.07251945272602087,0.01857490163101458,0.0009115473834750939,0.0005356319615269131,100.0,0.0,62.9,2.808914381037628,1.05,0.21794494717703372,4.35,0.963068014212911,0
207,0.7041027846706367,0.0787353907951178,0.07291253722797357,0.017715659954283626,0.0009617977439295093,0.000568730277918057,100.0,0.0,63.3,2.471841418861655,1.0,0.0,4.25,0.4330127018922193,0
208,0.7080689975566101,0.0851602980883461,0.07120727542476055,0.018760220745536165,0.00101023490204905,0.0005318305904503314,100.0,0.0,62.65,2.669737814842499,1.1,0.3,4.35,0.653834841531101,0
209,0.7127897736289909,0.08866791948972232,0.0706444901783612,0.01937804369069848,0.0009902646417357607,0.0005149847596406227,100.0,0.0,62.5,2.1330729007701543,1.075,0.23848480035423641,4.05,0.6689544080129826,0
210,0.7239741599724155,0.09147691181871273,0.0689167782631249,0.018818781484818935,0.0009780297691956673,0.0004787323839296827,100.0,0.0,62.6,2.1071307505705477,1.125,0.3112474899497183,4.4,0.58309518948453,0
211,0.7318733001753425,0.08613803853945734,0.066366661372003,0.01814868452071613,0.0010306659519054337,0.0004924969712811021,100.0,0.0,63.6,2.5377155080899043,1.0,0.0,4.05,0.9733961166965892,0
212,0.7426901591526417,0.08712430358250617,0.06459294107710377,0.019090374990204325,0.000961315139848962,0.0005411765631058094,100.0,0.0,63.95,2.3339880033967613,1.0,0.0,4.0,0.6324555320336759,0
213,0.7516275602366649,0.0836915939368467,0.0625591537565123,0.019184148435927553,0.0009807887704580652,0.0005614174757063794,100.0,0.0,63.5,3.057776970284131,1.025,0.10897247358851683,4.35,0.8529361054615991,0
214,0.7603554257779446,0.0824321140698683,0.060154820693025954,0.020842780677703666,0.0009641065307634041,0.0005511836329511052,100.0,0.0,62.9,1.8411952639521971,1.025,0.10897247358851683,4.2,0.812403840463596,0
215,0.7651145664016439,0.08466533343712936,0.05896738854660838,0.023491614420137773,0.0009009536864723429,0.0004650625343957126,100.0,0.0,63.65,3.6093628246547893,1.0,0.0,4.1,0.5385164807134504,0
216,0.7719854192346881,0.0895033525734596,0.05780878408762733,0.02431799709094304,0.000843302114752645,0.00041010177411606173,100.0,0.0,62.75,3.476708213238494,1.05,0.21794494717703372,4.75,0.8874119674649424,0
217,0.7756790945303789,0.09529291249808862,0.05747701414313724,0.024940490932348736,0.000809791838050476,0.00037153502310812646,100.0,0.0,62.55,2.5975950415721085,1.0,0.0,4.35,0.653834841531101,0
218,0.7781614522962098,0.0989400241690589,0.058381467596043776,0.023279179589589447,0.0007630083798497438,0.0003927868550123248,100.0,0.0,63.0,3.40587727318528,1.075,0.23848480035423641,4.25,0.6224949798994366,0
219,0.780243734076567,0.10115924287555426,0.057624633582008644,0.024761114933151085,0.0007256622617267082,0.00048286525257751383,100.0,0.0,63.0,3.924283374069717,1.1,0.3,4.05,0.9733961166965893,0
220,0.7818308564037024,0.09771825100785526,0.05736590502058917,0.02424365381365156,0.0007111323395134684,0.000498891073488075,100.0,0.0,64.2,2.420743687382041,1.0,0.0,4.45,0.8645808232895292,0
221,0.7829726639017158,0.10119573284635942,0.05734340925562366,0.02492680465122267,0.0006934325639462429,0.00047953201407489415,100.0,0.0,62.85,2.7977669667075564,1.075,0.23848480035423641,4.05,0.6689544080129826,0
222,0.7867737155184013,0.10179138269275612,0.05739859953191443,0.02499794156506255,0.0006355714397723732,0.00042140272127174527,100.0,0.0,63.2,3.9949968710876362,1.15,0.3570714214271425,4.2,0.9273618495495703,0
223,0.7871815552127057,0.09690932540623394,0.0574891355956487,0.024772551349077663,0.0006305155019151779,0.00041441160619406353,100.0,0.0,63.85,3.2752862470324637,1.1,0.3,4.45,0.7399324293474372,0
224,0.7925432398058714,0.09823961807303486,0.055982513131493494,0.02505144338771208,0.0006387931439131513,0.00040674257728150117,100.0,0.0,62.95,3.412843389316304,1.05,0.21794494717703372,4.0,0.7071067811865476,0
225,0.797493094043104,0.09248742642446604,0.05504720554967918,0.024026720039685874,0.0006351327884084605,0.0002840922399759435,100.0,0.0,64.2,2.694438717061496,1.025,0.10897247358851683,4.1,0.6244997998398398,0
226,0.799816074200682,0.0902208191353771,0.05286252775980255,0.024208250112417264,0.000740252252621822,0.00035321958390275074,100.0,0.0,63.35,3.6779749863205975,1.25,0.4330127018922193,4.3,0.7810249675906654,0
227,0.8041693849487057,0.09130823339465231,0.0522202128678297,0.02393302619939438,0.0007246334870290358,0.000358910958436585,100.0,0.0,64.15,3.409912022325503,1.075,0.23848480035423641,4.2,0.9273618495495703,0
228,0.8079701070017808,0.08716385354317602,0.05147426468558893,0.022173289547536987,0.0007534007284020342,0.0003514046990792759,100.0,0.0,64.65,3.15079355083763,1.1,0.3,4.3,0.9,0
229,0.8168505670205761,0.08573099638766321,0.0504381190694119,0.021806160680639113,0.000682295888638776,0.0003027747020128548,100.0,0.0,64.15,3.539420856580918,1.075,0.23848480035423641,3.85,0.653834841531101,0
230,0.8227866454446182,0.08182391044124385,0.048273448955645934,0.021080698417973144,0.0007161110576967952,0.0003062533806754925,100.0,0.0,62.75,2.56661255354212,1.1,0.3,4.2,0.6,0
231,0.8258109838209974,0.07609382403135306,0.04732829047231675,0.020305563624317874,0.0007392200359862089,0.00032107034610745104,100.0,0.0,62.2,3.0757112998459393,1.075,0.23848480035423641,4.5,0.7416198487095663,0
232,0.8269058969225174,0.07475212741319308,0.04759238304429654,0.020531141866278465,0.0007092836051186362,0.0002950232121452235,100.0,0.0,63.65,3.320767983464066,1.05,0.21794494717703372,4.25,0.82915619758885,0
233,0.8349517698949442,0.07908928588948953,0.045628423895588126,0.020024159147613397,0.0007109992334492209,0.0003074081940374311,100.0,0.0,63.7,2.968164415931166,1.125,0.3112474899497183,4.1,0.7,0
234,0.844766353998754,0.07470031170616483,0.042693850320147664,0.018630148934941335,0.0007268343221577893,0.00035980727880758343,100.0,0.0,63.8,3.2341923257592455,1.0,0.0,4.4,0.7348469228349535,0
235,0.8415332168462545,0.07166552180479419,0.04172804995675444,0.019116635645062066,0.0007974413975230903,0.0003668911897728841,100.0,0.0,63.05,3.2476914878109957,1.15,0.3570714214271425,4.2,0.6782329983125268,0
236,0.8406690398492653,0.07368180368767747,0.041656097403673056,0.019224689345428085,0.0008276827198898231,0.0003837351011723212,100.0,0.0,63.45,3.368605052540295,1.0,0.0,4.25,0.8874119674649424,0
237,0.854861728314187,0.06753699498845733,0.0384656169410563,0.01918443787411008,0.0007515173125675345,0.00037523100302396954,100.0,0.0,62.2,2.5612496949731396,1.05,0.21794494717703372,4.0,0.6324555320336759,0
238,0.8523312902182985,0.0632128120378808,0.037866275729224866,0.017534457896507483,0.0008537165623936131,0.0004342992484527442,100.0,0.0,63.7,2.666458325194677,1.05,0.21794494717703372,4.15,0.5722761571129799,0
239,0.852955987594411,0.06505821958391916,0.038594044958025556,0.016925752330061584,0.000821958035412214,0.00041566632238500506,100.0,0.0,63.65,2.535251466817444,1.0,0.0,4.1,0.6244997998398398,0
240,0.8563611827137046,0.06070179149198856,0.037040556596178865,0.0170470031761802,0.0008353978328079513,0.00043033471059583867,100.0,0.0,63.75,3.0639027399707057,1.05,0.21794494717703372,4.15,0.7262919523166976,0
241,0.865166995885543,0.05492882805962458,0.03470159015984662,0.01588611834862525,0.0008226459757312808,0.0003976372277899821,100.0,0.0,62.75,2.680951323690902,1.125,0.3112474899497183,4.25,0.6224949798994366,0
242,0.8717219424826916,0.05522562636424159,0.03319413444368496,0.01488357273391816,0.0008049031961915407,0.00030405221242291424,100.0,0.0,64.1,2.913760456866693,1.0,0.0,4.45,0.8046738469715541,0
243,0.8748926190860853,0.05249251139209724,0.03294756024437333,0.014680098144598851,0.0007827105072491127,0.0003150646913320386,100.0,0.0,62.35,3.1823733281939126,1.05,0.21794494717703372,4.65,0.7921489758877431,0
244,0.8760508590491956,0.047827168808832615,0.03308715020609708,0.014237476475117519,0.0007780795567655264,0.0002450156335627704,100.0,0.0,63.8,2.580697580112788,1.05,0.21794494717703372,3.9,0.6244997998398398,0
245,0.8788052525032116,0.04850658736081219,0.031315829888872014,0.013656954751919557,0.0008089364607572564,0.0002814976610086594,100.0,0.0,62.9,2.964793416074719,1.075,0.23848480035423641,4.3,0.8426149773176358,0
246,0.8876730902589793,0.0464092362066284,0.031092662113364866,0.013270997662049134,0.0007012891362219384,0.00023785059905241998,100.0,0.0,62.7,2.8301943396169813,1.1,0.3,4.35,0.9630680142129111,0
247,0.8935648221627688,0.04745264628788978,0.03008917345820907,0.01211695693069095,0.0006713116375850545,0.0002699830726479629,100.0,0.0,62.55,3.353729267546801,1.05,0.2179449471770337,4.15,0.6538348415311009,0
248,0.8940797047216209,0.04360586419159142,0.029043967020971218,0.010995097519103143,0.0007093871803246267,0.00032690471865455225,100.0,0.0,63.15,2.3932195887548637,1.05,0.21794494717703372,4.25,0.7664854858377946,0
249,0.8990049341039932,0.03533378387380713,0.027266664759775606,0.009851780486246756,0.0007028080403850294,0.00026999228772485163,100.0,0.0,63.65,2.885740806101615,1.075,0.23848480035423641,4.05,0.804673846971554,0
250,0.9009726398506605,0.03299801561767025,0.02622690771848667,0.010356837620666512,0.0007064989066773103,0.00023420843795370593,100.0,0.0,63.0,1.8439088914585775,1.025,0.10897247358851683,4.35,0.7262919523166975,0
251,0.9078541731340263,0.033625823478034236,0.024472388128894688,0.011785258278967656,0.0006464464515984078,0.00022034298029376692,100.0,0.0,63.3,2.7766886753829643,1.05,0.2179449471770337,4.05,0.49749371855331004,0
252,0.9104666847391233,0.03219242461485646,0.024185048371853337,0.011555068333386816,0.0006297335443182495,0.00017883266026529876,100.0,0.0,63.6,3.2924155266308657,1.05,0.21794494717703372,4.35,0.7262919523166976,0
253,0.9121800105225051,0.02892376211518006,0.022772161937000608,0.011114740381710618,0.0006456421275210185,0.00021729563729849718,100.0,0.0,63.7,3.2572994949804666,1.075,0.23848480035423641,4.35,0.7262919523166976,0
254,0.909383346883806,0.028591951966249092,0.022796453077672772,0.010816897116165979,0.0007028702423840769,0.00027413814964726246,100.0,0.0,63.15,2.632014437650371,1.025,0.10897247358851683,4.45,0.6689544080129827,0
255,0.9125357143691213,0.027391623870240103,0.022669643740122643,0.011447876572019205,0.0006562705451468534,0.000234301893646577,100.0,0.0,64.7,3.241913015489466,1.025,0.10897247358851683,4.1,0.6244997998398398,0
256,0.9162574113546349,0.023361708951864447,0.02147509508006958,0.010562659702017056,0.0006443027713954806,0.00019751449157894252,100.0,0.0,63.15,3.0376800358168077,1.0,0.0,4.15,0.6538348415311012,0
257,0.9200181573324441,0.025312704621134195,0.021492576011519104,0.0097299861822949,0.0006040086218355885,0.00024382969661865568,100.0,0.0,62.8,3.370459909270543,1.1,0.2549509756796392,4.2,0.6782329983125269,0
258,0.9218665979918349,0.021543834203729437,0.020824009245954705,0.009417155695131995,0.0006041051625451978,0.00022793914170919042,100.0,0.0,63.95,2.558808316384797,1.0,0.0,4.15,0.6538348415311009,0
259,0.9251144491975889,0.022692757112967234,0.01980139524993319,0.009948968366179235,0.0005698693152037784,0.00021840277427556093,100.0,0.0,63.3,2.491987158875423,1.05,0.21794494717703372,3.95,0.5894913061275798,0
260,0.925051220531028,0.02265523331028452,0.018775567781990354,0.009906556481599047,0.0005942868685380987,0.00018671693600432246,100.0,0.0,62.95,2.8892040426387333,1.0,0.0,4.45,0.8645808232895292,0
261,0.9245978202572225,0.023820297926140297,0.018536331289735926,0.009823840822554632,0.0006079856541565242,0.00019761328065122735,100.0,0.0,62.15,3.0540956108150903,1.05,0.15,4.2,0.8717797887081347,0
262,0.9256442941724442,0.02332506827078616,0.018370223054088697,0.009481979544256065,0.0006126318659826423,0.0002222254434156828,100.0,0.0,62.25,4.345975149491768,1.15,0.3570714214271425,4.1,0.7,0
263,0.9269063122882372,0.018332745906430147,0.017236901758359593,0.008633521906819909,0.0006185981787445429,0.00020900057023845285,100.0,0.0,63.75,2.7363296585024255,1.025,0.10897247358851683,3.95,0.6689544080129826,0
264,0.9303028705191341,0.018797115109618342,0.01564502364991572,0.007350338112188593,0.0006170679709360712,0.0002152396794368225,100.0,0.0,62.0,3.271085446759225,1.05,0.21794494717703372,4.3,1.004987562112089,0
265,0.9323325481374773,0.019926583223430192,0.015712811432546714,0.006718651354110831,0.0005931289486452429,0.0002459463657568764,100.0,0.0,63.2,2.7495454169735036,1.15,0.3570714214271425,4.35,1.0136567466356645,0
266,0.9313327283754065,0.01830984245798306,0.01633626884987306,0.006539616720074188,0.0006043240997302296,0.00020442015745944083,100.0,0.0,63.9,3.3451457367355464,1.025,0.10897247358851683,4.25,0.9937303457175896,0
267,0.9322679407247383,0.018121845480145463,0.013399420927387582,0.00705565433971031,0.0006303998219927491,0.00020196723648856324,100.0,0.0,64.25,2.6052830940226053,1.0,0.0,4.35,0.653834841531101,0
268,0.9351693526228582,0.019522938879127184,0.013996456253511721,0.00766960749800412,0.0005869223354504041,0.0002063514403715827,100.0,0.0,63.7,3.551056180912941,1.05,0.21794494717703372,4.15,0.4769696007084728,0
269,0.9375098869917382,0.019343130389916054,0.01349091381744109,0.006892058412532024,0.0005657917460980511,0.0002026209055681365,100.0,0.0,63.95,2.4181604578687494,1.1,0.3,4.1,0.5385164807134504,0
270,0.9379972233811122,0.020536506230396382,0.013992700557030408,0.008291251233048014,0.0005539425814533474,0.00022289934013546757,100.0,0.0,63.35,2.4550967394381837,1.05,0.21794494717703372,4.4,0.8602325267042626,0
271,0.9403427710244154,0.02165262684275999,0.014817309862848049,0.009577270142092163,0.0004908797130614359,0.00019192185356086146,100.0,0.0,64.4,3.4263683398023628,1.05,0.15,3.95,0.5894913061275798,0
272,0.9394017758779324,0.023655298687684338,0.01557471476124388,0.009718037274166943,0.0004869497011872529,0.00014274484355334272,100.0,0.0,63.8,3.558089374931439,1.075,0.23848480035423641,4.35,0.6538348415311012,0
273,0.9351815016372523,0.025097482722593573,0.01708947100546267,0.00952301136006959,0.0005153386492619249,0.00020242776826955564,100.0,0.0,64.4,2.5573423705088847,1.0,0.0,4.05,0.3840572873934304,0
274,0.9293170766802163,0.02500736078646168,0.017478442841116507,0.009528064320914627,0.0006014309502334338,0.0002673636301398886,100.0,0.0,63.15,2.4753787588973126,1.05,0.21794494717703372,4.4,0.9165151389911681,0
275,0.9291379075014043,0.024274662612204314,0.017700136032080045,0.009870783347786884,0.0005856731642016751,0.00019912680323866584,100.0,0.0,62.25,2.680951323690902,1.075,0.23848480035423641,4.25,0.698212002188447,0
276,0.9288727657975514,0.03152425424647111,0.01872011868766752,0.011014930085101413,0.0005622618068990258,0.00025894420400575873,100.0,0.0,62.45,2.4591665254715873,1.1,0.2549509756796392,4.45,0.9205976319760986,0
277,0.9294292195920615,0.030959086437571105,0.019131556619823006,0.01056903410154008,0.0005353753273444241,0.00026744447900350763,100.0,0.0,64.1,3.0149626863362666,1.0,0.0,4.0,0.4472135954999579,0
278,0.9214773225985724,0.03345038226422361,0.021235032456149737,0.010848408900388733,0.0005871244190577996,0.00027966705670480843,100.0,0.0,64.75,3.533765696816924,1.05,0.21794494717703372,4.0,0.7071067811865476,0
279,0.9219996345958451,0.03622454335732123,0.02358402361198913,0.011351028450882478,0.0005219128670254893,0.00021035020444937357,100.0,0.0,62.95,2.9406631905065224,1.125,0.3112474899497183,4.0,0.6324555320336759,0
280,0.916036651204249,0.03663572951429709,0.02411330955475621,0.011602767642969433,0.0005675425303782429,0.0002686157289779294,100.0,0.0,63.65,2.7436289836637897,1.05,0.21794494717703372,4.15,0.6538348415311012,0
281,0.9064640451666103,0.038541622120769434,0.027042369571072245,0.0110153631463813,0.0006222706514653574,0.0003225615698196243,100.0,0.0,63.7,2.6476404589747453,1.05,0.21794494717703372,4.25,0.7664854858377946,0
282,0.8995264362508587,0.04092441395256965,0.029253977291928197,0.01118805642186171,0.0006377722003350401,0.000314568727237865,100.0,0.0,63.35,3.1980462785894765,1.025,0.10897247358851683,4.25,0.698212002188447,0
283,0.892002311128903,0.04434026466711817,0.03202092051717046,0.01058797172831113,0.0006626280096109553,0.0003433440410961744,100.0,0.0,62.4,2.7820855486487113,1.025,0.10897247358851683,4.15,0.3570714214271425,0
284,0.8917138088725085,0.04275789613347282,0.0332233157822749,0.013115614632622308,0.0005757706488683271,0.00035019420458567914,100.0,0.0,63.1,4.253234063627348,1.15,0.32015621187164245,4.05,0.6689544080129826,0
285,0.8847172592905302,0.04500054993779203,0.03618304273196172,0.012250563408285378,0.0005645453975722742,0.0002912687956149417,100.0,0.0,64.3,2.7766886753829643,1.05,0.21794494717703367,4.2,0.6782329983125268,0
286,0.873097472175529,0.04906148800440746,0.037861873012275817,0.01445989455161194,0.0006218030905315727,0.000335530534007855,100.0,0.0,62.6,2.764054992217051,1.125,0.3112474899497183,4.25,1.0428326807307104,0
287,0.8645389939295276,0.05045033348592856,0.04082708356810929,0.014191079333941875,0.0006116333202709832,0.0002325422413549905,100.0,0.0,62.4,3.583294573433783,1.1,0.2549509756796392,4.1,0.7681145747868608,0
288,0.8595190240875782,0.04568752162604401,0.042250589188789475,0.014532567750484409,0.0006010246527072799,0.00025090649919576785,100.0,0.0,62.95,1.883480820183736,1.025,0.10897247358851683,4.0,0.7745966692414834,0
289,0.8542838974454137,0.04723919962794073,0.04419182400118023,0.013763903514261646,0.0005806892097162387,0.00027659182368500824,100.0,0.0,64.0,3.2093613071762426,1.125,0.3112474899497183,4.4,0.9695359714832658,0
290,0.8410406422671052,0.049815971670689504,0.046937706968180566,0.013570150964314963,0.0006404977931872956,0.0002728039764400927,100.0,0.0,64.1,3.4770677301427417,1.1,0.3,4.0,0.6324555320336759,0
291,0.8373156575805908,0.05334998541025378,0.04781249669573742,0.014817709293107115,0.0006325606489595058,0.0002596240663873697,100.0,0.0,63.35,2.8857408061016145,1.0,0.0,4.2,0.7483314773547883,0
292,0.8319991932733373,0.05182648997475312,0.04937744111228609,0.015284891132524845,0.0005979152185770931,0.00024907827032622057,100.0,0.0,64.6,2.3748684174075834,1.05,0.2179449471770337,4.4,0.9165151389911679,0
293,0.8206951883434849,0.05799698452863341,0.05133090759420755,0.017469079369135377,0.0006175312484729379,0.00026473356735930555,100.0,0.0,62.75,3.404041715373065,1.1,0.3,4.2,0.5099019513592784,0
294,0.8103743604765261,0.05492468558161627,0.05257608123419918,0.01599741154892,0.0007150511111255373,0.0003167239443568887,100.0,0.0,63.95,2.4794152536434875,1.05,0.21794494717703372,3.9,0.5385164807134504,0
295,0.8028743895767197,0.055439374107299454,0.05463376590516489,0.01500582462129903,0.0007177033602649164,0.00025531626722412977,100.0,0.0,62.4,1.9078784028338913,1.1,0.3,4.45,0.9205976319760986,0
296,0.7990507858353285,0.05754369173836626,0.05519064894775085,0.015433100722285542,0.0007391422069369111,0.00024193171380452135,100.0,0.0,61.8,3.171750305430741,1.2,0.4,4.3,0.6403124237432849,0
297,0.7944089794088215,0.06131950440592156,0.055865640278287776,0.01600151002669377,0.0007646805379740516,0.00026215511610620074,100.0,0.0,63.45,2.765411361804967,1.075,0.23848480035423641,4.3,0.8426149773176358,0
298,0.7992676138410011,0.06961773005121026,0.05520411166402317,0.01593604386965488,0.0007233899710180499,0.00035469801856778736,100.0,0.0,65.05,2.4591665254715873,1.025,0.10897247358851683,4.0,0.5477225575051661,0
299,0.7922141754204834,0.07787865250261355,0.05715022663964943,0.01708061240776797,0.0006845020087360293,0.00032976707321921077,100.0,0.0,63.95,3.1220986531498327,1.0,0.0,4.35,0.7262919523166976,0
300,0.7834300697891137,0.07976734010472317,0.05865881252289683,0.01692097884911814,0.0007175110171916528,0.00037188191019728035,100.0,0.0,64.05,2.011839953873071,1.0,0.0,4.2,0.6782329983125269,0
301,0.7686326360037639,0.08091266494369942,0.062002014217261224,0.016789768646681823,0.0007319339897404246,0.0003345444109405487,100.0,0.0,63.0,2.4698178070456938,1.0,0.0,4.15,0.7262919523166975,0
302,0.75526365925196,0.0787197174147773,0.06367561288426893,0.01588691305098367,0.0008324367104128197,0.0003993510836957943,100.0,0.0,62.55,2.0365411854416298,1.15,0.3570714214271425,4.6,1.019803902718557,0
303,0.7435421215046882,0.07871652720509716,0.0675062095848091,0.015375285556013581,0.0007517692406857331,0.00035382428145536024,100.0,0.0,62.05,4.06786184622831,1.175,0.36314597615834876,4.15,0.5722761571129799,0
304,0.7274042302823481,0.0816380607915747,0.07074703293171933,0.015638291939169727,0.0007659074080169813,0.00043185413259806265,100.0,0.0,65.0,3.082207001484488,1.0,0.0,4.0,0.9486832980505138,0
305,0.7212647866680817,0.08224558236066808,0.071004159577477,0.015771471985920462,0.0008656512542712408,0.0004452880249011829,100.0,0.0,64.5,2.0371548787463363,1.05,0.21794494717703372,4.05,0.4974937185533099,0
306,0.7184453792947407,0.07414060144969686,0.07107279564135666,0.014035428568491394,0.0009544357323124223,0.0005364601317234762,100.0,0.0,64.4,2.6532998322843193,1.0,0.0,4.3,0.714142842854285,0
307,0.7196245697532716,0.0648653657750667,0.07059837654202804,0.01342453744900255,0.0009529204832069519,0.0005464831756717162,100.0,0.0,62.75,2.7363296585024255,1.05,0.2179449471770337,4.2,0.6,0
308,0.7237266875463955,0.06716724374625746,0.06977423390761629,0.015099920093111445,0.0009090818701198153,0.00045003539733800586,100.0,0.0,62.9,3.1606961258558215,1.025,0.10897247358851683,4.2,0.7483314773547883,0
309,0.7278342262856612,0.08049860076088165,0.06969386480508427,0.01767357314062421,0.0008335816728356529,0.00036197611734618655,100.0,0.0,62.3,2.882707061079915,1.05,0.21794494717703372,4.75,0.82915619758885,0
310,0.7270994488912346,0.08630976741145445,0.06958181933536554,0.01931335480977918,0.0008219693593047488,0.0003636537652323156,100.0,0.0,64.2,3.385262175962151,1.0,0.0,4.1,0.6244997998398398,0
311,0.7151041884088866,0.09909637107950968,0.07036440903030819,0.022174913645643574,0.0009033670688474565,0.00040209054612973586,100.0,0.0,64.45,2.15580611373101,1.0,0.0,4.1,0.6244997998398398,0
312,0.711787210564854,0.11277378398444034,0.07060101222287549,0.024626504596165874,0.000933926799603874,0.0002699380917339233,100.0,0.0,63.8,3.325657829663178,1.0,0.0,4.15,0.8529361054615991,0
313,0.7134243816572903,0.12480278085158997,0.0706947556315624,0.025840632018199913,0.0009077254279579461,0.00023096125427560287,100.0,0.0,63.7,2.5317977802344327,1.075,0.23848480035423641,4.35,0.7262919523166976,0
314,0.7144725666848041,0.12127588530025601,0.07095550947780747,0.024260872234088418,0.0009112237490930964,0.00025740797252997563,100.0,0.0,63.15,3.9531632903283924,1.15,0.3570714214271425,4.2,0.812403840463596,0
315,0.7198811327636961,0.12512258876277332,0.07037493819479866,0.023737106404636894,0.0009388366760096391,0.0004698701400434814,100.0,0.0,63.15,2.286372673034735,1.075,0.23848480035423641,4.1,0.6244997998398398,0
316,0.7255568733595216,0.11416269150204104,0.068926092938035,0.023198279949560027,0.0009484991189253649,0.00043778905518393143,100.0,0.0,63.55,2.8892040426387338,1.0,0.0,4.25,0.698212002188447,0
317,0.72373080155427,0.10504683943278732,0.0694136592484812,0.0217557911967769,0.0009673660363713112,0.00039611829196288924,100.0,0.0,63.1,2.9137604568666933,1.025,0.10897247358851683,4.4,0.9165151389911679,0
318,0.7253995277725582,0.10668985389080804,0.06934661826762951,0.023365395865436105,0.0008936585759933677,0.00034008254395993896,100.0,0.0,63.75,2.878801834096956,1.0,0.0,4.35,0.5722761571129799,0
319,0.7212773488146351,0.10530850835522264,0.06971166598417448,0.022442625056288162,0.000903934203136056,0.0004020476891047364,100.0,0.0,63.15,2.5548972582082436,1.05,0.2179449471770337,4.3,0.6403124237432849,0
320,0.7225581210185534,0.10334766765337837,0.07121785875336284,0.020999099807815502,0.0007722475443400153,0.00038283971371240216,100.0,0.0,62.9,2.2781571499789037,1.025,0.10897247358851683,4.45,0.9733961166965891,0
321,0.7078956381385155,0.1069674358205925,0.07380878169176178,0.0211540486329952,0.0007794760350860044,0.0004335740704453928,100.0,0.0,63.05,3.1220986531498327,1.125,0.3112474899497183,4.1,0.7,0
322,0.697846563836658,0.10439682973390643,0.07587783282853613,0.020244264542415163,0.0008066256313277103,0.00042123431074408095,100.0,0.0,62.55,2.3973944189473704,1.05,0.21794494717703372,4.65,0.653834841531101,0
323,0.6813375112501471,0.1000898893200465,0.07919956889627858,0.018833283079376328,0.0008181135205052204,0.0004506018625226453,100.0,0.0,63.7,2.3895606290697042,1.075,0.23848480035423641,4.3,0.6403124237432849,0
324,0.6629067871505103,0.09961309139312689,0.08266538505375533,0.018468380046012322,0.0008676466983923109,0.00044519732382803236,100.0,0.0,63.65,2.286372673034735,1.1,0.2549509756796392,4.2,0.6782329983125268,0
325,0.6524199495327222,0.10273070393322685,0.08423014504442025,0.01910042688896566,0.0009190755419786068,0.00044741578310574843,100.0,0.0,63.15,2.372235232855292,1.05,0.21794494717703372,4.35,0.7921489758877431,0
326,0.6396662474786606,0.1011323910041158,0.08648156238980545,0.01815074933054665,0.000970491521323486,0.00047191627475646006,100.0,0.0,63.5,2.958039891549808,1.1,0.3,4.0,0.6324555320336759,0
327,0.6307177227185967,0.09068654203454177,0.08831507654633249,0.01581252472185196,0.000998961808206073,0.0005358433841713285,100.0,0.0,63.55,2.836811590500857,1.0,0.0,4.0,0.7071067811865476,0
328,0.626777471177481,0.08807554432798868,0.08955542730078606,0.015706064375485974,0.0009502999777328596,0.0005553000313830019,100.0,0.0,62.95,2.67348087705897,1.075,0.23848480035423641,4.1,0.5385164807134504,0
329,0.6192155431209777,0.0900790634347444,0.0908859421547715,0.017501974867671688,0.0009229260688940359,0.0004748878181790437,100.0,0.0,63.65,4.2340878592679205,1.15,0.3570714214271425,4.25,0.6224949798994366,0
330,0.6129663275117517,0.09308296416806865,0.09183604690986383,0.018478023142835566,0.0009560699887684064,0.00038450798742422693,100.0,0.0,63.9,2.947880594596735,1.025,0.10897247358851683,4.35,0.8529361054615991,0
331,0.6187168905964266,0.0977080638947386,0.09128136975529624,0.019333086521390944,0.000975987462778526,0.0003950711087084215,100.0,0.0,63.45,2.801338965566288,1.1,0.3,4.35,0.5722761571129799,0
332,0.6164320812185264,0.10297295892731101,0.09048006848063013,0.02094007110583382,0.001064376472219774,0.0004103503383854512,100.0,0.0,62.8,2.6191601707417593,1.025,0.10897247358851683,4.3,0.6403124237432849,0
333,0.6157205035457531,0.10655671461524709,0.09155589857436697,0.020728465730675855,0.0010054769717219307,0.0002904914183737811,100.0,0.0,63.7,2.7946377224964243,1.075,0.23848480035423641,4.3,0.8426149773176358,0
334,0.626078082120211,0.11294365825366412,0.08988351219952156,0.02189962264038599,0.0009312237235503064,0.0002926433760317043,100.0,0.0,64.1,3.6041642581880198,1.0,0.0,4.4,1.0198039027185568,0
335,0.6241455938026725,0.11438122912264871,0.08995288097200749,0.022665604394370594,0.0009265956830626185,0.00033954409923264543,100.0,0.0,62.9,3.7403208418530087,1.175,0.36314597615834876,4.3,0.45825756949558405,0
336,0.615127869008862,0.11935258553266564,0.09142521534413657,0.02390406449871478,0.0009016635227961034,0.0003915123758874575,100.0,0.0,63.95,3.7212229172679243,1.175,0.36314597615834876,4.45,0.6689544080129827,0
337,0.6018294107286546,0.12067924831395181,0.09319383641806717,0.02321608270244128,0.0010049332720990717,0.0005274486150831267,100.0,0.0,64.6,2.9051678092667896,1.025,0.10897247358851683,4.15,0.6538348415311009,0
338,0.5942265067215339,0.12103105714031064,0.09403205612138849,0.023478334625465277,0.001032073347321617,0.0005338864051835492,100.0,0.0,63.5,2.5199206336708304,1.0,0.0,4.2,0.6,0
339,0.5937031063501309,0.12731323058083108,0.09342687048506307,0.02516685975328538,0.001129673728606124,0.0005654636711121707,100.0,0.0,64.15,2.688401011754013,1.025,0.10897247358851683,4.1,0.6244997998398398,0
340,0.5972886054203725,0.1431313447695235,0.09251323854471205,0.029024000515477506,0.0011272295556613494,0.0005847312694150316,100.0,0.0,62.75,2.8262165522125158,1.05,0.21794494717703372,4.05,0.6689544080129826,0
341,0.5964407328728031,0.15198735764327945,0.09254170293825272,0.030751895969224383,0.0011518327426441658,0.0005991777259673227,100.0,0.0,63.35,3.365635155509284,1.125,0.3112474899497183,4.25,0.7664854858377946,0
342,0.6076180809033513,0.15902835713268207,0.09140679841024141,0.031306720218708506,0.0011004234267525767,0.0007035467631614119,100.0,0.0,62.25,3.6314597615834874,1.1,0.3,4.25,0.7664854858377946,0
343,0.6168832425316078,0.17418960019293045,0.09040575649299133,0.03261008674209635,0.000979499902081391,0.0006074422916113358,100.0,0.0,63.95,2.5782746168707478,1.025,0.10897247358851683,4.05,0.8645808232895291,0
344,0.617526192688357,0.1770817985106893,0.09128483729561132,0.0333488094068636,0.0008597294262711093,0.0004984812856092571,100.0,0.0,62.4,2.4166091947189146,1.0,0.0,4.3,0.45825756949558405,0
345,0.611628782269311,0.17029324712707855,0.09238271038414875,0.03197163512270395,0.0008808275100354822,0.0004647754233132465,100.0,0.0,63.15,3.48245602987317,1.1,0.3,4.4,0.8602325267042626,0
346,0.6024928347862359,0.1649330920179716,0.09477507695561418,0.030489902557110038,0.0008877604557435845,0.00044448077428832944,100.0,0.0,63.8,3.4727510708370675,1.15,0.3570714214271425,3.85,0.5722761571129799,0
347,0.5993286309359936,0.14935623101676065,0.09547573997599332,0.027182725430385187,0.0009549184636781123,0.0004142278058256295,100.0,0.0,64.1,3.064310689208912,1.0,0.0,4.3,0.7810249675906654,0
348,0.5976764376770899,0.13239905089019713,0.0956928181019943,0.02398570671604356,0.0010276706790261691,0.0005705651924895596,100.0,0.0,63.65,2.43464576478797,1.05,0.21794494717703372,4.05,0.5894913061275798,0
349,0.6058460809961103,0.11908382609920255,0.09434124667815545,0.021497320248052794,0.0009959695017822275,0.000515816839375201,100.0,0.0,63.55,2.940663190506523,1.0,0.0,4.3,1.0049875621120892,0
350,0.5964132607142121,0.11501395341364934,0.09653046304213915,0.020662225512335215,0.000893646118972892,0.0003581938504805595,100.0,0.0,62.9,2.5278449319529077,1.05,0.21794494717703372,4.45,0.9205976319760986,0
351,0.5815785766306769,0.11226649070728646,0.0992143830260061,0.020022757760838488,0.0008857282260815186,0.00030222228220458034,100.0,0.0,63.1,1.9723082923316022,1.05,0.21794494717703372,4.2,0.8124038404635961,0
352,0.5634686655362291,0.10747165404750926,0.10200043385434339,0.01947383681290441,0.0009463592101874753,0.00028184016629177576,100.0,0.0,63.8,3.171750305430741,1.075,0.23848480035423641,4.55,0.6689544080129827,0
353,0.5419314593843394,0.10133464480016013,0.10543144736156145,0.018901325622550046,0.0009897692412268735,0.0004883856905362956,100.0,0.0,63.9,3.047950130825634,1.025,0.10897247358851683,4.15,0.7262919523166975,0
354,0.5359052223138193,0.10486536098527174,0.10550047338772206,0.020618572044795364,0.0010788804227902771,0.0005870063114190402,100.0,0.0,63.0,2.9832867780352594,1.1,0.3,4.2,0.8124038404635961,0
355,0.5245884352683852,0.10160255040257771,0.1069605214057745,0.02014958438852598,0.001136428137159667,0.0006063151591548219,100.0,0.0,63.1,2.930870177950569,1.05,0.21794494717703372,4.5,0.8660254037844386,0
356,0.5188713775675209,0.11870226488475955,0.10799466823139625,0.022998083987861403,0.0011033292753555158,0.00047788736331082964,100.0,0.0,63.35,2.903015673398957,1.05,0.21794494717703372,4.35,0.653834841531101,0
357,0.5097189284262117,0.12481041120505003,0.11047322404676727,0.022799488913394998,0.0010183103094480272,0.0003838290940856789,100.0,0.0,63.1,2.3430749027719964,1.05,0.21794494717703372,4.3,0.5567764362830021,0
358,0.49583928604092736,0.11931454350998635,0.11320468635479294,0.021364816035193638,0.0010962668488697623,0.0004646317132807928,100.0,0.0,63.45,2.836811590500857,1.1,0.3,4.15,0.47696960070847283,0
359,0.48282553667556594,0.11496477998348453,0.11601015467727047,0.020825448685803657,0.0011201227143841303,0.0004922759548491941,100.0,0.0,62.95,2.3973944189473704,1.05,0.21794494717703372,4.1,0.6244997998398398,0
360,0.4787779705376642,0.11218486258218167,0.11688123074225669,0.019847254356713286,0.0011653726201999322,0.000473695807838981,100.0,0.0,64.2,2.0639767440550294,1.05,0.21794494717703372,4.0,0.6324555320336759,0
361,0.47702242163076275,0.10164627924392473,0.11704625355151795,0.01734424864387863,0.0012106331915819975,0.0006530305847148096,100.0,0.0,63.7,3.716180835212409,1.15,0.3570714214271425,4.05,0.804673846971554,0
362,0.48059444130799645,0.10613251049741171,0.11626953669421392,0.018391216089184807,0.0011734888622206984,0.0005954656895951027,100.0,0.0,62.5,2.247220505424423,1.025,0.10897247358851683,4.2,0.6,0
363,0.4778676916582253,0.1248397434450313,0.11633841392913638,0.022051613638824002,0.0011404776895517122,0.000506273489350489,100.0,0.0,62.3,3.7696153649941526,1.15,0.3570714214271425,4.05,0.5894913061275798,0
364,0.4619524383826141,0.12308674229877911,0.11949810182959326,0.02214369442097166,0.001102128818133671,0.0006419061092431408,100.0,0.0,64.7,3.132091952673165,1.0,0.0,4.15,0.6538348415311012,0
365,0.44359033438577666,0.12245240494589933,0.12409965949750083,0.022722658297855684,0.001058668528239185,0.0004762245599966586,100.0,0.0,63.45,2.9912372022292053,1.05,0.21794494717703372,4.45,0.8645808232895291,0
366,0.4458470568503123,0.13168242036488625,0.12373153530275585,0.024930714677432502,0.0011159721711297226,0.0005641828338294383,100.0,0.0,62.75,2.878801834096956,1.1,0.3,4.05,0.739932429347437,0
367,0.4551949222576336,0.13394344799731353,0.12227012869351588,0.02506794999941825,0.0012161814225774214,0.0007312264754652014,100.0,0.0,63.75,3.2384409829422554,1.075,0.23848480035423641,4.1,0.7000000000000001,0
368,0.4548324258426842,0.13532961787100747,0.12265855421025522,0.0263295455753794,0.0012067134192669808,0.0008847374124238354,100.0,0.0,63.45,3.6670833096617805,1.075,0.23848480035423641,4.2,0.7483314773547883,0
369,0.4655940976559818,0.14666773626969143,0.12073385780078016,0.030761678362923445,0.0011029969154556017,0.0006700012904660615,100.0,0.0,63.45,3.2011716605018234,1.05,0.2179449471770337,4.05,0.49749371855331004,0
370,0.4678627803429907,0.15985612422696668,0.12053944916514621,0.03430556522876306,0.0009249253369989876,0.0006722729701980258,100.0,0.0,64.1,2.844292530665578,1.05,0.15,4.25,0.698212002188447,0
371,0.4556136136529064,0.15302487292718103,0.1229903182499215,0.033557202746420725,0.0009115143250394604,0.0006220223255407719,100.0,0.0,63.85,3.1666228067138023,1.0,0.0,4.15,0.6538348415311009,0
372,0.44490550178370636,0.14607079410539953,0.12565010864166248,0.0318944601953373,0.0008556309266098304,0.0006330549584188074,100.0,0.0,63.75,1.8131464364468746,1.05,0.21794494717703372,3.95,0.5894913061275798,0
373,0.4379239449465383,0.1409147582437855,0.12746608333188403,0.0311610362317598,0.0007852817260964129,0.0005927246160693119,100.0,0.0,63.25,2.5273503912200224,1.05,0.21794494717703372,4.15,0.653834841531101,0
374,0.42514356360573596,0.1415290146119677,0.13030197947188343,0.030370489009743932,0.0007551537908809598,0.00045728126012242114,100.0,0.0,64.4,3.307567081708245,1.05,0.21794494717703372,4.0,0.5477225575051661,0
375,0.41332621700056665,0.1261903993620179,0.1316438859502958,0.02605249643623422,0.0009108252062728958,0.0006767261201499187,100.0,0.0,64.85,3.5252659474144643,1.075,0.23848480035423641,4.35,1.1947803145348521,0
376,0.40367666908568944,0.11575066074274463,0.13247549694706123,0.02294294184013287,0.0010326638520569754,0.0007799875354503129,100.0,0.0,63.8,3.2186953878862163,1.05,0.21794494717703372,4.15,0.7921489758877431,0
377,0.4014809478903801,0.11339888074740177,0.13213635381032893,0.022012724546617967,0.0011728887779023673,0.0008046805117607077,100.0,0.0,62.75,3.2384409829422554,1.025,0.10897247358851683,4.3,0.7810249675906654,0
378,0.4064835526377175,0.12407809098938075,0.13123988988345112,0.023906467417778226,0.0011540145131440365,0.000744972123070912,100.0,0.0,64.05,3.667083309661781,1.05,0.21794494717703372,4.15,0.7262919523166975,0
379,0.39840476891963095,0.1376677344362657,0.13364530026533974,0.026577564238818352,0.0010920277868089552,0.0006764932074013593,100.0,0.0,63.95,3.3834154341434335,1.075,0.23848480035423641,4.3,0.8426149773176358,0
380,0.39481816357820126,0.1422190288533986,0.13537391936555937,0.027476490044850168,0.0010720451708066529,0.0007303037228278848,100.0,0.0,63.05,2.8543825952384165,1.0,0.0,4.2,0.7483314773547882,0
381,0.4030253844354662,0.1542216846577736,0.13430559212542112,0.030240330970488394,0.0010404795313027153,0.0006726294108329299,100.0,0.0,63.4,2.6720778431774774,1.15,0.3570714214271425,4.2,0.812403840463596,0
382,0.41157009501936714,0.1610358913384051,0.1329124276269219,0.03226754745932797,0.0010689281278843973,0.0006183091573436675,100.0,0.0,62.85,2.8155816450602176,1.075,0.23848480035423641,4.25,0.82915619758885,0
383,0.42199162413606695,0.17406136668435498,0.13039970546930227,0.035831760796489004,0.0012296328641595992,0.0006990196751950665,100.0,0.0,62.0,2.792848008753788,1.05,0.21794494717703372,4.25,0.7664854858377946,0
384,0.43896999317621627,0.1928794739004119,0.12646564156734258,0.04075577088399328,0.0012948376505643555,0.000849031148727497,100.0,0.0,62.3,2.968164415931166,1.1,0.3,4.5,0.7416198487095663,0
385,0.45855039642940537,0.2125914128886107,0.12219552307863228,0.045513983104839714,0.001364377793633037,0.000993534394109238,100.0,0.0,64.1,3.491418050019218,1.15,0.3570714214271425,3.9,0.7681145747868608,0
386,0.46043654893005553,0.21737210058808795,0.1232285554494488,0.04580830513845768,0.0011098740842794418,0.0006703464546208521,100.0,0.0,63.25,3.222964473896664,1.1,0.3,4.25,0.82915619758885,0
387,0.4649377464814036,0.2113424658958586,0.12407140246656015,0.04372069567267137,0.0009728745492509702,0.000568494844952258,100.0,0.0,63.95,2.4387496796514396,1.0,0.0,4.15,0.7262919523166976,0
388,0.4625752680425289,0.18992299464108392,0.12476204203186358,0.03954996585177098,0.0009143224155682605,0.0005963598592932855,100.0,0.0,63.5,2.80178514522438,1.05,0.21794494717703367,4.25,0.82915619758885,0
389,0.4534730845898949,0.16936262154254977,0.12596342021675447,0.034887197478334325,0.0009534982330898611,0.0006695650793238735,100.0,0.0,63.75,2.7726341266023544,1.1,0.2549509756796392,4.35,0.5722761571129799,0
390,0.4541835151798693,0.1548911425382913,0.12462459797493139,0.03224745162397378,0.0008894511349914171,0.0005097320655920196,100.0,0.0,63.45,2.81913107180209,1.05,0.2179449471770337,4.1,0.6244997998398398,0
391,0.43994390741916145,0.1541474904999496,0.1272154110899755,0.03121689420133371,0.0008583570156713964,0.0004256992656785141,100.0,0.0,63.3,3.0512292604784714,1.0,0.0,4.35,0.6538348415311012,0
392,0.43032964540173113,0.15294027153173662,0.1287989446658258,0.030910377314647606,0.0009105721856344931,0.00046555069425765,100.0,0.0,63.8,2.9933259094191524,1.1,0.3,4.1,1.1789826122551597,0
393,0.41328850430469066,0.15403354220150844,0.13195870413152347,0.03243709837117295,0.0010159227220821394,0.0005194141585846247,100.0,0.0,63.8,2.5999999999999996,1.05,0.21794494717703372,4.9,1.1789826122551597,0
394,0.4126353398604919,0.15910913359663317,0.13245252844811603,0.03367105489085107,0.0010761446919217712,0.0005047353746729296,100.0,0.0,63.05,3.761316258971054,1.05,0.15,4.15,0.7262919523166976,0
395,0.41048844105513566,0.17458046906331146,0.13348316786725162,0.03633344177440017,0.0009773720736952248,0.0004980285221002921,100.0,0.0,62.85,2.5937424698685874,1.125,0.3112474899497183,4.15,0.5722761571129799,0
396,0.40841460345268554,0.1772567357357655,0.1338707067958678,0.036895277468710456,0.0010526152575322137,0.0005191000988672953,100.0,0.0,63.4,3.246536616149586,1.125,0.3112474899497183,4.35,0.6538348415311012,0
397,0.40522906704735095,0.1893104452899799,0.13527671287878007,0.039010811968237184,0.0010290910160680425,0.0005641568209025349,100.0,0.0,62.9,3.047950130825634,1.05,0.21794494717703372,4.65,0.7921489758877431,0
398,0.40407114535073374,0.19085595165116923,0.1355146838162799,0.04017023437827717,0.0010626826415207177,0.0005079208078551381,100.0,0.0,63.35,2.4550967394381837,1.05,0.21794494717703367,4.05,0.5894913061275798,0
399,0.39701250556320566,0.1887894937321874,0.13685785063865358,0.040116711333197476,0.001112129034042881,0.0004941105394330971,100.0,0.0,62.85,2.4550967394381833,1.05,0.2179449471770337,4.4,0.8,0
400,0.4025221720387296,0.17597853028398583,0.13502805519328684,0.03766965484478746,0.001257208455608332,0.0007787177868707346,100.0,0.0,62.55,3.0736785778607367,1.05,0.21794494717703372,4.2,0.5099019513592784,0
401,0.4127900119282155,0.17715422634434988,0.13205131439177495,0.03858614018950697,0.001347626283236855,0.0008976073009598309,100.0,0.0,63.85,2.414021540914662,1.1,0.3,3.95,0.804673846971554,0
402,0.42181715261378433,0.1860226290828169,0.12998353370863092,0.03911991093707752,0.001290022132322998,0.0006440786840749009,100.0,0.0,63.75,3.5899164335677787,1.1,0.3,4.15,0.9630680142129111,0
403,0.4249194303351901,0.20132112953192258,0.12996793336778406,0.041043301384219404,0.0012333876067987539,0.0006610790507844513,100.0,0.0,62.85,2.5352514668174435,1.1,0.3,4.15,0.4769696007084728,0
404,0.41520504820819637,0.1912265665037821,0.1330102848174371,0.03934809574802258,0.001260685525822722,0.0006557816496155688,100.0,0.0,63.65,2.6884010117540127,1.05,0.21794494717703372,4.2,0.6,0
405,0.4197640742603322,0.18541864841232555,0.13199163904170821,0.038467741719630466,0.0013729837756195932,0.0008227290848355601,100.0,0.0,63.4,2.8000000000000003,1.05,0.21794494717703372,4.15,0.7262919523166975,0
406,0.4215440647332975,0.16966954892396055,0.13071346588856317,0.035661002897863975,0.0014040928058209384,0.0009778813630413874,100.0,0.0,62.65,4.162631379308046,1.15,0.32015621187164245,4.1,0.8888194417315588,0
407,0.4254712123016347,0.16852203673202656,0.12952031952795984,0.0352446379606286,0.0013399185515241996,0.0008678749760935047,100.0,0.0,63.95,2.8892040426387333,1.0,0.0,4.35,0.7262919523166976,0
408,0.4222596006527013,0.16465160467409745,0.13133285690070812,0.03587355168267612,0.0009759716041190033,0.0005000681841108326,100.0,0.0,63.05,3.0736785778607367,1.15,0.3570714214271425,4.25,0.4330127018922193,0
409,0.4170615558391312,0.16912384759900917,0.13371103588592897,0.03710339453270351,0.0008394884736013101,0.0003846818193035217,100.0,0.0,63.25,3.031088913245535,1.075,0.23848480035423641,4.3,0.45825756949558405,0
410,0.4024999254510842,0.16846041453212124,0.1368790422450429,0.03818919135511218,0.0008564613283666403,0.000443959752741765,100.0,0.0,64.15,2.7798381247835278,1.0,0.0,4.25,0.9420721840708386,0
411,0.39113248748084606,0.15546342202826527,0.1389687967165509,0.035549884985394686,0.0009871518546377318,0.0005500490313541067,100.0,0.0,62.55,2.7290108097990378,1.15,0.3570714214271425,4.15,0.7262919523166975,0
412,0.40702168506879477,0.1579654133039124,0.13531084186976333,0.03409338207808682,0.0009154292916916653,0.0004930849275904702,100.0,0.0,62.95,3.0244834269673224,1.075,0.23848480035423641,4.2,0.8717797887081348,0
413,0.3971493566680687,0.16066687097349594,0.137271196050885,0.03482550614344261,0.0008645576719943784,0.0004829889766267124,100.0,0.0,64.65,2.903015673398957,1.0,0.0,4.3,0.5567764362830021,0
414,0.39631032549814227,0.16999431543629015,0.13766669696272274,0.03613397760912149,0.0009030405712520931,0.0004317272666382744,100.0,0.0,63.75,2.5074887836239665,1.0,0.0,4.35,0.7262919523166975,0
415,0.39009321115367135,0.17627358791663303,0.1388970848246048,0.035938297074467745,0.0009653589410177209,0.000339474835582563,100.0,0.0,63.85,2.286372673034735,1.05,0.21794494717703367,4.2,0.5099019513592784,0
416,0.38700257574497454,0.16775028904611755,0.1389253373544396,0.03349496238377767,0.0010674278089053343,0.0005429871745430211,100.0,0.0,63.05,3.169779172119093,1.075,0.23848480035423641,4.25,0.698212002188447,0
417,0.3923708766027061,0.16013437202916805,0.13830868963385717,0.03188226167223833,0.0010302436936003828,0.0005721187616716993,100.0,0.0,65.4,2.672077843177477,1.0,0.0,4.25,0.698212002188447,0
418,0.3842091381932585,0.16385733321538207,0.1397882760918901,0.033386028935845094,0.0009867613013644588,0.0005122721177905294,100.0,0.0,62.55,3.5843409436045564,1.05,0.21794494717703372,4.3,0.8426149773176358,0
419,0.3675851983653919,0.16125327722738148,0.1433823383958512,0.033993916998185714,0.0009562256381093745,0.0005281946513279791,100.0,0.0,61.8,3.043024810940588,1.2,0.4,3.95,0.5894913061275798,0
420,0.356050797783958,0.1442525486889312,0.14565537189820205,0.031467203595195274,0.000982024872992179,0.0005881791484581759,100.0,0.0,64.25,2.624404694402142,1.05,0.21794494717703372,4.05,0.6689544080129826,0
421,0.3435317322371895,0.132174231580791,0.14789354298753066,0.030935838098650775,0.00098040875018311,0.0005931181975415443,100.0,0.0,63.75,2.299456457513384,1.0,0.0,4.25,0.5361902647381804,0
422,0.3393457284871556,0.12668662797852798,0.149157141379223,0.030869250908180004,0.0010295044737399857,0.0005147576987923848,100.0,0.0,63.9,3.7403208418530087,1.125,0.3112474899497183,3.95,0.4974937185533099,0
423,0.35415425698015,0.1265106526470641,0.1465440395529699,0.03029905142826725,0.0010066522631065815,0.0005159510580974178,100.0,0.0,62.6,4.1521078984053394,1.2,0.4,4.15,0.9096702699330127,0
424,0.3571931167168488,0.13743625173879656,0.14521376712167938,0.030521239418561646,0.0009035517225810055,0.0004611871695548203,100.0,0.0,63.9,2.5670995305986875,1.025,0.10897247358851683,4.1,0.43588989435406733,0
425,0.3440379046901309,0.13482219581122276,0.14837808625550233,0.03057452309342045,0.0009272615045243984,0.0005569419191470883,100.0,0.0,62.5,3.0413812651491097,1.1,0.3,4.65,0.9096702699330126,0
426,0.32768355912553637,0.129676721452833,0.15199784480153314,0.031170137301367896,0.0009313235899276226,0.0005881286826358121,100.0,0.0,63.0,2.569046515733026,1.05,0.15,4.1,0.7,0
427,0.3141995944437687,0.12250180293802769,0.15488301134932572,0.031456114177468,0.0008689984344315423,0.0005768261092521878,100.0,0.0,63.95,3.528101472463625,1.05,0.21794494717703372,4.25,0.5361902647381804,0
428,0.30172624794536157,0.10877046749771885,0.15677431647781098,0.02733717339459097,0.0009114163229094752,0.0004540714589141347,100.0,0.0,63.6,3.023243291566195,1.05,0.21794494717703372,4.3,0.6403124237432849,0
429,0.28629066164799344,0.1015047767089314,0.16018679738715402,0.027011717599167984,0.0009069161099275645,0.0004026628643938113,100.0,0.0,62.45,2.836811590500857,1.15,0.3570714214271425,4.2,0.6782329983125269,0
430,0.28572279324622685,0.10828297251134443,0.15986096077163878,0.026284903434270708,0.0010695188606917694,0.0005886031816219375,100.0,0.0,63.55,2.132486811213612,1.1,0.2549509756796392,4.2,0.6782329983125268,0
431,0.28429021362762874,0.1353739326716397,0.16124513638769836,0.03133630663915635,0.0011483258905186865,0.0004861193243404228,100.0,0.0,62.55,3.169779172119093,1.125,0.3112474899497183,4.1,0.5385164807134504,0
432,0.28713041861149957,0.1312209359348322,0.1603708775192673,0.029816175460872615,0.0012042899438800395,0.0004931726543428024,100.0,0.0,63.95,2.4994999499899975,1.05,0.21794494717703372,4.05,0.6689544080129826,0
433,0.2932858884817642,0.12342977438411727,0.15842811335211499,0.027776817311371764,0.001191936202371923,0.0005574102709200955,100.0,0.0,63.4,3.6660605559646724,1.1,0.3,4.25,0.5361902647381804,0
434,0.2911225525941581,0.1328994503136985,0.15978535873506552,0.030483042990634843,0.0010488618577656533,0.0006145588384257141,100.0,0.0,63.2,3.3105890714493693,1.075,0.23848480035423641,4.15,0.6538348415311012,0
435,0.2887299041212327,0.12282986754429877,0.16160618092990692,0.028313394369593573,0.0008180782421922386,0.0004298790201256286,100.0,0.0,64.0,3.40587727318528,1.05,0.21794494717703372,4.15,0.6538348415311012,0
436,0.28785209165729747,0.10927942652967705,0.16133879434237086,0.025352780092145977,0.0008409064644747893,0.00042387918943653503,100.0,0.0,64.65,2.2863726730347356,1.05,0.21794494717703372,4.2,0.39999999999999997,0
437,0.28841872784051337,0.10542243262642516,0.16050644515303658,0.02514830787349758,0.0009524695085606343,0.0007100650280806364,100.0,0.0,62.75,3.1444395367060247,1.05,0.21794494717703372,4.3,0.7810249675906654,0
438,0.2771016265428028,0.1189314536731195,0.16330564314153936,0.028984186696114436,0.0009078577149495334,0.000697775036514299,100.0,0.0,63.1,2.826658805020514,1.0,0.0,4.55,0.6689544080129827,0
439,0.26902409547490447,0.12852923612550324,0.16440643215672904,0.03067892024661971,0.0010415593190497487,0.0008858147836802176,100.0,0.0,63.85,2.868361901852694,1.025,0.10897247358851683,4.25,0.5361902647381804,0
440,0.2635188435529544,0.13293054955019037,0.16649531373079157,0.03158593864017322,0.001160879400327804,0.0009286818232371344,100.0,0.0,63.2,2.712931993250107,1.1,0.3,4.05,0.804673846971554,0
441,0.27349917927005385,0.12693984830623434,0.1641908600023388,0.02920361905613527,0.0012786990822699746,0.0008812657626314389,100.0,0.0,63.25,2.1880356487041066,1.025,0.10897247358851683,4.55,0.6689544080129827,0
442,0.28132224633683206,0.1273974969761726,0.16314027608901244,0.031014846976317536,0.0011037645971445683,0.0006894409944911863,100.0,0.0,62.85,3.365635155509284,1.1,0.3,4.15,0.47696960070847283,0
443,0.28858616725310704,0.1184629425220427,0.16110327964874877,0.029142525720704776,0.0010798834710416532,0.000743550731019808,100.0,0.0,62.15,3.335790760824186,1.1,0.25495097567963926,4.5,1.118033988749895,0
444,0.2925954741037836,0.1253874553642912,0.16100391698145586,0.030984884241988222,0.0009273772900503735,0.0006514840949423877,100.0,0.0,65.35,2.903015673398957,1.0,0.0,4.05,0.6689544080129826,0
445,0.28075597519775003,0.1276553339686159,0.16357062197614997,0.031770188570768756,0.0008842964680030943,0.0006120627251742938,100.0,0.0,62.85,3.5815499438092444,1.05,0.15,4.3,0.8426149773176358,0
446,0.2670620240665972,0.12094379944028652,0.16602974191772607,0.03045344219270104,0.0009586564310272785,0.0007688097971040555,100.0,0.0,62.95,2.9406631905065224,1.025,0.10897247358851683,4.3,0.5567764362830021,0
447,0.2535841731542402,0.11214688533904187,0.16945978055324745,0.02869314084356879,0.0010666197631439178,0.0007847404614721305,100.0,0.0,61.85,3.1348843678834477,1.125,0.3112474899497183,3.85,0.3570714214271425,0
448,0.2449949430419454,0.1050529303760528,0.17114766862799305,0.027257211452056625,0.0010963647937928486,0.0008189470331114069,100.0,0.0,64.05,3.3537292675468007,1.0,0.0,4.2,0.812403840463596,0
449,0.2526553660746572,0.107676201921152,0.16936782468319936,0.025726855401193297,0.001232171553607443,0.0007556268691396381,100.0,0.0,62.85,2.8508770580296865,1.1,0.3,4.25,0.82915619758885,0
450,0.2550745247950977,0.11251239037850304,0.16843584225581068,0.025783169096345846,0.0011300369113012173,0.0006403971365080874,100.0,0.0,63.65,2.937260628544903,1.05,0.21794494717703372,4.2,0.812403840463596,0
451,0.2549319507291966,0.1195774880793542,0.16847010837783472,0.02796771660633916,0.0011008308992723065,0.0008073604538153918,100.0,0.0,62.55,2.923610781208744,1.025,0.10897247358851683,4.35,0.8529361054615991,0
452,0.2605083761006719,0.1254306780031875,0.16805309422924006,0.03076598393491205,0.0012101542742022574,0.0009026725786683217,100.0,0.0,62.65,3.08666486681013,1.05,0.21794494717703372,4.35,0.9630680142129111,0
453,0.26975558391718274,0.1553912313214489,0.16655346864833995,0.036461603653235614,0.0010818616219690478,0.000932327610388675,100.0,0.0,64.05,3.201171660501823,1.05,0.21794494717703372,4.1,0.7000000000000001,0
454,0.26632154021513005,0.1552703197586676,0.16777451962546155,0.036298656141814094,0.001030729748730779,0.0007467531261171064,100.0,0.0,63.55,2.97447474354717,1.0,0.0,3.95,0.5894913061275798,0
455,0.2629766220645925,0.15307606279263497,0.1692955183791468,0.036656983640583105,0.000898967055306691,0.0006225098992334177,100.0,0.0,62.8,3.501428280002319,1.05,0.21794494717703372,4.4,0.9165151389911681,0
456,0.25942583099665184,0.15030916043912285,0.16997276431653063,0.03674335345315793,0.000779420762748386,0.0004560155132917757,100.0,0.0,62.55,2.7106272336859605,1.0,0.0,4.15,0.47696960070847283,0
457,0.25248106243232116,0.1386212759873022,0.17061808866079473,0.033301470159141665,0.0007695226979066827,0.0003672971392957295,100.0,0.0,63.65,4.138538389335056,1.025,0.10897247358851683,4.35,0.7262919523166975,0
458,0.23972336581338438,0.11278180926570623,0.17201938156444724,0.02702308203081238,0.0010092924957152021,0.0006355593377472621,100.0,0.0,62.65,3.118894034750139,1.05,0.21794494717703372,4.7,0.9539392014169458,0
459,0.22972883292102372,0.1096573580878078,0.1738527501083075,0.027175688475778427,0.0009912347198953128,0.0006154934414766788,100.0,0.0,64.65,2.5743931323712004,1.0,0.0,4.25,0.82915619758885,0
460,0.21319234217845162,0.10441562580028713,0.17869895285323814,0.02648355207878355,0.001004860432664655,0.0006350101344469126,100.0,0.0,63.65,3.380458548777074,1.025,0.10897247358851683,4.2,0.7483314773547883,0
461,0.2131990946582604,0.10330951371165537,0.17908990200277278,0.026786240649244113,0.0011204846438476969,0.0007286184047356595,100.0,0.0,63.75,2.48746859276655,1.025,0.10897247358851683,4.2,0.7483314773547883,0
462,0.21788801025593899,0.11878532938666062,0.17781577849737423,0.030603462215628284,0.0011384305976685281,0.000848117656298096,100.0,0.0,64.15,3.380458548777074,1.1,0.3,4.05,0.6689544080129826,0
463,0.2224627817142725,0.138536653019472,0.17865721161335263,0.035651340833286874,0.0012899076932397328,0.0009816925194903814,100.0,0.0,63.45,2.9064583258667245,1.1,0.3,4.05,0.6689544080129826,0
464,0.259483383076892,0.16532871359570372,0.1699391837752746,0.039720454020971456,0.0013959548438156025,0.0012133848081071462,100.0,0.0,65.25,3.222964473896664,1.05,0.21794494717703372,3.95,0.49749371855331004,0
465,0.27274713158797925,0.17847727315193496,0.16734468495656268,0.04106517845130349,0.0011980183911927261,0.0010168625142005852,100.0,0.0,65.2,2.976575213227443,1.0,0.0,4.0,1.0488088481701516,0
466,0.2666220688024139,0.16332636308396645,0.16767029294473296,0.03728021910209131,0.0009722993721616689,0.0007358556294782167,100.0,0.0,64.05,3.1220986531498327,1.075,0.23848480035423641,4.1,0.7000000000000001,0
467,0.2484839313015777,0.14095248346110367,0.1718462929739957,0.03295787752153877,0.0008322965197269602,0.0006036037706811418,100.0,0.0,63.15,3.8114957693797855,1.15,0.3570714214271425,4.15,0.7921489758877431,0
468,0.2357968783253052,0.13029496425677642,0.17519106744364396,0.03269729691876143,0.0007264811508888475,0.0004060965733132014,100.0,0.0,64.95,3.040970239906994,1.025,0.10897247358851683,4.0,0.5477225575051661,0
469,0.2304724585479764,0.1277340072393603,0.17678596622978043,0.03257963961408872,0.000835268762975859,0.0004968552789696477,100.0,0.0,63.35,2.6509432283623124,1.05,0.2179449471770337,4.05,0.49749371855331004,0
470,0.23251758717870902,0.11580811500099361,0.17584735852849545,0.0293339634250834,0.0009537993318642398,0.0004784569331183932,100.0,0.0,62.45,2.7290108097990378,1.1,0.3,4.2,0.6,0
471,0.23859388960054018,0.1164988152146209,0.17470083577383555,0.030080870681075865,0.0009597022327410322,0.0004975150915998549,100.0,0.0,63.2,3.709447398198282,1.025,0.10897247358851683,4.45,0.9733961166965892,0
472,0.24415359486828256,0.1081143574758603,0.1723455580936217,0.02853267905229313,0.0009088012159926146,0.0004745480491598074,100.0,0.0,61.85,3.7719358425084595,1.075,0.23848480035423641,4.4,0.9695359714832658,0
473,0.25234507213083057,0.1163613968296502,0.16989261075135467,0.030606219302663773,0.0010335726604026496,0.0008142217291903202,100.0,0.0,63.55,3.2935543110748915,1.05,0.21794494717703372,4.15,0.47696960070847283,0
474,0.25045165461564106,0.11604147360499721,0.17040730318093858,0.03131699408602689,0.0010296873879079198,0.000786311527217954,100.0,0.0,63.2,3.009983388658482,1.1,0.3,4.4,0.5830951894845301,0
475,0.24743921462359345,0.11383369526082898,0.17121081420402065,0.029881947205171934,0.0009976402982211532,0.0005402561832115571,100.0,0.0,63.8,3.443835071544512,1.0,0.0,4.35,0.7921489758877431,0
476,0.24955220578970488,0.11264538802934462,0.16937988769201393,0.027644181078437458,0.0010266530465505223,0.0006249393782799894,100.0,0.0,64.5,3.263433774416144,1.025,0.10897247358851683,4.1,0.7681145747868608,0
477,0.24292703236294594,0.12957776895718678,0.17234770581726758,0.03402745397705687,0.0011674236335671895,0.000615756716134186,100.0,0.0,63.25,3.207413287993925,1.05,0.21794494717703372,4.4,0.5830951894845301,0
478,0.24572383266042022,0.13468928341502526,0.1716332737931872,0.03404037352475763,0.0011812664723565322,0.000571531065021592,100.0,0.0,63.9,2.7367864366808017,1.0,0.0,4.2,0.6,0
479,0.2517741947608059,0.14140097757088346,0.16953340397450295,0.03477920263981184,0.0011617244000400539,0.0007049371484236826,100.0,0.0,63.55,2.7834331319433563,1.05,0.21794494717703372,4.45,0.8046738469715541,0
480,0.25281233464104724,0.15601834548631877,0.16879787839195806,0.03543199678757629,0.001151361529436612,0.0008110945066460649,100.0,0.0,63.65,3.134884367883447,1.0,0.0,4.3,0.5567764362830022,0
481,0.24827487280761976,0.15630165997413578,0.17180144129395378,0.038483383915552255,0.0011956414284811632,0.0006825750927147679,100.0,0.0,62.55,3.6534230524263136,1.15,0.3570714214271425,4.3,0.7810249675906654,0
482,0.2701415995331901,0.17655795650054396,0.16804709750517827,0.042622771139359,0.0012782492506467345,0.0007219292529505107,100.0,0.0,63.2,2.803569153775237,1.025,0.10897247358851683,4.1,0.5385164807134504,0
483,0.28340364384666195,0.20112117984072087,0.16652725613573144,0.04759580276070994,0.0011275061599119703,0.0008856681106092723,100.0,0.0,63.9,3.2848135411313684,1.0,0.0,4.15,0.7921489758877431,0
484,0.289547300177392,0.22276311607226557,0.16510988867887463,0.05023285938600235,0.0009414187343625303,0.0007836501612053571,100.0,0.0,64.5,2.539685019840059,1.0,0.0,4.2,0.6782329983125269,0
485,0.2756034670726425,0.21559965100392586,0.1686522640205182,0.04910840083803127,0.0009151159939829711,0.0009576764507128616,100.0,0.0,63.35,3.4245437652335533,1.1,0.2549509756796392,4.1,0.8888194417315588,0
486,0.26515067479656634,0.20299864643502202,0.1706783039087522,0.04874371656940017,0.001086382958449634,0.0012879335595727688,100.0,0.0,63.55,2.5782746168707473,1.05,0.21794494717703367,4.25,0.5361902647381804,0
487,0.2656983784125768,0.16746831146638502,0.1672341890361685,0.04161814936237243,0.0013802687032982038,0.0015460418918241089,100.0,0.0,63.55,3.694252292413175,1.1,0.3,4.15,0.5722761571129799,0
488,0.2663894419705109,0.15028222428818733,0.1667482249682764,0.03882755265256119,0.001320142133372328,0.0012934818210386743,100.0,0.0,62.4,3.786819245752298,1.05,0.15,4.45,1.2031209415515964,0
489,0.26556426058153837,0.13734081908874532,0.16654257996871735,0.03364678982988239,0.0011454696779364623,0.0010022496363837705,100.0,0.0,63.35,3.623189202898463,1.05,0.15,4.45,1.023474474522936,0
490,0.2503726006680621,0.13667919138490287,0.1708216415974699,0.03394651953128052,0.0009347210916498715,0.0008298651812694185,100.0,0.0,62.6,3.0397368307141326,1.075,0.23848480035423641,4.05,0.6689544080129826,0
491,0.2463898837046604,0.13904641429884718,0.17271296598378325,0.03497505110259036,0.000888680402947399,0.00044042245547823216,100.0,0.0,63.65,3.1666228067138023,1.0,0.0,4.25,0.6224949798994366,0
492,0.23409534251752015,0.14149981724843197,0.1765900768753389,0.03651103700401457,0.0009124640122829856,0.0004388363729392622,100.0,0.0,64.3,2.5317977802344327,1.0,0.0,4.2,0.6,0
493,0.22457489860511673,0.1409732203338975,0.17951970057131555,0.03741646880320658,0.0008160621344457562,0.0005496560693818779,100.0,0.0,63.8,2.712931993250107,1.05,0.21794494717703372,4.15,0.7262919523166975,0
494,0.21827095662971185,0.1453907614610934,0.18035356269064579,0.03744838234122638,0.0010417687897769983,0.0008616383730819142,100.0,0.0,64.0,2.5298221281347035,1.05,0.21794494717703367,4.25,1.0428326807307104,0
495,0.21968254789550978,0.14199023285572154,0.17921989757300455,0.03432465928270312,0.001153660225277939,0.0007545821707606961,100.0,0.0,64.15,2.2197972880423116,1.0,0.0,4.3,0.7810249675906654,0
496,0.21608157712555812,0.13849344112027412,0.1821000739579852,0.03536255842654617,0.0010024894638947083,0.0006293855569154464,100.0,0.0,63.45,2.871846096154876,1.1,0.3,4.05,0.6689544080129826,0
497,0.22441412526878474,0.15366741300234224,0.18051606166578316,0.03916943480259091,0.0009982051147592315,0.0005931087591543941,100.0,0.0,64.3,2.3259406699226015,1.0,0.0,4.3,0.7810249675906654,0
498,0.22733232437118467,0.157206428495875,0.17760793938898348,0.037690644207251774,0.0011677648181833847,0.00067679414275023,100.0,0.0,63.05,2.9744747435471695,1.1,0.3,4.5,1.02469507659596,0
499,0.21606249099669786,0.14927463084692538,0.18125388367275805,0.03758516791800433,0.0010904773807736696,0.0006260450540894968,100.0,0.0,62.5,3.2326459750489227,1.1,0.3,4.3,0.6403124237432849,0
500,0.217411287148472,0.1384592190058863,0.1795642430213364,0.03474230418432536,0.001184442739201784,0.0005199019018615615,100.0,0.0,63.5,3.640054944640259,1.075,0.23848480035423641,4.2,0.7483314773547883,0
501,0.23196682711474495,0.15239902099601538,0.1758975288203381,0.03699903134429251,0.0010776349614753438,0.0006105731961756917,100.0,0.0,63.6,3.7202150475476548,1.15,0.3570714214271425,4.2,0.8124038404635961,0
502,0.22509767705441383,0.16288472372387622,0.1803409923623241,0.04049760183923167,0.0008469590781894968,0.0003710764131718,100.0,0.0,63.55,2.836811590500857,1.075,0.23848480035423641,4.0,0.7071067811865476,0
503,0.23011062987945205,0.15098820919041406,0.1772568084462,0.035774669206035475,0.000957580075062172,0.000605417393259664,100.0,0.0,62.3,2.282542442102666,1.1,0.3,4.25,0.8874119674649424,0
504,0.22222709311768485,0.1270387501676763,0.17700399184481658,0.03207213593471613,0.0009308923148940975,0.0006702572109915103,100.0,0.0,63.35,3.5954832776693593,1.1,0.3,4.2,0.8124038404635961,0
505,0.19989353042218153,0.11341198153850826,0.18223816235095788,0.032222838950731116,0.0010742132879113747,0.0008575739932654175,100.0,0.0,63.75,3.329789783154486,1.1,0.3,4.15,0.5722761571129799,0
506,0.18933042807726927,0.11259227104541447,0.18548298676327557,0.03380724436137164,0.0012877706364440062,0.0009287506034697332,100.0,0.0,63.8,2.9257477676655586,1.05,0.2179449471770337,4.35,0.5722761571129799,0
507,0.19841167716885427,0.11001038589316914,0.18242529149632486,0.03306563880637509,0.0013136751151105843,0.0010409026420707317,100.0,0.0,63.6,3.120897306865447,1.1,0.3,4.35,1.1079259903080168,0
508,0.20695356121091138,0.11808193553483096,0.1814030111651643,0.0319844308474298,0.0012785062422362857,0.0009141796287816627,100.0,0.0,63.1,2.5670995305986875,1.075,0.23848480035423641,4.4,0.7348469228349535,0
509,0.22390815808354173,0.12885494409581993,0.17909171854048983,0.03537351966023238,0.0010339464934702586,0.000680343424829637,100.0,0.0,63.75,3.672533185690771,1.1,0.3,4.1,0.8888194417315588,0
510,0.2229785870929374,0.12592670243182721,0.17871572146415826,0.03412571718752337,0.0010372084486262104,0.0007191730233639199,100.0,0.0,62.45,2.9744747435471703,1.125,0.3112474899497183,4.25,0.6224949798994366,0
511,0.23017235488760052,0.13987631324111813,0.17719771752641336,0.03396353112442906,0.000864596617062561,0.0005872099415091974,100.0,0.0,63.45,3.456515586540874,1.05,0.15,4.2,0.6782329983125269,0
512,0.23384318580916902,0.16256494640090385,0.17881163399015684,0.039292259555819595,0.0007535164841737714,0.0004460593488079425,100.0,0.0,62.0,3.449637662132068,1.1,0.3,4.5,0.8660254037844386,0
513,0.2383228979814876,0.17296661198680086,0.1789031103244087,0.041347458083353876,0.0008803597451964645,0.0005203794154662169,100.0,0.0,63.75,1.9461500456028564,1.0,0.0,4.45,0.7399324293474372,0
514,0.24861230053558905,0.16053163385774136,0.17401288448645824,0.03903580933449266,0.0011040985685782996,0.0008066000854889328,100.0,0.0,63.4,3.9924929555354263,1.05,0.21794494717703372,4.15,0.653834841531101,0
515,0.24709093049017322,0.14287377949198304,0.17109863745754306,0.03361441936055429,0.00103879749522841,0.0005375162875480014,100.0,0.0,64.2,3.6276714294434105,1.1,0.3,4.3,0.6403124237432849,0
516,0.2313912906245365,0.12402661191455668,0.17468171738753352,0.03102109452042355,0.0010892482450786558,0.0004965559683668206,100.0,0.0,63.65,4.138538389335056,1.15,0.3570714214271425,4.15,0.7262919523166976,0
517,0.22585175575307176,0.10807859519147348,0.17521114362121418,0.027153923795401082,0.0013968615311146994,0.0007387517612253067,100.0,0.0,62.25,2.913331426391443,1.1,0.3,4.7,1.1,0
518,0.25710046624788796,0.15390803227987915,0.168261750966305,0.037565843747157025,0.0015701774021015646,0.0009480960423876424,100.0,0.0,62.9,3.2388269481403293,1.1,0.3,4.25,0.698212002188447,0
519,0.27194241302286576,0.17622245344667886,0.1660913538577283,0.04253806241173908,0.0013508757746970505,0.0007567039808365532,100.0,0.0,62.85,3.8506492958980307,1.05,0.21794494717703372,4.35,0.8529361054615991,0
520,0.2830076065625311,0.17845788547395186,0.1644719678590158,0.042919714426688634,0.0011466362132253876,0.000542565597158302,100.0,0.0,63.05,2.7834331319433563,1.075,0.23848480035423641,4.25,0.7664854858377946,0
521,0.2850193344926808,0.1797939037562228,0.16389052039144364,0.04231822815867404,0.0009681104858549003,0.000531144086321887,100.0,0.0,63.25,3.897114317029974,1.025,0.10897247358851683,4.25,0.8874119674649424,0
522,0.2805821542618562,0.1613928071965671,0.16405741117782546,0.038949176360915175,0.0010604518552054768,0.0008615548393268768,100.0,0.0,63.5,2.8722813232690143,1.0,0.0,4.35,0.7262919523166976,0
523,0.288988877879943,0.16129187716229526,0.16255130877230234,0.03992490663421913,0.0011306900352055038,0.0008508375881309317,100.0,0.0,63.6,3.1368774282716245,1.075,0.23848480035423641,4.05,0.6689544080129826,0
524,0.2853452970426803,0.17125968639508982,0.1637707794600204,0.04049105326311758,0.0011685167114269326,0.0008795862348396821,100.0,0.0,62.2,2.5806975801127883,1.15,0.3570714214271425,4.2,0.8124038404635961,0
525,0.28529288382798207,0.1760169201112794,0.16371436321850258,0.041937625704016726,0.0011671809982009406,0.0009381179516301964,100.0,0.0,62.15,2.515452245621053,1.175,0.36314597615834876,4.2,0.5099019513592784,0
526,0.294588576336751,0.17122748906012486,0.16268864637445452,0.04149804116085479,0.0012145029305768063,0.0008575069117346155,100.0,0.0,63.45,3.0409702399069944,1.1,0.3,4.5,0.7416198487095663,0
527,0.32986593863626623,0.17014734860833883,0.15337826793592907,0.03767455606334736,0.0012264323877915857,0.000950893076690617,100.0,0.0,64.15,2.7617928959282954,1.025,0.10897247358851683,4.25,0.82915619758885,0
528,0.3319230743489568,0.18034108877325272,0.15299603536917533,0.03926819083209643,0.0009342760336909529,0.0006271882496577378,100.0,0.0,63.4,2.6343879744638983,1.05,0.21794494717703367,4.15,0.7262919523166976,0
529,0.3203527136444498,0.17017927370133776,0.1558989275367659,0.038419808745578474,0.0008499983468196951,0.0005409739166586476,100.0,0.0,63.9,3.031501278244824,1.0,0.0,4.0,0.5477225575051661,0
530,0.3094064431635707,0.156853845072049,0.15868597065253667,0.03629967776844643,0.0008216579086309867,0.00044379100629634395,100.0,0.0,63.35,3.5110539728121526,1.1,0.3,4.15,0.5722761571129799,0
531,0.29438426185176336,0.15263258046852218,0.1615232177462172,0.03623945819959623,0.0008180876002266685,0.00042981468874884793,100.0,0.0,63.25,3.6314597615834874,1.05,0.21794494717703367,4.85,1.107925990308017,0
532,0.2825725697920072,0.13970914206881166,0.162671954646957,0.032751310851949246,0.0010313418780427967,0.0008391987764985094,100.0,0.0,63.3,2.5903667693977237,1.075,0.23848480035423641,3.95,0.6689544080129826,0
533,0.2864040124252857,0.14079348405203196,0.16176845679852908,0.03217696331743491,0.0011001194000390564,0.0008466039740496798,100.0,0.0,63.6,2.90516780926679,1.1,0.3,4.1,0.6244997998398398,0
534,0.28422776076751477,0.14891558139818115,0.16301942895442195,0.03521593985883817,0.0010977389671671229,0.0009760496207230909,100.0,0.0,63.25,2.843853020111975,1.075,0.23848480035423641,4.2,0.6782329983125268,0
535,0.28077427980572367,0.16081557633242394,0.16526135507138304,0.04004918363904201,0.0009314740724789902,0.0004772513593257182,100.0,0.0,61.7,2.9512709126747416,1.1,0.3,4.05,0.5894913061275798,0
536,0.27565525768857096,0.16012582309149043,0.16647247514113533,0.039822188881603035,0.0010833024269924609,0.0005351610626058965,100.0,0.0,63.25,2.7179955849853767,1.075,0.23848480035423641,4.05,0.5894913061275798,0
537,0.2724575173612962,0.1480709208585042,0.16595450883349694,0.03629493843110828,0.0010335373358934868,0.0006557560499395755,100.0,0.0,63.15,2.779838124783528,1.075,0.23848480035423641,4.0,0.7745966692414834,0
538,0.2671142139682263,0.13462312103851326,0.16649043202952502,0.032056018400607275,0.0010226651301008403,0.0006145441127039807,100.0,0.0,63.8,2.6381811916545836,1.05,0.21794494717703372,4.0,0.7071067811865476,0
539,0.2627222539787605,0.12037946965118865,0.16710110208026052,0.030052372317416774,0.0010573050525488775,0.0006109698832822047,100.0,0.0,62.6,3.0066592756745814,1.175,0.36314597615834876,4.5,0.806225774829855,0
540,0.2602629616506852,0.12601893635865893,0.16772609442797184,0.03196313854846916,0.0009377721673272728,0.0005322449596384228,100.0,0.0,63.2,3.9319206502675,1.125,0.3112474899497183,4.25,0.698212002188447,0
541,0.24248820915781816,0.12023070291427888,0.17233620739787608,0.03221289492972179,0.0008752107917964355,0.0006017662397731944,100.0,0.0,65.15,3.4245437652335533,1.05,0.21794494717703372,4.2,0.6782329983125269,0
542,0.22742618882422966,0.11637268121123448,0.17582821581539168,0.033128447211234424,0.000884339603278696,0.0006662522327459342,100.0,0.0,64.05,2.8718460961548757,1.05,0.21794494717703372,4.4,0.8,0
543,0.21661327028416114,0.11855617254899557,0.1791494097371102,0.033304758431778554,0.0009115192724439147,0.0006605765205419067,100.0,0.0,63.65,3.1666228067138023,1.0,0.0,4.3,0.714142842854285,0
544,0.21921247421256815,0.14827043137747892,0.17968477257812504,0.03636580130343403,0.0009369135220323255,0.000614364609514159,100.0,0.0,63.65,2.3081377775167584,1.0,0.0,4.3,0.6403124237432849,0
545,0.2195777185786169,0.14876913117934654,0.1810205607205681,0.03686314481495242,0.0011320242915917663,0.0008423443594024909,100.0,0.0,63.5,3.122498999199199,1.05,0.21794494717703372,4.2,0.6782329983125269,0
546,0.2412079471859565,0.18706686536473288,0.17748311641533254,0.04356221879652492,0.000956079764745857,0.0006915699438262513,100.0,0.0,63.35,2.920188350089768,1.075,0.23848480035423641,4.25,0.82915619758885,0
547,0.26106893107709345,0.1916920950530991,0.17289512723425832,0.04357702306808359,0.0010323692097175049,0.0006223110346508054,100.0,0.0,63.75,3.672533185690771,1.025,0.10897247358851683,4.35,0.5722761571129799,0
548,0.26763643244557167,0.17174844798817518,0.1692087526462512,0.04012321291258819,0.0010720708802980177,0.0006760665031754259,100.0,0.0,64.25,2.5074887836239665,1.025,0.10897247358851683,4.1,0.7681145747868608,0
549,0.26491256128227975,0.15758940596412757,0.16882529257904572,0.03834303529036941,0.0009548361429150291,0.0006204178879190286,100.0,0.0,63.45,2.635811070619441,1.025,0.10897247358851683,4.1,0.5385164807134504,0
550,0.2464030113996257,0.13300790436751653,0.17240875321510557,0.034141986478502515,0.000857589154310449,0.0007172047911963229,100.0,0.0,63.45,3.694252292413175,1.125,0.3112474899497183,4.05,0.804673846971554,0
551,0.23253473521806517,0.1194828305373309,0.1761588937548909,0.03320729983734308,0.0008101178829053223,0.0006863933400579362,100.0,0.0,64.4,3.307567081708245,1.05,0.21794494717703372,4.15,0.9096702699330127,0
552,0.231826469648699,0.12039814398819329,0.17657255078379522,0.03365253876571608,0.0007747902892167,0.0005837962558271224,100.0,0.0,63.05,2.71062723368596,1.0,0.0,4.35,0.5722761571129799,0
553,0.23921408709832356,0.14019396748501092,0.17446119237311508,0.033703692889738,0.0007987352717200276,0.00036434010045273624,100.0,0.0,63.0,3.8078865529319543,1.1,0.3,4.15,0.5722761571129799,0
554,0.23956983094261627,0.1472311466601688,0.17528280338298724,0.034881187529463856,0.0008237322792669904,0.0005864102306734742,100.0,0.0,63.75,2.7179955849853767,1.0,0.0,4.3,0.714142842854285,0
555,0.24123704718743683,0.14512031117481988,0.17379784292742254,0.03457774458550831,0.0009500118760160098,0.0007058646816291293,100.0,0.0,62.9,2.487971060924946,1.075,0.23848480035423641,4.1,0.43588989435406733,0
556,0.24262017629618082,0.1508497655687994,0.1732794350769119,0.035781608430861096,0.0010314280391184622,0.0007011458186956552,100.0,0.0,63.7,3.4799425282610637,1.0,0.0,3.9,0.6244997998398398,0
557,0.24662268525568956,0.1554428703825253,0.17272315391817433,0.03760892054313505,0.0010569699588653455,0.0007914101163704373,100.0,0.0,63.0,3.082207001484488,1.075,0.23848480035423641,4.15,0.47696960070847283,0
558,0.2532661594449293,0.1609528428742154,0.17260899870868124,0.037787762771149806,0.0010074055966277024,0.0006325710240779557,100.0,0.0,63.85,3.6915443922564446,1.05,0.21794494717703372,4.35,0.792148975887743,0
559,0.26879009387714103,0.15010922619241443,0.16767792673706297,0.034773972028837516,0.0009305739289439318,0.0007781115923696059,100.0,0.0,62.85,3.4680686267719674,1.2,0.3674234614174767,4.0,0.6324555320336759,0
560,0.25914453724320197,0.13176505900079455,0.16953141327408963,0.033205802939572114,0.0009274659279692309,0.000794608244472263,100.0,0.0,62.95,3.2935543110748906,1.1,0.3,4.25,0.698212002188447,0
561,0.2615451479703693,0.11537937944575603,0.16705662327964016,0.027761121406448923,0.0008640848699396711,0.0006282798226582471,100.0,0.0,63.2,2.4617067250182343,1.0,0.0,4.6,0.5830951894845301,0
562,0.2509519718046331,0.11663151561177543,0.17034496048773531,0.029854709006996855,0.0008859389101888131,0.000761468406053352,100.0,0.0,64.7,3.8223029707232783,1.0,0.0,4.1,0.7681145747868608,0
563,0.2543157217949666,0.13149153516524775,0.1706604441338067,0.03363690228986176,0.000965792088603638,0.0006772994427156882,100.0,0.0,63.25,3.1760824926314495,1.05,0.21794494717703372,4.15,0.7921489758877431,0
564,0.2713756553064266,0.14738112542918133,0.16585933906894582,0.03434207566173594,0.0009126853408794395,0.0005954629489174771,100.0,0.0,63.15,2.104162541250081,1.05,0.2179449471770337,4.2,0.5099019513592784,0
565,0.2679922773807043,0.14103513534003512,0.16648818205429503,0.03397348206874627,0.0008861063274721063,0.0005087957759699826,100.0,0.0,63.7,2.9171904291629644,1.1,0.3,4.3,0.8426149773176358,0
566,0.2629114958644957,0.13550297122265367,0.1681029488466838,0.03423642185015583,0.0009132032720474215,0.0005930382186121621,100.0,0.0,63.1,3.3600595232822887,1.1,0.3,4.4,0.7999999999999999,0
567,0.2563869525455255,0.1230486170254159,0.1688720697391593,0.03146576306439955,0.0009319491573759536,0.0005763493211675888,100.0,0.0,63.45,3.470950878361721,1.2,0.4,4.25,0.9420721840708386,0
568,0.25134679647762337,0.11567647098419362,0.16985431499509354,0.030685167343145265,0.0008508656239372429,0.0005651967020139973,100.0,0.0,62.5,2.202271554554524,1.0,0.0,4.4,0.8602325267042626,0
569,0.2395446303493424,0.1045895721045427,0.17164057617532624,0.027851305146217892,0.0008625187494111567,0.0005419239278519696,100.0,0.0,62.3,2.685144316419511,1.15,0.3570714214271425,4.15,0.7262919523166975,0
570,0.22190473499208827,0.09451179464325916,0.17586630629643066,0.026075167828195606,0.0008590470381435722,0.000510190303975259,100.0,0.0,64.05,2.67348087705897,1.0,0.0,4.0,0.6324555320336759,0
571,0.20838275670469925,0.0946766996842174,0.17969030298880673,0.026672918951970416,0.0010253773215652847,0.0006969924406806014,100.0,0.0,63.35,2.937260628544903,1.05,0.21794494717703372,4.35,0.6538348415311012,0
572,0.20369606234985377,0.08873588399364177,0.18015353027050582,0.025220596226128565,0.0012123185237362813,0.0008497785730443426,100.0,0.0,63.65,2.7617928959282954,1.05,0.21794494717703372,4.35,0.7262919523166975,0
573,0.20538773159158916,0.08721577349472444,0.17956644060356944,0.0243642742202328,0.0014913718933926737,0.0009912514520421538,100.0,0.0,63.85,3.66435533211505,1.1,0.3,4.1,0.8306623862918076,0
574,0.22174997248492473,0.10197835321037922,0.17621611332061066,0.028227076888371824,0.0014539807743573186,0.001015866601350005,100.0,0.0,63.7,3.579106033634656,1.05,0.21794494717703372,4.45,0.8645808232895291,0
575,0.25465439726539846,0.14011194015499062,0.16902449188972984,0.03391917612406006,0.0016351957904791898,0.0012468064219789833,100.0,0.0,63.2,2.694438717061496,1.05,0.21794494717703372,4.25,0.8874119674649424,0
576,0.28669691960324806,0.18806592542095846,0.16360081104118715,0.04324551866027063,0.0012741095626447158,0.0011584269702744892,100.0,0.0,63.45,3.866199684444661,1.1,0.3,4.15,0.6538348415311012,0
577,0.2928608485368745,0.19796024193965758,0.16312986631544832,0.04698803392586139,0.0012124132480128204,0.0011553029179529753,100.0,0.0,62.6,1.8547236990991405,1.0,0.0,4.05,0.5894913061275798,0
578,0.3086236729497817,0.19004570179558017,0.15807549626122813,0.043753820555373184,0.0011401887288308309,0.0008411601950662747,100.0,0.0,62.5,2.819574435974337,1.1,0.3,4.4,0.9165151389911681,0
579,0.31648022613211896,0.18299274884307073,0.15573610076158845,0.04217211068790277,0.001049174396449156,0.0007278383986788236,100.0,0.0,64.2,2.959729717389748,1.0,0.0,3.9,0.6244997998398398,0
580,0.311971571554691,0.1734394131168747,0.15713268747570516,0.039891496113270725,0.0009317225515892197,0.0007454340835539573,100.0,0.0,63.1,3.4336569426778794,1.05,0.21794494717703367,4.2,0.5099019513592784,0
581,0.31213491222810813,0.16376632792858065,0.1561906828009658,0.037058188681575725,0.0008768412707053348,0.0006138258309091522,100.0,0.0,63.35,2.2643983748448506,1.05,0.2179449471770337,4.1,0.7,0
582,0.3092592223410631,0.17604965218099541,0.15811056496990772,0.03911534483372467,0.0008518605090637182,0.00043178457252561356,100.0,0.0,62.9,2.662705391138869,1.1,0.3,4.3,0.714142842854285,0
583,0.3147280359928827,0.167020167959042,0.15692301691293717,0.03662673175616543,0.0010436862909256018,0.00043938123191905983,100.0,0.0,63.3,2.590366769397724,1.0,0.0,4.1,0.7000000000000001,0
584,0.3205043212846471,0.14930323248787591,0.15471477031230713,0.0326583512442059,0.0010565691459363078,0.0006468006314343007,100.0,0.0,63.0,2.0,1.05,0.15,4.3,0.5567764362830021,0
585,0.33278037458201915,0.1363967643713364,0.15098625020167705,0.030441145298110022,0.001011351504838779,0.0009646507294833733,100.0,0.0,63.55,3.0899029110960754,1.075,0.23848480035423641,4.0,0.6324555320336759,0
586,0.32386741789512447,0.1355914744950469,0.15345613565223593,0.03132723332952678,0.0007427312261639683,0.00048237056278133773,100.0,0.0,64.0,3.286335345030997,1.0,0.0,3.95,0.5894913061275798,0
587,0.30262582176280256,0.13444597985283774,0.15781197447571718,0.030214277082097115,0.0006062237611492601,0.00038501164258221735,100.0,0.0,62.85,3.1188940347501393,1.075,0.23848480035423641,4.3,0.6403124237432849,0
588,0.2804076350681465,0.13147260296727137,0.16302479045521415,0.03149017219749545,0.0006257114872645928,0.00037933111943930285,100.0,0.0,63.5,2.7477263328068173,1.0,0.0,4.15,0.852936105461599,0
589,0.2671407587368534,0.1387612503786451,0.16709787847095495,0.03316236708221607,0.0006983866643227373,0.00044541191256763224,100.0,0.0,63.25,3.6588932752951404,1.025,0.10897247358851683,4.25,0.9420721840708386,0
590,0.27004294046935823,0.15125356919045002,0.16632835076085323,0.03364580988977682,0.0008063322817827139,0.00048315571100928083,100.0,0.0,62.55,2.765411361804967,1.075,0.23848480035423641,4.35,0.653834841531101,0
591,0.27105821293947485,0.17454245823643907,0.16674851032344,0.03828268415415249,0.0007673226803625156,0.0004160445163798494,100.0,0.0,62.65,2.688401011754013,1.175,0.36314597615834876,4.0,0.6324555320336759,0
592,0.2613931924840207,0.17340887167273258,0.1694132402712611,0.0385684542019201,0.0007764220704496909,0.0003626867609408617,100.0,0.0,62.1,3.9862262855989496,1.2,0.4,4.15,0.5722761571129799,0
593,0.2557976862752153,0.16468310815091208,0.17008548033419102,0.03724444483351651,0.0007654525313981108,0.0003772051621448755,100.0,0.0,62.25,3.6038174204584785,1.25,0.4330127018922193,4.3,0.5567764362830021,0
594,0.25467361740109057,0.1579874786232786,0.1697046549376214,0.036808590674073625,0.0010098430050817203,0.0005965006214601847,100.0,0.0,63.15,1.930673457630782,1.0,0.0,4.4,0.6633249580710799,0
595,0.2587604588336462,0.1564237404804496,0.16765569122553803,0.03742910098362983,0.001164397968006481,0.0008709287635719613,100.0,0.0,62.85,2.351063589101749,1.05,0.21794494717703372,4.5,0.6708203932499369,0
596,0.26345752741816847,0.15001220707651847,0.16516303881857186,0.034820959231958784,0.0013847181303953628,0.0011884248463149524,100.0,0.0,64.25,2.5470571253900056,1.0,0.0,4.2,0.6,0
597,0.27313023854475726,0.1613969277645156,0.16393524911562243,0.03833408125581634,0.001432618186224303,0.0013115637828445892,100.0,0.0,62.65,3.2752862470324633,1.1,0.3,4.25,0.698212002188447,0
598,0.29474927609073787,0.18523790107953866,0.15965718664374529,0.040055710724365035,0.0012696630588014174,0.0009608149624112197,100.0,0.0,63.35,3.118894034750139,1.075,0.23848480035423641,4.35,0.9096702699330126,0
599,0.2959981530708006,0.19468493669836334,0.16147647534430978,0.0413986307986387,0.0009510468669562549,0.0005430316883620667,100.0,0.0,64.45,3.0409702399069944,1.075,0.23848480035423641,4.1,0.7000000000000001,0
600,0.2879719913414157,0.19218701378376374,0.16335112149772849,0.041716617889641865,0.0009200953691109462,0.000647437137912639,100.0,0.0,63.45,2.4387496796514396,1.025,0.10897247358851683,4.05,0.6689544080129826,0
601,0.28142843502893344,0.1821134699657377,0.1654338478692692,0.04070226152761176,0.0008550121457982247,0.000759754410312873,100.0,0.0,63.25,3.2384409829422554,1.05,0.21794494717703372,4.55,0.9205976319760985,0
602,0.2812565777623224,0.17415757804119228,0.16526488138032408,0.039497597261531396,0.0008779172872344729,0.0007824230124135481,100.0,0.0,62.6,3.4263683398023628,1.175,0.36314597615834876,4.35,0.7921489758877431,0
603,0.281266570632405,0.17297370979023594,0.16536717957013214,0.040175886786335935,0.0009558724768760915,0.0006338277189027748,100.0,0.0,64.7,3.4510867853474796,1.1,0.3,3.85,0.47696960070847283,0
604,0.2814576158252474,0.16471221135790562,0.16474165296838,0.03976826354456302,0.001058563575004079,0.0006501208989994166,100.0,0.0,63.1,3.845776904605882,1.05,0.21794494717703372,4.25,0.698212002188447,0
605,0.2906767540556732,0.14386595740608538,0.16046520873515907,0.03438593642933031,0.0010996193891745529,0.0006128200048094363,100.0,0.0,64.35,2.725344014982329,1.0,0.0,4.0,0.6324555320336759,0
606,0.2886922309412611,0.12824596159695992,0.1602272392913284,0.030041845905102327,0.0010119569703927903,0.0005840648355356056,100.0,0.0,64.1,2.364318083507378,1.0,0.0,4.2,0.5099019513592784,0
607,0.2772065838329091,0.12387786738788041,0.1629500816493491,0.029997546025294686,0.0008928237683263958,0.0004739245669755155,100.0,0.0,64.45,1.9868316486305526,1.0,0.0,4.05,0.5894913061275798,0
608,0.2729495318405235,0.12689956660755658,0.1643656333800039,0.030324058155277837,0.0008553941420542272,0.0005169068388422793,100.0,0.0,62.95,3.1697791721190924,1.175,0.36314597615834876,4.15,0.4769696007084728,0
609,0.2754481673998446,0.14500486156268177,0.16482375545366632,0.03457549126495028,0.0009247942449004306,0.0007028669054826095,100.0,0.0,64.65,3.395217224272992,1.05,0.21794494717703372,4.4,1.1575836902790224,0
610,0.28945974814224484,0.16530994867825086,0.16284714871019962,0.03848718671098415,0.0010420898069357586,0.0007393772045242086,100.0,0.0,62.8,3.171750305430741,1.125,0.3112474899497183,4.25,0.5361902647381804,0
611,0.29969622657709366,0.1712420324708543,0.1600646251731475,0.03799196838459845,0.0009993768880326855,0.000575298117894307,100.0,0.0,63.1,3.40440890610984,1.1,0.3,4.4,0.7348469228349535,0
612,0.2976513463454706,0.1774216966166084,0.1616219866431094,0.03976804421916291,0.0009247757166416744,0.0004952033978503189,100.0,0.0,63.1,2.964793416074719,1.05,0.21794494717703372,4.4,0.9165151389911679,0
613,0.30303299949191853,0.16851290623107537,0.160339983284139,0.03716442815452434,0.0009758295098940512,0.000656979983938641,100.0,0.0,64.2,3.009983388658482,1.0,0.0,4.25,0.8874119674649424,0
614,0.307488060186315,0.15896096125281717,0.1578899614971923,0.034562611995422474,0.0009545442046130682,0.0008047184042990913,100.0,0.0,63.05,3.0736785778607363,1.1,0.3,3.9,0.43588989435406733,0
615,0.30833653500232827,0.1513220019787954,0.15682385642727475,0.03307219711116432,0.0009624070317264406,0.0009623608659941985,100.0,0.0,63.35,2.885740806101615,1.0,0.0,4.35,0.7921489758877431,0
616,0.307363832833954,0.14140705346787694,0.15659663275361305,0.031113294642115017,0.0009688039325594497,0.000766884731605542,100.0,0.0,63.5,3.8535697735995385,1.05,0.21794494717703372,4.4,0.5830951894845301,0
617,0.30237626014315827,0.1250477632343373,0.15624536825860086,0.02720086093225195,0.0011669355927721049,0.0009705916558164695,100.0,0.0,63.1,3.080584360149872,1.05,0.21794494717703367,4.5,0.7416198487095663,0
618,0.31530640972136326,0.12315256452240336,0.15318104045807868,0.027335104212666994,0.0010872023238253164,0.000870281074638274,100.0,0.0,63.25,3.884263121880391,1.125,0.3112474899497183,4.35,0.7262919523166976,0
619,0.32309433767520906,0.12591118499973702,0.151817914966257,0.026889914070655142,0.0010979899888726473,0.0007412488919188944,100.0,0.0,63.45,2.5975950415721076,1.05,0.21794494717703372,4.25,0.6224949798994366,0
620,0.3454740312636999,0.14318206432433478,0.14775391807117155,0.03010064830310197,0.0010636278411059268,0.0007940690450588038,100.0,0.0,63.05,2.8368115905008566,1.0,0.0,4.1,0.5385164807134504,0
621,0.3654216766080087,0.1672358550368035,0.1434199372376567,0.035151687050935715,0.0010707652450429434,0.0005908322801208762,100.0,0.0,63.45,2.5391927851189244,1.05,0.21794494717703372,4.2,0.5099019513592784,0
622,0.373799210103155,0.1844284054262137,0.14207929596417632,0.038644528236969206,0.0009102140450963171,0.0003934704867298097,100.0,0.0,63.9,3.8845849199110063,1.2,0.4,3.95,0.49749371855331004,0
623,0.375725460768121,0.18546023939953402,0.1424949213700773,0.03927793418170687,0.0008567097626234517,0.00034834764187600595,100.0,0.0,62.55,2.2688102609076854,1.075,0.23848480035423641,4.4,0.7348469228349535,0
624,0.3733534180880336,0.18226841613500555,0.14300273734070976,0.03917522185675247,0.0009018879268633491,0.00045271681504086117,100.0,0.0,63.7,3.179622619116929,1.1,0.3,4.3,0.5567764362830021,0
625,0.3701367063244708,0.182269757397655,0.14352687384804388,0.03914233181760004,0.000879848592444296,0.0004901173320093455,100.0,0.0,63.1,2.7730849247724096,1.1,0.3,4.55,0.8046738469715541,0
626,0.36236472666890973,0.17709887404522645,0.14480579667133306,0.03821164513228028,0.0008962662189216641,0.00048658502427355814,100.0,0.0,63.35,3.070423423568808,1.1,0.3,4.3,0.8426149773176358,0
627,0.35246286483374806,0.17560122538407194,0.1468227294193871,0.036801328698994384,0.00099559702184523,0.0005132422321606717,100.0,0.0,62.65,2.815581645060217,1.275,0.40233692348577704,4.0,0.5477225575051661,0
628,0.345351824464956,0.1671057457822273,0.14787778075755786,0.034454290766406916,0.0010185221374009257,0.0005543297897382279,100.0,0.0,63.35,4.210403781111736,1.15,0.3570714214271425,4.35,0.6538348415311012,0
629,0.3464847809686322,0.16062883700638764,0.14762198910584104,0.03399359945615749,0.0010960599070137004,0.0005765272977183062,100.0,0.0,63.8,3.0594117081556704,1.025,0.10897247358851683,3.9,0.7000000000000001,0
630,0.34633284666818404,0.16450899476886174,0.14777805072050132,0.03517306981731488,0.0010128887761467471,0.0005768182421108058,100.0,0.0,62.9,3.0967725134404045,1.025,0.10897247358851683,4.35,0.7921489758877431,0
631,0.34176487732966004,0.16756672706375575,0.1494126755677731,0.03736345701045672,0.0010060288529741865,0.0006371528855947602,100.0,0.0,63.75,2.9643717715563276,1.05,0.15,4.25,0.82915619758885,0
632,0.349995379010694,0.16833539508998663,0.1471121554382885,0.03660579266840385,0.0011908436692294841,0.0008517843439816034,100.0,0.0,64.0,3.0,1.05,0.21794494717703372,3.95,0.6689544080129826,0
633,0.36253920557832753,0.16621381581823808,0.14357065253485263,0.03701109608704198,0.0012903309943101103,0.00098259272172987,100.0,0.0,63.95,2.9744747435471695,1.075,0.23848480035423641,4.1,0.9433981132056604,0
634,0.37257424513691606,0.16115653663958618,0.14127588828985832,0.03510347968042795,0.0012003547038703319,0.00060574766899571,100.0,0.0,62.4,3.039736830714133,1.05,0.21794494717703372,4.25,0.6224949798994366,0
635,0.37649485553293255,0.15082977843920717,0.14106765830220347,0.031720960156613305,0.001063795979295898,0.0006108417619435584,100.0,0.0,62.9,2.896549671592048,1.15,0.32015621187164245,4.25,0.7664854858377946,0
636,0.37481357537984056,0.14478036158792543,0.1422583121386456,0.031289868798041395,0.001025293415660503,0.0005683398869775341,100.0,0.0,64.65,2.725344014982329,1.0,0.0,4.3,1.0049875621120892,0
637,0.3807401417717581,0.15363744167765325,0.1407264421743049,0.032355859854743235,0.000979941336359626,0.0005847964033436885,100.0,0.0,60.35,2.903015673398957,1.25,0.4330127018922193,4.45,0.9205976319760985,0
638,0.37683079199587105,0.14369312622050537,0.1412187165321935,0.030230412757637062,0.0008834341220677293,0.0005307157458761862,100.0,0.0,62.8,2.5019992006393608,1.1,0.3,4.15,0.7262919523166975,0
639,0.38176626770951083,0.14112476493937523,0.1398926459759438,0.02980932523628821,0.0008673646364041034,0.0006279799196260679,100.0,0.0,63.7,3.4073450074801643,1.05,0.21794494717703372,4.15,0.7262919523166976,0
640,0.3776255313142011,0.13411743870844955,0.14045836405894296,0.029138956245701435,0.0009640503113021824,0.0006861000282655499,100.0,0.0,62.9,3.448187929913334,1.0,0.0,4.35,0.6538348415311012,0
641,0.38156852899171034,0.1253880642815088,0.13916097217687912,0.027771996049896986,0.0010140950728924545,0.0007474548795991775,100.0,0.0,63.85,2.197157254271983,1.0,0.0,4.2,0.6782329983125268,0
642,0.38379838184531656,0.11562280458128163,0.13746259917905,0.024490019521146714,0.0011193374954566583,0.000789281169495818,100.0,0.0,63.85,3.1507935508376304,1.025,0.10897247358851683,4.05,0.49749371855331,0
643,0.39266059179921753,0.10154920934560188,0.1346108362832425,0.021227780746796817,0.001278988688927477,0.0009440466184988026,100.0,0.0,64.4,3.352610922848042,1.075,0.23848480035423641,4.4,0.9695359714832659,0
644,0.4128299531156773,0.10384459506477535,0.13001293953240023,0.023091428535145658,0.0013432116985729035,0.0008692146506810622,100.0,0.0,62.4,3.0724582991474434,1.05,0.21794494717703372,4.25,0.5361902647381804,0
645,0.4307444897145153,0.12206880428711202,0.12651449034480874,0.028431772082213737,0.0012756623815176676,0.0007669752403086179,100.0,0.0,63.95,2.3553131426627756,1.05,0.21794494717703372,4.3,0.9539392014169457,0
646,0.4561806600437839,0.1381794419367581,0.12089118884984837,0.03116955748819617,0.0012780670000494385,0.0008592515427649163,100.0,0.0,62.45,2.4794152536434875,1.125,0.3112474899497183,4.2,0.6,0
647,0.4691218507840345,0.15223763496988352,0.11867715598520416,0.03305474051148529,0.001143776618763251,0.0007562708464131841,100.0,0.0,64.4,3.3970575502926055,1.025,0.10897247358851683,4.25,0.5361902647381804,0
648,0.47862441023694513,0.16837927885273385,0.117800626358002,0.03554690568585777,0.0009958759216789855,0.0007168531185540744,100.0,0.0,64.4,2.2891046284519194,1.05,0.21794494717703367,4.05,0.5894913061275798,0
649,0.48452592334430805,0.1910339361603024,0.11785447734168113,0.03910971075386471,0.0008839390608477587,0.0005202597316472033,100.0,0.0,62.95,3.4565155865408737,1.2,0.4,4.0,0.7071067811865476,0
650,0.49546866523076344,0.20003438020288394,0.11669493323135438,0.038902404286968215,0.0007694394627594971,0.0005163121370726077,100.0,0.0,64.65,2.9372606285449034,1.0,0.0,4.3,0.5567764362830022,0
651,0.49727309624015437,0.19699397392618623,0.11662798792946491,0.03757374004865499,0.0007864664917856141,0.0005505314779836774,100.0,0.0,63.7,2.5903667693977237,1.025,0.10897247358851683,4.1,0.6244997998398398,0
652,0.5068529071348064,0.1942562856508542,0.11501074826198505,0.03701164637299572,0.000823007976622646,0.0006596945032424652,100.0,0.0,63.45,3.5563323804166562,1.075,0.23848480035423641,4.45,0.6689544080129827,0
653,0.5109217842423609,0.18826890974825777,0.11440021994636276,0.037743966302745645,0.0007867527776100746,0.0005256488726066482,100.0,0.0,63.6,3.7067505985701277,1.075,0.23848480035423641,4.3,0.6403124237432849,0
654,0.5185119317485327,0.18758834331020285,0.11312054659497421,0.03815149767065873,0.000768528195515508,0.00042393812390934205,100.0,0.0,64.35,3.3507461855533016,1.05,0.21794494717703367,4.25,0.7664854858377946,0
655,0.5121987735990896,0.18170012944363637,0.11429241219187622,0.03666828820066205,0.0007720705493304089,0.0004186198775585618,100.0,0.0,63.65,3.8376425054973526,1.0,0.0,4.2,0.6,0
656,0.5130367069132149,0.17411985508101196,0.1130369332341691,0.036793318902608785,0.000808536931445244,0.00043614380318226316,100.0,0.0,63.3,3.018277654557314,1.0,0.0,4.2,0.812403840463596,0
657,0.5076006952400959,0.1744455129249906,0.1141554364475843,0.03657581539229356,0.000819834621920748,0.00028524695290293837,100.0,0.0,64.15,2.95423424934449,1.025,0.10897247358851683,4.35,0.7262919523166975,0
658,0.507667380489649,0.16070130985960468,0.11326695018625785,0.03318171743808662,0.000978074673235761,0.0003596157320300106,100.0,0.0,62.85,2.7436289836637897,1.1,0.2549509756796392,4.25,0.6224949798994366,0
659,0.5104855830928935,0.14392908408608868,0.11220981961105529,0.028971210798960444,0.0010487462728507395,0.00044800196034468237,100.0,0.0,63.9,3.5763109484495335,1.15,0.3570714214271425,3.85,0.852936105461599,0
660,0.5189940632755695,0.14291088157687884,0.10999362696685548,0.02879228008326749,0.001045742678160027,0.00032358574591022024,100.0,0.0,62.5,3.4713109915419564,1.2,0.4,4.05,0.804673846971554,0
661,0.5279616477988097,0.14222677769599254,0.10810137400387279,0.028359312476883603,0.0010193152835419918,0.00041990028997386297,100.0,0.0,61.9,2.808914381037628,1.1,0.3,4.35,0.852936105461599,0
662,0.5362673209411005,0.14286471863182665,0.10646558010863853,0.028602968995843026,0.0010213942538372031,0.0004893372108902855,100.0,0.0,62.25,2.56661255354212,1.0,0.0,4.4,0.9165151389911681,0
663,0.5411203317446229,0.1542322385874726,0.10494583119103737,0.031255822687549194,0.001047971458289536,0.0005564352104081351,100.0,0.0,64.25,2.9979159427842537,1.1,0.3,4.25,0.82915619758885,0
664,0.5445219322955565,0.16383292610920924,0.10488860973869932,0.03278112069481499,0.0009614386235393202,0.00045226155449947273,100.0,0.0,63.0,2.16794833886788,1.1,0.3,4.0,0.4472135954999579,0
665,0.5509296912658355,0.1662591543272831,0.10402084686251552,0.03328287607981436,0.0009563801443188734,0.00038451659549963626,100.0,0.0,64.05,2.4591665254715873,1.0,0.0,4.05,0.4974937185533099,0
666,0.5591460308787723,0.15226853609874544,0.10145862746734532,0.030229269301806624,0.0010557413925363277,0.00047754140126331733,100.0,0.0,64.0,2.8460498941515415,1.025,0.10897247358851683,4.3,0.714142842854285,0
667,0.5681288968964059,0.14680682840843748,0.09894855525493729,0.028537422010654984,0.001186067711071962,0.00060448212302271,100.0,0.0,63.7,3.6619666847201113,1.125,0.3112474899497183,3.95,0.6689544080129826,0
668,0.5736744554818756,0.14243200396892286,0.09800915079713166,0.027875287217382444,0.0012141812173899198,0.000611758926815816,100.0,0.0,63.85,2.920188350089768,1.0,0.0,4.25,0.9937303457175896,0
669,0.5864633288262454,0.12588682049909525,0.0957873535097422,0.024337257126119134,0.0011733451201500346,0.0005422026833091472,100.0,0.0,63.8,2.767670500619609,1.0,0.0,4.45,0.6689544080129827,0
670,0.5951627294230939,0.12744931910804536,0.0941889795329035,0.024984198468248862,0.0011045501719284514,0.0004969797418439456,100.0,0.0,62.95,2.9236107812087435,1.05,0.21794494717703372,4.15,0.5722761571129799,0
671,0.605407460932623,0.14686678972190897,0.0927973071901761,0.028594293599420385,0.0010606023971164668,0.0005353592276223295,100.0,0.0,63.0,2.23606797749979,1.0,0.0,4.25,0.6224949798994366,0
672,0.6123551702503763,0.15172082115394578,0.09205608349600244,0.03018567785238661,0.0009867948474656268,0.0004589682023825247,100.0,0.0,62.65,2.903015673398957,1.05,0.15,4.05,0.6689544080129826,0
673,0.6214565839780241,0.1566235467521794,0.09054758272060029,0.030570915556795943,0.0009996273049579232,0.00044959901456886013,100.0,0.0,62.55,3.3981612675092396,1.1,0.3,4.35,0.5722761571129799,0
674,0.6249857755207939,0.15736035161968254,0.08945122298658169,0.029976115247922965,0.0010229850859645084,0.0005033622115487486,100.0,0.0,64.05,2.8543825952384165,1.05,0.21794494717703372,4.5,0.7416198487095663,0
675,0.641229946982072,0.15125807274657627,0.08559505388965426,0.02986475530257927,0.0010500235867077904,0.0006172218231838314,100.0,0.0,62.75,2.5074887836239665,1.125,0.3112474899497183,4.5,0.7416198487095663,0
676,0.6528897279875989,0.1420603657364533,0.08378186047861502,0.02885043319406048,0.0009512905101946124,0.0005597716455849433,100.0,0.0,63.15,2.5743931323712,1.0,0.0,4.45,0.7399324293474372,0
677,0.6633566315566275,0.13245492243438867,0.08298450075960041,0.027429079534986373,0.0008108484865799297,0.0004720525693325541,100.0,0.0,63.1,2.773084924772409,1.1,0.2549509756796392,4.15,0.6538348415311009,0
678,0.6658421924948906,0.12738992334181645,0.08235597789666504,0.026239093134894722,0.0008297691349765767,0.0004543533173609581,100.0,0.0,63.1,2.6438608132804573,1.05,0.21794494717703372,4.15,0.7262919523166976,0
679,0.6719032612646761,0.12326018788965062,0.08074952853572731,0.025572944848379346,0.0009070342010577554,0.00042936738859508113,100.0,0.0,62.4,3.5693136595149495,1.15,0.32015621187164245,4.25,0.5361902647381804,0
680,0.6806056168016088,0.1167095691896066,0.07855943747348318,0.024438955936214368,0.0009375299294117276,0.0004939245592568895,100.0,0.0,64.8,3.249615361854384,1.0,0.0,4.15,0.9630680142129111,0
681,0.6762286223437519,0.11263244343010578,0.07943462802117171,0.023894981427820514,0.000912852423732923,0.00046193009177389875,100.0,0.0,63.55,3.2630507198019467,1.05,0.21794494717703372,4.4,0.7348469228349535,0
682,0.6838527975160279,0.10855432651322634,0.07907039847017197,0.021788317891349437,0.0008468790915263185,0.0003614961335304413,100.0,0.0,63.75,3.3893214660164652,1.05,0.21794494717703372,4.45,0.9733961166965893,0
683,0.6857762153365539,0.10816346349134721,0.07898722105785781,0.021531004119988234,0.0008110147576691317,0.0003729986892822826,100.0,0.0,63.7,2.685144316419511,1.0,0.0,4.35,0.7262919523166976,0
684,0.6861844881356335,0.1159848207088735,0.0788359693414302,0.022075962881600752,0.0008189445725029897,0.00047333839802704737,100.0,0.0,64.05,2.836811590500857,1.05,0.2179449471770337,4.15,0.7921489758877431,0
685,0.6875052101122411,0.11511433280247024,0.07864176097580468,0.02170754511520344,0.0007997862460551846,0.00043119640197311154,100.0,0.0,64.4,1.772004514666935,1.0,0.0,4.2,0.5099019513592784,0
686,0.6906926039839713,0.11220890535447342,0.07833968815915938,0.020284039692354344,0.0008118780437784209,0.00040237110477998054,100.0,0.0,64.25,2.930443652418521,1.025,0.10897247358851683,4.05,0.6689544080129826,0
687,0.6926581478997427,0.10691658960950469,0.07830365750772317,0.019012383809131377,0.0007816628970848683,0.00038711466750112147,100.0,0.0,63.4,2.956349099818897,1.0,0.0,4.4,1.0677078252031311,0
688,0.6929195584898521,0.0989727950092705,0.0782098180010557,0.01795188150715287,0.0008025409994895504,0.00039416600502482083,100.0,0.0,64.05,3.0409702399069936,1.025,0.10897247358851683,4.05,0.739932429347437,0
689,0.6984799428047876,0.09002335259649516,0.07803316101789107,0.01668818649169491,0.0007194815822997477,0.0003801393845138089,100.0,0.0,62.95,3.9303307748839664,1.075,0.23848480035423641,4.35,1.0136567466356647,0
690,0.6942548993660881,0.08702622807079866,0.07896203040927122,0.0162312342718864,0.0007125492742203067,0.0003592902862511392,100.0,0.0,63.7,2.72213151776324,1.05,0.21794494717703372,4.1,0.5385164807134504,0
691,0.6947917084875161,0.08504400032584311,0.07872973295644185,0.016525384888865118,0.0007167922508003024,0.0003284004388957283,100.0,0.0,63.2,3.5721142198983498,1.075,0.23848480035423641,4.25,0.9937303457175896,0
692,0.6942391788132011,0.07945166383084336,0.07818693246067462,0.01560851495577432,0.0007630056148486206,0.00021157149428348184,100.0,0.0,64.2,3.54400902933387,1.1,0.2549509756796392,4.05,0.804673846971554,0
693,0.6969164422964568,0.07246007174652652,0.07670480375090385,0.013650182414872657,0.0008223124014242144,0.00029547200627556944,100.0,0.0,64.05,3.3087006513131403,1.05,0.2179449471770337,4.35,0.7921489758877431,0
694,0.6963636048802021,0.07179188251904457,0.07629731173857188,0.014315027558693042,0.0008480692248887528,0.0003791844273440018,100.0,0.0,64.05,2.1324868112136124,1.0,0.0,3.9,0.5385164807134504,0
695,0.6983992074016875,0.07456225143735445,0.07378450784908183,0.016846466655685514,0.0009677640929942357,0.0004538981619322832,100.0,0.0,62.75,2.6052830940226053,1.075,0.23848480035423641,4.25,0.5361902647381804,0
696,0.7028325119098597,0.07490502245661745,0.0723439413332081,0.016894146455787556,0.0010250006722168632,0.00045182498322045734,100.0,0.0,62.8,3.3105890714493693,1.15,0.3570714214271425,4.05,0.6689544080129826,0
697,0.7062243490711034,0.08554358033344116,0.07195509742705694,0.018959530693366377,0.0009898043742566079,0.0004302476435462333,100.0,0.0,63.55,2.2017038856303994,1.1,0.3,4.15,0.6538348415311012,0
698,0.7086554418545428,0.09106338500690707,0.07221229775828153,0.01901649777300706,0.0009589399316728408,0.00037210873804313665,100.0,0.0,62.95,3.0409702399069936,1.025,0.10897247358851683,4.5,0.8660254037844386,0
699,0.7043625849329199,0.09971589135180234,0.07350156505665303,0.02012706029044956,0.0009286337631662176,0.0003301023316668167,100.0,0.0,63.5,3.0903074280724887,1.05,0.21794494717703372,4.0,0.8366600265340756,0
700,0.7090597151515926,0.10212821480549288,0.0714312536884905,0.02167782892380512,0.0009971624212646707,0.000316537267058133,100.0,0.0,63.05,2.654712790491657,1.05,0.21794494717703372,4.4,0.7348469228349535,0
701,0.7187212168286616,0.1061113858091859,0.06943647748215573,0.02294707087799718,0.0009532423053017804,0.00035532651105425907,100.0,0.0,62.7,3.3331666624997918,1.1,0.3,4.35,0.8529361054615991,0
702,0.7216219431857605,0.10740270465817316,0.06905485729515445,0.022492410257137104,0.0009712810791384604,0.0003672194970011912,100.0,0.0,63.75,3.0639027399707057,1.0,0.0,4.35,1.0136567466356645,0
703,0.7259858133218253,0.1109357106028981,0.06825357663004099,0.02281692490097503,0.0009599254289080539,0.00033873064734549777,100.0,0.0,63.95,2.1788758569500923,1.0,0.0,4.0,0.6324555320336759,0
704,0.7329201408784177,0.10113957246943456,0.06774263199447757,0.021732574118343975,0.0008752678475837944,0.00031920134781752334,100.0,0.0,62.75,2.913331426391443,1.1,0.3,4.45,0.8645808232895291,0
705,0.7339683089180908,0.09804217043017094,0.06739427462553373,0.021442326755527843,0.0008811788044597619,0.0003618012527813571,100.0,0.0,62.75,2.7363296585024255,1.025,0.10897247358851683,4.35,0.5722761571129799,0
706,0.7335819438205637,0.10600973575929962,0.06733698711711389,0.022799680858300166,0.0008754784934203055,0.00041272160318374975,100.0,0.0,62.6,2.764054992217051,1.0,0.0,4.25,0.6224949798994366,0
707,0.726357865687811,0.10940082412413925,0.068277122762152,0.023657450765485644,0.0008868786703591536,0.0003751243021267594,100.0,0.0,63.25,3.418698582794336,1.1,0.3,4.1,0.6244997998398398,0
708,0.7262139677559091,0.10497714283437128,0.06835807683409843,0.02317132375758972,0.0008938881589644167,0.00041459326770712274,100.0,0.0,63.25,2.5074887836239665,1.1,0.3,4.2,0.6,0
709,0.7254091601606086,0.11023077413838367,0.0684255203500185,0.024427960813789677,0.0008490274854602563,0.000434086209894228,100.0,0.0,62.65,3.4967842369811724,1.1,0.3,4.1,0.7681145747868608,0
710,0.7204329451352944,0.11359234730889431,0.06947060102661479,0.025435716351198817,0.0008143310330615692,0.00041673659533625264,100.0,0.0,63.45,2.801338965566288,1.0,0.0,4.2,0.6,0
711,0.7198060908165635,0.11216706039976031,0.07001723222594636,0.024860403173336536,0.0008080677378680193,0.00033371937542724784,100.0,0.0,63.35,3.6093628246547893,1.1,0.3,4.1,0.7000000000000001,0
712,0.7202134819919779,0.11551508906081234,0.07113512701380567,0.0245765545655453,0.0007338885347382753,0.00030585100472463946,100.0,0.0,63.05,2.479415253643488,1.075,0.23848480035423641,4.3,0.8426149773176358,0
713,0.7212942258380746,0.11526738707153907,0.07055901111852521,0.024419383273590282,0.0007619349899704919,0.0003113004746356741,100.0,0.0,62.6,2.870540018881465,1.075,0.23848480035423641,4.25,0.7664854858377946,0
714,0.7241915899602507,0.10687109919204905,0.06930035698637338,0.022966103595807745,0.0008518496518509647,0.0003538887666203972,100.0,0.0,64.6,3.7067505985701277,1.05,0.21794494717703372,4.2,0.7483314773547883,0
715,0.7247000995465213,0.09918236732097194,0.06891015812602531,0.021655147218582506,0.0008979357259386166,0.0003561954047409567,100.0,0.0,64.1,2.4677925358506134,1.0,0.0,4.2,0.5099019513592784,0
716,0.7401266136312314,0.09419380961173689,0.06581142194652159,0.019897823186205525,0.0009160511221417403,0.00041572269407095597,100.0,0.0,63.9,2.364318083507378,1.025,0.10897247358851683,4.1,0.6244997998398398,0
717,0.739972803524634,0.09637976610390944,0.06562085586711602,0.020533930495768682,0.0009374176489841905,0.00038351433956977866,100.0,0.0,62.75,2.913331426391443,1.05,0.21794494717703372,4.15,0.8529361054615991,0
718,0.7483210501395525,0.08944160248943253,0.06413528402843097,0.019572390211467162,0.0009323101731568325,0.000410155141250686,100.0,0.0,63.45,2.3553131426627756,1.05,0.21794494717703372,3.9,0.7681145747868608,0
719,0.7639251270707301,0.08357105733595117,0.05981142830077234,0.01967156011242361,0.0009628968220481745,0.0005084181881994702,100.0,0.0,63.25,3.404041715373065,1.075,0.23848480035423641,4.2,0.5099019513592784,0
720,0.7679409064844833,0.07488061752874972,0.05947454743741727,0.017281622978278864,0.0009475115099251147,0.0004024414284963922,100.0,0.0,63.55,1.8020821290940099,1.0,0.0,4.25,0.5361902647381804,0
721,0.7766701859539156,0.0739685836323953,0.059342390736688885,0.01664464025973661,0.000813914295142407,0.0003618906693340866,100.0,0.0,63.55,2.1788758569500923,1.025,0.10897247358851683,4.4,0.58309518948453,0
722,0.7789159672037245,0.07949919919035298,0.05883118291719136,0.017473087010882172,0.0007897562047355892,0.0003780530763216635,100.0,0.0,63.2,3.0757112998459397,1.05,0.21794494717703372,4.3,0.6403124237432849,0
723,0.7764252120240125,0.08826985077435337,0.058105030970609275,0.019708304840498937,0.0008385007752391678,0.00039507009883232066,100.0,0.0,63.6,2.615339366124404,1.05,0.21794494717703372,4.35,0.7921489758877431,0
724,0.7824242528350016,0.08997847986508029,0.05631269417908118,0.020711095565401353,0.0008335042446955763,0.0003735618405749728,100.0,0.0,63.7,2.3895606290697042,1.1,0.3,4.2,0.9797958971132712,0
725,0.7838601727340304,0.09834312985450176,0.05488572640508978,0.02234694508596463,0.0008632565447931811,0.0004882332894196566,100.0,0.0,63.3,3.0675723300355937,1.075,0.23848480035423641,4.4,0.8602325267042626,0
726,0.7795072662510797,0.09775143883580109,0.055809705113305706,0.021463210442905816,0.0008954294220425719,0.0004658938138852582,100.0,0.0,62.75,3.191786333700926,1.2,0.3674234614174767,4.05,0.6689544080129826,0
727,0.7864935657716006,0.0961348868007333,0.054985176727506135,0.019814872877779204,0.0008805277058802971,0.00048578304467616,100.0,0.0,62.6,2.8530685235374214,1.025,0.10897247358851683,4.05,0.739932429347437,0
728,0.7929956389171664,0.09005344725891845,0.054377029837015124,0.017962961771098157,0.0008560159592101319,0.00048279839927453736,100.0,0.0,62.95,3.3537292675468007,1.075,0.23848480035423641,4.25,0.5361902647381804,0
729,0.7937688829764373,0.08377252641555394,0.05390278869774555,0.016189421962895346,0.0009064610231709444,0.0004982766508351943,100.0,0.0,63.15,2.6509432283623124,1.075,0.23848480035423641,4.45,0.8046738469715541,0
730,0.8017962394519351,0.08324916237401445,0.053375930039275134,0.01654780338524953,0.0008265203934157376,0.00042375176670927397,100.0,0.0,63.3,2.8478061731796287,1.075,0.23848480035423641,4.3,0.9539392014169457,0
731,0.8106293700788916,0.07353180623128171,0.050778585175116187,0.016227673194031244,0.0008372993682124902,0.0004274280463513716,100.0,0.0,63.45,2.9406631905065233,1.0,0.0,4.1,0.7681145747868608,0
732,0.8118219322510413,0.06380771209899223,0.0494227678098825,0.015018340777065407,0.0009264133120487579,0.000336672860024651,100.0,0.0,63.55,3.0736785778607367,1.05,0.21794494717703372,4.05,0.6689544080129826,0
733,0.822566187538689,0.06848948999035043,0.04751022457782756,0.015592633721392947,0.0008869733736092339,0.0003334994091856024,100.0,0.0,62.85,4.80910594601533,1.1,0.3,4.4,0.66332495807108,0
734,0.8328891452428075,0.07393708450398424,0.04523153151470395,0.01640109705322432,0.0008364636438145505,0.00033057053798490405,100.0,0.0,62.95,3.3686050525402944,1.0,0.0,4.35,0.7262919523166975,0
735,0.8367661220612449,0.07108085307159064,0.04438187257720421,0.016410189704749303,0.0008223435242361001,0.0003295772339397745,100.0,0.0,62.15,2.4753787588973126,1.225,0.40233692348577704,4.2,0.6782329983125269,0
736,0.844186012989794,0.07123781195746944,0.043114361125363806,0.016549893843960762,0.0007695259139755564,0.00033045288068622426,100.0,0.0,64.1,2.844292530665578,1.0,0.0,3.85,0.47696960070847283,0
737,0.8534776687992262,0.0742487414930679,0.041138825038474165,0.017911597503782777,0.000697630756283062,0.00034658096794299033,100.0,0.0,63.7,3.1480152477394387,1.025,0.10897247358851683,4.5,0.806225774829855,0
738,0.8639895946549817,0.06867847867384697,0.04069015093501525,0.016818368225732978,0.0005973250738302143,0.00027189384017296147,100.0,0.0,63.65,3.1666228067138023,1.0,0.0,4.15,0.653834841531101,0
739,0.8644372142376548,0.06969644653868591,0.03964513375032295,0.01793358898444961,0.0006069791829675148,0.00024989737378914114,100.0,0.0,63.9,3.345145736735546,1.05,0.21794494717703372,4.15,0.9096702699330127,0
740,0.8652029432982028,0.06956684301053638,0.0391742722647762,0.01757576195253977,0.0006386963673479226,0.00028601768531939385,100.0,0.0,64.4,2.8178005607210737,1.0,0.0,4.25,0.5361902647381804,0
741,0.868163915685713,0.0639567498494643,0.03868994503799798,0.0172927513201727,0.0006112326644289955,0.00031304559326555666,100.0,0.0,63.6,3.8131351929875237,1.05,0.21794494717703372,4.55,0.7399324293474372,0
742,0.8684023141275178,0.06653445307939276,0.038761146381589104,0.017381784711645157,0.0006003953996399088,0.00029255115028066725,100.0,0.0,63.05,1.9868316486305526,1.075,0.23848480035423641,4.45,0.5894913061275798,0
743,0.8694381528290398,0.06135692653124104,0.03909508158331886,0.014931207006305446,0.0006093581470912062,0.00026478122907791615,100.0,0.0,64.8,2.803569153775237,1.0,0.0,4.3,0.9,0
744,0.8723902665097188,0.05573554840210992,0.03777343157247782,0.01420698021603922,0.0006346422943147502,0.00027619763005046585,100.0,0.0,62.95,2.6358110706194404,1.075,0.23848480035423641,4.3,0.714142842854285,0
745,0.8733581805412653,0.05574661246378904,0.036948392050111856,0.014182905096639805,0.0006574305406195723,0.0002925477740399248,100.0,0.0,63.75,3.0475399915341552,1.1,0.3,4.15,0.7262919523166975,0
746,0.872538689862789,0.048931579344187716,0.037639838664512745,0.01253457078178109,0.0006706209770297773,0.0003289760850153598,100.0,0.0,63.4,2.4979991993593593,1.0,0.0,4.2,0.39999999999999997,0
747,0.8810295970398101,0.04392591156045788,0.0349454575935389,0.011866329582334025,0.000654155218172413,0.0002831818252130796,100.0,0.0,62.6,3.4698703145794947,1.0,0.0,4.65,0.9096702699330126,0
748,0.8850208077653491,0.044945657248930744,0.03382310444996937,0.013732380253834671,0.0006294691410284232,0.00026136899252387173,100.0,0.0,62.35,3.1507935508376295,1.125,0.3112474899497183,4.45,0.7399324293474372,0
749,0.8901296228861794,0.04207441695080117,0.03217699336790351,0.01340552967809976,0.0006239305083412295,0.00019638392100252702,100.0,0.0,64.25,2.5074887836239665,1.0,0.0,4.25,0.5361902647381804,0
750,0.895250322472714,0.04098872107576975,0.03059212684614765,0.012875783080647284,0.0006222272161138513,0.00022529065747987098,100.0,0.0,63.55,3.5422450508117027,1.125,0.3112474899497183,4.25,0.6224949798994366,0
751,0.9030531420056652,0.035081544922122364,0.030663951883426677,0.011618226980612222,0.0005290964055016071,0.00021053972290241085,100.0,0.0,64.8,3.1240998703626612,1.05,0.21794494717703372,3.95,0.6689544080129827,0
752,0.9050663627273645,0.036932652473815324,0.029722986261944216,0.011269149123988,0.0005439033843391808,0.00022035843294679978,100.0,0.0,64.55,2.7834331319433563,1.0,0.0,4.2,0.5099019513592784,0
753,0.9052409220149832,0.040622526821401696,0.028343216326919368,0.011711540528152218,0.0005950394227657484,0.0002874826532333783,100.0,0.0,62.7,3.0838287890218554,1.125,0.3112474899497183,4.0,0.7071067811865476,0
754,0.9071315061327774,0.04466518409649211,0.02761765995404326,0.012085952376240754,0.0005801976485994335,0.00029600081192247417,100.0,0.0,63.2,3.6687872655688283,1.175,0.36314597615834876,4.4,1.0198039027185568,0
755,0.9120459762062222,0.04133473441329468,0.02640100342315655,0.011798103817939802,0.0005627927564980531,0.00026392546442815515,100.0,0.0,63.4,3.1048349392520045,1.0,0.0,4.3,0.6403124237432849,0
756,0.9140810745306391,0.04072634475146455,0.025996361982669504,0.010442961064073435,0.0005567227550877449,0.0002719445448347109,100.0,0.0,63.0,2.8809720581775866,1.0,0.0,4.6,0.8602325267042626,0
757,0.9183125855392908,0.03618810471770636,0.023971658821767744,0.010559921733458804,0.0005496172021862966,0.00027453631509233566,100.0,0.0,63.85,2.7977669667075564,1.125,0.3112474899497183,4.0,0.7745966692414834,0
758,0.9199867412702503,0.034090505477162365,0.022600234529839072,0.010714547884108328,0.0005591680937125456,0.00024966503058152965,100.0,0.0,63.15,3.1348843678834477,1.15,0.32015621187164245,4.0,0.6324555320336759,0
759,0.9211724732738977,0.02798142923074696,0.020361202404055194,0.010531135909842396,0.0006001054956147788,0.00020464996171327436,100.0,0.0,64.05,2.5194245374688244,1.05,0.21794494717703367,4.2,1.0770329614269007,0
760,0.9209879694350432,0.02715049545688198,0.018952152921742967,0.009859198588136038,0.0006408784471962082,0.00023339571809399853,100.0,0.0,63.55,3.089902911096076,1.075,0.23848480035423641,4.3,0.714142842854285,0
761,0.9190276558628362,0.030440841730233908,0.018486626245506278,0.009205919699061205,0.0006812444161168813,0.0002852773769429057,100.0,0.0,62.05,4.684815898197067,1.175,0.36314597615834876,4.1,0.6244997998398398,0
762,0.9196204658121548,0.03057126261253802,0.016965966847358283,0.008826986495238694,0.0007101552237539957,0.0002934569298809985,100.0,0.0,62.25,3.7399866309921483,1.15,0.3570714214271425,4.1,0.8306623862918074,0
763,0.9180935297508188,0.030192224472916293,0.016579765476680663,0.008977709630466391,0.0007403168650228982,0.0003056548533933446,100.0,0.0,63.75,3.476708213238494,1.15,0.3570714214271425,4.1,0.6244997998398398,0
764,0.9195963479393747,0.02999747105613555,0.01508920546282557,0.00914303584003129,0.0007528626905346471,0.0003520490476287944,100.0,0.0,63.05,2.1788758569500923,1.0,0.0,4.0,0.4472135954999579,0
765,0.9279616289102833,0.027668091417807655,0.01492971239275984,0.00787045513911642,0.0006546120903643518,0.0002975331257421647,100.0,0.0,63.7,2.5709920264364885,1.0,0.0,4.05,0.5894913061275798,0
766,0.9265034493916875,0.025491581947165907,0.014840667802098643,0.005974431996757267,0.0006810702718474417,0.0002694793603098327,100.0,0.0,63.55,2.3973944189473704,1.125,0.3112474899497183,4.15,0.5722761571129799,0
767,0.9287542333369283,0.024767785279432093,0.014862522281973642,0.005896920214038608,0.000658914139274373,0.0002391265706006278,100.0,0.0,63.6,3.3376638536557275,1.1,0.3,4.25,0.698212002188447,0
768,0.9309959736721876,0.02492452306357775,0.014545367790587103,0.006641503011017446,0.0006289565737161903,0.00025348653079673543,100.0,0.0,63.2,2.249444375840399,1.0,0.0,4.2,0.812403840463596,0
769,0.9368140363492172,0.022328193797464327,0.014971447040479932,0.006518714684127839,0.0005574256765660239,0.0002134899898739663,100.0,0.0,63.55,2.4387496796514396,1.0,0.0,4.4,0.7999999999999999,0
770,0.933408874779146,0.0199873768409217,0.014556199801535654,0.00731492129633409,0.0005996158657806948,0.00019843403240738303,100.0,0.0,63.55,3.4128433893163046,1.0,0.0,4.45,0.9205976319760985,0
771,0.935404571337678,0.02079496308525298,0.014274061012404835,0.007082672418764453,0.0005865478519822848,0.0001896449155259722,100.0,0.0,64.1,3.6728735344413916,1.075,0.23848480035423641,4.3,0.8426149773176358,0
772,0.9308158313332797,0.02279116104311033,0.014835782950934271,0.007692580243699551,0.0006299513407741313,0.00020896140656821266,100.0,0.0,64.55,3.2011716605018234,1.075,0.23848480035423641,4.15,0.7921489758877431,0
773,0.9308859158174014,0.02758887002063903,0.014753964374234183,0.009090469880036475,0.0006166087029890111,0.0002283726088886312,100.0,0.0,63.4,3.903844259188627,1.1,0.3,4.3,0.7810249675906654,0
774,0.9303725594376052,0.029348625254516415,0.016551776783920745,0.010723875396833072,0.0005798568588925938,0.00018585625108338954,100.0,0.0,64.1,3.080584360149872,1.0,0.0,4.05,0.6689544080129826,0
775,0.9336760667850879,0.027672800378236367,0.01690144252264689,0.010210863441446283,0.0005324213325063617,0.0001754615291729037,100.0,0.0,63.5,2.7838821814150108,1.0,0.0,4.1,0.6244997998398398,0
776,0.9308114153154742,0.031684144540597724,0.017953781999320524,0.009774743934609373,0.0005506783899027892,0.00021435437298673296,100.0,0.0,63.0,2.345207879911715,1.0,0.0,4.05,0.6689544080129826,0
777,0.9233066284006861,0.030053837902337593,0.02024953635834373,0.009559716174681624,0.0006050289487189093,0.00017673846811303823,100.0,0.0,62.6,3.1208973068654475,1.15,0.3570714214271425,4.6,0.7348469228349535,0
778,0.9236273738653258,0.03360666213960002,0.021887428478742012,0.010432321003169749,0.0005510792012419211,0.00024299782825706778,100.0,0.0,62.45,2.7654113618049667,1.125,0.3112474899497183,4.1,0.6244997998398398,0
779,0.9198506338927922,0.03893882827314347,0.02321374286529886,0.010354707044590848,0.0005660203156225387,0.00027183729715353684,100.0,0.0,64.25,2.342541355024496,1.05,0.21794494717703372,4.1,0.7681145747868608,0
780,0.920433122626941,0.042869264976886826,0.025200701226543422,0.011828063702090559,0.0004847684065049893,0.00023964551199911135,100.0,0.0,63.65,3.424543765233553,1.1,0.3,4.2,0.6,0
781,0.9135324186678655,0.03896095211784171,0.027893517124045326,0.011462434284748827,0.0005133526354070579,0.0002764355780091086,100.0,0.0,63.6,3.1685959035509725,1.05,0.21794494717703372,4.1,0.7000000000000001,0
782,0.9078586055594181,0.037312751218872925,0.029895777584199403,0.011267636931645715,0.0005152826730290861,0.00017698800018051933,100.0,0.0,63.1,2.6057628441590768,1.0,0.0,4.4,0.66332495807108,0
783,0.902052202326993,0.03671663382539916,0.03153194708311458,0.011315513226904206,0.0005268892580676148,0.00016711685869053372,100.0,0.0,63.3,3.4655446902326914,1.1,0.3,4.1,0.5385164807134504,0
784,0.8966852264680863,0.03492813231882912,0.03322220952190186,0.01077894216033664,0.0005516718610945838,0.0001625297715937984,100.0,0.0,64.4,2.956349099818896,1.025,0.10897247358851683,3.95,0.6689544080129826,0
785,0.8889585657814406,0.03440756177115103,0.03531193064297515,0.010444180180920226,0.0005549604576909808,0.00023732139237827847,100.0,0.0,64.3,2.3473389188611007,1.0,0.0,4.15,0.6538348415311012,0
786,0.8829550846245373,0.03527034568780004,0.03766710352896106,0.008995869250628931,0.0005452166591176342,0.00023140583727153274,100.0,0.0,62.65,3.1666228067138023,1.025,0.10897247358851683,4.4,0.6633249580710799,0
787,0.8668371241346586,0.04233986248935078,0.0406373742076989,0.010511244060049418,0.0006179813502215129,0.00026274414560513275,100.0,0.0,63.95,2.0365411854416298,1.0,0.0,4.05,0.3840572873934304,0
788,0.856374403685453,0.043717890358209346,0.04220175951906941,0.010517743314416402,0.0006858211710246108,0.0003128516083083994,100.0,0.0,64.6,2.4779023386727737,1.0,0.0,4.1,0.7,0
789,0.8469008773671408,0.04444510675920418,0.046194911936020266,0.010385637855543124,0.0006275544200538788,0.00024504987625129066,100.0,0.0,63.95,2.9236107812087435,1.025,0.10897247358851683,4.0,0.6324555320336759,0
790,0.837859140087813,0.048480058267744826,0.047940395178523366,0.010969284328807253,0.0006547312994873813,0.0003013990727983222,100.0,0.0,64.35,3.118894034750139,1.075,0.23848480035423641,4.1,0.7681145747868608,0
791,0.8258073234477221,0.048399823667151814,0.05034534706276965,0.010889807413816182,0.0006878403447650208,0.0002661100375684615,100.0,0.0,62.95,2.7472713735632306,1.0,0.0,4.25,0.82915619758885,0
792,0.8234026695952169,0.05312613685553272,0.05153585016036538,0.01131802078257297,0.000652556924406659,0.0002297055581630651,100.0,0.0,62.45,2.923610781208744,1.175,0.36314597615834876,4.35,0.9630680142129111,0
793,0.8153568156595583,0.04752578465102866,0.053419874271880295,0.010316393600714586,0.0006711014402243076,0.00020167295146791074,100.0,0.0,62.35,2.8857408061016154,1.15,0.3570714214271425,4.2,0.6782329983125269,0
794,0.8072090038093824,0.05105056291721326,0.05388877107948622,0.011222590580021344,0.0007452072273881078,0.00020855002539474945,100.0,0.0,64.6,3.4698703145794942,1.15,0.3570714214271425,4.15,0.653834841531101,0
795,0.7920417876209122,0.052278020224457454,0.05738934796293539,0.011179301265004963,0.0007732925222504478,0.00022704845431420644,100.0,0.0,63.65,2.669737814842499,1.05,0.21794494717703372,4.3,0.5567764362830021,0
796,0.7871174992022091,0.05073532950269216,0.05764570973507364,0.011018537906993395,0.0008212312165560457,0.0002624661990842652,100.0,0.0,64.15,4.304358256465184,1.1,0.3,4.2,0.6782329983125268,0
797,0.778773371253504,0.05225514889022317,0.05857248358932153,0.01022496107940814,0.0009196910516083458,0.0003695120994128746,100.0,0.0,63.05,3.1855140872392953,1.1,0.3,4.55,0.8645808232895291,0
798,0.7855446724917695,0.049079521945012236,0.057020748556945236,0.011149940382152257,0.0008970081648667494,0.00034315212830931483,100.0,0.0,62.4,3.184336665618132,1.05,0.21794494717703372,4.75,0.7664854858377946,0
799,0.7784191969416263,0.04548624384421389,0.05787086530307778,0.01082386710261333,0.0009560359009859855,0.00033585635732667426,100.0,0.0,62.5,2.9410882339705484,1.05,0.21794494717703372,4.45,0.6689544080129827,0
800,0.7776162993137861,0.04861144178719413,0.05863785893116678,0.013626008987624753,0.0008799204874225039,0.00031367737032206343,100.0,0.0,63.5,2.9916550603303182,1.025,0.10897247358851683,4.4,0.4898979485566356,0
801,0.7830964176139419,0.0509671442766194,0.05816055337409328,0.014762773397874554,0.0008146711247603329,0.0003581842983339909,100.0,0.0,63.05,2.4591665254715873,1.05,0.21794494717703372,4.15,0.6538348415311012,0
802,0.7780949610027308,0.05775445116234775,0.06045306920203012,0.016374181948074742,0.0007138332609650644,0.0002830028259150527,100.0,0.0,63.7,2.9342801502242426,1.1,0.3,4.1,0.8306623862918076,0
803,0.7713509707609851,0.06498576437051409,0.06192522243361047,0.016641885528634198,0.0007117907742558823,0.00026404861338249385,100.0,0.0,63.45,3.2935543110748915,1.075,0.17853571071357124,4.15,0.5722761571129799,0
804,0.7583978130710382,0.06936556879943065,0.06449501659877066,0.01635388124155604,0.0007432761491433769,0.0002539164906735305,100.0,0.0,63.65,3.395217224272992,1.125,0.3112474899497183,3.8,0.5099019513592784,0
805,0.7478921879863232,0.06527332223231391,0.06636456068953321,0.015230143135227569,0.000792735785668949,0.0003191025134732393,100.0,0.0,62.9,3.3000000000000003,1.075,0.23848480035423641,4.45,1.0712142642814275,0
806,0.7446285127674959,0.061911202313304284,0.06663485764303753,0.015577435215332983,0.0008253256998343254,0.0003542312853042655,100.0,0.0,64.05,3.278337993557101,1.05,0.21794494717703372,4.0,0.6324555320336759,0
807,0.7385586522008821,0.06603962134402137,0.0679679889306309,0.01654007886781304,0.0008001427071084482,0.0004251103558044703,100.0,0.0,63.75,2.8262165522125158,1.0,0.0,4.4,0.6633249580710799,0
808,0.730301229656207,0.06953964421277428,0.06952849625300098,0.017011391726965766,0.0008258704201275464,0.0003499447853752217,100.0,0.0,63.4,2.4372115213907883,1.05,0.21794494717703372,4.15,0.7262919523166976,0
809,0.7162939269389034,0.07645631851464384,0.07205444464566768,0.018057720422629167,0.0008566894278277866,0.000367586524022597,100.0,0.0,63.7,3.407345007480164,1.0,0.0,4.35,0.5722761571129799,0
810,0.7147988647809984,0.09039178319701739,0.07160062989018474,0.02086342149248675,0.0008630773789157964,0.00039993824200371103,100.0,0.0,63.65,2.868361901852693,1.05,0.21794494717703372,4.25,0.8874119674649424,0
811,0.709320434985133,0.09328090609818807,0.07286643460869825,0.019500712172802165,0.0008737311512928075,0.0003570530547757371,100.0,0.0,62.8,2.8913664589601917,1.0,0.0,4.25,0.7664854858377946,0
812,0.7023030710331069,0.10050507038738964,0.07352310055400067,0.021497164024660797,0.000926779775802925,0.0003962461057722953,100.0,0.0,64.4,3.6110940170535573,1.05,0.2179449471770337,4.15,0.8529361054615991,0
813,0.6965786507091056,0.10562122698416415,0.07399519335769442,0.021862381609782836,0.000986205395066616,0.000543767046171716,100.0,0.0,63.25,2.662235902394827,1.0,0.0,4.3,0.9539392014169457,0
814,0.6981761728071857,0.10596965065270045,0.0743179348479566,0.02001128854227904,0.0009829008606756322,0.0005826088391350945,100.0,0.0,63.05,3.3537292675468007,1.05,0.21794494717703372,4.3,0.714142842854285,0
815,0.7001772143754347,0.1141285680658515,0.07388177254201121,0.021767896623671273,0.0009486706360562353,0.0005874700749840056,100.0,0.0,63.85,2.8857408061016154,1.0,0.0,4.15,0.7921489758877431,0
816,0.6874676612886054,0.11501511086171778,0.07522060298161462,0.023165787071949055,0.0010482583364206013,0.0005031204209910359,100.0,0.0,64.75,2.5074887836239665,1.075,0.17853571071357124,3.95,0.5894913061275798,0
817,0.6804102285941049,0.121213216591299,0.07747701499385079,0.02344877709849083,0.0010014832666040874,0.0004903124545214088,100.0,0.0,64.05,3.7745860700214533,1.125,0.3112474899497183,4.05,0.5894913061275798,0
818,0.6828691210530708,0.12203656599105674,0.07625348719348639,0.02394917747831719,0.0010659463713771295,0.0005484435328586232,100.0,0.0,63.35,2.4550967394381837,1.0,0.0,3.95,0.49749371855331,0
819,0.6824702443130446,0.12322380224393428,0.07728424749748877,0.023407454744219063,0.000995956733572255,0.0004794870519544535,100.0,0.0,62.25,2.913331426391443,1.05,0.21794494717703372,4.5,1.02469507659596,0
820,0.6786057323821068,0.12559681657062777,0.07841780694274902,0.023465734392530666,0.0009951947783864248,0.0005820113700084741,100.0,0.0,64.3,3.4365680554879163,1.05,0.21794494717703372,4.1,0.6244997998398398,0
821,0.6768476838965751,0.11662383120019881,0.07918663726995855,0.02163029236319401,0.0009828186245992635,0.0004995079071639535,100.0,0.0,62.65,3.08666486681013,1.05,0.21794494717703372,4.25,0.6224949798994366,0
822,0.6813279240729682,0.11204623035677459,0.07812781490187903,0.021996079147791617,0.0009854115724628923,0.0005481644791139129,100.0,0.0,63.7,2.703701166919155,1.15,0.32015621187164245,4.2,0.6782329983125268,0
823,0.6843366879983618,0.10779661907597182,0.07773773834265102,0.021898739764268947,0.0009674864589914029,0.000554089943556331,100.0,0.0,63.05,3.3387872049593095,1.2,0.4,3.95,0.5894913061275798,0
824,0.6818802658633176,0.09890199472854645,0.07914336325884397,0.02015545150496505,0.0009209837299817124,0.0005458973952376904,100.0,0.0,62.7,3.287856444554719,1.05,0.21794494717703372,4.25,0.698212002188447,0
825,0.6762722391916988,0.09791090446295937,0.08115444290487119,0.01934517292584575,0.0008820615713227419,0.0004952699361914488,100.0,0.0,62.65,3.439113257803529,1.2,0.4,4.25,0.698212002188447,0
826,0.6787947675087566,0.10028977178856827,0.08028143965208408,0.02064336007665329,0.0008499849124833245,0.00043473085308297436,100.0,0.0,63.05,4.153010955921017,1.15,0.3570714214271425,4.2,0.812403840463596,0
827,0.6717519188382659,0.09574278103174812,0.08281889163007419,0.018469979485893535,0.0007847759572764725,0.00035843645385417045,100.0,0.0,63.8,2.1354156504062622,1.025,0.10897247358851683,4.35,0.6538348415311012,0
828,0.6709335911432174,0.10498664217082375,0.08251234743551554,0.02056345430079078,0.0007870087682205088,0.0003202043751322833,100.0,0.0,63.15,3.08666486681013,1.025,0.10897247358851683,4.0,0.6324555320336759,0
829,0.6665725744103684,0.11026269322008915,0.08277047924230738,0.02196373464224379,0.0007928588315878659,0.00033098882814333033,100.0,0.0,63.2,3.5721142198983498,1.15,0.3570714214271425,4.4,0.6633249580710799,0
830,0.6558321372307362,0.1051511290863273,0.08474289388650219,0.021265571787655643,0.0008098820342684112,0.00041889109124185084,100.0,0.0,62.6,2.8530685235374214,1.1,0.3,4.3,0.7810249675906654,0
831,0.6543904561368472,0.10415613336197405,0.08438989623426699,0.020721915434603666,0.0008802423641390257,0.00044529838366328317,100.0,0.0,63.6,2.973213749463701,1.025,0.10897247358851683,4.5,0.9219544457292888,0
832,0.6394585428630044,0.10653086994006844,0.08642365285749189,0.02151593011202401,0.0009468399219005394,0.0005155416536788322,100.0,0.0,62.9,2.5865034312755126,1.05,0.21794494717703372,4.45,0.7399324293474372,0
833,0.6399849125238162,0.11240113062024211,0.08553174988878093,0.022222647261877965,0.0010132444701651626,0.0006163425507197849,100.0,0.0,63.1,2.4677925358506134,1.0,0.0,4.4,0.7999999999999999,0
834,0.641387256585888,0.1248246942411913,0.0849112341610505,0.0260356933461868,0.0010469830959390844,0.0005996938155316877,100.0,0.0,63.55,3.4128433893163046,1.075,0.23848480035423641,3.95,0.6689544080129827,0
835,0.6373683765811434,0.13366778907553745,0.08448576564900616,0.028423100493951838,0.0011189886749471388,0.0005915869651625929,100.0,0.0,64.5,3.263433774416144,1.05,0.21794494717703372,4.3,0.714142842854285,0
836,0.6479772724758315,0.15003374249037674,0.08318452754074178,0.03046841407565192,0.0010290093744146224,0.0006554889931912484,100.0,0.0,63.25,3.222964473896664,1.0,0.0,4.25,0.6224949798994366,0
837,0.651874605880784,0.15620297471893527,0.08301912153349461,0.03202188053800962,0.000914153416613917,0.0006318530710653472,100.0,0.0,63.1,2.0712315177207983,1.125,0.3112474899497183,4.15,0.7262919523166975,0
838,0.6391808864900077,0.16548829364040524,0.0859658464967001,0.032568535550036824,0.0009150997618678592,0.000557813974497138,100.0,0.0,63.25,2.9811910371527683,1.05,0.21794494717703372,4.15,0.5722761571129799,0
839,0.625634497540578,0.17045174639013835,0.08917992600108245,0.032703643958804214,0.0008751300362912412,0.0005314560330005088,100.0,0.0,62.25,2.6433879775772606,1.1,0.3,4.35,0.7262919523166975,0
840,0.6204384644209954,0.16919450790984567,0.09026068056520203,0.031650896431567425,0.0009312727592925591,0.000625503399252107,100.0,0.0,63.5,2.224859546128699,1.05,0.21794494717703372,4.35,0.5722761571129799,0
841,0.6080049186684295,0.16315933505117144,0.09147845962096426,0.03073310364881064,0.0010287347938848488,0.0006676949509997638,100.0,0.0,62.5,2.224859546128699,1.05,0.21794494717703367,4.3,0.714142842854285,0
842,0.5998455066906897,0.1537604849258003,0.093004963752327,0.029521821626778407,0.0010426732904975388,0.0006513102267089734,100.0,0.0,62.95,4.09237095092808,1.15,0.3570714214271425,4.3,0.9,0
843,0.5931743285795913,0.151294149696487,0.09415563589863551,0.02883359467961065,0.0011232533283165958,0.0006361871659613941,100.0,0.0,63.1,3.1448370387032774,1.025,0.10897247358851683,4.3,0.7810249675906654,0
844,0.5894327357909048,0.14711921585807033,0.09550309179738535,0.028434638629537944,0.0010536988906976184,0.0005444064583351481,100.0,0.0,63.25,3.7399866309921483,1.15,0.3570714214271425,4.2,0.5099019513592784,0
845,0.5762616028434495,0.14191764229144532,0.09870208408026104,0.027439603261032303,0.0010097704175559628,0.0005866078694308139,100.0,0.0,63.45,2.4794152536434875,1.125,0.3112474899497183,3.95,0.7399324293474371,0
846,0.5722867023657142,0.13472046643310526,0.09873868545648078,0.025977893462039815,0.0010759468761443194,0.0006430351368304191,100.0,0.0,63.8,2.6,1.05,0.21794494717703372,4.0,0.6324555320336759,0
847,0.5639328764092852,0.12888359479843398,0.1005541898476493,0.024516069650809387,0.0011018374997110347,0.0006806567745946226,100.0,0.0,63.75,2.426417111710186,1.0,0.0,4.3,0.6403124237432849,0
848,0.568646077129154,0.12978457797018483,0.10016321646006635,0.0252976675666557,0.001060133891918201,0.0006781495576957202,100.0,0.0,63.8,2.9257477676655586,1.1,0.3,3.95,0.49749371855331004,0
849,0.5639619318818715,0.1373930651848339,0.10107222082864549,0.026482343495862967,0.0010729945728454647,0.0005155272899157103,100.0,0.0,62.9,2.7367864366808012,1.05,0.21794494717703372,4.55,0.8046738469715542,0
850,0.5631853729343812,0.1458266061808733,0.10184874726965878,0.02701163335415542,0.0009772074734428632,0.0004855352449356895,100.0,0.0,64.25,3.7798809505062456,1.0,0.0,4.1,0.7000000000000001,0
851,0.5546145439372,0.14793933632605477,0.10418228637028719,0.027039763847140286,0.0008332931469153737,0.0004928772218408405,100.0,0.0,63.75,2.426417111710186,1.0,0.0,4.1,0.6244997998398398,0
852,0.5411397442662846,0.14623318785693087,0.10626931603595391,0.027698848052891776,0.0008943499092123445,0.0006175725462547302,100.0,0.0,63.5,3.442382895611701,1.0,0.0,4.2,0.6,0
853,0.5414020323251578,0.14403937662320399,0.10600518100218503,0.02845266520066829,0.0009585317877668457,0.0006996147062715012,100.0,0.0,64.4,2.0591260281974,1.0,0.0,4.0,0.5477225575051661,0
854,0.5345865950985906,0.13548492487594335,0.10796872945206477,0.027128617545158135,0.0009147083782792859,0.0005423686847628332,100.0,0.0,63.35,3.1666228067138023,1.1,0.3,3.95,0.9205976319760983,0
855,0.5248464768975842,0.12290915992291344,0.1104066331612088,0.024360771977298603,0.0009397037879135872,0.0004237832289008502,100.0,0.0,63.75,3.4478254016118624,1.1,0.3,4.15,0.6538348415311009,0
856,0.5348747512829766,0.12201047949262007,0.10854306474442674,0.02306445818378217,0.0008772515029253832,0.00043377533062604956,100.0,0.0,63.9,1.8681541692269403,1.0,0.0,4.05,0.49749371855331004,0
857,0.5275319930548786,0.12335157222997697,0.10921261360226779,0.02352470600363417,0.000890185865416277,0.00041031839663914835,100.0,0.0,63.05,3.3087006513131403,1.1,0.3,4.1,0.6244997998398398,0
858,0.5165506427980422,0.1334519000670466,0.11085586755823762,0.025475982869535316,0.0008904358768525465,0.0004560888399299574,100.0,0.0,63.6,3.813135192987524,1.075,0.23848480035423641,4.1,0.5385164807134504,0
859,0.5078076370841186,0.13669374929897912,0.11233874907130939,0.02683052079068279,0.0009477078667719773,0.0005372376359705097,100.0,0.0,62.6,3.2619012860600183,1.1,0.3,4.3,0.8426149773176358,0
860,0.5108574264677465,0.14430931164636904,0.11088294494858679,0.029414012425513503,0.0010061482362089579,0.0005631194548044782,100.0,0.0,61.85,2.5743931323712,1.15,0.32015621187164245,4.4,1.019803902718557,0
861,0.5126710521936014,0.1410906261515199,0.11032814226745997,0.028357587017767447,0.0011164831645712595,0.0005003250881143597,100.0,0.0,63.4,3.2465366161495854,1.1,0.3,4.3,0.6403124237432849,0
862,0.5139242363961412,0.13646119578128965,0.1105685860353898,0.026420567030674646,0.001135060364321898,0.00042127644534659743,100.0,0.0,63.45,2.3764469276632285,1.075,0.23848480035423641,4.05,0.739932429347437,0
863,0.5212547072624503,0.12812461119076365,0.10889002417306444,0.024818945215903512,0.0012342500635430158,0.0005264712320319575,100.0,0.0,63.5,2.5,1.05,0.21794494717703372,4.15,0.653834841531101,0
864,0.5349872796758652,0.13557862700129694,0.10709211182319749,0.02630349087948672,0.0011829682521289748,0.0004999332153022443,100.0,0.0,63.9,2.7184554438136375,1.1,0.3,4.1,0.30000000000000004,0
865,0.5554040155294149,0.14582577574249397,0.10374743640520709,0.027192737050250753,0.0011040688460884295,0.0006092481771646567,100.0,0.0,63.8,3.8026306683663087,1.05,0.21794494717703372,4.2,0.812403840463596,0
866,0.5698902228494002,0.15544688852839128,0.101643151566928,0.029194060886025854,0.0009745067722620596,0.00063926132934119,100.0,0.0,63.65,2.815581645060217,1.075,0.23848480035423641,4.35,0.963068014212911,0
867,0.5636905172697524,0.15700956286931625,0.10260428976196559,0.02955273306468376,0.0009690949378916798,0.000533398404600249,100.0,0.0,64.0,2.449489742783178,1.0,0.0,4.0,0.5477225575051661,0
868,0.566423608674202,0.16080618889665538,0.1033085386000853,0.030032426521806124,0.0007747910296375738,0.0004677125205823059,100.0,0.0,64.0,2.32379000772445,1.0,0.0,4.25,0.6224949798994366,0
869,0.5525633287131112,0.15073555534882338,0.10638941614419017,0.02815469896057713,0.0007900249064583338,0.0005088258883867213,100.0,0.0,63.35,3.453621287865825,1.1,0.2549509756796392,4.35,0.8529361054615991,0
870,0.5458614848577329,0.14378813788548303,0.10807816966440151,0.026755220958516,0.0007203935811614674,0.0005048199555339729,100.0,0.0,62.05,4.06786184622831,1.275,0.43229041164476456,4.2,0.7483314773547883,0
871,0.5357873504562134,0.12955889258563225,0.11031489074130776,0.024014830619967793,0.000643969711837525,0.0005176447245402399,100.0,0.0,64.8,3.026549190084311,1.0,0.0,3.85,0.7262919523166975,0
872,0.5257342974454996,0.11688378296313642,0.11168679514531246,0.022263023335862782,0.0006855526567625319,0.0004956681415954592,100.0,0.0,62.9,2.8442925306655784,1.15,0.3570714214271425,4.15,0.5722761571129799,0
873,0.5098849781358636,0.12076926256339045,0.11386069519837443,0.024256914064173542,0.0007625817034332371,0.0004533761155329144,100.0,0.0,63.85,2.8508770580296865,1.05,0.21794494717703372,4.2,0.6782329983125269,0
874,0.48773571996501974,0.1262490633666627,0.11757608331334155,0.024600847017067592,0.0008328808738823801,0.0004315915448319107,100.0,0.0,64.35,3.365635155509284,1.025,0.10897247358851683,3.85,0.5722761571129799,0
875,0.4792631730394488,0.1273837750504355,0.11792518139748484,0.024504529047856632,0.000994622192888007,0.0007673210078394988,100.0,0.0,63.95,2.654712790491657,1.0,0.0,4.35,0.653834841531101,0
876,0.4757868409928065,0.12858707215482423,0.11831226950640159,0.025277049532076736,0.0011038585873488036,0.0009131769605718137,100.0,0.0,62.9,3.345145736735546,1.15,0.3570714214271425,4.2,0.7483314773547883,0
877,0.48391464151291086,0.13501807331522633,0.11638398663567491,0.02851663831782589,0.001149742540213923,0.000896120290394454,100.0,0.0,63.5,3.52845575287547,1.05,0.21794494717703372,4.35,0.6538348415311012,0
878,0.48906242164506,0.13777862551321993,0.11681314764214254,0.028005914870429797,0.0010256568552481416,0.0006484935989431868,100.0,0.0,62.15,3.5535193822462827,1.1,0.3,4.6,0.66332495807108,0
879,0.494112932843641,0.14414838433351884,0.11605085291969205,0.02833301808314911,0.000976913758423487,0.0007174644625877871,100.0,0.0,62.8,2.580697580112788,1.075,0.23848480035423641,4.6,1.0677078252031311,0
880,0.4819641157158386,0.14695580057408206,0.11832441215394995,0.029124453911420545,0.0009391266812469396,0.0005812075930259811,100.0,0.0,63.75,2.3637893307145625,1.05,0.21794494717703372,4.3,0.6403124237432849,0
881,0.4759244162952806,0.14427940241360426,0.11946907002422061,0.028400623246742737,0.0010474950811058463,0.0005056415871361411,100.0,0.0,63.15,3.1666228067138023,1.15,0.3570714214271425,4.4,0.9165151389911679,0
882,0.4721102665155191,0.138693961098343,0.12005375407180821,0.026965764441816056,0.0010981875808940469,0.00044908391091031237,100.0,0.0,63.2,3.0594117081556704,1.075,0.23848480035423641,4.55,0.7399324293474372,0
883,0.4824333517699203,0.1348934928508171,0.11822695757461384,0.02592854157048896,0.001134200056056963,0.0004877008883062483,100.0,0.0,64.7,3.287856444554719,1.1,0.3,4.1,0.7,0
884,0.4943612826373105,0.12246055946342732,0.11595332473985587,0.02293633608216392,0.0012068152523631846,0.0006761649319004184,100.0,0.0,63.05,2.8892040426387333,1.05,0.21794494717703372,4.3,0.714142842854285,0
885,0.5074789901396937,0.1267035451753409,0.11354677051860884,0.0231640252415803,0.0010716615301212134,0.000593929641123624,100.0,0.0,62.9,2.896549671592048,1.15,0.3570714214271425,4.15,0.47696960070847283,0
886,0.5041392835967329,0.12185182168808091,0.11403169651477807,0.022550949437924482,0.000988112648121869,0.0005001035934159527,100.0,0.0,61.9,2.981610303175114,1.05,0.15,4.3,0.714142842854285,0
887,0.49808578164902906,0.11999719849482354,0.11548144021640172,0.021851645775429973,0.0009316378259830304,0.00040629219142160843,100.0,0.0,63.7,3.479942528261063,1.075,0.23848480035423641,3.8,0.7483314773547883,0
888,0.4846919048217135,0.11811378950185013,0.1183718848910182,0.021307255134401886,0.0008224340025743606,0.0003378249011296814,100.0,0.0,63.15,3.102821296820041,1.125,0.3112474899497183,3.95,0.5894913061275798,0
889,0.46683502552532286,0.11386932610027345,0.1211411705112448,0.02114033828306774,0.000875017920529135,0.0003526864641316992,100.0,0.0,63.55,3.4274626183227737,1.1,0.3,4.35,0.6538348415311009,0
890,0.4446355971199254,0.11158969495997881,0.12571912406484262,0.021340299978351813,0.0008672546768006576,0.0003754363291635651,100.0,0.0,63.1,2.826658805020514,1.025,0.10897247358851683,4.4,0.4898979485566356,0
891,0.4313287313513922,0.10177556432822611,0.12804375441081878,0.019692599394402273,0.0008667593681253371,0.00044531750620448385,100.0,0.0,63.9,3.047950130825634,1.0,0.0,4.3,0.6403124237432849,0
892,0.4185054177083568,0.10982816102362791,0.13093174402644767,0.02149965010428607,0.0008170029699115858,0.0004120789262911425,100.0,0.0,64.55,3.6670833096617805,1.05,0.21794494717703372,4.2,0.7483314773547883,0
893,0.4047791606397354,0.11981606073310434,0.133552198200451,0.02360693458143361,0.000862012606419316,0.0005220035614466309,100.0,0.0,63.25,2.2555487137279924,1.05,0.21794494717703372,4.2,0.5099019513592784,0
894,0.3931217220697035,0.126473218379905,0.13508534338266354,0.02678543117377317,0.0008995318260055527,0.00047418870831372273,100.0,0.0,63.4,3.120897306865447,1.15,0.3570714214271425,4.2,0.7483314773547883,0
895,0.3742243470885361,0.12948330314560777,0.1385836328646211,0.0286420339848329,0.001088272895702486,0.0006565409867229894,100.0,0.0,62.75,3.080178566252288,1.15,0.32015621187164245,3.95,0.739932429347437,0
896,0.3765441883346811,0.14615072848383193,0.13845026743170064,0.031168613645383807,0.001191255792120751,0.0005489630279235375,100.0,0.0,63.5,3.5,1.075,0.23848480035423641,4.45,0.9733961166965893,0
897,0.38698569476550093,0.1713237208043467,0.13613266362571363,0.03583318263881169,0.0012709590036891296,0.0006467017765084167,100.0,0.0,63.2,3.5298725189445577,1.1,0.3,4.45,0.8645808232895291,0
898,0.3810752966680272,0.17287552045643984,0.13778059468355525,0.03619178894425818,0.0012249540580018528,0.0006402301833813217,100.0,0.0,63.8,3.295451410656816,1.05,0.21794494717703372,4.4,0.8602325267042626,0
899,0.386473720477188,0.18112517171000334,0.13821095871427425,0.037527184349713576,0.001130471443439677,0.0005535711424263503,100.0,0.0,63.55,3.4420197558991443,1.0,0.0,4.1,0.5385164807134504,0
900,0.39592802332660887,0.1807735018316596,0.13716686883330254,0.037369921477320045,0.0012845920930358524,0.0006502864496545532,100.0,0.0,63.4,2.989983277545211,1.1,0.3,4.1,0.7681145747868608,0
901,0.41384120710869327,0.18105466761914274,0.1340394541129868,0.03745066411905309,0.0013125151352346045,0.0007331406027964474,100.0,0.0,64.2,2.6191601707417584,1.075,0.23848480035423641,4.15,0.5722761571129799,0
902,0.42331820971060674,0.18427106733698737,0.1323977564235161,0.03663061199531816,0.0011426939303932847,0.0006674574166989107,100.0,0.0,62.1,3.223352292257239,1.175,0.36314597615834876,4.3,0.5567764362830021,0
903,0.41798593454223737,0.17320484304875178,0.13286256918096256,0.03315708285170602,0.0010011000074546285,0.0008624546221295809,100.0,0.0,63.75,2.2332711434127295,1.025,0.10897247358851683,4.05,0.6689544080129826,0
904,0.40300927509534173,0.15886769218293462,0.13514433012087707,0.029614111284895498,0.0008881941327865383,0.0009251283203601647,100.0,0.0,63.7,4.026164427839479,1.15,0.3570714214271425,4.1,0.5385164807134504,0
905,0.37221056326220237,0.143544502723538,0.1407776371329532,0.02771850856574859,0.0008642074812026888,0.000998641327574215,100.0,0.0,63.5,2.819574435974337,1.0,0.0,4.25,0.6224949798994366,0
906,0.3548932379537461,0.12727384267037417,0.1433589175802711,0.025006371383928517,0.0010962485476973863,0.0011654881747208373,100.0,0.0,62.7,2.934280150224242,1.05,0.21794494717703372,4.25,1.0897247358851685,0
907,0.3459100081680172,0.12955060903665053,0.14578476577908903,0.026022967843647164,0.0012934025454846361,0.001179309516117961,100.0,0.0,63.15,2.669737814842499,1.05,0.21794494717703372,4.25,0.5361902647381804,0
908,0.3504638368180933,0.15007772238474085,0.14460082444599748,0.030044012013914805,0.0013660408732248273,0.0012599363619471273,100.0,0.0,62.65,2.7436289836637897,1.1,0.3,4.15,0.4769696007084728,0
909,0.34768808348126745,0.15947512452443804,0.1461168184644766,0.032018567503339375,0.0012244973617398798,0.0007865102318964075,100.0,0.0,62.45,3.308700651313141,1.125,0.3112474899497183,4.25,0.9420721840708386,0
910,0.3476282450156224,0.1602821197148088,0.1466252650416311,0.031161601218846945,0.0011156037561739424,0.0005001541226628821,100.0,0.0,62.4,3.839270764090493,1.225,0.40233692348577704,4.2,0.7483314773547882,0
911,0.3440365645835944,0.15527023656670286,0.14728079867021399,0.031149864811299086,0.0010800425752996922,0.0005633499497876787,100.0,0.0,62.25,3.222964473896664,1.025,0.10897247358851683,4.55,0.8046738469715541,0
912,0.3442688183162777,0.14634489484099011,0.14668724375266218,0.030010610746575343,0.0011954537647549512,0.0006580930542543816,100.0,0.0,63.9,2.5278449319529077,1.05,0.21794494717703372,4.45,0.7399324293474372,0
913,0.3437193899382759,0.14869385043120095,0.14630170269634318,0.032142832927886195,0.0012263963256782086,0.0006807784843481439,100.0,0.0,63.65,2.4550967394381837,1.0,0.0,4.55,0.8046738469715541,0
914,0.3421215757239631,0.15391975562911817,0.1470506402423583,0.03523366649477151,0.0012233242300526157,0.0006714043752429716,100.0,0.0,63.65,2.6697378148424984,1.05,0.21794494717703372,4.0,0.6324555320336759,0
915,0.3264702609590283,0.1539404021915777,0.15154396601779058,0.03522984612293837,0.0011424943387221185,0.00048536275979703495,100.0,0.0,62.9,2.773084924772409,1.1,0.3,4.25,1.0428326807307104,0
916,0.3136291667911847,0.160526174350224,0.15557928943561186,0.03694668430808482,0.0010113608880084847,0.0005254481085845927,100.0,0.0,63.55,3.9808918598726084,1.05,0.21794494717703372,4.0,0.8366600265340756,0
917,0.30595092521127587,0.15666483195491585,0.15679741889457613,0.03489863967155162,0.0012148625777779214,0.0008990836161648192,100.0,0.0,63.8,2.8913664589601917,1.1,0.3,4.0,0.6324555320336759,0
918,0.30927937825697177,0.1477725270078125,0.15545773253027856,0.03214479780514818,0.0011056067096477916,0.0006370740370300054,100.0,0.0,63.05,3.323777970924051,1.1,0.3,4.35,0.5722761571129799,0
919,0.3079850809298176,0.1480784261588471,0.1559336695882026,0.03280303115936559,0.0011036389102398556,0.0006297314840425535,100.0,0.0,64.0,2.6832815729997477,1.0,0.0,4.3,0.6403124237432849,0
920,0.3038789873109083,0.1508225180858301,0.15679385560885492,0.03432670879528471,0.001143257286518336,0.0007104018734408384,100.0,0.0,63.25,2.9979159427842537,1.025,0.10897247358851683,4.3,0.7810249675906654,0
921,0.3105181144353277,0.17260403957639125,0.15579609290526436,0.040340908386583156,0.0012260071282779895,0.0008104473411146883,100.0,0.0,62.95,3.840247387864485,1.1,0.3,4.3,0.8426149773176358,0
922,0.3122085103377781,0.1811242552029534,0.15613174351018821,0.04219185391788691,0.0012289326696414717,0.0007984538661366135,100.0,0.0,62.35,2.7436289836637897,1.1,0.3,4.25,0.82915619758885,0
923,0.31169128590181044,0.1801479389040566,0.15697839602760882,0.041744865324513714,0.0011827209763330597,0.0008142507195069233,100.0,0.0,63.7,3.083828789021855,1.05,0.2179449471770337,3.95,0.3840572873934304,0
924,0.30379509815089184,0.16751069044782574,0.15909553300586315,0.04000753519319738,0.0009609531785630713,0.0008123659833649841,100.0,0.0,64.6,2.9899832775452104,1.0,0.0,4.1,0.6244997998398398,0
925,0.2928740820293543,0.15722404197879605,0.1611718597578795,0.03853866593662166,0.0008999535048310411,0.0006961445714633358,100.0,0.0,64.6,2.8705400188814645,1.05,0.21794494717703372,4.1,0.6244997998398398,0
926,0.2776262624464288,0.15378439065595656,0.16524421355399344,0.03846069654743368,0.0007519615623753799,0.0005779485488214567,100.0,0.0,63.3,2.98496231131986,1.0,0.0,4.1,0.6244997998398398,0
927,0.26599884506309496,0.14342477540360624,0.16713476594078613,0.03508479984856224,0.0007760217042175807,0.0005212746992500023,100.0,0.0,63.65,2.4550967394381837,1.025,0.10897247358851683,4.2,0.6782329983125268,0
928,0.25312359362956416,0.1310199179365768,0.16985788228042134,0.03204341449539322,0.0008145931831116629,0.0005417606882989533,100.0,0.0,63.75,3.491060010942235,1.1,0.3,3.75,0.6224949798994366,0
929,0.2493934513267535,0.1345112005950924,0.1715943329990716,0.03400237386033118,0.0009164644770034121,0.0005902527246981511,100.0,0.0,63.75,2.7363296585024255,1.05,0.21794494717703372,4.2,0.6782329983125269,0
930,0.25077523085869396,0.12971461640442622,0.17118629331896346,0.03355659428377286,0.0009056294376245892,0.0005082691777687702,100.0,0.0,62.6,3.1208973068654475,1.15,0.3570714214271425,4.1,0.6244997998398398,0
931,0.2475219483645616,0.12004257639492404,0.17032388737899115,0.030466013453395176,0.001008435745001773,0.000504225844154479,100.0,0.0,63.45,3.353729267546801,1.0,0.0,4.3,0.6403124237432849,0
932,0.23988487580856654,0.11729330647987873,0.17295219645355403,0.02943686233537496,0.0009709365353184815,0.0005650331730493037,100.0,0.0,63.25,3.207413287993925,1.05,0.21794494717703372,4.3,0.8426149773176358,0
933,0.2414730905069833,0.12937354840067125,0.17232355814257766,0.029788061649704448,0.000955904435012218,0.0007063928373625168,100.0,0.0,63.4,3.541186241925155,1.05,0.21794494717703372,4.35,0.5722761571129799,0
934,0.22809942513737602,0.1411338621115076,0.17733806337894562,0.03349917416950964,0.0009508887084893206,0.0007031725233276021,100.0,0.0,62.4,3.2619012860600183,1.25,0.4330127018922193,4.2,0.6782329983125269,0
935,0.21745258972166667,0.1310862746436971,0.1792387435563855,0.031763178153672925,0.0009810052808891206,0.0006108985209525051,100.0,0.0,63.6,2.9563490998188966,1.1,0.3,4.5,0.7416198487095663,0
936,0.20566881795436265,0.11717351023621676,0.1835302510625613,0.03104715145033053,0.0010397592707088207,0.0006936687808695623,100.0,0.0,63.5,3.248076353782343,1.125,0.3112474899497183,4.1,0.7681145747868608,0
937,0.2149466739959276,0.10693289935304344,0.17995593941643065,0.02798376779159467,0.0011741339297102057,0.0005892481659056451,100.0,0.0,63.3,3.333166662499792,1.05,0.21794494717703372,4.3,0.9539392014169458,0
938,0.23046798396978838,0.13245064282504795,0.17608117705917004,0.03240282450599371,0.0011839428472505346,0.0008395838151938393,100.0,0.0,64.15,3.08666486681013,1.0,0.0,4.4,0.66332495807108,0
939,0.2382514084340054,0.16462065452599128,0.17384326473266037,0.03761507598435911,0.0011315765442869046,0.0009339493468618962,100.0,0.0,64.75,2.277608394786075,1.0,0.0,4.15,0.4769696007084728,0
940,0.22589271278730857,0.17014455668564596,0.1802098706077736,0.041259780067718896,0.0009493018545205222,0.0007010612726334781,100.0,0.0,63.25,2.947456530637899,1.0,0.0,4.2,0.7483314773547883,0
941,0.23525368960466894,0.17929247221884317,0.1780332299022162,0.041471636967738194,0.0010483964451828514,0.0006842731047999926,100.0,0.0,64.85,3.4391132578035286,1.1,0.3,4.0,0.7071067811865476,0
942,0.2587171299945342,0.2040278640939207,0.1742059494893468,0.047295161550690905,0.0009799301763199722,0.0007280234131133155,100.0,0.0,63.25,3.2996211903792836,1.05,0.21794494717703372,4.35,0.6538348415311012,0
943,0.2729276039432265,0.1970751794574012,0.1689709128595404,0.044697424784420195,0.00097647665212699,0.0004781051991268073,100.0,0.0,63.3,2.6286878856189833,1.05,0.21794494717703372,4.4,0.8602325267042626,0
944,0.26636393280667303,0.18343082954060433,0.17074513519530538,0.04342405130684622,0.0009053976376740922,0.00048060234740428855,100.0,0.0,63.85,3.0866648668101306,1.1,0.3,4.2,0.6782329983125269,0
945,0.26199111707483586,0.17312878120871797,0.172632337366231,0.04233815221927054,0.0008917013793762684,0.000471337885868993,100.0,0.0,65.0,3.1304951684997055,1.05,0.21794494717703372,4.3,0.9539392014169458,0
946,0.2635286530283868,0.16993118136713098,0.17181635159055078,0.04178031783977559,0.0008566829577552686,0.00043334520790500454,100.0,0.0,63.5,2.9410882339705484,1.05,0.21794494717703372,4.05,0.6689544080129826,0
947,0.26310308459749115,0.1664640491080464,0.1701097060729327,0.04015040489293579,0.0007198824001456625,0.0004660408731223813,100.0,0.0,63.3,3.0182776545573144,1.075,0.23848480035423641,4.1,0.7681145747868608,0
948,0.24205414598513678,0.1643601767815224,0.17596297890130258,0.04279219771442594,0.0007473217992249045,0.0005335368247743782,100.0,0.0,62.4,2.4979991993593593,1.1,0.3,4.1,0.8306623862918076,0
949,0.2244808707685771,0.1440371749070773,0.17878787654428804,0.037586594159558125,0.0008644198035608503,0.0005554601995641176,100.0,0.0,62.7,3.536947836765479,1.05,0.21794494717703372,4.15,0.5722761571129799,0
950,0.20726202175066538,0.1304027371297219,0.18277950229722503,0.03419623647668528,0.0008857710188093006,0.0006354978097144279,100.0,0.0,62.3,3.083828789021855,1.15,0.3570714214271425,4.2,0.6782329983125269,0
951,0.20100103307771505,0.13048792801877615,0.18532904866164696,0.03440513241948762,0.0010032669176443202,0.0009178819373335804,100.0,0.0,63.95,2.8013389655662877,1.0,0.0,4.45,1.0712142642814273,0
952,0.22330602471101155,0.13236164723534233,0.1781721363634369,0.03239239402865256,0.001136021748553347,0.0006638175430305534,100.0,0.0,63.85,3.259984662540608,1.075,0.23848480035423641,4.15,0.5722761571129799,0
953,0.2425498899391662,0.14838388030209274,0.17288410550358557,0.03518395743188284,0.0012649309808558354,0.0006003651491319257,100.0,0.0,62.10526315789474,2.8450277372083326,1.1578947368421053,0.36464227527765836,4.421052631578948,0.815364914991035,1
954,0.24407800918801345,0.14553451864097688,0.17315325501591797,0.034607694916485375,0.001025388393564997,0.00040696919539621687,100.0,0.0,63.21052631578947,2.966105853390604,1.131578947368421,0.31797489404196244,4.368421052631579,1.086303549502647,1
955,0.25048107487383087,0.14286365354476827,0.17121383880598184,0.033044579862542556,0.0009424221299932826,0.00029076216788086624,100.0,0.0,63.68421052631579,3.0788349057283506,1.105263157894737,0.30689220499185793,4.157894736842105,0.488085183973458,1
956,0.2563853085318205,0.1484733046465867,0.16976910125380593,0.03334789986364596,0.0009352924095257946,0.00043402050243982,100.0,0.0,63.68421052631579,2.6764593968612886,1.0,0.0,4.2631578947368425,0.7841928645132284,1
957,0.25085668309970227,0.13575260518467058,0.17081745125860637,0.03188249893556711,0.0010620901326807268,0.0006731348017329617,100.0,0.0,63.68421052631579,2.535072542903641,1.0526315789473684,0.22329687826943606,4.2105263157894735,0.7663273567663702,1
958,0.24939533532325991,0.11245473297427121,0.16990100071928438,0.026737586209988423,0.0011108621412413587,0.000678763888609165,100.0,0.0,63.8421052631579,2.56008136989796,1.0526315789473684,0.22329687826943603,4.526315789473684,0.8187552203212656,1
959,0.2459336021468009,0.10010716636872724,0.16977202107120462,0.026134274057798106,0.0010040015579896012,0.0005178601986858421,100.0,0.0,63.473684210526315,3.9385867229199385,1.105263157894737,0.30689220499185793,4.2105263157894735,0.6942582083301536,1
960,0.22938450344262948,0.08923106813228537,0.17308190687128208,0.025721074584665254,0.0010237969393532016,0.0008094773698638798,100.0,0.0,62.63157894736842,2.757010706043957,1.0526315789473684,0.22329687826943603,4.315789473684211,0.8616160812497315,1
961,0.21457065659578553,0.07980238494831343,0.17607925792020046,0.026152722414171176,0.0011836082505015074,0.0010163065662802423,100.0,0.0,64.10526315789474,2.44722693422372,1.0526315789473684,0.22329687826943603,4.421052631578948,0.6740130776245103,1
962,0.22528198452928883,0.0815324038772983,0.17319891868762935,0.024892601773485727,0.0014188171422460096,0.001053395597835939,100.0,0.0,62.89473684210526,2.124908340861721,1.0263157894736843,0.11164843913471802,4.157894736842105,0.6698906348083082,1
963,0.23303260932014663,0.09618697131675637,0.17018419246085142,0.024925423472216962,0.0016423264830528652,0.0012857766460969743,100.0,0.0,64.84210526315789,3.013358991220976,1.105263157894737,0.30689220499185793,4.105263157894737,0.7877173445839877,1
964,0.23431713401761411,0.10550979182925853,0.16924104044682522,0.026836621323770706,0.0016244236786091457,0.0015959870709618587,100.0,0.0,63.473684210526315,3.7608568599894414,1.105263157894737,0.30689220499185793,4.473684210526316,0.8806947647727111,1
965,0.22420938124061102,0.11739911482576065,0.17368254667654495,0.028527663368319297,0.0014419803674281504,0.0014439841309466512,100.0,0.0,62.526315789473685,2.702210032209144,1.0526315789473684,0.22329687826943603,4.105263157894737,0.7177990366834661,1
966,0.21004414227967896,0.11483231326341106,0.17801814988120376,0.02833012068279732,0.0014169338218518162,0.001446983171788857,100.0,0.0,63.63157894736842,3.1155049656734195,1.0789473684210527,0.24404259198672903,4.052631578947368,0.5102820902543503,1
967,0.20458916819877979,0.10433307685547072,0.1810221014963446,0.027272962708537404,0.0016261990048000066,0.0017006129021682203,100.0,0.0,63.21052631578947,3.3019762402859203,1.0526315789473684,0.22329687826943603,4.157894736842105,0.8743814592545343,1
968,0.22580532842593626,0.11620347297060218,0.17786537932150123,0.03084187067080765,0.0014543981543822877,0.0008707581049187253,100.0,0.0,62.63157894736842,2.3217626315908184,1.0,0.0,4.105263157894737,0.7177990366834662,1
969,0.2416473379113521,0.12962046548945613,0.1736589965306203,0.033408190354826894,0.0012614581544969602,0.0008065251514384711,100.0,0.0,63.421052631578945,2.5197282533864893,1.0526315789473684,0.22329687826943603,4.368421052631579,0.7405919620773835,1
970,0.2479729777750089,0.13418458954794318,0.17198964986849094,0.03412224325555973,0.0009703608443248544,0.0005650545418272253,100.0,0.0,64.10526315789474,3.7119258278958855,1.0789473684210527,0.24404259198672906,4.105263157894737,0.6402907926629705,1
971,0.24437970658726726,0.13462599893744054,0.17160842382613237,0.033701517642288625,0.001051491136384603,0.0007363445785759098,100.0,0.0,62.8421052631579,3.013358991220976,1.105263157894737,0.30689220499185793,4.473684210526316,0.5954583420518296,1
972,0.242967090984161,0.14558766385891644,0.17286577231828293,0.03491283207566612,0.0011766452249069958,0.0007432865594150511,100.0,0.0,64.10526315789474,3.1438283206459112,1.0263157894736843,0.11164843913471802,4.157894736842105,0.6698906348083082,1
973,0.23945024639850052,0.15739263500330722,0.1750703934477774,0.03899425928049016,0.001088741903930868,0.0006892867918890444,100.0,0.0,62.78947368421053,2.5869906794620015,1.0263157894736843,0.11164843913471802,4.368421052631579,0.48237638894272,1
974,0.24661752252076707,0.15159114662201506,0.17261677704894152,0.03671812345617561,0.0010458289932472676,0.0006517702959164389,100.0,0.0,64.36842105263158,2.832341904647097,1.0526315789473684,0.22329687826943603,4.2105263157894735,0.8931875130777442,1
975,0.24089287887593772,0.14370809709199475,0.1744672650738259,0.034833349633524746,0.0008651064775608638,0.0004928577641994517,100.0,0.0,63.473684210526315,2.5622445146606494,1.0526315789473684,0.22329687826943606,4.157894736842105,0.8119604537127112,1
976,0.2348096068375689,0.13528968633262323,0.17661054940330245,0.034201774362663216,0.0008643330195849156,0.00043314038420113937,100.0,0.0,64.05263157894737,3.2682473044757945,1.0,0.0,4.421052631578948,0.7480352843974681,1
977,0.23420901703023414,0.13192680278418614,0.17509572502162837,0.03254120557504912,0.0008488807222550579,0.000614079556436227,100.0,0.0,62.94736842105263,2.9285111038407483,1.0789473684210527,0.24404259198672906,4.421052631578948,0.5907880084379907,1
978,0.2198943836101398,0.12786001012093154,0.17838635045308632,0.03266973038072313,0.0010132661971850785,0.0007490402142763433,100.0,0.0,63.31578947368421,3.947719282652458,1.105263157894737,0.30689220499185793,4.105263157894737,0.5520046569316588,1
979,0.20237246861089553,0.11774817309798047,0.18310680692988698,0.03366842944604529,0.0009734176026436802,0.0009180419179317736,100.0,0.0,63.578947368421055,3.911061095401958,1.105263157894737,0.30689220499185793,4.315789473684211,0.653140718210045,1
980,0.1995697720584848,0.10215823915302835,0.18301371997490287,0.02914024473877451,0.0011558462339109285,0.0011156058268927012,100.0,0.0,63.10526315789474,2.2917411639028678,1.0526315789473684,0.22329687826943603,4.315789473684211,0.9206766149755737,1
981,0.21032337322159764,0.1184663605185139,0.1803611391023406,0.030905122041265765,0.0011713968950677507,0.0009629540381696065,100.0,0.0,64.05263157894737,2.6252555607031423,1.0526315789473684,0.22329687826943603,4.157894736842105,0.5860804592452655,1
982,0.21261835757404296,0.10993069500245992,0.1798344504149244,0.029313344912766014,0.001121339678708943,0.0007688969011133156,100.0,0.0,63.89473684210526,2.6336833690940638,1.0263157894736843,0.11164843913471802,4.315789473684211,0.7981974151633211,1
983,0.22730900207858995,0.10413197616820467,0.17698354008686348,0.029522000469702738,0.0010159130016735545,0.000607170766250441,100.0,0.0,63.0,3.077935056255462,1.131578947368421,0.31797489404196244,4.2631578947368425,0.7841928645132284,1
984,0.2401510269598822,0.10260069755722714,0.17318555094145902,0.02657741887323496,0.0010145827496121172,0.0006915611205769137,100.0,0.0,63.31578947368421,3.2126826235856534,1.0526315789473684,0.22329687826943603,4.2631578947368425,0.9085619211385298,1
985,0.2433819389742591,0.13147258392006342,0.1725689016675348,0.031160321846211564,0.0009553462366007445,0.0006278399591783379,100.0,0.0,63.1578947368421,3.1163939669657816,1.105263157894737,0.26051302464767545,4.0,0.45883146774112354,1
986,0.23968367904275384,0.13719899702151253,0.17515070026980564,0.03385193646808299,0.000887967139262172,0.0006054018821821455,100.0,0.0,64.57894736842105,4.146219450785501,1.105263157894737,0.30689220499185793,4.0,0.5619514869490163,1
987,0.24607602405354875,0.1377079811427306,0.17381563604813632,0.033972785599142546,0.0010507755539897995,0.0005451279802099022,100.0,0.0,63.473684210526315,2.6431325325241515,1.105263157894737,0.30689220499185793,4.315789473684211,0.7292845505553167,1
988,0.2587412695593055,0.13616270223438007,0.17023340808722692,0.034984868193902875,0.0011903469205005693,0.0006251972775841987,100.0,0.0,64.0,2.492092758263519,1.0,0.0,4.105263157894737,0.7177990366834662,1
989,0.26672585140702926,0.13204600171431266,0.1668266075802933,0.03452748315463711,0.001150648773790378,0.0010859640779017962,100.0,0.0,63.26315789473684,2.6326313685052214,1.0526315789473684,0.22329687826943603,4.368421052631579,0.8085416576703798,1
990,0.27242630254337996,0.14251213338452576,0.16569900844732455,0.036954973721840596,0.001058164745716187,0.0008289068119537302,100.0,0.0,63.0,2.200478416880723,1.0,0.0,4.157894736842105,0.8743814592545343,1
991,0.2712898994652231,0.1737011692579335,0.1676739895193739,0.04102986908322998,0.0009330767389224068,0.0006305753972567302,100.0,0.0,63.26315789473684,3.415785418860622,1.0789473684210527,0.24404259198672903,4.315789473684211,0.9206766149755737,1
992,0.27876705658502365,0.1958138099537977,0.16745709874285075,0.04494231272305296,0.0008067818480308953,0.0005489075054462404,100.0,0.0,63.78947368421053,2.607256016105439,1.105263157894737,0.30689220499185793,4.315789473684211,0.7292845505553167,1
993,0.26819159712276436,0.19181825632149033,0.1705916701283915,0.044014455573751506,0.0007829313499664275,0.0006063987508712926,100.0,0.0,63.578947368421055,3.37663472259904,1.0,0.0,4.368421052631579,0.9846466807299845,1
994,0.2711801055407029,0.18318212693201225,0.1704301410841056,0.04302684242147778,0.0006969499388915929,0.0004648028493881402,100.0,0.0,62.68421052631579,3.525137273608495,1.131578947368421,0.31797489404196244,4.2105263157894735,0.5210260492953508,1
995,0.27339831938549947,0.15755413259399942,0.16861611262974527,0.03754922847825242,0.0008433815316726969,0.0005008454783267016,100.0,0.0,63.8421052631579,3.6311975390863873,1.0263157894736843,0.11164843913471802,4.157894736842105,0.48808518397345807,1
996,0.27581836127964077,0.1438667244151899,0.16648230248729715,0.03533361278351484,0.0009726113398578442,0.0006677335827961732,100.0,0.0,63.05263157894737,3.2843117393310934,1.0526315789473684,0.22329687826943603,4.2631578947368425,0.5469634129164875,1
997,0.27964639134796504,0.1353332290910783,0.16355593038222183,0.03188045014009412,0.0009902977947866011,0.0008812257766529692,100.0,0.0,63.526315789473685,1.8741572436594585,1.0,0.0,4.052631578947368,0.6862318321265947,1
998,0.2645944277250408,0.12790410719199213,0.1664404139783786,0.03119758102093903,0.0008634199941220887,0.00072784581715161,100.0,0.0,62.36842105263158,3.6879680087062847,1.105263157894737,0.30689220499185793,4.157894736842105,0.5860804592452655,1
999,0.2406295322592634,0.11999185715025582,0.17294650622630683,0.03055179974184095,0.0007869860371830254,0.000626730629155039,100.0,0.0,63.1578947368421,3.328713326493031,1.0263157894736843,0.11164843913471802,4.157894736842105,0.7443229275647869,1
