generation,mean_fitness_mean,mean_fitness_std,distance_from_optimum_mean,distance_from_optimum_std,phenotype_variance_mean,phenotype_variance_std,population_size_mean,population_size_std,n_parents_mean,n_parents_std,median_offspring_mean,median_offspring_std,max_offspring_mean,max_offspring_std,extinct_count
0,0.6735759407880908,0.033271908278429435,0.01715038281164811,0.0073814534167869995,0.004638958459681004,0.0006847424499837606,100.0,0.0,63.0,2.9154759474226504,1.15,0.3570714214271425,4.25,0.6224949798994366,0
1,0.7275936576431472,0.032989615746112595,0.020177095527661483,0.008893238634769839,0.0034833885710406054,0.000576396223761833,100.0,0.0,63.8,1.9899748742132402,1.0,0.0,4.35,0.6538348415311012,0
2,0.7807082782164991,0.03742627905323029,0.020102912859210478,0.008703491482813686,0.002538378811982148,0.0005328272317450382,100.0,0.0,63.75,2.947456530637899,1.05,0.2179449471770337,4.05,0.4974937185533099,0
3,0.8118356501408069,0.040481664576881245,0.019700019640943738,0.009743524176135115,0.0020374652495963293,0.00045031284066236087,100.0,0.0,62.2,3.1080540535840107,1.125,0.3112474899497183,4.2,0.6782329983125269,0
4,0.8282126493331651,0.040460322606613086,0.021129490880580717,0.010204137581154673,0.001777655042542639,0.0004564193618188063,100.0,0.0,63.1,2.3853720883753127,1.05,0.21794494717703372,4.2,0.9797958971132711,0
5,0.8385926372821426,0.04058566477224925,0.022853796772599043,0.010614878492820128,0.0015934683901560926,0.000461955231575029,100.0,0.0,63.6,2.8530685235374214,1.05,0.21794494717703372,4.55,0.9733961166965892,0
6,0.8448884042961584,0.04130898129425012,0.024864858914130525,0.01108010970409144,0.0014752956790497565,0.000560162260164753,100.0,0.0,63.55,2.4181604578687494,1.075,0.23848480035423641,4.15,0.6538348415311012,0
7,0.8524118632541298,0.032292265891104045,0.024924548775537257,0.011525434880256995,0.001340620442137484,0.000437337773875498,100.0,0.0,64.05,2.9744747435471695,1.05,0.2179449471770337,4.0,0.5477225575051661,0
8,0.8550077816528532,0.030539255839414765,0.027826675833289,0.011161160520141619,0.0012374274594265148,0.0003960930723145552,100.0,0.0,64.25,2.118372016431486,1.025,0.10897247358851683,4.3,0.9,0
9,0.8511343334491928,0.03469360795751869,0.029871024213579244,0.013410687993113712,0.0012053392332669224,0.0004403337536432314,100.0,0.0,63.7,2.5317977802344327,1.025,0.10897247358851683,4.4,0.9695359714832658,0
10,0.8615138228313141,0.036286719053867975,0.029877892844353222,0.013323107739557848,0.0010671292578796861,0.00038402363617032746,100.0,0.0,63.1,2.681417535558384,1.125,0.3112474899497183,4.25,0.698212002188447,0
11,0.8608568050969995,0.03499616180876206,0.03218727137477494,0.014156691568260082,0.000996676142716525,0.0003921436241931047,100.0,0.0,64.7,2.3473389188611007,1.0,0.0,4.25,1.0428326807307104,0
12,0.8603201829937577,0.037014393904307066,0.034270822901101616,0.015295089723773352,0.0009090325831594866,0.0003242575504828112,100.0,0.0,63.15,3.902242944769072,1.2,0.3674234614174767,3.95,0.49749371855331004,0
13,0.8536644567881464,0.040406998281417576,0.0369887921545338,0.015244243754585551,0.0008935782842446977,0.00032990942546440587,100.0,0.0,62.4,3.916631205513228,1.15,0.3570714214271425,4.45,0.5894913061275798,0
14,0.8471852283777178,0.0380196699869493,0.03931619138791735,0.013066018060890625,0.0009137457161357738,0.0003136138452896767,100.0,0.0,62.5,3.427827300200522,1.075,0.23848480035423641,4.15,0.6538348415311012,0
15,0.844479715769654,0.04143032382582506,0.04130774986059356,0.013541773217694938,0.0008578431782868866,0.00022395716029835903,100.0,0.0,62.7,2.8653097563788807,1.1,0.2549509756796392,4.4,0.6633249580710799,0
16,0.8373406500328014,0.04853274345188068,0.043799726742795524,0.012518776525023492,0.0008845904681645672,0.00025181851024770184,100.0,0.0,64.15,3.2905166767545793,1.05,0.21794494717703372,4.0,0.8366600265340756,0
17,0.8379086229659475,0.05269021251167769,0.044756455881740764,0.013141227170516257,0.0008066529566326944,0.00021145754471701012,100.0,0.0,63.65,2.5937424698685874,1.05,0.21794494717703372,3.85,0.3570714214271425,0
18,0.8355304562003507,0.057116438021249695,0.04579206262105866,0.012912783856568555,0.0007859734042085064,0.0003538397275623823,100.0,0.0,63.75,2.662235902394827,1.05,0.21794494717703372,4.2,0.8717797887081348,0
19,0.8359759363543894,0.05303543890626858,0.04568750458455798,0.01210674026467945,0.000794529210887295,0.00032783959755024455,100.0,0.0,63.1,3.766961640367472,1.1,0.3,4.4,0.6633249580710799,0
20,0.8283459619486904,0.051745072514403676,0.04814864776462343,0.01108300675369471,0.0007779197583727175,0.00032208983289007864,100.0,0.0,62.5,2.5592967784139455,1.0,0.0,4.25,0.6224949798994366,0
21,0.8211953382519196,0.054512713027269566,0.04970228931227367,0.011071129779617108,0.0007991672403120998,0.0003772334298259456,100.0,0.0,64.4,2.615339366124404,1.025,0.10897247358851683,4.15,0.653834841531101,0
22,0.8203362057484436,0.050750002490970385,0.04990682929506744,0.010741257104765306,0.0008019623582363611,0.0003790108451822369,100.0,0.0,64.3,3.287856444554719,1.0,0.0,4.1,0.7000000000000001,0
23,0.8176290676082656,0.05107179159333941,0.05016757572114409,0.010454650650408357,0.0008348493280865534,0.00039316904907559685,100.0,0.0,63.6,3.32264954516723,1.1,0.3,4.4,0.7999999999999999,0
24,0.8193763738525268,0.04628059121594613,0.05012080965502121,0.010152574711430653,0.0008117117025203936,0.00039128819944138056,100.0,0.0,62.1,2.022374841615669,1.1,0.3,4.35,0.8529361054615991,0
25,0.8207794810301736,0.044791803658347534,0.05018649939460533,0.009537878560775388,0.0007959740552977067,0.00037221642648204583,100.0,0.0,63.9,2.5475478405713994,1.05,0.21794494717703372,4.15,0.7262919523166976,0
26,0.825289840772153,0.04517377923815196,0.049455843546794595,0.012333050044297448,0.0007358600724614766,0.0003384224875196803,100.0,0.0,64.15,2.4550967394381837,1.0,0.0,4.05,0.5894913061275798,0
27,0.8249157446006723,0.039821512532225135,0.050248820175799645,0.010908319380412574,0.0007140622511953289,0.00028791825348604706,100.0,0.0,63.0,1.8973665961010275,1.0,0.0,4.25,0.7664854858377946,0
28,0.8306594705365267,0.03427482199909686,0.04899660388686021,0.01061987850892674,0.0006936686977617645,0.00028412799754014767,100.0,0.0,63.45,3.0573681492420897,1.075,0.23848480035423641,4.05,0.49749371855331,0
29,0.8288224379466209,0.03945025652147428,0.049918772913808675,0.010253502668972698,0.0006742735666455367,0.00027270587514269647,100.0,0.0,63.55,3.169779172119093,1.0,0.0,4.4,0.7999999999999999,0
30,0.8327011765982508,0.0441675586286299,0.049073029896306374,0.01052445074599124,0.0006652873164487755,0.00022837621533434353,100.0,0.0,63.85,2.7069355367278325,1.05,0.21794494717703372,4.3,0.6403124237432849,0
31,0.8300924240356238,0.04929971997391322,0.04793376491911765,0.01082040971378125,0.000752915699274347,0.0002453223162959262,100.0,0.0,63.25,3.5899164335677787,1.05,0.15,4.1,0.8306623862918074,0
32,0.8337773927757576,0.04643465469204644,0.04655321462092502,0.010446110102001199,0.0007771988801046232,0.00025342819132956253,100.0,0.0,62.8,2.6381811916545836,1.05,0.21794494717703372,4.05,0.5894913061275798,0
33,0.8398263661270408,0.043416777966928125,0.045882021463102274,0.01087757094513589,0.0007303774245075764,0.00027810660030559193,100.0,0.0,63.9,3.8327535793473597,1.0,0.0,4.1,0.8888194417315588,0
34,0.8402766793818521,0.0380491859090212,0.04530763979131418,0.010381573674624306,0.0007522755177862692,0.0003009677702649061,100.0,0.0,62.85,3.4536212878658255,1.075,0.23848480035423641,4.35,0.7262919523166975,0
35,0.8479683759042661,0.04277260123957142,0.04365789551732067,0.011100204021012835,0.0007278701288158343,0.00030715346975753946,100.0,0.0,63.95,3.3537292675468007,1.075,0.23848480035423641,4.15,0.4769696007084728,0
36,0.8546775124903527,0.041604803641796737,0.042100616884439356,0.011499067783538725,0.0007056268528282398,0.00024837669642773413,100.0,0.0,63.55,3.089902911096076,1.1,0.3,4.35,0.792148975887743,0
37,0.8588891735439155,0.03965721931449736,0.04162599972600112,0.010913391167689052,0.0006718636707773784,0.0002581731079341765,100.0,0.0,63.5,2.8548204847240397,1.125,0.3112474899497183,4.3,0.714142842854285,0
38,0.8686623326997747,0.035129535557791684,0.0390722303730373,0.01022549416235849,0.000649210645555341,0.0002454491897255927,100.0,0.0,63.55,2.854382595238418,1.0,0.0,4.3,0.6403124237432849,0
39,0.8697263521037508,0.04096110527148372,0.03821709438697405,0.012226503442441965,0.0006675765633553571,0.00026274740882599863,100.0,0.0,63.5,2.5592967784139455,1.025,0.10897247358851683,4.15,0.653834841531101,0
40,0.8780819857545996,0.04131852466030557,0.03607551132149056,0.012667885204205923,0.0006498290382784918,0.00035926488468301915,100.0,0.0,63.75,3.672533185690771,1.025,0.10897247358851683,3.9,0.6244997998398398,0
41,0.8824763814464591,0.04465940761355774,0.03398113284158156,0.0139095406546048,0.0006482783092442985,0.0003331407094247625,100.0,0.0,63.35,2.554897258208243,1.0,0.0,4.05,0.6689544080129826,0
42,0.8871845673491062,0.04236772750309439,0.03266008957871314,0.013320173087087595,0.0006378850263833725,0.0003117383778746222,100.0,0.0,62.85,3.5535193822462827,1.025,0.10897247358851683,4.15,0.7921489758877431,0
43,0.8932699138761265,0.04205761710088925,0.03163761390150799,0.013927050001858166,0.0005938385409089834,0.0002701787133772746,100.0,0.0,63.15,3.5252659474144643,1.05,0.21794494717703372,4.35,0.9096702699330126,0
44,0.8942384655158622,0.04449520730999597,0.03106834602674547,0.013861537451770658,0.0006034727955289518,0.00027358408935574335,100.0,0.0,64.35,3.4391132578035286,1.05,0.21794494717703372,4.2,1.0770329614269007,0
45,0.9040411151216595,0.038015516262251345,0.028955656177552795,0.012714729307102586,0.0005592302249594016,0.000243938231999823,100.0,0.0,64.0,3.271085446759225,1.05,0.21794494717703372,4.4,0.66332495807108,0
46,0.9090566866662698,0.03438059992138287,0.027131450143125967,0.01264462446961504,0.000563701661668843,0.0002464860271011602,100.0,0.0,64.0,2.32379000772445,1.025,0.10897247358851683,4.05,0.5894913061275798,0
47,0.9108790578405911,0.03326689761255969,0.025658612077808042,0.012314325814548938,0.0005774302752351438,0.00025702836067368804,100.0,0.0,62.95,3.3387872049593095,1.075,0.23848480035423641,4.25,0.7664854858377946,0
48,0.9124378501883091,0.03093410909526855,0.024587373209866648,0.012357279132862189,0.0005965484082636884,0.000283359038134898,100.0,0.0,63.8,3.3406586176980126,1.05,0.21794494717703372,4.0,0.5477225575051661,0
49,0.923053738024327,0.028798309366542117,0.02300813202843789,0.012020833501619504,0.000501213247959384,0.00024052906289588169,100.0,0.0,63.2,2.6758176320519302,1.05,0.2179449471770337,4.1,0.6244997998398398,0
50,0.9245682370918281,0.02552354677598677,0.021338534896185066,0.010142887723279212,0.0005458618138249999,0.00023895944297819998,100.0,0.0,64.4,2.8,1.05,0.15,4.0,0.8366600265340756,0
51,0.9273899375622682,0.028401986299818112,0.020736620640817723,0.010036516544807823,0.0005300178042369836,0.0002551663286666484,100.0,0.0,62.7,3.874274125562103,1.125,0.3112474899497183,4.5,0.5916079783099616,0
52,0.9223865661659237,0.026297120038699048,0.020526528764720747,0.009271884578089678,0.000612839656593657,0.00032990974358538237,100.0,0.0,64.45,3.2935543110748915,1.0,0.0,4.5,0.9746794344808963,0
53,0.9209061543168833,0.026425796173997113,0.021057835848085273,0.008603052535976704,0.0006234201671329842,0.00032134116399013056,100.0,0.0,62.95,2.376446927663229,1.075,0.23848480035423641,4.35,0.47696960070847283,0
54,0.9264135420026754,0.020113384910642493,0.020387301650611957,0.008888805214028484,0.0005612736007326987,0.0001805399289654498,100.0,0.0,62.55,3.5563323804166562,1.1,0.2549509756796392,4.55,0.5894913061275798,0
55,0.9234308263270009,0.025320659495041534,0.02038150353295995,0.0090402621263711,0.0006023098177117419,0.0002615020617018988,100.0,0.0,64.05,3.57036412708844,1.05,0.21794494717703372,4.1,0.6244997998398398,0
56,0.9240416526119454,0.02700739690894508,0.02242292814580709,0.010035587764315464,0.0005372078933426784,0.00023596401462756489,100.0,0.0,63.5,3.0083217912982647,1.0,0.0,3.95,0.3840572873934304,0
57,0.9257227939758929,0.029846677346283455,0.023924370793648533,0.010420862146624478,0.00047311300717242167,0.00022342017016800244,100.0,0.0,62.4,3.2619012860600183,1.075,0.23848480035423641,4.35,0.5722761571129799,0
58,0.9215485761654068,0.03216444416765236,0.0253623821554739,0.010730327404894772,0.0004801312365962457,0.00019451796560030635,100.0,0.0,63.25,2.9979159427842537,1.125,0.3112474899497183,4.2,0.6,0
59,0.9168687784465765,0.0362161474930361,0.026704014406521696,0.011501297758382538,0.0004938437111786396,0.00022758807952775822,100.0,0.0,62.95,2.4181604578687494,1.1,0.3,4.35,0.7262919523166975,0
60,0.908145155177631,0.037969761859603046,0.02943741270418183,0.010918538094378547,0.000525405995962626,0.00019870326196125512,100.0,0.0,64.3,2.685144316419511,1.05,0.2179449471770337,4.2,0.6,0
61,0.9028154889015794,0.03749246569676916,0.030931839287707763,0.010865454763521293,0.0005430979553104011,0.0002201964923551318,100.0,0.0,63.6,2.817800560721074,1.05,0.21794494717703372,4.1,0.5385164807134504,0
62,0.8966723378365348,0.041367861640803416,0.03249682327126233,0.01069660541402028,0.0005720901515038079,0.0002567714686593748,100.0,0.0,63.85,2.7253440149823285,1.05,0.21794494717703372,4.05,0.739932429347437,0
63,0.8867842328259347,0.04397296954703851,0.036057692920741,0.010766336577235686,0.0005713696511455932,0.0002880513717746537,100.0,0.0,62.0,2.6457513110645907,1.1,0.3,4.5,1.0723805294763609,0
64,0.8752470883473625,0.04112186770883294,0.03894127082962507,0.010001307802996046,0.0006067552181260739,0.00026616088546608027,100.0,0.0,63.1,3.576310948449533,1.0,0.0,4.25,0.7664854858377946,0
65,0.8666379169691425,0.04247873691000865,0.04059473527828759,0.010096472942798964,0.0006405416987104119,0.00024712292604428657,100.0,0.0,63.95,2.8892040426387333,1.0,0.0,4.25,0.8874119674649424,0
66,0.8552687900769238,0.04140224380109975,0.042511140811154334,0.010761052457748124,0.0006958870198485303,0.00026962567112355935,100.0,0.0,63.45,2.5782746168707473,1.1,0.3,4.05,0.739932429347437,0
67,0.8485901211899447,0.0500883527362112,0.04516419564417647,0.012596531772411696,0.0006395868288924052,0.00029617589536173845,100.0,0.0,62.65,3.7719358425084595,1.1,0.3,4.1,0.5385164807134504,0
68,0.8398309599715565,0.05311135167930969,0.04764972693933263,0.013404958594476246,0.0006146715668793889,0.0002946081774758218,100.0,0.0,63.15,2.7436289836637897,1.075,0.23848480035423641,4.25,0.6224949798994366,0
69,0.8297303653260368,0.05350979592441316,0.04957278454646125,0.01387972720286079,0.0006308019792750873,0.0003849034501333108,100.0,0.0,63.7,2.4919871588754225,1.05,0.21794494717703372,3.95,0.5894913061275798,0
70,0.8148400536086685,0.04986314022573683,0.051981621451372584,0.014933407021793419,0.0006927377206648837,0.00039385483843229274,100.0,0.0,64.6,3.3823069050575523,1.05,0.21794494717703372,4.1,0.8306623862918076,0
71,0.8040893433969745,0.04815707323567244,0.054972526144313485,0.015061958564157821,0.0006680641311839109,0.0003964538729809889,100.0,0.0,63.8,2.1587033144922905,1.0,0.0,4.2,0.7483314773547883,0
72,0.7900301617375641,0.04928305744753282,0.058015574003019356,0.016138233613466123,0.0006757458112471597,0.0003657355971754573,100.0,0.0,63.4,2.7459060435491964,1.075,0.23848480035423641,4.15,0.7262919523166976,0
73,0.7801141727578145,0.06464182392404627,0.05991085470927292,0.01788709333545719,0.0006818548165643703,0.000269528054617111,100.0,0.0,62.95,2.747271373563231,1.1,0.3,4.5,0.806225774829855,0
74,0.7723206449985585,0.0681149129182252,0.06051323006530993,0.01755112880418669,0.0007721854803651667,0.0002964373042138349,100.0,0.0,63.7,1.8734993995195195,1.125,0.3112474899497183,4.15,0.5722761571129799,0
75,0.7667395454628614,0.07730161556859774,0.06198766019323561,0.018045408658309316,0.0007681658968676359,0.0003377755842451724,100.0,0.0,63.35,2.372235232855292,1.2,0.4,4.25,0.7664854858377946,0
76,0.7568599841530206,0.0807467031017658,0.06343227308622079,0.017267752577125105,0.0008507644883439202,0.0003516093778011513,100.0,0.0,63.85,3.1980462785894765,1.125,0.3112474899497183,4.05,0.49749371855331004,0
77,0.7504748818739237,0.0891217145739461,0.0655994963906144,0.01856685248949362,0.0007901956065335863,0.0002920864118597648,100.0,0.0,62.45,2.5975950415721076,1.025,0.10897247358851683,4.45,0.8046738469715541,0
78,0.7472870015753964,0.08950703002019689,0.06660258173197633,0.018239790393014495,0.0008003699934077955,0.00030767495612264413,100.0,0.0,63.4,3.2155870381627056,1.125,0.3112474899497183,4.25,0.698212002188447,0
79,0.7527603872461113,0.08405221166062356,0.0655310133178411,0.017555067240244464,0.0008021264811683422,0.0003809813536649698,100.0,0.0,62.65,3.7453304260105007,1.025,0.10897247358851683,4.25,0.698212002188447,0
80,0.7532433004665405,0.07852393407695138,0.06503370246668103,0.016751373346273236,0.0008653756928246414,0.00044552910986577263,100.0,0.0,62.65,3.785168424258028,1.05,0.21794494717703372,4.1,0.5385164807134504,0
81,0.7587293032909165,0.07774839619844934,0.06391509000692222,0.016168332880141755,0.0008209313305357532,0.00034510324092107544,100.0,0.0,63.4,3.1208973068654475,1.0,0.0,4.45,0.5894913061275798,0
82,0.753800515189586,0.08887789451183957,0.06449338032765607,0.017970312419433157,0.0008347816116490592,0.00037517637923399427,100.0,0.0,63.35,3.1666228067138023,1.025,0.10897247358851683,4.3,0.9539392014169457,0
83,0.7525047948611402,0.09207975958133029,0.0644172104390052,0.01858333683909526,0.0008676696928254197,0.00037224240680116134,100.0,0.0,62.5,3.170173496829472,1.0,0.0,4.45,0.6689544080129827,0
84,0.7605815654676517,0.09359564154653842,0.06379715489024948,0.019441583231434825,0.0007779363834410572,0.00034977603425608836,100.0,0.0,64.3,2.5709920264364885,1.025,0.10897247358851683,4.15,0.792148975887743,0
85,0.7625642120160702,0.09584543621110067,0.06277423857158577,0.020112018378754048,0.0008043570121555769,0.00038604530494582,100.0,0.0,62.4,3.4263683398023628,1.125,0.3112474899497183,4.45,0.9205976319760985,0
86,0.7606813570396982,0.08974157904286595,0.06341071372965104,0.019335486501970967,0.0008246889181371614,0.0003224682724557188,100.0,0.0,64.35,2.95423424934449,1.0,0.0,4.15,1.0136567466356647,0
87,0.7672006837207876,0.08689684940848413,0.06124740210554701,0.01912017884263031,0.0008605718421851113,0.0003664294633045608,100.0,0.0,62.75,2.7179955849853767,1.0,0.0,4.25,0.698212002188447,0
88,0.7823156861218937,0.08292501436774394,0.05801288173515316,0.01916671653842162,0.0007948236449459668,0.00036576535518527187,100.0,0.0,63.5,2.9748949561287032,1.0,0.0,4.25,0.698212002188447,0
89,0.7811463209886966,0.0804413799005698,0.059607986747521866,0.018326467407038288,0.0007284384159442691,0.0002936082562560262,100.0,0.0,64.35,2.393219588754864,1.05,0.21794494717703372,4.2,0.7483314773547883,0
90,0.7764206837671366,0.07983884704492573,0.060368336502697205,0.018277858008268876,0.000725719734259623,0.00029703346208773693,100.0,0.0,65.3,3.1638584039112754,1.0,0.0,4.0,0.7745966692414834,0
91,0.7690231542793745,0.0813248879795825,0.0611989685898832,0.01919192948871698,0.0007681025569900551,0.00035854354901135424,100.0,0.0,62.15,3.811495769379785,1.2,0.3674234614174767,4.2,0.8717797887081347,0
92,0.7666244682915851,0.08212502796962831,0.061205417716346376,0.019648804330832013,0.0007717601747140732,0.00042166633706594233,100.0,0.0,63.3,3.116087290176577,1.025,0.10897247358851683,4.35,0.6538348415311012,0
93,0.7668634798787607,0.0809724516858245,0.06092605940664737,0.020187813171771037,0.000802445221637719,0.0003713175468362471,100.0,0.0,64.7,2.8478061731796287,1.05,0.21794494717703372,4.1,0.8306623862918074,0
94,0.7663918660281971,0.07816998480923544,0.06065586282794847,0.02051881870610742,0.0008243203386296142,0.0003855124980833945,100.0,0.0,62.3,3.0182776545573144,1.1,0.3,4.45,0.6689544080129827,0
95,0.7675074219115571,0.07436322601696785,0.06085227349844359,0.019314357805527524,0.0007895399642407387,0.0003117423552364804,100.0,0.0,63.65,2.903015673398957,1.0,0.0,4.3,0.5567764362830022,0
96,0.7666197427936584,0.06949224216430323,0.061820983889484295,0.017785801319165982,0.0007442974325167386,0.0002522818115559937,100.0,0.0,64.35,3.3507461855533016,1.075,0.23848480035423641,4.0,0.6324555320336759,0
97,0.761220013856873,0.07313652317225691,0.06281174959281785,0.018745190919674297,0.0007496531636308356,0.00028315518056433204,100.0,0.0,63.7,3.3481338085566414,1.15,0.3570714214271425,4.4,0.7348469228349535,0
98,0.7626911171360077,0.07219570523375034,0.06320195863232694,0.01684318048395493,0.0007404809199084856,0.0002312947374603921,100.0,0.0,63.25,2.6995369973386176,1.1,0.2549509756796392,4.3,0.7810249675906654,0
99,0.7607150486579263,0.07509273110551681,0.0634080078821148,0.018073660823907173,0.0007515304333603888,0.00025120624216069446,100.0,0.0,62.7,3.536947836765479,1.2,0.4,4.1,0.7681145747868608,0
100,0.7667988866172746,0.07643411731528268,0.06179297172143192,0.01703579633710525,0.0007752561078669271,0.0003075137323972498,100.0,0.0,64.1,2.773084924772409,1.0,0.0,4.25,0.8874119674649424,0
101,0.7730707620054698,0.07876820463788137,0.060343266667455306,0.01659983217502694,0.0007843606453700362,0.000293531143542295,100.0,0.0,64.75,1.894069692487581,1.025,0.10897247358851683,4.1,0.7681145747868608,0
102,0.7722801791363607,0.0829350303278003,0.059541390709248895,0.018012850982050334,0.0008355890551686675,0.0002899938319684126,100.0,0.0,63.35,3.758656674930553,1.1,0.3,3.9,0.6244997998398398,0
103,0.7788147663205962,0.08160430356257142,0.05841464032034146,0.018409700565951516,0.0007903236510049944,0.0002841806412988899,100.0,0.0,63.95,3.0736785778607367,1.05,0.21794494717703372,4.2,0.6,0
104,0.7784137275027667,0.08011985499591466,0.05772617590506398,0.018640722308598704,0.0008481339931972028,0.0003326569085055281,100.0,0.0,64.15,3.5815499438092444,1.15,0.3570714214271425,4.25,0.698212002188447,0
105,0.7888168257058448,0.07642647495563051,0.05496257161894312,0.01845033457961758,0.0008717944730169857,0.0003244268051267649,100.0,0.0,64.3,2.3473389188611007,1.05,0.21794494717703372,4.05,0.804673846971554,0
106,0.7932218306247696,0.0785468496422562,0.053055392710747676,0.019698218819411587,0.000910637540928862,0.0003322079451864314,100.0,0.0,62.15,1.8241436346954694,1.1,0.3,4.4,0.6633249580710799,0
107,0.8024280326478701,0.07519801502756832,0.05099576781630938,0.018356000695403007,0.0008999815560816634,0.00030669901335542816,100.0,0.0,64.3,3.6891733491393435,1.0,0.0,4.1,0.5385164807134504,0
108,0.8067488736261467,0.07052289691761493,0.049824383234692085,0.017882537043609377,0.0009222477079116655,0.0003017490194951296,100.0,0.0,63.05,3.4709508783617204,1.05,0.15,4.2,0.6,0
109,0.8245138741231146,0.07202098458105828,0.045842490355256324,0.01793345742255315,0.0008743070596121056,0.00031112439076620983,100.0,0.0,61.95,2.6358110706194404,1.025,0.10897247358851683,4.5,1.0723805294763609,0
110,0.8313009281347506,0.06570888048671869,0.04448379422738399,0.016790782833167123,0.0008721014019958523,0.00032977600476907575,100.0,0.0,63.9,2.754995462791182,1.05,0.21794494717703372,4.15,0.8529361054615991,0
111,0.8393149284294601,0.059990079328003286,0.04236647991639018,0.015462992161147512,0.0008888005942470859,0.000319686624763248,100.0,0.0,63.2,3.325657829663178,1.025,0.10897247358851683,4.1,0.8306623862918076,0
112,0.8525187926166591,0.06112897559863653,0.03933741973958375,0.015017840379638301,0.0008467028538907215,0.00031368229430310166,100.0,0.0,64.15,3.118894034750139,1.05,0.21794494717703372,4.25,0.7664854858377946,0
113,0.8612111254470864,0.0623215183532026,0.03724848346140348,0.015254403467799204,0.0007993788433385433,0.00029033218133152697,100.0,0.0,63.05,2.7290108097990378,1.125,0.3112474899497183,4.3,0.6403124237432849,0
114,0.87041118057619,0.06199219314961804,0.033446021257439354,0.016560806085597395,0.000790377594227608,0.0002817617954681659,100.0,0.0,62.9,3.254228019054596,1.05,0.21794494717703372,4.35,0.7262919523166975,0
115,0.8779105121017347,0.06360195264023656,0.03152919430839106,0.01739908142874519,0.0007409066315605706,0.00026572846928190426,100.0,0.0,63.75,2.6433879775772606,1.025,0.10897247358851683,4.55,0.9733961166965892,0
116,0.8854292967014874,0.053713726961524814,0.02922662414383843,0.01626652995089298,0.0007307376166952269,0.0002552371167268125,100.0,0.0,63.4,2.7820855486487113,1.075,0.23848480035423641,4.15,0.5722761571129799,0
117,0.8909445977315716,0.04989666173109203,0.027669938527020366,0.014500105124433263,0.0007448445890383212,0.0002573930956242818,100.0,0.0,63.55,2.957617284234051,1.05,0.21794494717703372,4.1,0.43588989435406733,0
118,0.8911622440104786,0.04870670977907421,0.025711455347025486,0.013753820888817499,0.0008092431299306414,0.0002940562353767874,100.0,0.0,63.55,3.2167530212933664,1.075,0.23848480035423641,4.0,0.6324555320336759,0
119,0.8959853620173396,0.04937367643896769,0.024240196797489,0.013182854025877983,0.0007874905897826424,0.0003373440829390975,100.0,0.0,62.95,2.246664193866097,1.025,0.10897247358851683,4.25,0.7664854858377946,0
120,0.9013504398312765,0.04913894432814037,0.022602204839547703,0.011323471418540268,0.0007976566796843167,0.0003782624506889588,100.0,0.0,63.1,3.176476034853718,1.075,0.23848480035423641,4.1,0.6244997998398398,0
121,0.9124518930562344,0.04587710376940108,0.021708844091550338,0.01036816936835371,0.0006920034030932031,0.000353083760260448,100.0,0.0,62.85,2.5937424698685874,1.025,0.10897247358851683,4.4,0.58309518948453,0
122,0.9165727397777728,0.048633096111622566,0.02011982590210726,0.009434940367026986,0.0006859926723391816,0.0004187612657439236,100.0,0.0,63.95,2.3973944189473704,1.025,0.10897247358851683,4.05,0.5894913061275798,0
123,0.9165647615821744,0.03976005373153736,0.019759146462561016,0.01053379828923846,0.000678850358633463,0.0003062149257734428,100.0,0.0,62.9,3.548238999842034,1.1,0.3,4.2,0.5099019513592784,0
124,0.9185649419158773,0.032585496698220195,0.019669973346906042,0.009179866898408934,0.0006720416508726934,0.00025038739744298794,100.0,0.0,64.0,3.8340579025361627,1.175,0.36314597615834876,4.0,0.6324555320336759,0
125,0.9252754601726192,0.02981613733101073,0.019416175457725386,0.010124624377716942,0.0005913267707215322,0.00022581483633998944,100.0,0.0,63.35,3.5535193822462823,1.15,0.3570714214271425,4.0,0.8366600265340756,0
126,0.9282344004229375,0.030948631641832043,0.019438122920979416,0.010331970022496112,0.0005626381799202513,0.00025143049528234007,100.0,0.0,62.85,3.7050641020095725,1.15,0.3570714214271425,4.05,0.739932429347437,0
127,0.9287712586995429,0.03414421302780625,0.020185546965329867,0.009937936421714678,0.0005372363666169864,0.0002379570157939075,100.0,0.0,63.55,3.2167530212933664,1.075,0.23848480035423641,3.95,0.49749371855331004,0
128,0.9236617595176219,0.035428517865942935,0.021506309687778537,0.009366105019864701,0.0005757930043093309,0.0002964238241460567,100.0,0.0,63.95,2.9576172842340505,1.0,0.0,4.0,0.7071067811865476,0
129,0.9194016430929419,0.03492920756999631,0.021580549829757833,0.009503492616595336,0.0006272324224010958,0.0003019322422493333,100.0,0.0,63.8,2.541653005427767,1.05,0.21794494717703372,4.45,0.5894913061275798,0
130,0.9136762170076611,0.03352740020089284,0.023388599189313092,0.010357321240843133,0.0006509458435697751,0.00025971048764204157,100.0,0.0,63.1,2.6814175355583845,1.05,0.21794494717703372,4.3,0.7810249675906654,0
131,0.9071811191484963,0.04393450433514371,0.02631076947970199,0.011745589175052735,0.0006481516070655647,0.00034934318912500917,100.0,0.0,64.25,2.680951323690902,1.0,0.0,4.25,0.7664854858377946,0
132,0.9036660176478077,0.04184066380182622,0.028943425257333556,0.011237029173626411,0.0006123864829114672,0.0003540550602325081,100.0,0.0,62.5,2.5199206336708304,1.075,0.23848480035423641,4.55,0.8046738469715541,0
133,0.9003468153598888,0.044362545296652324,0.03134697920374493,0.011992012637961862,0.0005791386786077864,0.000301911732879216,100.0,0.0,64.0,3.146426544510455,1.05,0.21794494717703372,3.9,0.7681145747868608,0
134,0.8967694510644021,0.0355163214313929,0.03340243218733833,0.01002398224894032,0.0005616734039452899,0.00025963093803966613,100.0,0.0,64.4,2.9899832775452104,1.05,0.15,4.05,0.804673846971554,0
135,0.8841028979203367,0.04128215059696587,0.03683407263019191,0.010543791543711177,0.0006013980510379441,0.00029872221538225193,100.0,0.0,64.1,2.605762844159076,1.025,0.10897247358851683,4.2,0.6782329983125268,0
136,0.8734674747047,0.03767757043834844,0.03960504171092092,0.010076275728268988,0.0006175281166625055,0.0002746052424467269,100.0,0.0,63.8,2.3151673805580453,1.1,0.3,4.15,0.7262919523166975,0
137,0.8682924159700441,0.03950246099361844,0.04196960864030382,0.010749053253782488,0.0005456902929015783,0.00021581447350530155,100.0,0.0,64.35,3.7453304260105007,1.1,0.3,4.2,0.5099019513592785,0
138,0.8592188402271599,0.04104386111605486,0.04358167108268997,0.01125158115132598,0.0005918601012676637,0.00020388114842723512,100.0,0.0,63.6,2.353720459187964,1.0,0.0,4.15,0.7262919523166976,0
139,0.8501084322282069,0.04269576145439381,0.04572673676233124,0.010955200482655218,0.0006202564852516434,0.00024143289356606213,100.0,0.0,63.1,3.5482389998420345,1.05,0.15,4.35,0.9096702699330126,0
140,0.8401921782017918,0.04501565154159752,0.048105089010066195,0.01058049074534459,0.0006207656005639083,0.0002761324877460355,100.0,0.0,63.25,3.1284980421921316,1.025,0.10897247358851683,3.8,0.6,0
141,0.830834311629389,0.04487026677962592,0.04986959994703783,0.010601461447314173,0.0006469994636508668,0.00030578123084401033,100.0,0.0,62.05,2.654712790491657,1.15,0.3570714214271425,4.5,0.7416198487095663,0
142,0.819286756576334,0.04773151755844443,0.05296632965523533,0.010856589158638965,0.0006324136978822722,0.00024729270189017687,100.0,0.0,63.35,2.2197972880423116,1.05,0.21794494717703372,4.25,0.8874119674649424,0
143,0.8008996077406619,0.05175592410856715,0.056877559926114304,0.011269032000422218,0.0006492047184226142,0.00025100775289780923,100.0,0.0,62.7,3.3926390907374753,1.075,0.23848480035423641,4.55,0.5894913061275798,0
144,0.7869474022081936,0.05328862913722582,0.0598777721554181,0.011472079716173504,0.000650295510944686,0.00026010473441945894,100.0,0.0,62.95,3.007906248539007,1.025,0.10897247358851683,4.3,0.714142842854285,0
145,0.7763882739396464,0.05511686045100326,0.06165297566332282,0.013300973169986725,0.0006571712431047503,0.00033410536886366055,100.0,0.0,63.25,3.2384409829422554,1.1,0.3,4.35,0.5722761571129799,0
146,0.7676910923470606,0.058358288044343065,0.06386747470851384,0.013287640474042782,0.0006478605857679974,0.00033556030688173453,100.0,0.0,62.75,2.56661255354212,1.0,0.0,4.25,0.698212002188447,0
147,0.7561360286436472,0.05759671076509303,0.06610693643522497,0.013361447590720188,0.0006700079980323356,0.0003838852714127518,100.0,0.0,63.45,2.6167728216259047,1.05,0.15,4.0,0.8944271909999159,0
148,0.7402296357952026,0.06308195867810257,0.06836647745155292,0.014625352984220238,0.0007537768447218705,0.00044710797807289007,100.0,0.0,63.6,2.8000000000000003,1.0,0.0,4.25,0.6224949798994366,0
149,0.7355264328899858,0.06826743250853139,0.06865976533762566,0.016186889454164043,0.000784768856067047,0.0005059681861347881,100.0,0.0,63.5,3.7349698793966195,1.05,0.15,4.2,0.5099019513592784,0
150,0.7348800920542661,0.07749515419600277,0.06932020651988582,0.016516454175821187,0.0007426238215655198,0.00034525765945736785,100.0,0.0,63.4,2.764054992217051,1.125,0.3112474899497183,4.25,0.8874119674649424,0
151,0.7302546836395646,0.09149983877327618,0.06975557135521733,0.01804157957123274,0.000769214975651106,0.0004287810326168777,100.0,0.0,63.75,2.5273503912200224,1.1,0.3,4.05,0.804673846971554,0
152,0.7135192886941597,0.09696334768605236,0.07318239312389987,0.018458912806474055,0.0007868461797603547,0.00036483907363399945,100.0,0.0,64.35,3.9909272105614755,1.05,0.21794494717703372,4.05,0.5894913061275798,0
153,0.7019057034618521,0.09981000274485147,0.07574795957243773,0.01871304933084116,0.0007826716903242324,0.00038944915818990447,100.0,0.0,62.75,2.6052830940226053,1.05,0.21794494717703372,4.15,0.7262919523166975,0
154,0.6863964011931617,0.09152885229421477,0.07838697887245463,0.01734376126914425,0.0008290186090345458,0.0003321699931818347,100.0,0.0,63.55,2.3973944189473704,1.05,0.21794494717703372,4.15,0.6538348415311012,0
155,0.6873584984850395,0.097776408534082,0.07851726509513123,0.016894320404990427,0.0008052537692185312,0.0004009285622721271,100.0,0.0,63.2,2.5219040425836985,1.0,0.0,4.45,0.8645808232895291,0
156,0.6802471794950631,0.09632891495098127,0.0793626667483854,0.01522826864688072,0.0009022216358334095,0.0005508461276750669,100.0,0.0,62.8,3.370459909270543,1.1,0.2549509756796392,4.4,0.7348469228349533,0
157,0.677850533042427,0.09281451759441434,0.07919478873770322,0.01595763612248941,0.00090683465936194,0.0005754163270849745,100.0,0.0,63.0,2.8809720581775866,1.05,0.21794494717703372,4.35,0.5722761571129799,0
158,0.6727610490572218,0.09327743046136108,0.07966352705683846,0.017918810096216927,0.0009518606513755024,0.0005590000980986528,100.0,0.0,63.35,3.2446109165815247,1.025,0.10897247358851683,4.15,0.9096702699330127,0
159,0.6694723770100499,0.09792631833787975,0.08064322887177808,0.018561409792131035,0.0009097303708201683,0.00048128527926840725,100.0,0.0,63.25,3.031088913245535,1.1,0.2549509756796392,4.05,0.864580823289529,0
160,0.6731790531062185,0.10026152538329434,0.07871976018164346,0.018632030644282378,0.0010311365572726475,0.0005442943437553891,100.0,0.0,62.65,2.7436289836637897,1.1,0.3,4.25,0.5361902647381804,0
161,0.6694257303860255,0.1075065713045958,0.07919637228796104,0.020156819166545235,0.0010507090625520026,0.0005639497235389385,100.0,0.0,62.95,3.694252292413175,1.1,0.3,4.15,0.5722761571129799,0
162,0.6804311751950676,0.09863995070581631,0.07735103741774943,0.01899947180333178,0.0010618316486413876,0.0006249781294847459,100.0,0.0,63.9,3.6318039594669758,1.15,0.3570714214271425,4.1,0.7000000000000001,0
163,0.6933725487663358,0.09303158079081522,0.07392347622423892,0.01828183406078071,0.0011378450134498148,0.0006628685666777075,100.0,0.0,61.95,3.800986713999406,1.15,0.3570714214271425,4.2,0.6,0
164,0.6992655376038128,0.0925219190787174,0.07262317270260046,0.017697706254196425,0.0011670008589348528,0.0006900455489608367,100.0,0.0,64.05,3.1220986531498327,1.05,0.2179449471770337,4.2,0.7483314773547883,0
165,0.7073465274928982,0.09610549599039782,0.07155237117898548,0.0194560016705771,0.0010873259557451003,0.0005890867247535778,100.0,0.0,63.05,2.692118125194361,1.1,0.3,4.3,0.6403124237432849,0
166,0.7213802297600715,0.0972797122889417,0.06933072214951075,0.019984088021914665,0.0010085720310881513,0.0005002693459435064,100.0,0.0,63.1,2.8442925306655784,1.025,0.10897247358851683,3.95,0.6689544080129826,0
167,0.7343349808062547,0.08776891732902002,0.06659312486353439,0.01764845279689445,0.0010133269648650125,0.00042127601783099135,100.0,0.0,63.65,2.6129485260907837,1.05,0.21794494717703372,4.45,0.7399324293474372,0
168,0.7445930801804347,0.09222752128802579,0.06444873327258568,0.018169728724334658,0.000999050111363907,0.00040254129798924685,100.0,0.0,62.05,3.232259271778797,1.125,0.3112474899497183,4.5,0.6708203932499369,0
169,0.7618038686107889,0.08799785736195866,0.06096728407822841,0.01816557006374831,0.0009527045466888236,0.00040942185377676753,100.0,0.0,64.25,2.1418449990603894,1.0,0.0,4.05,0.5894913061275798,0
170,0.7654301478758965,0.07738474633236402,0.060451769253060804,0.0162905395110256,0.0009401997251400693,0.0003995676959493696,100.0,0.0,63.85,3.5954832776693593,1.025,0.10897247358851683,4.1,0.7000000000000001,0
171,0.7759102679841554,0.07950656940148002,0.05933509854396839,0.01592618067047173,0.0008651155689570264,0.0004161774596203232,100.0,0.0,66.3,2.98496231131986,1.0,0.0,4.15,0.7262919523166976,0
172,0.7717471448773001,0.08084456896924729,0.060102113349107686,0.015738353177779562,0.0008927145226537547,0.0004887090191610858,100.0,0.0,63.15,2.8857408061016154,1.05,0.21794494717703367,4.3,0.714142842854285,0
173,0.7756186936935068,0.07047118047683916,0.0599807101967352,0.014298747094669093,0.0008445581384826422,0.00043532988005159706,100.0,0.0,63.0,2.949576240750525,1.1,0.3,4.15,0.7262919523166975,0
174,0.7824990535592621,0.06425263819700275,0.05750364870017325,0.013633155988172779,0.000885549218349253,0.0004556274079340989,100.0,0.0,62.95,1.9615045245933032,1.125,0.3112474899497183,4.0,0.5477225575051661,0
175,0.7793685108959116,0.06292965080867896,0.057841128483349415,0.013795556963264255,0.0008901976486645625,0.00047670620741387294,100.0,0.0,63.75,3.3893214660164652,1.1,0.3,4.15,0.7921489758877431,0
176,0.7863355578840107,0.0641078830229976,0.05683590970999923,0.013987010843492817,0.0008385412626734925,0.0005336643703436159,100.0,0.0,63.15,3.4245437652335533,1.05,0.21794494717703372,4.7,0.9539392014169457,0
177,0.7915007589133585,0.05949874729328432,0.05624122824729018,0.014089352835582674,0.0007865533398489887,0.0004469931029932626,100.0,0.0,62.4,3.9799497484264803,1.2,0.4,4.35,0.7921489758877431,0
178,0.7960825428696895,0.05786401060400567,0.0550164651552527,0.014359772510636956,0.0007895142049560794,0.0004703413011223741,100.0,0.0,62.55,2.558808316384797,1.1,0.3,4.0,0.7745966692414834,0
179,0.7982735867306616,0.0620929779596671,0.05300703848786557,0.015820613491820873,0.00086090550377102,0.0004712495739832566,100.0,0.0,63.85,3.0540956108150903,1.025,0.10897247358851683,4.15,0.7262919523166976,0
180,0.8021589843544572,0.06826861875664961,0.05204019094166199,0.015899141409146257,0.0008547624531271829,0.000513880254388367,100.0,0.0,62.65,3.395217224272992,1.125,0.3112474899497183,4.25,0.7664854858377946,0
181,0.8092319804411927,0.06133077111557732,0.051167336206097015,0.014456537334001717,0.000818766613478511,0.00041895704502320757,100.0,0.0,63.3,2.666458325194677,1.1,0.3,4.05,0.5894913061275797,0
182,0.815426034419038,0.06268390599027412,0.05007354747238518,0.016463601070133987,0.000770324393377858,0.000403419093873489,100.0,0.0,63.3,2.7766886753829643,1.0,0.0,4.3,0.7810249675906654,0
183,0.8238487296112476,0.06682717855794557,0.048352786635137965,0.017017751496260353,0.0007448851403886541,0.00030485117735137065,100.0,0.0,63.0,3.3763886032268267,1.075,0.23848480035423641,4.3,0.7810249675906654,0
184,0.8296301470859385,0.0704767510434407,0.04706051579041506,0.017610149780160622,0.0007571900326632929,0.0003808377318960503,100.0,0.0,63.65,2.5548972582082436,1.075,0.17853571071357124,3.8,0.6,0
185,0.8419113828586552,0.06515601892505878,0.04454998943348299,0.01635518412541751,0.0007207570239317824,0.00039606695166537637,100.0,0.0,63.75,3.4478254016118624,1.0,0.0,4.15,0.6538348415311009,0
186,0.8490344413079537,0.0662764698718672,0.041821495529497134,0.017469828338558313,0.000730570254970763,0.0003645600916394588,100.0,0.0,62.95,2.9236107812087435,1.05,0.2179449471770337,4.1,0.7000000000000001,0
187,0.8542536415067374,0.06535827583275809,0.04082131133773951,0.016317091352966148,0.0007235944373121977,0.0003720362493875006,100.0,0.0,63.4,2.3958297101421877,1.05,0.21794494717703372,4.2,0.7483314773547883,0
188,0.8608008194972205,0.06230825114576547,0.03783198683994133,0.016357256603729595,0.0007655525808397184,0.00038981561389446663,100.0,0.0,63.15,2.104162541250081,1.0,0.0,4.05,0.5894913061275797,0
189,0.8758663677592441,0.057988240884707686,0.033981077528555406,0.01577000254263515,0.0007132491327873464,0.0002858676828259355,100.0,0.0,64.3,3.303028912982749,1.1,0.3,3.8,0.6782329983125268,0
190,0.8821088732986044,0.06055115344689318,0.031238939554788635,0.013961830295297892,0.0007570161273305409,0.00042879510145406476,100.0,0.0,62.55,3.4128433893163046,1.1,0.3,4.05,0.49749371855331004,0
191,0.8875653140095349,0.05494654508855177,0.030353689131230183,0.0144563727146778,0.0007056868314231877,0.0002790470286389256,100.0,0.0,64.15,4.269367634673781,1.1,0.3,4.1,0.7,0
192,0.8926047220100453,0.04641864592260539,0.02872569856941775,0.013328834123174928,0.0007060877513287404,0.000298653749451162,100.0,0.0,64.3,3.661966684720111,1.1,0.3,4.05,0.6689544080129826,0
193,0.8976390194317952,0.04342171207750335,0.02664302478178541,0.01240046241510867,0.0007123622273817844,0.00032364638040246004,100.0,0.0,62.15,3.1823733281939126,1.05,0.21794494717703372,4.4,0.8,0
194,0.9015947027863044,0.04430485646518192,0.02397053446143289,0.012058402426355955,0.0007397212380208341,0.00033226230767255724,100.0,0.0,63.9,3.014962686336267,1.025,0.10897247358851683,3.9,0.7681145747868608,0
195,0.905553014261437,0.041619678193855016,0.02320740593103136,0.01180609625323136,0.0007151543834682759,0.00032274835857630746,100.0,0.0,63.25,3.686122624113311,1.1,0.3,4.15,0.852936105461599,0
196,0.9131535049185124,0.04020012201731202,0.02195664261254007,0.011660028355248032,0.0006558664208391239,0.00033630694363072426,100.0,0.0,63.45,2.991237202229205,1.0,0.0,4.55,0.8645808232895291,0
197,0.9185692058774764,0.03283113059799028,0.021507356316932756,0.011391332074837529,0.000598755978567171,0.0002800176514769228,100.0,0.0,63.85,3.2752862470324637,1.0,0.0,4.3,1.0049875621120892,0
198,0.9174582824125672,0.032389664942871856,0.019796725013859477,0.011450135384939115,0.0006524172224282177,0.00027732114474370283,100.0,0.0,63.2,2.5612496949731396,1.075,0.23848480035423641,4.15,0.9096702699330127,0
199,0.9205686555022625,0.028314287759737367,0.018847820703937968,0.010792483484216776,0.0006383066554678683,0.00028020757687038266,100.0,0.0,63.65,3.1823733281939126,1.0,0.0,4.4,0.7348469228349535,0
200,0.9198295932432684,0.028031214416669156,0.01792872431739425,0.009757798712083092,0.0006820217901389636,0.0003347547745930924,100.0,0.0,63.4,2.7640549922170505,1.05,0.21794494717703372,4.2,0.7483314773547883,0
201,0.9226746593298273,0.026490846301868366,0.017751863206650453,0.009197315781503833,0.0006430039957880968,0.00029853260528716783,100.0,0.0,63.05,2.2907422377910613,1.075,0.23848480035423641,4.15,0.5722761571129799,0
202,0.9214470219732691,0.025189140944265814,0.017239522377954838,0.008853348303365037,0.0006850024490343653,0.00029959571022139574,100.0,0.0,62.6,3.6523964735499352,1.15,0.3570714214271425,4.35,0.5722761571129799,0
203,0.922867610499899,0.02831415774027298,0.01771810344273882,0.008361599539486515,0.0006603969363440695,0.0002907588560322782,100.0,0.0,64.15,3.259984662540608,1.05,0.21794494717703372,4.05,0.739932429347437,0
204,0.9203756312991113,0.033664726031254116,0.019293703394981408,0.007810642511138625,0.0006757491100154564,0.0003219712294361939,100.0,0.0,63.6,3.1368774282716245,1.1,0.3,4.45,0.8046738469715541,0
205,0.9203416172861146,0.03596640954300828,0.02105860234338754,0.009456466684766003,0.0006254003843652838,0.0003149138246164214,100.0,0.0,64.95,3.4565155865408737,1.05,0.15,4.15,0.3570714214271425,0
206,0.9204934139615274,0.03207361660977565,0.021439956184477405,0.010010734114568995,0.0005982278048177208,0.00027557726229066027,100.0,0.0,62.9,2.808914381037628,1.05,0.21794494717703372,4.35,0.963068014212911,0
207,0.9175741334629764,0.032443365536157426,0.022591522461867422,0.011821048422147405,0.0005849511533026593,0.00023647525151342756,100.0,0.0,63.3,2.471841418861655,1.0,0.0,4.25,0.4330127018922193,0
208,0.9101914752453355,0.03910465485323181,0.02462959541501574,0.013345503760291366,0.0006059225460827557,0.00023489643715888525,100.0,0.0,62.65,2.669737814842499,1.1,0.3,4.35,0.653834841531101,0
209,0.909795028251237,0.043710590294870906,0.025729093176987145,0.013819997398835385,0.000570715804872247,0.000260865421300148,100.0,0.0,62.5,2.1330729007701543,1.075,0.23848480035423641,4.05,0.6689544080129826,0
210,0.8986209011458447,0.04671539402274266,0.029105023079175014,0.014496760015687277,0.0006111449550774166,0.000280487975876239,100.0,0.0,62.6,2.1071307505705477,1.125,0.3112474899497183,4.4,0.58309518948453,0
211,0.8905368508336398,0.047440329665424386,0.031812565524319845,0.013439638977192471,0.0006512398353624772,0.0003613192922487569,100.0,0.0,63.6,2.5377155080899043,1.0,0.0,4.05,0.9733961166965892,0
212,0.8897373877300833,0.04955759518008757,0.0327977705941658,0.013575962948442028,0.0006268819011200359,0.00031037176613098264,100.0,0.0,63.95,2.3339880033967613,1.0,0.0,4.0,0.6324555320336759,0
213,0.8870901846246152,0.045602394670381616,0.03536558435004293,0.012975927620290154,0.0005660101333978265,0.00024008303645468612,100.0,0.0,63.5,3.057776970284131,1.025,0.10897247358851683,4.35,0.8529361054615991,0
214,0.876074909576474,0.05141092603106783,0.03811160114901095,0.013841112633984921,0.000595489632169666,0.0002579438152933889,100.0,0.0,62.9,1.8411952639521971,1.025,0.10897247358851683,4.2,0.812403840463596,0
215,0.8699254368603307,0.052628745451390416,0.039776188701142454,0.013196640215201382,0.0006073521113033089,0.0002538618824465485,100.0,0.0,63.65,3.6093628246547893,1.0,0.0,4.1,0.5385164807134504,0
216,0.8562777831176881,0.051799524709005174,0.04294692794675898,0.01412819922629342,0.0006310995919395865,0.000250588854620318,100.0,0.0,62.75,3.476708213238494,1.05,0.21794494717703372,4.75,0.8874119674649424,0
217,0.8461923944780576,0.060403002830978575,0.0454131203254114,0.01605669801797857,0.0006265729216512582,0.0002520348982759539,100.0,0.0,62.55,2.5975950415721085,1.0,0.0,4.35,0.653834841531101,0
218,0.8377825235182957,0.06658247089490174,0.04727737346392219,0.016221705645195525,0.0006192368789295571,0.00029888291983216295,100.0,0.0,63.0,3.40587727318528,1.075,0.23848480035423641,4.25,0.6224949798994366,0
219,0.8192208530698537,0.0698363137765027,0.050426613874936334,0.01674102159667669,0.0007097447209377558,0.0003673978882400108,100.0,0.0,63.0,3.924283374069717,1.1,0.3,4.05,0.9733961166965893,0
220,0.8096619703164849,0.06641047644127905,0.05298095321577556,0.016176638553236502,0.0007150804328550143,0.00025995977704711647,100.0,0.0,64.2,2.420743687382041,1.0,0.0,4.45,0.8645808232895292,0
221,0.803648025299615,0.07301829107517638,0.05488655122784932,0.01719025818828296,0.0006655640018520276,0.00020827504180749774,100.0,0.0,62.85,2.7977669667075564,1.075,0.23848480035423641,4.05,0.6689544080129826,0
222,0.7881353147158142,0.07387725370235382,0.05837352659536588,0.01678987608092357,0.000687561888625185,0.0002650883505975833,100.0,0.0,63.2,3.9949968710876362,1.15,0.3570714214271425,4.2,0.9273618495495703,0
223,0.772221144424513,0.08150849591091572,0.06194878715367179,0.017895474926522863,0.0006741702681032632,0.000241406648291781,100.0,0.0,63.85,3.2752862470324637,1.1,0.3,4.45,0.7399324293474372,0
224,0.766739343793558,0.07855276184018184,0.06351281463012878,0.01671881831650535,0.0006785326026903923,0.0002691106686223092,100.0,0.0,62.95,3.412843389316304,1.05,0.21794494717703372,4.0,0.7071067811865476,0
225,0.7491840281859591,0.0704727191423472,0.06795928422453887,0.013837501837389849,0.0006595617313310514,0.0002668760950979935,100.0,0.0,64.2,2.694438717061496,1.025,0.10897247358851683,4.1,0.6244997998398398,0
226,0.7357296089333045,0.0688157957263987,0.0705481191726625,0.01295411475337158,0.0006979045342882229,0.00034266260765208136,100.0,0.0,63.35,3.6779749863205975,1.25,0.4330127018922193,4.3,0.7810249675906654,0
227,0.7232731576547523,0.07055080837460681,0.07285410632695358,0.013508211539389336,0.0007167185326341012,0.00036341814492121973,100.0,0.0,64.15,3.409912022325503,1.075,0.23848480035423641,4.2,0.9273618495495703,0
228,0.7138916527015194,0.07206367148390821,0.07426964711417752,0.013769371642189481,0.0007458546568342975,0.00039539528875945774,100.0,0.0,64.65,3.15079355083763,1.1,0.3,4.3,0.9,0
229,0.7066764256554847,0.07876419670234154,0.07398481003028666,0.015506997472723688,0.0008669310698327913,0.0004410109582576037,100.0,0.0,64.15,3.539420856580918,1.075,0.23848480035423641,3.85,0.653834841531101,0
230,0.7107087856603231,0.08279755969453823,0.07279367308598501,0.016770851192587286,0.0008839785901496134,0.0005084451354577714,100.0,0.0,62.75,2.56661255354212,1.1,0.3,4.2,0.6,0
231,0.7143081134737617,0.08474552598175772,0.07103225183040815,0.018331338476511246,0.0009352921333406512,0.000542092715207082,100.0,0.0,62.2,3.0757112998459393,1.075,0.23848480035423641,4.5,0.7416198487095663,0
232,0.7176657769413544,0.09951309326466407,0.06893379411420737,0.022175909251652796,0.0009918969967795208,0.0005262360847834183,100.0,0.0,63.65,3.320767983464066,1.05,0.21794494717703372,4.25,0.82915619758885,0
233,0.7145161259692319,0.10570039912692808,0.06874801124594658,0.02410655852700308,0.001008016725839796,0.0005432919971809228,100.0,0.0,63.7,2.968164415931166,1.125,0.3112474899497183,4.1,0.7,0
234,0.7164465113348055,0.10934528147343005,0.06960416267951876,0.02337258855645921,0.0009487667835874781,0.000523586015892154,100.0,0.0,63.8,3.2341923257592455,1.0,0.0,4.4,0.7348469228349535,0
235,0.7290011878181557,0.11682315433939593,0.0669576599205123,0.02496621312281913,0.0009381703484464957,0.0005060329023371459,100.0,0.0,63.05,3.2476914878109957,1.15,0.3570714214271425,4.2,0.6782329983125268,0
236,0.7396056909133375,0.1205742726144887,0.0652098429528803,0.02489381913905283,0.0009186169016116965,0.0005192608998182569,100.0,0.0,63.45,3.368605052540295,1.0,0.0,4.25,0.8874119674649424,0
237,0.7495992560028596,0.12435924954327868,0.06461267897133856,0.024703647155320994,0.0008049782489148108,0.0005046816035029558,100.0,0.0,62.2,2.5612496949731396,1.05,0.21794494717703372,4.0,0.6324555320336759,0
238,0.7516429628470961,0.12566138515198041,0.0643807698665005,0.024743173682313064,0.0007872631196567616,0.0004788715199564519,100.0,0.0,63.7,2.666458325194677,1.05,0.21794494717703372,4.15,0.5722761571129799,0
239,0.7526613386208474,0.12369689131850639,0.06491809746980891,0.02389918766419347,0.000753265037584115,0.00042910475095918826,100.0,0.0,63.65,2.535251466817444,1.0,0.0,4.1,0.6244997998398398,0
240,0.7512203135395293,0.1184237418193988,0.06486975547354626,0.022049713353541257,0.0008213477244501868,0.0004591041858305973,100.0,0.0,63.75,3.0639027399707057,1.05,0.21794494717703372,4.15,0.7262919523166976,0
241,0.7512108866234606,0.11123032707529912,0.06497481987723884,0.020838021187059654,0.0008191834232144987,0.0004887113373728995,100.0,0.0,62.75,2.680951323690902,1.125,0.3112474899497183,4.25,0.6224949798994366,0
242,0.7479540048176725,0.10380928680516834,0.06563222375989633,0.019974935041015694,0.0008599652948107595,0.00040609909762644283,100.0,0.0,64.1,2.913760456866693,1.0,0.0,4.45,0.8046738469715541,0
243,0.7513090264206459,0.1082038215393564,0.06486823160426161,0.020861280843476944,0.0008116724171092873,0.0003654693586623641,100.0,0.0,62.35,3.1823733281939126,1.05,0.21794494717703372,4.65,0.7921489758877431,0
244,0.7524030530968067,0.10219205229178872,0.0652616099506097,0.01963897243527999,0.0007551128831188656,0.00035110868649280736,100.0,0.0,63.8,2.580697580112788,1.05,0.21794494717703372,3.9,0.6244997998398398,0
245,0.7543575936273026,0.10232253933795732,0.06557324254233543,0.019481407256639906,0.0007204749151131306,0.0003331047490695759,100.0,0.0,62.9,2.964793416074719,1.075,0.23848480035423641,4.3,0.8426149773176358,0
246,0.7488755470868903,0.10120159479566802,0.0660464646528935,0.020289183612450773,0.0007622210684248237,0.00033367229587931684,100.0,0.0,62.7,2.8301943396169813,1.1,0.3,4.35,0.9630680142129111,0
247,0.7463978400236093,0.09959643715577104,0.06801661987098515,0.01888783157895277,0.0007093676762072767,0.00032819049875750124,100.0,0.0,62.55,3.353729267546801,1.05,0.2179449471770337,4.15,0.6538348415311009,0
248,0.7446042758369631,0.09846724893157571,0.06777527869396684,0.018594615061607214,0.0007307726630213752,0.00031463310442424815,100.0,0.0,63.15,2.3932195887548637,1.05,0.21794494717703372,4.25,0.7664854858377946,0
249,0.744450074560705,0.09236342876220945,0.06788275017673233,0.018046238124901644,0.0007081578985566378,0.0003512528946856712,100.0,0.0,63.65,2.885740806101615,1.075,0.23848480035423641,4.05,0.804673846971554,0
250,0.7475168162232709,0.08570418321405897,0.06568454932491727,0.018071677785985698,0.0007925198652739239,0.0003576579251599705,100.0,0.0,63.0,1.8439088914585775,1.025,0.10897247358851683,4.35,0.7262919523166975,0
251,0.7628272123078761,0.07945071820182632,0.062434539401059065,0.01860935275741006,0.0007603922548233271,0.00032433584682487485,100.0,0.0,63.3,2.7766886753829643,1.05,0.2179449471770337,4.05,0.49749371855331004,0
252,0.7626025284341844,0.0812197105044833,0.06214892303105699,0.019248909163903035,0.0007828554698250771,0.00038772291453229555,100.0,0.0,63.6,3.2924155266308657,1.05,0.21794494717703372,4.35,0.7262919523166976,0
253,0.7684979471803008,0.07998806933818159,0.060647007507570336,0.019419299247449166,0.0007940573844870544,0.00040436797271762627,100.0,0.0,63.7,3.2572994949804666,1.075,0.23848480035423641,4.35,0.7262919523166976,0
254,0.774402220928552,0.0777946431852073,0.05774118310830277,0.019034784023156143,0.0008879881833597574,0.0005041246825311546,100.0,0.0,63.15,2.632014437650371,1.025,0.10897247358851683,4.45,0.6689544080129827,0
255,0.7829192041966635,0.08336896801837515,0.05614463282313822,0.021918116357081286,0.0007927920797658914,0.0004373947607704525,100.0,0.0,64.7,3.241913015489466,1.025,0.10897247358851683,4.1,0.6244997998398398,0
256,0.7904551063749132,0.0827710842317351,0.05444099405773374,0.021354335692794758,0.0008026191820996386,0.0004079864114197871,100.0,0.0,63.15,3.0376800358168077,1.0,0.0,4.15,0.6538348415311012,0
257,0.798293139417704,0.07413731782539369,0.053184127209789836,0.019425636541829154,0.000796614106634356,0.00026047216236690257,100.0,0.0,62.8,3.370459909270543,1.1,0.2549509756796392,4.2,0.6782329983125269,0
258,0.8065345521684151,0.07226913529663365,0.051215867448886385,0.017940719654391316,0.0008116712007837564,0.00031984538526052403,100.0,0.0,63.95,2.558808316384797,1.0,0.0,4.15,0.6538348415311009,0
259,0.8089222300203909,0.06584210163499506,0.049582771136544454,0.01648476175126422,0.0008903055869745064,0.0003643194027811545,100.0,0.0,63.3,2.491987158875423,1.05,0.21794494717703372,3.95,0.5894913061275798,0
260,0.8184490478257048,0.05917664885600113,0.04729954497265064,0.015207602518951754,0.000891647601271035,0.0004227769774935475,100.0,0.0,62.95,2.8892040426387333,1.0,0.0,4.45,0.8645808232895292,0
261,0.8267443220727516,0.053772927874510046,0.045165957908558915,0.013775669336658424,0.0009119474777705458,0.00041138721607451953,100.0,0.0,62.15,3.0540956108150903,1.05,0.15,4.2,0.8717797887081347,0
262,0.837062150045394,0.05299320514160966,0.04276669778804729,0.014459345676137545,0.0008625722237821032,0.0003525240009334102,100.0,0.0,62.25,4.345975149491768,1.15,0.3570714214271425,4.1,0.7,0
263,0.8446004857402587,0.05002975261350753,0.040354511199505054,0.014433922886137476,0.0008647674049226424,0.00032211745124114777,100.0,0.0,63.75,2.7363296585024255,1.025,0.10897247358851683,3.95,0.6689544080129826,0
264,0.8511852093476747,0.05286955290409725,0.03870674940820805,0.015358330792330063,0.0008405157650912397,0.00029473379114258703,100.0,0.0,62.0,3.271085446759225,1.05,0.21794494717703372,4.3,1.004987562112089,0
265,0.8640331196145985,0.0544050554437164,0.035539962451165176,0.01540525781342174,0.0007976134229647049,0.00034339299774455926,100.0,0.0,63.2,2.7495454169735036,1.15,0.3570714214271425,4.35,1.0136567466356645,0
266,0.8649889815436861,0.049094899928956715,0.03405080842952103,0.015609254299559542,0.0008308036071517368,0.00038215397006335564,100.0,0.0,63.9,3.3451457367355464,1.025,0.10897247358851683,4.25,0.9937303457175896,0
267,0.8782488416576472,0.044078405794875264,0.029512277098288936,0.015293156346975713,0.0008158360553433211,0.00037805458911898836,100.0,0.0,64.25,2.6052830940226053,1.0,0.0,4.35,0.653834841531101,0
268,0.882433947574637,0.04323368291099209,0.028267903783545944,0.014966396475316389,0.0008019386577279115,0.00039416318363740243,100.0,0.0,63.7,3.551056180912941,1.05,0.21794494717703372,4.15,0.4769696007084728,0
269,0.8858324658913179,0.03992752661141557,0.025345274165577903,0.014324444512395864,0.0008511120729244644,0.0003771263292385418,100.0,0.0,63.95,2.4181604578687494,1.1,0.3,4.1,0.5385164807134504,0
270,0.8955235990246541,0.04012539986178869,0.025371915201344953,0.014375273373660959,0.0007378195137946128,0.0003458508006450323,100.0,0.0,63.35,2.4550967394381837,1.05,0.21794494717703372,4.4,0.8602325267042626,0
271,0.9001419385697635,0.03960262771400094,0.024426871958699765,0.013269608135108676,0.0007214597885420858,0.0003369343033502074,100.0,0.0,64.4,3.4263683398023628,1.05,0.15,3.95,0.5894913061275798,0
272,0.9026432453082116,0.04258569389082257,0.022328915324710104,0.012979764526075046,0.0007681913795074,0.0003707288711768933,100.0,0.0,63.8,3.558089374931439,1.075,0.23848480035423641,4.35,0.6538348415311012,0
273,0.9072529932713087,0.040477863124512084,0.021797681324827654,0.011851479426059169,0.0007269010842740962,0.00039494571491964617,100.0,0.0,64.4,2.5573423705088847,1.0,0.0,4.05,0.3840572873934304,0
274,0.9136606174329212,0.033859998642800655,0.01915644725171823,0.010903444092658972,0.0007149845736109989,0.0003214575660391376,100.0,0.0,63.15,2.4753787588973126,1.05,0.21794494717703372,4.4,0.9165151389911681,0
275,0.9153593206652634,0.032531583588515,0.018788079276733566,0.010711356711391702,0.0007117955473308314,0.00028523665286559434,100.0,0.0,62.25,2.680951323690902,1.075,0.23848480035423641,4.25,0.698212002188447,0
276,0.9190271404036114,0.032703371557773614,0.01885203805761959,0.009813078491360013,0.0006700370733631896,0.0002997685467023966,100.0,0.0,62.45,2.4591665254715873,1.1,0.2549509756796392,4.45,0.9205976319760986,0
277,0.9217425426649649,0.028689935996584086,0.01844590351107487,0.008958992442150338,0.0006572410316053859,0.00027891610327072697,100.0,0.0,64.1,3.0149626863362666,1.0,0.0,4.0,0.4472135954999579,0
278,0.918689961761857,0.027904543715199095,0.019307553081585584,0.008233586123561266,0.0006896495320484456,0.0002754357367011176,100.0,0.0,64.75,3.533765696816924,1.05,0.21794494717703372,4.0,0.7071067811865476,0
279,0.9247123556031902,0.020740473589018663,0.019988416985511966,0.009286907190143471,0.0005852119987201218,0.00018998719645964068,100.0,0.0,62.95,2.9406631905065224,1.125,0.3112474899497183,4.0,0.6324555320336759,0
280,0.9226648231845127,0.023410378692333127,0.02201740132145876,0.00951274822822122,0.000560939870966848,0.00022307437470775045,100.0,0.0,63.65,2.7436289836637897,1.05,0.21794494717703372,4.15,0.6538348415311012,0
281,0.9145561901092625,0.028457831303352894,0.02407579199145734,0.011008518146869341,0.0006151715514942362,0.0002410816884202089,100.0,0.0,63.7,2.6476404589747453,1.05,0.21794494717703372,4.25,0.7664854858377946,0
282,0.910328495594627,0.03253352602238364,0.02607617022340456,0.011899116932680125,0.0006016553861865039,0.00028161288227646444,100.0,0.0,63.35,3.1980462785894765,1.025,0.10897247358851683,4.25,0.698212002188447,0
283,0.9101164832415696,0.03020398030619055,0.026027046154511253,0.012284584650663923,0.0005860605000423666,0.00025385097030069864,100.0,0.0,62.4,2.7820855486487113,1.025,0.10897247358851683,4.15,0.3570714214271425,0
284,0.9112329711470226,0.02884580161328,0.028484372930554287,0.012380721920604482,0.0004909660626383625,0.00021818268200938837,100.0,0.0,63.1,4.253234063627348,1.15,0.32015621187164245,4.05,0.6689544080129826,0
285,0.9013523796933601,0.03263487048612841,0.03156327070644405,0.013620567680311777,0.0004956383754924566,0.00024763550649355127,100.0,0.0,64.3,2.7766886753829643,1.05,0.21794494717703367,4.2,0.6782329983125268,0
286,0.8930542553709457,0.03356514305715744,0.03309834603466448,0.01368662836868207,0.0005482165959047941,0.00025103992481875515,100.0,0.0,62.6,2.764054992217051,1.125,0.3112474899497183,4.25,1.0428326807307104,0
287,0.8827946939181379,0.044078489586850365,0.035648154901265314,0.015146118278452912,0.0005673998421054815,0.0002512174276394081,100.0,0.0,62.4,3.583294573433783,1.1,0.2549509756796392,4.1,0.7681145747868608,0
288,0.8759633934067969,0.04521158369822472,0.03837336487201812,0.014832127825195286,0.0005559026731006102,0.0002673867363429691,100.0,0.0,62.95,1.883480820183736,1.025,0.10897247358851683,4.0,0.7745966692414834,0
289,0.8697886930619282,0.051128898702236025,0.039289008788698294,0.01473159018054989,0.0005913128976053974,0.00031743442658235436,100.0,0.0,64.0,3.2093613071762426,1.125,0.3112474899497183,4.4,0.9695359714832658,0
290,0.8583723100687888,0.053026419525118544,0.041787194546656,0.015338364794844659,0.000627106065563258,0.0003112851934561593,100.0,0.0,64.1,3.4770677301427417,1.1,0.3,4.0,0.6324555320336759,0
291,0.8446110778761152,0.054055055997752254,0.04530686830999655,0.015512146070060162,0.0006459099376227992,0.0003733039618024109,100.0,0.0,63.35,2.8857408061016145,1.0,0.0,4.2,0.7483314773547883,0
292,0.832883083732581,0.05568037159781626,0.04911833633604272,0.014109942913773718,0.000625297995581655,0.00032835869111630145,100.0,0.0,64.6,2.3748684174075834,1.05,0.2179449471770337,4.4,0.9165151389911679,0
293,0.8215564075828656,0.06706194265353492,0.051825809428539205,0.01582675268385478,0.0006063505853423353,0.00036500687626458587,100.0,0.0,62.75,3.404041715373065,1.1,0.3,4.2,0.5099019513592784,0
294,0.807765581985303,0.06816911591375377,0.0541954019313581,0.015697941556933624,0.0006751785552740482,0.00035426881690199476,100.0,0.0,63.95,2.4794152536434875,1.05,0.21794494717703372,3.9,0.5385164807134504,0
295,0.7946873737168989,0.07564702857376684,0.057457239578558264,0.0169809158126747,0.0006503393592474167,0.00031497244980835387,100.0,0.0,62.4,1.9078784028338913,1.1,0.3,4.45,0.9205976319760986,0
296,0.783884498241809,0.0693779510228596,0.05944079761514711,0.014633013460071155,0.0007287169668533237,0.0003633981316775462,100.0,0.0,61.8,3.171750305430741,1.2,0.4,4.3,0.6403124237432849,0
297,0.7783681915062901,0.06358501928533845,0.06041976773051068,0.01384357621432291,0.0007365147339588393,0.00032415917274900577,100.0,0.0,63.45,2.765411361804967,1.075,0.23848480035423641,4.3,0.8426149773176358,0
298,0.7637089111370787,0.06677396541605589,0.06348239044931744,0.014000896469788299,0.0007524298913210181,0.00028355200175320816,100.0,0.0,65.05,2.4591665254715873,1.025,0.10897247358851683,4.0,0.5477225575051661,0
299,0.7647143147354527,0.06709513387768223,0.063157546944379,0.01355758076899504,0.0007819122726238565,0.00030248010544385877,100.0,0.0,63.95,3.1220986531498327,1.0,0.0,4.35,0.7262919523166976,0
300,0.7628506074142325,0.06363260892950355,0.06269264300071925,0.013843447908966251,0.0008403515417795585,0.0002926568032332846,100.0,0.0,64.05,2.011839953873071,1.0,0.0,4.2,0.6782329983125269,0
301,0.7590921683717127,0.06435645645053892,0.06279305681936312,0.014746697016576209,0.0008892093226289843,0.00033131107530807216,100.0,0.0,63.0,2.4698178070456938,1.0,0.0,4.15,0.7262919523166975,0
302,0.7524812107946741,0.06967282872662922,0.0650863720866515,0.015006257905950556,0.0008234752462421985,0.00027446519338104934,100.0,0.0,62.55,2.0365411854416298,1.15,0.3570714214271425,4.6,1.019803902718557,0
303,0.7424031403630634,0.07029552675440298,0.06709616379242456,0.014427126344784326,0.0008626714889647692,0.0002661471662772836,100.0,0.0,62.05,4.06786184622831,1.175,0.36314597615834876,4.15,0.5722761571129799,0
304,0.7415720851625258,0.07665750897450431,0.06605564507117848,0.016139960954917355,0.0009131760219807574,0.0003375734251239263,100.0,0.0,65.0,3.082207001484488,1.0,0.0,4.0,0.9486832980505138,0
305,0.7493190368105129,0.07584480167686473,0.0640409321771663,0.01778335495331987,0.0009007193998673641,0.00034342715493273465,100.0,0.0,64.5,2.0371548787463363,1.05,0.21794494717703372,4.05,0.4974937185533099,0
306,0.7532112463535269,0.07767240240332629,0.06277446965161959,0.01861204808725668,0.000913434266843364,0.0003351751887402586,100.0,0.0,64.4,2.6532998322843193,1.0,0.0,4.3,0.714142842854285,0
307,0.7535248334024109,0.08766575719062164,0.0632350166429264,0.019766589065356215,0.0008721812357726514,0.0003506896494099943,100.0,0.0,62.75,2.7363296585024255,1.05,0.2179449471770337,4.2,0.6,0
308,0.7507674193428484,0.09054452339840668,0.06398851798071092,0.019166557587250537,0.0008839896901590855,0.0003844276859051468,100.0,0.0,62.9,3.1606961258558215,1.025,0.10897247358851683,4.2,0.7483314773547883,0
309,0.7423318852522103,0.09153655083706437,0.06591988458868676,0.018017434203355855,0.0008969134323323126,0.00043016949081094445,100.0,0.0,62.3,2.882707061079915,1.05,0.21794494717703372,4.75,0.82915619758885,0
310,0.7383107451568981,0.09276636062106111,0.06625133590583432,0.01676827925700262,0.0009577476651045752,0.0004893095289765561,100.0,0.0,64.2,3.385262175962151,1.0,0.0,4.1,0.6244997998398398,0
311,0.7372129901876745,0.09389767361279128,0.06613857544645367,0.01676487891715454,0.0009932575546309458,0.0005071788233682925,100.0,0.0,64.45,2.15580611373101,1.0,0.0,4.1,0.6244997998398398,0
312,0.7369045607908127,0.09071549281454219,0.06634048054518896,0.01587137339386042,0.0009876531990077578,0.000469959543176812,100.0,0.0,63.8,3.325657829663178,1.0,0.0,4.15,0.8529361054615991,0
313,0.7451139658243978,0.09245608605828308,0.06322054494265453,0.017308739434707933,0.0010462588603081262,0.0004564417764547654,100.0,0.0,63.7,2.5317977802344327,1.075,0.23848480035423641,4.35,0.7262919523166976,0
314,0.7526616397831688,0.0934181372450951,0.06323795947901574,0.017573921819570605,0.0009410732255855448,0.0003849238942144192,100.0,0.0,63.15,3.9531632903283924,1.15,0.3570714214271425,4.2,0.812403840463596,0
315,0.7565959492545313,0.09852481645074006,0.06283984594346469,0.018674958818866893,0.0008990282923604284,0.00043074914116151826,100.0,0.0,63.15,2.286372673034735,1.075,0.23848480035423641,4.1,0.6244997998398398,0
316,0.7527549180716054,0.10060635841603405,0.0641839737431716,0.018931524322535136,0.0008838288719306177,0.00045543909110878103,100.0,0.0,63.55,2.8892040426387338,1.0,0.0,4.25,0.698212002188447,0
317,0.7610430804472909,0.09601196337328957,0.06200605277181028,0.01842319538333354,0.0009103646947646931,0.0004311837699954448,100.0,0.0,63.1,2.9137604568666933,1.025,0.10897247358851683,4.4,0.9165151389911679,0
318,0.7652343441216158,0.09803048394821791,0.06143372098541679,0.019700717705424874,0.0008607384813380306,0.0004102480867871103,100.0,0.0,63.75,2.878801834096956,1.0,0.0,4.35,0.5722761571129799,0
319,0.7633393447089468,0.09802850424712359,0.0616762209889702,0.020481730339729942,0.0008747485052190326,0.00038732092614986977,100.0,0.0,63.15,2.5548972582082436,1.05,0.2179449471770337,4.3,0.6403124237432849,0
320,0.7628487768151645,0.09363211990378509,0.06124243357011835,0.02002267301475285,0.000874000262248735,0.0004045699244711,100.0,0.0,62.9,2.2781571499789037,1.025,0.10897247358851683,4.45,0.9733961166965891,0
321,0.7631131863255975,0.09669943598726495,0.06068045895556874,0.019983728075687216,0.0009200252903324966,0.00046151190231063366,100.0,0.0,63.05,3.1220986531498327,1.125,0.3112474899497183,4.1,0.7,0
322,0.7657169670482702,0.09514894824346251,0.05987574625881091,0.019974319574555463,0.0009068220042412541,0.0005146665186416873,100.0,0.0,62.55,2.3973944189473704,1.05,0.21794494717703372,4.65,0.653834841531101,0
323,0.7693163237934794,0.08350069673574866,0.059560546627336584,0.01802885226487743,0.000902348400371644,0.0004034239702068528,100.0,0.0,63.7,2.3895606290697042,1.075,0.23848480035423641,4.3,0.6403124237432849,0
324,0.7706563453284637,0.08618984570051835,0.0587733221462183,0.018761687535361112,0.0009165044547216015,0.00038801715852469483,100.0,0.0,63.65,2.286372673034735,1.1,0.2549509756796392,4.2,0.6782329983125268,0
325,0.7769509893337728,0.0795619225240249,0.057499857426533865,0.017028516515592063,0.000941204007576797,0.00040960249301445306,100.0,0.0,63.15,2.372235232855292,1.05,0.21794494717703372,4.35,0.7921489758877431,0
326,0.7856383016052673,0.08120445551904744,0.05646414170030676,0.01728613803543098,0.0008899131937087024,0.000346199960867848,100.0,0.0,63.5,2.958039891549808,1.1,0.3,4.0,0.6324555320336759,0
327,0.8021076903493165,0.07454707942636343,0.05385518935366492,0.015254139280086062,0.0008211178193887316,0.000368017071291232,100.0,0.0,63.55,2.836811590500857,1.0,0.0,4.0,0.7071067811865476,0
328,0.8109252388604012,0.0740104363181392,0.05200097581053327,0.015217402603214712,0.0007893589965249111,0.0003332023539205776,100.0,0.0,62.95,2.67348087705897,1.075,0.23848480035423641,4.1,0.5385164807134504,0
329,0.808622018217461,0.06656115156640795,0.05262294083987744,0.013874195208657724,0.0007947343890199063,0.00030217749151687455,100.0,0.0,63.65,4.2340878592679205,1.15,0.3570714214271425,4.25,0.6224949798994366,0
330,0.8147108516462491,0.07277437640976486,0.05066000563603722,0.01461393451757841,0.0008054250686806219,0.00034478919780169714,100.0,0.0,63.9,2.947880594596735,1.025,0.10897247358851683,4.35,0.8529361054615991,0
331,0.8176329812848712,0.06857534464222834,0.04988323233913873,0.013721573168408016,0.0008148718223524977,0.0003941302199901951,100.0,0.0,63.45,2.801338965566288,1.1,0.3,4.35,0.5722761571129799,0
332,0.8237999708326111,0.05946651929152934,0.04804466800497639,0.013683557545071721,0.0008150958748059678,0.0003228453646779376,100.0,0.0,62.8,2.6191601707417593,1.025,0.10897247358851683,4.3,0.6403124237432849,0
333,0.8315554987559597,0.0613531122360361,0.04599672150356594,0.014282012765056182,0.0008030828087616406,0.00036528692419629457,100.0,0.0,63.7,2.7946377224964243,1.075,0.23848480035423641,4.3,0.8426149773176358,0
334,0.8377480027813295,0.060022840440389594,0.04531804798642834,0.012999201278877272,0.000769471589129971,0.0003451730208993671,100.0,0.0,64.1,3.6041642581880198,1.0,0.0,4.4,1.0198039027185568,0
335,0.8456669494823592,0.055114706471939626,0.04207296134781249,0.01466197309038505,0.0007908640239462897,0.00036975501659104737,100.0,0.0,62.9,3.7403208418530087,1.175,0.36314597615834876,4.3,0.45825756949558405,0
336,0.8518415352415101,0.05155371452049207,0.0404476450045852,0.01460576325884057,0.0007662948169667395,0.00030674373619192714,100.0,0.0,63.95,3.7212229172679243,1.175,0.36314597615834876,4.45,0.6689544080129827,0
337,0.8627174340993357,0.04936886423418409,0.03701277089196905,0.015265856838695697,0.0007609679654954243,0.00025112425104869353,100.0,0.0,64.6,2.9051678092667896,1.025,0.10897247358851683,4.15,0.6538348415311009,0
338,0.8694762544941923,0.051208894902702154,0.03547387788707563,0.01566860308820838,0.0007266781905747613,0.000245338539830646,100.0,0.0,63.5,2.5199206336708304,1.0,0.0,4.2,0.6,0
339,0.8712297278128887,0.049683224739844566,0.03503694631010544,0.01607747973411228,0.0007103055949898823,0.00032148368617457903,100.0,0.0,64.15,2.688401011754013,1.025,0.10897247358851683,4.1,0.6244997998398398,0
340,0.8784775472243437,0.04996550324748881,0.03201909502715508,0.01748258866122795,0.000696745870419622,0.00036135446884389,100.0,0.0,62.75,2.8262165522125158,1.05,0.21794494717703372,4.05,0.6689544080129826,0
341,0.8801175540937463,0.04204986870366238,0.03137108184535949,0.01585073217455645,0.000733945947623399,0.00039296795059199735,100.0,0.0,63.35,3.365635155509284,1.125,0.3112474899497183,4.25,0.7664854858377946,0
342,0.8848696266644515,0.040734199542090024,0.03050200773915243,0.01578865827199068,0.0006994632387721945,0.00038454095146576257,100.0,0.0,62.25,3.6314597615834874,1.1,0.3,4.25,0.7664854858377946,0
343,0.8918255485299914,0.03330238999485855,0.028852703860279466,0.014856085807967536,0.0006683954649976951,0.0003596381143378329,100.0,0.0,63.95,2.5782746168707478,1.025,0.10897247358851683,4.05,0.8645808232895291,0
344,0.8921477967109626,0.03426551708953491,0.027144372533174747,0.015476867206992954,0.0007110020861487175,0.0003273250541142605,100.0,0.0,62.4,2.4166091947189146,1.0,0.0,4.3,0.45825756949558405,0
345,0.8970685140541758,0.031679963346972914,0.026376078722462653,0.01299728218150176,0.0007110341483113434,0.0003049132652663587,100.0,0.0,63.15,3.48245602987317,1.1,0.3,4.4,0.8602325267042626,0
346,0.9002609168787951,0.028131969131407187,0.024021496079450616,0.01247067292211008,0.0007463957760604264,0.0002931147892279584,100.0,0.0,63.8,3.4727510708370675,1.15,0.3570714214271425,3.85,0.5722761571129799,0
347,0.9084704233216249,0.025535573633740694,0.022857315792637778,0.011421120910612554,0.0006835676849320796,0.0002744290779196602,100.0,0.0,64.1,3.064310689208912,1.0,0.0,4.3,0.7810249675906654,0
348,0.911425449989579,0.026020020740571807,0.023170146434824037,0.01057473486905951,0.0006517714986014444,0.00025722341444654013,100.0,0.0,63.65,2.43464576478797,1.05,0.21794494717703372,4.05,0.5894913061275798,0
349,0.9149526526051165,0.029035535070996144,0.022959850327296267,0.009815410313981112,0.0006291143969373878,0.00029943128346066966,100.0,0.0,63.55,2.940663190506523,1.0,0.0,4.3,1.0049875621120892,0
350,0.9155678073824884,0.03091342233900996,0.02044178850748263,0.009576978514161403,0.0006882645602077758,0.00035809365259142434,100.0,0.0,62.9,2.5278449319529077,1.05,0.21794494717703372,4.45,0.9205976319760986,0
351,0.9212466149314691,0.03151631993168914,0.018942758278918902,0.010265725011062047,0.0006318352210560673,0.0003212792157565396,100.0,0.0,63.1,1.9723082923316022,1.05,0.21794494717703372,4.2,0.8124038404635961,0
352,0.9219130584108962,0.032412558463711355,0.018711489523312804,0.011426655313098394,0.0006094297050398691,0.00028249096471112055,100.0,0.0,63.8,3.171750305430741,1.075,0.23848480035423641,4.55,0.6689544080129827,0
353,0.9202873955137963,0.036939575993917034,0.018008007031217833,0.012130402331142617,0.000637598271181867,0.0003410160529043046,100.0,0.0,63.9,3.047950130825634,1.025,0.10897247358851683,4.15,0.7262919523166975,0
354,0.9163521793803374,0.0396104976327555,0.019192346295414615,0.013385679190183882,0.0006549679720350258,0.00036255019210055373,100.0,0.0,63.0,2.9832867780352594,1.1,0.3,4.2,0.8124038404635961,0
355,0.9125048091472868,0.043674040753836844,0.020849795788913984,0.01372721932886638,0.0006647594219236181,0.00034404971452413514,100.0,0.0,63.1,2.930870177950569,1.05,0.21794494717703372,4.5,0.8660254037844386,0
356,0.9088487199265339,0.04378812678197154,0.02188150209812657,0.014099705575061523,0.0006794236106064616,0.00026992941418377714,100.0,0.0,63.35,2.903015673398957,1.05,0.21794494717703372,4.35,0.653834841531101,0
357,0.903311106017795,0.05354521356387152,0.023549868818106973,0.015668088700875896,0.000698615984346474,0.0003094555306228002,100.0,0.0,63.1,2.3430749027719964,1.05,0.21794494717703372,4.3,0.5567764362830021,0
358,0.8984057642387937,0.05195358032559147,0.02544341764618808,0.015143131020380191,0.0007136529874516604,0.0002850617621737371,100.0,0.0,63.45,2.836811590500857,1.1,0.3,4.15,0.47696960070847283,0
359,0.8972382824788487,0.05448497436257707,0.028145662533641015,0.015060532764344868,0.0006480041157743923,0.00025217013432794755,100.0,0.0,62.95,2.3973944189473704,1.05,0.21794494717703372,4.1,0.6244997998398398,0
360,0.8885985994357755,0.06051537281141286,0.032199572743826343,0.01591622534064264,0.000616886072969641,0.0002438353889245298,100.0,0.0,64.2,2.0639767440550294,1.05,0.21794494717703372,4.0,0.6324555320336759,0
361,0.8791825406271275,0.06526142704117277,0.03509133838989652,0.016539989260779042,0.0006333959755902351,0.00024256817936954453,100.0,0.0,63.7,3.716180835212409,1.15,0.3570714214271425,4.05,0.804673846971554,0
362,0.8697257688828068,0.062018470570175996,0.037923263093939244,0.015212935651294468,0.0006597729583801955,0.00031091053317642707,100.0,0.0,62.5,2.247220505424423,1.025,0.10897247358851683,4.2,0.6,0
363,0.8566649290729724,0.06074051709358897,0.041889735859598765,0.014136279301146441,0.0006796745846484343,0.00029827870657359864,100.0,0.0,62.3,3.7696153649941526,1.15,0.3570714214271425,4.05,0.5894913061275798,0
364,0.8505502486939889,0.06188654870645927,0.04362776526503742,0.015115830458237495,0.000659975579793935,0.0002425358176716628,100.0,0.0,64.7,3.132091952673165,1.0,0.0,4.15,0.6538348415311012,0
365,0.8409447933535199,0.06492989244910712,0.046277317599412664,0.01551838827739313,0.0006567830880884056,0.00021691592184839447,100.0,0.0,63.45,2.9912372022292053,1.05,0.21794494717703372,4.45,0.8645808232895291,0
366,0.8330321337892144,0.06792148610903423,0.048475817603937994,0.015901886613117044,0.0006349242047278193,0.0002572348382114392,100.0,0.0,62.75,2.878801834096956,1.1,0.3,4.05,0.739932429347437,0
367,0.8272079649734237,0.07202835571289581,0.050872890820085136,0.01654688619161021,0.0005781498109759379,0.000267754430397677,100.0,0.0,63.75,3.2384409829422554,1.075,0.23848480035423641,4.1,0.7000000000000001,0
368,0.8157707963843928,0.0736909862680883,0.05397312978396873,0.017357028152485476,0.0005357369121062463,0.0002529334741493529,100.0,0.0,63.45,3.6670833096617805,1.075,0.23848480035423641,4.2,0.7483314773547883,0
369,0.8003324701044183,0.07792298396063155,0.056950004786720354,0.01813890151816147,0.0005756646501838841,0.00024840648936968416,100.0,0.0,63.45,3.2011716605018234,1.05,0.2179449471770337,4.05,0.49749371855331004,0
370,0.7845735014759906,0.07746464435378132,0.060250403864392774,0.017453799188828466,0.0006081460773124247,0.00025397003480802415,100.0,0.0,64.1,2.844292530665578,1.05,0.15,4.25,0.698212002188447,0
371,0.7722195200667196,0.08019841618406934,0.062383379527797225,0.017865439894536077,0.0006530497712716446,0.00025945933620575076,100.0,0.0,63.85,3.1666228067138023,1.0,0.0,4.15,0.6538348415311009,0
372,0.760649773805368,0.0780926262971557,0.06329593179443675,0.01836252237977112,0.0007457490029911567,0.00028506444978246157,100.0,0.0,63.75,1.8131464364468746,1.05,0.21794494717703372,3.95,0.5894913061275798,0
373,0.750250815561641,0.07637506400811568,0.06503330413385489,0.017319425064426873,0.0008047400131088372,0.00037802275277018087,100.0,0.0,63.25,2.5273503912200224,1.05,0.21794494717703372,4.15,0.653834841531101,0
374,0.7489671461482048,0.07273502573642875,0.06504507135260232,0.015537122520835243,0.0008561378517944124,0.0003487271247049131,100.0,0.0,64.4,3.307567081708245,1.05,0.21794494717703372,4.0,0.5477225575051661,0
375,0.7457036082881711,0.07676683504615107,0.06662365820468544,0.015408493276383127,0.0008159057368423876,0.0003293526697989849,100.0,0.0,64.85,3.5252659474144643,1.075,0.23848480035423641,4.35,1.1947803145348521,0
376,0.7448234678775876,0.07370014105998392,0.06647500284230566,0.014501810272153831,0.0008470494217829155,0.00035753055131586194,100.0,0.0,63.8,3.2186953878862163,1.05,0.21794494717703372,4.15,0.7921489758877431,0
377,0.7429883383536948,0.07904811132912086,0.06716615658669592,0.016223769471635445,0.0007857311359635414,0.00031227666752672417,100.0,0.0,62.75,3.2384409829422554,1.025,0.10897247358851683,4.3,0.7810249675906654,0
378,0.7328055494184984,0.08866844425942404,0.06875486208811563,0.017127091674782543,0.0008159147743653731,0.0003302113030124443,100.0,0.0,64.05,3.667083309661781,1.05,0.21794494717703372,4.15,0.7262919523166975,0
379,0.7313034793604041,0.09184061532225404,0.06869831150352076,0.017655495830477198,0.0008508823574475642,0.0003794360166257698,100.0,0.0,63.95,3.3834154341434335,1.075,0.23848480035423641,4.3,0.8426149773176358,0
380,0.7220446554505597,0.09457747955262605,0.07013410983154728,0.018094755859869676,0.0008943940344498221,0.000412822841402381,100.0,0.0,63.05,2.8543825952384165,1.0,0.0,4.2,0.7483314773547882,0
381,0.7193834982869828,0.09185674979997918,0.07038208701150106,0.01874044548064344,0.000900226235174552,0.0004475698154346321,100.0,0.0,63.4,2.6720778431774774,1.15,0.3570714214271425,4.2,0.812403840463596,0
382,0.7175975480489637,0.09338262458681978,0.0709855932158108,0.01903915930314542,0.0009022669734522832,0.00040616869523644734,100.0,0.0,62.85,2.8155816450602176,1.075,0.23848480035423641,4.25,0.82915619758885,0
383,0.7225961562459676,0.09056216909446296,0.07050678161730287,0.018352275523881873,0.0008694397815832095,0.00038759056838884033,100.0,0.0,62.0,2.792848008753788,1.05,0.21794494717703372,4.25,0.7664854858377946,0
384,0.728732220140681,0.09145776814808647,0.06914310687870553,0.018418193427109316,0.0008634071784188339,0.0004403797079587871,100.0,0.0,62.3,2.968164415931166,1.1,0.3,4.5,0.7416198487095663,0
385,0.7272756016228479,0.08776948131806674,0.0689216869369452,0.018297725280396568,0.0008838618986002562,0.0004902415672464269,100.0,0.0,64.1,3.491418050019218,1.15,0.3570714214271425,3.9,0.7681145747868608,0
386,0.7280082179374637,0.08707030094794599,0.06831908104963261,0.017986296097615047,0.0009182107402662693,0.0005191714178625438,100.0,0.0,63.25,3.222964473896664,1.1,0.3,4.25,0.82915619758885,0
387,0.7283607705629515,0.08226333437799146,0.06807742375609463,0.017897351245113453,0.0009191256689947839,0.0004023577514425097,100.0,0.0,63.95,2.4387496796514396,1.0,0.0,4.15,0.7262919523166976,0
388,0.7289069981734215,0.08432704572702877,0.06826934411721046,0.018089652457993353,0.0009028641734829375,0.0004159202526993829,100.0,0.0,63.5,2.80178514522438,1.05,0.21794494717703367,4.25,0.82915619758885,0
389,0.730917000228799,0.08421192288093488,0.06780656914803267,0.01804621813445949,0.000911953396741112,0.0004318467266162505,100.0,0.0,63.75,2.7726341266023544,1.1,0.2549509756796392,4.35,0.5722761571129799,0
390,0.7301872636886287,0.08381822593927633,0.06692000018796869,0.01786890016109195,0.0009918905783712069,0.00045796825452607204,100.0,0.0,63.45,2.81913107180209,1.05,0.2179449471770337,4.1,0.6244997998398398,0
391,0.7377760124197936,0.0861549001208027,0.06522892023642653,0.018196172040845674,0.0010039242812250467,0.00046570926083959024,100.0,0.0,63.3,3.0512292604784714,1.0,0.0,4.35,0.6538348415311012,0
392,0.7354820694027514,0.07863212775669268,0.0652541542752906,0.016370360891500367,0.001066403881897376,0.00043317630340623955,100.0,0.0,63.8,2.9933259094191524,1.1,0.3,4.1,1.1789826122551597,0
393,0.745134212562627,0.07623634836409271,0.06366951358017574,0.015561619626694981,0.0010340298844236713,0.0004638262234103923,100.0,0.0,63.8,2.5999999999999996,1.05,0.21794494717703372,4.9,1.1789826122551597,0
394,0.7615862745260914,0.07459597144886111,0.06063103057430751,0.017421200513052293,0.0009763613582572675,0.00038921380261993066,100.0,0.0,63.05,3.761316258971054,1.05,0.15,4.15,0.7262919523166976,0
395,0.7685558596950698,0.0842972178597756,0.059173864953429335,0.018963764341217177,0.000948417066568359,0.0003408919778895071,100.0,0.0,62.85,2.5937424698685874,1.125,0.3112474899497183,4.15,0.5722761571129799,0
396,0.7707840162575197,0.080441679945343,0.0578232887049138,0.019393397726683127,0.000967951266677125,0.0003295226211138852,100.0,0.0,63.4,3.246536616149586,1.125,0.3112474899497183,4.35,0.6538348415311012,0
397,0.7782759665009604,0.08185467594489862,0.057023107372758265,0.018392738312235906,0.0009177463587148468,0.000348582897509118,100.0,0.0,62.9,3.047950130825634,1.05,0.21794494717703372,4.65,0.7921489758877431,0
398,0.7764139372081311,0.07762291193128701,0.05670288725705717,0.016616571628008427,0.0009778948524482522,0.00038540525423827666,100.0,0.0,63.35,2.4550967394381837,1.05,0.21794494717703367,4.05,0.5894913061275798,0
399,0.782714315438317,0.07676801730382662,0.05578996217210393,0.01662527965182154,0.0009328149423309228,0.0004095024173221511,100.0,0.0,62.85,2.4550967394381833,1.05,0.2179449471770337,4.4,0.8,0
400,0.7893593621129399,0.07614806328008922,0.055799963558075386,0.01640539534326524,0.0008466030306214858,0.000357048010801348,100.0,0.0,62.55,3.0736785778607367,1.05,0.21794494717703372,4.2,0.5099019513592784,0
401,0.7887228629000514,0.07740095881814969,0.055706139285591275,0.017881428799132036,0.0008547391680863216,0.0003375187267450028,100.0,0.0,63.85,2.414021540914662,1.1,0.3,3.95,0.804673846971554,0
402,0.7942790025430146,0.07725819303091683,0.053883365925489216,0.017470127560792328,0.0008511476910956559,0.00038287031716786673,100.0,0.0,63.75,3.5899164335677787,1.1,0.3,4.15,0.9630680142129111,0
403,0.8021314967735718,0.078618903586653,0.05238472890637193,0.01706154871635001,0.0008339089561040316,0.00040382102351763826,100.0,0.0,62.85,2.5352514668174435,1.1,0.3,4.15,0.4769696007084728,0
404,0.8063396256646602,0.07457718045854426,0.0515210158800997,0.017381857794300487,0.0008159092721728796,0.0003917617742151219,100.0,0.0,63.65,2.6884010117540127,1.05,0.21794494717703372,4.2,0.6,0
405,0.8149216072272019,0.07067203499117468,0.04965491818833395,0.01703061259601091,0.0008005244886427532,0.0004071240001970042,100.0,0.0,63.4,2.8000000000000003,1.05,0.21794494717703372,4.15,0.7262919523166975,0
406,0.8217324100279292,0.07267123921031536,0.04718026998884074,0.018249019079158497,0.0008083108137302472,0.0003803770149549938,100.0,0.0,62.65,4.162631379308046,1.15,0.32015621187164245,4.1,0.8888194417315588,0
407,0.8250249701172022,0.06574472327300233,0.04737578800999751,0.016217108445727785,0.0007837610845888374,0.0003784103351757195,100.0,0.0,63.95,2.8892040426387333,1.0,0.0,4.35,0.7262919523166976,0
408,0.8324507679995395,0.06555630553574737,0.04646913849608173,0.01595214823269747,0.0007379099339726419,0.00045370018762668976,100.0,0.0,63.05,3.0736785778607367,1.15,0.3570714214271425,4.25,0.4330127018922193,0
409,0.832373071644944,0.06731985505482876,0.046462912315534274,0.017442277041461382,0.0007228703096701322,0.00041352107832202457,100.0,0.0,63.25,3.031088913245535,1.075,0.23848480035423641,4.3,0.45825756949558405,0
410,0.8368927967387254,0.06529729346741274,0.04552958267311748,0.017740913186057444,0.0006905518827552764,0.00033747004384663453,100.0,0.0,64.15,2.7798381247835278,1.0,0.0,4.25,0.9420721840708386,0
411,0.8333346642745797,0.05979067727247922,0.04434577260315224,0.01845055665159181,0.0007657183275334364,0.0004553266621177458,100.0,0.0,62.55,2.7290108097990378,1.15,0.3570714214271425,4.15,0.7262919523166975,0
412,0.8373893703694216,0.05553079609279395,0.04315987046228425,0.01811887194742609,0.0007734951754541463,0.00039890054325620846,100.0,0.0,62.95,3.0244834269673224,1.075,0.23848480035423641,4.2,0.8717797887081348,0
413,0.8416299686938024,0.05610964513918261,0.04216449521650917,0.01773097928170804,0.0007699958966749427,0.0003478681947401743,100.0,0.0,64.65,2.903015673398957,1.0,0.0,4.3,0.5567764362830021,0
414,0.8487686823920393,0.05636185861768777,0.039958106324645803,0.018422371859178013,0.0007561533159329638,0.00038512587500008535,100.0,0.0,63.75,2.5074887836239665,1.0,0.0,4.35,0.7262919523166975,0
415,0.8492915217718997,0.05639977922989827,0.03988539943345384,0.017804206708654433,0.0007673809585374462,0.00038814604298224517,100.0,0.0,63.85,2.286372673034735,1.05,0.21794494717703367,4.2,0.5099019513592784,0
416,0.8629057910626863,0.05512349207701904,0.03733958695356742,0.017022910332165193,0.0007064629278907513,0.00036311005994945,100.0,0.0,63.05,3.169779172119093,1.075,0.23848480035423641,4.25,0.698212002188447,0
417,0.8633362808747231,0.05382628918720531,0.036489909686379426,0.016947924950541253,0.0007476939957907503,0.0003598184946205697,100.0,0.0,65.4,2.672077843177477,1.0,0.0,4.25,0.698212002188447,0
418,0.8752271277033639,0.054889228837632635,0.03521571969435262,0.016060493736040765,0.0006649180543437437,0.00032537191106101236,100.0,0.0,62.55,3.5843409436045564,1.05,0.21794494717703372,4.3,0.8426149773176358,0
419,0.8798225381447506,0.05401255105714587,0.03319570919357642,0.015191160560473026,0.0006960605664217815,0.0003997921965734121,100.0,0.0,61.8,3.043024810940588,1.2,0.4,3.95,0.5894913061275798,0
420,0.886288744647118,0.0528210637282966,0.031961003348058355,0.014418244689987935,0.0006612714980670099,0.00040158109097098837,100.0,0.0,64.25,2.624404694402142,1.05,0.21794494717703372,4.05,0.6689544080129826,0
421,0.8873761998932581,0.04988142177220416,0.03042707088451272,0.01491747272878919,0.000690781311084581,0.00030899604482946904,100.0,0.0,63.75,2.299456457513384,1.0,0.0,4.25,0.5361902647381804,0
422,0.8921204176236713,0.048914832939796794,0.02853167823912666,0.014813290361762148,0.0006997140940832553,0.0003463802485394342,100.0,0.0,63.9,3.7403208418530087,1.125,0.3112474899497183,3.95,0.4974937185533099,0
423,0.8946865957416927,0.04520854047373641,0.027264813553644247,0.013696229085198791,0.0007292278040767217,0.00036013714593950203,100.0,0.0,62.6,4.1521078984053394,1.2,0.4,4.15,0.9096702699330127,0
424,0.9052740477291635,0.037686489473798976,0.025108888547189713,0.01194615087919124,0.0006705738217291437,0.0003092179099211172,100.0,0.0,63.9,2.5670995305986875,1.025,0.10897247358851683,4.1,0.43588989435406733,0
425,0.9090201388238544,0.03845247697840227,0.023935206118879324,0.011807323749090801,0.0006613938012953205,0.0003171096097268029,100.0,0.0,62.5,3.0413812651491097,1.1,0.3,4.65,0.9096702699330126,0
426,0.9134306561738933,0.03911374688048118,0.022029783385289967,0.012732455431961292,0.0006346992430663557,0.0002606307035202613,100.0,0.0,63.0,2.569046515733026,1.05,0.15,4.1,0.7,0
427,0.9164863792255377,0.03942104790482574,0.020416871624533182,0.01156713300926007,0.0006591098201630885,0.0003341256138934685,100.0,0.0,63.95,3.528101472463625,1.05,0.21794494717703372,4.25,0.5361902647381804,0
428,0.9213128155278874,0.038793725988888736,0.019236994598065115,0.010244162271519822,0.000637815479772166,0.00029916240591822547,100.0,0.0,63.6,3.023243291566195,1.05,0.21794494717703372,4.3,0.6403124237432849,0
429,0.9222461709725962,0.037291917300116044,0.018692306961400368,0.010464124646858575,0.0006319281345439303,0.00026260719992635763,100.0,0.0,62.45,2.836811590500857,1.15,0.3570714214271425,4.2,0.6782329983125269,0
430,0.9213704489121947,0.04317468318401012,0.019412991566109553,0.010317790858339396,0.0006343080449548652,0.00035570245709577324,100.0,0.0,63.55,2.132486811213612,1.1,0.2549509756796392,4.2,0.6782329983125268,0
431,0.9201133627077451,0.040545358473435676,0.01884078011214511,0.00995515231756247,0.0006609445254757054,0.0003057016074643113,100.0,0.0,62.55,3.169779172119093,1.125,0.3112474899497183,4.1,0.5385164807134504,0
432,0.9141351894820803,0.04104626622527388,0.020296689047692076,0.00964585605908992,0.0007147401191654787,0.0003644729507748362,100.0,0.0,63.95,2.4994999499899975,1.05,0.21794494717703372,4.05,0.6689544080129826,0
433,0.912459862425598,0.04012407079337013,0.021936495645155294,0.009548358179149405,0.0007029223402763402,0.0003395398892185339,100.0,0.0,63.4,3.6660605559646724,1.1,0.3,4.25,0.5361902647381804,0
434,0.9082905676743946,0.03067418189168443,0.022908719624089795,0.010252450355751798,0.0007258996147532757,0.0003063192545455388,100.0,0.0,63.2,3.3105890714493693,1.075,0.23848480035423641,4.15,0.6538348415311012,0
435,0.9067207708885091,0.023970620211661835,0.025205453811591318,0.01117483778611762,0.0006683541066404427,0.00030867992056193155,100.0,0.0,64.0,3.40587727318528,1.05,0.21794494717703372,4.15,0.6538348415311012,0
436,0.8992528154040282,0.02662146912979319,0.02870142547575566,0.009558636275284808,0.000684348701830663,0.00030308071501462173,100.0,0.0,64.65,2.2863726730347356,1.05,0.21794494717703372,4.2,0.39999999999999997,0
437,0.8849596466148324,0.02961984003025358,0.03203290447158528,0.009837057407285408,0.0007613478035151323,0.0003604799307849213,100.0,0.0,62.75,3.1444395367060247,1.05,0.21794494717703372,4.3,0.7810249675906654,0
438,0.8815630064724477,0.02658089148561421,0.034300966345728566,0.010234161212545658,0.0007059811023168797,0.00026419567953705396,100.0,0.0,63.1,2.826658805020514,1.0,0.0,4.55,0.6689544080129827,0
439,0.877060086791646,0.03410739109413143,0.03749464479098029,0.011461427082049287,0.0006289300057366326,0.0003383945411613991,100.0,0.0,63.85,2.868361901852694,1.025,0.10897247358851683,4.25,0.5361902647381804,0
440,0.8665455058658559,0.04091822684231564,0.04053840167188751,0.012031576111907902,0.0006146602481387184,0.0002513331169465952,100.0,0.0,63.2,2.712931993250107,1.1,0.3,4.05,0.804673846971554,0
441,0.8586492878037578,0.042668736233327204,0.04326121455072839,0.011716943393559873,0.0005904437097889553,0.00019150524708729996,100.0,0.0,63.25,2.1880356487041066,1.025,0.10897247358851683,4.55,0.6689544080129827,0
442,0.8431277657566667,0.05156857911140916,0.047173814713071416,0.014199077666906503,0.000583169306946528,0.00023661979858684848,100.0,0.0,62.85,3.365635155509284,1.1,0.3,4.15,0.47696960070847283,0
443,0.8241979728310375,0.05842764742988623,0.05178589960964005,0.015189398560191747,0.0005850401218556199,0.00021251513617044374,100.0,0.0,62.15,3.335790760824186,1.1,0.25495097567963926,4.5,1.118033988749895,0
444,0.8134235300834509,0.06366441351196274,0.05392998400882543,0.015485762040586788,0.0006125556112079553,0.00024554720444005087,100.0,0.0,65.35,2.903015673398957,1.0,0.0,4.05,0.6689544080129826,0
445,0.7994896184195222,0.06042742249335017,0.056309436465724304,0.015161657087798583,0.0006849315827437534,0.00023752149091649136,100.0,0.0,62.85,3.5815499438092444,1.05,0.15,4.3,0.8426149773176358,0
446,0.7953669233748621,0.06252282596537202,0.0567280310399339,0.015533743861961121,0.0006917734339890205,0.0002519254959262576,100.0,0.0,62.95,2.9406631905065224,1.025,0.10897247358851683,4.3,0.5567764362830021,0
447,0.7782488041050033,0.06916888109598872,0.06013966788297448,0.016664523965840762,0.0007123129044316974,0.000303074839496748,100.0,0.0,61.85,3.1348843678834477,1.125,0.3112474899497183,3.85,0.3570714214271425,0
448,0.7669447931332793,0.07437482644907016,0.06259559417750467,0.017004771226579153,0.000713801531007581,0.00031565164419545074,100.0,0.0,64.05,3.3537292675468007,1.0,0.0,4.2,0.812403840463596,0
449,0.756143758071656,0.07406611924580826,0.06455516926594546,0.016106767843187215,0.0007776833208574727,0.0003353090690035224,100.0,0.0,62.85,2.8508770580296865,1.1,0.3,4.25,0.82915619758885,0
450,0.7490480988388947,0.06610384405569732,0.0664782294355725,0.014394652851497013,0.0007649188591409208,0.00037187428489989606,100.0,0.0,63.65,2.937260628544903,1.05,0.21794494717703372,4.2,0.812403840463596,0
451,0.7421626461786406,0.0666490171612231,0.06783926214048748,0.01388541708110756,0.0008252095207969523,0.00042468618958752446,100.0,0.0,62.55,2.923610781208744,1.025,0.10897247358851683,4.35,0.8529361054615991,0
452,0.7395168815984549,0.057700140621922726,0.06954304058150199,0.011132283295180238,0.0007426818887692784,0.0003308067838595546,100.0,0.0,62.65,3.08666486681013,1.05,0.21794494717703372,4.35,0.9630680142129111,0
453,0.7385285970799009,0.05448184948146357,0.06946012070721799,0.010340107190813817,0.0007626780012648699,0.00038839546672805235,100.0,0.0,64.05,3.201171660501823,1.05,0.21794494717703372,4.1,0.7000000000000001,0
454,0.7333624906059691,0.05099685958832034,0.0704415168091426,0.010452412389678058,0.0007617200764911808,0.0004309563625885308,100.0,0.0,63.55,2.97447474354717,1.0,0.0,3.95,0.5894913061275798,0
455,0.7287909227828703,0.05242022268476123,0.07067498573623121,0.01159712115232243,0.000814144207718641,0.00039345805470305807,100.0,0.0,62.8,3.501428280002319,1.05,0.21794494717703372,4.4,0.9165151389911681,0
456,0.7203887068696081,0.05070930555232244,0.07120432538368163,0.013121226486464981,0.0008875683562220701,0.0004499798028117014,100.0,0.0,62.55,2.7106272336859605,1.0,0.0,4.15,0.47696960070847283,0
457,0.7222377382975494,0.06155460431259707,0.07133698384960876,0.015696115711933346,0.0008222217118967007,0.0003773085606080915,100.0,0.0,63.65,4.138538389335056,1.025,0.10897247358851683,4.35,0.7262919523166975,0
458,0.7221794264479827,0.0670323073174945,0.07160505289287153,0.015639056507601747,0.0008128052995625332,0.0003190751943804941,100.0,0.0,62.65,3.118894034750139,1.05,0.21794494717703372,4.7,0.9539392014169458,0
459,0.7197564595876521,0.07750913754366913,0.07217983136039398,0.017403793010034717,0.0007843577272243108,0.0003274199231055016,100.0,0.0,64.65,2.5743931323712004,1.0,0.0,4.25,0.82915619758885,0
460,0.724072916042249,0.09136974991738925,0.07205623904272125,0.019194039096657813,0.0006956231534770917,0.00030199319041119784,100.0,0.0,63.65,3.380458548777074,1.025,0.10897247358851683,4.2,0.7483314773547883,0
461,0.7214313275002484,0.09963617273551925,0.0725471765220297,0.019445324596282478,0.0007207594951967183,0.00034543677608333916,100.0,0.0,63.75,2.48746859276655,1.025,0.10897247358851683,4.2,0.7483314773547883,0
462,0.7261475609206938,0.10519419035702458,0.07156144156187327,0.02061611041064914,0.000706171300762942,0.0003703005734821217,100.0,0.0,64.15,3.380458548777074,1.1,0.3,4.05,0.6689544080129826,0
463,0.7232050688240266,0.10224130299574861,0.07269389689579767,0.019891041185198594,0.0006723220102834898,0.0003664134251558328,100.0,0.0,63.45,2.9064583258667245,1.1,0.3,4.05,0.6689544080129826,0
464,0.7172656064585967,0.09637625825038955,0.07369403334340732,0.018611560522629987,0.0006753929845574765,0.0003973817190349553,100.0,0.0,65.25,3.222964473896664,1.05,0.21794494717703372,3.95,0.49749371855331004,0
465,0.7170054845305591,0.1029293001518246,0.07379494359226145,0.020024473212958634,0.0006758583616230261,0.0004026033520105553,100.0,0.0,65.2,2.976575213227443,1.0,0.0,4.0,1.0488088481701516,0
466,0.7106987642602538,0.10056510917599987,0.07490111717201478,0.01922051567312378,0.0006945672753420593,0.0004136163400517739,100.0,0.0,64.05,3.1220986531498327,1.075,0.23848480035423641,4.1,0.7000000000000001,0
467,0.7074572349064598,0.1031139174570616,0.0750945064613897,0.021656100371612405,0.000672611745250979,0.0003332326072664018,100.0,0.0,63.15,3.8114957693797855,1.15,0.3570714214271425,4.15,0.7921489758877431,0
468,0.7064138445544573,0.10205439124840449,0.07490935943570509,0.022164897195401614,0.0007095086783514115,0.0003138370244205728,100.0,0.0,64.95,3.040970239906994,1.025,0.10897247358851683,4.0,0.5477225575051661,0
469,0.7079776002647702,0.08978133635206315,0.07473593349187187,0.01874666056143144,0.0007454425919871942,0.00036949343474429567,100.0,0.0,63.35,2.6509432283623124,1.05,0.2179449471770337,4.05,0.49749371855331004,0
470,0.7036620956838088,0.08646644877913835,0.07505631710414147,0.017813090795591808,0.000798696371277968,0.0004119265257442684,100.0,0.0,62.45,2.7290108097990378,1.1,0.3,4.2,0.6,0
471,0.7076714026489926,0.07724776008889049,0.0729961932396226,0.016860565625931297,0.0009012437950408127,0.00043886852700499826,100.0,0.0,63.2,3.709447398198282,1.025,0.10897247358851683,4.45,0.9733961166965892,0
472,0.7065311943457065,0.07023057433983412,0.0735213058716584,0.0143484819461669,0.0009048716048842907,0.000475449853437081,100.0,0.0,61.85,3.7719358425084595,1.075,0.23848480035423641,4.4,0.9695359714832658,0
473,0.719840468640335,0.07027953407453097,0.07058743665297788,0.015809446250728526,0.0009092757567973044,0.00045476832913426946,100.0,0.0,63.55,3.2935543110748915,1.05,0.21794494717703372,4.15,0.47696960070847283,0
474,0.7328686744067103,0.06918920695924152,0.06797321883187288,0.016262352292812088,0.0009152327466745971,0.00041450856545916556,100.0,0.0,63.2,3.009983388658482,1.1,0.3,4.4,0.5830951894845301,0
475,0.7486912762339306,0.07481669037531954,0.06410961058098538,0.0177947995560394,0.0009092299983838876,0.00043333823381400593,100.0,0.0,63.8,3.443835071544512,1.0,0.0,4.35,0.7921489758877431,0
476,0.7644583265066724,0.07197841402442783,0.06048474741887412,0.017641645341592255,0.0009030220862767566,0.0004721053730701908,100.0,0.0,64.5,3.263433774416144,1.025,0.10897247358851683,4.1,0.7681145747868608,0
477,0.7751989987457171,0.07246464995256442,0.05830457674809353,0.017393188209258958,0.000886465914514498,0.0004445536628265445,100.0,0.0,63.25,3.207413287993925,1.05,0.21794494717703372,4.4,0.5830951894845301,0
478,0.7820067347492006,0.07344887696300896,0.05655628161989924,0.016651214196936305,0.0009004298082273694,0.00045958117562596725,100.0,0.0,63.9,2.7367864366808017,1.0,0.0,4.2,0.6,0
479,0.7925976552548939,0.07047842261770237,0.05496878531728024,0.017285863012184547,0.0008307580084499806,0.00037991252570220376,100.0,0.0,63.55,2.7834331319433563,1.05,0.21794494717703372,4.45,0.8046738469715541,0
480,0.7925213194729155,0.07024820521964441,0.05587946755342882,0.016938072938178183,0.0007956363380396408,0.00032973946709596375,100.0,0.0,63.65,3.134884367883447,1.0,0.0,4.3,0.5567764362830022,0
481,0.7998026922307506,0.06710805548268614,0.05513663059559119,0.015408315537309527,0.0007678660964890317,0.00034951991412915547,100.0,0.0,62.55,3.6534230524263136,1.15,0.3570714214271425,4.3,0.7810249675906654,0
482,0.8065236005528436,0.06613357353009916,0.05269266551355695,0.016652850064418596,0.0007810589952419469,0.0003795678381828185,100.0,0.0,63.2,2.803569153775237,1.025,0.10897247358851683,4.1,0.5385164807134504,0
483,0.81596193496079,0.05771064703674189,0.04989070111654537,0.015490376539571004,0.0008254895088910863,0.0003553788097757476,100.0,0.0,63.9,3.2848135411313684,1.0,0.0,4.15,0.7921489758877431,0
484,0.8292200852927953,0.05288607004596354,0.04811091742818628,0.0156505350398648,0.0007253510546970904,0.00033966574438503246,100.0,0.0,64.5,2.539685019840059,1.0,0.0,4.2,0.6782329983125269,0
485,0.8404946484883699,0.04528750185766331,0.04609012540629284,0.01492626229509011,0.0006682045448629116,0.00028784526250956325,100.0,0.0,63.35,3.4245437652335533,1.1,0.2549509756796392,4.1,0.8888194417315588,0
486,0.8470466038583435,0.04122687616797818,0.04453611807220687,0.014342195364780099,0.0006659941608454249,0.00023770241745294584,100.0,0.0,63.55,2.5782746168707473,1.05,0.21794494717703367,4.25,0.5361902647381804,0
487,0.8521566920856672,0.039981489540273904,0.04213178765648774,0.01475164892827232,0.0006970438699353229,0.0002531351770155523,100.0,0.0,63.55,3.694252292413175,1.1,0.3,4.15,0.5722761571129799,0
488,0.8523499511536684,0.04149425313906067,0.04068908947910856,0.01608236997988118,0.0007392051422102379,0.00026211915603539267,100.0,0.0,62.4,3.786819245752298,1.05,0.15,4.45,1.2031209415515964,0
489,0.8609315907559489,0.042107834588351156,0.03910119827301871,0.014287686845458947,0.0007231632697552213,0.0002507957347253794,100.0,0.0,63.35,3.623189202898463,1.05,0.15,4.45,1.023474474522936,0
490,0.8687255793939238,0.03994089582824978,0.036800895055509625,0.013766162146466605,0.0007216572097582818,0.00023940329214360378,100.0,0.0,62.6,3.0397368307141326,1.075,0.23848480035423641,4.05,0.6689544080129826,0
491,0.8753904486788059,0.0394043089295221,0.035641436672983764,0.012670904675590003,0.0007038113267128646,0.00025356370878129407,100.0,0.0,63.65,3.1666228067138023,1.0,0.0,4.25,0.6224949798994366,0
492,0.8811552287811691,0.04182584236748454,0.03377654524514615,0.0140624014467545,0.0006803364209094421,0.00028419756196624646,100.0,0.0,64.3,2.5317977802344327,1.0,0.0,4.2,0.6,0
493,0.8866426809427278,0.04351023617640142,0.03223860489116347,0.013363369887529012,0.0006830293836155648,0.0003876276996151826,100.0,0.0,63.8,2.712931993250107,1.05,0.21794494717703372,4.15,0.7262919523166975,0
494,0.8938132986346423,0.042439198992477334,0.030392579262960018,0.012916970431449635,0.000650431243159675,0.00035003214480451133,100.0,0.0,64.0,2.5298221281347035,1.05,0.21794494717703367,4.25,1.0428326807307104,0
495,0.9006780485220952,0.03507085056100466,0.02900857973958505,0.013468921210810083,0.0005964982366805754,0.00020013242209317693,100.0,0.0,64.15,2.2197972880423116,1.0,0.0,4.3,0.7810249675906654,0
496,0.9026509189667171,0.03544055069935889,0.02706660212637733,0.01373166528967981,0.0006417007389662052,0.00025426620585845697,100.0,0.0,63.45,2.871846096154876,1.1,0.3,4.05,0.6689544080129826,0
497,0.9078731245894754,0.03432348444710918,0.02484672897058082,0.01271737904302667,0.0006444625308883339,0.00029770736176778167,100.0,0.0,64.3,2.3259406699226015,1.0,0.0,4.3,0.7810249675906654,0
498,0.912667607682164,0.03645422041403146,0.02331991943932113,0.013142089485788102,0.0006149389198498824,0.00019927856106270628,100.0,0.0,63.05,2.9744747435471695,1.1,0.3,4.5,1.02469507659596,0
499,0.919665694880227,0.031122256405328893,0.02151114814137215,0.011867362450751475,0.0005844475460741996,0.00020023494908213253,100.0,0.0,62.5,3.2326459750489227,1.1,0.3,4.3,0.6403124237432849,0
500,0.930442819535981,0.02630300872674908,0.01999432356704477,0.010559712565300083,0.0005027096650128164,0.00016185840123395195,100.0,0.0,63.5,3.640054944640259,1.075,0.23848480035423641,4.2,0.7483314773547883,0
501,0.933090641865691,0.025912129404795998,0.01863972962391234,0.009493617054493472,0.0005135873266033121,0.00018993474569172942,100.0,0.0,63.6,3.7202150475476548,1.15,0.3570714214271425,4.2,0.8124038404635961,0
502,0.9289623503766054,0.02638522477180861,0.018482615926316098,0.009895158075130854,0.0005671546208982402,0.00021811239629651632,100.0,0.0,63.55,2.836811590500857,1.075,0.23848480035423641,4.0,0.7071067811865476,0
503,0.9238015821472875,0.02876474675134754,0.01957564661985647,0.010357813750390864,0.0006012317391192769,0.00023222403226544328,100.0,0.0,62.3,2.282542442102666,1.1,0.3,4.25,0.8874119674649424,0
504,0.9219597940266955,0.028348289099522705,0.02036753046393757,0.010557445012467331,0.000607723636303152,0.00023928538494166456,100.0,0.0,63.35,3.5954832776693593,1.1,0.3,4.2,0.8124038404635961,0
505,0.9234585560578358,0.030211140236973615,0.02119050000626668,0.010568873740951832,0.0005676369063258007,0.00018170242417423166,100.0,0.0,63.75,3.329789783154486,1.1,0.3,4.15,0.5722761571129799,0
506,0.922001346261685,0.036296590807710034,0.021782578245128043,0.01057584570161077,0.000574446294207712,0.00022455629804804842,100.0,0.0,63.8,2.9257477676655586,1.05,0.2179449471770337,4.35,0.5722761571129799,0
507,0.9146631330674178,0.03856441979211145,0.02383163274723307,0.012079995523480193,0.0005941680542386387,0.00021330109683931765,100.0,0.0,63.6,3.120897306865447,1.1,0.3,4.35,1.1079259903080168,0
508,0.9103902698154076,0.04041165738658923,0.025994378847211935,0.011533388425606458,0.0005981593731132412,0.00026538406578839607,100.0,0.0,63.1,2.5670995305986875,1.075,0.23848480035423641,4.4,0.7348469228349535,0
509,0.9037844423519289,0.03700425109893306,0.027998737362819093,0.01151091258355958,0.0006323037812862411,0.00026684434612989967,100.0,0.0,63.75,3.672533185690771,1.1,0.3,4.1,0.8888194417315588,0
510,0.8967116090463101,0.03993652255362314,0.030749076554362265,0.011129268155480888,0.0006499637565508831,0.00030624871906763455,100.0,0.0,62.45,2.9744747435471703,1.125,0.3112474899497183,4.25,0.6224949798994366,0
511,0.8899095633547567,0.049601556988945424,0.03287019258031873,0.011053747516099964,0.0006550518861659201,0.0003451917361427166,100.0,0.0,63.45,3.456515586540874,1.05,0.15,4.2,0.6782329983125269,0
512,0.8819029054288864,0.04977687829714911,0.035389309783996216,0.010611917799404269,0.0006497243818078798,0.00031477564217635874,100.0,0.0,62.0,3.449637662132068,1.1,0.3,4.5,0.8660254037844386,0
513,0.8709534117486157,0.05338099711273994,0.03829064653023579,0.01032788799478314,0.0006832966235779487,0.0003633454178936422,100.0,0.0,63.75,1.9461500456028564,1.0,0.0,4.45,0.7399324293474372,0
514,0.8621911414664991,0.057509682266185046,0.04090435537279387,0.011078988192587555,0.0006778831413986739,0.0004070635545786728,100.0,0.0,63.4,3.9924929555354263,1.05,0.21794494717703372,4.15,0.653834841531101,0
515,0.8555337487049606,0.05728242419545427,0.04292035332374969,0.010880477057444137,0.0006857014263338993,0.00044470596986966076,100.0,0.0,64.2,3.6276714294434105,1.1,0.3,4.3,0.6403124237432849,0
516,0.8451526421152927,0.05668803071130963,0.045566718336880224,0.011020895703822083,0.0006923370303350477,0.00046901597418606134,100.0,0.0,63.65,4.138538389335056,1.15,0.3570714214271425,4.15,0.7262919523166976,0
517,0.8325460537302642,0.05183013894519077,0.04784691177708318,0.011272877424293571,0.0007363441720242214,0.00045436041161509575,100.0,0.0,62.25,2.913331426391443,1.1,0.3,4.7,1.1,0
518,0.8281119153422895,0.042677009301347525,0.048219949498466835,0.011023961469726049,0.0007675586999097475,0.00045099671113531074,100.0,0.0,62.9,3.2388269481403293,1.1,0.3,4.25,0.698212002188447,0
519,0.8180315190327399,0.03986163030950199,0.05009093466230687,0.012103044570859057,0.0007996167092255294,0.00048687615005043005,100.0,0.0,62.85,3.8506492958980307,1.05,0.21794494717703372,4.35,0.8529361054615991,0
520,0.8117874452241169,0.04398792607517903,0.05052797766696697,0.013947614331101648,0.000833618111427941,0.00046895665911945945,100.0,0.0,63.05,2.7834331319433563,1.075,0.23848480035423641,4.25,0.7664854858377946,0
521,0.803038243645832,0.04852459336979568,0.052534353913638566,0.014350123608282233,0.0008483286247447802,0.00040722116263298866,100.0,0.0,63.25,3.897114317029974,1.025,0.10897247358851683,4.25,0.8874119674649424,0
522,0.7956814058502581,0.04995781694153488,0.05415820965823086,0.013608940500213308,0.0008724672669794247,0.00045515702772027934,100.0,0.0,63.5,2.8722813232690143,1.0,0.0,4.35,0.7262919523166976,0
523,0.7892475243168443,0.05740111808171104,0.05691704894061818,0.013327963487784351,0.0008162739753026368,0.00042862880918821786,100.0,0.0,63.6,3.1368774282716245,1.075,0.23848480035423641,4.05,0.6689544080129826,0
524,0.7799495781310175,0.06282657218436583,0.06008148100751497,0.014763708126225083,0.0007471971663739748,0.0003769090076804947,100.0,0.0,62.2,2.5806975801127883,1.15,0.3570714214271425,4.2,0.8124038404635961,0
525,0.7765155642245203,0.06340663490283525,0.060339391867758274,0.015659986753838805,0.0007683491503157098,0.00033773010792838005,100.0,0.0,62.15,2.515452245621053,1.175,0.36314597615834876,4.2,0.5099019513592784,0
526,0.7701511913379473,0.07100910423750101,0.06225208235960835,0.01648036330161981,0.0007250857440594658,0.00028354378359290257,100.0,0.0,63.45,3.0409702399069944,1.1,0.3,4.5,0.7416198487095663,0
527,0.7656911838894996,0.0736965937443131,0.06376163935327997,0.01662008676309795,0.0006873381572340596,0.0002838255150335174,100.0,0.0,64.15,2.7617928959282954,1.025,0.10897247358851683,4.25,0.82915619758885,0
528,0.7606603163831858,0.08064718594827586,0.06559560918888827,0.01792525887803875,0.000628115709474991,0.00028714053719780107,100.0,0.0,63.4,2.6343879744638983,1.05,0.21794494717703367,4.15,0.7262919523166976,0
529,0.7539072759634462,0.0845740169053637,0.06674857661358011,0.018134562768804156,0.0006381915319827772,0.0002848244764200433,100.0,0.0,63.9,3.031501278244824,1.0,0.0,4.0,0.5477225575051661,0
530,0.7479145224883804,0.08737752421142715,0.06818767128824883,0.01857913673488308,0.0006059348727538836,0.0002679485100650989,100.0,0.0,63.35,3.5110539728121526,1.1,0.3,4.15,0.5722761571129799,0
531,0.7449291879704165,0.09399789219692681,0.06885499586499143,0.01958440911670859,0.0005931912457618904,0.000282336129750585,100.0,0.0,63.25,3.6314597615834874,1.05,0.21794494717703367,4.85,1.107925990308017,0
532,0.7366950299979981,0.09829273545445652,0.06996250681845048,0.02083040326891682,0.0006132149936351056,0.0002924668703146675,100.0,0.0,63.3,2.5903667693977237,1.075,0.23848480035423641,3.95,0.6689544080129826,0
533,0.7319469733606999,0.10543620274381747,0.07043092899055486,0.022638387287779314,0.0006169947365933849,0.0003125479950804026,100.0,0.0,63.6,2.90516780926679,1.1,0.3,4.1,0.6244997998398398,0
534,0.7193399811252614,0.10824302963800211,0.07168186229527584,0.024085862884825348,0.0006948299757089012,0.0003657987665699685,100.0,0.0,63.25,2.843853020111975,1.075,0.23848480035423641,4.2,0.6782329983125268,0
535,0.7118109148232107,0.11136185731812023,0.07290337148203087,0.024643806498340717,0.0007449973740034003,0.0003306357440610553,100.0,0.0,61.7,2.9512709126747416,1.1,0.3,4.05,0.5894913061275798,0
536,0.7076346505519531,0.10915455525773489,0.07383971256959651,0.023468646083612297,0.0007379045011160813,0.000347265976853701,100.0,0.0,63.25,2.7179955849853767,1.075,0.23848480035423641,4.05,0.5894913061275798,0
537,0.7045950627896279,0.10944797997917027,0.0746904558216051,0.021979967782218172,0.0007657895949132908,0.0003762129464031556,100.0,0.0,63.15,2.779838124783528,1.075,0.23848480035423641,4.0,0.7745966692414834,0
538,0.7029733898344728,0.10681195581216733,0.074906899085684,0.020965180416064808,0.000796503599301961,0.00041634603790996326,100.0,0.0,63.8,2.6381811916545836,1.05,0.21794494717703372,4.0,0.7071067811865476,0
539,0.7007479699255224,0.10734177531630383,0.07523961182642121,0.021269365997194242,0.0008014109383187192,0.0004038061600862513,100.0,0.0,62.6,3.0066592756745814,1.175,0.36314597615834876,4.5,0.806225774829855,0
540,0.6963122548875192,0.10846708685674239,0.07547405795957149,0.0218211975801506,0.0008753024860062382,0.0004428170515347034,100.0,0.0,63.2,3.9319206502675,1.125,0.3112474899497183,4.25,0.698212002188447,0
541,0.698020631070973,0.10203923376514559,0.07486273877842828,0.020750476469285503,0.0009107298864508999,0.00042733202995512334,100.0,0.0,65.15,3.4245437652335533,1.05,0.21794494717703372,4.2,0.6782329983125269,0
542,0.7042266657111753,0.09666524935502371,0.07400078834595036,0.020163822016095477,0.0008806831899041479,0.00042705005296081347,100.0,0.0,64.05,2.8718460961548757,1.05,0.21794494717703372,4.4,0.8,0
543,0.70749957158344,0.09844923787658368,0.07339949405864579,0.020654826566227823,0.0008462697605847415,0.0004422897688965697,100.0,0.0,63.65,3.1666228067138023,1.0,0.0,4.3,0.714142842854285,0
544,0.7158315605449828,0.09635803576166661,0.0720121029100261,0.019585007711801394,0.0008859688192220212,0.00043371493886825785,100.0,0.0,63.65,2.3081377775167584,1.0,0.0,4.3,0.6403124237432849,0
545,0.7233677756471782,0.09352764209205276,0.07091574199062475,0.018978464798181386,0.0008202584631365644,0.00045199072904589504,100.0,0.0,63.5,3.122498999199199,1.05,0.21794494717703372,4.2,0.6782329983125269,0
546,0.7274218008373832,0.08906136425245119,0.07074757205901396,0.017689464095562733,0.0007834058816550237,0.0004491828729966684,100.0,0.0,63.35,2.920188350089768,1.075,0.23848480035423641,4.25,0.82915619758885,0
547,0.7365186772149251,0.08441049065100921,0.06845882794756906,0.017610570451327103,0.0008176988808517036,0.00039930412605355416,100.0,0.0,63.75,3.672533185690771,1.025,0.10897247358851683,4.35,0.5722761571129799,0
548,0.7356080939980624,0.07998339590449943,0.06845271967882935,0.017075965437655743,0.0008241130374232693,0.0003692839701469849,100.0,0.0,64.25,2.5074887836239665,1.025,0.10897247358851683,4.1,0.7681145747868608,0
549,0.7431181095344436,0.08073080084310674,0.06725966102278907,0.01655407516678271,0.0007908378120013283,0.00040914189167596827,100.0,0.0,63.45,2.635811070619441,1.025,0.10897247358851683,4.1,0.5385164807134504,0
550,0.7470011391216234,0.07720912591892974,0.06592926624033979,0.01675290363336435,0.0008236435366164227,0.00036038018686335003,100.0,0.0,63.45,3.694252292413175,1.125,0.3112474899497183,4.05,0.804673846971554,0
551,0.7577964163841998,0.07782319418707401,0.06458013421685994,0.017097578087685368,0.0007299268186148201,0.0002802615181987995,100.0,0.0,64.4,3.307567081708245,1.05,0.21794494717703372,4.15,0.9096702699330127,0
552,0.7623753759542332,0.07464905598470885,0.06318553221788471,0.01676926600406162,0.0007546788428935245,0.0002833234089960927,100.0,0.0,63.05,2.71062723368596,1.0,0.0,4.35,0.5722761571129799,0
553,0.7720567255432969,0.06895612226538012,0.0612282838768662,0.01516727857162999,0.0007777992951538465,0.0003176247364325052,100.0,0.0,63.0,3.8078865529319543,1.1,0.3,4.15,0.5722761571129799,0
554,0.7811778629999901,0.08148754270280022,0.057565356435657175,0.019507205654608645,0.0008217530463374111,0.00034965642111797854,100.0,0.0,63.75,2.7179955849853767,1.0,0.0,4.3,0.714142842854285,0
555,0.7881414814037281,0.0781712690514429,0.05564513579611643,0.01887270496489934,0.0008362977043055931,0.0003135783367469891,100.0,0.0,62.9,2.487971060924946,1.075,0.23848480035423641,4.1,0.43588989435406733,0
556,0.7948701572059813,0.07103026192369805,0.054391950248823394,0.017016420461680504,0.00085138104906711,0.00027922999818606194,100.0,0.0,63.7,3.4799425282610637,1.0,0.0,3.9,0.6244997998398398,0
557,0.798512702123561,0.07259282120383717,0.053804437577865086,0.018928508525144782,0.0008021340908847425,0.0002669721860060408,100.0,0.0,63.0,3.082207001484488,1.075,0.23848480035423641,4.15,0.47696960070847283,0
558,0.8071804895951227,0.07275176488977457,0.05165387901080344,0.018807023191758532,0.0007957491360823472,0.00024109655737568862,100.0,0.0,63.85,3.6915443922564446,1.05,0.21794494717703372,4.35,0.792148975887743,0
559,0.8172173743542215,0.07335325596649607,0.04828839291464772,0.01811695571969213,0.0008581975602591884,0.00023699887075076905,100.0,0.0,62.85,3.4680686267719674,1.2,0.3674234614174767,4.0,0.6324555320336759,0
560,0.8278957458247632,0.06731019139324707,0.045758212618627704,0.016156016641257015,0.0008442106457673384,0.00027392285538684204,100.0,0.0,62.95,3.2935543110748906,1.1,0.3,4.25,0.698212002188447,0
561,0.8363804335560342,0.06580584765585434,0.04287550043858774,0.01629333182534337,0.0008703918048890589,0.00034512884441799597,100.0,0.0,63.2,2.4617067250182343,1.0,0.0,4.6,0.5830951894845301,0
562,0.8479923566260357,0.06020324999131428,0.04036755956708509,0.015556405956322074,0.0008352079762299255,0.000356172217484051,100.0,0.0,64.7,3.8223029707232783,1.0,0.0,4.1,0.7681145747868608,0
563,0.8594301008051186,0.053016352604851415,0.038229653425465325,0.015291852712215726,0.0007685662868978947,0.0003481423851262053,100.0,0.0,63.25,3.1760824926314495,1.05,0.21794494717703372,4.15,0.7921489758877431,0
564,0.866476957122391,0.05367157702049278,0.036044769176640255,0.015524663965285587,0.0007597457036994713,0.0003829620841887625,100.0,0.0,63.15,2.104162541250081,1.05,0.2179449471770337,4.2,0.5099019513592784,0
565,0.8824439027327765,0.043338953267283535,0.03221079863781816,0.013662099122203505,0.0007110502457058846,0.00032139745845094996,100.0,0.0,63.7,2.9171904291629644,1.1,0.3,4.3,0.8426149773176358,0
566,0.8915131331003915,0.03624425747123068,0.02915051363997344,0.011080443380434053,0.0007228489294681977,0.0003208034575409614,100.0,0.0,63.1,3.3600595232822887,1.1,0.3,4.4,0.7999999999999999,0
567,0.8945501392444477,0.03252661146045376,0.027052517985528213,0.010171084945898513,0.0007590997810647318,0.0003035441920043266,100.0,0.0,63.45,3.470950878361721,1.2,0.4,4.25,0.9420721840708386,0
568,0.9010927305512346,0.03315184118186881,0.024811679498989474,0.01027667921034199,0.0007503596633012177,0.00031333037560848676,100.0,0.0,62.5,2.202271554554524,1.0,0.0,4.4,0.8602325267042626,0
569,0.9109326308659828,0.0318332096536211,0.02267455104866949,0.011610730925573878,0.0006653532200086799,0.0003158408542401754,100.0,0.0,62.3,2.685144316419511,1.15,0.3570714214271425,4.15,0.7262919523166975,0
570,0.9156717033186075,0.024156202259920226,0.020414857465767065,0.010604642376425751,0.0006693868015030402,0.0002479700244977897,100.0,0.0,64.05,2.67348087705897,1.0,0.0,4.0,0.6324555320336759,0
571,0.9246053000877661,0.025456408279687374,0.01870178106391215,0.008177642011432116,0.0006246301401389537,0.00023107843930261833,100.0,0.0,63.35,2.937260628544903,1.05,0.21794494717703372,4.35,0.6538348415311012,0
572,0.920619541153186,0.022880979431126415,0.018502782420632295,0.0073168196740562835,0.000679597154917123,0.00022186236065508143,100.0,0.0,63.65,2.7617928959282954,1.05,0.21794494717703372,4.35,0.7262919523166975,0
573,0.9215144196173476,0.022409387887346886,0.018442616055642708,0.007493899977889729,0.0006707891981698424,0.0002276027163683826,100.0,0.0,63.85,3.66435533211505,1.1,0.3,4.1,0.8306623862918076,0
574,0.9240904365582256,0.023251009551124486,0.01841246417088545,0.0075429969942583,0.000642321769232068,0.0002709590517237741,100.0,0.0,63.7,3.579106033634656,1.05,0.21794494717703372,4.45,0.8645808232895291,0
575,0.9213004212889093,0.022992232271901447,0.019359421485520993,0.007087283429695513,0.0006690150542164473,0.0003226824181704115,100.0,0.0,63.2,2.694438717061496,1.05,0.21794494717703372,4.25,0.8874119674649424,0
576,0.9206281236443978,0.023418493238043736,0.020774036818954664,0.0073519171918094905,0.0006281183317535204,0.0002443320590456908,100.0,0.0,63.45,3.866199684444661,1.1,0.3,4.15,0.6538348415311012,0
577,0.9140559236191292,0.026773518882039746,0.021809766390286596,0.008245588691094227,0.0006731515704368749,0.0002800851158711242,100.0,0.0,62.6,1.8547236990991405,1.0,0.0,4.05,0.5894913061275798,0
578,0.9104449402046747,0.02945312153213774,0.02279212236093115,0.009111291115890067,0.0006882513044690505,0.00031229204148657886,100.0,0.0,62.5,2.819574435974337,1.1,0.3,4.4,0.9165151389911681,0
579,0.9073937079665235,0.03150452063096559,0.02234956092334624,0.010027646168640091,0.0007355875896878675,0.0003002305445476917,100.0,0.0,64.2,2.959729717389748,1.0,0.0,3.9,0.6244997998398398,0
580,0.8997897006105653,0.037213869786911956,0.024577339293636435,0.011580128368276207,0.0007528731375409386,0.0003339337898240852,100.0,0.0,63.1,3.4336569426778794,1.05,0.21794494717703367,4.2,0.5099019513592784,0
581,0.8945431485447315,0.04039182892812702,0.027566613758813384,0.013241129718776112,0.0007072519374734119,0.0003180436640087372,100.0,0.0,63.35,2.2643983748448506,1.05,0.2179449471770337,4.1,0.7,0
582,0.8882644009768036,0.04510895145728865,0.02994336393614444,0.013750618031721291,0.0007210156831229208,0.00035912607522930405,100.0,0.0,62.9,2.662705391138869,1.1,0.3,4.3,0.714142842854285,0
583,0.8951375503519492,0.04914129573024715,0.029425299708648815,0.014323429118801816,0.0006346738201561919,0.000349327621809694,100.0,0.0,63.3,2.590366769397724,1.0,0.0,4.1,0.7000000000000001,0
584,0.8872262665297088,0.051810346172837536,0.030528422191354092,0.015554657930352565,0.000680082583791022,0.0003276625142074021,100.0,0.0,63.0,2.0,1.05,0.15,4.3,0.5567764362830021,0
585,0.8838368045090279,0.05368996639909945,0.03179462061312431,0.016360431345127612,0.0006682601439934316,0.0002767247406443556,100.0,0.0,63.55,3.0899029110960754,1.075,0.23848480035423641,4.0,0.6324555320336759,0
586,0.8769818680223235,0.05603442501752266,0.03383317237451601,0.016655432642799478,0.0006881629526141573,0.0002960722580303754,100.0,0.0,64.0,3.286335345030997,1.0,0.0,3.95,0.5894913061275798,0
587,0.8671829626557382,0.06201687752444414,0.03809504174563394,0.01766155038527605,0.0006434515390435621,0.00026549943197789864,100.0,0.0,62.85,3.1188940347501393,1.075,0.23848480035423641,4.3,0.6403124237432849,0
588,0.8596996648082313,0.06050734642021079,0.040115812483401916,0.017537013430556424,0.0006578356050085625,0.00024020917698162677,100.0,0.0,63.5,2.7477263328068173,1.0,0.0,4.15,0.852936105461599,0
589,0.8490596697191805,0.06136832711300512,0.04392068529975791,0.0165929942813169,0.0006331475745770628,0.00022403566582130025,100.0,0.0,63.25,3.6588932752951404,1.025,0.10897247358851683,4.25,0.9420721840708386,0
590,0.838966851351808,0.0633169277238954,0.04699374354245208,0.015734577983425202,0.0006327089550520644,0.00026133171133197527,100.0,0.0,62.55,2.765411361804967,1.075,0.23848480035423641,4.35,0.653834841531101,0
591,0.8245000875261874,0.06268643152134448,0.051085875025465154,0.015375989734604191,0.0006303847889236045,0.0002943998939340919,100.0,0.0,62.65,2.688401011754013,1.175,0.36314597615834876,4.0,0.6324555320336759,0
592,0.8153873068459465,0.05853267089515019,0.05409231162968574,0.014628475364016413,0.0005800399180038455,0.0003227209802684535,100.0,0.0,62.1,3.9862262855989496,1.2,0.4,4.15,0.5722761571129799,0
593,0.8023560117472341,0.06433880609882381,0.05708277765450405,0.015991090490215788,0.0005679255396849985,0.0002814982730845183,100.0,0.0,62.25,3.6038174204584785,1.25,0.4330127018922193,4.3,0.5567764362830021,0
594,0.7891304879180538,0.06558940084442236,0.0601231599494131,0.015568708809112012,0.000573164643042371,0.00032981420405646383,100.0,0.0,63.15,1.930673457630782,1.0,0.0,4.4,0.6633249580710799,0
595,0.7656598493163901,0.0710774727366852,0.06455259131619333,0.015914121327347715,0.0006209028837862731,0.00031327819724225265,100.0,0.0,62.85,2.351063589101749,1.05,0.21794494717703372,4.5,0.6708203932499369,0
596,0.7484271531204196,0.06959849220850386,0.06821472991285046,0.014828208261357115,0.0006081096975474275,0.0003205348983864327,100.0,0.0,64.25,2.5470571253900056,1.0,0.0,4.2,0.6,0
597,0.7350488293935332,0.07400855810642148,0.07054729859908956,0.016161235101247527,0.0006149999671299954,0.0002845609594566069,100.0,0.0,62.65,3.2752862470324633,1.1,0.3,4.25,0.698212002188447,0
598,0.7251645419448841,0.07355668744369707,0.07187944148169685,0.016578985538682662,0.0006630173778810896,0.00020425508994104146,100.0,0.0,63.35,3.118894034750139,1.075,0.23848480035423641,4.35,0.9096702699330126,0
599,0.7099632967355743,0.0761085081413725,0.07425581506900847,0.0166095322092098,0.0007388456456490849,0.000238021822880007,100.0,0.0,64.45,3.0409702399069944,1.075,0.23848480035423641,4.1,0.7000000000000001,0
600,0.6964435405327714,0.06935894850806872,0.0758581177605364,0.015351595787733454,0.0008376471415600299,0.00031791507044018124,100.0,0.0,63.45,2.4387496796514396,1.025,0.10897247358851683,4.05,0.6689544080129826,0
601,0.6928526736982975,0.06277744685178721,0.07549483303597021,0.01599903057432982,0.000901382891014523,0.0004089043036656651,100.0,0.0,63.25,3.2384409829422554,1.05,0.21794494717703372,4.55,0.9205976319760985,0
602,0.6907018277213652,0.061283258998492934,0.07540153394935015,0.016467828264022828,0.0009640542362474118,0.0005443930628635093,100.0,0.0,62.6,3.4263683398023628,1.175,0.36314597615834876,4.35,0.7921489758877431,0
603,0.692537138556816,0.06844413382945501,0.07483916465734877,0.019073614879051206,0.0009771357415160344,0.0005170995011169545,100.0,0.0,64.7,3.4510867853474796,1.1,0.3,3.85,0.47696960070847283,0
604,0.6983284976754571,0.07196865896931932,0.07385230611500401,0.01910517279117735,0.0009359738933704178,0.0005301027690866554,100.0,0.0,63.1,3.845776904605882,1.05,0.21794494717703372,4.25,0.698212002188447,0
605,0.7029816331164083,0.07656469294537172,0.07317400888079012,0.018855775843125533,0.0009470746336454827,0.0004487535720916841,100.0,0.0,64.35,2.725344014982329,1.0,0.0,4.0,0.6324555320336759,0
606,0.7098266492312155,0.0855742670116408,0.07116827965379889,0.02066911305884929,0.0009742176374943062,0.0003742937814977466,100.0,0.0,64.1,2.364318083507378,1.0,0.0,4.2,0.5099019513592784,0
607,0.7164079724581949,0.0947048479136744,0.06995207960873936,0.021320562773311177,0.0009717236722236809,0.00034727901826232794,100.0,0.0,64.45,1.9868316486305526,1.0,0.0,4.05,0.5894913061275798,0
608,0.7125877716622016,0.10096348021594913,0.0710092096409324,0.021684096737261096,0.000942192318333131,0.00035543943604252184,100.0,0.0,62.95,3.1697791721190924,1.175,0.36314597615834876,4.15,0.4769696007084728,0
609,0.7220735283898321,0.1038227582663443,0.06825865794640011,0.021726839726366572,0.0009761991150517265,0.0004537054901314009,100.0,0.0,64.65,3.395217224272992,1.05,0.21794494717703372,4.4,1.1575836902790224,0
610,0.7201440698023592,0.10675077195725584,0.0696084245975272,0.021700402019064962,0.0009389564088380251,0.0005319297770747514,100.0,0.0,62.8,3.171750305430741,1.125,0.3112474899497183,4.25,0.5361902647381804,0
611,0.7217877634959757,0.10004365767480752,0.0677171439928335,0.022382707598274744,0.0009921693298212794,0.0005039127671249552,100.0,0.0,63.1,3.40440890610984,1.1,0.3,4.4,0.7348469228349535,0
612,0.7242321071681945,0.10256938669500663,0.0673390584054201,0.02295260233579373,0.0009904072030794532,0.0005339550132140754,100.0,0.0,63.1,2.964793416074719,1.05,0.21794494717703372,4.4,0.9165151389911679,0
613,0.7298100640721876,0.09994193746532683,0.06653435228473509,0.02229797627163102,0.0009940371152484567,0.000494611414830253,100.0,0.0,64.2,3.009983388658482,1.0,0.0,4.25,0.8874119674649424,0
614,0.7387104745882286,0.09348498837389517,0.06573303482475816,0.020630994760970134,0.0009533301749949507,0.0004379803874522804,100.0,0.0,63.05,3.0736785778607363,1.1,0.3,3.9,0.43588989435406733,0
615,0.7448997313317108,0.07920092653034753,0.06530829577883265,0.018316820017254157,0.0009116386188253377,0.0004215466024481915,100.0,0.0,63.35,2.885740806101615,1.0,0.0,4.35,0.7921489758877431,0
616,0.7486280823226097,0.07992799599580834,0.06520565836831735,0.01716414996998286,0.0009002003026735052,0.0004565078142320008,100.0,0.0,63.5,3.8535697735995385,1.05,0.21794494717703372,4.4,0.5830951894845301,0
617,0.7596387775138492,0.0853152176394224,0.06297496569724917,0.01835088794842681,0.000848371165767505,0.000465642017124337,100.0,0.0,63.1,3.080584360149872,1.05,0.21794494717703367,4.5,0.7416198487095663,0
618,0.7665190856263321,0.08400245068344397,0.0611692033016798,0.018280946182854623,0.000841810883851145,0.0004889333516037846,100.0,0.0,63.25,3.884263121880391,1.125,0.3112474899497183,4.35,0.7262919523166976,0
619,0.7700441035086704,0.08463977388091916,0.060418241484589054,0.018364113016279188,0.0008327378655012608,0.0005369357708525536,100.0,0.0,63.45,2.5975950415721076,1.05,0.21794494717703372,4.25,0.6224949798994366,0
620,0.7748717113482254,0.08643781379947278,0.06001364674646588,0.018576901732507554,0.0007840276816046595,0.0004967045609731718,100.0,0.0,63.05,2.8368115905008566,1.0,0.0,4.1,0.5385164807134504,0
621,0.7739027564914551,0.0888519716895606,0.06009828652252689,0.018823830090969388,0.0007746443792092348,0.0004101129735860622,100.0,0.0,63.45,2.5391927851189244,1.05,0.21794494717703372,4.2,0.5099019513592784,0
622,0.7703810428440426,0.09058964852074579,0.059921434193438775,0.018798311851838768,0.0008519443343766607,0.0003998216745558176,100.0,0.0,63.9,3.8845849199110063,1.2,0.4,3.95,0.49749371855331004,0
623,0.7685713215475573,0.09369955350390537,0.06032844205270961,0.019500118746498117,0.0008372454974132103,0.000413047973232834,100.0,0.0,62.55,2.2688102609076854,1.075,0.23848480035423641,4.4,0.7348469228349535,0
624,0.7723247268236464,0.08868975072633586,0.05955905483725081,0.01814829568432487,0.0008419268943109136,0.0004898221090864909,100.0,0.0,63.7,3.179622619116929,1.1,0.3,4.3,0.5567764362830021,0
625,0.7719158371489284,0.08289377712244685,0.059017859444041164,0.017652478996230354,0.0008842976632412968,0.0004775921291575888,100.0,0.0,63.1,2.7730849247724096,1.1,0.3,4.55,0.8046738469715541,0
626,0.7738144268502897,0.06952694460531418,0.05797933885652453,0.017036240847687144,0.0009145615601279305,0.00044068828396768726,100.0,0.0,63.35,3.070423423568808,1.1,0.3,4.3,0.8426149773176358,0
627,0.7772819300109254,0.06445678275218444,0.0576460464311511,0.015573356073395312,0.0008992832953550455,0.00045606348410226965,100.0,0.0,62.65,2.815581645060217,1.275,0.40233692348577704,4.0,0.5477225575051661,0
628,0.7863102359655335,0.05993743028641747,0.05381698734082328,0.01399700556471972,0.0010155433765965467,0.0005997059101774723,100.0,0.0,63.35,4.210403781111736,1.15,0.3570714214271425,4.35,0.6538348415311012,0
629,0.7875779704441033,0.059098167290923764,0.05363608965971671,0.014860223441923698,0.0009995115466560147,0.0006588687979978818,100.0,0.0,63.8,3.0594117081556704,1.025,0.10897247358851683,3.9,0.7000000000000001,0
630,0.7964907587223333,0.06537483878294709,0.05097747148921098,0.01736952053633516,0.0009818631377346817,0.0007171573038227916,100.0,0.0,62.9,3.0967725134404045,1.025,0.10897247358851683,4.35,0.7921489758877431,0
631,0.8070872096237023,0.06572780146363837,0.048633988338960536,0.01706246610551652,0.0009746514764186795,0.0006874752682501608,100.0,0.0,63.75,2.9643717715563276,1.05,0.15,4.25,0.82915619758885,0
632,0.8202492178115403,0.06559449971860316,0.04655939574682039,0.01469302825679967,0.0009231363520973994,0.0006962593161418949,100.0,0.0,64.0,3.0,1.05,0.21794494717703372,3.95,0.6689544080129826,0
633,0.8242250196628575,0.0608989455180779,0.04560622199236411,0.013316248470625623,0.0009406062687219819,0.0006427403486558897,100.0,0.0,63.95,2.9744747435471695,1.075,0.23848480035423641,4.1,0.9433981132056604,0
634,0.8357449400355881,0.06582091112725133,0.04127369818246478,0.015435670686427056,0.0009527477708288525,0.0007989343526090924,100.0,0.0,62.4,3.039736830714133,1.05,0.21794494717703372,4.25,0.6224949798994366,0
635,0.8428169254342823,0.0645355128668785,0.039510910920032324,0.015873080770212503,0.0009257560756250344,0.000771154508052729,100.0,0.0,62.9,2.896549671592048,1.15,0.32015621187164245,4.25,0.7664854858377946,0
636,0.8460077688532316,0.06456436521215174,0.037936773649111855,0.01619914705884157,0.0009473733379280758,0.0007679301174610629,100.0,0.0,64.65,2.725344014982329,1.0,0.0,4.3,1.0049875621120892,0
637,0.8590541523249412,0.06189343370640543,0.03616933924000608,0.014132724532528531,0.0008634181689491349,0.0006453334703150707,100.0,0.0,60.35,2.903015673398957,1.25,0.4330127018922193,4.45,0.9205976319760985,0
638,0.8654854547569784,0.06115684477010816,0.03469919479734522,0.014663995255344764,0.0008393033657852912,0.000551358959131987,100.0,0.0,62.8,2.5019992006393608,1.1,0.3,4.15,0.7262919523166975,0
639,0.8673768914110189,0.05986892735290931,0.03399933773477729,0.01331684179980872,0.0008500825668942308,0.000573096597500859,100.0,0.0,63.7,3.4073450074801643,1.05,0.21794494717703372,4.15,0.7262919523166976,0
640,0.8732782659993319,0.05973727474949696,0.03148595916027227,0.013609362202490781,0.0008565590990605032,0.0005156458495338934,100.0,0.0,62.9,3.448187929913334,1.0,0.0,4.35,0.6538348415311012,0
641,0.8787228109439704,0.0591112109707064,0.02952685955570824,0.011530855106029813,0.0008986768207010101,0.0006327287672726744,100.0,0.0,63.85,2.197157254271983,1.0,0.0,4.2,0.6782329983125268,0
642,0.8861741424966677,0.05181974027269032,0.027675816240799983,0.011865067219099303,0.0008424137582699776,0.0005054261128000485,100.0,0.0,63.85,3.1507935508376304,1.025,0.10897247358851683,4.05,0.49749371855331,0
643,0.8913847220931311,0.043790193651293045,0.025733138930995703,0.012194246826248664,0.0008215763255303632,0.00039354061003427847,100.0,0.0,64.4,3.352610922848042,1.075,0.23848480035423641,4.4,0.9695359714832659,0
644,0.9009036188370363,0.037730161870144496,0.023969919419704933,0.011448292961594561,0.0007569746996751606,0.0003501853992276701,100.0,0.0,62.4,3.0724582991474434,1.05,0.21794494717703372,4.25,0.5361902647381804,0
645,0.90564585294741,0.03365656169274865,0.022568166954340003,0.009835295299450621,0.0007535864529011774,0.0002920296294968662,100.0,0.0,63.95,2.3553131426627756,1.05,0.21794494717703372,4.3,0.9539392014169457,0
646,0.9094144853892507,0.0349340220097349,0.022564025842643325,0.008531285339421765,0.0007107925028657222,0.00032642628179559987,100.0,0.0,62.45,2.4794152536434875,1.125,0.3112474899497183,4.2,0.6,0
647,0.9084652912371654,0.034786317541298364,0.0225000529810917,0.008132462223858822,0.000737502935203346,0.0003285009944315076,100.0,0.0,64.4,3.3970575502926055,1.025,0.10897247358851683,4.25,0.5361902647381804,0
648,0.9159038332602792,0.030513846554003122,0.019579938279794453,0.008749579470224148,0.0007140423700167843,0.0002943009017528107,100.0,0.0,64.4,2.2891046284519194,1.05,0.21794494717703367,4.05,0.5894913061275798,0
649,0.9232111327524974,0.02291956067598082,0.016670332402605195,0.008618445413131238,0.0006676343459398445,0.0002465437805733919,100.0,0.0,62.95,3.4565155865408737,1.2,0.4,4.0,0.7071067811865476,0
650,0.9250734896599999,0.025803084204680568,0.015383150266630313,0.007856388506785786,0.0006760053499232165,0.0002993087121691204,100.0,0.0,64.65,2.9372606285449034,1.0,0.0,4.3,0.5567764362830022,0
651,0.9244505419197935,0.02525802905778132,0.014950401656678233,0.007162304250103683,0.0007025253704310952,0.0002999144786624721,100.0,0.0,63.7,2.5903667693977237,1.025,0.10897247358851683,4.1,0.6244997998398398,0
652,0.9253197365122874,0.024346392599595645,0.013794567591124324,0.007447095886821924,0.0007116934757025568,0.00031974382870208335,100.0,0.0,63.45,3.5563323804166562,1.075,0.23848480035423641,4.45,0.6689544080129827,0
653,0.9225728068811956,0.025286270100957024,0.014628099291083723,0.007381458306188416,0.0007295801973502679,0.0003282404645028887,100.0,0.0,63.6,3.7067505985701277,1.075,0.23848480035423641,4.3,0.6403124237432849,0
654,0.9262523531476887,0.023805304430943242,0.015648612994235908,0.008451595286911018,0.0006595393319654834,0.0003117117786287565,100.0,0.0,64.35,3.3507461855533016,1.05,0.21794494717703367,4.25,0.7664854858377946,0
655,0.9215818093166781,0.022027403717530473,0.018958977008112787,0.008830093989406651,0.000649872272065428,0.0002928084920473563,100.0,0.0,63.65,3.8376425054973526,1.0,0.0,4.2,0.6,0
656,0.9178698680247983,0.024572457797549754,0.021204232626480794,0.009382374797224544,0.0006452424893466658,0.0002807725516318284,100.0,0.0,63.3,3.018277654557314,1.0,0.0,4.2,0.812403840463596,0
657,0.9128727622546553,0.030699493735658983,0.022673842790745264,0.010490649629940068,0.0006639003017905676,0.0002624234125929893,100.0,0.0,64.15,2.95423424934449,1.025,0.10897247358851683,4.35,0.7262919523166975,0
658,0.910508992414622,0.03223050683064314,0.024700939253958817,0.010397578356226423,0.0006498705855366616,0.00024404257314812266,100.0,0.0,62.85,2.7436289836637897,1.1,0.2549509756796392,4.25,0.6224949798994366,0
659,0.9057345234733966,0.03593108950028843,0.0256655909783286,0.011027951199075622,0.0006637575249802961,0.0002868668423169637,100.0,0.0,63.9,3.5763109484495335,1.15,0.3570714214271425,3.85,0.852936105461599,0
660,0.8958248211918167,0.04006147438929107,0.027805367808001375,0.01169412558020503,0.0007280231485254472,0.00028922999925598466,100.0,0.0,62.5,3.4713109915419564,1.2,0.4,4.05,0.804673846971554,0
661,0.8929137073894273,0.04119410451693785,0.029384534647100058,0.01119773045144792,0.0007225422175829657,0.00030035076244979797,100.0,0.0,61.9,2.808914381037628,1.1,0.3,4.35,0.852936105461599,0
662,0.8893414179639801,0.04290241539755153,0.03218515633970273,0.012723109406945805,0.0006518593004151099,0.0002864916735034079,100.0,0.0,62.25,2.56661255354212,1.0,0.0,4.4,0.9165151389911681,0
663,0.8794401991024419,0.05318490990019657,0.035751433328795885,0.013303777653883027,0.0006400715515846887,0.00033693968327078253,100.0,0.0,64.25,2.9979159427842537,1.1,0.3,4.25,0.82915619758885,0
664,0.8669272853624103,0.050479188291869856,0.03966630275128364,0.013383358576870438,0.0006432311989320609,0.00032436256251786315,100.0,0.0,63.0,2.16794833886788,1.1,0.3,4.0,0.4472135954999579,0
665,0.8564331050136029,0.05703657097922383,0.043090434471415334,0.013620605217315113,0.0006302363289200543,0.00030795485221782223,100.0,0.0,64.05,2.4591665254715873,1.0,0.0,4.05,0.4974937185533099,0
666,0.8440692612829401,0.05771812946056882,0.0461159042171017,0.013643639947815613,0.0006672305671114931,0.0002852297559485982,100.0,0.0,64.0,2.8460498941515415,1.025,0.10897247358851683,4.3,0.714142842854285,0
667,0.8375318136743409,0.054414225314673256,0.04821059040353118,0.01331236291101615,0.0006296251360678445,0.0002893929351524732,100.0,0.0,63.7,3.6619666847201113,1.125,0.3112474899497183,3.95,0.6689544080129826,0
668,0.8243017864527109,0.05763825303101624,0.051749740161188315,0.014300949190814037,0.0006151535457972166,0.0002454643478097029,100.0,0.0,63.85,2.920188350089768,1.0,0.0,4.25,0.9937303457175896,0
669,0.8209267822430798,0.057738607743278075,0.05219701821225762,0.014757497895448878,0.0006007417243013093,0.000228494276392814,100.0,0.0,63.8,2.767670500619609,1.0,0.0,4.45,0.6689544080129827,0
670,0.804241002994661,0.05321654255012255,0.055245597694967764,0.013631553184353157,0.0006660832982271409,0.0002438961226006666,100.0,0.0,62.95,2.9236107812087435,1.05,0.21794494717703372,4.15,0.5722761571129799,0
671,0.798752627197068,0.05401338823735623,0.05692634200223688,0.011293396728988844,0.0006659612605690107,0.0002978699319831292,100.0,0.0,63.0,2.23606797749979,1.0,0.0,4.25,0.6224949798994366,0
672,0.7839810300329555,0.05771061497258529,0.05827393817717077,0.012982239847161696,0.0007768303462981133,0.00036219938518209505,100.0,0.0,62.65,2.903015673398957,1.05,0.15,4.05,0.6689544080129826,0
673,0.7701351744973686,0.04936096518327412,0.060788786667378726,0.011628102079121929,0.0008546677841334349,0.0003967357909178865,100.0,0.0,62.55,3.3981612675092396,1.1,0.3,4.35,0.5722761571129799,0
674,0.7597194738771077,0.05541650560842553,0.061812872720893156,0.012887572439779147,0.000933016451171985,0.00038935634689926435,100.0,0.0,64.05,2.8543825952384165,1.05,0.21794494717703372,4.5,0.7416198487095663,0
675,0.750803718674122,0.058389352520716385,0.0639960496732421,0.013766878418308879,0.0009304917872518713,0.00045119897267355654,100.0,0.0,62.75,2.5074887836239665,1.125,0.3112474899497183,4.5,0.7416198487095663,0
676,0.7505208729595945,0.04936283005459815,0.06378461926807578,0.011717138553086459,0.0009725387293216089,0.0004038807087635445,100.0,0.0,63.15,2.5743931323712,1.0,0.0,4.45,0.7399324293474372,0
677,0.7487433082827403,0.05898482534995893,0.06464264595536204,0.013461734984663503,0.0009425864601571663,0.00043605480421002747,100.0,0.0,63.1,2.773084924772409,1.1,0.2549509756796392,4.15,0.6538348415311009,0
678,0.7551580450035178,0.06042646154439518,0.06259468233369794,0.014644997572851214,0.0009645960955234076,0.0004834693057533514,100.0,0.0,63.1,2.6438608132804573,1.05,0.21794494717703372,4.15,0.7262919523166976,0
679,0.7573965138391547,0.06933850902746079,0.06141794508258593,0.015846175457907008,0.0010027007599535558,0.0005062445083865916,100.0,0.0,62.4,3.5693136595149495,1.15,0.32015621187164245,4.25,0.5361902647381804,0
680,0.7605560562381672,0.06461344461439496,0.06075995078167131,0.01566230428509194,0.0010073153088134656,0.00046739966084067517,100.0,0.0,64.8,3.249615361854384,1.0,0.0,4.15,0.9630680142129111,0
681,0.7559713416223487,0.07213579427080893,0.06167255290175203,0.016656734247281587,0.001036011348458135,0.0004785435374392453,100.0,0.0,63.55,3.2630507198019467,1.05,0.21794494717703372,4.4,0.7348469228349535,0
682,0.7650272323006695,0.07171133649854076,0.05954841629730399,0.017038095298397758,0.0010053450269725142,0.0004495217771782507,100.0,0.0,63.75,3.3893214660164652,1.05,0.21794494717703372,4.45,0.9733961166965893,0
683,0.7698863208232773,0.07250507652795449,0.058013978230947824,0.017437090978076848,0.0010089553408776332,0.0005183081227256962,100.0,0.0,63.7,2.685144316419511,1.0,0.0,4.35,0.7262919523166976,0
684,0.7672333042818015,0.06926614827906692,0.059094592496448384,0.016482467932756033,0.0009816881812076922,0.0005123138468541359,100.0,0.0,64.05,2.836811590500857,1.05,0.2179449471770337,4.15,0.7921489758877431,0
685,0.7596369542362945,0.0641551441090443,0.060596051050150666,0.016873235112152316,0.0009800618735082195,0.0004870993643254615,100.0,0.0,64.4,1.772004514666935,1.0,0.0,4.2,0.5099019513592784,0
686,0.7618258139720937,0.07123479268577759,0.06113313052903548,0.018207604478409953,0.0009080209543493301,0.0004257098279418691,100.0,0.0,64.25,2.930443652418521,1.025,0.10897247358851683,4.05,0.6689544080129826,0
687,0.7632732675935323,0.0768770954293997,0.06191623923340571,0.018335323694501266,0.0008237907127655122,0.00038749303302619185,100.0,0.0,63.4,2.956349099818897,1.0,0.0,4.4,1.0677078252031311,0
688,0.7557471920550064,0.08579944717019355,0.0632910095884413,0.019600452675097333,0.0008596943499025063,0.000430342121374858,100.0,0.0,64.05,3.0409702399069936,1.025,0.10897247358851683,4.05,0.739932429347437,0
689,0.7611398616920714,0.09350769427621414,0.06216806757310234,0.02122528514278361,0.0008011642377993798,0.000351376722111146,100.0,0.0,62.95,3.9303307748839664,1.075,0.23848480035423641,4.35,1.0136567466356647,0
690,0.7621601718634526,0.10173193180057198,0.06252413117366484,0.022532284945055308,0.000746612998018279,0.00026817799583926406,100.0,0.0,63.7,2.72213151776324,1.05,0.21794494717703372,4.1,0.5385164807134504,0
691,0.7640160329643806,0.10969069920411968,0.06172087017957854,0.02387679834992531,0.0007525803615825671,0.0002584774975411693,100.0,0.0,63.2,3.5721142198983498,1.075,0.23848480035423641,4.25,0.9937303457175896,0
692,0.759103778151645,0.11120704443760422,0.062518640045049,0.02334283195358247,0.0007857366538477557,0.00025175269258450147,100.0,0.0,64.2,3.54400902933387,1.1,0.2549509756796392,4.05,0.804673846971554,0
693,0.7607752739256078,0.1133325185480298,0.062368111078396925,0.02227186236110772,0.000795632877073954,0.0003280961550050768,100.0,0.0,64.05,3.3087006513131403,1.05,0.2179449471770337,4.35,0.7921489758877431,0
694,0.7635847470940939,0.11239571022043421,0.06199089863985633,0.021286387664003523,0.000794412005285501,0.00046724462148720324,100.0,0.0,64.05,2.1324868112136124,1.0,0.0,3.9,0.5385164807134504,0
695,0.7597575992742321,0.10441852995411563,0.06236413848350555,0.01941737427466103,0.0008655675925032013,0.0004927431153881611,100.0,0.0,62.75,2.6052830940226053,1.075,0.23848480035423641,4.25,0.5361902647381804,0
696,0.7519722071143888,0.09609174141110226,0.06382324139266955,0.017745841907351925,0.0009234060699281276,0.00048294894346910517,100.0,0.0,62.8,3.3105890714493693,1.15,0.3570714214271425,4.05,0.6689544080129826,0
697,0.7591406511965263,0.0783400529746747,0.061524022799893475,0.014635530074316736,0.00101763023404111,0.0004989252754917337,100.0,0.0,63.55,2.2017038856303994,1.1,0.3,4.15,0.6538348415311012,0
698,0.7769002885368166,0.07585475510342793,0.05826569463808766,0.015205613741427468,0.0009499798786825611,0.0005665146367879668,100.0,0.0,62.95,3.0409702399069936,1.025,0.10897247358851683,4.5,0.8660254037844386,0
699,0.7847419264493827,0.07806010100663634,0.05639686846980548,0.016224689999979915,0.0009446757969610701,0.000593498145184789,100.0,0.0,63.5,3.0903074280724887,1.05,0.21794494717703372,4.0,0.8366600265340756,0
700,0.7925512926064224,0.07823415212287087,0.05383374046619442,0.017422002522667145,0.0009550730185553186,0.0004978245712608419,100.0,0.0,63.05,2.654712790491657,1.05,0.21794494717703372,4.4,0.7348469228349535,0
701,0.7972632861217284,0.07707004715165489,0.051707296275743886,0.01785778334817499,0.0009815219845926676,0.00047278660838959526,100.0,0.0,62.7,3.3331666624997918,1.1,0.3,4.35,0.8529361054615991,0
702,0.8031431349089322,0.07561752739766717,0.04973444453694294,0.018550122786139198,0.0009782410699644018,0.0004556838868609364,100.0,0.0,63.75,3.0639027399707057,1.0,0.0,4.35,1.0136567466356645,0
703,0.8095985670104898,0.07595758903085494,0.04929893209323967,0.01767854223979019,0.0009290133021771695,0.0004130227499316875,100.0,0.0,63.95,2.1788758569500923,1.0,0.0,4.0,0.6324555320336759,0
704,0.8203044389111895,0.07412942068967265,0.046611932080826014,0.018332066345436795,0.0008678481259537168,0.0003412991682054555,100.0,0.0,62.75,2.913331426391443,1.1,0.3,4.45,0.8645808232895291,0
705,0.8276509625521891,0.07598323783875485,0.04563955597807088,0.01887454724011915,0.0008083921368327833,0.00030796620547626134,100.0,0.0,62.75,2.7363296585024255,1.025,0.10897247358851683,4.35,0.5722761571129799,0
706,0.8315584957731952,0.07754934156050344,0.043907920518575526,0.019655419811441626,0.0008238820648550935,0.0003400223501063763,100.0,0.0,62.6,2.764054992217051,1.0,0.0,4.25,0.6224949798994366,0
707,0.8349972296156463,0.07736249851391204,0.04366763465326628,0.01976344967005088,0.000786728411446002,0.00036394931107975323,100.0,0.0,63.25,3.418698582794336,1.1,0.3,4.1,0.6244997998398398,0
708,0.8364137508173813,0.0729575191164437,0.04356135263668155,0.019384054049196353,0.0007720488962913637,0.0003611151296551971,100.0,0.0,63.25,2.5074887836239665,1.1,0.3,4.2,0.6,0
709,0.8393966404349709,0.06840340126981309,0.043141453393272966,0.0189027986446779,0.0007643939764072562,0.00030272471739001023,100.0,0.0,62.65,3.4967842369811724,1.1,0.3,4.1,0.7681145747868608,0
710,0.844412258841729,0.07108616933137195,0.041229255893238614,0.018871472224080914,0.000780734144003773,0.00034677314428595334,100.0,0.0,63.45,2.801338965566288,1.0,0.0,4.2,0.6,0
711,0.8490304235054154,0.07043932059844499,0.04025124979755144,0.018236990053829782,0.0007753085669178078,0.0003601986110639783,100.0,0.0,63.35,3.6093628246547893,1.1,0.3,4.1,0.7000000000000001,0
712,0.8599910920687647,0.06721436092868628,0.0379942968560105,0.017367626743470255,0.0007307641248936567,0.00037370843912915236,100.0,0.0,63.05,2.479415253643488,1.075,0.23848480035423641,4.3,0.8426149773176358,0
713,0.8605311126448323,0.06595427509533554,0.03687523692906488,0.017885554125076593,0.0007599944157168021,0.00030260128918813833,100.0,0.0,62.6,2.870540018881465,1.075,0.23848480035423641,4.25,0.7664854858377946,0
714,0.871108310532265,0.059456942526023696,0.03446944314064218,0.017226468507551933,0.0007164540520283882,0.00032730079437416686,100.0,0.0,64.6,3.7067505985701277,1.05,0.21794494717703372,4.2,0.7483314773547883,0
715,0.8777778701795282,0.05995968594063012,0.032834846439477004,0.01816637221065585,0.0006794934426428094,0.000314471127380386,100.0,0.0,64.1,2.4677925358506134,1.0,0.0,4.2,0.5099019513592784,0
716,0.8840658402332375,0.049542055777434035,0.031909315411446856,0.015663281478837887,0.0006700932250791544,0.00022330123242504841,100.0,0.0,63.9,2.364318083507378,1.025,0.10897247358851683,4.1,0.6244997998398398,0
717,0.8846304700525577,0.04384737898907237,0.0306655782175287,0.01568155466925556,0.000703118385319351,0.00024599579851885617,100.0,0.0,62.75,2.913331426391443,1.05,0.21794494717703372,4.15,0.8529361054615991,0
718,0.8870195985437856,0.047254161944675896,0.03018942942249394,0.015240025914195253,0.0007182862335870831,0.00025807535088696247,100.0,0.0,63.45,2.3553131426627756,1.05,0.21794494717703372,3.9,0.7681145747868608,0
719,0.8925936230399086,0.044531425509517414,0.02880211231188607,0.015468948625763132,0.0006782328622069115,0.00021938340099073372,100.0,0.0,63.25,3.404041715373065,1.075,0.23848480035423641,4.2,0.5099019513592784,0
720,0.8931860670443104,0.03528606013526799,0.027717526759147886,0.013270452493059729,0.0007308294843923326,0.00019072125302662787,100.0,0.0,63.55,1.8020821290940099,1.0,0.0,4.25,0.5361902647381804,0
721,0.9031452567157512,0.03592125300206992,0.025080163307219905,0.0137211546563766,0.0006615751622990333,0.00015708997301524088,100.0,0.0,63.55,2.1788758569500923,1.025,0.10897247358851683,4.4,0.58309518948453,0
722,0.9052596057950522,0.03674683468491224,0.02376602711219597,0.01285261877350061,0.0006851269679956916,0.0001568789038660477,100.0,0.0,63.2,3.0757112998459397,1.05,0.21794494717703372,4.3,0.6403124237432849,0
723,0.9112494607389742,0.03238834752752948,0.020902029664522915,0.011978889987633863,0.000688350636044821,0.0001858665123690552,100.0,0.0,63.6,2.615339366124404,1.05,0.21794494717703372,4.35,0.7921489758877431,0
724,0.9105346706785337,0.03236538379916752,0.01984633088510446,0.012472888756441376,0.000722937111618375,0.00021387775440318447,100.0,0.0,63.7,2.3895606290697042,1.1,0.3,4.2,0.9797958971132712,0
725,0.913327031504515,0.02783822489665942,0.01998537955147799,0.011489765385037482,0.0006932415036090622,0.000162375010103702,100.0,0.0,63.3,3.0675723300355937,1.075,0.23848480035423641,4.4,0.8602325267042626,0
726,0.9156426011519541,0.026711327924164988,0.021023220455744097,0.012024250064320707,0.0006366005243835038,0.00017218819392036375,100.0,0.0,62.75,3.191786333700926,1.2,0.3674234614174767,4.05,0.6689544080129826,0
727,0.9146186001940368,0.02690619525999921,0.020836898986163286,0.011167836146017386,0.0006512386489174319,0.00019660544836801717,100.0,0.0,62.6,2.8530685235374214,1.025,0.10897247358851683,4.05,0.739932429347437,0
728,0.9121781769013045,0.03103832547478832,0.022319254959818895,0.011936313113276595,0.0006477111049359117,0.00020957328771937915,100.0,0.0,62.95,3.3537292675468007,1.075,0.23848480035423641,4.25,0.5361902647381804,0
729,0.9091432815348819,0.03297428234173702,0.02378668255809608,0.011735023389140556,0.0006599678821431857,0.0002134806985068855,100.0,0.0,63.15,2.6509432283623124,1.075,0.23848480035423641,4.45,0.8046738469715541,0
730,0.9096176770547487,0.03580959100200636,0.02620508963597029,0.011412651652582099,0.0005888472743704599,0.00022229967725700234,100.0,0.0,63.3,2.8478061731796287,1.075,0.23848480035423641,4.3,0.9539392014169457,0
731,0.9043943203134258,0.03935331161130027,0.028168166806705745,0.012769256955860989,0.0005847952530913922,0.00024101021839167662,100.0,0.0,63.45,2.9406631905065233,1.0,0.0,4.1,0.7681145747868608,0
732,0.8954610220389384,0.04298641510744225,0.03142885964630697,0.011996415325819026,0.0006274182042624913,0.0002461365683993811,100.0,0.0,63.55,3.0736785778607367,1.05,0.21794494717703372,4.05,0.6689544080129826,0
733,0.888566822623399,0.04205450812696114,0.032629256700523926,0.013155771245108895,0.0006532038279057077,0.000312573673690175,100.0,0.0,62.85,4.80910594601533,1.1,0.3,4.4,0.66332495807108,0
734,0.8789650279236099,0.046435528076622976,0.033569243956398744,0.015464651815923623,0.0006874788350566378,0.00026179548769998716,100.0,0.0,62.95,3.3686050525402944,1.0,0.0,4.35,0.7262919523166975,0
735,0.868003526708873,0.04895318352052663,0.036722908994246836,0.014687141784951445,0.0007297197322200144,0.0002996812965502148,100.0,0.0,62.15,2.4753787588973126,1.225,0.40233692348577704,4.2,0.6782329983125269,0
736,0.8613408878463222,0.04566765241514586,0.039166080747107423,0.015018057550214504,0.0006974713163042242,0.00026053758833967134,100.0,0.0,64.1,2.844292530665578,1.0,0.0,3.85,0.47696960070847283,0
737,0.8546380840373098,0.0430406857224446,0.04166508920471189,0.014824837171031915,0.0006842614634932097,0.00030046574394024196,100.0,0.0,63.7,3.1480152477394387,1.025,0.10897247358851683,4.5,0.806225774829855,0
738,0.8414709462060175,0.04569984523489006,0.04462405815659144,0.015523253891271039,0.0007119523659278196,0.00024560496807467095,100.0,0.0,63.65,3.1666228067138023,1.0,0.0,4.15,0.653834841531101,0
739,0.8292817100812391,0.05154750876794494,0.04752455000649335,0.015330524495262239,0.0007546576954076411,0.0002534558363227799,100.0,0.0,63.9,3.345145736735546,1.05,0.21794494717703372,4.15,0.9096702699330127,0
740,0.8289471418043259,0.05716060864821916,0.04859133779971504,0.014692401811956302,0.0007114504764796315,0.00023475389526756384,100.0,0.0,64.4,2.8178005607210737,1.0,0.0,4.25,0.5361902647381804,0
741,0.8253820298841074,0.05254551787486072,0.04919585886449755,0.013446355008741823,0.0007328417423572494,0.00021180852949837116,100.0,0.0,63.6,3.8131351929875237,1.05,0.21794494717703372,4.55,0.7399324293474372,0
742,0.8132532275923852,0.053794829022008384,0.05123430020071754,0.014583819134509585,0.0007887336600984729,0.00025813361292579927,100.0,0.0,63.05,1.9868316486305526,1.075,0.23848480035423641,4.45,0.5894913061275798,0
743,0.8079855601788765,0.0537040039514193,0.052968774954334386,0.013245445128253524,0.0007923160313667562,0.00020455706826380806,100.0,0.0,64.8,2.803569153775237,1.0,0.0,4.3,0.9,0
744,0.7954608116455517,0.05102018108555974,0.05515914885957016,0.01224048875883356,0.0008505499678250128,0.0002594353025117569,100.0,0.0,62.95,2.6358110706194404,1.075,0.23848480035423641,4.3,0.714142842854285,0
745,0.7856342156932486,0.049092600653285974,0.05705254190130071,0.011560807564897024,0.0008853553716704829,0.0002631056618303088,100.0,0.0,63.75,3.0475399915341552,1.1,0.3,4.15,0.7262919523166975,0
746,0.7841358724544645,0.04864327035912601,0.05632876775309522,0.011383480544947533,0.0009500600127697231,0.0003381526229555291,100.0,0.0,63.4,2.4979991993593593,1.0,0.0,4.2,0.39999999999999997,0
747,0.7820210878705774,0.04984117584947481,0.05697463091656779,0.011854434834601055,0.0009433172266019894,0.0003600270599374613,100.0,0.0,62.6,3.4698703145794947,1.0,0.0,4.65,0.9096702699330126,0
748,0.782868426310227,0.056717141663707234,0.057582578826870776,0.012604483117724294,0.0008854010536751319,0.0004246404415187025,100.0,0.0,62.35,3.1507935508376295,1.125,0.3112474899497183,4.45,0.7399324293474372,0
749,0.774536999396307,0.0641277817691606,0.058324718059808836,0.01433930703040742,0.0009501652994763053,0.0004434329434419447,100.0,0.0,64.25,2.5074887836239665,1.0,0.0,4.25,0.5361902647381804,0
750,0.7749233354345869,0.06644090144008287,0.05844786125122562,0.01453043666234511,0.0009357161061399402,0.0005212238064735948,100.0,0.0,63.55,3.5422450508117027,1.125,0.3112474899497183,4.25,0.6224949798994366,0
751,0.7739392882045767,0.06689328459005067,0.05888506236341727,0.01494077276205174,0.0009069369351346772,0.0005100855514310683,100.0,0.0,64.8,3.1240998703626612,1.05,0.21794494717703372,3.95,0.6689544080129827,0
752,0.7672656510466598,0.06890452479323267,0.060558503018624296,0.015460800305765618,0.000904743530144985,0.00048557816128040523,100.0,0.0,64.55,2.7834331319433563,1.0,0.0,4.2,0.5099019513592784,0
753,0.7640925591950974,0.07224697101452845,0.06134196349590609,0.016714954728141523,0.0008926836083555416,0.0003980570616513431,100.0,0.0,62.7,3.0838287890218554,1.125,0.3112474899497183,4.0,0.7071067811865476,0
754,0.7579006052382774,0.07730320140179707,0.06282628516697245,0.017208789474367183,0.0008737893497591442,0.0003591119599625821,100.0,0.0,63.2,3.6687872655688283,1.175,0.36314597615834876,4.4,1.0198039027185568,0
755,0.761558958431565,0.07795721258169637,0.06134019360487262,0.01864715278464754,0.0008876010921034582,0.0004267683390976044,100.0,0.0,63.4,3.1048349392520045,1.0,0.0,4.3,0.6403124237432849,0
756,0.757969089795338,0.07951002022290082,0.061788412780243954,0.019236370628525856,0.0009027737728857883,0.0004504236773551088,100.0,0.0,63.0,2.8809720581775866,1.0,0.0,4.6,0.8602325267042626,0
757,0.7486899357500758,0.07576119492438932,0.06484313530101961,0.01727114141712537,0.0008653925583515822,0.00035394143660892727,100.0,0.0,63.85,2.7977669667075564,1.125,0.3112474899497183,4.0,0.7745966692414834,0
758,0.7374194509601997,0.07375460387239711,0.06691815830431218,0.01674936396132206,0.0009165049112061215,0.00027084789313657506,100.0,0.0,63.15,3.1348843678834477,1.15,0.32015621187164245,4.0,0.6324555320336759,0
759,0.7368908363819119,0.0802760629851535,0.0680555624383987,0.017545143157623583,0.0008269710805004404,0.0003041802526166769,100.0,0.0,64.05,2.5194245374688244,1.05,0.21794494717703367,4.2,1.0770329614269007,0
760,0.7395049191231119,0.082272098453914,0.06791181199248146,0.017313442695360438,0.000798341724721426,0.0003135095729870361,100.0,0.0,63.55,3.089902911096076,1.075,0.23848480035423641,4.3,0.714142842854285,0
761,0.7443969827281244,0.08291513333523115,0.06594293485650175,0.017300203933578052,0.0008893511178041421,0.0004367735759302293,100.0,0.0,62.05,4.684815898197067,1.175,0.36314597615834876,4.1,0.6244997998398398,0
762,0.7465511647302707,0.08489667381456903,0.06494748381793336,0.018179690445039393,0.0009242220811849363,0.0003839975440642132,100.0,0.0,62.25,3.7399866309921483,1.15,0.3570714214271425,4.1,0.8306623862918074,0
763,0.7522326226962172,0.08588079270026538,0.06317903400140815,0.018730388389888705,0.000943584617353401,0.0004075784709756094,100.0,0.0,63.75,3.476708213238494,1.15,0.3570714214271425,4.1,0.6244997998398398,0
764,0.7573616071086497,0.08428694301098857,0.0619012026158426,0.018772402878353203,0.00094983977071638,0.00039915648645483633,100.0,0.0,63.05,2.1788758569500923,1.0,0.0,4.0,0.4472135954999579,0
765,0.7681945501803896,0.0886363826565221,0.060117216221762027,0.01926821187841921,0.0008990605125693678,0.0003898097657966662,100.0,0.0,63.7,2.5709920264364885,1.0,0.0,4.05,0.5894913061275798,0
766,0.7792145152903701,0.0861014658730131,0.059048349043604134,0.018810450144577807,0.000825189078352067,0.00034861139282617494,100.0,0.0,63.55,2.3973944189473704,1.125,0.3112474899497183,4.15,0.5722761571129799,0
767,0.7797849680857526,0.08340817055020149,0.05919676863739896,0.01824769699718448,0.0008125765768659361,0.00039183224321236865,100.0,0.0,63.6,3.3376638536557275,1.1,0.3,4.25,0.698212002188447,0
768,0.7823321776051928,0.08244259223623013,0.05878378431522511,0.018364897251139312,0.0008003620138135251,0.0004548157175995398,100.0,0.0,63.2,2.249444375840399,1.0,0.0,4.2,0.812403840463596,0
769,0.7955656196816399,0.08461137338979954,0.05708606136033149,0.01829580441739289,0.0006913382391206715,0.00038388684883411053,100.0,0.0,63.55,2.4387496796514396,1.0,0.0,4.4,0.7999999999999999,0
770,0.7924565908007069,0.08344283157924673,0.057747109693690735,0.01889747441099163,0.0006815963117372804,0.0004128593982099479,100.0,0.0,63.55,3.4128433893163046,1.0,0.0,4.45,0.9205976319760985,0
771,0.7895696488075418,0.07899856813217172,0.0582240617400299,0.018180193873716152,0.0006743676450735294,0.00041355269733531967,100.0,0.0,64.1,3.6728735344413916,1.075,0.23848480035423641,4.3,0.8426149773176358,0
772,0.7873818276087658,0.07767525789494753,0.05808440221292295,0.018235680662194526,0.000718224075631474,0.0005316666554417703,100.0,0.0,64.55,3.2011716605018234,1.075,0.23848480035423641,4.15,0.7921489758877431,0
773,0.7892388340747228,0.07109794993413043,0.05746019088319769,0.018457626244935264,0.0007028355446543446,0.00041649114339109794,100.0,0.0,63.4,3.903844259188627,1.1,0.3,4.3,0.7810249675906654,0
774,0.7878822588846665,0.06894470611746681,0.057819104418550704,0.019525164491089625,0.0006840262079230609,0.0003548114285978957,100.0,0.0,64.1,3.080584360149872,1.0,0.0,4.05,0.6689544080129826,0
775,0.7896818757094084,0.07432988419731013,0.05777488014548519,0.018952609979941245,0.0006870378371354268,0.0003304072090302152,100.0,0.0,63.5,2.7838821814150108,1.0,0.0,4.1,0.6244997998398398,0
776,0.7911277910364686,0.07611827561386234,0.05617015583548257,0.019066549918149545,0.000747917780378972,0.00036846765364442405,100.0,0.0,63.0,2.345207879911715,1.0,0.0,4.05,0.6689544080129826,0
777,0.7916440078150979,0.07563792612832654,0.055308781667758745,0.019376610089230858,0.0008096414334322184,0.00034899994499630144,100.0,0.0,62.6,3.1208973068654475,1.15,0.3570714214271425,4.6,0.7348469228349535,0
778,0.8049740515031022,0.07447027435885135,0.05176384999064078,0.019185008839048178,0.0008175828664025537,0.0004014988874962128,100.0,0.0,62.45,2.7654113618049667,1.125,0.3112474899497183,4.1,0.6244997998398398,0
779,0.8189204563720324,0.07591938326888599,0.04714390220386326,0.020592264596488285,0.0008237743961944603,0.00032544045321396183,100.0,0.0,64.25,2.342541355024496,1.05,0.21794494717703372,4.1,0.7681145747868608,0
780,0.8236877037853507,0.07526536598527508,0.04682452600677216,0.020445809949113162,0.0007706053794632714,0.00030254975914881965,100.0,0.0,63.65,3.424543765233553,1.1,0.3,4.2,0.6,0
781,0.8256105067722709,0.0718247133360607,0.04609331457002048,0.019656856527146004,0.0008088717686234013,0.00027152856680359635,100.0,0.0,63.6,3.1685959035509725,1.05,0.21794494717703372,4.1,0.7000000000000001,0
782,0.8296559131599466,0.07151146660561564,0.04534260656500136,0.020052512594421194,0.000767582452789831,0.00030791569363782103,100.0,0.0,63.1,2.6057628441590768,1.0,0.0,4.4,0.66332495807108,0
783,0.8412542946142777,0.06953488442565747,0.042378248470712615,0.019025766344621373,0.0007735453335158418,0.00028020909851785085,100.0,0.0,63.3,3.4655446902326914,1.1,0.3,4.1,0.5385164807134504,0
784,0.8508603426599031,0.06954894708979532,0.040779737464871554,0.017286973330581018,0.0007628470235895787,0.0003179548374618215,100.0,0.0,64.4,2.956349099818896,1.025,0.10897247358851683,3.95,0.6689544080129826,0
785,0.8522453540882868,0.0666260420405768,0.04066592072579805,0.016808550851037676,0.0007664595709395638,0.00031638795282109216,100.0,0.0,64.3,2.3473389188611007,1.0,0.0,4.15,0.6538348415311012,0
786,0.8644344504799927,0.06319942348321571,0.03779685668117734,0.01635810494838511,0.0007054165119213465,0.0003478786928996513,100.0,0.0,62.65,3.1666228067138023,1.025,0.10897247358851683,4.4,0.6633249580710799,0
787,0.8681163581325834,0.06634489600454402,0.036905566560649396,0.016566643488525504,0.0006993359977536159,0.0003464434849387047,100.0,0.0,63.95,2.0365411854416298,1.0,0.0,4.05,0.3840572873934304,0
788,0.8701166631060552,0.06442786837622347,0.03687237898713824,0.016465919975826845,0.000682310242742367,0.0002748385684937983,100.0,0.0,64.6,2.4779023386727737,1.0,0.0,4.1,0.7,0
789,0.8819144291223167,0.05825589100156351,0.03417510082639171,0.016460321805314728,0.0006169621653797934,0.0002786240919459857,100.0,0.0,63.95,2.9236107812087435,1.025,0.10897247358851683,4.0,0.6324555320336759,0
790,0.8810507619649043,0.0632391031661804,0.031767723591267914,0.01668663957507026,0.0007104968438055585,0.0003978029945892272,100.0,0.0,64.35,3.118894034750139,1.075,0.23848480035423641,4.1,0.7681145747868608,0
791,0.8894500043989979,0.05346603141883856,0.029508766381195612,0.014627405631463312,0.0007005058269986042,0.0003536052242017109,100.0,0.0,62.95,2.7472713735632306,1.0,0.0,4.25,0.82915619758885,0
792,0.8934177862154536,0.04611578234813295,0.02733852826175124,0.014540175779193552,0.0007237322640800888,0.00034131853317254313,100.0,0.0,62.45,2.923610781208744,1.175,0.36314597615834876,4.35,0.9630680142129111,0
793,0.8935520061932495,0.04232396994077431,0.026324469609105228,0.014169884364548878,0.0007630014808913951,0.0003998463659220552,100.0,0.0,62.35,2.8857408061016154,1.15,0.3570714214271425,4.2,0.6782329983125269,0
794,0.8986826961992573,0.0384034005629326,0.02436601338016085,0.014085106271014737,0.0007357348395614201,0.00033953958260608596,100.0,0.0,64.6,3.4698703145794942,1.15,0.3570714214271425,4.15,0.653834841531101,0
795,0.8987389980297337,0.033075498406525655,0.022686922392901557,0.011590788498886057,0.0008150833698574473,0.0003278255071832084,100.0,0.0,63.65,2.669737814842499,1.05,0.21794494717703372,4.3,0.5567764362830021,0
796,0.9042436325226332,0.032126287987350705,0.019765555585525715,0.010934169122178023,0.0008245671740867638,0.00035766928744273186,100.0,0.0,64.15,4.304358256465184,1.1,0.3,4.2,0.6782329983125268,0
797,0.9101825004693422,0.03151707191584299,0.019585430675842674,0.01101314225080005,0.0007598218091475065,0.0003293786718661008,100.0,0.0,63.05,3.1855140872392953,1.1,0.3,4.55,0.8645808232895291,0
798,0.9193931338177934,0.032738775169235415,0.018082742817890553,0.010583829307309356,0.0006720449162054126,0.000291742476179356,100.0,0.0,62.4,3.184336665618132,1.05,0.21794494717703372,4.75,0.7664854858377946,0
799,0.9199216562810604,0.033699911572625155,0.01618355620660745,0.01076092043822104,0.0006961015630574145,0.00031532843508030504,100.0,0.0,62.5,2.9410882339705484,1.05,0.21794494717703372,4.45,0.6689544080129827,0
800,0.9179766521099465,0.03058334741278855,0.016846185518971827,0.010589246631372595,0.0007103002859309839,0.00031357288541581816,100.0,0.0,63.5,2.9916550603303182,1.025,0.10897247358851683,4.4,0.4898979485566356,0
801,0.9229787865623409,0.030549449218144783,0.018087960486350994,0.009732494817716169,0.0006329510978584085,0.000272844387037993,100.0,0.0,63.05,2.4591665254715873,1.05,0.21794494717703372,4.15,0.6538348415311012,0
802,0.9215048995407068,0.027228034726697325,0.019898886833869703,0.00954257259884691,0.0006133050764998519,0.00023446973303572845,100.0,0.0,63.7,2.9342801502242426,1.1,0.3,4.1,0.8306623862918076,0
803,0.9193650382303165,0.028195140422300605,0.020947069667222196,0.009156241061343483,0.0006227881731561524,0.00024153227929973325,100.0,0.0,63.45,3.2935543110748915,1.075,0.17853571071357124,4.15,0.5722761571129799,0
804,0.9166807721902549,0.02910266514294527,0.022047222775401595,0.010377209776831913,0.0006282393958839385,0.000252185590426653,100.0,0.0,63.65,3.395217224272992,1.125,0.3112474899497183,3.8,0.5099019513592784,0
805,0.9143913810258256,0.03313761681379918,0.02346819239536647,0.011305826054699998,0.0006145812533658003,0.000249921673673516,100.0,0.0,62.9,3.3000000000000003,1.075,0.23848480035423641,4.45,1.0712142642814275,0
806,0.9046222440186309,0.04047421920229246,0.025284350825810875,0.013441607465284994,0.0006830077134641268,0.00026127876824327606,100.0,0.0,64.05,3.278337993557101,1.05,0.21794494717703372,4.0,0.6324555320336759,0
807,0.905123982617482,0.039871890378259195,0.026395705467324608,0.013000660110412642,0.0006371162803056322,0.0002438928237666439,100.0,0.0,63.75,2.8262165522125158,1.0,0.0,4.4,0.6633249580710799,0
808,0.89886544152521,0.04267096434728535,0.028870437059540614,0.013570633242597366,0.0006256305859864294,0.0002469220314907338,100.0,0.0,63.4,2.4372115213907883,1.05,0.21794494717703372,4.15,0.7262919523166976,0
809,0.8915736332463793,0.04391721458938929,0.03164631794057445,0.01439704227203033,0.0006096963382024121,0.00023040258424656017,100.0,0.0,63.7,3.407345007480164,1.0,0.0,4.35,0.5722761571129799,0
810,0.885829165875229,0.05211386963413768,0.03370093681844679,0.014877913178994989,0.0006085046422231366,0.0002747753674416486,100.0,0.0,63.65,2.868361901852693,1.05,0.21794494717703372,4.25,0.8874119674649424,0
811,0.878580101140251,0.051025042972983256,0.036868264696420114,0.01445171320569253,0.0005975974746081771,0.000268752875899629,100.0,0.0,62.8,2.8913664589601917,1.0,0.0,4.25,0.7664854858377946,0
812,0.863526119423585,0.055512684224654565,0.04047230011123896,0.015185317397666159,0.0006220733209993857,0.00027593726739569356,100.0,0.0,64.4,3.6110940170535573,1.05,0.2179449471770337,4.15,0.8529361054615991,0
813,0.8561385994465656,0.06845691310373625,0.0422318426611364,0.017085187584822255,0.0006141051093425958,0.00031887078739097096,100.0,0.0,63.25,2.662235902394827,1.0,0.0,4.3,0.9539392014169457,0
814,0.843180296701305,0.06813887035132984,0.045504173393531785,0.017764156379686338,0.0006141158600742298,0.00029680418609801364,100.0,0.0,63.05,3.3537292675468007,1.05,0.21794494717703372,4.3,0.714142842854285,0
815,0.8285100596382818,0.06824764681612812,0.048094529452569,0.017422087252352905,0.0007026682950617974,0.0002849709441377411,100.0,0.0,63.85,2.8857408061016154,1.0,0.0,4.15,0.7921489758877431,0
816,0.8265976588189273,0.06615037134533036,0.049769764581482565,0.015254910646425928,0.0006685766062043083,0.000285526434558894,100.0,0.0,64.75,2.5074887836239665,1.075,0.17853571071357124,3.95,0.5894913061275798,0
817,0.8180186175678612,0.06688803441043122,0.05212010892001826,0.015632634609014096,0.0006516498912417354,0.00027319437863641767,100.0,0.0,64.05,3.7745860700214533,1.125,0.3112474899497183,4.05,0.5894913061275798,0
818,0.8056941548264822,0.07376442495437614,0.054567201686779934,0.017358329912593215,0.0006758416990327239,0.0003208525037301278,100.0,0.0,63.35,2.4550967394381837,1.0,0.0,3.95,0.49749371855331,0
819,0.7892608546197181,0.0756350996883999,0.05675506820638008,0.01706997376073805,0.0007864400330392504,0.0003973431093310765,100.0,0.0,62.25,2.913331426391443,1.05,0.21794494717703372,4.5,1.02469507659596,0
820,0.7814096458813384,0.07894653936213335,0.057341304798417855,0.01766910431767621,0.0008325401641394302,0.0004459563522914593,100.0,0.0,64.3,3.4365680554879163,1.05,0.21794494717703372,4.1,0.6244997998398398,0
821,0.7743287934179215,0.07925867506666276,0.05903303307508858,0.0165688528898138,0.0008533448258835087,0.0004284500521723022,100.0,0.0,62.65,3.08666486681013,1.05,0.21794494717703372,4.25,0.6224949798994366,0
822,0.760028609500668,0.08060267317659371,0.061896689761868684,0.01573529464425707,0.000905084530293386,0.00043541731448384273,100.0,0.0,63.7,2.703701166919155,1.15,0.32015621187164245,4.2,0.6782329983125268,0
823,0.7558674975343243,0.08411808648488704,0.0620321352154513,0.017572336163478704,0.0009472910024553724,0.00040588299107228683,100.0,0.0,63.05,3.3387872049593095,1.2,0.4,3.95,0.5894913061275798,0
824,0.7455560320936925,0.08743031667493885,0.06400796369696884,0.0190365204799578,0.0009571860205492254,0.00043119258201760414,100.0,0.0,62.7,3.287856444554719,1.05,0.21794494717703372,4.25,0.698212002188447,0
825,0.752562451293172,0.09911714985658557,0.06315216001446743,0.02113722747993313,0.0008736835435924746,0.0003734765618855603,100.0,0.0,62.65,3.439113257803529,1.2,0.4,4.25,0.698212002188447,0
826,0.7447201270515066,0.10699252473101352,0.06521648771419405,0.02234638284622213,0.0008488473907674575,0.00040816062509845354,100.0,0.0,63.05,4.153010955921017,1.15,0.3570714214271425,4.2,0.812403840463596,0
827,0.740641749719499,0.1092328128551886,0.06632540061465075,0.022713303239326143,0.0008457370100765143,0.00042218215847633357,100.0,0.0,63.8,2.1354156504062622,1.025,0.10897247358851683,4.35,0.6538348415311012,0
828,0.7383624164942436,0.09853255569283743,0.0667922725399815,0.0201673027871481,0.0008707220417153036,0.00038947973297863734,100.0,0.0,63.15,3.08666486681013,1.025,0.10897247358851683,4.0,0.6324555320336759,0
829,0.7408328695715045,0.09560424344033581,0.0660192197896353,0.019555036488202324,0.000881360273649745,0.0004285202042107407,100.0,0.0,63.2,3.5721142198983498,1.15,0.3570714214271425,4.4,0.6633249580710799,0
830,0.7448168526798306,0.09520766577829376,0.065066318254231,0.019801203580119515,0.0008872913213280001,0.0004572424025655099,100.0,0.0,62.6,2.8530685235374214,1.1,0.3,4.3,0.7810249675906654,0
831,0.7416630365069733,0.09177949835169555,0.06503380169354732,0.019088752424321478,0.000943213126329645,0.0004864379952944588,100.0,0.0,63.6,2.973213749463701,1.025,0.10897247358851683,4.5,0.9219544457292888,0
832,0.7423731599523842,0.0930587108167697,0.0647057971108835,0.02036941542030404,0.0009433554265743996,0.0004876831180889913,100.0,0.0,62.9,2.5865034312755126,1.05,0.21794494717703372,4.45,0.7399324293474372,0
833,0.7395539383211788,0.09362125347130186,0.06567096485651874,0.02094938669398202,0.0009270603305512913,0.0005173664456176408,100.0,0.0,63.1,2.4677925358506134,1.0,0.0,4.4,0.7999999999999999,0
834,0.7460285693630812,0.0943835283220581,0.06450294035871057,0.021086765176206286,0.0009027153894499579,0.00041817602591598065,100.0,0.0,63.55,3.4128433893163046,1.075,0.23848480035423641,3.95,0.6689544080129827,0
835,0.747536962921675,0.09573852077215082,0.06461841857623321,0.021399445935426524,0.0008583827712059195,0.0004308776774585787,100.0,0.0,64.5,3.263433774416144,1.05,0.21794494717703372,4.3,0.714142842854285,0
836,0.7576158855271509,0.09483132224068826,0.06257726311057636,0.021198690227153975,0.0008358082586010544,0.00036528574313411866,100.0,0.0,63.25,3.222964473896664,1.0,0.0,4.25,0.6224949798994366,0
837,0.7561646566453314,0.10329287739545262,0.06306900883269759,0.022532336846975667,0.0007956115420661703,0.00031750386446317104,100.0,0.0,63.1,2.0712315177207983,1.125,0.3112474899497183,4.15,0.7262919523166975,0
838,0.7510992731751556,0.11156820324189635,0.06442569453356842,0.023514158799605996,0.0007656216729707355,0.000372415271328595,100.0,0.0,63.25,2.9811910371527683,1.05,0.21794494717703372,4.15,0.5722761571129799,0
839,0.7519254456241445,0.11823936288028128,0.06430374645798025,0.024123414910714527,0.000756752975946456,0.00039039546485441134,100.0,0.0,62.25,2.6433879775772606,1.1,0.3,4.35,0.7262919523166975,0
840,0.7479055886864284,0.11477804228162977,0.06356610089896012,0.022637557864566917,0.0009031645296584401,0.0004880221240089357,100.0,0.0,63.5,2.224859546128699,1.05,0.21794494717703372,4.35,0.5722761571129799,0
841,0.7407431678886621,0.11472716859842262,0.06499261730165584,0.02252134899045816,0.0009233189116938505,0.0004876599157666736,100.0,0.0,62.5,2.224859546128699,1.05,0.21794494717703367,4.3,0.714142842854285,0
842,0.7376216569032621,0.1136678878991757,0.0658702523776393,0.022347802758859305,0.0009121517053151965,0.00045487862366161994,100.0,0.0,62.95,4.09237095092808,1.15,0.3570714214271425,4.3,0.9,0
843,0.7341070820094145,0.11004109222164651,0.06631902775122164,0.022386986284846373,0.0009363947857708487,0.0005158868697681216,100.0,0.0,63.1,3.1448370387032774,1.025,0.10897247358851683,4.3,0.7810249675906654,0
844,0.7437764601891756,0.11425766963992708,0.06517430994673633,0.0228969732624377,0.0008594672848403218,0.000520781802900326,100.0,0.0,63.25,3.7399866309921483,1.15,0.3570714214271425,4.2,0.5099019513592784,0
845,0.7464329970712673,0.1071778422230698,0.06478942886039807,0.02160798085792772,0.0008703164655782164,0.0005516390378366572,100.0,0.0,63.45,2.4794152536434875,1.125,0.3112474899497183,3.95,0.7399324293474371,0
846,0.7498066935135576,0.10103351822206666,0.0644933751697963,0.020074663888260586,0.0008496385982237849,0.0005184461300302085,100.0,0.0,63.8,2.6,1.05,0.21794494717703372,4.0,0.6324555320336759,0
847,0.7556038713470316,0.09670322433532837,0.06340238592859312,0.019881300426800065,0.0008288948363856793,0.0005438469099061297,100.0,0.0,63.75,2.426417111710186,1.0,0.0,4.3,0.6403124237432849,0
848,0.7596016118374846,0.09068372414148004,0.0627470767810869,0.020437244024873243,0.0008059974488580045,0.00046740587502769695,100.0,0.0,63.8,2.9257477676655586,1.1,0.3,3.95,0.49749371855331004,0
849,0.7720944695377707,0.09162568447007376,0.06000916289686246,0.02031359799093674,0.0007897965986628372,0.0004090712766308147,100.0,0.0,62.9,2.7367864366808012,1.05,0.21794494717703372,4.55,0.8046738469715542,0
850,0.7755903719635283,0.08773944453974472,0.058398173650163546,0.020743020549553223,0.0008229717829268882,0.00044561648963873605,100.0,0.0,64.25,3.7798809505062456,1.0,0.0,4.1,0.7000000000000001,0
851,0.7789407156655332,0.08252439800021007,0.05758179405081491,0.02032462757548536,0.0008245371716248354,0.00042059088824345967,100.0,0.0,63.75,2.426417111710186,1.0,0.0,4.1,0.6244997998398398,0
852,0.7857368173855099,0.08458825428813078,0.056620733328256956,0.02035537925945501,0.0007659373871216375,0.0003796409809447626,100.0,0.0,63.5,3.442382895611701,1.0,0.0,4.2,0.6,0
853,0.7951429546752649,0.08434534476383437,0.05399733100432826,0.020611678411329364,0.0007885974066506316,0.00045225187321126754,100.0,0.0,64.4,2.0591260281974,1.0,0.0,4.0,0.5477225575051661,0
854,0.8046235643617476,0.08380332086967363,0.05166622728916616,0.02045035593788125,0.0007886985593212076,0.0004799750794864405,100.0,0.0,63.35,3.1666228067138023,1.1,0.3,3.95,0.9205976319760983,0
855,0.809391376887825,0.08486012968627525,0.05002671847919998,0.021314463204639457,0.0008065556871053352,0.000425884070823872,100.0,0.0,63.75,3.4478254016118624,1.1,0.3,4.15,0.6538348415311009,0
856,0.8212497922565032,0.0851135969432419,0.04777117042329436,0.021866163436115145,0.0007400633619582451,0.00039278328573109326,100.0,0.0,63.9,1.8681541692269403,1.0,0.0,4.05,0.49749371855331004,0
857,0.8291416254801554,0.08177513020749708,0.04616311316452025,0.021250756222914623,0.0007457533605693164,0.00036574741807729455,100.0,0.0,63.05,3.3087006513131403,1.1,0.3,4.1,0.6244997998398398,0
858,0.8460232503887879,0.0730286927774574,0.04236133901753577,0.019526666271500612,0.0007126312041717119,0.00030269703858102606,100.0,0.0,63.6,3.813135192987524,1.075,0.23848480035423641,4.1,0.5385164807134504,0
859,0.8554667018706092,0.07338425837521861,0.03906485055948082,0.019873714329682633,0.0007222978871601648,0.0003538151789441193,100.0,0.0,62.6,3.2619012860600183,1.1,0.3,4.3,0.8426149773176358,0
860,0.8606486121484789,0.07282002881160261,0.038033752208794035,0.019146686425613492,0.0007072079383435845,0.00032346078613355064,100.0,0.0,61.85,2.5743931323712,1.15,0.32015621187164245,4.4,1.019803902718557,0
861,0.865005931442339,0.06964584253036481,0.035575318285290064,0.01900470905441097,0.0007482162569445482,0.0003145233588888672,100.0,0.0,63.4,3.2465366161495854,1.1,0.3,4.3,0.6403124237432849,0
862,0.8738107063451125,0.06390153620159124,0.03418092023099568,0.016901941115281538,0.00071958608427463,0.0003223860808084291,100.0,0.0,63.45,2.3764469276632285,1.075,0.23848480035423641,4.05,0.739932429347437,0
863,0.8822906307579437,0.060767260060095966,0.032877254577986396,0.015578569086376984,0.0006776781063887102,0.00035192226066933297,100.0,0.0,63.5,2.5,1.05,0.21794494717703372,4.15,0.653834841531101,0
864,0.8874274674528116,0.06080123417068637,0.03128392372133541,0.014591625013337047,0.0006802355989024022,0.0003938333003844079,100.0,0.0,63.9,2.7184554438136375,1.1,0.3,4.1,0.30000000000000004,0
865,0.8942257406073602,0.05460031958439647,0.029773241255160225,0.01400984736674383,0.0006379518694776288,0.00037926283431735587,100.0,0.0,63.8,3.8026306683663087,1.05,0.21794494717703372,4.2,0.812403840463596,0
866,0.8951575528174562,0.04402679513962782,0.0283357845090565,0.012671190332346134,0.0006978218274812768,0.00028473434748582145,100.0,0.0,63.65,2.815581645060217,1.075,0.23848480035423641,4.35,0.963068014212911,0
867,0.8982211218418945,0.04136574446594243,0.02705592369112425,0.01251659457694888,0.0007009007362005914,0.00031780571266072877,100.0,0.0,64.0,2.449489742783178,1.0,0.0,4.0,0.5477225575051661,0
868,0.90510721735789,0.04543446223503516,0.025337005182247862,0.01216397009271705,0.0006752798422740686,0.0003974707864498782,100.0,0.0,64.0,2.32379000772445,1.0,0.0,4.25,0.6224949798994366,0
869,0.9089265126242354,0.03610201428964145,0.024196334192588702,0.010456340826245417,0.000671831986772133,0.0003712085150186761,100.0,0.0,63.35,3.453621287865825,1.1,0.2549509756796392,4.35,0.8529361054615991,0
870,0.9139616555382102,0.03353696486858641,0.023323218748623215,0.010937911740444898,0.0006282129725323033,0.00039632843460639367,100.0,0.0,62.05,4.06786184622831,1.275,0.43229041164476456,4.2,0.7483314773547883,0
871,0.9155796051742826,0.029674913922031063,0.022867279242371183,0.010177471488540228,0.0006223256322110202,0.00033963848600253207,100.0,0.0,64.8,3.026549190084311,1.0,0.0,3.85,0.7262919523166975,0
872,0.9140892666902145,0.027387203653092627,0.023030183773129615,0.009900511092876539,0.0006513456646558544,0.0003051522718233106,100.0,0.0,62.9,2.8442925306655784,1.15,0.3570714214271425,4.15,0.5722761571129799,0
873,0.922317842684856,0.022841781357862218,0.021417191648968187,0.008381937418712569,0.0005933463048538305,0.00028852333843952164,100.0,0.0,63.85,2.8508770580296865,1.05,0.21794494717703372,4.2,0.6782329983125269,0
874,0.9229743716283174,0.02721140415737106,0.021396108418005398,0.008190072801024241,0.000605033688253736,0.00030770942699013203,100.0,0.0,64.35,3.365635155509284,1.025,0.10897247358851683,3.85,0.5722761571129799,0
875,0.922443693964178,0.032535619479639094,0.01989489370672265,0.01011316615448296,0.0006236739054937691,0.0003176879250649085,100.0,0.0,63.95,2.654712790491657,1.0,0.0,4.35,0.653834841531101,0
876,0.9269303462856986,0.02591270762997004,0.02046437334541688,0.010209056807016096,0.0005594670201373663,0.0002553171228189555,100.0,0.0,62.9,3.345145736735546,1.15,0.3570714214271425,4.2,0.7483314773547883,0
877,0.9289958788971072,0.03018326855517104,0.020388103562075075,0.011693397415534284,0.0005184327074405314,0.00021345398691842757,100.0,0.0,63.5,3.52845575287547,1.05,0.21794494717703372,4.35,0.6538348415311012,0
878,0.9344372500311418,0.02987250043856752,0.019918648778571208,0.012032971099405074,0.0004433393395901746,0.00014092600672230925,100.0,0.0,62.15,3.5535193822462827,1.1,0.3,4.6,0.66332495807108,0
879,0.9327626636349139,0.032912289620453034,0.02163559924665818,0.012015448036684981,0.0004285266230362397,0.00015018788634149356,100.0,0.0,62.8,2.580697580112788,1.075,0.23848480035423641,4.6,1.0677078252031311,0
880,0.9223296851465006,0.042489797679727,0.0234033445267442,0.012977147969390843,0.0005124117315736953,0.00020753082509747148,100.0,0.0,63.75,2.3637893307145625,1.05,0.21794494717703372,4.3,0.6403124237432849,0
881,0.9162165214285507,0.04364593300509793,0.02439152252324717,0.013383583360516508,0.0005478159280131897,0.00023584596968007532,100.0,0.0,63.15,3.1666228067138023,1.15,0.3570714214271425,4.4,0.9165151389911679,0
882,0.9086236723316412,0.04850454444669684,0.027093955118965285,0.014559609289797926,0.0005482002936716905,0.0002164337895634372,100.0,0.0,63.2,3.0594117081556704,1.075,0.23848480035423641,4.55,0.7399324293474372,0
883,0.9022346166763976,0.05398816942442369,0.029434692684996728,0.015283880994053284,0.0005484066615517178,0.00021947396455416736,100.0,0.0,64.7,3.287856444554719,1.1,0.3,4.1,0.7,0
884,0.8951135556871422,0.05559732725075137,0.03090228919935951,0.016140029967132527,0.0005747219216374483,0.00022512452197616414,100.0,0.0,63.05,2.8892040426387333,1.05,0.21794494717703372,4.3,0.714142842854285,0
885,0.8900115410920083,0.054201581218170314,0.03291686193398762,0.01568183183308631,0.0005904627584238578,0.0002427589904461242,100.0,0.0,62.9,2.896549671592048,1.15,0.3570714214271425,4.15,0.47696960070847283,0
886,0.8839331017013705,0.05497790612515685,0.035754267244834784,0.015162873569536087,0.000566035336103029,0.00022498487965381318,100.0,0.0,61.9,2.981610303175114,1.05,0.15,4.3,0.714142842854285,0
887,0.882014388325719,0.05686556979507663,0.03737984767502873,0.014556973904518425,0.0005363207317519692,0.00017251869439168345,100.0,0.0,63.7,3.479942528261063,1.075,0.23848480035423641,3.8,0.7483314773547883,0
888,0.8747287621253979,0.05641658656560918,0.03979119308668676,0.013710055116890305,0.0005361109884198703,0.00019577343150741698,100.0,0.0,63.15,3.102821296820041,1.125,0.3112474899497183,3.95,0.5894913061275798,0
889,0.8637400333582157,0.055202909085845936,0.04102745575185699,0.014166917679393374,0.0006249401495804218,0.00022388815882752348,100.0,0.0,63.55,3.4274626183227737,1.1,0.3,4.35,0.6538348415311009,0
890,0.8537541969529314,0.05870963337160102,0.044574660168380756,0.014265984197200713,0.0005883938949116558,0.000209932104744903,100.0,0.0,63.1,2.826658805020514,1.025,0.10897247358851683,4.4,0.4898979485566356,0
891,0.8460256653471735,0.055615083030915446,0.04629749251102285,0.012552790135550891,0.0006234410042027911,0.0002413031895696841,100.0,0.0,63.9,3.047950130825634,1.0,0.0,4.3,0.6403124237432849,0
892,0.8382462396898672,0.05983977756431934,0.04845425279091095,0.012000513084303647,0.0006323749371920246,0.00029600394641854627,100.0,0.0,64.55,3.6670833096617805,1.05,0.21794494717703372,4.2,0.7483314773547883,0
893,0.8299993289076031,0.0543306666187539,0.05070901335433431,0.010187429709308547,0.0006368831730474995,0.00036425312033383896,100.0,0.0,63.25,2.2555487137279924,1.05,0.21794494717703372,4.2,0.5099019513592784,0
894,0.8142096320107951,0.05227764752907956,0.05395810527335645,0.009950450356515985,0.0006785858962879578,0.0003936187792252078,100.0,0.0,63.4,3.120897306865447,1.15,0.3570714214271425,4.2,0.7483314773547883,0
895,0.8071119577203101,0.049595262691535524,0.055481412481150086,0.010624111555583913,0.0006724654103466687,0.00037272363779257845,100.0,0.0,62.75,3.080178566252288,1.15,0.32015621187164245,3.95,0.739932429347437,0
896,0.797165705900313,0.05862245194181171,0.057864658004378844,0.012575734936061967,0.000641339687108624,0.0003585142881189471,100.0,0.0,63.5,3.5,1.075,0.23848480035423641,4.45,0.9733961166965893,0
897,0.7816755649635144,0.05734570979416074,0.0606410574749867,0.013147172016613438,0.0006950623313722543,0.000376482180010831,100.0,0.0,63.2,3.5298725189445577,1.1,0.3,4.45,0.8645808232895291,0
898,0.7715442440425375,0.05852313913540471,0.06256766005385463,0.013298109869240994,0.0006897679131878451,0.0003814862384413222,100.0,0.0,63.8,3.295451410656816,1.05,0.21794494717703372,4.4,0.8602325267042626,0
899,0.7607144327361358,0.06525912810266779,0.06527954293649893,0.014345956652480832,0.0006693927731059508,0.0003472677045431532,100.0,0.0,63.55,3.4420197558991443,1.0,0.0,4.1,0.5385164807134504,0
900,0.7480407436863528,0.06553804611973052,0.06603102221840933,0.014731972767825249,0.0007754275609668425,0.00037738641196794636,100.0,0.0,63.4,2.989983277545211,1.1,0.3,4.1,0.7681145747868608,0
901,0.7403166480724349,0.0726533108068524,0.06708053379860943,0.016347633927049743,0.0007929274189911909,0.0003139374635826748,100.0,0.0,64.2,2.6191601707417584,1.075,0.23848480035423641,4.15,0.5722761571129799,0
902,0.7279579906230227,0.07718448146953615,0.06846364533872464,0.01678506942874691,0.0009088634562031711,0.0004111728203030524,100.0,0.0,62.1,3.223352292257239,1.175,0.36314597615834876,4.3,0.5567764362830021,0
903,0.7266715139645789,0.08480973204552494,0.06832720806588065,0.01787887083983057,0.0009209695605038954,0.0004482111095488666,100.0,0.0,63.75,2.2332711434127295,1.025,0.10897247358851683,4.05,0.6689544080129826,0
904,0.7264262768568626,0.07627862526999894,0.06857383912858842,0.01625610242174823,0.0009371729040600424,0.0004299240788133019,100.0,0.0,63.7,4.026164427839479,1.15,0.3570714214271425,4.1,0.5385164807134504,0
905,0.7280412104312939,0.07812445752430157,0.06778304192805419,0.01571850963117854,0.0009887969725317796,0.0005472286897228628,100.0,0.0,63.5,2.819574435974337,1.0,0.0,4.25,0.6224949798994366,0
906,0.7281456920897234,0.07767940265183054,0.06758153781163191,0.01616900844334396,0.0010193158402222878,0.000529206328258667,100.0,0.0,62.7,2.934280150224242,1.05,0.21794494717703372,4.25,1.0897247358851685,0
907,0.7393194695617252,0.07640307623726886,0.06651053544809042,0.015157866507042735,0.0009247444307487754,0.0004407386443245744,100.0,0.0,63.15,2.669737814842499,1.05,0.21794494717703372,4.25,0.5361902647381804,0
908,0.7402134728752074,0.07451801373822921,0.06715516799663306,0.014999369647648343,0.0008659397425411616,0.00040446546953408074,100.0,0.0,62.65,2.7436289836637897,1.1,0.3,4.15,0.4769696007084728,0
909,0.7367279943354048,0.07752023155855481,0.0677361544829981,0.015466420518730144,0.000890761106263679,0.00035748343333788854,100.0,0.0,62.45,3.308700651313141,1.125,0.3112474899497183,4.25,0.9420721840708386,0
910,0.7464393638926767,0.07601722144387087,0.06646435174702588,0.014857586919334077,0.0008080231839164339,0.0003852626382742621,100.0,0.0,62.4,3.839270764090493,1.225,0.40233692348577704,4.2,0.7483314773547882,0
911,0.7479352141765727,0.08528367595987704,0.06610228112580788,0.016132216396817393,0.0008061347913205343,0.0003714939021922528,100.0,0.0,62.25,3.222964473896664,1.025,0.10897247358851683,4.55,0.8046738469715541,0
912,0.7426287126618079,0.08609132517396197,0.06700890134077328,0.015416656321417541,0.0008586074144206212,0.0003769531284411665,100.0,0.0,63.9,2.5278449319529077,1.05,0.21794494717703372,4.45,0.7399324293474372,0
913,0.7394538108137275,0.08496235338925318,0.06641934404156978,0.015005906356997775,0.0009315108374259249,0.00046765735329707656,100.0,0.0,63.65,2.4550967394381837,1.0,0.0,4.55,0.8046738469715541,0
914,0.7404757660389245,0.08100472345544506,0.06680432715708526,0.014706693103971241,0.0008782591183070715,0.0004789487413922073,100.0,0.0,63.65,2.6697378148424984,1.05,0.21794494717703372,4.0,0.6324555320336759,0
915,0.7398435290334406,0.08113024775911347,0.06601563151549714,0.015730916036914764,0.0009232639645822868,0.0004911559733777323,100.0,0.0,62.9,2.773084924772409,1.1,0.3,4.25,1.0428326807307104,0
916,0.7427410926935374,0.07802797335516391,0.06607444516205854,0.01647074210917548,0.0008884508097572746,0.0004646465300421539,100.0,0.0,63.55,3.9808918598726084,1.05,0.21794494717703372,4.0,0.8366600265340756,0
917,0.7436922794572379,0.07709387435351786,0.06630532783485281,0.016377227284699557,0.0008680664112457442,0.0003858953574795197,100.0,0.0,63.8,2.8913664589601917,1.1,0.3,4.0,0.6324555320336759,0
918,0.7459672182379634,0.07080013111321606,0.06550206576039824,0.01453849898873133,0.0009335388058925884,0.000425696550069606,100.0,0.0,63.05,3.323777970924051,1.1,0.3,4.35,0.5722761571129799,0
919,0.7545491855917863,0.06573220213851261,0.06448209327397739,0.014856277653979613,0.0008811579448786417,0.00037635889230145975,100.0,0.0,64.0,2.6832815729997477,1.0,0.0,4.3,0.6403124237432849,0
920,0.7631780472572356,0.06401153829332988,0.06387747431796095,0.014543341490872986,0.0007759728372247228,0.00031360555321700715,100.0,0.0,63.25,2.9979159427842537,1.025,0.10897247358851683,4.3,0.7810249675906654,0
921,0.7735502209859619,0.07393407342717148,0.062068582484906654,0.016578232098152023,0.0007027166179233747,0.00022558432022583692,100.0,0.0,62.95,3.840247387864485,1.1,0.3,4.3,0.8426149773176358,0
922,0.7691924047669383,0.07848263815446817,0.06295536808563319,0.017744191824448172,0.0006837192236863291,0.00021559685744372236,100.0,0.0,62.35,2.7436289836637897,1.1,0.3,4.25,0.82915619758885,0
923,0.7725036515173282,0.08375562315991195,0.06248190353950368,0.018629281625957204,0.0006665198735148273,0.00023254705616318716,100.0,0.0,63.7,3.083828789021855,1.05,0.2179449471770337,3.95,0.3840572873934304,0
924,0.7769976651126227,0.08348154009834452,0.06134985302780881,0.018084486007071722,0.0006764637987117705,0.0003591168558543013,100.0,0.0,64.6,2.9899832775452104,1.0,0.0,4.1,0.6244997998398398,0
925,0.7763109972375156,0.08773252991392623,0.06151367093139927,0.019104636240233907,0.0006612522312449687,0.00034827059759880136,100.0,0.0,64.6,2.8705400188814645,1.05,0.21794494717703372,4.1,0.6244997998398398,0
926,0.7781541987264747,0.08328846264895415,0.06095521736834064,0.017467961494004734,0.000680769886754306,0.0004345804232023721,100.0,0.0,63.3,2.98496231131986,1.0,0.0,4.1,0.6244997998398398,0
927,0.7865130410252059,0.078492619847146,0.0589494824084603,0.017416577831803937,0.0006778956202581155,0.000488307384118697,100.0,0.0,63.65,2.4550967394381837,1.025,0.10897247358851683,4.2,0.6782329983125268,0
928,0.7877930628495302,0.06876735466486414,0.058630467955353,0.015973368270440998,0.000710217528260911,0.00048182795676084405,100.0,0.0,63.75,3.491060010942235,1.1,0.3,3.75,0.6224949798994366,0
929,0.7936582095024658,0.06450243337624832,0.057001828646581834,0.016205130414306324,0.0007082077372289154,0.0004527708717296825,100.0,0.0,63.75,2.7363296585024255,1.05,0.21794494717703372,4.2,0.6782329983125269,0
930,0.8033724401199513,0.06165812364188457,0.054523926328762386,0.01640710803967411,0.0007087108318836315,0.0004169260209295772,100.0,0.0,62.6,3.1208973068654475,1.15,0.3570714214271425,4.1,0.6244997998398398,0
931,0.8117019956927111,0.062479536738298064,0.0532225380989713,0.016010377171383726,0.0006631356330468084,0.00031197566282231443,100.0,0.0,63.45,3.353729267546801,1.0,0.0,4.3,0.6403124237432849,0
932,0.8172478952714443,0.06315853547004707,0.05237583342344532,0.0155501365226567,0.0006411657347781027,0.0003186395037729105,100.0,0.0,63.25,3.207413287993925,1.05,0.21794494717703372,4.3,0.8426149773176358,0
933,0.8187874740792683,0.055330513683559526,0.05140658181468566,0.014000555139905042,0.0007085054101691936,0.0003459716534280355,100.0,0.0,63.4,3.541186241925155,1.05,0.21794494717703372,4.35,0.5722761571129799,0
934,0.833502219341914,0.06055856653823825,0.048741864013538486,0.014426860036857546,0.0006509078622718372,0.00028932863196959454,100.0,0.0,62.4,3.2619012860600183,1.25,0.4330127018922193,4.2,0.6782329983125269,0
935,0.8385681543444342,0.05632027336188591,0.04683061139211961,0.014194640471767276,0.0006723220759017081,0.0003621800691866116,100.0,0.0,63.6,2.9563490998188966,1.1,0.3,4.5,0.7416198487095663,0
936,0.8422838519534614,0.053557602012833085,0.04426132751492379,0.014575148865449078,0.0007370499094340277,0.00040789557067201574,100.0,0.0,63.5,3.248076353782343,1.125,0.3112474899497183,4.1,0.7681145747868608,0
937,0.8484124505285138,0.049879969267116214,0.041611854681256354,0.014065470115797639,0.0007754830448671428,0.0004155745593761019,100.0,0.0,63.3,3.333166662499792,1.05,0.21794494717703372,4.3,0.9539392014169458,0
938,0.856635263998071,0.04866106243827971,0.04005439227649828,0.012915759296018674,0.0007408239940313865,0.00037687674432783136,100.0,0.0,64.15,3.08666486681013,1.0,0.0,4.4,0.66332495807108,0
939,0.8588492720740403,0.049240898759763854,0.03967835565122485,0.011730661014544605,0.0007519935819990621,0.0003985534707892689,100.0,0.0,64.75,2.277608394786075,1.0,0.0,4.15,0.4769696007084728,0
940,0.8655500137374957,0.05155247176610284,0.037313585698683295,0.012423710552549918,0.0007518216364415707,0.0003684419859184012,100.0,0.0,63.25,2.947456530637899,1.0,0.0,4.2,0.7483314773547883,0
941,0.874111283626217,0.044987810088480205,0.034734536909895294,0.010968406863771733,0.000754915129536715,0.00031690770598269744,100.0,0.0,64.85,3.4391132578035286,1.1,0.3,4.0,0.7071067811865476,0
942,0.8841949507304013,0.04230884457198126,0.03186168525139934,0.010475358844215257,0.0007321928658503246,0.0002943750505816368,100.0,0.0,63.25,3.2996211903792836,1.05,0.21794494717703372,4.35,0.6538348415311012,0
943,0.8908871828623178,0.038963058757552356,0.029752214265415855,0.009443790757916489,0.0007282080305004025,0.0003148630609579038,100.0,0.0,63.3,2.6286878856189833,1.05,0.21794494717703372,4.4,0.8602325267042626,0
944,0.8961230938189658,0.040858025749824944,0.026811576716984482,0.010016605533894935,0.0007484995165772015,0.00038437305202600517,100.0,0.0,63.85,3.0866648668101306,1.1,0.3,4.2,0.6782329983125269,0
945,0.9044244212444468,0.03764081403659877,0.02485056199798078,0.008948284887125865,0.0007126625428423893,0.0004094940847034426,100.0,0.0,65.0,3.1304951684997055,1.05,0.21794494717703372,4.3,0.9539392014169458,0
946,0.9114308636338672,0.036722792334685554,0.023034024737293334,0.007327989526262776,0.0006978853552086653,0.0003751707758300034,100.0,0.0,63.5,2.9410882339705484,1.05,0.21794494717703372,4.05,0.6689544080129826,0
947,0.915090836345996,0.03847389750134984,0.021782346743357554,0.006843858362037315,0.0006886155667295251,0.00047154294343465714,100.0,0.0,63.3,3.0182776545573144,1.075,0.23848480035423641,4.1,0.7681145747868608,0
948,0.922078709262423,0.037522951395849685,0.02024425472602235,0.0075954110095982335,0.0006301880494920149,0.0003979307371196623,100.0,0.0,62.4,2.4979991993593593,1.1,0.3,4.1,0.8306623862918076,0
949,0.9208556122810023,0.03631941361884513,0.019532375515873498,0.009230764270741293,0.0006588862548935325,0.0003982579778204931,100.0,0.0,62.7,3.536947836765479,1.05,0.21794494717703372,4.15,0.5722761571129799,0
950,0.9295019058993864,0.0336279870013056,0.01717733820894495,0.011214529565373948,0.0005655256998446147,0.0002947530564613829,100.0,0.0,62.3,3.083828789021855,1.15,0.3570714214271425,4.2,0.6782329983125269,0
951,0.9243636569004607,0.032339833096086165,0.015602261363672052,0.011990745931890957,0.0006626771817784052,0.00028323088426174703,100.0,0.0,63.95,2.8013389655662877,1.0,0.0,4.45,1.0712142642814273,0
952,0.925657806357733,0.038865048809948795,0.016287378813937395,0.012642584422813153,0.0006311342949740966,0.0002744674199265602,100.0,0.0,63.85,3.259984662540608,1.075,0.23848480035423641,4.15,0.5722761571129799,0
953,0.930562982680806,0.03514837239095196,0.017774109424348435,0.011499302841650636,0.0005490404063605077,0.00022348996532359558,100.0,0.0,62.2,2.803569153775237,1.15,0.3570714214271425,4.4,0.7999999999999999,0
954,0.9323813875125392,0.03279033094676403,0.018425657583174625,0.012092608139307593,0.0005097510718943384,0.00023552932301489218,100.0,0.0,63.35,2.9542342493444895,1.125,0.3112474899497183,4.35,1.061838029079765,0
955,0.9286160463201861,0.03474188737473175,0.020722013451625682,0.011116422597884383,0.0005493528667215014,0.0002875357868409936,100.0,0.0,63.8,3.0430248109405875,1.1,0.3,4.2,0.5099019513592784,0
956,0.9252068373458237,0.029609134145369625,0.02308145696835469,0.010463670367262017,0.0005204199444387859,0.00019383082786591973,100.0,0.0,63.55,2.6734808770589704,1.0,0.0,4.25,0.7664854858377946,0
957,0.9195497364738332,0.03525310151052751,0.025877764295374278,0.010520453455146206,0.0005029442277398812,0.00024938564348188466,100.0,0.0,63.65,2.4753787588973126,1.05,0.21794494717703367,4.2,0.7483314773547882,0
958,0.9172970022995466,0.031498261631255235,0.027168004705017578,0.010252628798146202,0.000500216974154859,0.0002181452552152056,100.0,0.0,63.75,2.5273503912200224,1.05,0.21794494717703372,4.55,0.8046738469715541,0
959,0.9041022705266242,0.03548845476370468,0.031045694710205442,0.011306204124889719,0.0005392777326377054,0.00026602315791975057,100.0,0.0,63.35,3.8765319552404045,1.1,0.3,4.25,0.698212002188447,0
960,0.8985376472411352,0.0300948784346959,0.03399935090040411,0.00988961216131102,0.0005084550437208961,0.00024014573634926513,100.0,0.0,62.55,2.7106272336859605,1.05,0.21794494717703372,4.3,0.8426149773176358,0
961,0.8887642967113214,0.03432208257747401,0.03543131227694062,0.010133006088067081,0.0005765891509815841,0.00026168191369346956,100.0,0.0,63.85,2.632014437650371,1.1,0.3,4.35,0.7262919523166975,0
962,0.8792604153697526,0.042203949664750474,0.037503339297275534,0.011754543300165891,0.0006053349890289964,0.0002651789513759884,100.0,0.0,62.9,2.0712315177207983,1.025,0.10897247358851683,4.15,0.6538348415311012,0
963,0.8700157207211199,0.04313886225754767,0.040786903084499546,0.011124921879121128,0.0005935641050355655,0.00023776797624749458,100.0,0.0,64.6,3.1208973068654466,1.1,0.3,4.1,0.7681145747868608,0
964,0.862807494601401,0.03743333762254489,0.04380453589488841,0.010335376259878258,0.0005393913894076989,0.00021273774586729794,100.0,0.0,63.6,3.7067505985701277,1.1,0.3,4.4,0.9165151389911679,0
965,0.853920437315469,0.03348239303681447,0.045744654168359336,0.009993564665457609,0.000554180053838429,0.00020192070387819037,100.0,0.0,62.4,2.6907248094147422,1.1,0.3,4.1,0.7000000000000001,0
966,0.8418145718055795,0.0314260251085658,0.04846545712744097,0.008939229483194795,0.0005803578056527972,0.00020470907478605172,100.0,0.0,63.7,3.0512292604784714,1.075,0.23848480035423641,4.05,0.49749371855331004,0
967,0.8260131504189335,0.03772966992419999,0.05158399711331246,0.009897049039855962,0.0006275236313010928,0.000214705248149427,100.0,0.0,63.15,3.2291639784935047,1.05,0.21794494717703372,4.15,0.8529361054615991,0
968,0.8154539266250934,0.04035445945839492,0.054073862822004895,0.010031604783042719,0.0006304953897889787,0.0002520278223969053,100.0,0.0,62.5,2.3345235059857505,1.0,0.0,4.15,0.7262919523166976,0
969,0.799209301864624,0.045276213706964843,0.05631711399650151,0.010342238778883546,0.0007454971617062206,0.0002879337104614582,100.0,0.0,63.25,2.56661255354212,1.05,0.21794494717703372,4.35,0.7262919523166976,0
970,0.7858258771081692,0.04833693838575075,0.05947309254806456,0.010313087146122479,0.0007371565649507535,0.00029531236682475893,100.0,0.0,64.2,3.6414282912066254,1.075,0.23848480035423641,4.15,0.6538348415311009,0
971,0.7734414764425127,0.04729364716083585,0.06186505171460608,0.01066136404529741,0.0007432033838195147,0.00032963529897990724,100.0,0.0,62.85,2.9372606285449034,1.15,0.3570714214271425,4.4,0.66332495807108,0
972,0.7580797218626508,0.05262316313709432,0.06478431724359138,0.01141820789697974,0.000773226401606242,0.00039494566915703675,100.0,0.0,64.15,3.070423423568808,1.025,0.10897247358851683,4.2,0.6782329983125268,0
973,0.7520388586553277,0.05611096727627541,0.0666099778763801,0.012744079306892602,0.0007084565564585119,0.00036792764397432725,100.0,0.0,62.5,2.819574435974337,1.025,0.10897247358851683,4.4,0.4898979485566356,0
974,0.7375063476459102,0.06148776863445198,0.06854012830534796,0.014263630601884911,0.0007652630931446159,0.00034776098732840357,100.0,0.0,64.3,2.7766886753829647,1.05,0.21794494717703372,4.2,0.8717797887081347,0
975,0.7327367064977814,0.06572656412647145,0.06913172479072005,0.014878242687792366,0.0007936195862676052,0.0003821363858056981,100.0,0.0,63.5,2.5,1.05,0.2179449471770337,4.2,0.812403840463596,0
976,0.7241212878946872,0.06821225887605174,0.07015462470161765,0.014330712377655437,0.0008698328472340177,0.000340634462971045,100.0,0.0,63.95,3.2167530212933664,1.0,0.0,4.4,0.7348469228349533,0
977,0.7229281316509757,0.08029560253494031,0.07074296184035264,0.016149960850153765,0.0008330211487056639,0.00035119674791374257,100.0,0.0,62.9,2.861817604250837,1.075,0.23848480035423641,4.45,0.5894913061275798,0
978,0.7110606026337588,0.08293953903340268,0.07237482375519898,0.015653644393331535,0.00090579584319219,0.00042153679103616075,100.0,0.0,63.15,3.91503512117069,1.1,0.3,4.1,0.5385164807134504,0
979,0.7091836542247408,0.08254818706540439,0.07291405313639196,0.015785210924985305,0.000906586930325056,0.00044346501864895785,100.0,0.0,63.6,3.8131351929875237,1.1,0.3,4.3,0.6403124237432849,0
980,0.7158545564436365,0.08622469897169965,0.0715536533155823,0.016460738236840775,0.0009178613965653705,0.00047091151652742166,100.0,0.0,62.85,2.495495942693556,1.1,0.3,4.3,0.9,0
981,0.7157526969711252,0.085961107117511,0.07159951611027751,0.015838028343322767,0.0009498315958916167,0.0005133206547052641,100.0,0.0,63.85,2.706935536727833,1.075,0.23848480035423641,4.2,0.6,0
982,0.7194987079075451,0.08280912077142893,0.07040402225857913,0.015242557386539679,0.000981646813395563,0.000552183296095582,100.0,0.0,63.7,2.703701166919155,1.025,0.10897247358851683,4.35,0.7921489758877431,0
983,0.7227496907635854,0.07874900764034506,0.07097795743566879,0.014024961078493606,0.0009189089598404763,0.0005165272628675059,100.0,0.0,63.0,3.0,1.125,0.3112474899497183,4.25,0.7664854858377946,0
984,0.7215736379809392,0.07506665602513103,0.07149528401883805,0.01384734666255812,0.0008979580524259747,0.0005022576066634187,100.0,0.0,63.2,3.171750305430741,1.05,0.21794494717703372,4.25,0.8874119674649424,0
985,0.734005885856116,0.07535581179519894,0.06962886842898694,0.014277437055948453,0.00083909298945583,0.00048326107736083206,100.0,0.0,63.15,3.0376800358168077,1.1,0.2549509756796392,4.0,0.4472135954999579,0
986,0.736450906169788,0.09185781130720723,0.06881010572208993,0.016879909029589017,0.0008142001600243553,0.0005532737574856555,100.0,0.0,64.6,4.042276586281548,1.1,0.3,4.0,0.5477225575051661,0
987,0.7403141101748434,0.090841669055757,0.06750066672439267,0.017348821901174462,0.0008330198057907997,0.00048290047822696587,100.0,0.0,63.4,2.5961509971494343,1.1,0.3,4.35,0.7262919523166975,0
988,0.7409496577301765,0.08617579189445562,0.0675884235281812,0.01759356651090421,0.0008091172586567183,0.00044678275792321963,100.0,0.0,64.0,2.4289915602982237,1.0,0.0,4.1,0.7000000000000001,0
989,0.7417538326508426,0.07732897493028394,0.06859870565887449,0.01503943113775973,0.0007419059298977408,0.0003840675383538646,100.0,0.0,63.45,2.692118125194361,1.05,0.21794494717703372,4.35,0.7921489758877431,0
990,0.7370272704068799,0.06788171562342905,0.06945056736243757,0.013525067757504268,0.0007482249030308318,0.00035587444840126794,100.0,0.0,62.95,2.1558061137310096,1.0,0.0,4.15,0.8529361054615991,0
991,0.7374666654245426,0.06773545217373816,0.06993267662305341,0.013520733480652048,0.0007019759863924402,0.00037108809534915934,100.0,0.0,63.3,3.333166662499792,1.075,0.23848480035423641,4.35,0.9096702699330127,0
992,0.7273330521051695,0.06688767444037515,0.07180385145039364,0.013104526853568372,0.0007091513341180927,0.0003486565263431106,100.0,0.0,63.55,2.747271373563231,1.15,0.3570714214271425,4.3,0.714142842854285,0
993,0.7219357668491825,0.06569803603329047,0.0727013665270541,0.01315655015063785,0.0007108411448021177,0.0003518662413703025,100.0,0.0,63.65,3.305676935213119,1.0,0.0,4.35,0.9630680142129111,0
994,0.7215711198040979,0.06184885984386275,0.07360392153424046,0.012818698984660166,0.0006475190152688808,0.0002729749358896894,100.0,0.0,62.85,3.5110539728121526,1.125,0.3112474899497183,4.15,0.5722761571129799,0
995,0.7160420877024307,0.062414493896939045,0.07424829403049293,0.013269097168433134,0.0006859111937932209,0.0002861804803910769,100.0,0.0,64.0,3.605551275463989,1.025,0.10897247358851683,4.15,0.47696960070847283,0
996,0.7201655609165892,0.07000526465844174,0.07332310086428011,0.015045850620483978,0.0006918540423834469,0.000308193603901077,100.0,0.0,63.2,3.2649655434629015,1.05,0.21794494717703372,4.25,0.5361902647381804,0
997,0.7280587247253287,0.07047562603431992,0.07122214282247284,0.015593995398715912,0.0007333858206003023,0.0003330200203801264,100.0,0.0,63.5,1.8303005217723127,1.0,0.0,4.05,0.6689544080129826,0
998,0.7336188097239219,0.06857928442883092,0.069816986040138,0.014931119419974803,0.0007673174176657283,0.0002758346844886563,100.0,0.0,62.7,3.874274125562103,1.1,0.3,4.15,0.5722761571129799,0
999,0.7435734050039352,0.07369272183261348,0.06797368872377194,0.01604185775104674,0.000736726116769263,0.0002592878254784255,100.0,0.0,63.15,3.2446109165815247,1.025,0.10897247358851683,4.2,0.7483314773547883,0
