generation,mean_fitness_mean,mean_fitness_std,distance_from_optimum_mean,distance_from_optimum_std,phenotype_variance_mean,phenotype_variance_std,population_size_mean,population_size_std,n_parents_mean,n_parents_std,median_offspring_mean,median_offspring_std,max_offspring_mean,max_offspring_std,extinct_count
0,0.6735759407880908,0.03327190827842945,0.01715038281164811,0.007381453416786999,0.004638958459681004,0.0006847424499837607,100.0,0.0,63.0,2.9154759474226504,1.15,0.3570714214271425,4.25,0.6224949798994366,0
1,0.74031696341455,0.0371107669220688,0.020290424954273488,0.007817090318379618,0.0032583507697087977,0.0006011532245537866,100.0,0.0,63.8,1.9899748742132402,1.0,0.0,4.35,0.6538348415311012,0
2,0.7875419483373294,0.044265191450263565,0.022193637552300846,0.00973773491655627,0.002438879637189169,0.000532755563796159,100.0,0.0,63.75,2.947456530637899,1.05,0.2179449471770337,4.05,0.4974937185533099,0
3,0.8192303267331351,0.052929214406608895,0.022813081827026786,0.01030967803715061,0.001959038102483956,0.0007461133924748114,100.0,0.0,62.2,3.1080540535840107,1.125,0.3112474899497183,4.2,0.6782329983125269,0
4,0.8355613247472468,0.048009958959277566,0.024419196809169128,0.01045540503998267,0.0016657222678791266,0.0006484661803130358,100.0,0.0,63.1,2.3853720883753127,1.05,0.21794494717703372,4.2,0.9797958971132711,0
5,0.8385077266374591,0.03950606438626831,0.03127515576820013,0.010605268489588735,0.0014099945211314495,0.000489514774894432,100.0,0.0,63.6,2.8530685235374214,1.05,0.21794494717703372,4.55,0.9733961166965892,0
6,0.8349308705543785,0.04606837722920348,0.03662717481429863,0.013700429551282416,0.001229807064234091,0.0004275399604084163,100.0,0.0,63.55,2.4181604578687494,1.075,0.23848480035423641,4.15,0.6538348415311012,0
7,0.8298398400544329,0.04958766777139261,0.04074849043849245,0.014733015332204778,0.0010720761594688042,0.0004314403921251893,100.0,0.0,64.05,2.9744747435471695,1.05,0.2179449471770337,4.0,0.5477225575051661,0
8,0.8109685755240182,0.057531442226807505,0.046328262730942274,0.016215472319772113,0.0010472504285244462,0.0003575728000993826,100.0,0.0,64.25,2.118372016431486,1.025,0.10897247358851683,4.3,0.9,0
9,0.7883692435530136,0.06382688904508577,0.05265515360046145,0.015146883824397859,0.0010729995899273273,0.0003897742521174185,100.0,0.0,63.7,2.5317977802344327,1.025,0.10897247358851683,4.4,0.9695359714832658,0
10,0.7706880497759331,0.0663900243911094,0.057396337842832636,0.014806444404220291,0.0010908676088578924,0.00036775055626490216,100.0,0.0,63.1,2.681417535558384,1.125,0.3112474899497183,4.25,0.698212002188447,0
11,0.7710681126806274,0.07567074265950843,0.059219815848904324,0.015670281795436017,0.0009608187592893421,0.000384281185142101,100.0,0.0,64.7,2.3473389188611007,1.0,0.0,4.25,1.0428326807307104,0
12,0.7532698655814671,0.08442425471494058,0.06451532087696596,0.01591391903200013,0.0008939021545645851,0.0004306810723752388,100.0,0.0,63.15,3.902242944769072,1.2,0.3674234614174767,3.95,0.49749371855331004,0
13,0.7314465768610382,0.09248742948657106,0.06960541855461541,0.017008798193933944,0.0008622547925016792,0.00044651750511804034,100.0,0.0,62.4,3.916631205513228,1.15,0.3570714214271425,4.45,0.5894913061275798,0
14,0.7148490902778801,0.0920845924688846,0.07392701885063951,0.01682401475074025,0.0007808894920801183,0.00044542131045283075,100.0,0.0,62.5,3.427827300200522,1.075,0.23848480035423641,4.15,0.6538348415311012,0
15,0.6924007346878571,0.09011361664169723,0.07901485009085865,0.016493769300591522,0.0007168676452348143,0.000379399665104165,100.0,0.0,62.7,2.8653097563788807,1.1,0.2549509756796392,4.4,0.6633249580710799,0
16,0.6714638237721122,0.08368724064486754,0.0818645079411638,0.015830321410358814,0.0008322806240129721,0.000442168898135074,100.0,0.0,64.15,3.2905166767545793,1.05,0.21794494717703372,4.0,0.8366600265340756,0
17,0.6576131962213698,0.08287531398498085,0.08421199949795519,0.016186284626592887,0.0008561402498769863,0.00041400901273342506,100.0,0.0,63.65,2.5937424698685874,1.05,0.21794494717703372,3.85,0.3570714214271425,0
18,0.6345067910637731,0.07197732871673575,0.08807776066768602,0.0141328310199715,0.0009571859516869048,0.0004198495993226147,100.0,0.0,63.75,2.662235902394827,1.05,0.21794494717703372,4.2,0.8717797887081348,0
19,0.6139840351352323,0.07857056552429675,0.09242460721018353,0.015457143812021805,0.0008900802312043965,0.0003586043304168748,100.0,0.0,63.1,3.766961640367472,1.1,0.3,4.4,0.6633249580710799,0
20,0.6042183295719898,0.07450380582995096,0.09398228011213823,0.014991366914130215,0.0009337529389743592,0.00038795899222118964,100.0,0.0,62.5,2.5592967784139455,1.0,0.0,4.25,0.6224949798994366,0
21,0.5904282234130563,0.09729416481456328,0.09604740998092373,0.01914455236475293,0.0009319657402950271,0.00041172464012487436,100.0,0.0,64.4,2.615339366124404,1.025,0.10897247358851683,4.15,0.653834841531101,0
22,0.5670632714329037,0.10581090829854381,0.10028855225834994,0.02145880554748063,0.0009136405149909359,0.0003520941519812671,100.0,0.0,64.3,3.287856444554719,1.0,0.0,4.1,0.7000000000000001,0
23,0.5490886893670541,0.10356135423553897,0.10379665171040146,0.019286023754456285,0.0009984766509962399,0.000408551908408363,100.0,0.0,63.6,3.32264954516723,1.1,0.3,4.4,0.7999999999999999,0
24,0.5435236616530197,0.10597854021035105,0.10554771613458439,0.02019701983177945,0.0009237045763280823,0.0004576197507747673,100.0,0.0,62.1,2.022374841615669,1.1,0.3,4.35,0.8529361054615991,0
25,0.5296453333650413,0.10964504042743027,0.10758210312825645,0.02137413557575267,0.0009424416276290638,0.0004268658830471676,100.0,0.0,63.9,2.5475478405713994,1.05,0.21794494717703372,4.15,0.7262919523166976,0
26,0.5216461933088393,0.11742526999664334,0.10906617556629947,0.02151069907665927,0.0009910595517098287,0.0004555723534058003,100.0,0.0,64.15,2.4550967394381837,1.0,0.0,4.05,0.5894913061275798,0
27,0.5153729122810592,0.11606939525932408,0.11041510593014921,0.021253297031934366,0.0009724773126046401,0.0004985193493459071,100.0,0.0,63.0,1.8973665961010275,1.0,0.0,4.25,0.7664854858377946,0
28,0.5039307564773885,0.11332561574467492,0.11249565814967191,0.021218161059252585,0.0009739731358442742,0.00044077326960404616,100.0,0.0,63.45,3.0573681492420897,1.075,0.23848480035423641,4.05,0.49749371855331,0
29,0.4952629443157158,0.10822737925899098,0.11361582351946926,0.020355761143442744,0.0010085928923032447,0.00046934072832916835,100.0,0.0,63.55,3.169779172119093,1.0,0.0,4.4,0.7999999999999999,0
30,0.490348513922563,0.11072111560836957,0.11447336799842911,0.020641447007465227,0.0010049724591672904,0.00048547153991385425,100.0,0.0,63.85,2.7069355367278325,1.05,0.21794494717703372,4.3,0.6403124237432849,0
31,0.4835527203269553,0.11257246794865897,0.11612404179571259,0.020755889470466776,0.0009998811854957526,0.0004957451074156137,100.0,0.0,63.25,3.5899164335677787,1.05,0.15,4.1,0.8306623862918074,0
32,0.4856556148705481,0.11868557255284519,0.11596628075276336,0.022467317929119022,0.0010268719692246074,0.00046097233826835346,100.0,0.0,62.8,2.6381811916545836,1.05,0.21794494717703372,4.05,0.5894913061275798,0
33,0.4896974715843774,0.12260115411347303,0.11507831181589653,0.02327521517950203,0.0011219115323000835,0.0004323975702360362,100.0,0.0,63.9,3.8327535793473597,1.0,0.0,4.1,0.8888194417315588,0
34,0.4948158936402097,0.129155010035508,0.11548168252541587,0.024122636604619406,0.001041517029474753,0.00039191249117151206,100.0,0.0,62.85,3.4536212878658255,1.075,0.23848480035423641,4.35,0.7262919523166975,0
35,0.5031401486692609,0.13408778415946004,0.11310727474222233,0.02575974330073,0.0010850889660706487,0.0003974651889816143,100.0,0.0,63.95,3.3537292675468007,1.075,0.23848480035423641,4.15,0.4769696007084728,0
36,0.5019832592860846,0.1403087900183434,0.11358444276408705,0.027474075936150973,0.0010084535600235751,0.0004332843916860549,100.0,0.0,63.55,3.089902911096076,1.1,0.3,4.35,0.792148975887743,0
37,0.496020960465288,0.14028638470696306,0.11496927614464099,0.02759072807251368,0.0009662590760405407,0.00045931103415339626,100.0,0.0,63.5,2.8548204847240397,1.125,0.3112474899497183,4.3,0.714142842854285,0
38,0.49255909617431853,0.13825131933208953,0.11610419423864986,0.027270012581610513,0.000890604421719471,0.0004636515280656562,100.0,0.0,63.55,2.854382595238418,1.0,0.0,4.3,0.6403124237432849,0
39,0.4827680933516298,0.13434026240694621,0.11729729655015679,0.02734461928742635,0.0010254326396647348,0.00045627420144175586,100.0,0.0,63.5,2.5592967784139455,1.025,0.10897247358851683,4.15,0.653834841531101,0
40,0.48072859836062776,0.1266496220262608,0.11684436360751996,0.026289135463347952,0.0011458513013111894,0.0006254893684955045,100.0,0.0,63.75,3.672533185690771,1.025,0.10897247358851683,3.9,0.6244997998398398,0
41,0.4853317115197867,0.11725060841917821,0.11488076684562465,0.024748506232931854,0.0012434844033145033,0.0008645137331474187,100.0,0.0,63.35,2.554897258208243,1.0,0.0,4.05,0.6689544080129826,0
42,0.4906583749301602,0.11398316702742628,0.11288359527991523,0.02488327362889628,0.0012462807446173472,0.0009697913485536752,100.0,0.0,62.85,3.5535193822462827,1.025,0.10897247358851683,4.15,0.7921489758877431,0
43,0.48726811113291124,0.120223839671297,0.11302945823745889,0.027505165989107204,0.0012294501587142956,0.0009029587668810896,100.0,0.0,63.15,3.5252659474144643,1.05,0.21794494717703372,4.35,0.9096702699330126,0
44,0.4842245040848313,0.12871719689888736,0.11303254855047531,0.03040472521135713,0.00122764316248325,0.0007295923996468756,100.0,0.0,64.35,3.4391132578035286,1.05,0.21794494717703372,4.2,1.0770329614269007,0
45,0.4849863206779177,0.11804855011135623,0.11388376050280147,0.026290278214566695,0.0012219812691355244,0.0007619902798490434,100.0,0.0,64.0,3.271085446759225,1.05,0.21794494717703372,4.4,0.66332495807108,0
46,0.500412478037101,0.11787668241868447,0.11148819670826668,0.02484609959293955,0.0012397273301208338,0.0006711966035749135,100.0,0.0,64.0,2.32379000772445,1.025,0.10897247358851683,4.05,0.5894913061275798,0
47,0.5082032784115592,0.13120782397138403,0.11067281086592351,0.026078506817366356,0.001143657386052251,0.0006084172524791657,100.0,0.0,62.95,3.3387872049593095,1.075,0.23848480035423641,4.25,0.7664854858377946,0
48,0.5137086690194352,0.13840768234215534,0.10983439124319672,0.027835940152809945,0.001043224581737137,0.000538346724997985,100.0,0.0,63.8,3.3406586176980126,1.05,0.21794494717703372,4.0,0.5477225575051661,0
49,0.5062659784338037,0.14185885361410722,0.11183226042499386,0.02831704563453942,0.000970907800428926,0.0005528779922997799,100.0,0.0,63.2,2.6758176320519302,1.05,0.2179449471770337,4.1,0.6244997998398398,0
50,0.4910440578613032,0.13874182175401767,0.11490896263266989,0.027685362701960363,0.0010351999114992462,0.0005815149798139193,100.0,0.0,64.4,2.8,1.05,0.15,4.0,0.8366600265340756,0
51,0.49110344485387125,0.14290168249310095,0.11445688389041095,0.028114435192862254,0.0010570093974086538,0.0006288692650812847,100.0,0.0,62.7,3.874274125562103,1.125,0.3112474899497183,4.5,0.5916079783099616,0
52,0.4834353373609662,0.14916916005937753,0.11660171006382676,0.029164150733733164,0.0010150474305338532,0.0007148138186962949,100.0,0.0,64.45,3.2935543110748915,1.0,0.0,4.5,0.9746794344808963,0
53,0.4746971689140242,0.14317339468446474,0.11826972177054529,0.028118656208525494,0.000980429935185458,0.0007254308156898148,100.0,0.0,62.95,2.376446927663229,1.075,0.23848480035423641,4.35,0.47696960070847283,0
54,0.4687358336408011,0.14629363533955314,0.1195733147656373,0.028808146826244867,0.0009671036729851399,0.0006741701357307376,100.0,0.0,62.55,3.5563323804166562,1.1,0.2549509756796392,4.55,0.5894913061275798,0
55,0.47231858604025756,0.14896067352738043,0.118861725909909,0.028863051696062725,0.0010345194525080911,0.0007069997881823852,100.0,0.0,64.05,3.57036412708844,1.05,0.21794494717703372,4.1,0.6244997998398398,0
56,0.48574366085619997,0.15073010174106954,0.11535563476378985,0.028913849820025966,0.0011672456941488182,0.0008281184376030747,100.0,0.0,63.5,3.0083217912982647,1.0,0.0,3.95,0.3840572873934304,0
57,0.4948614113374674,0.1473875743082415,0.1129769482683656,0.028313166885282275,0.0012614388582032243,0.0008357366186886147,100.0,0.0,62.4,3.2619012860600183,1.075,0.23848480035423641,4.35,0.5722761571129799,0
58,0.4897066999269343,0.14508346597636365,0.11366471310797663,0.027360065040998305,0.0013372560203191708,0.001009468295508667,100.0,0.0,63.25,2.9979159427842537,1.125,0.3112474899497183,4.2,0.6,0
59,0.49364264080395115,0.14000756931838138,0.11338251922017432,0.02731936325560983,0.0012689111486833063,0.0008336684853861137,100.0,0.0,62.95,2.4181604578687494,1.1,0.3,4.35,0.7262919523166975,0
60,0.5039948417198393,0.15115701747031582,0.11214703661557954,0.03047934609134483,0.0010810614140481553,0.000649107461087303,100.0,0.0,64.3,2.685144316419511,1.05,0.2179449471770337,4.2,0.6,0
61,0.506525460189535,0.15933751050498174,0.11223996830792546,0.032859403077357706,0.0009660692944044372,0.00038275182205497327,100.0,0.0,63.6,2.817800560721074,1.05,0.21794494717703372,4.1,0.5385164807134504,0
62,0.511276123922923,0.15385632737229246,0.1122137273674885,0.03087877675899338,0.0009443997215693282,0.0004767409979545865,100.0,0.0,63.85,2.7253440149823285,1.05,0.21794494717703372,4.05,0.739932429347437,0
63,0.5150173169548019,0.15018452071440389,0.11131211474117039,0.029028823676822888,0.00095378115658543,0.0005676301666370303,100.0,0.0,62.0,2.6457513110645907,1.1,0.3,4.5,1.0723805294763609,0
64,0.5196741743335211,0.15532717696649997,0.1102834650394073,0.029731075051238145,0.0009401304248775937,0.0005676440894365586,100.0,0.0,63.1,3.576310948449533,1.0,0.0,4.25,0.7664854858377946,0
65,0.5111915448728539,0.15554648427201992,0.11128780713242041,0.031190175226933962,0.0010340413628441808,0.0006536510375786488,100.0,0.0,63.95,2.8892040426387333,1.0,0.0,4.25,0.8874119674649424,0
66,0.5218702821635217,0.14900132247321177,0.10894336598539449,0.03059175572911526,0.0011029072102885953,0.0006494156536793381,100.0,0.0,63.45,2.5782746168707473,1.1,0.3,4.05,0.739932429347437,0
67,0.5278767458306857,0.14964585503991612,0.10768470650248352,0.03157753839353905,0.0010794890525861447,0.0006436252894689085,100.0,0.0,62.65,3.7719358425084595,1.1,0.3,4.1,0.5385164807134504,0
68,0.536544609406769,0.154458577043347,0.1061979194241199,0.0321520319173559,0.0010270131714100184,0.0006535939745306471,100.0,0.0,63.15,2.7436289836637897,1.075,0.23848480035423641,4.25,0.6224949798994366,0
69,0.5404040944618287,0.15597553184499208,0.1052190533040283,0.03157412538487992,0.0010189306782392659,0.000618443079294352,100.0,0.0,63.7,2.4919871588754225,1.05,0.21794494717703372,3.95,0.5894913061275798,0
70,0.5381630893602767,0.1565353450472334,0.10525462838145341,0.03168908665211046,0.0011256764544497005,0.0005140188872255023,100.0,0.0,64.6,3.3823069050575523,1.05,0.21794494717703372,4.1,0.8306623862918076,0
71,0.5436656253926293,0.14829226958442762,0.10350221780848279,0.029809082356881792,0.0012265774071332463,0.0005455951835075933,100.0,0.0,63.8,2.1587033144922905,1.0,0.0,4.2,0.7483314773547883,0
72,0.5535575700802552,0.14697441860873817,0.10252237943199889,0.029033028419225917,0.00111247271925798,0.00045308625777310246,100.0,0.0,63.4,2.7459060435491964,1.075,0.23848480035423641,4.15,0.7262919523166976,0
73,0.5549718590060713,0.1461595703597745,0.10387814433773135,0.027827723966901998,0.000923482356666939,0.0004976946882328746,100.0,0.0,62.95,2.747271373563231,1.1,0.3,4.5,0.806225774829855,0
74,0.551335790463313,0.13565651932296452,0.10441880113298643,0.026045449816990744,0.0009181250950379318,0.0004498963626055164,100.0,0.0,63.7,1.8734993995195195,1.125,0.3112474899497183,4.15,0.5722761571129799,0
75,0.5533255872125219,0.13430848388502187,0.10381473819366131,0.02501080656685174,0.0009101625837858532,0.0004863259961619918,100.0,0.0,63.35,2.372235232855292,1.2,0.4,4.25,0.7664854858377946,0
76,0.5521389961389802,0.1325735424389495,0.10407102714423026,0.02445439917785845,0.0008888407025162536,0.0004878383444269487,100.0,0.0,63.85,3.1980462785894765,1.125,0.3112474899497183,4.05,0.49749371855331004,0
77,0.5515203003814795,0.12034688484305874,0.10284925006947969,0.022807195722087222,0.001084530762840829,0.0005816105329754321,100.0,0.0,62.45,2.5975950415721076,1.025,0.10897247358851683,4.45,0.8046738469715541,0
78,0.557200156203902,0.12134898291971537,0.10113422731061603,0.0234130934437162,0.0011493038635047202,0.000568223915409387,100.0,0.0,63.4,3.2155870381627056,1.125,0.3112474899497183,4.25,0.698212002188447,0
79,0.5641204657354578,0.1301527724816037,0.099856027556252,0.02583228259974879,0.0011382215502365634,0.0006224207396445002,100.0,0.0,62.65,3.7453304260105007,1.025,0.10897247358851683,4.25,0.698212002188447,0
80,0.56039684256576,0.13101842191981156,0.10023581092241221,0.025935955853861766,0.0011621111229184558,0.0006866201289006463,100.0,0.0,62.65,3.785168424258028,1.05,0.21794494717703372,4.1,0.5385164807134504,0
81,0.5517631151045058,0.1388622840423523,0.1027995339595569,0.027032796032206877,0.001009622312650654,0.0004974991358490653,100.0,0.0,63.4,3.1208973068654475,1.0,0.0,4.45,0.5894913061275798,0
82,0.5518716918171813,0.1439826569021263,0.10242747924643905,0.02804569722313036,0.0010921372938335488,0.00043180598113188174,100.0,0.0,63.35,3.1666228067138023,1.025,0.10897247358851683,4.3,0.9539392014169457,0
83,0.552371054235008,0.14038360566622438,0.10238162227751177,0.026513431747551493,0.0010965177037319956,0.00043032478741374016,100.0,0.0,62.5,3.170173496829472,1.0,0.0,4.45,0.6689544080129827,0
84,0.5440576305209004,0.14039210137696376,0.10345374455991138,0.02635559751381255,0.0011547063128943664,0.0004373984614090329,100.0,0.0,64.3,2.5709920264364885,1.025,0.10897247358851683,4.15,0.792148975887743,0
85,0.5452598689141308,0.1503694615323339,0.10211257310840818,0.02937161683126552,0.0012826621777274265,0.0005735926342318326,100.0,0.0,62.4,3.4263683398023628,1.125,0.3112474899497183,4.45,0.9205976319760985,0
86,0.5512005624704107,0.14749521412710723,0.09990980098955535,0.029552405691929646,0.0013923964847271718,0.0006786759736348145,100.0,0.0,64.35,2.95423424934449,1.0,0.0,4.15,1.0136567466356647,0
87,0.5604017715351549,0.14392142444409475,0.09770025193088011,0.03027422354584327,0.001346974153275672,0.0006875533116691871,100.0,0.0,62.75,2.7179955849853767,1.0,0.0,4.25,0.698212002188447,0
88,0.5648314771473836,0.14706701432077426,0.0983555600485194,0.03041586290997744,0.0012328339141372733,0.000619197433681551,100.0,0.0,63.5,2.9748949561287032,1.0,0.0,4.25,0.698212002188447,0
89,0.567522996688849,0.14630302302770143,0.0989726708092143,0.03043505024880758,0.0010984777961155262,0.0005322596221461288,100.0,0.0,64.35,2.393219588754864,1.05,0.21794494717703372,4.2,0.7483314773547883,0
90,0.5721716609537071,0.15532318510473928,0.0987426232265326,0.032356183835158266,0.0010094760991000492,0.0005957652349096009,100.0,0.0,65.3,3.1638584039112754,1.0,0.0,4.0,0.7745966692414834,0
91,0.5796167001982944,0.16056720859162343,0.09828893556081748,0.033547500928541994,0.000855276521902657,0.00048813281840817696,100.0,0.0,62.15,3.811495769379785,1.2,0.3674234614174767,4.2,0.8717797887081347,0
92,0.5883084134221175,0.16424924731294677,0.09705357354314392,0.03459996311491576,0.0007945068982308735,0.00039920392321651863,100.0,0.0,63.3,3.116087290176577,1.025,0.10897247358851683,4.35,0.6538348415311012,0
93,0.5877700588853051,0.16509038801232073,0.09714213249156908,0.03391557236591946,0.0007769294763793058,0.00042461456287397104,100.0,0.0,64.7,2.8478061731796287,1.05,0.21794494717703372,4.1,0.8306623862918074,0
94,0.5787635668168435,0.16563781035196581,0.0983800715432139,0.034389195465409014,0.0008464483983027492,0.0005028097882654308,100.0,0.0,62.3,3.0182776545573144,1.1,0.3,4.45,0.6689544080129827,0
95,0.5804542858793362,0.16012832094374574,0.09838128037391497,0.03231610155657312,0.0008848465630389761,0.0006604601178470927,100.0,0.0,63.65,2.903015673398957,1.0,0.0,4.3,0.5567764362830022,0
96,0.5725752081712694,0.15212033573711878,0.10077097740506116,0.03041185349147859,0.0008508076948172451,0.0005972437188739229,100.0,0.0,64.35,3.3507461855533016,1.075,0.23848480035423641,4.0,0.6324555320336759,0
97,0.5759676502497091,0.15382568560029233,0.09979057674855388,0.03185515756156657,0.0008727359216340778,0.0005129529413516823,100.0,0.0,63.7,3.3481338085566414,1.15,0.3570714214271425,4.4,0.7348469228349535,0
98,0.578655611798611,0.14923096790186677,0.09968527248222354,0.031019703292621853,0.0007852415602437989,0.0003917839119185999,100.0,0.0,63.25,2.6995369973386176,1.1,0.2549509756796392,4.3,0.7810249675906654,0
99,0.5823044050534983,0.14996235606528543,0.09925822292223063,0.0304143586049195,0.0007487245356944357,0.0003146417302384681,100.0,0.0,62.7,3.536947836765479,1.2,0.4,4.1,0.7681145747868608,0
100,0.576768680234658,0.13537349243290117,0.10081200349701994,0.026693625579678193,0.0007537444426496054,0.00036029702731528386,100.0,0.0,64.1,2.773084924772409,1.0,0.0,4.25,0.8874119674649424,0
101,0.5697730205064582,0.12571133386261366,0.10195742637608307,0.02446506577268035,0.000812488329554658,0.000389390839251516,100.0,0.0,64.75,1.894069692487581,1.025,0.10897247358851683,4.1,0.7681145747868608,0
102,0.587025803007495,0.12086864109135224,0.09841798101408547,0.023784177581412103,0.0008553980311844681,0.00039778657485045507,100.0,0.0,63.35,3.758656674930553,1.1,0.3,3.9,0.6244997998398398,0
103,0.5945436024939836,0.11503243942851511,0.09640549632944694,0.02332516437692899,0.0008792880707522595,0.00048381444063726707,100.0,0.0,63.95,3.0736785778607367,1.05,0.21794494717703372,4.2,0.6,0
104,0.5941112780864881,0.11996553231367174,0.09574157742628765,0.024905808520472177,0.0008980202792324259,0.00059780492496734,100.0,0.0,64.15,3.5815499438092444,1.15,0.3570714214271425,4.25,0.698212002188447,0
105,0.5905552511045653,0.1313039095830911,0.09651328540071272,0.02683595816569458,0.0008876159984599081,0.0005277107943208788,100.0,0.0,64.3,2.3473389188611007,1.05,0.21794494717703372,4.05,0.804673846971554,0
106,0.5889484843684906,0.14562630494024975,0.09714133850395358,0.028851261435077255,0.0007971494943147591,0.0004228423902785036,100.0,0.0,62.15,1.8241436346954694,1.1,0.3,4.4,0.6633249580710799,0
107,0.5946187697651111,0.160521968403135,0.09633867564478313,0.031008098987839343,0.0007803680129215946,0.00041792459872634516,100.0,0.0,64.3,3.6891733491393435,1.0,0.0,4.1,0.5385164807134504,0
108,0.5956179865532168,0.15707971528909828,0.09611725193232658,0.03050380131828242,0.0008790113589555962,0.0004918676813604129,100.0,0.0,63.05,3.4709508783617204,1.05,0.15,4.2,0.6,0
109,0.5954190601032343,0.15909031769381837,0.09575149354172069,0.030911393373594245,0.0009694664857918171,0.0005549516876980425,100.0,0.0,61.95,2.6358110706194404,1.025,0.10897247358851683,4.5,1.0723805294763609,0
110,0.6002069094920945,0.17208022625601085,0.0953317385995365,0.033298598675591116,0.000861103904936328,0.0005186666543780013,100.0,0.0,63.9,2.754995462791182,1.05,0.21794494717703372,4.15,0.8529361054615991,0
111,0.596859566877363,0.17583783870150405,0.09637274542780885,0.03434097023073289,0.000838577666574973,0.00035806320278285826,100.0,0.0,63.2,3.325657829663178,1.025,0.10897247358851683,4.1,0.8306623862918076,0
112,0.5982251992214876,0.16152266289652079,0.09602207181081204,0.03164449914474587,0.0009194493885943053,0.00040550843482653346,100.0,0.0,64.15,3.118894034750139,1.05,0.21794494717703372,4.25,0.7664854858377946,0
113,0.6063232330117043,0.16485269479136366,0.0950136590885334,0.03126816215894507,0.0007787853936449875,0.000388295807717606,100.0,0.0,63.05,2.7290108097990378,1.125,0.3112474899497183,4.3,0.6403124237432849,0
114,0.5977675657710259,0.16349093108078486,0.09709907383681901,0.03099745368459156,0.0007213917393091693,0.00036023578487867386,100.0,0.0,62.9,3.254228019054596,1.05,0.21794494717703372,4.35,0.7262919523166975,0
115,0.5853697885915998,0.15621211969200288,0.09969963773525534,0.029540923957252944,0.0006620605055626015,0.0003599796431234397,100.0,0.0,63.75,2.6433879775772606,1.025,0.10897247358851683,4.55,0.9733961166965892,0
116,0.575397378649173,0.15509208216072046,0.10168829734023246,0.02969228549179945,0.0006326548909780009,0.0003834826639509506,100.0,0.0,63.4,2.7820855486487113,1.075,0.23848480035423641,4.15,0.5722761571129799,0
117,0.56270545084408,0.1485648862062054,0.10310421157816205,0.0289381498721077,0.0006982456755300475,0.0004464892386704712,100.0,0.0,63.55,2.957617284234051,1.05,0.21794494717703372,4.1,0.43588989435406733,0
118,0.5613836359593566,0.1421589352294684,0.10225821124413166,0.028556073683763943,0.0008098415096661354,0.0004659046183803109,100.0,0.0,63.55,3.2167530212933664,1.075,0.23848480035423641,4.0,0.6324555320336759,0
119,0.5523128364700869,0.14332385569687572,0.1040411030320106,0.029012627711159936,0.0008471196940438658,0.00042857857913742025,100.0,0.0,62.95,2.246664193866097,1.025,0.10897247358851683,4.25,0.7664854858377946,0
120,0.5556783658783883,0.1456971696983794,0.10328990156904053,0.0285956668784888,0.0008735184288445792,0.00045538627347948077,100.0,0.0,63.1,3.176476034853718,1.075,0.23848480035423641,4.1,0.6244997998398398,0
121,0.5570516317775038,0.14463745729026567,0.1028419687808086,0.02829202601354822,0.0009499453073868933,0.0005543111990735529,100.0,0.0,62.85,2.5937424698685874,1.025,0.10897247358851683,4.4,0.58309518948453,0
122,0.5555151989353642,0.14048287562214237,0.10295552070830431,0.02726649265681604,0.0009865209245895287,0.000528858637203461,100.0,0.0,63.95,2.3973944189473704,1.025,0.10897247358851683,4.05,0.5894913061275798,0
123,0.5595525973938986,0.14235313528972973,0.10202111201428124,0.0275338574860409,0.0010175769631971374,0.00047906640876110927,100.0,0.0,62.9,3.548238999842034,1.1,0.3,4.2,0.5099019513592784,0
124,0.5609364550761815,0.1522194105587632,0.10119787694743594,0.030308525431872613,0.0010331156572561128,0.00045412860282219617,100.0,0.0,64.0,3.8340579025361627,1.175,0.36314597615834876,4.0,0.6324555320336759,0
125,0.5658690948952684,0.15542513316338047,0.10103869373125222,0.03046726609592636,0.0009500654688692998,0.0003519820307465895,100.0,0.0,63.35,3.5535193822462823,1.15,0.3570714214271425,4.0,0.8366600265340756,0
126,0.5568293456552543,0.14792444692629406,0.10284082859174352,0.028501709869274923,0.0009830382613682724,0.00042713053927559885,100.0,0.0,62.85,3.7050641020095725,1.15,0.3570714214271425,4.05,0.739932429347437,0
127,0.5664145471400879,0.16016957001773655,0.10112807072993853,0.031021863120988046,0.000902915746181927,0.0003694451122224102,100.0,0.0,63.55,3.2167530212933664,1.075,0.23848480035423641,3.95,0.49749371855331004,0
128,0.5720932887941327,0.1636574022370666,0.09955683561524571,0.031940688693986974,0.0009118332992084152,0.000397220634914357,100.0,0.0,63.95,2.9576172842340505,1.0,0.0,4.0,0.7071067811865476,0
129,0.5695543061204027,0.16412194276655293,0.09985833381475492,0.03131922212752852,0.0009614543057235109,0.0005140180771915738,100.0,0.0,63.8,2.541653005427767,1.05,0.21794494717703372,4.45,0.5894913061275798,0
130,0.5680364425003108,0.15935193915986315,0.09998211494835098,0.02979564109199685,0.0010040889370352643,0.0005798877568507239,100.0,0.0,63.1,2.6814175355583845,1.05,0.21794494717703372,4.3,0.7810249675906654,0
131,0.5719239264515225,0.14977163874942992,0.09962059285982448,0.02805075934329026,0.0009453839210549193,0.0004898810576977362,100.0,0.0,64.25,2.680951323690902,1.0,0.0,4.25,0.7664854858377946,0
132,0.5834834791666459,0.14529436151913988,0.09744887124550076,0.02754400284404083,0.0009217585842559549,0.0005795128230687742,100.0,0.0,62.5,2.5199206336708304,1.075,0.23848480035423641,4.55,0.8046738469715541,0
133,0.5847270459674072,0.13486865646539956,0.09649166829245455,0.025706429832983425,0.0009890358544011645,0.0005868765284086909,100.0,0.0,64.0,3.146426544510455,1.05,0.21794494717703372,3.9,0.7681145747868608,0
134,0.5954994940552001,0.13129141972082942,0.09413452886937665,0.024543347351631873,0.0010125708125009272,0.0006015493883362379,100.0,0.0,64.4,2.9899832775452104,1.05,0.15,4.05,0.804673846971554,0
135,0.5999478957669667,0.1252636107866004,0.09369080729182364,0.023063864786321088,0.0010175391108189432,0.0006009219797369601,100.0,0.0,64.1,2.605762844159076,1.025,0.10897247358851683,4.2,0.6782329983125268,0
136,0.598335325101255,0.12367380267825687,0.09370643435216938,0.024024969008501876,0.0010512119157951058,0.0005624027155132265,100.0,0.0,63.8,2.3151673805580453,1.1,0.3,4.15,0.7262919523166975,0
137,0.602097522008651,0.12546246511252535,0.09403526680845828,0.024273494875655346,0.000952000439859633,0.000427050163128901,100.0,0.0,64.35,3.7453304260105007,1.1,0.3,4.2,0.5099019513592785,0
138,0.6137769726767035,0.11144597474484803,0.09301602476668824,0.02127119766075559,0.0008885937643671824,0.0002995372568717412,100.0,0.0,63.6,2.353720459187964,1.0,0.0,4.15,0.7262919523166976,0
139,0.6234763552282618,0.09674097736257509,0.09100686626605184,0.018615285991015574,0.0009431951751772211,0.0003791080806693779,100.0,0.0,63.1,3.5482389998420345,1.05,0.15,4.35,0.9096702699330126,0
140,0.6292562378546391,0.08492146552184762,0.08985180223157133,0.016489627956325994,0.0009520208231064692,0.0004380248511300366,100.0,0.0,63.25,3.1284980421921316,1.025,0.10897247358851683,3.8,0.6,0
141,0.642803296050143,0.07010662641229107,0.08740464565961582,0.014503264938834044,0.0009003442744108676,0.000455801472393007,100.0,0.0,62.05,2.654712790491657,1.15,0.3570714214271425,4.5,0.7416198487095663,0
142,0.6465690675337694,0.07407973796208765,0.08541565338628536,0.01689068213229857,0.0009485249954925013,0.0004196710922380849,100.0,0.0,63.35,2.2197972880423116,1.05,0.21794494717703372,4.25,0.8874119674649424,0
143,0.6468697698907706,0.07207469955995886,0.08587214893223757,0.015049610298458218,0.0008848752546464984,0.00032777168143748676,100.0,0.0,62.7,3.3926390907374753,1.075,0.23848480035423641,4.55,0.5894913061275798,0
144,0.6437509472265166,0.07840242730941989,0.08607871415689676,0.016396703655491156,0.0008683881429555381,0.00037771371936147204,100.0,0.0,62.95,3.007906248539007,1.025,0.10897247358851683,4.3,0.714142842854285,0
145,0.6371833356610224,0.07654972050384463,0.08681923736544436,0.017587367981435,0.0008722503044642855,0.0004994501173436867,100.0,0.0,63.25,3.2384409829422554,1.1,0.3,4.35,0.5722761571129799,0
146,0.6273094537632627,0.080880535559967,0.08878890893697286,0.017893778294976223,0.0008786991058842526,0.0005315729410932736,100.0,0.0,62.75,2.56661255354212,1.0,0.0,4.25,0.698212002188447,0
147,0.6244489975572559,0.08834233451957663,0.08896054997376206,0.018790884564462953,0.0009121224653050491,0.0005677793766856799,100.0,0.0,63.45,2.6167728216259047,1.05,0.15,4.0,0.8944271909999159,0
148,0.6348180103933364,0.08815279918769323,0.08562315222970059,0.02026420372820802,0.0010416716872236617,0.0006056689591509794,100.0,0.0,63.6,2.8000000000000003,1.0,0.0,4.25,0.6224949798994366,0
149,0.6405759985208311,0.09240096523675265,0.08360422396338144,0.020727831099667245,0.001137682742709401,0.0005981966502815249,100.0,0.0,63.5,3.7349698793966195,1.05,0.15,4.2,0.5099019513592784,0
150,0.6569219295545593,0.10068433580451454,0.0805455605434521,0.02155435377248745,0.0011512819057499068,0.0004986117733583575,100.0,0.0,63.4,2.764054992217051,1.125,0.3112474899497183,4.25,0.8874119674649424,0
151,0.6701252533766161,0.10951376422095242,0.07818578221929842,0.022150725147610833,0.001116800036058244,0.0005396844574329805,100.0,0.0,63.75,2.5273503912200224,1.1,0.3,4.05,0.804673846971554,0
152,0.6844621889443203,0.10869679844172149,0.07537529387683183,0.02279778377264572,0.0011202720375305766,0.0004842440687645196,100.0,0.0,64.35,3.9909272105614755,1.05,0.21794494717703372,4.05,0.5894913061275798,0
153,0.7021433940738915,0.1074603793669631,0.07160604786492494,0.022492414032487414,0.0011123927301138745,0.0005730962054693138,100.0,0.0,62.75,2.6052830940226053,1.05,0.21794494717703372,4.15,0.7262919523166975,0
154,0.7130302724136681,0.10060200033968132,0.06895737636797192,0.02144708483369894,0.001142055949982043,0.0006519327832717259,100.0,0.0,63.55,2.3973944189473704,1.05,0.21794494717703372,4.15,0.6538348415311012,0
155,0.7201494892996624,0.11130794254022651,0.06749503786555111,0.024528789276743356,0.0010939005359530353,0.000712704525727933,100.0,0.0,63.2,2.5219040425836985,1.0,0.0,4.45,0.8645808232895291,0
156,0.7270591060399932,0.11846267081128675,0.06574966622329355,0.02700125019940799,0.0010188818538938,0.0005078683186110422,100.0,0.0,62.8,3.370459909270543,1.1,0.2549509756796392,4.4,0.7348469228349533,0
157,0.7318952636318861,0.11973392217866359,0.06529295140553724,0.027105125785537657,0.0009730182922939555,0.0005261502799204388,100.0,0.0,63.0,2.8809720581775866,1.05,0.21794494717703372,4.35,0.5722761571129799,0
158,0.7338648466634599,0.12778387794435314,0.06512569054577562,0.026921585759077826,0.0009417649601169262,0.0005392646661680132,100.0,0.0,63.35,3.2446109165815247,1.025,0.10897247358851683,4.15,0.9096702699330127,0
159,0.7237759287943468,0.13036342443485613,0.06788955810070617,0.026238075975514124,0.0009302357986125697,0.0005632416602679559,100.0,0.0,63.25,3.031088913245535,1.1,0.2549509756796392,4.05,0.864580823289529,0
160,0.7256333701098229,0.12670999920208262,0.06832486922353141,0.026411371856266144,0.0008474046287964005,0.0005337620994914607,100.0,0.0,62.65,2.7436289836637897,1.1,0.3,4.25,0.5361902647381804,0
161,0.7170581358987345,0.12566838704409594,0.07031685480004489,0.02575072590638995,0.0008626252420142844,0.0005376371129829769,100.0,0.0,62.95,3.694252292413175,1.1,0.3,4.15,0.5722761571129799,0
162,0.7163648822721289,0.12327154694055394,0.06992472758996693,0.025290913249766157,0.0009260545181794273,0.0006213750155687311,100.0,0.0,63.9,3.6318039594669758,1.15,0.3570714214271425,4.1,0.7000000000000001,0
163,0.7201080699571183,0.1252650668433985,0.06954846907571055,0.025665733822253105,0.0009045401028112569,0.0006178631684377839,100.0,0.0,61.95,3.800986713999406,1.15,0.3570714214271425,4.2,0.6,0
164,0.7182787300392097,0.12174906397301322,0.06952038614198217,0.025125791682640175,0.0009646805166162169,0.0007118324256045294,100.0,0.0,64.05,3.1220986531498327,1.05,0.2179449471770337,4.2,0.7483314773547883,0
165,0.7260300648814688,0.12043675196332608,0.06854211579527188,0.024876211301953267,0.0009129578787373611,0.0006820810966866664,100.0,0.0,63.05,2.692118125194361,1.1,0.3,4.3,0.6403124237432849,0
166,0.724862922205577,0.11480169265853664,0.06874878890213208,0.02223343725430002,0.0009585824093376451,0.0005997270958677858,100.0,0.0,63.1,2.8442925306655784,1.025,0.10897247358851683,3.95,0.6689544080129826,0
167,0.7231474536816366,0.1059364703978655,0.06877229032581152,0.02148141069904588,0.0009978015255566364,0.0005390132819187712,100.0,0.0,63.65,2.6129485260907837,1.05,0.21794494717703372,4.45,0.7399324293474372,0
168,0.7314358409006437,0.10153414423426789,0.06716353927363274,0.019825004886644994,0.0009751810053552489,0.0005438104897363935,100.0,0.0,62.05,3.232259271778797,1.125,0.3112474899497183,4.5,0.6708203932499369,0
169,0.7343710404629283,0.09714879845451424,0.06721390613984166,0.018219149337533408,0.000934662820972358,0.0005630149169987959,100.0,0.0,64.25,2.1418449990603894,1.0,0.0,4.05,0.5894913061275798,0
170,0.7377729670802068,0.09280138495675147,0.06702602647861522,0.01737325023487824,0.0009205293621022412,0.0004944166746242909,100.0,0.0,63.85,3.5954832776693593,1.025,0.10897247358851683,4.1,0.7000000000000001,0
171,0.7408032630042289,0.09117352673891226,0.06691775566299674,0.01724354967515326,0.0008879556981430563,0.0005266214430526276,100.0,0.0,66.3,2.98496231131986,1.0,0.0,4.15,0.7262919523166976,0
172,0.7445347772899149,0.08240874031071162,0.06564898298074096,0.016116763749219762,0.0009350429581589049,0.0005839451467389594,100.0,0.0,63.15,2.8857408061016154,1.05,0.21794494717703367,4.3,0.714142842854285,0
173,0.7475536113507291,0.07767572760301805,0.06502752951875093,0.015610942249128741,0.0009312542341080036,0.0005628661926560305,100.0,0.0,63.0,2.949576240750525,1.1,0.3,4.15,0.7262919523166975,0
174,0.7449086647382035,0.08171077201467035,0.06554577163628668,0.0171931645392421,0.000902275502468923,0.0005484081386423072,100.0,0.0,62.95,1.9615045245933032,1.125,0.3112474899497183,4.0,0.5477225575051661,0
175,0.7460597350764451,0.07835560052904526,0.06652050338453366,0.01765394320245832,0.0008015740920986187,0.00036812038152641776,100.0,0.0,63.75,3.3893214660164652,1.1,0.3,4.15,0.7921489758877431,0
176,0.7454238033918003,0.08594797853194891,0.0661595572116413,0.017209576003127103,0.0008299845083796951,0.00033698034811156124,100.0,0.0,63.15,3.4245437652335533,1.05,0.21794494717703372,4.7,0.9539392014169457,0
177,0.7496605066340589,0.08978349378885733,0.0661398028058986,0.017111255896606125,0.0007797148888270707,0.0003586391882832726,100.0,0.0,62.4,3.9799497484264803,1.2,0.4,4.35,0.7921489758877431,0
178,0.746673806815671,0.08462302026825168,0.06663320412988342,0.016120972634847217,0.0008088582661428272,0.00038972772719182263,100.0,0.0,62.55,2.558808316384797,1.1,0.3,4.0,0.7745966692414834,0
179,0.7421833853546823,0.08050289030546263,0.06864233921556756,0.01596070242015469,0.0007431013903847082,0.0003964011938312114,100.0,0.0,63.85,3.0540956108150903,1.025,0.10897247358851683,4.15,0.7262919523166976,0
180,0.7365071248237888,0.08287185809464034,0.06991736841985788,0.016096709563270962,0.0007102102694653103,0.00037724134716278274,100.0,0.0,62.65,3.395217224272992,1.125,0.3112474899497183,4.25,0.7664854858377946,0
181,0.7412010748360485,0.08972388743209443,0.06849436277516906,0.01701924870591883,0.0007416812096620013,0.0004719582870342844,100.0,0.0,63.3,2.666458325194677,1.1,0.3,4.05,0.5894913061275797,0
182,0.7403053042320915,0.08874549641600926,0.06861721136258543,0.016640420198679257,0.000757643071901558,0.0004227709686263636,100.0,0.0,63.3,2.7766886753829643,1.0,0.0,4.3,0.7810249675906654,0
183,0.7469873338440793,0.0788738087904734,0.06721075224610681,0.014978600284487673,0.0007646855982806354,0.00043147502440745,100.0,0.0,63.0,3.3763886032268267,1.075,0.23848480035423641,4.3,0.7810249675906654,0
184,0.7545939941731853,0.06893726208526091,0.06544610034618976,0.013001400552684594,0.0007942136741566878,0.0004279690122195253,100.0,0.0,63.65,2.5548972582082436,1.075,0.17853571071357124,3.8,0.6,0
185,0.7506669692647863,0.06962325335325306,0.06668395049273715,0.01319611211325743,0.00075631038992006,0.000402799951152227,100.0,0.0,63.75,3.4478254016118624,1.0,0.0,4.15,0.6538348415311009,0
186,0.7494522591640372,0.06592114141545846,0.06619125996987242,0.012716232085056818,0.000795762859613729,0.0004864406405523797,100.0,0.0,62.95,2.9236107812087435,1.05,0.2179449471770337,4.1,0.7000000000000001,0
187,0.7408795575174184,0.07069573719620234,0.06721412936653125,0.014738645762900036,0.0008345613422255906,0.0005745322423200828,100.0,0.0,63.4,2.3958297101421877,1.05,0.21794494717703372,4.2,0.7483314773547883,0
188,0.7368935860066912,0.0715475721299914,0.06841821046841051,0.015362113527639297,0.0008001249023896888,0.0004885954452640769,100.0,0.0,63.15,2.104162541250081,1.0,0.0,4.05,0.5894913061275797,0
189,0.7388541422529961,0.07119908207523673,0.06825914506421714,0.01609835894283002,0.0007698473344868774,0.00041806784463955995,100.0,0.0,64.3,3.303028912982749,1.1,0.3,3.8,0.6782329983125268,0
190,0.7464295438552501,0.07188871347976893,0.06754011750461708,0.0158939435123865,0.0007103927843477234,0.00033510491473861745,100.0,0.0,62.55,3.4128433893163046,1.1,0.3,4.05,0.49749371855331004,0
191,0.7420392789891812,0.07163516828895602,0.06835368445697179,0.015935285206225,0.0006929770923888585,0.0002841849425331991,100.0,0.0,64.15,4.269367634673781,1.1,0.3,4.1,0.7,0
192,0.7343835851097258,0.07233041165624828,0.06985412153869189,0.01614507976106483,0.0007216856210313326,0.0002924645574907459,100.0,0.0,64.3,3.661966684720111,1.1,0.3,4.05,0.6689544080129826,0
193,0.7444104450217026,0.07997866240512695,0.06724298364514718,0.017111321609649816,0.0007498120016656959,0.0002960772837833289,100.0,0.0,62.15,3.1823733281939126,1.05,0.21794494717703372,4.4,0.8,0
194,0.741624994663262,0.07672542040035629,0.0679839524509175,0.01735017165709534,0.0007158248177979039,0.0002682830802354466,100.0,0.0,63.9,3.014962686336267,1.025,0.10897247358851683,3.9,0.7681145747868608,0
195,0.7413547272422413,0.07483444024463727,0.06812726715710532,0.016389026875084953,0.0007273317577259732,0.00023820457923982112,100.0,0.0,63.25,3.686122624113311,1.1,0.3,4.15,0.852936105461599,0
196,0.7358130823996916,0.07737548896033086,0.06843553964440491,0.016421469657165077,0.0007967237478598048,0.00022769218679008661,100.0,0.0,63.45,2.991237202229205,1.0,0.0,4.55,0.8645808232895291,0
197,0.7425720262591324,0.08386339612880549,0.06670547465596836,0.017593467097651885,0.0008013783680783668,0.0002694818048616636,100.0,0.0,63.85,3.2752862470324637,1.0,0.0,4.3,1.0049875621120892,0
198,0.7450554003262587,0.08253016943801854,0.06651537247448616,0.01684974634300654,0.0008033447741967679,0.00031764792751957336,100.0,0.0,63.2,2.5612496949731396,1.075,0.23848480035423641,4.15,0.9096702699330127,0
199,0.7409967526488355,0.08188320689465364,0.06653979730045442,0.016735547954084926,0.0008636274162265771,0.0003029305709337653,100.0,0.0,63.65,3.1823733281939126,1.0,0.0,4.4,0.7348469228349535,0
200,0.7445004662146363,0.08093263169964199,0.06605231814000964,0.01686942278016331,0.0008557885368987219,0.00031397448880888,100.0,0.0,63.4,2.7640549922170505,1.05,0.21794494717703372,4.2,0.7483314773547883,0
201,0.7549318123591695,0.08253260298786001,0.06406843338894144,0.017338561735650255,0.0008194968623181818,0.00032352470152566796,100.0,0.0,63.05,2.2907422377910613,1.075,0.23848480035423641,4.15,0.5722761571129799,0
202,0.7578190670576509,0.07804453148906895,0.06277361074870916,0.01665269644585311,0.0008733775097995361,0.00043371427207119655,100.0,0.0,62.6,3.6523964735499352,1.15,0.3570714214271425,4.35,0.5722761571129799,0
203,0.7683509841003818,0.08251133347698009,0.06037256081266965,0.017353377743433908,0.0008759087704893786,0.00048717264221337,100.0,0.0,64.15,3.259984662540608,1.05,0.21794494717703372,4.05,0.739932429347437,0
204,0.7738288519362507,0.08404439722873384,0.05891895774289828,0.017724750047046014,0.0008809395946228627,0.000490362724307498,100.0,0.0,63.6,3.1368774282716245,1.1,0.3,4.45,0.8046738469715541,0
205,0.7720616101372799,0.07618499216834489,0.05885623788662379,0.01707413420120341,0.0008890666758585026,0.0005525658444856595,100.0,0.0,64.95,3.4565155865408737,1.05,0.15,4.15,0.3570714214271425,0
206,0.7801667086698819,0.07875249409366632,0.05734422656395823,0.018605112935127108,0.0008537229407269205,0.0003845234697556838,100.0,0.0,62.9,2.808914381037628,1.05,0.21794494717703372,4.35,0.963068014212911,0
207,0.7866342824259783,0.07489568230324119,0.05654621871462566,0.017468847750587515,0.0008378091640957512,0.00038017678172205105,100.0,0.0,63.3,2.471841418861655,1.0,0.0,4.25,0.4330127018922193,0
208,0.7870191380680405,0.07500365530612582,0.056835545224366846,0.01731576830176558,0.0008207432561317046,0.0003623043356875043,100.0,0.0,62.65,2.669737814842499,1.1,0.3,4.35,0.653834841531101,0
209,0.7930115345109598,0.07366733897849784,0.05591653872343536,0.016510896680580193,0.0007978489630909427,0.00042904526322781126,100.0,0.0,62.5,2.1330729007701543,1.075,0.23848480035423641,4.05,0.6689544080129826,0
210,0.7961622024556065,0.07404809127553494,0.05712877726429442,0.01710523662877321,0.0006670182904151375,0.00035057261283077035,100.0,0.0,62.6,2.1071307505705477,1.125,0.3112474899497183,4.4,0.58309518948453,0
211,0.7918607438076222,0.07624285821685031,0.05859055930099362,0.017309869801533886,0.0006702799380200625,0.00032459079983557427,100.0,0.0,63.6,2.5377155080899043,1.0,0.0,4.05,0.9733961166965892,0
212,0.7999776508356147,0.07452797405334678,0.05626190745081873,0.017072977683663608,0.0006586980341370967,0.0003011446544265281,100.0,0.0,63.95,2.3339880033967613,1.0,0.0,4.0,0.6324555320336759,0
213,0.8048824802728921,0.07571236571665897,0.05490277768337748,0.016841283109728055,0.0006642476614347174,0.00031223872538496076,100.0,0.0,63.5,3.057776970284131,1.025,0.10897247358851683,4.35,0.8529361054615991,0
214,0.8023481953908925,0.07638692553730703,0.05444002689388757,0.01644380555893541,0.0007409690037619868,0.000341963744440023,100.0,0.0,62.9,1.8411952639521971,1.025,0.10897247358851683,4.2,0.812403840463596,0
215,0.8067437779010322,0.07430457010540926,0.053663391974661676,0.01574626201722943,0.0007296536779417939,0.000275427892945703,100.0,0.0,63.65,3.6093628246547893,1.0,0.0,4.1,0.5385164807134504,0
216,0.804001728155874,0.07476865727376668,0.054202045181413805,0.015406336924468274,0.0007459934662357075,0.00022526521365551414,100.0,0.0,62.75,3.476708213238494,1.05,0.21794494717703372,4.75,0.8874119674649424,0
217,0.8066289595589227,0.07098829066975562,0.05309645817134112,0.014812151847008442,0.0008059469396351849,0.00033140719067535835,100.0,0.0,62.55,2.5975950415721085,1.0,0.0,4.35,0.653834841531101,0
218,0.816671312522903,0.06303577415639272,0.051167167729085375,0.013939503296046492,0.0007455576839327869,0.0003958965132474754,100.0,0.0,63.0,3.40587727318528,1.075,0.23848480035423641,4.25,0.6224949798994366,0
219,0.8215279939229096,0.05953078214923024,0.04921445524946687,0.014441077687271157,0.00077560775637727,0.0003594424650510497,100.0,0.0,63.0,3.924283374069717,1.1,0.3,4.05,0.9733961166965893,0
220,0.820006063544364,0.058366224876134604,0.04851447686880292,0.01598933943292644,0.000806463464135459,0.0003295168768153378,100.0,0.0,64.2,2.420743687382041,1.0,0.0,4.45,0.8645808232895292,0
221,0.8264732149154976,0.04938431411609391,0.0473162057952914,0.015415505456280225,0.0007959557781222861,0.0003592877071682056,100.0,0.0,62.85,2.7977669667075564,1.075,0.23848480035423641,4.05,0.6689544080129826,0
222,0.8337084180188803,0.05094350039341869,0.044764535557610716,0.017165753205692316,0.0007823434441155787,0.000329651072282064,100.0,0.0,63.2,3.9949968710876362,1.15,0.3570714214271425,4.2,0.9273618495495703,0
223,0.8362558689231614,0.05169053827973132,0.04476294750424541,0.017008120342383835,0.0007550499703934177,0.00031332271098880043,100.0,0.0,63.85,3.2752862470324637,1.1,0.3,4.45,0.7399324293474372,0
224,0.8421015779462218,0.051382680466991966,0.04286013130546475,0.017308096026607156,0.0007556257041519078,0.0003164715239904671,100.0,0.0,62.95,3.412843389316304,1.05,0.21794494717703372,4.0,0.7071067811865476,0
225,0.8495908180338464,0.05640164640373364,0.0410543159038602,0.01725508777801748,0.0007477982953546906,0.0002993802016032649,100.0,0.0,64.2,2.694438717061496,1.025,0.10897247358851683,4.1,0.6244997998398398,0
226,0.8551662690167412,0.05916958161717304,0.039104661445528974,0.017642709088162917,0.0007659325624314771,0.0002845710690160108,100.0,0.0,63.35,3.6779749863205975,1.25,0.4330127018922193,4.3,0.7810249675906654,0
227,0.8613242233260069,0.05874715285709836,0.03799648693604832,0.017307012585882818,0.0007198734302630246,0.00027910641937784733,100.0,0.0,64.15,3.409912022325503,1.075,0.23848480035423641,4.2,0.9273618495495703,0
228,0.8649874310896847,0.056538582922649905,0.03709181085345476,0.01641677839949996,0.0007264365507226231,0.00029459541494153364,100.0,0.0,64.65,3.15079355083763,1.1,0.3,4.3,0.9,0
229,0.8656689551756456,0.06122574280563541,0.03767422758555565,0.016801045624113217,0.0006987277642337537,0.00026949443543279307,100.0,0.0,64.15,3.539420856580918,1.075,0.23848480035423641,3.85,0.653834841531101,0
230,0.8646535052121177,0.05846110836001782,0.03670257971070382,0.015651110643388037,0.0007661216384773643,0.0003069829441476731,100.0,0.0,62.75,2.56661255354212,1.1,0.3,4.2,0.6,0
231,0.8719894168449009,0.05776079325590587,0.034323991715108866,0.015822175409662874,0.0007492939708667697,0.0003088688623218037,100.0,0.0,62.2,3.0757112998459393,1.075,0.23848480035423641,4.5,0.7416198487095663,0
232,0.8772091998946465,0.055229879350036766,0.03412891304044556,0.014740785895800771,0.0007200164351462119,0.00029591625531217723,100.0,0.0,63.65,3.320767983464066,1.05,0.21794494717703372,4.25,0.82915619758885,0
233,0.8793209441039286,0.05244036320464472,0.0343344502864486,0.013483722180414222,0.0006993182783102455,0.0002809472242203652,100.0,0.0,63.7,2.968164415931166,1.125,0.3112474899497183,4.1,0.7,0
234,0.8791400507340587,0.043799902357354974,0.034585345595239285,0.010815821384869834,0.0007330036697671151,0.0003236229164373082,100.0,0.0,63.8,3.2341923257592455,1.0,0.0,4.4,0.7348469228349535,0
235,0.8880290940164197,0.03838338089900933,0.03314173012026885,0.009992004431978296,0.0006671665722172055,0.0002548486964765056,100.0,0.0,63.05,3.2476914878109957,1.15,0.3570714214271425,4.2,0.6782329983125268,0
236,0.8920164637675463,0.03835421485788691,0.03165697595548405,0.009889082521500203,0.0006620021630341835,0.0002878864246883523,100.0,0.0,63.45,3.368605052540295,1.0,0.0,4.25,0.8874119674649424,0
237,0.894340637970588,0.029418084679648997,0.02939046622112667,0.01076956318705001,0.0007007655215194297,0.0002662245518167685,100.0,0.0,62.2,2.5612496949731396,1.05,0.21794494717703372,4.0,0.6324555320336759,0
238,0.8958743399786521,0.03179088438287168,0.02861017365755782,0.009861634527251155,0.0007154609486549892,0.00030180541195456783,100.0,0.0,63.7,2.666458325194677,1.05,0.21794494717703372,4.15,0.5722761571129799,0
239,0.8993598535916971,0.03208223313476516,0.025927888446580276,0.009927672357133025,0.0007364720572176818,0.0003215041009402435,100.0,0.0,63.65,2.535251466817444,1.0,0.0,4.1,0.6244997998398398,0
240,0.8970760083586992,0.027945014018068925,0.024239563545268124,0.011078904935261646,0.0007896043521456772,0.000287783008682829,100.0,0.0,63.75,3.0639027399707057,1.05,0.21794494717703372,4.15,0.7262919523166976,0
241,0.8944316851571503,0.025613470837028002,0.024449076567274183,0.010841682262200041,0.0008212026188823716,0.00026305367221487433,100.0,0.0,62.75,2.680951323690902,1.125,0.3112474899497183,4.25,0.6224949798994366,0
242,0.8957039247368591,0.03153848872591841,0.02521984475846714,0.010516391785243977,0.0007881475929680278,0.0003028996321955364,100.0,0.0,64.1,2.913760456866693,1.0,0.0,4.45,0.8046738469715541,0
243,0.8972196613002046,0.036430838673008364,0.025331196034882868,0.011194494488797708,0.0007722382282660675,0.00029001836759374213,100.0,0.0,62.35,3.1823733281939126,1.05,0.21794494717703372,4.65,0.7921489758877431,0
244,0.904803793768526,0.03247723529807519,0.02501953487618685,0.011568966134126231,0.0006717499600761976,0.0002685522691094309,100.0,0.0,63.8,2.580697580112788,1.05,0.21794494717703372,3.9,0.6244997998398398,0
245,0.9078822892912145,0.0317012654239815,0.02497124863851269,0.011529441498322348,0.0006529533241673204,0.0002678651630717268,100.0,0.0,62.9,2.964793416074719,1.075,0.23848480035423641,4.3,0.8426149773176358,0
246,0.9072992889678494,0.03426071212882989,0.025152354369536285,0.011305570915214395,0.0006598927616546282,0.0003064441204919879,100.0,0.0,62.7,2.8301943396169813,1.1,0.3,4.35,0.9630680142129111,0
247,0.9096834410221429,0.036549885574755005,0.024334139590785255,0.011414244892518757,0.0006413162640754527,0.0003217540298853593,100.0,0.0,62.55,3.353729267546801,1.05,0.2179449471770337,4.15,0.6538348415311009,0
248,0.9132417719853647,0.036173798872421885,0.024057304494449226,0.01050963860997145,0.0006018926729245394,0.0003195424450871826,100.0,0.0,63.15,2.3932195887548637,1.05,0.21794494717703372,4.25,0.7664854858377946,0
249,0.9130902146615153,0.03666802959489032,0.0234974057071832,0.011419950221369378,0.0006144836934076727,0.00032164035675954724,100.0,0.0,63.65,2.885740806101615,1.075,0.23848480035423641,4.05,0.804673846971554,0
250,0.9089279553335186,0.03533734000010236,0.023954307961086174,0.011606258033159119,0.000660933206903222,0.0002613166465356441,100.0,0.0,63.0,1.8439088914585775,1.025,0.10897247358851683,4.35,0.7262919523166975,0
251,0.9114651063274717,0.03740518832367311,0.024269687918915855,0.013668257807085965,0.0005954195679361308,0.00025228836823773683,100.0,0.0,63.3,2.7766886753829643,1.05,0.2179449471770337,4.05,0.49749371855331004,0
252,0.9111715832330933,0.03831904559881081,0.02238415919871522,0.012907919081996753,0.0006626028095771241,0.00030670604075694525,100.0,0.0,63.6,3.2924155266308657,1.05,0.21794494717703372,4.35,0.7262919523166976,0
253,0.9122479325975335,0.038178496955484205,0.022831930701620783,0.013232879125700023,0.0006237638066737134,0.00025785520258227233,100.0,0.0,63.7,3.2572994949804666,1.075,0.23848480035423641,4.35,0.7262919523166976,0
254,0.9144009078491102,0.03764172263794798,0.021758704150326776,0.011877900035987933,0.0006431880667891303,0.00027891979453704437,100.0,0.0,63.15,2.632014437650371,1.025,0.10897247358851683,4.45,0.6689544080129827,0
255,0.9150459391380201,0.04026708102481289,0.02172629777062786,0.012784637446069636,0.0006177270096161785,0.000281684746240517,100.0,0.0,64.7,3.241913015489466,1.025,0.10897247358851683,4.1,0.6244997998398398,0
256,0.9170780427574179,0.034686949040296726,0.02111349387187285,0.011325554454582904,0.0006307298975606977,0.00023480092003126256,100.0,0.0,63.15,3.0376800358168077,1.0,0.0,4.15,0.6538348415311012,0
257,0.9159180497886469,0.031223810299606244,0.019136184230112183,0.011202770921346911,0.0006809279133178658,0.00021994126272346625,100.0,0.0,62.8,3.370459909270543,1.1,0.2549509756796392,4.2,0.6782329983125269,0
258,0.9185581705278549,0.02725768462760858,0.01925482967940425,0.009932961317780077,0.000660689951225279,0.00020674749622618603,100.0,0.0,63.95,2.558808316384797,1.0,0.0,4.15,0.6538348415311009,0
259,0.9169237053481067,0.029450625930580298,0.019493242478587594,0.01102968918981053,0.0006618108019316515,0.00022789409107965922,100.0,0.0,63.3,2.491987158875423,1.05,0.21794494717703372,3.95,0.5894913061275798,0
260,0.9206757134741054,0.028953634450487275,0.018496125326130514,0.009647803916383096,0.0006553596835025516,0.00024853293959132465,100.0,0.0,62.95,2.8892040426387333,1.0,0.0,4.45,0.8645808232895292,0
261,0.9183117574102783,0.02883981375874796,0.017398449433249925,0.009855872204239889,0.0006962262383022078,0.0002593459214618969,100.0,0.0,62.15,3.0540956108150903,1.05,0.15,4.2,0.8717797887081347,0
262,0.9211735505910582,0.030513441360561222,0.017308812062946162,0.009449967991848388,0.0006710208387598691,0.0003097603726889368,100.0,0.0,62.25,4.345975149491768,1.15,0.3570714214271425,4.1,0.7,0
263,0.9243284030878938,0.024810638011258247,0.016953577272093016,0.008668356783713905,0.0006461195711624631,0.00019916659394048989,100.0,0.0,63.75,2.7363296585024255,1.025,0.10897247358851683,3.95,0.6689544080129826,0
264,0.9241935907856828,0.02570614123044022,0.01833509817171062,0.008585670224821143,0.0006332632630547032,0.00021701276656184258,100.0,0.0,62.0,3.271085446759225,1.05,0.21794494717703372,4.3,1.004987562112089,0
265,0.9254788377879128,0.0246779633513511,0.01679753719176085,0.00872089333286445,0.0006330568634124682,0.00021954108631047612,100.0,0.0,63.2,2.7495454169735036,1.15,0.3570714214271425,4.35,1.0136567466356645,0
266,0.925103709459831,0.02761106244123577,0.016344605388273564,0.009202527737960016,0.0006535464214328351,0.000258638620380271,100.0,0.0,63.9,3.3451457367355464,1.025,0.10897247358851683,4.25,0.9937303457175896,0
267,0.9226586517573446,0.028685303851644802,0.015378837606102919,0.009313300427190184,0.0006925672964806567,0.00027933193549281577,100.0,0.0,64.25,2.6052830940226053,1.0,0.0,4.35,0.653834841531101,0
268,0.9267413506879206,0.029531372704541627,0.014864326127089897,0.008190352164325308,0.0006637470952692739,0.0003053105792004834,100.0,0.0,63.7,3.551056180912941,1.05,0.21794494717703372,4.15,0.4769696007084728,0
269,0.930883049247174,0.027860860633175326,0.01441340909588774,0.00773659013813063,0.0006323673485684803,0.0003096136801274976,100.0,0.0,63.95,2.4181604578687494,1.1,0.3,4.1,0.5385164807134504,0
270,0.935223230410916,0.024333975482760863,0.014274512840039985,0.007676179296365685,0.0005799740918816453,0.000249013209918928,100.0,0.0,63.35,2.4550967394381837,1.05,0.21794494717703372,4.4,0.8602325267042626,0
271,0.9349846278333583,0.020037170138128918,0.014871464694675077,0.006666227578626392,0.0005810283133929215,0.0002015652834757037,100.0,0.0,64.4,3.4263683398023628,1.05,0.15,3.95,0.5894913061275798,0
272,0.9334639238456702,0.02038173772714193,0.01629011053106928,0.00684899447908102,0.0005810549852316058,0.0002122686004277692,100.0,0.0,63.8,3.558089374931439,1.075,0.23848480035423641,4.35,0.6538348415311012,0
273,0.9326635934359085,0.022272630231962114,0.015479654727428677,0.007402503990913218,0.0005953026275398294,0.00020821133579209425,100.0,0.0,64.4,2.5573423705088847,1.0,0.0,4.05,0.3840572873934304,0
274,0.929172130375093,0.022958791052475478,0.01473451091176752,0.008410806905767725,0.0006457637659250275,0.00021385277862538191,100.0,0.0,63.15,2.4753787588973126,1.05,0.21794494717703372,4.4,0.9165151389911681,0
275,0.9281418953850734,0.023193713853581734,0.01478743478890165,0.008364203896073672,0.0006552240053501646,0.00023129742022746832,100.0,0.0,62.25,2.680951323690902,1.075,0.23848480035423641,4.25,0.698212002188447,0
276,0.92971543238089,0.019064133991660823,0.013832914098132426,0.007588822805842634,0.0006535135121542075,0.00022955973329900087,100.0,0.0,62.45,2.4591665254715873,1.1,0.2549509756796392,4.45,0.9205976319760986,0
277,0.9341026418923754,0.023798428621279108,0.014432710539528004,0.00695247508377358,0.0006014989936378222,0.00028484018720778835,100.0,0.0,64.1,3.0149626863362666,1.0,0.0,4.0,0.4472135954999579,0
278,0.9294392219268943,0.02618873663537313,0.015980651208709,0.007602768792353875,0.0006394169480270403,0.00033639667223252934,100.0,0.0,64.75,3.533765696816924,1.05,0.21794494717703372,4.0,0.7071067811865476,0
279,0.9337811490482961,0.02670939789757834,0.01704074156028361,0.008199454051141706,0.0005462889376932724,0.0002768414352246822,100.0,0.0,62.95,2.9406631905065224,1.125,0.3112474899497183,4.0,0.6324555320336759,0
280,0.9293601437673681,0.027982165956852375,0.018879457941273884,0.008649478125287418,0.0005590665421951819,0.0002761860575603381,100.0,0.0,63.65,2.7436289836637897,1.05,0.21794494717703372,4.15,0.6538348415311012,0
281,0.9233215114972311,0.02651907361454995,0.018748066760985515,0.009033083746289798,0.0006329088964102934,0.00028667227794415404,100.0,0.0,63.7,2.6476404589747453,1.05,0.21794494717703372,4.25,0.7664854858377946,0
282,0.919198802401801,0.027912546197322283,0.02010851246451518,0.008700046537103349,0.0006659217425802878,0.0003150180154279291,100.0,0.0,63.35,3.1980462785894765,1.025,0.10897247358851683,4.25,0.698212002188447,0
283,0.915991556653345,0.03350027423841954,0.021189614530994452,0.008945423199419452,0.000683019959317531,0.0003757085221038489,100.0,0.0,62.4,2.7820855486487113,1.025,0.10897247358851683,4.15,0.3570714214271425,0
284,0.9173371410979095,0.03693057662774713,0.021999747781490782,0.010125437152819154,0.0006349959822762985,0.0003874279770040856,100.0,0.0,63.1,4.253234063627348,1.15,0.32015621187164245,4.05,0.6689544080129826,0
285,0.9179031648275127,0.031652113368036194,0.022372103084172194,0.010949001886959702,0.0005991116883564148,0.0003483585894601435,100.0,0.0,64.3,2.7766886753829643,1.05,0.21794494717703367,4.2,0.6782329983125268,0
286,0.9131887404962932,0.02739864144692713,0.023447996166485817,0.01138604756218077,0.0006253826128463417,0.0002844644032003726,100.0,0.0,62.6,2.764054992217051,1.125,0.3112474899497183,4.25,1.0428326807307104,0
287,0.9115583246221342,0.024232283456809948,0.024211672859090247,0.012974233658162202,0.0006126037517092966,0.00033719039589601754,100.0,0.0,62.4,3.583294573433783,1.1,0.2549509756796392,4.1,0.7681145747868608,0
288,0.9060262175085434,0.025408275279633564,0.025741334334832174,0.013113219697842632,0.0006374724050543833,0.0003169609531106817,100.0,0.0,62.95,1.883480820183736,1.025,0.10897247358851683,4.0,0.7745966692414834,0
289,0.908940097929027,0.03008751412829747,0.025908757095021183,0.012943474282570927,0.0006060111422952464,0.0003488093233295079,100.0,0.0,64.0,3.2093613071762426,1.125,0.3112474899497183,4.4,0.9695359714832658,0
290,0.9095274507907943,0.029791664653918297,0.027107906345317345,0.012820560279442915,0.0005642176996801128,0.0002721394300434844,100.0,0.0,64.1,3.4770677301427417,1.1,0.3,4.0,0.6324555320336759,0
291,0.905073356717611,0.03172268542669717,0.0288021747546906,0.011988131749159149,0.0005741447316138454,0.0002432416770754907,100.0,0.0,63.35,2.8857408061016145,1.0,0.0,4.2,0.7483314773547883,0
292,0.8979440944585033,0.034000056522508676,0.031188223422228996,0.011890252813322415,0.0005847940778405623,0.00029531969343987,100.0,0.0,64.6,2.3748684174075834,1.05,0.2179449471770337,4.4,0.9165151389911679,0
293,0.8993774441208183,0.030092996413781117,0.03215870200102457,0.01184235279213791,0.0005291191158129374,0.00024461581239868495,100.0,0.0,62.75,3.404041715373065,1.1,0.3,4.2,0.5099019513592784,0
294,0.898555605902606,0.032220061830390105,0.03251813362738344,0.012138430221569432,0.0005279432791792762,0.0002412603957719456,100.0,0.0,63.95,2.4794152536434875,1.05,0.21794494717703372,3.9,0.5385164807134504,0
295,0.8921068293207728,0.03504002021389837,0.03479753954310487,0.013213112413284957,0.0005120753632541949,0.00025313165342332996,100.0,0.0,62.4,1.9078784028338913,1.1,0.3,4.45,0.9205976319760986,0
296,0.8875086039890899,0.032845320651307734,0.036756489606228786,0.01340490799385801,0.0004857038086913284,0.00021707843234608954,100.0,0.0,61.8,3.171750305430741,1.2,0.4,4.3,0.6403124237432849,0
297,0.8787684585505378,0.03710301761136697,0.03810980863807165,0.013502593836314226,0.000538094565402958,0.00024577368834614356,100.0,0.0,63.45,2.765411361804967,1.075,0.23848480035423641,4.3,0.8426149773176358,0
298,0.8751376183121706,0.03988241724451821,0.0389533586947169,0.013500200706468126,0.0005631486881569588,0.00022323562613555748,100.0,0.0,65.05,2.4591665254715873,1.025,0.10897247358851683,4.0,0.5477225575051661,0
299,0.8728638090582382,0.038256498616764674,0.03986710858739648,0.011993350682848524,0.0005601088289803626,0.0002098134273750772,100.0,0.0,63.95,3.1220986531498327,1.0,0.0,4.35,0.7262919523166976,0
300,0.8643762659557085,0.03913327970338145,0.04105523971807429,0.011645405562753003,0.0006282727171658174,0.00023034865902120402,100.0,0.0,64.05,2.011839953873071,1.0,0.0,4.2,0.6782329983125269,0
301,0.8555056931360324,0.04161781813473802,0.042539345160197306,0.011482251499013293,0.0006831141551994532,0.0002725411683597099,100.0,0.0,63.0,2.4698178070456938,1.0,0.0,4.15,0.7262919523166975,0
302,0.8499054503616857,0.03708681562765581,0.04558803459334003,0.010082467996303341,0.000612494125609421,0.00025613065789649203,100.0,0.0,62.55,2.0365411854416298,1.15,0.3570714214271425,4.6,1.019803902718557,0
303,0.8389495350741581,0.04044567404322525,0.04802429143717997,0.010687261817471266,0.0006394559671911897,0.000298945967156812,100.0,0.0,62.05,4.06786184622831,1.175,0.36314597615834876,4.15,0.5722761571129799,0
304,0.8347425774243107,0.04530161594690064,0.04816946421364327,0.011851558867023805,0.0006798448024906415,0.000275731514513083,100.0,0.0,65.0,3.082207001484488,1.0,0.0,4.0,0.9486832980505138,0
305,0.8298109291573974,0.045307805087206596,0.04939871632329242,0.012229251628715344,0.0006755785944765928,0.0003381800931429036,100.0,0.0,64.5,2.0371548787463363,1.05,0.21794494717703372,4.05,0.4974937185533099,0
306,0.8242571647093282,0.04278701598012367,0.05047156366734408,0.012582418345531659,0.000676460009048348,0.0003262531072250221,100.0,0.0,64.4,2.6532998322843193,1.0,0.0,4.3,0.714142842854285,0
307,0.8179592945673283,0.04197379615437565,0.05088733068339415,0.012828217776910353,0.0007395193820253808,0.0003442435436619289,100.0,0.0,62.75,2.7363296585024255,1.05,0.2179449471770337,4.2,0.6,0
308,0.8091234143552912,0.03797351606237529,0.052053185454823625,0.013380281697256104,0.0007834678519486275,0.0004286575962667391,100.0,0.0,62.9,3.1606961258558215,1.025,0.10897247358851683,4.2,0.7483314773547883,0
309,0.8038742082618734,0.03952539481153548,0.053343730520049495,0.012450663887750832,0.0008001413194021617,0.00040554472510730903,100.0,0.0,62.3,2.882707061079915,1.05,0.21794494717703372,4.75,0.82915619758885,0
310,0.8022555791001116,0.043910311976853085,0.05364762991488968,0.013562779657281325,0.0007958647038319439,0.00034231190875971845,100.0,0.0,64.2,3.385262175962151,1.0,0.0,4.1,0.6244997998398398,0
311,0.7978325248073006,0.046388706357250856,0.05455120625717106,0.013040773936236877,0.0008283415102923357,0.00040881254100903113,100.0,0.0,64.45,2.15580611373101,1.0,0.0,4.1,0.6244997998398398,0
312,0.7968346269740847,0.05121983263696722,0.05523624898905324,0.014634669458260792,0.0007729678830647963,0.0003502382575747734,100.0,0.0,63.8,3.325657829663178,1.0,0.0,4.15,0.8529361054615991,0
313,0.7969301292583023,0.05387250223192313,0.05537487311339758,0.014840563623634662,0.0007646127588863304,0.0002603994859476811,100.0,0.0,63.7,2.5317977802344327,1.075,0.23848480035423641,4.35,0.7262919523166976,0
314,0.7996371408004826,0.05729537908050211,0.05408285434173059,0.014660341779137255,0.0008204389748758055,0.000297002918491594,100.0,0.0,63.15,3.9531632903283924,1.15,0.3570714214271425,4.2,0.812403840463596,0
315,0.8026002108236618,0.061854660403600194,0.052599777789608525,0.015075376508062129,0.0008579006527457536,0.0003239459770254128,100.0,0.0,63.15,2.286372673034735,1.075,0.23848480035423641,4.1,0.6244997998398398,0
316,0.798504686016438,0.05966316763131791,0.0534569081026501,0.01526864220148402,0.0008585763240876452,0.0003472311637299511,100.0,0.0,63.55,2.8892040426387338,1.0,0.0,4.25,0.698212002188447,0
317,0.7980423008394971,0.06478597750223347,0.05371218385196593,0.015153645461081817,0.0008595319699449637,0.0004216288062980036,100.0,0.0,63.1,2.9137604568666933,1.025,0.10897247358851683,4.4,0.9165151389911679,0
318,0.8049686393282321,0.057936274721569404,0.052138503146897754,0.015279644614822301,0.000856577762739626,0.00039591779909932027,100.0,0.0,63.75,2.878801834096956,1.0,0.0,4.35,0.5722761571129799,0
319,0.8082157221492334,0.06502659970254399,0.05219092059373302,0.016269535273140977,0.0007998441062327596,0.0003482192476443968,100.0,0.0,63.15,2.5548972582082436,1.05,0.2179449471770337,4.3,0.6403124237432849,0
320,0.8077402477971081,0.06767876499768444,0.05197278371281212,0.018254647651215955,0.0007736985406063795,0.0003524167005511046,100.0,0.0,62.9,2.2781571499789037,1.025,0.10897247358851683,4.45,0.9733961166965891,0
321,0.8068356585811763,0.07498615343510184,0.05257532158492201,0.01864003445610779,0.0007353045754262866,0.0003262103872718672,100.0,0.0,63.05,3.1220986531498327,1.125,0.3112474899497183,4.1,0.7,0
322,0.7999724893148489,0.0756536212377136,0.053996337467929575,0.018851716156822178,0.00074377531180892,0.0003612804201501567,100.0,0.0,62.55,2.3973944189473704,1.05,0.21794494717703372,4.65,0.653834841531101,0
323,0.7912935333654043,0.08333671021026952,0.05602259789004228,0.020061318400291753,0.0007328488525246344,0.00030354653282438685,100.0,0.0,63.7,2.3895606290697042,1.075,0.23848480035423641,4.3,0.6403124237432849,0
324,0.7851957579560265,0.08478413416746795,0.05784870875253012,0.020598221546391286,0.0006995800479186111,0.0002348359892788746,100.0,0.0,63.65,2.286372673034735,1.1,0.2549509756796392,4.2,0.6782329983125268,0
325,0.7827921862530409,0.08273623617293188,0.05842668698681526,0.019679432841202896,0.000729414971652892,0.0002583344003536778,100.0,0.0,63.15,2.372235232855292,1.05,0.21794494717703372,4.35,0.7921489758877431,0
326,0.7807414324820908,0.08015107475443715,0.059443403056519864,0.018664874146203225,0.0007064045821295991,0.00027818373917671174,100.0,0.0,63.5,2.958039891549808,1.1,0.3,4.0,0.6324555320336759,0
327,0.7779903740819518,0.08037616108198131,0.06088172066008566,0.018064113249665836,0.000663056769316781,0.00024551614506284215,100.0,0.0,63.55,2.836811590500857,1.0,0.0,4.0,0.7071067811865476,0
328,0.7722259780125506,0.09185375038514923,0.06174151319384848,0.021235725172957624,0.0006368593948971939,0.00027530250389590965,100.0,0.0,62.95,2.67348087705897,1.075,0.23848480035423641,4.1,0.5385164807134504,0
329,0.7636457179988123,0.09482247530012854,0.06199613617029789,0.02245274994371081,0.0007410466923554315,0.00021740493037828248,100.0,0.0,63.65,4.2340878592679205,1.15,0.3570714214271425,4.25,0.6224949798994366,0
330,0.7518112916951805,0.09753079746345271,0.0640501704858491,0.023039160080450753,0.0007778779573047354,0.0003060943205377484,100.0,0.0,63.9,2.947880594596735,1.025,0.10897247358851683,4.35,0.8529361054615991,0
331,0.7564403117394449,0.10365153979451398,0.06245019590499773,0.024006906151642082,0.0007914204926409412,0.00035568079969404784,100.0,0.0,63.45,2.801338965566288,1.1,0.3,4.35,0.5722761571129799,0
332,0.7608180677222933,0.10321423254521957,0.06149599928376531,0.02364984278455784,0.000814730998606973,0.0004848320074223903,100.0,0.0,62.8,2.6191601707417593,1.025,0.10897247358851683,4.3,0.6403124237432849,0
333,0.7618092721809631,0.11044326754005243,0.06116651950850345,0.024957514681792862,0.0007921198699410627,0.0004676818110607703,100.0,0.0,63.7,2.7946377224964243,1.075,0.23848480035423641,4.3,0.8426149773176358,0
334,0.7592892911425265,0.11382566613364072,0.06343936737534671,0.023499426834276582,0.0007377475551311507,0.0003758870593090082,100.0,0.0,64.1,3.6041642581880198,1.0,0.0,4.4,1.0198039027185568,0
335,0.7584501845235199,0.11323191222205471,0.06312415775690791,0.023442587580592124,0.0007839489573814335,0.00039627830644336733,100.0,0.0,62.9,3.7403208418530087,1.175,0.36314597615834876,4.3,0.45825756949558405,0
336,0.7589030451218007,0.1125272894495787,0.0625778531437171,0.024560335055758897,0.0007814276264618526,0.00029388010787275386,100.0,0.0,63.95,3.7212229172679243,1.175,0.36314597615834876,4.45,0.6689544080129827,0
337,0.7580468629131615,0.11465193836893986,0.06285031350992297,0.02423003398577536,0.0007916664042189353,0.00028827007028013466,100.0,0.0,64.6,2.9051678092667896,1.025,0.10897247358851683,4.15,0.6538348415311009,0
338,0.7533907487768305,0.11819120501825459,0.0633975394053452,0.025307898855168324,0.000814514278719094,0.00030581738401886375,100.0,0.0,63.5,2.5199206336708304,1.0,0.0,4.2,0.6,0
339,0.7477247435943617,0.12179716340991144,0.06485043531049153,0.025403947646109797,0.0008115563314911693,0.0003187591844842018,100.0,0.0,64.15,2.688401011754013,1.025,0.10897247358851683,4.1,0.6244997998398398,0
340,0.7491484261956088,0.1232344698521854,0.06497912063313986,0.024905583702702436,0.000782238851183029,0.0003645841605309354,100.0,0.0,62.75,2.8262165522125158,1.05,0.21794494717703372,4.05,0.6689544080129826,0
341,0.7425610734127186,0.11305750893827672,0.06632361843848064,0.022920159696433882,0.0008486936106550724,0.0004910022984729905,100.0,0.0,63.35,3.365635155509284,1.125,0.3112474899497183,4.25,0.7664854858377946,0
342,0.7408856911221027,0.10602743559854509,0.06688250998280212,0.022044294947751435,0.0008036857247513557,0.0004549734620333672,100.0,0.0,62.25,3.6314597615834874,1.1,0.3,4.25,0.7664854858377946,0
343,0.7319705903322771,0.10570246752556729,0.0696011681330522,0.021892701096165774,0.0007311309917128973,0.00037766208539647425,100.0,0.0,63.95,2.5782746168707478,1.025,0.10897247358851683,4.05,0.8645808232895291,0
344,0.7170378831306016,0.10181691775711918,0.07298116462420069,0.0211848933642388,0.0007158232825841928,0.00035758056208210225,100.0,0.0,62.4,2.4166091947189146,1.0,0.0,4.3,0.45825756949558405,0
345,0.7031245612645265,0.09526174576010167,0.0759689044999397,0.019944274221290755,0.0006971923399221314,0.00042800107707997203,100.0,0.0,63.15,3.48245602987317,1.1,0.3,4.4,0.8602325267042626,0
346,0.6922454144071791,0.09618008746125702,0.07765014809494578,0.01971909043170045,0.0007528692368941068,0.00045941451116416514,100.0,0.0,63.8,3.4727510708370675,1.15,0.3570714214271425,3.85,0.5722761571129799,0
347,0.6850103844644038,0.0946081184639391,0.07950471553764714,0.018870481682852967,0.0007309023415938774,0.0003676313992809903,100.0,0.0,64.1,3.064310689208912,1.0,0.0,4.3,0.7810249675906654,0
348,0.6749752986539306,0.09422684153000144,0.08063286486744953,0.018664286108817582,0.0008054012410351073,0.0003663648248405555,100.0,0.0,63.65,2.43464576478797,1.05,0.21794494717703372,4.05,0.5894913061275798,0
349,0.6733668664848644,0.0948851369652576,0.0810699666630276,0.019039737844898364,0.0007815431378278033,0.0003125217856547838,100.0,0.0,63.55,2.940663190506523,1.0,0.0,4.3,1.0049875621120892,0
350,0.6719339451079376,0.09676476919673126,0.08113434737836991,0.018712597917047696,0.0008056038808939841,0.0003197520752665263,100.0,0.0,62.9,2.5278449319529077,1.05,0.21794494717703372,4.45,0.9205976319760986,0
351,0.6738331747625045,0.09344687571028315,0.08054764358794023,0.017215743122383213,0.0008779324362575176,0.0003896097695134143,100.0,0.0,63.1,1.9723082923316022,1.05,0.21794494717703372,4.2,0.8124038404635961,0
352,0.6770552783364832,0.09222559924076743,0.07989594358488449,0.016798210370752062,0.0009209522837565317,0.0005247516938561694,100.0,0.0,63.8,3.171750305430741,1.075,0.23848480035423641,4.55,0.6689544080129827,0
353,0.681010096420129,0.09366354893804218,0.07876854145779179,0.018724125123785334,0.0009303064295548525,0.0005059539549283226,100.0,0.0,63.9,3.047950130825634,1.025,0.10897247358851683,4.15,0.7262919523166975,0
354,0.6782941441839723,0.0921279284157493,0.08003319386205456,0.018467574321436357,0.0008866066845847825,0.0004088935035220703,100.0,0.0,63.0,2.9832867780352594,1.1,0.3,4.2,0.8124038404635961,0
355,0.6813073334769457,0.09324072229385721,0.07980571899116455,0.018489233570403114,0.0008470376104596226,0.00036494272990264336,100.0,0.0,63.1,2.930870177950569,1.05,0.21794494717703372,4.5,0.8660254037844386,0
356,0.6870951327393039,0.08703490176273344,0.07874174711539836,0.01803256783178816,0.0008256196923973252,0.0003962839166125774,100.0,0.0,63.35,2.903015673398957,1.05,0.21794494717703372,4.35,0.653834841531101,0
357,0.6907934930191955,0.08037547833003786,0.07772976989465435,0.017719842485726108,0.0008447508483891784,0.00036715961801698897,100.0,0.0,63.1,2.3430749027719964,1.05,0.21794494717703372,4.3,0.5567764362830021,0
358,0.6895208584032295,0.0761622139978661,0.07759620596677781,0.017198079519650855,0.0008596368342642496,0.00044445494910902016,100.0,0.0,63.45,2.836811590500857,1.1,0.3,4.15,0.47696960070847283,0
359,0.6873389516998586,0.08320202725700401,0.0779926168451297,0.018069535562408326,0.0008494327451102288,0.00037122288887227054,100.0,0.0,62.95,2.3973944189473704,1.05,0.21794494717703372,4.1,0.6244997998398398,0
360,0.6813021047626968,0.08341541634735375,0.07970969980438103,0.01710676885436525,0.0008275237599534803,0.00039700852857549866,100.0,0.0,64.2,2.0639767440550294,1.05,0.21794494717703372,4.0,0.6324555320336759,0
361,0.6818491724983653,0.08855415103213266,0.07981898308575845,0.018096263212114428,0.0008061113857043697,0.00035743984470328836,100.0,0.0,63.7,3.716180835212409,1.15,0.3570714214271425,4.05,0.804673846971554,0
362,0.6876295078368242,0.09219279757750871,0.07981165085344014,0.018300455698572686,0.0007120824084946465,0.00037372903558766823,100.0,0.0,62.5,2.247220505424423,1.025,0.10897247358851683,4.2,0.6,0
363,0.67890000486907,0.09761190775369975,0.08112843943536346,0.01895815986999534,0.0007573711164499695,0.0004242140672389754,100.0,0.0,62.3,3.7696153649941526,1.15,0.3570714214271425,4.05,0.5894913061275798,0
364,0.6743650068303558,0.1032216312196745,0.08201985882999549,0.019340604957198217,0.000729131787710093,0.0003890074971587701,100.0,0.0,64.7,3.132091952673165,1.0,0.0,4.15,0.6538348415311012,0
365,0.6687721773975894,0.10884141174200879,0.08297984507652667,0.02029883612409799,0.0007025262359318971,0.0003485858657850403,100.0,0.0,63.45,2.9912372022292053,1.05,0.21794494717703372,4.45,0.8645808232895291,0
366,0.6626299712709113,0.10767980848227919,0.08316047655756796,0.01999819308406685,0.0007866530514366304,0.00043923879946368676,100.0,0.0,62.75,2.878801834096956,1.1,0.3,4.05,0.739932429347437,0
367,0.64999621760906,0.10082958593255592,0.08530871341532917,0.01897029270836115,0.000819349505860625,0.00041074570738446997,100.0,0.0,63.75,3.2384409829422554,1.075,0.23848480035423641,4.1,0.7000000000000001,0
368,0.6426356173738371,0.09355231838642218,0.08571451307691566,0.017416183069150402,0.0009341430784656001,0.0004994461036774363,100.0,0.0,63.45,3.6670833096617805,1.075,0.23848480035423641,4.2,0.7483314773547883,0
369,0.644625004631381,0.10030809400236332,0.0847363006619352,0.018323907412672303,0.0009993149647467912,0.0004909934771002486,100.0,0.0,63.45,3.2011716605018234,1.05,0.2179449471770337,4.05,0.49749371855331004,0
370,0.6364203401630334,0.10951573288657103,0.08584388637150779,0.020242601253959196,0.0010581703896758673,0.0005069189956806329,100.0,0.0,64.1,2.844292530665578,1.05,0.15,4.25,0.698212002188447,0
371,0.6389500475500157,0.11547567836252194,0.08505198751107432,0.02165885979954538,0.001075124793799562,0.0005858588123639148,100.0,0.0,63.85,3.1666228067138023,1.0,0.0,4.15,0.6538348415311009,0
372,0.6396098184268153,0.11541574800058618,0.08520077707397686,0.022235745619379542,0.0010626237603113154,0.00048455442212995815,100.0,0.0,63.75,1.8131464364468746,1.05,0.21794494717703372,3.95,0.5894913061275798,0
373,0.6393503846699928,0.1243459535825603,0.08555047055437787,0.02421047442348973,0.001047633051955888,0.0004909132890149512,100.0,0.0,63.25,2.5273503912200224,1.05,0.21794494717703372,4.15,0.653834841531101,0
374,0.6325734618797566,0.1279241211686612,0.08661055081484284,0.025505227381475846,0.001043049865289124,0.000500213139071946,100.0,0.0,64.4,3.307567081708245,1.05,0.21794494717703372,4.0,0.5477225575051661,0
375,0.6316287877632755,0.1393127759785256,0.08642781653299023,0.02777745013947815,0.0010142006063867972,0.0005234562288263639,100.0,0.0,64.85,3.5252659474144643,1.075,0.23848480035423641,4.35,1.1947803145348521,0
376,0.626450464730252,0.13947373563425053,0.0869952232078907,0.028431192051102762,0.001063297796391098,0.0005105451777337577,100.0,0.0,63.8,3.2186953878862163,1.05,0.21794494717703372,4.15,0.7921489758877431,0
377,0.6241296919783552,0.14004969937879957,0.08868130787131723,0.027685419321109746,0.0010011542433590646,0.0004129139602759717,100.0,0.0,62.75,3.2384409829422554,1.025,0.10897247358851683,4.3,0.7810249675906654,0
378,0.623560139553752,0.13468100991518675,0.08960054697941316,0.025948802819189046,0.0009617068847987808,0.0004329520073617489,100.0,0.0,64.05,3.667083309661781,1.05,0.21794494717703372,4.15,0.7262919523166975,0
379,0.6300744313333009,0.1253936154109153,0.0886490489487597,0.023938164015436157,0.0009034263887459264,0.00046532173114968137,100.0,0.0,63.95,3.3834154341434335,1.075,0.23848480035423641,4.3,0.8426149773176358,0
380,0.6255882104561332,0.12528927559672315,0.08986801307530529,0.02407436114582627,0.0008621343243094852,0.00047771040708127977,100.0,0.0,63.05,2.8543825952384165,1.0,0.0,4.2,0.7483314773547882,0
381,0.6161788179417851,0.12082789899245475,0.09096699921171306,0.023978236262234453,0.0009761311882660948,0.0005939254626929768,100.0,0.0,63.4,2.6720778431774774,1.15,0.3570714214271425,4.2,0.812403840463596,0
382,0.6189288240095625,0.11694752925709367,0.09034826918773509,0.024059422023589017,0.0010036513884482832,0.0006125378874398403,100.0,0.0,62.85,2.8155816450602176,1.075,0.23848480035423641,4.25,0.82915619758885,0
383,0.6233945025813685,0.11117976735959294,0.0896757159424926,0.02382579006976612,0.0009850282466259198,0.0006165505679688669,100.0,0.0,62.0,2.792848008753788,1.05,0.21794494717703372,4.25,0.7664854858377946,0
384,0.6419413173988556,0.1113441619112641,0.08622953215907476,0.024075867017983543,0.0009951546037335964,0.0006273332464695983,100.0,0.0,62.3,2.968164415931166,1.1,0.3,4.5,0.7416198487095663,0
385,0.6519027426659869,0.10414335485884477,0.08480896279746877,0.022943226601532418,0.0009676912632977485,0.0005853895474800279,100.0,0.0,64.1,3.491418050019218,1.15,0.3570714214271425,3.9,0.7681145747868608,0
386,0.6660816781978265,0.10993711130925157,0.08292393020119757,0.022867594151154726,0.000848198364581599,0.0004205561121282312,100.0,0.0,63.25,3.222964473896664,1.1,0.3,4.25,0.82915619758885,0
387,0.668242022057075,0.1232790481000945,0.08268474654346256,0.024358177566252935,0.0007726787061854644,0.0003749358391400444,100.0,0.0,63.95,2.4387496796514396,1.0,0.0,4.15,0.7262919523166976,0
388,0.663728624831415,0.13924516730261696,0.08308634867871809,0.026982915315595372,0.0007681921764628593,0.0004342326322166046,100.0,0.0,63.5,2.80178514522438,1.05,0.21794494717703367,4.25,0.82915619758885,0
389,0.6528879084940755,0.1369754946141607,0.08401331666846067,0.026759701345478778,0.000878985274956308,0.0005396215235257681,100.0,0.0,63.75,2.7726341266023544,1.1,0.2549509756796392,4.35,0.5722761571129799,0
390,0.6472999462393896,0.13202662037339874,0.08475893717809932,0.02603981443893259,0.0009161984889535001,0.0005824974917743112,100.0,0.0,63.45,2.81913107180209,1.05,0.2179449471770337,4.1,0.6244997998398398,0
391,0.6419299765691997,0.1357013316743234,0.08659750817775129,0.026726664868060357,0.0008350305601209239,0.0005507104497581289,100.0,0.0,63.3,3.0512292604784714,1.0,0.0,4.35,0.6538348415311012,0
392,0.6389409257711958,0.1383993416506808,0.08641837244000408,0.027945622791634976,0.0008779479461270641,0.000475544269868689,100.0,0.0,63.8,2.9933259094191524,1.1,0.3,4.1,1.1789826122551597,0
393,0.6315855592261903,0.1391453828697608,0.08750314482940788,0.02845784941704339,0.0009131844093382583,0.00047105711221247037,100.0,0.0,63.8,2.5999999999999996,1.05,0.21794494717703372,4.9,1.1789826122551597,0
394,0.6298983739421176,0.1456708813095186,0.08783560493216826,0.029443328850958912,0.0009180434286317892,0.0004236408405746092,100.0,0.0,63.05,3.761316258971054,1.05,0.15,4.15,0.7262919523166976,0
395,0.6239777684150292,0.1461028440687162,0.08911022370441743,0.02934004276684426,0.0009075050069130263,0.0004345779732486502,100.0,0.0,62.85,2.5937424698685874,1.125,0.3112474899497183,4.15,0.5722761571129799,0
396,0.6165675288835788,0.14285405488159936,0.09075978829576362,0.027204224162979643,0.0009333889273207654,0.0004969902326349921,100.0,0.0,63.4,3.246536616149586,1.125,0.3112474899497183,4.35,0.6538348415311012,0
397,0.6160639718514459,0.14001768825337058,0.09078862162952753,0.02643591131701905,0.0009434282134111977,0.0005213105805915701,100.0,0.0,62.9,3.047950130825634,1.05,0.21794494717703372,4.65,0.7921489758877431,0
398,0.6213703501957333,0.1375658030473691,0.08983869045467763,0.025669323914933942,0.00101137699455474,0.0005434018350508628,100.0,0.0,63.35,2.4550967394381837,1.05,0.21794494717703367,4.05,0.5894913061275798,0
399,0.6173515319162187,0.12885068950136602,0.09060725743480484,0.023994632160324506,0.0010040266860492678,0.000447087956640857,100.0,0.0,62.85,2.4550967394381833,1.05,0.2179449471770337,4.4,0.8,0
400,0.6135753137236006,0.12958775930236383,0.09246181461145005,0.02375803461503901,0.000902398534808805,0.00048093523861244343,100.0,0.0,62.55,3.0736785778607367,1.05,0.21794494717703372,4.2,0.5099019513592784,0
401,0.6131762903592302,0.11911626279492385,0.09309623095913393,0.021158396432192514,0.0008428892510010677,0.0004324975874340362,100.0,0.0,63.85,2.414021540914662,1.1,0.3,3.95,0.804673846971554,0
402,0.5991611681354807,0.11513403327729536,0.0956108525619238,0.02061874426711756,0.0008821125985188002,0.0004207798672228534,100.0,0.0,63.75,3.5899164335677787,1.1,0.3,4.15,0.9630680142129111,0
403,0.5904424676580569,0.1092956653671222,0.09771388813562353,0.019658326524079655,0.0008137686842880401,0.00039889941781570145,100.0,0.0,62.85,2.5352514668174435,1.1,0.3,4.15,0.4769696007084728,0
404,0.5767239864013713,0.10101032098263962,0.10042322936718209,0.018668609696518342,0.0008124705022392381,0.00035167873540270907,100.0,0.0,63.65,2.6884010117540127,1.05,0.21794494717703372,4.2,0.6,0
405,0.5654913553817955,0.09620942917768506,0.10186980921075647,0.018012309588156517,0.0008285345282158657,0.0003487841676361997,100.0,0.0,63.4,2.8000000000000003,1.05,0.21794494717703372,4.15,0.7262919523166975,0
406,0.5527815282774415,0.10213224345167811,0.10365217605985011,0.01958014213734217,0.0009245108856183015,0.0003539819719063379,100.0,0.0,62.65,4.162631379308046,1.15,0.32015621187164245,4.1,0.8888194417315588,0
407,0.5480874543570596,0.10858541536365897,0.1042662351377855,0.0203522988123997,0.0009335738499922448,0.0003998220508202041,100.0,0.0,63.95,2.8892040426387333,1.0,0.0,4.35,0.7262919523166976,0
408,0.5331555707874356,0.10798447840218865,0.10718320676966171,0.02053432349807545,0.0009419045388505982,0.00033405392843345106,100.0,0.0,63.05,3.0736785778607367,1.15,0.3570714214271425,4.25,0.4330127018922193,0
409,0.5455148666253209,0.12344710020619881,0.10489962765540087,0.023159657735477405,0.0009654596945238734,0.00040363057295893543,100.0,0.0,63.25,3.031088913245535,1.075,0.23848480035423641,4.3,0.45825756949558405,0
410,0.5482004516890367,0.12981805278499844,0.10498191620950925,0.02376422412986947,0.0009207126484533255,0.0004328753391766818,100.0,0.0,64.15,2.7798381247835278,1.0,0.0,4.25,0.9420721840708386,0
411,0.5444438950848689,0.13057060911196194,0.10595016965476925,0.02402473222930709,0.000986346377992419,0.0004322591651365727,100.0,0.0,62.55,2.7290108097990378,1.15,0.3570714214271425,4.15,0.7262919523166975,0
412,0.5519330562604552,0.12695642613537186,0.10515595622081611,0.02306809984890602,0.0009452600244414336,0.0004626517671800863,100.0,0.0,62.95,3.0244834269673224,1.075,0.23848480035423641,4.2,0.8717797887081348,0
413,0.5553638258150246,0.11523328400384229,0.10437236384592916,0.02001224658565524,0.0009566381869890235,0.0005132485236941198,100.0,0.0,64.65,2.903015673398957,1.0,0.0,4.3,0.5567764362830021,0
414,0.5561175346171755,0.10870732994195138,0.10430665399748221,0.01935447728354808,0.0009110238648006343,0.0004736275285487885,100.0,0.0,63.75,2.5074887836239665,1.0,0.0,4.35,0.7262919523166975,0
415,0.5569355789664427,0.10321448706324607,0.10386004156407594,0.018698948008748842,0.0008636571122974353,0.0004914373566172848,100.0,0.0,63.85,2.286372673034735,1.05,0.21794494717703367,4.2,0.5099019513592784,0
416,0.5485088849246348,0.10279147721191322,0.10504790417135039,0.018742086073367477,0.0008443789290320079,0.00047365722719204073,100.0,0.0,63.05,3.169779172119093,1.075,0.23848480035423641,4.25,0.698212002188447,0
417,0.5294222182984307,0.1003869420020306,0.10757911787435481,0.019029912044434456,0.0009680206160693124,0.0004034323579160386,100.0,0.0,65.4,2.672077843177477,1.0,0.0,4.25,0.698212002188447,0
418,0.5316334292389819,0.10883641176481629,0.1064527292775578,0.020446976026055226,0.0011235296148015962,0.00048765295987065305,100.0,0.0,62.55,3.5843409436045564,1.05,0.21794494717703372,4.3,0.8426149773176358,0
419,0.5466446093191463,0.11741602672645157,0.10338753217674808,0.021830394841616446,0.001192442982188051,0.000553184203705081,100.0,0.0,61.8,3.043024810940588,1.2,0.4,3.95,0.5894913061275798,0
420,0.5577035174826372,0.12270588879170428,0.1011948226269597,0.02305271262650649,0.0012255519856770331,0.0005560390525890516,100.0,0.0,64.25,2.624404694402142,1.05,0.21794494717703372,4.05,0.6689544080129826,0
421,0.5697655639541718,0.12683285554802376,0.09873496230267516,0.02345955255487061,0.0012716531879945765,0.0006407385612346144,100.0,0.0,63.75,2.299456457513384,1.0,0.0,4.25,0.5361902647381804,0
422,0.5796035023098874,0.12245660217509748,0.09736936576092388,0.02268454411147783,0.0012409820811461602,0.0007101297319172653,100.0,0.0,63.9,3.7403208418530087,1.125,0.3112474899497183,3.95,0.4974937185533099,0
423,0.5864663402232086,0.12055991970643508,0.09622678406013138,0.02330215201426519,0.0011129017279507183,0.0006761432829712195,100.0,0.0,62.6,4.1521078984053394,1.2,0.4,4.15,0.9096702699330127,0
424,0.5818314744058897,0.11026058217065957,0.09727641968392549,0.02128070510033866,0.0010754896740379335,0.0007211014069155034,100.0,0.0,63.9,2.5670995305986875,1.025,0.10897247358851683,4.1,0.43588989435406733,0
425,0.5779994908180563,0.11938111047984842,0.09768929943709288,0.023903284975984224,0.0009614436777202791,0.0007461271613629011,100.0,0.0,62.5,3.0413812651491097,1.1,0.3,4.65,0.9096702699330126,0
426,0.5694925098609229,0.12292581013186019,0.09970635041940465,0.024140620601940256,0.0009390630069902484,0.0006067177480345808,100.0,0.0,63.0,2.569046515733026,1.05,0.15,4.1,0.7,0
427,0.5585555687255752,0.12765832522544238,0.10217553555028962,0.024668623252480235,0.0009025998245980157,0.0005594344014338557,100.0,0.0,63.95,3.528101472463625,1.05,0.21794494717703372,4.25,0.5361902647381804,0
428,0.5575991835650342,0.13030573317311298,0.10216006318948916,0.024660130784468916,0.0010059720153455622,0.0006366795186151073,100.0,0.0,63.6,3.023243291566195,1.05,0.21794494717703372,4.3,0.6403124237432849,0
429,0.5601201701839938,0.1213982071780403,0.10166759454937857,0.022797507937624882,0.0010603655860414924,0.0006562669435316711,100.0,0.0,62.45,2.836811590500857,1.15,0.3570714214271425,4.2,0.6782329983125269,0
430,0.5704231478431085,0.11781501596667968,0.09983820718295519,0.02211522449127849,0.0010474152676283781,0.0005633650456151999,100.0,0.0,63.55,2.132486811213612,1.1,0.2549509756796392,4.2,0.6782329983125268,0
431,0.5745870484323744,0.11700972361673741,0.0994921131210066,0.02180071782780007,0.0009884766866598684,0.0005313528660353484,100.0,0.0,62.55,3.169779172119093,1.125,0.3112474899497183,4.1,0.5385164807134504,0
432,0.5785393309155891,0.11083873476597506,0.09849465527090454,0.02054259338313785,0.0009462639742342365,0.0005110772067936508,100.0,0.0,63.95,2.4994999499899975,1.05,0.21794494717703372,4.05,0.6689544080129826,0
433,0.5642678199319618,0.11818959667060283,0.10150656955329769,0.02106865028278313,0.0009309794149798833,0.000516166452647598,100.0,0.0,63.4,3.6660605559646724,1.1,0.3,4.25,0.5361902647381804,0
434,0.5606216613675216,0.11980380754359826,0.10247170893760642,0.021066558955809583,0.0009193909541435408,0.0004579202721396008,100.0,0.0,63.2,3.3105890714493693,1.075,0.23848480035423641,4.15,0.6538348415311012,0
435,0.5648674007204642,0.11843875210110502,0.1013698039681302,0.021189276952320434,0.000947618410432848,0.0005681924714797193,100.0,0.0,64.0,3.40587727318528,1.05,0.21794494717703372,4.15,0.6538348415311012,0
436,0.5668671272134792,0.12203292185188791,0.10072891379074758,0.023130067765769174,0.000957352393571684,0.0005372872251768259,100.0,0.0,64.65,2.2863726730347356,1.05,0.21794494717703372,4.2,0.39999999999999997,0
437,0.5590965549411686,0.11819945882128675,0.10097119531085064,0.023305401785046323,0.001071790242974966,0.000507482708975357,100.0,0.0,62.75,3.1444395367060247,1.05,0.21794494717703372,4.3,0.7810249675906654,0
438,0.5595816050017938,0.1252386638902309,0.10151194366484835,0.02389698534604761,0.0010335716265318404,0.0004884054549216668,100.0,0.0,63.1,2.826658805020514,1.0,0.0,4.55,0.6689544080129827,0
439,0.5534189401452505,0.12575818969269814,0.10277580138992484,0.024294241598147893,0.0010361516141188542,0.0004519248532171054,100.0,0.0,63.85,2.868361901852694,1.025,0.10897247358851683,4.25,0.5361902647381804,0
440,0.5603461757363979,0.12568771828664985,0.10133072468938328,0.023801922904464458,0.001146591726358264,0.0005381449848877255,100.0,0.0,63.2,2.712931993250107,1.1,0.3,4.05,0.804673846971554,0
441,0.5754015179200003,0.1266225620327184,0.09835294043627796,0.023227542960999464,0.0011765656760708016,0.0005746888506833048,100.0,0.0,63.25,2.1880356487041066,1.025,0.10897247358851683,4.55,0.6689544080129827,0
442,0.5803986647684565,0.1212760780624252,0.09793841294569272,0.021504612252002796,0.0011311876462616985,0.00057390526484339,100.0,0.0,62.85,3.365635155509284,1.1,0.3,4.15,0.47696960070847283,0
443,0.5762638285418986,0.11820005590388404,0.09884280291336411,0.020435972410695447,0.0010750482354728841,0.0005011405923170795,100.0,0.0,62.15,3.335790760824186,1.1,0.25495097567963926,4.5,1.118033988749895,0
444,0.5806148501190762,0.10899057434448366,0.09743436397481749,0.01940485891133166,0.0011190970297149528,0.0004778600686196287,100.0,0.0,65.35,2.903015673398957,1.0,0.0,4.05,0.6689544080129826,0
445,0.5793622086865527,0.1056765028030724,0.09828775939522337,0.01877144083940968,0.0010853842158546193,0.0004991864977128502,100.0,0.0,62.85,3.5815499438092444,1.05,0.15,4.3,0.8426149773176358,0
446,0.5785017456057515,0.09518704441927454,0.09895471723740391,0.017744602085482866,0.0010202447860414659,0.0005411974940845649,100.0,0.0,62.95,2.9406631905065224,1.025,0.10897247358851683,4.3,0.5567764362830021,0
447,0.5865239456084645,0.1004575725777617,0.09748506272258003,0.020122107893388797,0.0010102372143956822,0.0004889087106370322,100.0,0.0,61.85,3.1348843678834477,1.125,0.3112474899497183,3.85,0.3570714214271425,0
448,0.5890545498544437,0.09930923218670461,0.09657129529486785,0.019531124752523193,0.0010890378031771669,0.000552103550400228,100.0,0.0,64.05,3.3537292675468007,1.0,0.0,4.2,0.812403840463596,0
449,0.601317951397473,0.10652260405231641,0.09467806433364649,0.02110318995347932,0.0010456397952881469,0.000554963808959129,100.0,0.0,62.85,2.8508770580296865,1.1,0.3,4.25,0.82915619758885,0
450,0.6101761894338409,0.12456948214015004,0.09381220765691678,0.024120141182534145,0.0008880967142558321,0.0004646660921546508,100.0,0.0,63.65,2.937260628544903,1.05,0.21794494717703372,4.2,0.812403840463596,0
451,0.6062274369394693,0.13234530971364206,0.09457696386233277,0.025746149391537517,0.0008502120359259553,0.0004433540976388964,100.0,0.0,62.55,2.923610781208744,1.025,0.10897247358851683,4.35,0.8529361054615991,0
452,0.592184576745411,0.1359496888902256,0.0977661165865082,0.026048602442295236,0.0007777724248351724,0.0003669051968319926,100.0,0.0,62.65,3.08666486681013,1.05,0.21794494717703372,4.35,0.9630680142129111,0
453,0.57715957755788,0.13569329686004078,0.10070011781796906,0.025308589764960043,0.000730136509961626,0.00033669220841879577,100.0,0.0,64.05,3.201171660501823,1.05,0.21794494717703372,4.1,0.7000000000000001,0
454,0.5537763091386051,0.13376849830562673,0.10480096176217116,0.024418322549400597,0.0007560146632230885,0.00039062360723602323,100.0,0.0,63.55,2.97447474354717,1.0,0.0,3.95,0.5894913061275798,0
455,0.5337608116541089,0.13064004887190156,0.10797483869337873,0.024215038382398787,0.0008219113386853363,0.0004844352746964459,100.0,0.0,62.8,3.501428280002319,1.05,0.21794494717703372,4.4,0.9165151389911681,0
456,0.5165834626719573,0.1284114952510074,0.11179037063723918,0.024028746457539586,0.0007704891478585846,0.0003647923446314847,100.0,0.0,62.55,2.7106272336859605,1.0,0.0,4.15,0.47696960070847283,0
457,0.5040860245022488,0.1298888183500093,0.11401337360525876,0.024524057286591006,0.0007709826697498738,0.0003419126002490269,100.0,0.0,63.65,4.138538389335056,1.025,0.10897247358851683,4.35,0.7262919523166975,0
458,0.49707175639441487,0.12851334643755255,0.11545123721736236,0.024441359008738422,0.0007634411293173415,0.00038376652673441375,100.0,0.0,62.65,3.118894034750139,1.05,0.21794494717703372,4.7,0.9539392014169458,0
459,0.47898633800722373,0.11935220265515208,0.11877341830629458,0.022512090315746115,0.0008344343297035587,0.00038095378923297813,100.0,0.0,64.65,2.5743931323712004,1.0,0.0,4.25,0.82915619758885,0
460,0.4751871054109379,0.11425981038297524,0.11939683681298127,0.021132556966556634,0.000888599129570111,0.0005077363001715572,100.0,0.0,63.65,3.380458548777074,1.025,0.10897247358851683,4.2,0.7483314773547883,0
461,0.4674462236433678,0.11136024275579019,0.12036681428675769,0.02075970199567356,0.0009223993197261504,0.0005145780831430009,100.0,0.0,63.75,2.48746859276655,1.025,0.10897247358851683,4.2,0.7483314773547883,0
462,0.46278286157060905,0.11333601606572626,0.12136190753406813,0.02170261731369011,0.0009058617296622072,0.00042457590038965043,100.0,0.0,64.15,3.380458548777074,1.1,0.3,4.05,0.6689544080129826,0
463,0.4446165048085723,0.11976253412604293,0.12489335021595842,0.023900755260483145,0.0009051790493104777,0.00044696476045570464,100.0,0.0,63.45,2.9064583258667245,1.1,0.3,4.05,0.6689544080129826,0
464,0.4455682067844566,0.13587733887237002,0.12434708620207394,0.027414843869339536,0.0009860771407615757,0.0004040321830839283,100.0,0.0,65.25,3.222964473896664,1.05,0.21794494717703372,3.95,0.49749371855331004,0
465,0.45467350938634155,0.15384810826728407,0.12254800527758214,0.030109114057476575,0.0010469209748180915,0.0004800176594887251,100.0,0.0,65.2,2.976575213227443,1.0,0.0,4.0,1.0488088481701516,0
466,0.45937916455274336,0.1622888136025135,0.12148957532376711,0.03114127589879195,0.0010726776127765966,0.0005430692130715454,100.0,0.0,64.05,3.1220986531498327,1.075,0.23848480035423641,4.1,0.7000000000000001,0
467,0.47011144778598296,0.167845451720884,0.11830099996381764,0.03344953751631727,0.0012159924261402467,0.0006739830443655738,100.0,0.0,63.15,3.8114957693797855,1.15,0.3570714214271425,4.15,0.7921489758877431,0
468,0.48019721532438153,0.1667090863410999,0.11700118438457038,0.0320363829396818,0.0011859136983932525,0.0006863743096209845,100.0,0.0,64.95,3.040970239906994,1.025,0.10897247358851683,4.0,0.5477225575051661,0
469,0.4829755814691842,0.1691897314809017,0.11577859077473052,0.03276707449514007,0.0011496766969278434,0.0005832540343561968,100.0,0.0,63.35,2.6509432283623124,1.05,0.2179449471770337,4.05,0.49749371855331004,0
470,0.477269486136343,0.17063882420564155,0.11617927112133279,0.03393357919787736,0.0011850152352711446,0.0006445870062712783,100.0,0.0,62.45,2.7290108097990378,1.1,0.3,4.2,0.6,0
471,0.46174487264015995,0.1590927048601259,0.11919204656715912,0.031845636315318004,0.0011849260863503043,0.0006502012722397405,100.0,0.0,63.2,3.709447398198282,1.025,0.10897247358851683,4.45,0.9733961166965892,0
472,0.46200540908917215,0.1545944369326205,0.11929553990564128,0.030963122229955134,0.001242090706808406,0.0007195127677579497,100.0,0.0,61.85,3.7719358425084595,1.075,0.23848480035423641,4.4,0.9695359714832658,0
473,0.46470248623426064,0.1483854150872852,0.11873416285269123,0.029782895413919257,0.001296507735203717,0.0007706851550666031,100.0,0.0,63.55,3.2935543110748915,1.05,0.21794494717703372,4.15,0.47696960070847283,0
474,0.47059526429983345,0.14587729213829892,0.11792094068988704,0.02872304845379536,0.0012610875522252067,0.0006880292416873072,100.0,0.0,63.2,3.009983388658482,1.1,0.3,4.4,0.5830951894845301,0
475,0.4790659348786347,0.14197071713814335,0.11693955024014084,0.028066903413709425,0.0012140734562634935,0.0005195338014431296,100.0,0.0,63.8,3.443835071544512,1.0,0.0,4.35,0.7921489758877431,0
476,0.4936480570641111,0.12751482843352055,0.11397353196620956,0.02426698372338555,0.0012367353063750515,0.0007061752000803738,100.0,0.0,64.5,3.263433774416144,1.025,0.10897247358851683,4.1,0.7681145747868608,0
477,0.4996913556459354,0.1354091096207158,0.11339588501781646,0.024943249183714586,0.0011543748695498333,0.0007476764487069131,100.0,0.0,63.25,3.207413287993925,1.05,0.21794494717703372,4.4,0.5830951894845301,0
478,0.5048521800753581,0.13451733220876008,0.11193586826540765,0.02461100134224101,0.0010351836996731554,0.0007145628096957744,100.0,0.0,63.9,2.7367864366808017,1.0,0.0,4.2,0.6,0
479,0.4894853372296867,0.1376005877351697,0.11498945485132006,0.025077929666633535,0.0010054317428099973,0.0007894914641540768,100.0,0.0,63.55,2.7834331319433563,1.05,0.21794494717703372,4.45,0.8046738469715541,0
480,0.4788211264574004,0.1297831118315356,0.11696221105038833,0.023551942375339217,0.0009983484137368922,0.0007819144926626782,100.0,0.0,63.65,3.134884367883447,1.0,0.0,4.3,0.5567764362830022,0
481,0.45847428571957305,0.11823546915359695,0.12115021921275744,0.021697726433900284,0.000989113627399098,0.000800297327188028,100.0,0.0,62.55,3.6534230524263136,1.15,0.3570714214271425,4.3,0.7810249675906654,0
482,0.4379322219440088,0.10893106401167654,0.1251528669763085,0.02028357720804233,0.0010290872516050022,0.0007113390667175748,100.0,0.0,63.2,2.803569153775237,1.025,0.10897247358851683,4.1,0.5385164807134504,0
483,0.443754214391209,0.10691181085646712,0.12400930080266714,0.020138461127544766,0.0010860110631388024,0.0006630864360165738,100.0,0.0,63.9,3.2848135411313684,1.0,0.0,4.15,0.7921489758877431,0
484,0.44673081527396913,0.09896137029544817,0.1237736852811873,0.017686773657397865,0.0011348104055219047,0.000740399783356257,100.0,0.0,64.5,2.539685019840059,1.0,0.0,4.2,0.6782329983125269,0
485,0.46746216015432396,0.08958684203761058,0.11934295430493391,0.015933238609022824,0.001318404451823076,0.0007215966425559553,100.0,0.0,63.35,3.4245437652335533,1.1,0.2549509756796392,4.1,0.8888194417315588,0
486,0.4971292587422017,0.08820755427238805,0.11365940025141649,0.016345710871569,0.001303207583724306,0.0006737235006940506,100.0,0.0,63.55,2.5782746168707473,1.05,0.21794494717703367,4.25,0.5361902647381804,0
487,0.5180055216491098,0.10632854675657523,0.10939441447120732,0.020833177529280936,0.001193333981548213,0.0007423537665686752,100.0,0.0,63.55,3.694252292413175,1.1,0.3,4.15,0.5722761571129799,0
488,0.526478375008897,0.11889042947534578,0.10765144102168138,0.02477844625953309,0.0010072357266584543,0.0005944928629276276,100.0,0.0,62.4,3.786819245752298,1.05,0.15,4.45,1.2031209415515964,0
489,0.5227087256930929,0.123215365150598,0.10921493706267357,0.025384447006356673,0.0009517438177000589,0.00048429719474224426,100.0,0.0,63.35,3.623189202898463,1.05,0.15,4.45,1.023474474522936,0
490,0.5286964716668965,0.12954966041948562,0.10927168745032748,0.02528963993658455,0.0009106077618386222,0.0003484011760827844,100.0,0.0,62.6,3.0397368307141326,1.075,0.23848480035423641,4.05,0.6689544080129826,0
491,0.5194168301097827,0.12754959771574553,0.11130120140353368,0.02394905292646928,0.0008621057889403331,0.00038147092129812613,100.0,0.0,63.65,3.1666228067138023,1.0,0.0,4.25,0.6224949798994366,0
492,0.5069786989371001,0.11326137907684915,0.11380706795729012,0.021037808093745256,0.0008105273147559023,0.0003220184455131063,100.0,0.0,64.3,2.5317977802344327,1.0,0.0,4.2,0.6,0
493,0.4941592858943341,0.10671770717859246,0.11599979790789774,0.01979116381842644,0.0007083591737278605,0.00043346535650988944,100.0,0.0,63.8,2.712931993250107,1.05,0.21794494717703372,4.15,0.7262919523166975,0
494,0.47179060332828593,0.10421083334783048,0.11959447878554905,0.020383456925884263,0.0007756554905330191,0.0005771876111824747,100.0,0.0,64.0,2.5298221281347035,1.05,0.21794494717703367,4.25,1.0428326807307104,0
495,0.45443085117445736,0.0987489969603281,0.12204154827851563,0.020868948390376577,0.0008944284290516105,0.0006506754786876273,100.0,0.0,64.15,2.2197972880423116,1.0,0.0,4.3,0.7810249675906654,0
496,0.44834306744805047,0.10489980593211519,0.12292601171373044,0.02339031588831595,0.000989094149212304,0.0007071786934531499,100.0,0.0,63.45,2.871846096154876,1.1,0.3,4.05,0.6689544080129826,0
497,0.45866371029290154,0.12336945946887336,0.12026116833651442,0.02787499071164368,0.0011427879403519785,0.0007033955781409366,100.0,0.0,64.3,2.3259406699226015,1.0,0.0,4.3,0.7810249675906654,0
498,0.4854058047799124,0.15307045400303404,0.11532131442627422,0.03319812124393319,0.0011899242386284553,0.0006280213675305659,100.0,0.0,63.05,2.9744747435471695,1.1,0.3,4.5,1.02469507659596,0
499,0.4909989672484832,0.16843343543758382,0.11543701306210666,0.03478560356990664,0.0010492517604193743,0.0005837586465943219,100.0,0.0,62.5,3.2326459750489227,1.1,0.3,4.3,0.6403124237432849,0
500,0.4985901133959464,0.17963221491128986,0.11399599056058063,0.0366239580241237,0.0009555097322382196,0.000484526270284941,100.0,0.0,63.5,3.640054944640259,1.075,0.23848480035423641,4.2,0.7483314773547883,0
501,0.4981450090792435,0.18428783699015527,0.11464072490086044,0.036743615747852114,0.0009104621566349448,0.00047612805854299313,100.0,0.0,63.6,3.7202150475476548,1.15,0.3570714214271425,4.2,0.8124038404635961,0
502,0.4957390276950859,0.1879440991387135,0.11621369487438327,0.037006402538938096,0.0008583308103209,0.0004475118853829885,100.0,0.0,63.55,2.836811590500857,1.075,0.23848480035423641,4.0,0.7071067811865476,0
503,0.48993942593127804,0.18099567365863514,0.11808553793687937,0.03599968143586645,0.0008634992417138445,0.0004160132532712384,100.0,0.0,62.3,2.282542442102666,1.1,0.3,4.25,0.8874119674649424,0
504,0.48473176130529083,0.17324724635427757,0.11852432119324627,0.03495789549286783,0.0009611532447128422,0.0004281408668595723,100.0,0.0,63.35,3.5954832776693593,1.1,0.3,4.2,0.8124038404635961,0
505,0.4805272171851677,0.16173736413560433,0.11860186517075404,0.032730122624859366,0.0010780717592995955,0.0006253605371272376,100.0,0.0,63.75,3.329789783154486,1.1,0.3,4.15,0.5722761571129799,0
506,0.48461819684027124,0.14720867066040566,0.11657662317528794,0.029957416044178738,0.0011861111697133561,0.0005930567298253664,100.0,0.0,63.8,2.9257477676655586,1.05,0.2179449471770337,4.35,0.5722761571129799,0
507,0.4926628568738029,0.12862523356565034,0.11493678283558936,0.02661906700649677,0.001184533682061927,0.0005923940926677723,100.0,0.0,63.6,3.120897306865447,1.1,0.3,4.35,1.1079259903080168,0
508,0.5027695823483966,0.12317729788748558,0.1135721513402634,0.024723790082647985,0.001013225951190792,0.00043068758255434365,100.0,0.0,63.1,2.5670995305986875,1.075,0.23848480035423641,4.4,0.7348469228349535,0
509,0.49832146596127946,0.12868825004472265,0.11458693726402709,0.025951446541246818,0.0009736627225409985,0.00032200495552888516,100.0,0.0,63.75,3.672533185690771,1.1,0.3,4.1,0.8888194417315588,0
510,0.5050052810420429,0.12149186402801025,0.11334164263266515,0.02408587687361208,0.0010350312662216739,0.00024318124393563108,100.0,0.0,62.45,2.9744747435471703,1.125,0.3112474899497183,4.25,0.6224949798994366,0
511,0.5110829906936825,0.11001455308495593,0.11186007869226981,0.021444966884963196,0.0010839517025056583,0.0004437618523841614,100.0,0.0,63.45,3.456515586540874,1.05,0.15,4.2,0.6782329983125269,0
512,0.5240464483831119,0.11332254287483642,0.10939123136190336,0.021062965327396932,0.001042225195166792,0.0005359421552809983,100.0,0.0,62.0,3.449637662132068,1.1,0.3,4.5,0.8660254037844386,0
513,0.5192024600398475,0.12897399900095075,0.1105293251720055,0.024162980633579585,0.0009199686705357732,0.0004221589463677937,100.0,0.0,63.75,1.9461500456028564,1.0,0.0,4.45,0.7399324293474372,0
514,0.5134893499924786,0.1252606241083745,0.11201778924009129,0.02347683773830118,0.0008542401602672659,0.00045301074390725627,100.0,0.0,63.4,3.9924929555354263,1.05,0.21794494717703372,4.15,0.653834841531101,0
515,0.5024995779804513,0.1166030047473084,0.1134187348903511,0.022625204150707633,0.0009534048305488527,0.0005589639833850722,100.0,0.0,64.2,3.6276714294434105,1.1,0.3,4.3,0.6403124237432849,0
516,0.49563496841920085,0.11366395616702124,0.11466942640072067,0.022763280494616504,0.0009394768004452395,0.0005094229243444722,100.0,0.0,63.65,4.138538389335056,1.15,0.3570714214271425,4.15,0.7262919523166976,0
517,0.4909150552648426,0.10616193819837126,0.11507336544345967,0.021291756150160386,0.0009886583637154901,0.00046536793894431445,100.0,0.0,62.25,2.913331426391443,1.1,0.3,4.7,1.1,0
518,0.4888544982595967,0.10385290923558804,0.11570602903997315,0.019944965711939155,0.0009962296158924945,0.000435609882512236,100.0,0.0,62.9,3.2388269481403293,1.1,0.3,4.25,0.698212002188447,0
519,0.4854679451963294,0.10138894117317328,0.11641233112837794,0.019132559012647717,0.0010283674975993095,0.0004683490866700715,100.0,0.0,62.85,3.8506492958980307,1.05,0.21794494717703372,4.35,0.8529361054615991,0
520,0.48379911733792075,0.10715440623907288,0.11750227942940465,0.02078558947854749,0.0010034178385402424,0.00047076352448254726,100.0,0.0,63.05,2.7834331319433563,1.075,0.23848480035423641,4.25,0.7664854858377946,0
521,0.4928198728928984,0.12050376188729046,0.11568144774747632,0.022648536884550926,0.0009938298776725036,0.0004484380489878655,100.0,0.0,63.25,3.897114317029974,1.025,0.10897247358851683,4.25,0.8874119674649424,0
522,0.49371613192855274,0.12057102360850501,0.11512148797734426,0.02254296145490727,0.0010245983128255227,0.0005103978062117308,100.0,0.0,63.5,2.8722813232690143,1.0,0.0,4.35,0.7262919523166976,0
523,0.5009977895657638,0.13158090916554424,0.11262458860568429,0.024948321771134593,0.0010987798788157559,0.0006383132728129948,100.0,0.0,63.6,3.1368774282716245,1.075,0.23848480035423641,4.05,0.6689544080129826,0
524,0.4980234624319409,0.1317673125999955,0.11300724987795382,0.02573301560469412,0.0011260796095175858,0.0006419992592911538,100.0,0.0,62.2,2.5806975801127883,1.15,0.3570714214271425,4.2,0.8124038404635961,0
525,0.5051695771513796,0.13635708541854438,0.1117668045415644,0.02730872957848001,0.0011493913984062926,0.0005954551133256305,100.0,0.0,62.15,2.515452245621053,1.175,0.36314597615834876,4.2,0.5099019513592784,0
526,0.5091812589958467,0.12463515347077499,0.11041181946542108,0.025567899735230513,0.0012231186323353807,0.0007030721580041008,100.0,0.0,63.45,3.0409702399069944,1.1,0.3,4.5,0.7416198487095663,0
527,0.5150213338281151,0.1347445782491276,0.10997135950681973,0.026492355912678466,0.0011666024472355685,0.0007333026397694064,100.0,0.0,64.15,2.7617928959282954,1.025,0.10897247358851683,4.25,0.82915619758885,0
528,0.5219554387043794,0.13327718704875058,0.1091018683689021,0.0262806315899175,0.0009923289396581905,0.0006912929728789315,100.0,0.0,63.4,2.6343879744638983,1.05,0.21794494717703367,4.15,0.7262919523166976,0
529,0.521441335986359,0.1328663477180535,0.10949232723497833,0.026530451867044218,0.0009549081350178458,0.0005513994673083716,100.0,0.0,63.9,3.031501278244824,1.0,0.0,4.0,0.5477225575051661,0
530,0.5182188562494203,0.12869960000409694,0.11089531347769206,0.02558315363591712,0.0008909977887130605,0.00045903491554092246,100.0,0.0,63.35,3.5110539728121526,1.1,0.3,4.15,0.5722761571129799,0
531,0.5198548345239569,0.1357700718796147,0.11115167973744619,0.026516500371363456,0.0008423434036958692,0.00048223245292532347,100.0,0.0,63.25,3.6314597615834874,1.05,0.21794494717703367,4.85,1.107925990308017,0
532,0.5141074162652812,0.13371507856727735,0.11214465690262646,0.025576161259083373,0.0008834905302507051,0.00044861240571075946,100.0,0.0,63.3,2.5903667693977237,1.075,0.23848480035423641,3.95,0.6689544080129826,0
533,0.5010901273145729,0.13207317213014336,0.1137872615609888,0.025723060459552638,0.0009708608366890322,0.0005352526275575181,100.0,0.0,63.6,2.90516780926679,1.1,0.3,4.1,0.6244997998398398,0
534,0.49387233584708634,0.13697002664730215,0.11565245216701461,0.02634508068969632,0.0008575857421450995,0.0004696968151964875,100.0,0.0,63.25,2.843853020111975,1.075,0.23848480035423641,4.2,0.6782329983125268,0
535,0.48541590018362274,0.1383294977321698,0.11695512365010066,0.027189468892886398,0.0008851104680714418,0.0004565351352753241,100.0,0.0,61.7,2.9512709126747416,1.1,0.3,4.05,0.5894913061275798,0
536,0.47445843159464235,0.1306206923200605,0.11884645139343364,0.026241028524541896,0.000980903602548163,0.0006456916727568793,100.0,0.0,63.25,2.7179955849853767,1.075,0.23848480035423641,4.05,0.5894913061275798,0
537,0.4765179032419047,0.12468333560483007,0.1176847631889008,0.025279202853104466,0.0011479167568795405,0.000752885927496419,100.0,0.0,63.15,2.779838124783528,1.075,0.23848480035423641,4.0,0.7745966692414834,0
538,0.48230489558331896,0.11547308580578854,0.11571209856849671,0.024659762892339926,0.0013006507506371089,0.0006958832472638425,100.0,0.0,63.8,2.6381811916545836,1.05,0.21794494717703372,4.0,0.7071067811865476,0
539,0.5041206210845811,0.12085451894420156,0.1120761559839019,0.02523343263098664,0.0012647208024189522,0.000644362119579529,100.0,0.0,62.6,3.0066592756745814,1.175,0.36314597615834876,4.5,0.806225774829855,0
540,0.5212447185256095,0.12465941947623269,0.1091830526120429,0.025821468548267706,0.0011967692348994706,0.0005845083488941505,100.0,0.0,63.2,3.9319206502675,1.125,0.3112474899497183,4.25,0.698212002188447,0
541,0.5289934850898741,0.13149916972790593,0.10787214114921359,0.026283981823656242,0.0011106402497601956,0.0005086310770678652,100.0,0.0,65.15,3.4245437652335533,1.05,0.21794494717703372,4.2,0.6782329983125269,0
542,0.5360317017363186,0.13473441347102436,0.1067986341164496,0.026427711573786827,0.0010124542063105367,0.0004015401728891834,100.0,0.0,64.05,2.8718460961548757,1.05,0.21794494717703372,4.4,0.8,0
543,0.541085342817822,0.1393064451606248,0.10573968315500652,0.027048688675747116,0.0009794596335685973,0.00042066061969550677,100.0,0.0,63.65,3.1666228067138023,1.0,0.0,4.3,0.714142842854285,0
544,0.5446372059625827,0.1442512125632643,0.10442688018036676,0.028053640544980087,0.0010596300941330776,0.0005678668572583867,100.0,0.0,63.65,2.3081377775167584,1.0,0.0,4.3,0.6403124237432849,0
545,0.5481558139704468,0.14563146132379748,0.10408437896464635,0.028177289598567405,0.0010599963568903652,0.0005485174018250146,100.0,0.0,63.5,3.122498999199199,1.05,0.21794494717703372,4.2,0.6782329983125269,0
546,0.5493344486328413,0.16178625532239294,0.10408157747773597,0.031652460110880506,0.0010230866973683825,0.00039456427485232566,100.0,0.0,63.35,2.920188350089768,1.075,0.23848480035423641,4.25,0.82915619758885,0
547,0.5499640012460676,0.162305424871748,0.10388788352280753,0.03136812055629127,0.0010784420938343945,0.00044481520556786925,100.0,0.0,63.75,3.672533185690771,1.025,0.10897247358851683,4.35,0.5722761571129799,0
548,0.5459364018587308,0.15528291700308192,0.10436973008815051,0.02952022622097477,0.0010944248653274246,0.0005401664695099601,100.0,0.0,64.25,2.5074887836239665,1.025,0.10897247358851683,4.1,0.7681145747868608,0
549,0.5395385763166158,0.15893573726458335,0.10564332054352177,0.03026196328370622,0.0011225954320606096,0.0005363498125766272,100.0,0.0,63.45,2.635811070619441,1.025,0.10897247358851683,4.1,0.5385164807134504,0
550,0.5394635214182321,0.15702966369063395,0.10597098470348032,0.030194372696406884,0.001099659185683952,0.0006067474775129784,100.0,0.0,63.45,3.694252292413175,1.125,0.3112474899497183,4.05,0.804673846971554,0
551,0.537856085498638,0.1584663265331307,0.10628105248176237,0.03177212751101215,0.001095396475326046,0.0007232162941424907,100.0,0.0,64.4,3.307567081708245,1.05,0.21794494717703372,4.15,0.9096702699330127,0
552,0.5440838647531124,0.15887322167238344,0.10440240416283135,0.03298297045458986,0.0010873856349103712,0.0007472337425092508,100.0,0.0,63.05,2.71062723368596,1.0,0.0,4.35,0.5722761571129799,0
553,0.5324866025674302,0.16365559635472549,0.10721083052853611,0.034418464263771466,0.0009802433707594572,0.0006357912399152398,100.0,0.0,63.0,3.8078865529319543,1.1,0.3,4.15,0.5722761571129799,0
554,0.5237764453272006,0.15943563769520547,0.10848566460972542,0.03386632727832062,0.0010231445533624747,0.0007224990064928917,100.0,0.0,63.75,2.7179955849853767,1.0,0.0,4.3,0.714142842854285,0
555,0.5220891806212579,0.1603908095055675,0.1091486792842297,0.03330231382015641,0.001058285877220295,0.0006990592083065128,100.0,0.0,62.9,2.487971060924946,1.075,0.23848480035423641,4.1,0.43588989435406733,0
556,0.5286418871660594,0.15875773939110552,0.10777428728861824,0.031437306780387905,0.001049143263374836,0.0007044281602208172,100.0,0.0,63.7,3.4799425282610637,1.0,0.0,3.9,0.6244997998398398,0
557,0.5333793685820968,0.1532131245495236,0.10764881946137887,0.03016245109917454,0.0009266798907185686,0.0005043639217877862,100.0,0.0,63.0,3.082207001484488,1.075,0.23848480035423641,4.15,0.47696960070847283,0
558,0.5310920535630292,0.15112646134796842,0.10834304710262917,0.029688730574515976,0.0009077051601754232,0.00046415044827403457,100.0,0.0,63.85,3.6915443922564446,1.05,0.21794494717703372,4.35,0.792148975887743,0
559,0.5277478577333852,0.14688998028253605,0.10887967592844261,0.028591066347201603,0.000892263429572124,0.00042790857697244965,100.0,0.0,62.85,3.4680686267719674,1.2,0.3674234614174767,4.0,0.6324555320336759,0
560,0.5195264390355834,0.13932278979974003,0.1094194684094851,0.02821268228235519,0.0009696058569237884,0.0005385893436969319,100.0,0.0,62.95,3.2935543110748906,1.1,0.3,4.25,0.698212002188447,0
561,0.5148727796668783,0.13440855450866648,0.1092161595363659,0.028791675535052824,0.001065657129126613,0.0006765310963033567,100.0,0.0,63.2,2.4617067250182343,1.0,0.0,4.6,0.5830951894845301,0
562,0.5160525811984824,0.14468554681537246,0.10742878854109714,0.03193957516119337,0.0011991223845439914,0.0006308897344099437,100.0,0.0,64.7,3.8223029707232783,1.0,0.0,4.1,0.7681145747868608,0
563,0.5238123937997851,0.15273650600780006,0.10602456634213171,0.03470054036392929,0.0012310886063843496,0.0005293925588945003,100.0,0.0,63.25,3.1760824926314495,1.05,0.21794494717703372,4.15,0.7921489758877431,0
564,0.534669106253126,0.15080708322849917,0.10443779360546582,0.03302442774306392,0.0012985350456324422,0.0003994672853430593,100.0,0.0,63.15,2.104162541250081,1.05,0.2179449471770337,4.2,0.5099019513592784,0
565,0.553598373472386,0.14539745375110733,0.1017870067590676,0.030610124010314432,0.001196057287803212,0.0003405797436931921,100.0,0.0,63.7,2.9171904291629644,1.1,0.3,4.3,0.8426149773176358,0
566,0.5662234996687869,0.14390711204709206,0.10084700477564856,0.028966524136233126,0.000966427350007186,0.0003339168108599389,100.0,0.0,63.1,3.3600595232822887,1.1,0.3,4.4,0.7999999999999999,0
567,0.5621239131808891,0.14610223044838722,0.10174878034587669,0.02857337433994069,0.0008633541697132005,0.00035401429552244586,100.0,0.0,63.45,3.470950878361721,1.2,0.4,4.25,0.9420721840708386,0
568,0.5511112605970319,0.1465109521284011,0.10399395510694913,0.02744235462142591,0.0008401528865634597,0.0003917205169328777,100.0,0.0,62.5,2.202271554554524,1.0,0.0,4.4,0.8602325267042626,0
569,0.5383347494719988,0.14556673579608384,0.10665689583810281,0.026962643615927817,0.0008105310573885442,0.0004246307255634097,100.0,0.0,62.3,2.685144316419511,1.15,0.3570714214271425,4.15,0.7262919523166975,0
570,0.5187338643042129,0.14874739377280324,0.11098625622800362,0.02706188559217505,0.0008260638237276144,0.0004381828888509993,100.0,0.0,64.05,2.67348087705897,1.0,0.0,4.0,0.6324555320336759,0
571,0.5080776457760101,0.15429925083006593,0.11307740520256493,0.02854832963258912,0.0008578740744682983,0.00043877583287201644,100.0,0.0,63.35,2.937260628544903,1.05,0.21794494717703372,4.35,0.6538348415311012,0
572,0.49505121583506995,0.1559565809294321,0.11585310141102652,0.029402818334239956,0.0008870079878362253,0.0004418905409117177,100.0,0.0,63.65,2.7617928959282954,1.05,0.21794494717703372,4.35,0.7262919523166975,0
573,0.4931653491778679,0.16195289132992693,0.11659788892214742,0.029938483451897542,0.0008671834616542351,0.0004010219871980511,100.0,0.0,63.85,3.66435533211505,1.1,0.3,4.1,0.8306623862918076,0
574,0.4990985633781331,0.16654701923496087,0.11553770506693668,0.03063078290811292,0.0008788886123059846,0.00036412536115082813,100.0,0.0,63.7,3.579106033634656,1.05,0.21794494717703372,4.45,0.8645808232895291,0
575,0.49384607585681656,0.1602982146705384,0.11628880942987355,0.02949097238364216,0.0009401060274581381,0.00039790204546779977,100.0,0.0,63.2,2.694438717061496,1.05,0.21794494717703372,4.25,0.8874119674649424,0
576,0.49679304054906914,0.15448902448059465,0.11600612529900087,0.028300482809150034,0.0009516334477630194,0.00047414882667771237,100.0,0.0,63.45,3.866199684444661,1.1,0.3,4.15,0.6538348415311012,0
577,0.5058978305069131,0.1486947047471217,0.11441992455288648,0.02776954568899889,0.0009166919186858219,0.00046355944104278004,100.0,0.0,62.6,1.8547236990991405,1.0,0.0,4.05,0.5894913061275798,0
578,0.5075765558385199,0.1370185644336313,0.11407879723624352,0.025149509393852014,0.0009674426581726145,0.0005383195878273917,100.0,0.0,62.5,2.819574435974337,1.1,0.3,4.4,0.9165151389911681,0
579,0.5136850712509223,0.13640754313379327,0.11251370706609842,0.02537185885067374,0.0009851649641550557,0.0005018834973214517,100.0,0.0,64.2,2.959729717389748,1.0,0.0,3.9,0.6244997998398398,0
580,0.5204756592746961,0.14244266178208911,0.11133026966859079,0.025899492419907896,0.0008901550648345351,0.0004971226103954531,100.0,0.0,63.1,3.4336569426778794,1.05,0.21794494717703367,4.2,0.5099019513592784,0
581,0.5154606516867534,0.1298071175363465,0.110707777027292,0.02281161949439548,0.0009867093236144314,0.0006412567852130855,100.0,0.0,63.35,2.2643983748448506,1.05,0.2179449471770337,4.1,0.7,0
582,0.5073403251802687,0.12864672911442315,0.11051879704076153,0.02326881175892241,0.0011604824858265019,0.0008482791238798122,100.0,0.0,62.9,2.662705391138869,1.1,0.3,4.3,0.714142842854285,0
583,0.5075188061684749,0.11773170552538732,0.1096572227029688,0.020116524037125067,0.001288044558950235,0.0010710989476455928,100.0,0.0,63.3,2.590366769397724,1.0,0.0,4.1,0.7000000000000001,0
584,0.5099012445065947,0.11788303084952043,0.10964098353797017,0.019882131181791916,0.001252322785940423,0.0011308901766990092,100.0,0.0,63.0,2.0,1.05,0.15,4.3,0.5567764362830021,0
585,0.5146361754775571,0.11588353750797009,0.10825677525514407,0.020506069044303812,0.001316625092695862,0.0011861810068139465,100.0,0.0,63.55,3.0899029110960754,1.075,0.23848480035423641,4.0,0.6324555320336759,0
586,0.5214470629111374,0.11255863650710238,0.10746810647100388,0.021243571040206587,0.001254884999352304,0.0009939723021100725,100.0,0.0,64.0,3.286335345030997,1.0,0.0,3.95,0.5894913061275798,0
587,0.530344319605229,0.11204792622489428,0.10602717206820611,0.021504368763244023,0.0011974496188073436,0.0008470386197840743,100.0,0.0,62.85,3.1188940347501393,1.075,0.23848480035423641,4.3,0.6403124237432849,0
588,0.541108328375952,0.11486882812639668,0.10477956713218643,0.02273326812372331,0.0011178877953377862,0.0005990586220195196,100.0,0.0,63.5,2.7477263328068173,1.0,0.0,4.15,0.852936105461599,0
589,0.5511416190785016,0.11436352022619424,0.1033693823513909,0.02195810482388861,0.0010824712356727855,0.0005390660430684804,100.0,0.0,63.25,3.6588932752951404,1.025,0.10897247358851683,4.25,0.9420721840708386,0
590,0.5646351254097175,0.10993384577660839,0.10088048676819668,0.020811032730090037,0.001081161563149745,0.0005759929597450298,100.0,0.0,62.55,2.765411361804967,1.075,0.23848480035423641,4.35,0.653834841531101,0
591,0.5755002149411574,0.12233889102289199,0.09769740089532998,0.02352017926589197,0.0011324166205998088,0.0005635814767677474,100.0,0.0,62.65,2.688401011754013,1.175,0.36314597615834876,4.0,0.6324555320336759,0
592,0.5827410894668769,0.1336145418686852,0.09675744289947807,0.025272119995839285,0.0010953044909358888,0.000518344910357564,100.0,0.0,62.1,3.9862262855989496,1.2,0.4,4.15,0.5722761571129799,0
593,0.5906523421453462,0.1382601203844985,0.09540754002397231,0.024960960574924466,0.001052242075945362,0.0005034647693065733,100.0,0.0,62.25,3.6038174204584785,1.25,0.4330127018922193,4.3,0.5567764362830021,0
594,0.5861001613976107,0.1465746409002128,0.09685532035392416,0.026043846626804108,0.0009717667831539281,0.0004995021382967147,100.0,0.0,63.15,1.930673457630782,1.0,0.0,4.4,0.6633249580710799,0
595,0.580617403890819,0.13613787271148844,0.09840790959003794,0.02371995621094743,0.0009414525394432759,0.0005323383939501261,100.0,0.0,62.85,2.351063589101749,1.05,0.21794494717703372,4.5,0.6708203932499369,0
596,0.5708376365698358,0.13598849774709829,0.10079759005728683,0.024774919719918242,0.0008458199418544589,0.0005564280453921414,100.0,0.0,64.25,2.5470571253900056,1.0,0.0,4.2,0.6,0
597,0.5722791851403978,0.13001587932704373,0.10129626803398566,0.024200585710083065,0.0007617314080839873,0.0004205517811204685,100.0,0.0,62.65,3.2752862470324633,1.1,0.3,4.25,0.698212002188447,0
598,0.5606471016216505,0.1302892634556876,0.10349417055723391,0.024361521601072883,0.0007431926207681994,0.00039527604080703664,100.0,0.0,63.35,3.118894034750139,1.075,0.23848480035423641,4.35,0.9096702699330126,0
599,0.548260753559375,0.11895354766043303,0.10595977191751518,0.021684623179478644,0.0007585643198109177,0.00041217964352269546,100.0,0.0,64.45,3.0409702399069944,1.075,0.23848480035423641,4.1,0.7000000000000001,0
600,0.5443491756562528,0.11272158147914725,0.10632231071865465,0.02024187702604672,0.0008176554264310587,0.0004659721575856829,100.0,0.0,63.45,2.4387496796514396,1.025,0.10897247358851683,4.05,0.6689544080129826,0
601,0.5463394665752133,0.10361139051189833,0.10575126648296504,0.01897096948376266,0.0008430877377822497,0.00048072970861034076,100.0,0.0,63.25,3.2384409829422554,1.05,0.21794494717703372,4.55,0.9205976319760985,0
602,0.5509185479583548,0.10015754872485934,0.1042460780468157,0.018377540305846398,0.0009566111134843545,0.0004936069898759062,100.0,0.0,62.6,3.4263683398023628,1.175,0.36314597615834876,4.35,0.7921489758877431,0
603,0.5527460168433439,0.10157139649228182,0.1033311819106743,0.01804604767292066,0.0009698672640715892,0.00045024938118995217,100.0,0.0,64.7,3.4510867853474796,1.1,0.3,3.85,0.47696960070847283,0
604,0.559954031070238,0.10806562002396183,0.1014599620387792,0.018235347650521084,0.0010070915353835774,0.0005928984709120384,100.0,0.0,63.1,3.845776904605882,1.05,0.21794494717703372,4.25,0.698212002188447,0
605,0.5575008583428944,0.11120816780422896,0.10216836683960087,0.019672090957010564,0.0009540962639413859,0.0003841633317970691,100.0,0.0,64.35,2.725344014982329,1.0,0.0,4.0,0.6324555320336759,0
606,0.5616832753182457,0.11282733706319364,0.10151212299986671,0.019698471824965442,0.0009675568226161137,0.0004362787504856005,100.0,0.0,64.1,2.364318083507378,1.0,0.0,4.2,0.5099019513592784,0
607,0.5608404664331783,0.09853366947740579,0.10163382751440449,0.01736494866635994,0.0010491247882905542,0.0003815367935306853,100.0,0.0,64.45,1.9868316486305526,1.0,0.0,4.05,0.5894913061275798,0
608,0.5602880479324629,0.08705064958389462,0.10192110175894328,0.015469470352671781,0.0010565509134462063,0.00058290182643285,100.0,0.0,62.95,3.1697791721190924,1.175,0.36314597615834876,4.15,0.4769696007084728,0
609,0.5689514073214806,0.07985533614140888,0.10046080540580433,0.015024838712050525,0.0010210890733896576,0.0005599623012491672,100.0,0.0,64.65,3.395217224272992,1.05,0.21794494717703372,4.4,1.1575836902790224,0
610,0.584465976655166,0.0737709845737823,0.09750629023739057,0.014361841599926685,0.0009951349749938384,0.0006083094939268764,100.0,0.0,62.8,3.171750305430741,1.125,0.3112474899497183,4.25,0.5361902647381804,0
611,0.5806803670995166,0.07722358928488768,0.09758618753988423,0.016946385643317623,0.0009886776976228571,0.0006670635262247855,100.0,0.0,63.1,3.40440890610984,1.1,0.3,4.4,0.7348469228349535,0
612,0.5838637518824485,0.09345375283656376,0.09683946753477138,0.021827433020515857,0.0009097921487184229,0.0005547099596526477,100.0,0.0,63.1,2.964793416074719,1.05,0.21794494717703372,4.4,0.9165151389911679,0
613,0.5871585663892683,0.10141703762968915,0.09675424901899957,0.021999089160588486,0.0008114959267037901,0.0005052776520893923,100.0,0.0,64.2,3.009983388658482,1.0,0.0,4.25,0.8874119674649424,0
614,0.5864035579132911,0.11109538856696158,0.09692522445375107,0.023561928882928195,0.0008013817284874455,0.0005584521257346317,100.0,0.0,63.05,3.0736785778607363,1.1,0.3,3.9,0.43588989435406733,0
615,0.5851295765395086,0.1155144480838659,0.09725829532971349,0.023908832029692847,0.0008320573934468903,0.0004865870472327618,100.0,0.0,63.35,2.885740806101615,1.0,0.0,4.35,0.7921489758877431,0
616,0.5825102136518553,0.13218726729443955,0.09757228292341594,0.026844730071469175,0.0008632797298110037,0.00036880447616135045,100.0,0.0,63.5,3.8535697735995385,1.05,0.21794494717703372,4.4,0.5830951894845301,0
617,0.5802666357433093,0.1282453724440949,0.09804481949131082,0.02664901443958583,0.0009064893985050688,0.00039666619861642826,100.0,0.0,63.1,3.080584360149872,1.05,0.21794494717703367,4.5,0.7416198487095663,0
618,0.5817411302849476,0.13449126216861174,0.09757873613974413,0.027574052738028838,0.0009330442180485287,0.00042661926876594325,100.0,0.0,63.25,3.884263121880391,1.125,0.3112474899497183,4.35,0.7262919523166976,0
619,0.5809928068497222,0.13254560091866766,0.09792069391172413,0.02680142568114889,0.0009136278839904456,0.0004320402650471713,100.0,0.0,63.45,2.5975950415721076,1.05,0.21794494717703372,4.25,0.6224949798994366,0
620,0.5833335513813378,0.139843400774526,0.09687042659746767,0.028804315197805783,0.0008876518791695795,0.0004679432920229087,100.0,0.0,63.05,2.8368115905008566,1.0,0.0,4.1,0.5385164807134504,0
621,0.574302363916886,0.14604470845074033,0.09849843984289078,0.02992631981073569,0.0008856753991271657,0.00041936967576377583,100.0,0.0,63.45,2.5391927851189244,1.05,0.21794494717703372,4.2,0.5099019513592784,0
622,0.5706691944088151,0.15128354313468187,0.09956631836905669,0.030426750876559064,0.0008138200828763034,0.0003864855459600064,100.0,0.0,63.9,3.8845849199110063,1.2,0.4,3.95,0.49749371855331004,0
623,0.5634696528443264,0.15329330821813972,0.10111351099788464,0.030301154439505935,0.0007964263067851187,0.00043997274572256167,100.0,0.0,62.55,2.2688102609076854,1.075,0.23848480035423641,4.4,0.7348469228349535,0
624,0.5571187461437066,0.1568691849219373,0.1026356727251122,0.03052505480577458,0.0008170183646348562,0.0004858224028744747,100.0,0.0,63.7,3.179622619116929,1.1,0.3,4.3,0.5567764362830021,0
625,0.5466948190340257,0.16168684805892475,0.10379686775957708,0.03157586335925339,0.0009612380535181086,0.0005833283058908577,100.0,0.0,63.1,2.7730849247724096,1.1,0.3,4.55,0.8046738469715541,0
626,0.5524786708567333,0.16327365907721608,0.10257485202427945,0.031774274510136626,0.0010261957536154697,0.0006416358234477797,100.0,0.0,63.35,3.070423423568808,1.1,0.3,4.3,0.8426149773176358,0
627,0.5580919407257692,0.15135746627013633,0.10043367299309318,0.029681028068537202,0.001209456603807732,0.0009123866234489449,100.0,0.0,62.65,2.815581645060217,1.275,0.40233692348577704,4.0,0.5477225575051661,0
628,0.5758727245182087,0.1487977684026721,0.09710257066296671,0.02901812472185693,0.0011952396629631196,0.0008946981633971327,100.0,0.0,63.35,4.210403781111736,1.15,0.3570714214271425,4.35,0.6538348415311012,0
629,0.5884148415268188,0.1490919610046015,0.09548043647699091,0.029045777858036817,0.0010616950175235428,0.0005331825360016994,100.0,0.0,63.8,3.0594117081556704,1.025,0.10897247358851683,3.9,0.7000000000000001,0
630,0.6015373513349065,0.15784013084400195,0.09276579895213485,0.030789388025372587,0.0010270662018249288,0.0005408738543388003,100.0,0.0,62.9,3.0967725134404045,1.025,0.10897247358851683,4.35,0.7921489758877431,0
631,0.5953649138390251,0.15721617788149728,0.09453733530088036,0.030494182148830554,0.0009772086381174944,0.00042313811953627236,100.0,0.0,63.75,2.9643717715563276,1.05,0.15,4.25,0.82915619758885,0
632,0.5968347045393098,0.16300487641247471,0.09526517797542074,0.030991646093682716,0.0008818803159160588,0.0003879490005155626,100.0,0.0,64.0,3.0,1.05,0.21794494717703372,3.95,0.6689544080129826,0
633,0.6006341991084737,0.16343442710177972,0.09484247783451348,0.03083853408846987,0.0008780526801968393,0.0003708940347085729,100.0,0.0,63.95,2.9744747435471695,1.075,0.23848480035423641,4.1,0.9433981132056604,0
634,0.5958126883286423,0.15930020666033173,0.09559097310258156,0.03030905814968289,0.0009279722158794404,0.00040674843758825796,100.0,0.0,62.4,3.039736830714133,1.05,0.21794494717703372,4.25,0.6224949798994366,0
635,0.6071520920335685,0.1483874681606178,0.09287214447747022,0.028165131775253954,0.0010558378937640352,0.0004983391659158185,100.0,0.0,62.9,2.896549671592048,1.15,0.32015621187164245,4.25,0.7664854858377946,0
636,0.6127602510853442,0.1352400964886128,0.0918065941890778,0.025003051470812335,0.001072088713128125,0.0006091216170693934,100.0,0.0,64.65,2.725344014982329,1.0,0.0,4.3,1.0049875621120892,0
637,0.6245932999893095,0.1189571521404869,0.08910991475257427,0.022073019133078107,0.0011135282454814348,0.0006433691860163559,100.0,0.0,60.35,2.903015673398957,1.25,0.4330127018922193,4.45,0.9205976319760985,0
638,0.6400905174525756,0.11467112050437714,0.08607045492335016,0.022263053678416873,0.0010591006757969678,0.00045853972243855244,100.0,0.0,62.8,2.5019992006393608,1.1,0.3,4.15,0.7262919523166975,0
639,0.6470961576957517,0.11357477787456965,0.08488542554390296,0.021883455145400445,0.001012237615841707,0.0003875257339722965,100.0,0.0,63.7,3.4073450074801643,1.05,0.21794494717703372,4.15,0.7262919523166976,0
640,0.6580518498590358,0.10728219308373615,0.08230547699080595,0.020172395944563448,0.001082431126229698,0.00043584643493656917,100.0,0.0,62.9,3.448187929913334,1.0,0.0,4.35,0.6538348415311012,0
641,0.6597769827487998,0.10545378381209013,0.08196639513644313,0.019768334394130036,0.0010820399502865397,0.0004320589006833504,100.0,0.0,63.85,2.197157254271983,1.0,0.0,4.2,0.6782329983125268,0
642,0.6766922047558598,0.09606999399602444,0.07868151706635199,0.017613158476956377,0.0010877802254807992,0.00044400313419710514,100.0,0.0,63.85,3.1507935508376304,1.025,0.10897247358851683,4.05,0.49749371855331,0
643,0.684228010103702,0.09859154607458073,0.07756611217165746,0.018217459040008908,0.001063604795514239,0.0004429695271877183,100.0,0.0,64.4,3.352610922848042,1.075,0.23848480035423641,4.4,0.9695359714832659,0
644,0.6957182314792859,0.10725994042122886,0.0759397368439618,0.01949794768254801,0.0009172276098778366,0.0004373776543009427,100.0,0.0,62.4,3.0724582991474434,1.05,0.21794494717703372,4.25,0.5361902647381804,0
645,0.695324008721016,0.10887808410400648,0.0756649166875606,0.02016884486753455,0.0008984846095383784,0.0004528493376567434,100.0,0.0,63.95,2.3553131426627756,1.05,0.21794494717703372,4.3,0.9539392014169457,0
646,0.6941014541100607,0.10131631168519768,0.0767098186856672,0.01809381075952796,0.0008693762897226329,0.0004530666520436807,100.0,0.0,62.45,2.4794152536434875,1.125,0.3112474899497183,4.2,0.6,0
647,0.6934470886178233,0.10174008893157897,0.07654237600670034,0.018596873833409296,0.0008738285684014603,0.00044715966604777637,100.0,0.0,64.4,3.3970575502926055,1.025,0.10897247358851683,4.25,0.5361902647381804,0
648,0.6895072087681268,0.11222522138944224,0.07752952518264716,0.019738755335848956,0.0008328376120455281,0.0004697190397267285,100.0,0.0,64.4,2.2891046284519194,1.05,0.21794494717703367,4.05,0.5894913061275798,0
649,0.6851608907163595,0.11592130938521394,0.07842428551759094,0.02021196945557852,0.0008343099832470021,0.0004359861379141222,100.0,0.0,62.95,3.4565155865408737,1.2,0.4,4.0,0.7071067811865476,0
650,0.6869869346936096,0.12412651102385096,0.0783385018660971,0.021352381154306672,0.0008180402225847833,0.0004043729735651882,100.0,0.0,64.65,2.9372606285449034,1.0,0.0,4.3,0.5567764362830022,0
651,0.681141522830048,0.12510500328034618,0.07895851514969553,0.022939446713256827,0.0008450406778786615,0.0003353223253990384,100.0,0.0,63.7,2.5903667693977237,1.025,0.10897247358851683,4.1,0.6244997998398398,0
652,0.6758754194126457,0.12706691801368816,0.07883600452214849,0.02360569335266876,0.0009369318248292517,0.00039153678335975136,100.0,0.0,63.45,3.5563323804166562,1.075,0.23848480035423641,4.45,0.6689544080129827,0
653,0.6775613209259618,0.12465891731587811,0.0791354083433842,0.023054089737912682,0.0009157446304284571,0.00041828726508578957,100.0,0.0,63.6,3.7067505985701277,1.075,0.23848480035423641,4.3,0.6403124237432849,0
654,0.6743629822015665,0.11404943246059633,0.08057276522208803,0.01994626405974011,0.0009003424547594851,0.0004233492606580607,100.0,0.0,64.35,3.3507461855533016,1.05,0.21794494717703367,4.25,0.7664854858377946,0
655,0.673454900279151,0.10083415384961689,0.08046555761414373,0.01807225813289718,0.0009220915481216993,0.0004865242565909359,100.0,0.0,63.65,3.8376425054973526,1.0,0.0,4.2,0.6,0
656,0.674329390326473,0.10162002444975618,0.08007914401028875,0.018676065751205145,0.0009348316382078879,0.0005192804005291981,100.0,0.0,63.3,3.018277654557314,1.0,0.0,4.2,0.812403840463596,0
657,0.6779027332013519,0.09819956179143824,0.07960798238286948,0.019487455865124466,0.0008812845579620586,0.0004411067240797354,100.0,0.0,64.15,2.95423424934449,1.025,0.10897247358851683,4.35,0.7262919523166975,0
658,0.6834683964615622,0.09733780285995774,0.07841633995820871,0.01959233988547447,0.0008906215477360914,0.000387032306559398,100.0,0.0,62.85,2.7436289836637897,1.1,0.2549509756796392,4.25,0.6224949798994366,0
659,0.6831932167810028,0.10259671969447072,0.07891287409333017,0.020873298135304728,0.000848539062684802,0.0003394448601853368,100.0,0.0,63.9,3.5763109484495335,1.15,0.3570714214271425,3.85,0.852936105461599,0
660,0.691896536416099,0.1128209900397735,0.07692804039082586,0.022902268244276568,0.00085078837177815,0.00036952488850585606,100.0,0.0,62.5,3.4713109915419564,1.2,0.4,4.05,0.804673846971554,0
661,0.6932186827521214,0.1138481264678722,0.07713997819518546,0.02354939532594699,0.0008147468935038647,0.00027345621611242916,100.0,0.0,61.9,2.808914381037628,1.1,0.3,4.35,0.852936105461599,0
662,0.6998663545357514,0.11538786113271404,0.07565531050138133,0.023393039492524702,0.0008189174995980817,0.0003407377880173123,100.0,0.0,62.25,2.56661255354212,1.0,0.0,4.4,0.9165151389911681,0
663,0.6987942360007835,0.11504869933212387,0.07537239205253682,0.023250250067106334,0.0008729155578283056,0.00039130375973269707,100.0,0.0,64.25,2.9979159427842537,1.1,0.3,4.25,0.82915619758885,0
664,0.7065800454857758,0.11279302438663041,0.07426737830598151,0.021617509991397433,0.0008656611064502742,0.0004594591732857011,100.0,0.0,63.0,2.16794833886788,1.1,0.3,4.0,0.4472135954999579,0
665,0.7169780080006886,0.10871377234392876,0.07264954120677838,0.020461583155284787,0.000815953449379154,0.0003286692597812107,100.0,0.0,64.05,2.4591665254715873,1.0,0.0,4.05,0.4974937185533099,0
666,0.7139990828566638,0.11551231963416343,0.07305938193762207,0.020974132663034547,0.0008173800676542692,0.00036582003934663044,100.0,0.0,64.0,2.8460498941515415,1.025,0.10897247358851683,4.3,0.714142842854285,0
667,0.7139382851197701,0.11002632887756071,0.0731140401971863,0.019028852815651125,0.0008255092222999378,0.0004111736251329101,100.0,0.0,63.7,3.6619666847201113,1.125,0.3112474899497183,3.95,0.6689544080129826,0
668,0.7194082296604094,0.10481036774471056,0.0719073627926697,0.018300120209397783,0.0008486423859631866,0.00047422068370658524,100.0,0.0,63.85,2.920188350089768,1.0,0.0,4.25,0.9937303457175896,0
669,0.7135405749800613,0.10153218380567569,0.07283434783477635,0.018718522926195552,0.0008996245924166507,0.000469041709058245,100.0,0.0,63.8,2.767670500619609,1.0,0.0,4.45,0.6689544080129827,0
670,0.725174435006789,0.09809779894934453,0.07026591390941198,0.0188855804961162,0.0008956929404950355,0.0005674572038999742,100.0,0.0,62.95,2.9236107812087435,1.05,0.21794494717703372,4.15,0.5722761571129799,0
671,0.732954429000015,0.08710298904544668,0.0682717636992943,0.01838210123670778,0.0009270493218440562,0.0005909139073248164,100.0,0.0,63.0,2.23606797749979,1.0,0.0,4.25,0.6224949798994366,0
672,0.7406523688230193,0.07983362955732662,0.06583490958288396,0.019471528312646834,0.0009398427171260482,0.0006265537228926762,100.0,0.0,62.65,2.903015673398957,1.05,0.15,4.05,0.6689544080129826,0
673,0.7462135753165299,0.08028010346455962,0.06548660770322835,0.020861879155064524,0.0008474602216571777,0.0005073686026068934,100.0,0.0,62.55,3.3981612675092396,1.1,0.3,4.35,0.5722761571129799,0
674,0.7590280857952778,0.08883867765224195,0.06311468373448527,0.02250550436642529,0.0007668048068149127,0.0004076941914861016,100.0,0.0,64.05,2.8543825952384165,1.05,0.21794494717703372,4.5,0.7416198487095663,0
675,0.7569757071633864,0.09294009863598664,0.06414057560334667,0.021958706944700306,0.0007388209959719808,0.0003141432521067272,100.0,0.0,62.75,2.5074887836239665,1.125,0.3112474899497183,4.5,0.7416198487095663,0
676,0.7559872777993915,0.0965265995889294,0.06384559395218035,0.022029931475379735,0.0007690197730152429,0.0003529718288094498,100.0,0.0,63.15,2.5743931323712,1.0,0.0,4.45,0.7399324293474372,0
677,0.755127847118122,0.10528496044170439,0.06393546013401138,0.023889927362629012,0.0007283917122842718,0.0003416142150380058,100.0,0.0,63.1,2.773084924772409,1.1,0.2549509756796392,4.15,0.6538348415311009,0
678,0.7527902608794623,0.10776175467648604,0.06444771197589536,0.024030903159844727,0.0007219745489708813,0.0003101146327845589,100.0,0.0,63.1,2.6438608132804573,1.05,0.21794494717703372,4.15,0.7262919523166976,0
679,0.7497987746464295,0.11049905971883539,0.0661547173489554,0.024003263271293356,0.0006679793814325832,0.000254686296239708,100.0,0.0,62.4,3.5693136595149495,1.15,0.32015621187164245,4.25,0.5361902647381804,0
680,0.7391039215679669,0.1105222732083914,0.06818614136674941,0.024260666269534745,0.0006534368702025915,0.000262737452202213,100.0,0.0,64.8,3.249615361854384,1.0,0.0,4.15,0.9630680142129111,0
681,0.7283107539126329,0.11297026065189467,0.06874056235694087,0.026251171400078863,0.0007423517589018388,0.0003063667326574559,100.0,0.0,63.55,3.2630507198019467,1.05,0.21794494717703372,4.4,0.7348469228349535,0
682,0.7238031068323709,0.11396647584795737,0.06978997917698775,0.02454186564485824,0.000800480038079664,0.00031167363554617357,100.0,0.0,63.75,3.3893214660164652,1.05,0.21794494717703372,4.45,0.9733961166965893,0
683,0.7207194874172362,0.11786887607177395,0.07041715143250936,0.02471527101796995,0.0008069220454981528,0.00028266668147893686,100.0,0.0,63.7,2.685144316419511,1.0,0.0,4.35,0.7262919523166976,0
684,0.7212209620026131,0.11813415789101202,0.07024552283954424,0.023927582263743998,0.0008331940432980327,0.00031350342239583903,100.0,0.0,64.05,2.836811590500857,1.05,0.2179449471770337,4.15,0.7921489758877431,0
685,0.7177211244967759,0.12095551402793504,0.07213405769724765,0.023125678286122414,0.0007732680827668657,0.00032850715119471,100.0,0.0,64.4,1.772004514666935,1.0,0.0,4.2,0.5099019513592784,0
686,0.7177301515711169,0.11974461932741837,0.07201057716225634,0.022566955657848577,0.0007945522605604938,0.00036537746084286133,100.0,0.0,64.25,2.930443652418521,1.025,0.10897247358851683,4.05,0.6689544080129826,0
687,0.7127673110112595,0.11906608179733609,0.07280278480365884,0.02250399940937715,0.0008078375876328099,0.0003477068979913858,100.0,0.0,63.4,2.956349099818897,1.0,0.0,4.4,1.0677078252031311,0
688,0.7127800296653795,0.12115737622102772,0.07331905182963162,0.023275741231918924,0.0007494775992459596,0.00029803601739601324,100.0,0.0,64.05,3.0409702399069936,1.025,0.10897247358851683,4.05,0.739932429347437,0
689,0.7092603725094642,0.11641786961160586,0.07333741531038702,0.022372193880392303,0.0008235693594737699,0.000273287850661868,100.0,0.0,62.95,3.9303307748839664,1.075,0.23848480035423641,4.35,1.0136567466356647,0
690,0.7034013894283561,0.11357768175991183,0.07386683335588295,0.022759242306029652,0.000859537087460595,0.0003575049575758973,100.0,0.0,63.7,2.72213151776324,1.05,0.21794494717703372,4.1,0.5385164807134504,0
691,0.7069469152034665,0.1078676763602637,0.07381905027201309,0.021712063688182476,0.0007919244245043951,0.0003074768399355986,100.0,0.0,63.2,3.5721142198983498,1.075,0.23848480035423641,4.25,0.9937303457175896,0
692,0.7089394938181257,0.10716748652603819,0.07343749021994381,0.021817857992029423,0.000784836079258577,0.00025465469687170004,100.0,0.0,64.2,3.54400902933387,1.1,0.2549509756796392,4.05,0.804673846971554,0
693,0.7110128554719422,0.103434654297389,0.07258272004955137,0.02110531372455958,0.0008589367151517153,0.0003355013066014887,100.0,0.0,64.05,3.3087006513131403,1.05,0.2179449471770337,4.35,0.7921489758877431,0
694,0.7172234883961245,0.10204952985825173,0.07033567730606034,0.021370146871441478,0.00091607594659257,0.0004152257271058428,100.0,0.0,64.05,2.1324868112136124,1.0,0.0,3.9,0.5385164807134504,0
695,0.726261115272407,0.09988069395295736,0.06849842564552791,0.020803590146239427,0.0009307981823684048,0.00044246704662894354,100.0,0.0,62.75,2.6052830940226053,1.075,0.23848480035423641,4.25,0.5361902647381804,0
696,0.7230261966296637,0.10469080069974476,0.06902571556139857,0.021618327543974816,0.0009448490608663177,0.00037340592163384004,100.0,0.0,62.8,3.3105890714493693,1.15,0.3570714214271425,4.05,0.6689544080129826,0
697,0.7331242727656878,0.10295915462865246,0.06701872517573322,0.022171523489237774,0.0009163249662459511,0.0003829859203191689,100.0,0.0,63.55,2.2017038856303994,1.1,0.3,4.15,0.6538348415311012,0
698,0.7442777549033555,0.09579884099055322,0.0631442653698261,0.02167247492330939,0.0010163526077754277,0.0004888629214388722,100.0,0.0,62.95,3.0409702399069936,1.025,0.10897247358851683,4.5,0.8660254037844386,0
699,0.7620292675011873,0.08740026972876294,0.05928995862518297,0.02116180094013949,0.0009930304239511914,0.0005172564940370734,100.0,0.0,63.5,3.0903074280724887,1.05,0.21794494717703372,4.0,0.8366600265340756,0
700,0.7720177204654822,0.08916852907113376,0.0570098981914995,0.021313542382021572,0.0009924311244317598,0.0005666396432695054,100.0,0.0,63.05,2.654712790491657,1.05,0.21794494717703372,4.4,0.7348469228349535,0
701,0.7813023199096523,0.0828209353583053,0.05559670216443985,0.021616839869374745,0.0009275710387161575,0.0005191093040787745,100.0,0.0,62.7,3.3331666624997918,1.1,0.3,4.35,0.8529361054615991,0
702,0.785130059623968,0.08356583791246504,0.05488800732068115,0.02174101465701003,0.0009015213743740575,0.0004960672015058465,100.0,0.0,63.75,3.0639027399707057,1.0,0.0,4.35,1.0136567466356645,0
703,0.7901023122571327,0.07905461776217344,0.053340911113343104,0.020949354066605565,0.0009309111062739926,0.0004991573585910502,100.0,0.0,63.95,2.1788758569500923,1.0,0.0,4.0,0.6324555320336759,0
704,0.7890013300271729,0.08469467295555075,0.05511210491256915,0.020946603485821162,0.0008440766362457451,0.00046488040010405555,100.0,0.0,62.75,2.913331426391443,1.1,0.3,4.45,0.8645808232895291,0
705,0.7963684376480893,0.0811597172626195,0.054574002883154324,0.019418606998660645,0.0007902087893485721,0.0003758900021863789,100.0,0.0,62.75,2.7363296585024255,1.025,0.10897247358851683,4.35,0.5722761571129799,0
706,0.8032584078914473,0.07880939321404833,0.05375025571258498,0.019044195251460293,0.0007410123670947486,0.0002897246136509235,100.0,0.0,62.6,2.764054992217051,1.0,0.0,4.25,0.6224949798994366,0
707,0.8107398377325209,0.07694590453003372,0.051960205613482545,0.018079550437275018,0.0007611677368740771,0.00027665044844733794,100.0,0.0,63.25,3.418698582794336,1.1,0.3,4.1,0.6244997998398398,0
708,0.81459963359528,0.07609986364081112,0.0508948934388327,0.017357696860424696,0.0007723437297024487,0.0002981108044151258,100.0,0.0,63.25,2.5074887836239665,1.1,0.3,4.2,0.6,0
709,0.8236157940962301,0.07271757686656401,0.049600667782153045,0.017197848347522023,0.0007086333065346932,0.000322649724824526,100.0,0.0,62.65,3.4967842369811724,1.1,0.3,4.1,0.7681145747868608,0
710,0.83222360490476,0.07428410053051346,0.048298959408554956,0.017613914113705723,0.0006431025123356646,0.00029108974270559377,100.0,0.0,63.45,2.801338965566288,1.0,0.0,4.2,0.6,0
711,0.8324800353174149,0.07766853433622528,0.04853239591630278,0.019025811925584956,0.0005968409888022991,0.00032536895684436744,100.0,0.0,63.35,3.6093628246547893,1.1,0.3,4.1,0.7000000000000001,0
712,0.8327351335135816,0.07971325183389358,0.04822595430744072,0.018677929461721338,0.000620637120057593,0.0002949115515939832,100.0,0.0,63.05,2.479415253643488,1.075,0.23848480035423641,4.3,0.8426149773176358,0
713,0.8323460858151434,0.08016664524263079,0.04855667332226951,0.018973431927091736,0.0006052150145705352,0.00028961123621125027,100.0,0.0,62.6,2.870540018881465,1.075,0.23848480035423641,4.25,0.7664854858377946,0
714,0.8301618932199364,0.07470879601148141,0.048943374901005775,0.018929993196442327,0.0006229470780064662,0.0003426309615537624,100.0,0.0,64.6,3.7067505985701277,1.05,0.21794494717703372,4.2,0.7483314773547883,0
715,0.8301169255185235,0.07371830030768639,0.0479329447114918,0.019608548295069247,0.0006557215056183335,0.0003461109696417032,100.0,0.0,64.1,2.4677925358506134,1.0,0.0,4.2,0.5099019513592784,0
716,0.834514397854992,0.07340752502369943,0.04725600359457925,0.0180109410366678,0.0006705447024158635,0.0003647829808704801,100.0,0.0,63.9,2.364318083507378,1.025,0.10897247358851683,4.1,0.6244997998398398,0
717,0.836200936805955,0.06983296582416229,0.04605416583405968,0.01691010500747727,0.0007416133663073789,0.00033927000144902533,100.0,0.0,62.75,2.913331426391443,1.05,0.21794494717703372,4.15,0.8529361054615991,0
718,0.8376930495647145,0.06645546725840444,0.04579809847406405,0.016768730766238315,0.0007099453003119924,0.000395902329183358,100.0,0.0,63.45,2.3553131426627756,1.05,0.21794494717703372,3.9,0.7681145747868608,0
719,0.8454531002108151,0.06224566756246808,0.04429983175472933,0.014837539494570801,0.0006901391119677339,0.00040343068178781585,100.0,0.0,63.25,3.404041715373065,1.075,0.23848480035423641,4.2,0.5099019513592784,0
720,0.8452542252330435,0.058512302293067676,0.04318493037563648,0.014990375034247317,0.0007476660240389098,0.0003844996702388078,100.0,0.0,63.55,1.8020821290940099,1.0,0.0,4.25,0.5361902647381804,0
721,0.8456738480240912,0.05693066720233261,0.04378733939366968,0.01359276296856826,0.00073093883503215,0.0003404056551251977,100.0,0.0,63.55,2.1788758569500923,1.025,0.10897247358851683,4.4,0.58309518948453,0
722,0.845665741654656,0.058466840834392596,0.043248973981825055,0.013239471753352256,0.0007512207734924369,0.0004013320964747829,100.0,0.0,63.2,3.0757112998459397,1.05,0.21794494717703372,4.3,0.6403124237432849,0
723,0.8420759138658352,0.05738046962248556,0.04332977669209391,0.013675431210557164,0.0007965278375503973,0.00041429641835663073,100.0,0.0,63.6,2.615339366124404,1.05,0.21794494717703372,4.35,0.7921489758877431,0
724,0.846869193498426,0.06225328139576671,0.0419472471348941,0.015661400949376635,0.0007645805475696439,0.0004062603210490797,100.0,0.0,63.7,2.3895606290697042,1.1,0.3,4.2,0.9797958971132712,0
725,0.8485694959033957,0.06534693876769468,0.04153912310577597,0.017047279766146776,0.0007439631759033336,0.00032707362550231833,100.0,0.0,63.3,3.0675723300355937,1.075,0.23848480035423641,4.4,0.8602325267042626,0
726,0.8506464885862831,0.07101279420047703,0.04053805860673926,0.01830955513250256,0.0007378727624148902,0.0003108456184824106,100.0,0.0,62.75,3.191786333700926,1.2,0.3674234614174767,4.05,0.6689544080129826,0
727,0.853758852185915,0.0696457874947763,0.03905467617065438,0.01748608226092276,0.0007789370116353386,0.0004354035869132373,100.0,0.0,62.6,2.8530685235374214,1.025,0.10897247358851683,4.05,0.739932429347437,0
728,0.856643064247279,0.06186554904252511,0.03801625327042807,0.017884139721827775,0.000749052437025064,0.0003850994233460735,100.0,0.0,62.95,3.3537292675468007,1.075,0.23848480035423641,4.25,0.5361902647381804,0
729,0.8558717911194818,0.059907574168261014,0.03766525938137964,0.01614306558868442,0.0008176032431011875,0.0004182876048048694,100.0,0.0,63.15,2.6509432283623124,1.075,0.23848480035423641,4.45,0.8046738469715541,0
730,0.8579752175652795,0.0545352962745345,0.0367683950720943,0.015132357258190576,0.0008304385195454639,0.0004434487948257658,100.0,0.0,63.3,2.8478061731796287,1.075,0.23848480035423641,4.3,0.9539392014169457,0
731,0.8612492054161827,0.05334298139507175,0.03611416969494413,0.0160355064928401,0.0007944811538295505,0.0004008759061886756,100.0,0.0,63.45,2.9406631905065233,1.0,0.0,4.1,0.7681145747868608,0
732,0.855100409400787,0.046963783893889235,0.036964223573964915,0.015460389946550836,0.0008713420736018263,0.0004148936588964646,100.0,0.0,63.55,3.0736785778607367,1.05,0.21794494717703372,4.05,0.6689544080129826,0
733,0.855975619868764,0.040218409446722725,0.03602512800095271,0.014759052800931817,0.0009108482373090395,0.0004070062041844712,100.0,0.0,62.85,4.80910594601533,1.1,0.3,4.4,0.66332495807108,0
734,0.8586814375539772,0.04334582653888744,0.03627818826996069,0.012788021226141222,0.0008899289206717031,0.0004221471088060746,100.0,0.0,62.95,3.3686050525402944,1.0,0.0,4.35,0.7262919523166975,0
735,0.8651483226412495,0.04776435576216678,0.034508349798926787,0.012791627834260369,0.0008792475816913536,0.00040184434813299525,100.0,0.0,62.15,2.4753787588973126,1.225,0.40233692348577704,4.2,0.6782329983125269,0
736,0.8677572440082727,0.04496329087973038,0.03319054484510194,0.014299385872246181,0.00086282296815678,0.0003532717467720598,100.0,0.0,64.1,2.844292530665578,1.0,0.0,3.85,0.47696960070847283,0
737,0.8775370488400498,0.04508129530960145,0.0307141899052353,0.014845014769371737,0.0008151674042500637,0.000340973481333199,100.0,0.0,63.7,3.1480152477394387,1.025,0.10897247358851683,4.5,0.806225774829855,0
738,0.8845453870302846,0.037366325509256774,0.0282512383536703,0.014162775588858492,0.0008092898717336709,0.0002733619241780297,100.0,0.0,63.65,3.1666228067138023,1.0,0.0,4.15,0.653834841531101,0
739,0.8885559883838076,0.03510152413431195,0.02732831904579281,0.01350404327098822,0.0007971045331866697,0.00021032335968307355,100.0,0.0,63.9,3.345145736735546,1.05,0.21794494717703372,4.15,0.9096702699330127,0
740,0.8949137111998366,0.027987526121513336,0.026952958389004394,0.011815108153223248,0.000745255664364223,0.00024768416898481705,100.0,0.0,64.4,2.8178005607210737,1.0,0.0,4.25,0.5361902647381804,0
741,0.8977517827280928,0.033057655761326514,0.027104192015970058,0.012053087766813573,0.000697314699411588,0.00020858980117042651,100.0,0.0,63.6,3.8131351929875237,1.05,0.21794494717703372,4.55,0.7399324293474372,0
742,0.897060298417958,0.032894415816166464,0.02731175000579717,0.012211945403998494,0.0007056187277862823,0.0002396833829686467,100.0,0.0,63.05,1.9868316486305526,1.075,0.23848480035423641,4.45,0.5894913061275798,0
743,0.8999289931716621,0.033886945063480924,0.026462109272506,0.011267861146231952,0.0007112852490726948,0.0002640242581425677,100.0,0.0,64.8,2.803569153775237,1.0,0.0,4.3,0.9,0
744,0.902591917066251,0.03188469551643018,0.025159715632540387,0.010574485305410984,0.000718270457152898,0.0002847547905516562,100.0,0.0,62.95,2.6358110706194404,1.075,0.23848480035423641,4.3,0.714142842854285,0
745,0.9064251326988743,0.0291305893796267,0.02418229530811083,0.010111639611950897,0.0007112714816369459,0.00033796716235681885,100.0,0.0,63.75,3.0475399915341552,1.1,0.3,4.15,0.7262919523166975,0
746,0.9132745717261516,0.027595578901253928,0.024675665713424236,0.010427725257624745,0.0006023230916857279,0.00021497058755535196,100.0,0.0,63.4,2.4979991993593593,1.0,0.0,4.2,0.39999999999999997,0
747,0.912062392828281,0.0272643811554839,0.023421640527793837,0.011745273542420517,0.0006412990834962448,0.00022831093103209494,100.0,0.0,62.6,3.4698703145794947,1.0,0.0,4.65,0.9096702699330126,0
748,0.9195098374082555,0.02834644347671855,0.023042580816686004,0.010866832359978266,0.0005530541076360473,0.00020031048005201427,100.0,0.0,62.35,3.1507935508376295,1.125,0.3112474899497183,4.45,0.7399324293474372,0
749,0.9215747625049063,0.028241801188865212,0.02232615792852387,0.010410766376742977,0.0005519742033390445,0.00017299145362751717,100.0,0.0,64.25,2.5074887836239665,1.0,0.0,4.25,0.5361902647381804,0
750,0.9240874805492598,0.026568878158615437,0.02163303339819472,0.009587144770146978,0.0005430283049006118,0.0001956850399564586,100.0,0.0,63.55,3.5422450508117027,1.125,0.3112474899497183,4.25,0.6224949798994366,0
751,0.923615184049216,0.0214656210386818,0.020751007102677056,0.009353059504222841,0.0005771695808226348,0.00018076854063140205,100.0,0.0,64.8,3.1240998703626612,1.05,0.21794494717703372,3.95,0.6689544080129827,0
752,0.9205115833091473,0.025284117348657553,0.020942817380828017,0.009855419799761914,0.0006004332894108853,0.0002328046974333873,100.0,0.0,64.55,2.7834331319433563,1.0,0.0,4.2,0.5099019513592784,0
753,0.9140351002064653,0.022509270542358163,0.02087467411319106,0.009461745629492016,0.0007047154589903962,0.00024196598769331138,100.0,0.0,62.7,3.0838287890218554,1.125,0.3112474899497183,4.0,0.7071067811865476,0
754,0.916212228061575,0.02945677082567394,0.021564104432112003,0.009701949861924304,0.000663899764014705,0.00029084339389476516,100.0,0.0,63.2,3.6687872655688283,1.175,0.36314597615834876,4.4,1.0198039027185568,0
755,0.9181206956798322,0.03005511031545721,0.022154458855719213,0.00991396780427124,0.0006159457533762157,0.00028040227638455035,100.0,0.0,63.4,3.1048349392520045,1.0,0.0,4.3,0.6403124237432849,0
756,0.9208587063915845,0.026432895596774163,0.021343950902143298,0.011056066288377693,0.0005830352390671201,0.0002657697774599323,100.0,0.0,63.0,2.8809720581775866,1.0,0.0,4.6,0.8602325267042626,0
757,0.9203627371590116,0.029215533575157288,0.021245021553290295,0.01187220646016977,0.0005854797925931954,0.0002626831724727362,100.0,0.0,63.85,2.7977669667075564,1.125,0.3112474899497183,4.0,0.7745966692414834,0
758,0.923464931941996,0.03346749096294836,0.02033857313938773,0.012480102556998222,0.0005662518186047828,0.0003000373204014164,100.0,0.0,63.15,3.1348843678834477,1.15,0.32015621187164245,4.0,0.6324555320336759,0
759,0.9294258847519143,0.031672327226585514,0.01994382047703825,0.012317721449860777,0.0005053121300331654,0.00021502732928347588,100.0,0.0,64.05,2.5194245374688244,1.05,0.21794494717703367,4.2,1.0770329614269007,0
760,0.9286643904296092,0.029611937941983846,0.019917739657360805,0.012153358441120057,0.0005139298548209619,0.00019102040993512602,100.0,0.0,63.55,3.089902911096076,1.075,0.23848480035423641,4.3,0.714142842854285,0
761,0.9291087727435461,0.02792194549875565,0.01967234236212153,0.011320760252045063,0.0005228611029573654,0.00015178746128146375,100.0,0.0,62.05,4.684815898197067,1.175,0.36314597615834876,4.1,0.6244997998398398,0
762,0.929487763673766,0.025701019684615887,0.018044085539443717,0.010719019270165789,0.0005552054438563369,0.00017224500597090892,100.0,0.0,62.25,3.7399866309921483,1.15,0.3570714214271425,4.1,0.8306623862918074,0
763,0.9234359149223454,0.027189711028504808,0.017585179335040606,0.011143019875349238,0.0006435540970340119,0.00022160606621367422,100.0,0.0,63.75,3.476708213238494,1.15,0.3570714214271425,4.1,0.6244997998398398,0
764,0.9239712351350728,0.029601831930386804,0.017789684022161377,0.010379133849915135,0.000667151545926916,0.00028951152679593755,100.0,0.0,63.05,2.1788758569500923,1.0,0.0,4.0,0.4472135954999579,0
765,0.925919439653647,0.022726766397487965,0.018130079980044837,0.009764213873219895,0.0006105062174320683,0.00021715166893414889,100.0,0.0,63.7,2.5709920264364885,1.0,0.0,4.05,0.5894913061275798,0
766,0.9300506904752025,0.024593006668920493,0.016827348638094528,0.010687496558593834,0.0005653505344545304,0.0001954595038391942,100.0,0.0,63.55,2.3973944189473704,1.125,0.3112474899497183,4.15,0.5722761571129799,0
767,0.9279642552061708,0.02222981538370632,0.01733042224683512,0.009175592903114921,0.0006017945481604981,0.0002020333528319168,100.0,0.0,63.6,3.3376638536557275,1.1,0.3,4.25,0.698212002188447,0
768,0.9301135206905942,0.024135086497255532,0.01776710838345553,0.0083701447852349,0.0005771718742487387,0.00019766206757032128,100.0,0.0,63.2,2.249444375840399,1.0,0.0,4.2,0.812403840463596,0
769,0.931620154382005,0.02703145478060527,0.017328379352013715,0.008502230893272046,0.0005598465508384221,0.00025590935771816744,100.0,0.0,63.55,2.4387496796514396,1.0,0.0,4.4,0.7999999999999999,0
770,0.9302668056531982,0.024764280648023204,0.01851978087912896,0.008275113901032123,0.0005626275031787116,0.00021218778900148705,100.0,0.0,63.55,3.4128433893163046,1.0,0.0,4.45,0.9205976319760985,0
771,0.9343103417051,0.020260497432047837,0.017996675677067087,0.007893689055881095,0.000521246377724566,0.00021376014132889134,100.0,0.0,64.1,3.6728735344413916,1.075,0.23848480035423641,4.3,0.8426149773176358,0
772,0.9323637705542118,0.019923899372760515,0.018261833081747083,0.008458284443454154,0.0005393399040930493,0.00024119265336327274,100.0,0.0,64.55,3.2011716605018234,1.075,0.23848480035423641,4.15,0.7921489758877431,0
773,0.9292971497459679,0.02021843588510248,0.018501794761955955,0.00930339826918485,0.0005621091865353232,0.00024172503092228763,100.0,0.0,63.4,3.903844259188627,1.1,0.3,4.3,0.7810249675906654,0
774,0.9301844937800215,0.022499932687434006,0.01949272437635833,0.008153621849255239,0.0005453722428730698,0.00024887577759498126,100.0,0.0,64.1,3.080584360149872,1.0,0.0,4.05,0.6689544080129826,0
775,0.9319204478495198,0.023304571359458116,0.01868946904851946,0.008106833508170113,0.0005422605859877053,0.00023966812044636725,100.0,0.0,63.5,2.7838821814150108,1.0,0.0,4.1,0.6244997998398398,0
776,0.9334142161497534,0.0246156368568061,0.018752745488087343,0.007489643391168007,0.0005356200756431763,0.0002665345399085749,100.0,0.0,63.0,2.345207879911715,1.0,0.0,4.05,0.6689544080129826,0
777,0.9299059361811371,0.029297967983103097,0.018611447299541853,0.00864138306503804,0.0005777093735198247,0.0002934755755905602,100.0,0.0,62.6,3.1208973068654475,1.15,0.3570714214271425,4.6,0.7348469228349535,0
778,0.9320225030944826,0.03007957761184584,0.019084403052458274,0.00813132262179951,0.0005441869165935101,0.0003016164418776097,100.0,0.0,62.45,2.7654113618049667,1.125,0.3112474899497183,4.1,0.6244997998398398,0
779,0.9350788880811253,0.027865823706042882,0.019203202062844173,0.00843591626383419,0.0004911893964304846,0.000289213534698135,100.0,0.0,64.25,2.342541355024496,1.05,0.21794494717703372,4.1,0.7681145747868608,0
780,0.9341931358322233,0.024352147901707172,0.01913281172473527,0.00817697766669962,0.0005056391126858107,0.0002476003327972902,100.0,0.0,63.65,3.424543765233553,1.1,0.3,4.2,0.6,0
781,0.93234474697531,0.019251587906915817,0.019569152748518316,0.009309946876648408,0.0005076734298909314,0.00016718717307285575,100.0,0.0,63.6,3.1685959035509725,1.05,0.21794494717703372,4.1,0.7000000000000001,0
782,0.9278262503734727,0.021930616074128002,0.02186540307070348,0.00961170583815109,0.0005165900075575283,0.00013319665854898173,100.0,0.0,63.1,2.6057628441590768,1.0,0.0,4.4,0.66332495807108,0
783,0.9290734445603082,0.01935607821198755,0.022264619688982395,0.010464193135775629,0.00047422601947932723,0.00017232560471172224,100.0,0.0,63.3,3.4655446902326914,1.1,0.3,4.1,0.5385164807134504,0
784,0.9257231475066018,0.02015834672178644,0.02323979508832387,0.011035199786403268,0.0004835476142403971,0.0001870207606097988,100.0,0.0,64.4,2.956349099818896,1.025,0.10897247358851683,3.95,0.6689544080129826,0
785,0.9209284806610334,0.027124748769920735,0.023951281742912726,0.011667636114685964,0.0005215440391881615,0.0002651562493321475,100.0,0.0,64.3,2.3473389188611007,1.0,0.0,4.15,0.6538348415311012,0
786,0.9194960413460317,0.0242948685840321,0.025386561270736196,0.011616444309114246,0.000497207504991399,0.00022122326522286,100.0,0.0,62.65,3.1666228067138023,1.025,0.10897247358851683,4.4,0.6633249580710799,0
787,0.9130979182967103,0.02768062030846219,0.026145829110354936,0.011962878310475438,0.0005492609829047693,0.00023552765285887658,100.0,0.0,63.95,2.0365411854416298,1.0,0.0,4.05,0.3840572873934304,0
788,0.9101703929594075,0.03090862677664056,0.027755003037098564,0.012730519430860695,0.0005396337840170286,0.00025606243504674807,100.0,0.0,64.6,2.4779023386727737,1.0,0.0,4.1,0.7,0
789,0.9080172680452654,0.035329590877049115,0.028956174725872343,0.013505076222135303,0.000514436628735794,0.00024047610081043795,100.0,0.0,63.95,2.9236107812087435,1.025,0.10897247358851683,4.0,0.6324555320336759,0
790,0.9086729152985489,0.030661684647508142,0.028381086893024425,0.012170445315079038,0.000529619341011437,0.00022928793918003949,100.0,0.0,64.35,3.118894034750139,1.075,0.23848480035423641,4.1,0.7681145747868608,0
791,0.9002691344469419,0.033817310909661835,0.029962718626713746,0.012801069449752492,0.0005854303277929544,0.0002180204696287252,100.0,0.0,62.95,2.7472713735632306,1.0,0.0,4.25,0.82915619758885,0
792,0.8968102666471595,0.0327727691013222,0.031071557637442026,0.011934610332644303,0.0006020441954680364,0.00022608435517330107,100.0,0.0,62.45,2.923610781208744,1.175,0.36314597615834876,4.35,0.9630680142129111,0
793,0.8908091475634136,0.039031719429959554,0.03212492388741643,0.013211239849369925,0.0006258171254383421,0.0002537413320712357,100.0,0.0,62.35,2.8857408061016154,1.15,0.3570714214271425,4.2,0.6782329983125269,0
794,0.8880491438261678,0.0402349749576098,0.03285543543414506,0.012604720859268085,0.0006367684011503839,0.00023454184706846575,100.0,0.0,64.6,3.4698703145794942,1.15,0.3570714214271425,4.15,0.653834841531101,0
795,0.8798920462818989,0.04311537111926688,0.035312730402417294,0.01304697278860682,0.0006567367308764359,0.00024792965273177155,100.0,0.0,63.65,2.669737814842499,1.05,0.21794494717703372,4.3,0.5567764362830021,0
796,0.873400643128519,0.04509573413772692,0.036906320076420175,0.012099179014622095,0.0006883505819769313,0.00026250122064504715,100.0,0.0,64.15,4.304358256465184,1.1,0.3,4.2,0.6782329983125268,0
797,0.8730317539386541,0.04377081224516888,0.03696588573549211,0.012588609584670528,0.0006804989814056828,0.00023229821569235558,100.0,0.0,63.05,3.1855140872392953,1.1,0.3,4.55,0.8645808232895291,0
798,0.8696804406709244,0.04142126372358517,0.03711977276858465,0.012084615047885362,0.0007171607551246914,0.0002591371638024248,100.0,0.0,62.4,3.184336665618132,1.05,0.21794494717703372,4.75,0.7664854858377946,0
799,0.8747280832249071,0.03662676534265562,0.0362572938664189,0.01129571418361492,0.0006922221603178839,0.00021588828304476614,100.0,0.0,62.5,2.9410882339705484,1.05,0.21794494717703372,4.45,0.6689544080129827,0
800,0.8703761621573088,0.032017628213663114,0.03880038310826396,0.009497200031031366,0.0006625502498286901,0.0001776923493736689,100.0,0.0,63.5,2.9916550603303182,1.025,0.10897247358851683,4.4,0.4898979485566356,0
801,0.8686005347233978,0.03427198708537923,0.03994776940469869,0.01055548207434716,0.0006322723197173389,0.0002082929370553826,100.0,0.0,63.05,2.4591665254715873,1.05,0.21794494717703372,4.15,0.6538348415311012,0
802,0.86751667434411,0.03494855304993855,0.04000922301736484,0.011335184937762834,0.0006310398404719199,0.00028730071373843624,100.0,0.0,63.7,2.9342801502242426,1.1,0.3,4.1,0.8306623862918076,0
803,0.8634517873770162,0.03435480362793814,0.042238971420637456,0.010375510766099433,0.0006001469544378654,0.0002293846598947121,100.0,0.0,63.45,3.2935543110748915,1.075,0.17853571071357124,4.15,0.5722761571129799,0
804,0.8583099249575439,0.036331336921365406,0.042783810466943274,0.011535112827614448,0.0006319599617762968,0.0003103997701673904,100.0,0.0,63.65,3.395217224272992,1.125,0.3112474899497183,3.8,0.5099019513592784,0
805,0.8539649020504815,0.04018948959364742,0.04343548067604517,0.010485107585266964,0.0006737691825998117,0.0002946524133489948,100.0,0.0,62.9,3.3000000000000003,1.075,0.23848480035423641,4.45,1.0712142642814275,0
806,0.8471451205690759,0.045829209972441214,0.043259178229984416,0.011775767814419915,0.0007665311569245326,0.00042857336712241067,100.0,0.0,64.05,3.278337993557101,1.05,0.21794494717703372,4.0,0.6324555320336759,0
807,0.8459525016611961,0.038414767407382665,0.04471604482007542,0.010996252146307851,0.0007159518135119487,0.00034076094794227205,100.0,0.0,63.75,2.8262165522125158,1.0,0.0,4.4,0.6633249580710799,0
808,0.8482787174881858,0.03498024542178909,0.04474730578589014,0.010077938036625992,0.0006894885086117142,0.000319327600191934,100.0,0.0,63.4,2.4372115213907883,1.05,0.21794494717703372,4.15,0.7262919523166976,0
809,0.8385981700054094,0.038533655823017036,0.04624215017106091,0.010656000447933333,0.0007506981855088436,0.00030233633476676547,100.0,0.0,63.7,3.407345007480164,1.0,0.0,4.35,0.5722761571129799,0
810,0.8447842576479008,0.04213566900284404,0.04572464636712853,0.010743932355450994,0.0006852225169654556,0.00025246009507728354,100.0,0.0,63.65,2.868361901852693,1.05,0.21794494717703372,4.25,0.8874119674649424,0
811,0.8382936192438184,0.04888768682880563,0.04693490592407919,0.01251989864094117,0.0007131225137272686,0.0002525787444673961,100.0,0.0,62.8,2.8913664589601917,1.0,0.0,4.25,0.7664854858377946,0
812,0.8355666369020724,0.05168452703286587,0.04756519807040868,0.01361932298517914,0.0006860947704301139,0.00029850479130131565,100.0,0.0,64.4,3.6110940170535573,1.05,0.2179449471770337,4.15,0.8529361054615991,0
813,0.8290761030120886,0.057440465747291045,0.049739214474839824,0.01447681536495632,0.0006571839054913982,0.0003636341301245781,100.0,0.0,63.25,2.662235902394827,1.0,0.0,4.3,0.9539392014169457,0
814,0.8284268999563897,0.05716720351772085,0.05121309987082982,0.013520309632707908,0.0005905513701610248,0.00029385502252862077,100.0,0.0,63.05,3.3537292675468007,1.05,0.21794494717703372,4.3,0.714142842854285,0
815,0.825011008015965,0.06206519516312896,0.051891055964689806,0.015000462047675456,0.0005694319840727867,0.00025978957200573907,100.0,0.0,63.85,2.8857408061016154,1.0,0.0,4.15,0.7921489758877431,0
816,0.8132984686055844,0.0693421194936418,0.054844320393215074,0.015502222516716296,0.0005625568976131787,0.00028410232708827806,100.0,0.0,64.75,2.5074887836239665,1.075,0.17853571071357124,3.95,0.5894913061275798,0
817,0.810260811826819,0.07204479815296261,0.055720477573561335,0.015390222547571566,0.0005499092755345222,0.0003202581853945204,100.0,0.0,64.05,3.7745860700214533,1.125,0.3112474899497183,4.05,0.5894913061275798,0
818,0.7962219175167344,0.07560914758394059,0.058324852784541394,0.015996238014774802,0.0005866430821228799,0.0002571922781874186,100.0,0.0,63.35,2.4550967394381837,1.0,0.0,3.95,0.49749371855331,0
819,0.7863970370797223,0.07870562429344938,0.06045130028208314,0.016448647120562997,0.0005956216764422385,0.00026335062371194925,100.0,0.0,62.25,2.913331426391443,1.05,0.21794494717703372,4.5,1.02469507659596,0
820,0.7793347214400699,0.07338720442801686,0.06088843222477898,0.0146010370377895,0.0006716641788405449,0.00037262370037823066,100.0,0.0,64.3,3.4365680554879163,1.05,0.21794494717703372,4.1,0.6244997998398398,0
821,0.770182968893617,0.0704610894201719,0.06231087508195776,0.013225598818454446,0.0007283456551580906,0.0004512045971553673,100.0,0.0,62.65,3.08666486681013,1.05,0.21794494717703372,4.25,0.6224949798994366,0
822,0.7576394791352374,0.06525891542760054,0.06438517519377716,0.011605167712189062,0.0007793624179525394,0.000420199022113476,100.0,0.0,63.7,2.703701166919155,1.15,0.32015621187164245,4.2,0.6782329983125268,0
823,0.7530827373314841,0.06260355839941364,0.06371319650585468,0.011463891918083,0.0009154246949533761,0.0005452569661129034,100.0,0.0,63.05,3.3387872049593095,1.2,0.4,3.95,0.5894913061275798,0
824,0.7603195974209255,0.05419957178918641,0.06175674534927739,0.009777339631612198,0.0009657220037836659,0.0006116328808265983,100.0,0.0,62.7,3.287856444554719,1.05,0.21794494717703372,4.25,0.698212002188447,0
825,0.7613138604209241,0.0551659901136561,0.061466271096101886,0.01046227850076771,0.0009536553362820072,0.0005502118371765777,100.0,0.0,62.65,3.439113257803529,1.2,0.4,4.25,0.698212002188447,0
826,0.759673305243602,0.049301402171887,0.06129786588858401,0.009700153482706454,0.0009965246375182517,0.0005655159565782336,100.0,0.0,63.05,4.153010955921017,1.15,0.3570714214271425,4.2,0.812403840463596,0
827,0.7590584995963899,0.06163154209254004,0.06155084382272402,0.012728431816872584,0.0009665003626133171,0.0005945306219602058,100.0,0.0,63.8,2.1354156504062622,1.025,0.10897247358851683,4.35,0.6538348415311012,0
828,0.7592813468065596,0.06448977125489012,0.061446935772476605,0.01344771614173515,0.0009462543936030651,0.0005348602909098939,100.0,0.0,63.15,3.08666486681013,1.025,0.10897247358851683,4.0,0.6324555320336759,0
829,0.7575011709878792,0.06801015411671921,0.0618988803883818,0.01436654043883035,0.0009293246170327353,0.0005005682809197181,100.0,0.0,63.2,3.5721142198983498,1.15,0.3570714214271425,4.4,0.6633249580710799,0
830,0.7567363071088224,0.07692506862259241,0.06251820062667644,0.015091523328919958,0.0009079478998930458,0.0004504315944254046,100.0,0.0,62.6,2.8530685235374214,1.1,0.3,4.3,0.7810249675906654,0
831,0.7593691051788134,0.07878531774003679,0.06256209300195878,0.015469116996449817,0.0008537981620520023,0.00039062260065121006,100.0,0.0,63.6,2.973213749463701,1.025,0.10897247358851683,4.5,0.9219544457292888,0
832,0.7518145075911672,0.08033962717076923,0.0640813396772699,0.015616412925443017,0.000866428427447691,0.0003859721390119717,100.0,0.0,62.9,2.5865034312755126,1.05,0.21794494717703372,4.45,0.7399324293474372,0
833,0.7449007953346726,0.08170514363141762,0.065112971252757,0.01640828489733487,0.000915874306625252,0.0003819699283075371,100.0,0.0,63.1,2.4677925358506134,1.0,0.0,4.4,0.7999999999999999,0
834,0.747628917713145,0.08465071881393488,0.06527393492597644,0.017101967624029515,0.0008761685548013618,0.00046418214787996955,100.0,0.0,63.55,3.4128433893163046,1.075,0.23848480035423641,3.95,0.6689544080129827,0
835,0.7475082995041092,0.08723120183529945,0.06509963551535372,0.017788995421875505,0.0008946728291583502,0.00045401182740355055,100.0,0.0,64.5,3.263433774416144,1.05,0.21794494717703372,4.3,0.714142842854285,0
836,0.7480782854321434,0.08626543264787045,0.06447244491167005,0.018175445335164624,0.0009317801828122039,0.0005140919280320705,100.0,0.0,63.25,3.222964473896664,1.0,0.0,4.25,0.6224949798994366,0
837,0.7566052643399493,0.07960998836005649,0.06308603721721799,0.017424476338212647,0.0008916033898550569,0.00046690556935388087,100.0,0.0,63.1,2.0712315177207983,1.125,0.3112474899497183,4.15,0.7262919523166975,0
838,0.748641542343047,0.07683850482079684,0.06478534277855469,0.01681491599015527,0.000924168051689358,0.00046780756500480373,100.0,0.0,63.25,2.9811910371527683,1.05,0.21794494717703372,4.15,0.5722761571129799,0
839,0.7480105894504356,0.0775786156738101,0.06447140913172181,0.01711896972519628,0.0009385939293602371,0.000559075283960006,100.0,0.0,62.25,2.6433879775772606,1.1,0.3,4.35,0.7262919523166975,0
840,0.7468669755008353,0.07433980630182624,0.0644850766944148,0.015547086496812058,0.0009631933899453363,0.000507008544891877,100.0,0.0,63.5,2.224859546128699,1.05,0.21794494717703372,4.35,0.5722761571129799,0
841,0.7423939032696424,0.08099696249099762,0.06584008661141179,0.016366769217015197,0.0009031178290577829,0.0004792860542515818,100.0,0.0,62.5,2.224859546128699,1.05,0.21794494717703367,4.3,0.714142842854285,0
842,0.7384340771356365,0.09147083419485863,0.06653226419113342,0.01834778456424772,0.0008740933338759387,0.00042237394914826387,100.0,0.0,62.95,4.09237095092808,1.15,0.3570714214271425,4.3,0.9,0
843,0.7305671590991858,0.09683996496703988,0.06757731352834188,0.019546695350236405,0.0008967069230512948,0.0003878071490431566,100.0,0.0,63.1,3.1448370387032774,1.025,0.10897247358851683,4.3,0.7810249675906654,0
844,0.7220896954852681,0.10184226523510669,0.06937453313793251,0.019509529092294357,0.0008891894091126744,0.00035391420795001586,100.0,0.0,63.25,3.7399866309921483,1.15,0.3570714214271425,4.2,0.5099019513592784,0
845,0.7054532094255956,0.10257687248740296,0.07368081111684467,0.019237815899002905,0.0008503727500743866,0.0003621844032572576,100.0,0.0,63.45,2.4794152536434875,1.125,0.3112474899497183,3.95,0.7399324293474371,0
846,0.6942218743202323,0.10223411293312867,0.07573257992057304,0.01934623114432423,0.0008766081358178279,0.00036726291985487227,100.0,0.0,63.8,2.6,1.05,0.21794494717703372,4.0,0.6324555320336759,0
847,0.6974092486042156,0.09481979758142949,0.07509070203386176,0.017805276333015232,0.0009153277380196879,0.0003373962107725472,100.0,0.0,63.75,2.426417111710186,1.0,0.0,4.3,0.6403124237432849,0
848,0.6964195479328225,0.08891491150541639,0.07558776767734983,0.016304264816028338,0.0009595431821617104,0.00042241378262073944,100.0,0.0,63.8,2.9257477676655586,1.1,0.3,3.95,0.49749371855331004,0
849,0.7050210025628123,0.09004197433121061,0.07282358110997789,0.017225289379413523,0.0010228770931207908,0.0004889511518907044,100.0,0.0,62.9,2.7367864366808012,1.05,0.21794494717703372,4.55,0.8046738469715542,0
850,0.7100241856709754,0.08860055090848083,0.07153562088306584,0.017785666436599408,0.001031757101854224,0.00044048422623763837,100.0,0.0,64.25,3.7798809505062456,1.0,0.0,4.1,0.7000000000000001,0
851,0.7141369537940954,0.09332534404077938,0.07134818269852151,0.019168132591692394,0.0009499597490699111,0.0004005016887564568,100.0,0.0,63.75,2.426417111710186,1.0,0.0,4.1,0.6244997998398398,0
852,0.713987086436319,0.08847737485996524,0.07154980044475903,0.018464627162474708,0.0009434215424932752,0.00046147591900118026,100.0,0.0,63.5,3.442382895611701,1.0,0.0,4.2,0.6,0
853,0.7115666373225612,0.08187043034866247,0.07104392058028992,0.017667936905822676,0.0010552805930919877,0.00038028130643082033,100.0,0.0,64.4,2.0591260281974,1.0,0.0,4.0,0.5477225575051661,0
854,0.7155214862819383,0.08145991227041749,0.07060962673402137,0.01673228298113836,0.0010292851181877916,0.00037559399920710906,100.0,0.0,63.35,3.1666228067138023,1.1,0.3,3.95,0.9205976319760983,0
855,0.7270590328206331,0.07101719694201691,0.06785796048767168,0.01494157498744106,0.0010612161133215843,0.0004885844704850714,100.0,0.0,63.75,3.4478254016118624,1.1,0.3,4.15,0.6538348415311009,0
856,0.7327020161848372,0.07063778257588124,0.06690874004983811,0.015537734802501951,0.0010291559882560828,0.00046277955518466833,100.0,0.0,63.9,1.8681541692269403,1.0,0.0,4.05,0.49749371855331004,0
857,0.7342405864647691,0.07726354164855351,0.06550264954225603,0.016950243213591558,0.0010927462052849478,0.0005246894724241822,100.0,0.0,63.05,3.3087006513131403,1.1,0.3,4.1,0.6244997998398398,0
858,0.7409821042899851,0.08484189983169843,0.06447388387689817,0.01949763358918828,0.0010364664928954365,0.00042745400959711305,100.0,0.0,63.6,3.813135192987524,1.075,0.23848480035423641,4.1,0.5385164807134504,0
859,0.743694763955615,0.08904303199318907,0.06396670080160416,0.019829602582499634,0.0010260415726574485,0.000389543051837385,100.0,0.0,62.6,3.2619012860600183,1.1,0.3,4.3,0.8426149773176358,0
860,0.7493137417057845,0.0975598616496104,0.06378518630633223,0.021708475132117145,0.000903837912425428,0.00035636552508339775,100.0,0.0,61.85,2.5743931323712,1.15,0.32015621187164245,4.4,1.019803902718557,0
861,0.7453103110657088,0.10439273565495659,0.0644253950821014,0.022815842117894992,0.0008895942116026207,0.0003110615567320348,100.0,0.0,63.4,3.2465366161495854,1.1,0.3,4.3,0.6403124237432849,0
862,0.7392591559470338,0.10522196679117751,0.06643267613643714,0.021975241010604846,0.0008779833856154883,0.00030705844225282895,100.0,0.0,63.45,2.3764469276632285,1.075,0.23848480035423641,4.05,0.739932429347437,0
863,0.7282724114552611,0.11229876305054896,0.0688487401045963,0.023267762427535425,0.0008627885622761774,0.00024192658781509673,100.0,0.0,63.5,2.5,1.05,0.21794494717703372,4.15,0.653834841531101,0
864,0.7267500862307528,0.1100605814935356,0.06907205597515367,0.022289597419539346,0.0008772463998500535,0.0002748755159255266,100.0,0.0,63.9,2.7184554438136375,1.1,0.3,4.1,0.30000000000000004,0
865,0.721776546317413,0.11346463593698732,0.0693895624718077,0.02278082373950734,0.0008791238609015449,0.0003212394222814571,100.0,0.0,63.8,3.8026306683663087,1.05,0.21794494717703372,4.2,0.812403840463596,0
866,0.7036936088735618,0.1120683108154573,0.07221717433944877,0.022963053016257007,0.0009405585040505712,0.00033731310841424373,100.0,0.0,63.65,2.815581645060217,1.075,0.23848480035423641,4.35,0.963068014212911,0
867,0.6826540492983685,0.11301729833717904,0.07733668308160697,0.02226841407856025,0.0009147249175283529,0.00041645432472208876,100.0,0.0,64.0,2.449489742783178,1.0,0.0,4.0,0.5477225575051661,0
868,0.6816373916350654,0.10448391056668577,0.07651550015864765,0.021137229689961755,0.0009741979308064668,0.0006178048296291912,100.0,0.0,64.0,2.32379000772445,1.0,0.0,4.25,0.6224949798994366,0
869,0.6657480665946993,0.10938542016622203,0.0801244376806022,0.020268248813285115,0.0009689428653654641,0.0006112368535122551,100.0,0.0,63.35,3.453621287865825,1.1,0.2549509756796392,4.35,0.8529361054615991,0
870,0.6548803944519614,0.10481200042471579,0.08267077180514218,0.01946903676630864,0.0009620950556130444,0.0005774475151805121,100.0,0.0,62.05,4.06786184622831,1.275,0.43229041164476456,4.2,0.7483314773547883,0
871,0.637787099743484,0.10476152229008648,0.0861173432595958,0.019292286535638387,0.000957070494895204,0.0005169870254892856,100.0,0.0,64.8,3.026549190084311,1.0,0.0,3.85,0.7262919523166975,0
872,0.6291293279849768,0.10021505946731134,0.08726482427607689,0.018986508952306445,0.0010041608558754972,0.0005257392426998579,100.0,0.0,62.9,2.8442925306655784,1.15,0.3570714214271425,4.15,0.5722761571129799,0
873,0.6144361932142648,0.09794623869367375,0.0893388918426429,0.019297655772076382,0.0011065024570203136,0.0006516205711827357,100.0,0.0,63.85,2.8508770580296865,1.05,0.21794494717703372,4.2,0.6782329983125269,0
874,0.616482938145755,0.09971354347322181,0.08704391854307271,0.02387050790151946,0.001189982838014359,0.0007188141883657162,100.0,0.0,64.35,3.365635155509284,1.025,0.10897247358851683,3.85,0.5722761571129799,0
875,0.6158044421398581,0.10710156944894086,0.08752369040297472,0.02525301990446316,0.0011924927701404682,0.0007471544666181292,100.0,0.0,63.95,2.654712790491657,1.0,0.0,4.35,0.653834841531101,0
876,0.6113853978993556,0.10812426711072085,0.08898686873127346,0.026446268234729377,0.0011300267954269271,0.000668608932774249,100.0,0.0,62.9,3.345145736735546,1.15,0.3570714214271425,4.2,0.7483314773547883,0
877,0.6225569636694908,0.11479344038229329,0.0876721201715529,0.02771843252962069,0.0010639239261913767,0.0006041435367311466,100.0,0.0,63.5,3.52845575287547,1.05,0.21794494717703372,4.35,0.6538348415311012,0
878,0.6290327477719171,0.12133110918856209,0.08624765607988814,0.02891850079757686,0.0010529825550746803,0.000586314111746421,100.0,0.0,62.15,3.5535193822462827,1.1,0.3,4.6,0.66332495807108,0
879,0.6356269640371182,0.12434682586569419,0.0848477480584452,0.029988075181274196,0.0010633979581440463,0.0005558331523110976,100.0,0.0,62.8,2.580697580112788,1.075,0.23848480035423641,4.6,1.0677078252031311,0
880,0.6414032924714186,0.12450421695437083,0.08361953598224267,0.030199657501405297,0.001098720361916193,0.00047941065766649477,100.0,0.0,63.75,2.3637893307145625,1.05,0.21794494717703372,4.3,0.6403124237432849,0
881,0.649334822994237,0.1290952375913299,0.08220163175837232,0.029422666098177303,0.0011187513678973643,0.0005588333708342551,100.0,0.0,63.15,3.1666228067138023,1.15,0.3570714214271425,4.4,0.9165151389911679,0
882,0.6507357940123104,0.13548123954438918,0.0826375170878061,0.02948371252566027,0.0010325317340594913,0.0005085214445128273,100.0,0.0,63.2,3.0594117081556704,1.075,0.23848480035423641,4.55,0.7399324293474372,0
883,0.654690591863101,0.13339284771161003,0.08195747689363159,0.02844607834554301,0.0010070139894256956,0.0004640005063364648,100.0,0.0,64.7,3.287856444554719,1.1,0.3,4.1,0.7,0
884,0.6506517768270444,0.13411392763579277,0.08336639384729343,0.02760207316523301,0.0009547917337256384,0.0003912431652857326,100.0,0.0,63.05,2.8892040426387333,1.05,0.21794494717703372,4.3,0.714142842854285,0
885,0.6516298562231366,0.13788466107768266,0.08384165163749382,0.026889114906106654,0.0009005977611886481,0.0003747641495680363,100.0,0.0,62.9,2.896549671592048,1.15,0.3570714214271425,4.15,0.47696960070847283,0
886,0.6453459567881948,0.12401881812828842,0.08516647515103729,0.024244291404536822,0.0009686060958773281,0.00039430946409456846,100.0,0.0,61.9,2.981610303175114,1.05,0.15,4.3,0.714142842854285,0
887,0.6461503322544697,0.11054860462550593,0.08532700203416514,0.021162638982153932,0.0010484281046618774,0.00041923055883699077,100.0,0.0,63.7,3.479942528261063,1.075,0.23848480035423641,3.8,0.7483314773547883,0
888,0.6510663204192348,0.09873824920310047,0.08437711823331685,0.01870980238062245,0.001057824743037839,0.00046790819469841137,100.0,0.0,63.15,3.102821296820041,1.125,0.3112474899497183,3.95,0.5894913061275798,0
889,0.651491266084759,0.1041440936638087,0.08328551697059068,0.020516776061375253,0.001140351025002243,0.0005014726655036593,100.0,0.0,63.55,3.4274626183227737,1.1,0.3,4.35,0.6538348415311009,0
890,0.6569244655097076,0.10216072880927471,0.08175394995406636,0.02066266510046424,0.0011709748402946286,0.0005214726346785999,100.0,0.0,63.1,2.826658805020514,1.025,0.10897247358851683,4.4,0.4898979485566356,0
891,0.6690260951354187,0.0968676617485004,0.08011946860152462,0.01850595634747267,0.0011130255898128669,0.000530226298690264,100.0,0.0,63.9,3.047950130825634,1.0,0.0,4.3,0.6403124237432849,0
892,0.6746108720769475,0.09104423079273424,0.0784311203750271,0.018771338645077715,0.0011588672365874203,0.0006569952626741236,100.0,0.0,64.55,3.6670833096617805,1.05,0.21794494717703372,4.2,0.7483314773547883,0
893,0.681990010674489,0.10354068538501253,0.07614155535888385,0.022986911359901264,0.001154697313512486,0.0005246066688176163,100.0,0.0,63.25,2.2555487137279924,1.05,0.21794494717703372,4.2,0.5099019513592784,0
894,0.6906524476266525,0.1146930387271785,0.07451232387626773,0.024428784286740314,0.0010638564007276617,0.0005669984124724923,100.0,0.0,63.4,3.120897306865447,1.15,0.3570714214271425,4.2,0.7483314773547883,0
895,0.6826922095652475,0.129565650197072,0.07619387516340154,0.025637099235232965,0.0010168674374552611,0.0005675299727058965,100.0,0.0,62.75,3.080178566252288,1.15,0.32015621187164245,3.95,0.739932429347437,0
896,0.6790953898205796,0.13369884867460458,0.07831832709761102,0.025309007072707893,0.0009167762557146809,0.000522542667840032,100.0,0.0,63.5,3.5,1.075,0.23848480035423641,4.45,0.9733961166965893,0
897,0.6600556777871407,0.13241029224447204,0.08216626038004915,0.0246370175927108,0.0009636045627185079,0.00047762956028905585,100.0,0.0,63.2,3.5298725189445577,1.1,0.3,4.45,0.8645808232895291,0
898,0.6513984001129723,0.12653116011038543,0.08431910824061775,0.023222144933230764,0.0009411149225511551,0.0004426851583249703,100.0,0.0,63.8,3.295451410656816,1.05,0.21794494717703372,4.4,0.8602325267042626,0
899,0.6454007602655826,0.1245690956192633,0.08534923055396991,0.022324471270217746,0.0009456797599842861,0.0004428463148182696,100.0,0.0,63.55,3.4420197558991443,1.0,0.0,4.1,0.5385164807134504,0
900,0.6297682812956248,0.12501316529117956,0.08823636484532146,0.021831487940221595,0.001001661893574229,0.0005084839767327126,100.0,0.0,63.4,2.989983277545211,1.1,0.3,4.1,0.7681145747868608,0
901,0.6230884791027769,0.12418608151138068,0.08982670424121633,0.02188996645796073,0.0009739658639099273,0.0004896067191398755,100.0,0.0,64.2,2.6191601707417584,1.075,0.23848480035423641,4.15,0.5722761571129799,0
902,0.6195871454090347,0.1162284468246003,0.09096409730540136,0.02036328623106076,0.0009469184682580923,0.0005025741756653536,100.0,0.0,62.1,3.223352292257239,1.175,0.36314597615834876,4.3,0.5567764362830021,0
903,0.611733316757608,0.11533775010568068,0.092276725786587,0.020580212215087393,0.0009944653824658623,0.0005284880772625798,100.0,0.0,63.75,2.2332711434127295,1.025,0.10897247358851683,4.05,0.6689544080129826,0
904,0.6028296330971092,0.11440613965603967,0.09450983397813213,0.020645897697794048,0.0009289008033759562,0.000511847575420466,100.0,0.0,63.7,4.026164427839479,1.15,0.3570714214271425,4.1,0.5385164807134504,0
905,0.6050479239985076,0.1108195459596513,0.09348600574519014,0.020600516634894973,0.0010128490011654565,0.0004716856580498962,100.0,0.0,63.5,2.819574435974337,1.0,0.0,4.25,0.6224949798994366,0
906,0.6070841253079637,0.10172181910602475,0.09318972788851103,0.01959907793315921,0.001016860980143372,0.0005101888342127312,100.0,0.0,62.7,2.934280150224242,1.05,0.21794494717703372,4.25,1.0897247358851685,0
907,0.6194381110504379,0.09850516254017953,0.0909322546988618,0.01976548925296634,0.0010055094881509857,0.0004908964214987222,100.0,0.0,63.15,2.669737814842499,1.05,0.21794494717703372,4.25,0.5361902647381804,0
908,0.6268247062271322,0.10019058559306337,0.08901118540589766,0.020985551912072607,0.0010116564583840435,0.00046038461325570863,100.0,0.0,62.65,2.7436289836637897,1.1,0.3,4.15,0.4769696007084728,0
909,0.6392256784363437,0.0992658057804936,0.08709985992304499,0.020096766374880806,0.0009224538460993106,0.00053812478572339,100.0,0.0,62.45,3.308700651313141,1.125,0.3112474899497183,4.25,0.9420721840708386,0
910,0.6278809951942416,0.09918361093353441,0.08898256755939427,0.020384279907231198,0.000944317952433824,0.0005432309082261578,100.0,0.0,62.4,3.839270764090493,1.225,0.40233692348577704,4.2,0.7483314773547882,0
911,0.6227590564875978,0.1071290096888214,0.09024927850507891,0.021655558642046924,0.0008658124115240457,0.0005085765225759964,100.0,0.0,62.25,3.222964473896664,1.025,0.10897247358851683,4.55,0.8046738469715541,0
912,0.6096699007242203,0.1123337425047079,0.09279570220490976,0.022064379691080757,0.0008652993336768843,0.00045687128296659446,100.0,0.0,63.9,2.5278449319529077,1.05,0.21794494717703372,4.45,0.7399324293474372,0
913,0.5988642562541762,0.11975275071440285,0.09484843868191772,0.023127627673616213,0.000880076613220436,0.0004734224448418765,100.0,0.0,63.65,2.4550967394381837,1.0,0.0,4.55,0.8046738469715541,0
914,0.5884044742143759,0.11693156189340234,0.09699811295793043,0.022267556971846025,0.0008845831845108156,0.000401971342021704,100.0,0.0,63.65,2.6697378148424984,1.05,0.21794494717703372,4.0,0.6324555320336759,0
915,0.5880237338795546,0.12248567194766963,0.09737610015751866,0.023181271292194505,0.0009108572412490168,0.00034554414762149547,100.0,0.0,62.9,2.773084924772409,1.1,0.3,4.25,1.0428326807307104,0
916,0.5967545387443013,0.13153043950792062,0.09556267320928878,0.024345280867916,0.000897284804616996,0.0003022337241062863,100.0,0.0,63.55,3.9808918598726084,1.05,0.21794494717703372,4.0,0.8366600265340756,0
917,0.5929647749756455,0.1373748946776861,0.09708598867115811,0.024725076062440666,0.0008655257125071376,0.0003283213235256107,100.0,0.0,63.8,2.8913664589601917,1.1,0.3,4.0,0.6324555320336759,0
918,0.5877275036831017,0.14498152426682634,0.09787944363800109,0.026888327953584597,0.0008515657287702499,0.0004324126654073704,100.0,0.0,63.05,3.323777970924051,1.1,0.3,4.35,0.5722761571129799,0
919,0.5865640387250814,0.1409383341560428,0.09925520004576213,0.02525151360303782,0.0007621711687830913,0.0003053389736750677,100.0,0.0,64.0,2.6832815729997477,1.0,0.0,4.3,0.6403124237432849,0
920,0.5790413603297695,0.12724891814356767,0.10025272578431377,0.02293040247874416,0.0007993648873705452,0.0003739013322022738,100.0,0.0,63.25,2.9979159427842537,1.025,0.10897247358851683,4.3,0.7810249675906654,0
921,0.5793200479447752,0.12458580273827309,0.0994594907361632,0.022768548384921265,0.0008005845349994695,0.00041441419269625196,100.0,0.0,62.95,3.840247387864485,1.1,0.3,4.3,0.8426149773176358,0
922,0.5616110368034323,0.11733082640388401,0.10302680431845387,0.02079353777481678,0.0007732604865836821,0.0004323333185340272,100.0,0.0,62.35,2.7436289836637897,1.1,0.3,4.25,0.82915619758885,0
923,0.5478039793157843,0.11485123552478083,0.10470254050679492,0.019939658829025503,0.0008787130044197357,0.0005354186515925294,100.0,0.0,63.7,3.083828789021855,1.05,0.2179449471770337,3.95,0.3840572873934304,0
924,0.5329717030183176,0.1090122493878547,0.10707844209055635,0.019424100719941283,0.0009785152396165633,0.0005298316587539237,100.0,0.0,64.6,2.9899832775452104,1.0,0.0,4.1,0.6244997998398398,0
925,0.5292239354737023,0.11134206716000522,0.10711344599599737,0.021082889521981084,0.0010558205680256743,0.0005984026982084113,100.0,0.0,64.6,2.8705400188814645,1.05,0.21794494717703372,4.1,0.6244997998398398,0
926,0.530886215105637,0.11568245933188154,0.1067675212807806,0.022524109666060183,0.0011015571082385591,0.0006231394918408806,100.0,0.0,63.3,2.98496231131986,1.0,0.0,4.1,0.6244997998398398,0
927,0.5305762659776608,0.12447122749710333,0.1074508406223302,0.024151103061329372,0.001071446864562104,0.0006096391686911184,100.0,0.0,63.65,2.4550967394381837,1.025,0.10897247358851683,4.2,0.6782329983125268,0
928,0.5398935363892585,0.1406194708506147,0.10605037761413602,0.027956601691001375,0.0009426858605863584,0.0005620170335825422,100.0,0.0,63.75,3.491060010942235,1.1,0.3,3.75,0.6224949798994366,0
929,0.5417210598036775,0.1519075123367478,0.10645430673439157,0.029686099986358877,0.0008467942170517584,0.0004791598510728642,100.0,0.0,63.75,2.7363296585024255,1.05,0.21794494717703372,4.2,0.6782329983125269,0
930,0.5375865896899867,0.15797685954029553,0.1069973933722406,0.03112063645531812,0.0008549138251139436,0.00046096613066543555,100.0,0.0,62.6,3.1208973068654475,1.15,0.3570714214271425,4.1,0.6244997998398398,0
931,0.5338578963337566,0.15659673385115214,0.10753994765676037,0.02995555978967251,0.0009434952494799667,0.0006198346547108748,100.0,0.0,63.45,3.353729267546801,1.0,0.0,4.3,0.6403124237432849,0
932,0.5287858139506019,0.15622451222957787,0.10800773994305257,0.02992712679546676,0.0010205342948130718,0.0006677755629563231,100.0,0.0,63.25,3.207413287993925,1.05,0.21794494717703372,4.3,0.8426149773176358,0
933,0.5328568755134675,0.15221809494853386,0.10720995978624419,0.028930320197663367,0.000986885485459996,0.0006604674241443972,100.0,0.0,63.4,3.541186241925155,1.05,0.21794494717703372,4.35,0.5722761571129799,0
934,0.5373639922127016,0.14610372465819457,0.10574884588084928,0.028389583907981793,0.0009877430196516652,0.0006356863315980303,100.0,0.0,62.4,3.2619012860600183,1.25,0.4330127018922193,4.2,0.6782329983125269,0
935,0.5346144631768286,0.145492077919687,0.1067379770757136,0.02729574544812004,0.0010221218133032654,0.000603349958171151,100.0,0.0,63.6,2.9563490998188966,1.1,0.3,4.5,0.7416198487095663,0
936,0.5266349168148172,0.13829262500059405,0.1077847995179791,0.026426489125309875,0.0011181202403995512,0.0006664776056429309,100.0,0.0,63.5,3.248076353782343,1.125,0.3112474899497183,4.1,0.7681145747868608,0
937,0.5319615048607186,0.13476556360980005,0.10688008637619587,0.0263911763325911,0.001095089136267184,0.0007449751495106156,100.0,0.0,63.3,3.333166662499792,1.05,0.21794494717703372,4.3,0.9539392014169458,0
938,0.5365445671625617,0.14268070138670996,0.10644071124109619,0.02857184429127976,0.0010172202044455893,0.0006346542103856876,100.0,0.0,64.15,3.08666486681013,1.0,0.0,4.4,0.66332495807108,0
939,0.546108729109559,0.1394007864442504,0.10484826523849536,0.02811878534655229,0.0010223106027282202,0.0006023313594032587,100.0,0.0,64.75,2.277608394786075,1.0,0.0,4.15,0.4769696007084728,0
940,0.5612092744787838,0.15040042825696232,0.10326341927034606,0.028602693842417825,0.0008585640219720264,0.0006318970134972154,100.0,0.0,63.25,2.947456530637899,1.0,0.0,4.2,0.7483314773547883,0
941,0.5627079083584834,0.1566002934731472,0.10328091909926432,0.029556903064861348,0.0008601992250868186,0.0005955813734368797,100.0,0.0,64.85,3.4391132578035286,1.1,0.3,4.0,0.7071067811865476,0
942,0.5648047151148343,0.1572326383306628,0.10379631026678657,0.02913894904941491,0.0007997289858326627,0.0005321976967282025,100.0,0.0,63.25,3.2996211903792836,1.05,0.21794494717703372,4.35,0.6538348415311012,0
943,0.5695652069009332,0.1597796844780796,0.10346908926695383,0.03008803142385172,0.0006823296061032133,0.0003913429484033056,100.0,0.0,63.3,2.6286878856189833,1.05,0.21794494717703372,4.4,0.8602325267042626,0
944,0.5547466596098021,0.15688112723824912,0.10593125016062928,0.02945688697728369,0.0007556778042588023,0.00033631475287293955,100.0,0.0,63.85,3.0866648668101306,1.1,0.3,4.2,0.6782329983125269,0
945,0.5514407418279441,0.1502295059318445,0.10613611867350911,0.02855741849355009,0.0007735465481268905,0.00034183941355706823,100.0,0.0,65.0,3.1304951684997055,1.05,0.21794494717703372,4.3,0.9539392014169458,0
946,0.543576261500676,0.1432777406005506,0.1070929286585202,0.027467953893708222,0.0008574719697375218,0.0004222722649376969,100.0,0.0,63.5,2.9410882339705484,1.05,0.21794494717703372,4.05,0.6689544080129826,0
947,0.5368792040154448,0.13695286893188893,0.10744821274951935,0.027107236535420003,0.0009340782740817092,0.0004974743416138121,100.0,0.0,63.3,3.0182776545573144,1.075,0.23848480035423641,4.1,0.7681145747868608,0
948,0.5406228524785364,0.14406909451849326,0.106572458822736,0.02787619138752879,0.000922267181651648,0.0004649721347723006,100.0,0.0,62.4,2.4979991993593593,1.1,0.3,4.1,0.8306623862918076,0
949,0.5283848277232189,0.14091775026276648,0.10874270044140547,0.02749530833670628,0.000901868139368365,0.00047765055003723834,100.0,0.0,62.7,3.536947836765479,1.05,0.21794494717703372,4.15,0.5722761571129799,0
950,0.5190852210480256,0.13319545020739773,0.11039735556629829,0.02597974690715385,0.000902405160840792,0.0005094541586825258,100.0,0.0,62.3,3.083828789021855,1.15,0.3570714214271425,4.2,0.6782329983125269,0
951,0.5061042697717173,0.12244529332413996,0.11260396568694911,0.02419874047573587,0.0010318426593461847,0.0005650700023404071,100.0,0.0,63.95,2.8013389655662877,1.0,0.0,4.45,1.0712142642814273,0
952,0.5111323283566124,0.11573888122816389,0.1108182627426479,0.02313795169960221,0.001165570595979723,0.0005599796530787136,100.0,0.0,63.85,3.259984662540608,1.075,0.23848480035423641,4.15,0.5722761571129799,0
953,0.5103205270621487,0.10957716440461261,0.11084686556616527,0.020745402146414203,0.0011483245691069548,0.0005783108271165563,100.0,0.0,62.2,2.803569153775237,1.15,0.3570714214271425,4.4,0.7999999999999999,0
954,0.5129724186848749,0.10991118650023061,0.10968900282344947,0.02204538467502674,0.0011560918316098159,0.0006381676509405663,100.0,0.0,63.35,2.9542342493444895,1.125,0.3112474899497183,4.35,1.061838029079765,0
955,0.5129138838127457,0.10798377290267049,0.10891200414081074,0.022477528150722337,0.0011634457135340165,0.0006710852503396521,100.0,0.0,63.8,3.0430248109405875,1.1,0.3,4.2,0.5099019513592784,0
956,0.5127816218438787,0.11580413322023365,0.1089251799471618,0.025211087850886178,0.0011298288409505497,0.0006622339155661326,100.0,0.0,63.55,2.6734808770589704,1.0,0.0,4.25,0.7664854858377946,0
957,0.51001237945218,0.12559382907235817,0.10958528737513118,0.02734162571884515,0.0011640923388700456,0.0005547289483966181,100.0,0.0,63.65,2.4753787588973126,1.05,0.21794494717703367,4.2,0.7483314773547882,0
958,0.5079902746230547,0.12748504576039643,0.11095667655356896,0.028060020389765756,0.0010276320958654758,0.0004870423064347314,100.0,0.0,63.75,2.5273503912200224,1.05,0.21794494717703372,4.55,0.8046738469715541,0
959,0.5100232708811385,0.13887579485502874,0.11145648389119098,0.028944927493851576,0.0010220085988940086,0.0004916028634242729,100.0,0.0,63.35,3.8765319552404045,1.1,0.3,4.25,0.698212002188447,0
960,0.49806895065817713,0.1433249558236134,0.11487558620122387,0.02932621201484342,0.000924423551361107,0.0004131976479823804,100.0,0.0,62.55,2.7106272336859605,1.05,0.21794494717703372,4.3,0.8426149773176358,0
961,0.5016599427530948,0.14582467486727624,0.11461834852854469,0.02883969687377684,0.0009238001901019368,0.00042827757728519796,100.0,0.0,63.85,2.632014437650371,1.1,0.3,4.35,0.7262919523166975,0
962,0.49826009618298867,0.13645807670190466,0.11544735962754253,0.026608667066694684,0.0009543443825783982,0.00047336753996877427,100.0,0.0,62.9,2.0712315177207983,1.025,0.10897247358851683,4.15,0.6538348415311012,0
963,0.5022042851040631,0.1352210103799777,0.11457931452432221,0.025755302079972304,0.0009233904292385308,0.00044393635622384396,100.0,0.0,64.6,3.1208973068654466,1.1,0.3,4.1,0.7681145747868608,0
964,0.49575032623940807,0.14589757888148974,0.11624991191382668,0.027860730364780966,0.0007378566413197154,0.0004298599411249909,100.0,0.0,63.6,3.7067505985701277,1.1,0.3,4.4,0.9165151389911679,0
965,0.48908756128821435,0.1496217053834265,0.11681143639390912,0.02976043488711191,0.0007678464115633491,0.0005212291532950464,100.0,0.0,62.4,2.6907248094147422,1.1,0.3,4.1,0.7000000000000001,0
966,0.48637173625316865,0.16109944519523636,0.11607647978320976,0.034166197812001364,0.0008939180791104577,0.0006752736142163964,100.0,0.0,63.7,3.0512292604784714,1.075,0.23848480035423641,4.05,0.49749371855331004,0
967,0.4867161669441581,0.16350476245026388,0.11586825126527263,0.03547984906603192,0.0009765063804293879,0.0006687420372071054,100.0,0.0,63.15,3.2291639784935047,1.05,0.21794494717703372,4.15,0.8529361054615991,0
968,0.4821417549057414,0.16112999747410472,0.11739433390472642,0.034471741254588434,0.0009686797314789077,0.0005533074013338221,100.0,0.0,62.5,2.3345235059857505,1.0,0.0,4.15,0.7262919523166976,0
969,0.479792639644214,0.16049053711897254,0.11868664013047632,0.03354223205153966,0.0009224604329161874,0.00044293467812987536,100.0,0.0,63.25,2.56661255354212,1.05,0.21794494717703372,4.35,0.7262919523166976,0
970,0.47725806688039496,0.16164326139989177,0.11916760346826918,0.033444359176849174,0.0008400421538301863,0.00044338221829913997,100.0,0.0,64.2,3.6414282912066254,1.075,0.23848480035423641,4.15,0.6538348415311009,0
971,0.4745751244327593,0.1604875631765288,0.1203243766399548,0.03306987144748758,0.0008616477842154953,0.0004616210265057975,100.0,0.0,62.85,2.9372606285449034,1.15,0.3570714214271425,4.4,0.66332495807108,0
972,0.4705258323925947,0.16282813732975462,0.12061671559455886,0.033633797675015606,0.0009649143306897827,0.0004712464122531672,100.0,0.0,64.15,3.070423423568808,1.025,0.10897247358851683,4.2,0.6782329983125268,0
973,0.4739921090368805,0.16790640477660645,0.12092517360941235,0.0344246790721173,0.0009656688583328108,0.000524586600939363,100.0,0.0,62.5,2.819574435974337,1.025,0.10897247358851683,4.4,0.4898979485566356,0
974,0.49026959978065604,0.17764392663189826,0.1180195242773994,0.036893953733368665,0.0009919219787603126,0.0004818343253398579,100.0,0.0,64.3,2.7766886753829647,1.05,0.21794494717703372,4.2,0.8717797887081347,0
975,0.5017897297090503,0.19380998618541198,0.1161294497044616,0.04077929843723047,0.0010021253825869367,0.00042641692103324814,100.0,0.0,63.5,2.5,1.05,0.2179449471770337,4.2,0.812403840463596,0
976,0.5066400600110017,0.19342488581395922,0.11511936440288681,0.04034067536920594,0.0010638818802679324,0.00044781283498308367,100.0,0.0,63.95,3.2167530212933664,1.0,0.0,4.4,0.7348469228349533,0
977,0.524146569034304,0.18921691167121202,0.11106674448444494,0.03915779398910709,0.0010284818674695473,0.0006300365200041092,100.0,0.0,62.9,2.861817604250837,1.075,0.23848480035423641,4.45,0.5894913061275798,0
978,0.524374577854133,0.18756020014619001,0.11081025604533164,0.037741974970624335,0.0008845272831849796,0.0005893226418473318,100.0,0.0,63.15,3.91503512117069,1.1,0.3,4.1,0.5385164807134504,0
979,0.5133588815028501,0.17872089788903578,0.11289302179413996,0.03584623292734105,0.0008503334769204115,0.0005073687883592431,100.0,0.0,63.6,3.8131351929875237,1.1,0.3,4.3,0.6403124237432849,0
980,0.5029636978769102,0.1653279169128248,0.11402938742326281,0.03270842227530828,0.0009922359062533395,0.0004967526132567907,100.0,0.0,62.85,2.495495942693556,1.1,0.3,4.3,0.9,0
981,0.5024424396130225,0.1393635055658276,0.11379626422362084,0.027361589779477547,0.0010799081571105577,0.0005259186966398404,100.0,0.0,63.85,2.706935536727833,1.075,0.23848480035423641,4.2,0.6,0
982,0.5104644014102051,0.1209325028031376,0.11216913749451804,0.02371158294432835,0.001084495997661241,0.0006032803141495621,100.0,0.0,63.7,2.703701166919155,1.025,0.10897247358851683,4.35,0.7921489758877431,0
983,0.5154112893728926,0.12295812895821352,0.1113387526961993,0.02464815922080027,0.0011326977214735985,0.0006521291127914324,100.0,0.0,63.0,3.0,1.125,0.3112474899497183,4.25,0.7664854858377946,0
984,0.5346540466348657,0.1580271027620715,0.10810013339797622,0.03170889930144692,0.0010325396685619975,0.00045592825193179804,100.0,0.0,63.2,3.171750305430741,1.05,0.21794494717703372,4.25,0.8874119674649424,0
985,0.5393079779979414,0.1712579340724416,0.10759240733252011,0.03375310632627411,0.0008724374976256686,0.0004805948793166926,100.0,0.0,63.15,3.0376800358168077,1.1,0.2549509756796392,4.0,0.4472135954999579,0
986,0.5393749167227975,0.17817768499264602,0.1077428931004593,0.03452860051107899,0.000845162526559714,0.0004852931170326445,100.0,0.0,64.6,4.042276586281548,1.1,0.3,4.0,0.5477225575051661,0
987,0.5292931716810376,0.1786982885748648,0.10978773678104972,0.034289281539468225,0.0008668742676847033,0.00046310831975759404,100.0,0.0,63.4,2.5961509971494343,1.1,0.3,4.35,0.7262919523166975,0
988,0.5310821497088232,0.1713112073472075,0.10959223236170654,0.0317557462697809,0.000917533959466426,0.0004996934978128958,100.0,0.0,64.0,2.4289915602982237,1.0,0.0,4.1,0.7000000000000001,0
989,0.5252366403264458,0.15917459635561151,0.1100266418673164,0.029815904779381088,0.0009849823979585898,0.0005266838966057249,100.0,0.0,63.45,2.692118125194361,1.05,0.21794494717703372,4.35,0.7921489758877431,0
990,0.5172901331346713,0.14757015449274488,0.11034040617152116,0.027697504443688976,0.0011319726217134322,0.000780204353951175,100.0,0.0,62.95,2.1558061137310096,1.0,0.0,4.15,0.8529361054615991,0
991,0.5093442396558123,0.13755603719119894,0.11164427269389132,0.028580378987030943,0.0010805143162082038,0.0008010246359998599,100.0,0.0,63.3,3.333166662499792,1.075,0.23848480035423641,4.35,0.9096702699330127,0
992,0.5025445850474768,0.12836920402340948,0.11204918831593672,0.028816485706394186,0.001054440228644382,0.0007643860619220246,100.0,0.0,63.55,2.747271373563231,1.15,0.3570714214271425,4.3,0.714142842854285,0
993,0.49948254048344803,0.13443609472384127,0.11249797662792842,0.03087098214832048,0.0009350660235159207,0.00041620622756172876,100.0,0.0,63.65,3.305676935213119,1.0,0.0,4.35,0.9630680142129111,0
994,0.48922011778749247,0.12321355702426716,0.11374263474705248,0.028002944062432335,0.001042170648308773,0.00048457868802114905,100.0,0.0,62.85,3.5110539728121526,1.125,0.3112474899497183,4.15,0.5722761571129799,0
995,0.49199600628334456,0.13222986826917335,0.11398814558558197,0.02748505377048123,0.0010644628275999126,0.0004892474371738887,100.0,0.0,64.0,3.605551275463989,1.025,0.10897247358851683,4.15,0.47696960070847283,0
996,0.48482781617494597,0.13913374570315734,0.1150479783406674,0.029621651428536986,0.0011319419448122584,0.0005728745434923311,100.0,0.0,63.2,3.2649655434629015,1.05,0.21794494717703372,4.25,0.5361902647381804,0
997,0.4906891858304913,0.14445073959269877,0.11457312684984897,0.030114428075095456,0.0012111460441438361,0.0006148042277517995,100.0,0.0,63.5,1.8303005217723127,1.0,0.0,4.05,0.6689544080129826,0
998,0.5063707773459114,0.1581931794300228,0.11249348256144645,0.030853219829605726,0.0011715047767943336,0.0005532282486633397,100.0,0.0,62.7,3.874274125562103,1.1,0.3,4.15,0.5722761571129799,0
999,0.5189389823184571,0.16268641310966217,0.11093345114715336,0.031046938596420288,0.0010411158362350502,0.0005722290184942612,100.0,0.0,63.15,3.2446109165815247,1.025,0.10897247358851683,4.2,0.7483314773547883,0
