generation,mean_fitness_mean,mean_fitness_std,distance_from_optimum_mean,distance_from_optimum_std,phenotype_variance_mean,phenotype_variance_std,population_size_mean,population_size_std,n_parents_mean,n_parents_std,median_offspring_mean,median_offspring_std,max_offspring_mean,max_offspring_std,extinct_count
0,0.6735759407880908,0.033271908278429435,0.01715038281164811,0.0073814534167869995,0.004638958459681004,0.0006847424499837606,100.0,0.0,63.0,2.9154759474226504,1.15,0.3570714214271425,4.25,0.6224949798994366,0
1,0.7306427759639113,0.034953565323313375,0.02269704569091421,0.012199488064951709,0.0033300196111446406,0.0005421699634520867,100.0,0.0,63.8,1.9899748742132402,1.0,0.0,4.35,0.6538348415311012,0
2,0.7586125411717338,0.0429577455264879,0.033816861302859096,0.011765571316663455,0.0025004623144590198,0.000508447519082696,100.0,0.0,63.75,2.947456530637899,1.05,0.2179449471770337,4.05,0.4974937185533099,0
3,0.7599621477125508,0.04618471093659623,0.04354699959375567,0.012270999310444683,0.0020867423197261942,0.00046796553667523424,100.0,0.0,62.2,3.1080540535840107,1.125,0.3112474899497183,4.2,0.6782329983125269,0
4,0.7463551505146763,0.05480223992182603,0.05492703690510774,0.012628525347532366,0.0017240111992980513,0.0005669845574435211,100.0,0.0,63.1,2.3853720883753127,1.05,0.21794494717703372,4.2,0.9797958971132711,0
5,0.7082397369123593,0.0746274084425118,0.06742013669861978,0.016168349385912138,0.0015230076146742757,0.000554878324651752,100.0,0.0,63.6,2.8530685235374214,1.05,0.21794494717703372,4.55,0.9733961166965892,0
6,0.6863980164205961,0.08353880886793438,0.07566600156086545,0.017180986659103913,0.001202330621280874,0.000458219649716942,100.0,0.0,63.55,2.4181604578687494,1.075,0.23848480035423641,4.15,0.6538348415311012,0
7,0.6340689805375904,0.08419457180868091,0.08699968049453871,0.016508238120226056,0.0011085252592909721,0.00038197357336378584,100.0,0.0,64.05,2.9744747435471695,1.05,0.2179449471770337,4.0,0.5477225575051661,0
8,0.5738401888127549,0.0956573601754129,0.09909399210955902,0.017699927698789645,0.0010653345728836913,0.00043131573220873937,100.0,0.0,64.25,2.118372016431486,1.025,0.10897247358851683,4.3,0.9,0
9,0.5244219792246687,0.10161080455082282,0.10844361562345758,0.018773296799587922,0.001041902242377473,0.0004122206724739007,100.0,0.0,63.7,2.5317977802344327,1.025,0.10897247358851683,4.4,0.9695359714832658,0
10,0.4715919705076181,0.09843470155566264,0.1191092761407174,0.018875973941290394,0.001104164853796757,0.0005214722257794814,100.0,0.0,63.1,2.681417535558384,1.125,0.3112474899497183,4.25,0.698212002188447,0
11,0.43813926913010237,0.10362816987614892,0.12628700203829704,0.01983060588318789,0.0010789713047324667,0.000581389972414008,100.0,0.0,64.7,2.3473389188611007,1.0,0.0,4.25,1.0428326807307104,0
12,0.40589173529934736,0.1121295188290245,0.13285312040673355,0.021293287067310027,0.0010586250960950038,0.0005615642966511342,100.0,0.0,63.15,3.902242944769072,1.2,0.3674234614174767,3.95,0.49749371855331004,0
13,0.37562779602389107,0.11788057585424552,0.1394296290776348,0.022810634844638515,0.0010175045404021705,0.00047646930760725015,100.0,0.0,62.4,3.916631205513228,1.15,0.3570714214271425,4.45,0.5894913061275798,0
14,0.3401002153482115,0.11180441615620083,0.1463358616416401,0.02275761951749169,0.0010390345586777385,0.0005743493549676095,100.0,0.0,62.5,3.427827300200522,1.075,0.23848480035423641,4.15,0.6538348415311012,0
15,0.30558419435600587,0.09622583045580323,0.15391165562581202,0.020619450329734588,0.0010322483343038007,0.000720740464555457,100.0,0.0,62.7,2.8653097563788807,1.1,0.2549509756796392,4.4,0.6633249580710799,0
16,0.28204293383934737,0.09393131511772111,0.15929656015785912,0.020165020356033993,0.001225279148280974,0.0010625384001136883,100.0,0.0,64.15,3.2905166767545793,1.05,0.21794494717703372,4.0,0.8366600265340756,0
17,0.270808928449967,0.11394912421375229,0.16254865194249588,0.023839619762044757,0.0013121653442977848,0.0011895467864762844,100.0,0.0,63.65,2.5937424698685874,1.05,0.21794494717703372,3.85,0.3570714214271425,0
18,0.26090183662944716,0.1347654820602341,0.16543482235543963,0.02878551971593246,0.0013380134246273093,0.0012153576087900024,100.0,0.0,63.75,2.662235902394827,1.05,0.21794494717703372,4.2,0.8717797887081348,0
19,0.25485228243311575,0.13238426167889397,0.16797559703561565,0.030923604771232713,0.0012683727919347175,0.0009733719480583397,100.0,0.0,63.1,3.766961640367472,1.1,0.3,4.4,0.6633249580710799,0
20,0.24652390119164186,0.12684249199321693,0.17095027223715936,0.031264066384113,0.0011802714307964153,0.0006234544545389018,100.0,0.0,62.5,2.5592967784139455,1.0,0.0,4.25,0.6224949798994366,0
21,0.240851257374623,0.12494721515073115,0.17345788749316587,0.0336421542220795,0.0012202404421873894,0.0007198211608844164,100.0,0.0,64.4,2.615339366124404,1.025,0.10897247358851683,4.15,0.653834841531101,0
22,0.2472853126320298,0.12417529658179356,0.17228805347204598,0.0322173948211569,0.0011855862032338171,0.0007388236942818304,100.0,0.0,64.3,3.287856444554719,1.0,0.0,4.1,0.7000000000000001,0
23,0.2609154989140535,0.13168112366433063,0.16864026221057285,0.033190978288144796,0.0010965697953249898,0.0006162005740804119,100.0,0.0,63.6,3.32264954516723,1.1,0.3,4.4,0.7999999999999999,0
24,0.26101770956246706,0.13369984375509594,0.16830503851613926,0.032118877249740004,0.0011268108591193041,0.0006399941566382173,100.0,0.0,62.1,2.022374841615669,1.1,0.3,4.35,0.8529361054615991,0
25,0.2762220395367947,0.14960501259122483,0.16641126922278288,0.03603891410633423,0.0011730792167372669,0.0006986632096132648,100.0,0.0,63.9,2.5475478405713994,1.05,0.21794494717703372,4.15,0.7262919523166976,0
26,0.2945670537391189,0.15114651789279307,0.1631106639398004,0.03652638277709261,0.001068054587803717,0.0006773586443706816,100.0,0.0,64.15,2.4550967394381837,1.0,0.0,4.05,0.5894913061275798,0
27,0.3118784887390508,0.1593914052962891,0.15899244603613308,0.03687154482033232,0.0008244798528520959,0.0004980488916908146,100.0,0.0,63.0,1.8973665961010275,1.0,0.0,4.25,0.7664854858377946,0
28,0.31315459208751484,0.1612563273506635,0.15824684988794774,0.037569292873678675,0.0006253748402719785,0.0003344852368628283,100.0,0.0,63.45,3.0573681492420897,1.075,0.23848480035423641,4.05,0.49749371855331,0
29,0.2998327893821397,0.14578046181706045,0.1606818999012776,0.03596539426784137,0.0005896047777615145,0.0003191713227512722,100.0,0.0,63.55,3.169779172119093,1.0,0.0,4.4,0.7999999999999999,0
30,0.2835487023562705,0.12331254618036193,0.16388374516808216,0.03339835924862316,0.0007736268906539932,0.0003494433405440756,100.0,0.0,63.85,2.7069355367278325,1.05,0.21794494717703372,4.3,0.6403124237432849,0
31,0.2958637373561121,0.10449287880578453,0.16076320691670157,0.027785978298025284,0.0010483955304827122,0.0005905157870584406,100.0,0.0,63.25,3.5899164335677787,1.05,0.15,4.1,0.8306623862918074,0
32,0.33488238167086865,0.12690411882877112,0.1498483154931851,0.028911584220565514,0.0011243366800237375,0.0007034219448403037,100.0,0.0,62.8,2.6381811916545836,1.05,0.21794494717703372,4.05,0.5894913061275798,0
33,0.344457977104785,0.1477508820639873,0.1479155422751758,0.03160303749132056,0.0009377491970840003,0.0004345436495713226,100.0,0.0,63.9,3.8327535793473597,1.0,0.0,4.1,0.8888194417315588,0
34,0.34069527180394454,0.14597621156812318,0.14821737777237168,0.030525681739661414,0.0008788665355375076,0.0004528546372456666,100.0,0.0,62.85,3.4536212878658255,1.075,0.23848480035423641,4.35,0.7262919523166975,0
35,0.34306443666499764,0.1406781230045951,0.14722489021687496,0.028710495312704493,0.0009537959718558222,0.0005625206200850055,100.0,0.0,63.95,3.3537292675468007,1.075,0.23848480035423641,4.15,0.4769696007084728,0
36,0.34629125781075104,0.1312174564801512,0.1453985813492396,0.026737654887792194,0.0010618892172475866,0.0007567073719138091,100.0,0.0,63.55,3.089902911096076,1.1,0.3,4.35,0.792148975887743,0
37,0.3509463219836623,0.1387784100522125,0.144014205363087,0.028558179261766157,0.0011358357549149157,0.0008271637302301942,100.0,0.0,63.5,2.8548204847240397,1.125,0.3112474899497183,4.3,0.714142842854285,0
38,0.35715706512526885,0.16326757475137108,0.14246314106897756,0.0342234598979584,0.0011251182307543454,0.0008196992164927418,100.0,0.0,63.55,2.854382595238418,1.0,0.0,4.3,0.6403124237432849,0
39,0.367355026049902,0.17721532238445592,0.14026924311054173,0.037602741800389444,0.0011430866872177649,0.0007953387193307442,100.0,0.0,63.5,2.5592967784139455,1.025,0.10897247358851683,4.15,0.653834841531101,0
40,0.3887060157615937,0.19293000411649847,0.13617839439284976,0.04067382543206217,0.0011578048420798916,0.0008301078129806696,100.0,0.0,63.75,3.672533185690771,1.025,0.10897247358851683,3.9,0.6244997998398398,0
41,0.41022271176480674,0.20385159374432826,0.13178472583984385,0.04300811183167417,0.0012153237516530004,0.0007620612169952342,100.0,0.0,63.35,2.554897258208243,1.0,0.0,4.05,0.6689544080129826,0
42,0.43032620211668426,0.20089049889078173,0.12774546379558832,0.0415854138860168,0.0011504023703728394,0.0006863431796707731,100.0,0.0,62.85,3.5535193822462827,1.025,0.10897247358851683,4.15,0.7921489758877431,0
43,0.4556367494319981,0.20024729259632149,0.1227318801143216,0.04164918867856625,0.00110339889227195,0.0005858050645091106,100.0,0.0,63.15,3.5252659474144643,1.05,0.21794494717703372,4.35,0.9096702699330126,0
44,0.49192684099866124,0.19771745725631779,0.11605970593839707,0.040544866586148955,0.0010168698884677903,0.0005211568502486078,100.0,0.0,64.35,3.4391132578035286,1.05,0.21794494717703372,4.2,1.0770329614269007,0
45,0.5324639438393356,0.19586862413329278,0.10858140883767346,0.03886828904155741,0.0009176047779615634,0.00038474300475165697,100.0,0.0,64.0,3.271085446759225,1.05,0.21794494717703372,4.4,0.66332495807108,0
46,0.5672166271276208,0.19892243220087627,0.10228698599766448,0.03866111979452712,0.0008398637212428444,0.0003765088351676259,100.0,0.0,64.0,2.32379000772445,1.025,0.10897247358851683,4.05,0.5894913061275798,0
47,0.5994796395065531,0.1990923485530971,0.09532752490847284,0.03881459210903972,0.000831103117730788,0.00044764973528928285,100.0,0.0,62.95,3.3387872049593095,1.075,0.23848480035423641,4.25,0.7664854858377946,0
48,0.6289139350676645,0.1949422507026769,0.08924894052890446,0.037048968821500466,0.0008712086135426603,0.0005022673411033229,100.0,0.0,63.8,3.3406586176980126,1.05,0.21794494717703372,4.0,0.5477225575051661,0
49,0.658278246715365,0.18996235544661044,0.08113290974892716,0.03681540840771537,0.0009660114673775722,0.0006640122325910485,100.0,0.0,63.2,2.6758176320519302,1.05,0.2179449471770337,4.1,0.6244997998398398,0
50,0.6825851559371588,0.180628274629161,0.07512365475745214,0.03547515572302662,0.0010475557668885365,0.0007288405779639355,100.0,0.0,64.4,2.8,1.05,0.15,4.0,0.8366600265340756,0
51,0.7046740096100401,0.1617527402287885,0.07052959320399957,0.03149178147183802,0.00108086344897796,0.0007374349812180124,100.0,0.0,62.7,3.874274125562103,1.125,0.3112474899497183,4.5,0.5916079783099616,0
52,0.7296579358693706,0.13885647405603863,0.06345270162989111,0.02776259270075779,0.0012394013013874287,0.0007068543810004316,100.0,0.0,64.45,3.2935543110748915,1.0,0.0,4.5,0.9746794344808963,0
53,0.7641075887072317,0.11646842861460831,0.05589714334918945,0.023767123207517005,0.001205414705501886,0.0007142432498952806,100.0,0.0,62.95,2.376446927663229,1.075,0.23848480035423641,4.35,0.47696960070847283,0
54,0.7937356423466253,0.09247125340459943,0.04860100016591876,0.02130265432361954,0.0011627174283799847,0.0007130444151344836,100.0,0.0,62.55,3.5563323804166562,1.1,0.2549509756796392,4.55,0.5894913061275798,0
55,0.8181299613932337,0.07914836061784535,0.043745554149431036,0.020336400675708802,0.0010338438607028653,0.000560884314598743,100.0,0.0,64.05,3.57036412708844,1.05,0.21794494717703372,4.1,0.6244997998398398,0
56,0.8383156314158235,0.07025868154723924,0.038976789757128774,0.019554337704386776,0.0009611936513558794,0.0004396304461197897,100.0,0.0,63.5,3.0083217912982647,1.0,0.0,3.95,0.3840572873934304,0
57,0.8600418928861059,0.05957888658013425,0.035233666918895845,0.016306641370336085,0.0008656390109892333,0.000417590227058477,100.0,0.0,62.4,3.2619012860600183,1.075,0.23848480035423641,4.35,0.5722761571129799,0
58,0.8714670569004486,0.05490188383323312,0.03174213757926593,0.01579680166359577,0.0008467163380947277,0.0004407943533756058,100.0,0.0,63.25,2.9979159427842537,1.125,0.3112474899497183,4.2,0.6,0
59,0.8845681065187891,0.04455694468174301,0.028905461471408257,0.015354583239177036,0.0007641566595542117,0.00038724300845644735,100.0,0.0,62.95,2.4181604578687494,1.1,0.3,4.35,0.7262919523166975,0
60,0.8857149528177336,0.041886201181051436,0.026616604428405494,0.015895597929448158,0.0008129314963759269,0.0003949835837105166,100.0,0.0,64.3,2.685144316419511,1.05,0.2179449471770337,4.2,0.6,0
61,0.8901805976348725,0.03848122293880334,0.026317221026505973,0.013845364290761539,0.0008004847173099241,0.0003301680082215138,100.0,0.0,63.6,2.817800560721074,1.05,0.21794494717703372,4.1,0.5385164807134504,0
62,0.8923526473167159,0.044117615162372614,0.025761276822097962,0.014097537290661568,0.0007944583810994219,0.0003654662665404414,100.0,0.0,63.85,2.7253440149823285,1.05,0.21794494717703372,4.05,0.739932429347437,0
63,0.8922397450295529,0.04549499175693048,0.027734189203514847,0.014448850620952183,0.0007400662677710947,0.00035429423339795104,100.0,0.0,62.0,2.6457513110645907,1.1,0.3,4.5,1.0723805294763609,0
64,0.887024046991334,0.0534091248875281,0.030017415798545704,0.015237933906293105,0.0007231673715894333,0.0004112745367701821,100.0,0.0,63.1,3.576310948449533,1.0,0.0,4.25,0.7664854858377946,0
65,0.8780675535553364,0.057919741910931535,0.03376242763519959,0.016370744673122724,0.0006861620961426077,0.00033531386189786764,100.0,0.0,63.95,2.8892040426387333,1.0,0.0,4.25,0.8874119674649424,0
66,0.8572943506694749,0.0646614654366066,0.03981526368386993,0.018361709724163143,0.0006989705155798411,0.00031680212223323946,100.0,0.0,63.45,2.5782746168707473,1.1,0.3,4.05,0.739932429347437,0
67,0.8437516867478724,0.07075658155450433,0.044704780817767464,0.018079792376784285,0.0006604899219334674,0.00034002948828237823,100.0,0.0,62.65,3.7719358425084595,1.1,0.3,4.1,0.5385164807134504,0
68,0.814637888206318,0.07967943122196847,0.05306527137831842,0.01855064246636101,0.0006216116182199414,0.00036175499429787314,100.0,0.0,63.15,2.7436289836637897,1.075,0.23848480035423641,4.25,0.6224949798994366,0
69,0.7846870635756262,0.08027355064172022,0.06082090757506181,0.016976833240674487,0.0006072219346462042,0.0002912058746031408,100.0,0.0,63.7,2.4919871588754225,1.05,0.21794494717703372,3.95,0.5894913061275798,0
70,0.7432931323130179,0.08588466336877532,0.0698852015869793,0.017677686716355608,0.0006037961461079824,0.0002968700334174188,100.0,0.0,64.6,3.3823069050575523,1.05,0.21794494717703372,4.1,0.8306623862918076,0
71,0.699354093138637,0.0792075890147851,0.07849468404593146,0.014818697343783797,0.000625672665238659,0.00028634978227014176,100.0,0.0,63.8,2.1587033144922905,1.0,0.0,4.2,0.7483314773547883,0
72,0.6552093514360381,0.0753840672983888,0.08701995476411753,0.013791663480107883,0.0006597586238768255,0.0003751258634031918,100.0,0.0,63.4,2.7459060435491964,1.075,0.23848480035423641,4.15,0.7262919523166976,0
73,0.6144596581937514,0.07790267717852203,0.09464884328795183,0.01399001239585654,0.0006372680864731296,0.0003066823422379725,100.0,0.0,62.95,2.747271373563231,1.1,0.3,4.5,0.806225774829855,0
74,0.5744047410612808,0.0852966506329794,0.10179380586251567,0.014346046498288842,0.0007162552756321569,0.00032209102365791443,100.0,0.0,63.7,1.8734993995195195,1.125,0.3112474899497183,4.15,0.5722761571129799,0
75,0.5401295058058248,0.08694810587280549,0.10764030349842431,0.014315039793571188,0.0007681731349287912,0.00042088114841010746,100.0,0.0,63.35,2.372235232855292,1.2,0.4,4.25,0.7664854858377946,0
76,0.5007819610300456,0.08505037549752713,0.11419279668279092,0.014933015077358752,0.0008893943182618292,0.0005997320940592931,100.0,0.0,63.85,3.1980462785894765,1.125,0.3112474899497183,4.05,0.49749371855331004,0
77,0.46764606013840815,0.07993127742903423,0.12087384345977292,0.014642345148726693,0.0008613114504368479,0.0005710128480989639,100.0,0.0,62.45,2.5975950415721076,1.025,0.10897247358851683,4.45,0.8046738469715541,0
78,0.42910195021804726,0.08735282813204995,0.12826407202232745,0.017354440480783707,0.0008849999826720814,0.0005745799390164286,100.0,0.0,63.4,3.2155870381627056,1.125,0.3112474899497183,4.25,0.698212002188447,0
79,0.4050983189446146,0.09005268063055542,0.13336324168569974,0.018595156054020647,0.0008974211047818063,0.00046150914942008793,100.0,0.0,62.65,3.7453304260105007,1.025,0.10897247358851683,4.25,0.698212002188447,0
80,0.3950006779419159,0.11091997151801992,0.13576599386208932,0.022156778189106805,0.0010544618940729706,0.0006622034983590494,100.0,0.0,62.65,3.785168424258028,1.05,0.21794494717703372,4.1,0.5385164807134504,0
81,0.3897306371695875,0.14094311554399752,0.13729366042520497,0.028647482609561792,0.0010970949138260808,0.0004409877629022495,100.0,0.0,63.4,3.1208973068654475,1.0,0.0,4.45,0.5894913061275798,0
82,0.37833286588938375,0.1654753915997203,0.1410541993199526,0.03366568941881201,0.0010844475472130963,0.0004901387206796966,100.0,0.0,63.35,3.1666228067138023,1.025,0.10897247358851683,4.3,0.9539392014169457,0
83,0.3751110481601815,0.15302008874699322,0.14174669484987382,0.03148876727938313,0.0010761297707795354,0.0006185933949918526,100.0,0.0,62.5,3.170173496829472,1.0,0.0,4.45,0.6689544080129827,0
84,0.36428763481893095,0.13517427971646678,0.14320294920997664,0.028529980421672967,0.0010797458431667701,0.0005898980925754208,100.0,0.0,64.3,2.5709920264364885,1.025,0.10897247358851683,4.15,0.792148975887743,0
85,0.34318586257698397,0.12201592676424212,0.1460038739512241,0.02752945683529165,0.0011593596159162173,0.0006221986145158388,100.0,0.0,62.4,3.4263683398023628,1.125,0.3112474899497183,4.45,0.9205976319760985,0
86,0.3165231903259946,0.11715098685636759,0.15271520758354445,0.027511792372910786,0.0010497164630860274,0.0005526300944209378,100.0,0.0,64.35,2.95423424934449,1.0,0.0,4.15,1.0136567466356647,0
87,0.29085778805200646,0.11573031078866072,0.1592112696388513,0.029183185851485355,0.0011016233082096756,0.0004860936798763837,100.0,0.0,62.75,2.7179955849853767,1.0,0.0,4.25,0.698212002188447,0
88,0.27788005135468935,0.12234577367991634,0.16331959272937863,0.03164791449679078,0.0011219085507202483,0.00042288950947047245,100.0,0.0,63.5,2.9748949561287032,1.0,0.0,4.25,0.698212002188447,0
89,0.2689844389464874,0.11790667785045629,0.16528814056340194,0.029331143153658944,0.001234860529121408,0.0006172282883256179,100.0,0.0,64.35,2.393219588754864,1.05,0.21794494717703372,4.2,0.7483314773547883,0
90,0.2544624528673476,0.12207052425334435,0.16832064985967185,0.02890026410523824,0.001112913261160388,0.0008251553908867848,100.0,0.0,65.3,3.1638584039112754,1.0,0.0,4.0,0.7745966692414834,0
91,0.23420207435611115,0.1245793894703088,0.17363501975768128,0.03001926436039726,0.00113604843369569,0.0006874208558703812,100.0,0.0,62.15,3.811495769379785,1.2,0.3674234614174767,4.2,0.8717797887081347,0
92,0.22532160228446588,0.12673407697446906,0.1787169450885669,0.03419515854567822,0.0012906167490741639,0.0007935955250037117,100.0,0.0,63.3,3.116087290176577,1.025,0.10897247358851683,4.35,0.6538348415311012,0
93,0.2607845498439233,0.150500873572152,0.1709200993383152,0.0366722193476835,0.001397291062093453,0.000821954951328144,100.0,0.0,64.7,2.8478061731796287,1.05,0.21794494717703372,4.1,0.8306623862918074,0
94,0.2778745016713441,0.16666926664145337,0.16633604949978326,0.03927403578413513,0.0012636845706126062,0.000620914000620502,100.0,0.0,62.3,3.0182776545573144,1.1,0.3,4.45,0.6689544080129827,0
95,0.26184926715969264,0.1537481943472016,0.1694380683855144,0.03756480872197277,0.0010677280995542015,0.0007669482030457313,100.0,0.0,63.65,2.903015673398957,1.0,0.0,4.3,0.5567764362830022,0
96,0.2427359090330213,0.13464989360704915,0.17500019193354097,0.035754023684449215,0.0008265840524631788,0.0006656730333102957,100.0,0.0,64.35,3.3507461855533016,1.075,0.23848480035423641,4.0,0.6324555320336759,0
97,0.21712984930418192,0.1101771905202887,0.18007769588953826,0.031109170618106523,0.0007714528641617209,0.000565558236159072,100.0,0.0,63.7,3.3481338085566414,1.15,0.3570714214271425,4.4,0.7348469228349535,0
98,0.18960509058372477,0.09747735353991892,0.1880828329758384,0.02773787090967844,0.000746295058679787,0.0005102305965553729,100.0,0.0,63.25,2.6995369973386176,1.1,0.2549509756796392,4.3,0.7810249675906654,0
99,0.18773410579295727,0.09527415928024326,0.19059340497321417,0.027264868340969223,0.0007684713943659574,0.0005973433377009343,100.0,0.0,62.7,3.536947836765479,1.2,0.4,4.1,0.7681145747868608,0
100,0.18953607900219976,0.1142970717599433,0.1901539660494495,0.03174923010586874,0.0006804292092123059,0.0005961021137978324,100.0,0.0,64.1,2.773084924772409,1.0,0.0,4.25,0.8874119674649424,0
101,0.1832771386550255,0.0919579922857238,0.18960512466260498,0.026351904803986335,0.0005061078215200414,0.0003510356821847994,100.0,0.0,64.75,1.894069692487581,1.025,0.10897247358851683,4.1,0.7681145747868608,0
102,0.1660874506880547,0.08642000175426857,0.19608345619803638,0.026806205786850296,0.0006674238674621749,0.00041676088335272985,100.0,0.0,63.35,3.758656674930553,1.1,0.3,3.9,0.6244997998398398,0
103,0.16486711123575065,0.08116579882061972,0.19446745263488313,0.024062826721037666,0.0009237531620338122,0.0004317485085423142,100.0,0.0,63.95,3.0736785778607367,1.05,0.21794494717703372,4.2,0.6,0
104,0.17158750969159017,0.08578102053547675,0.19319721827079625,0.026541528160446304,0.0009718812915351569,0.0005548183952302728,100.0,0.0,64.15,3.5815499438092444,1.15,0.3570714214271425,4.25,0.698212002188447,0
105,0.19006813237917836,0.09740408852823183,0.18885190677815275,0.02867667115091682,0.0010924565702360083,0.0007363449990413348,100.0,0.0,64.3,2.3473389188611007,1.05,0.21794494717703372,4.05,0.804673846971554,0
106,0.20790186150694895,0.12343499577780588,0.1838096626958752,0.03241854066755445,0.0009588341039776857,0.0005563096000281219,100.0,0.0,62.15,1.8241436346954694,1.1,0.3,4.4,0.6633249580710799,0
107,0.19173296362839484,0.12958585289609348,0.18911258178716406,0.035781997571883176,0.000741931090957332,0.000618895876294443,100.0,0.0,64.3,3.6891733491393435,1.0,0.0,4.1,0.5385164807134504,0
108,0.17527268823846845,0.14171593833140134,0.19533751955985132,0.03622120656941732,0.0007840174560725807,0.0005700853168546581,100.0,0.0,63.05,3.4709508783617204,1.05,0.15,4.2,0.6,0
109,0.18262324505603827,0.14111596177528554,0.19231693327356325,0.03550001226837765,0.0007477216159407377,0.0005719541572705142,100.0,0.0,61.95,2.6358110706194404,1.025,0.10897247358851683,4.5,1.0723805294763609,0
110,0.16501253254462508,0.12085407720342208,0.19673162808334949,0.03238928714505803,0.0007770155948671035,0.00046484797911555854,100.0,0.0,63.9,2.754995462791182,1.05,0.21794494717703372,4.15,0.8529361054615991,0
111,0.1502968093387858,0.09619751297029554,0.19955677944190353,0.027737194764727236,0.0008294285570664466,0.0005068749724393485,100.0,0.0,63.2,3.325657829663178,1.025,0.10897247358851683,4.1,0.8306623862918076,0
112,0.14630233297880418,0.08347278668907918,0.20096417010202586,0.026864996543899105,0.0008954642163783548,0.0005670493721450164,100.0,0.0,64.15,3.118894034750139,1.05,0.21794494717703372,4.25,0.7664854858377946,0
113,0.15763195282560433,0.0860436486145487,0.19630684199416767,0.028232576048231643,0.0009783940326580014,0.0008869532336531981,100.0,0.0,63.05,2.7290108097990378,1.125,0.3112474899497183,4.3,0.6403124237432849,0
114,0.14715768823376268,0.08493317259697275,0.19987342123644966,0.027119658529280107,0.0011025521785830066,0.0009656729311832125,100.0,0.0,62.9,3.254228019054596,1.05,0.21794494717703372,4.35,0.7262919523166975,0
115,0.15304386317625793,0.08348682257439193,0.1955845606327575,0.025632411710024967,0.0013388641390192299,0.001284106627475158,100.0,0.0,63.75,2.6433879775772606,1.025,0.10897247358851683,4.55,0.9733961166965892,0
116,0.14572763323816834,0.07343898052645746,0.1989807302304529,0.02402918786813233,0.0010691575503367333,0.000897024584815,100.0,0.0,63.4,2.7820855486487113,1.075,0.23848480035423641,4.15,0.5722761571129799,0
117,0.1563168838993929,0.07242767592231969,0.19571977298323023,0.022747493191746605,0.0012053181979835852,0.0008214229772104928,100.0,0.0,63.55,2.957617284234051,1.05,0.21794494717703372,4.1,0.43588989435406733,0
118,0.17646525571206945,0.0775947463698135,0.18970416070890095,0.024985669789469617,0.0011525771373833865,0.0010257482935254302,100.0,0.0,63.55,3.2167530212933664,1.075,0.23848480035423641,4.0,0.6324555320336759,0
119,0.18102797043350552,0.07941159361838414,0.18847541140300453,0.024091294228470048,0.0010107352480839642,0.000999929307230442,100.0,0.0,62.95,2.246664193866097,1.025,0.10897247358851683,4.25,0.7664854858377946,0
120,0.1864037238511061,0.0844410223201769,0.18670021811327292,0.02397346595707696,0.0010765601686099564,0.0009299316343211331,100.0,0.0,63.1,3.176476034853718,1.075,0.23848480035423641,4.1,0.6244997998398398,0
121,0.18612529115473248,0.09848520211664542,0.18591029935322206,0.024876707145242965,0.0011812042629769114,0.0012348364478710363,100.0,0.0,62.85,2.5937424698685874,1.025,0.10897247358851683,4.4,0.58309518948453,0
122,0.17911398713679916,0.1028882910448039,0.18802654364033047,0.025733136702545786,0.0011765846955015652,0.0013886670766072617,100.0,0.0,63.95,2.3973944189473704,1.025,0.10897247358851683,4.05,0.5894913061275798,0
123,0.17267249629958964,0.0919696083444329,0.1908734274252515,0.02552740913592671,0.0013084013614333054,0.0013273712314454927,100.0,0.0,62.9,3.548238999842034,1.1,0.3,4.2,0.5099019513592784,0
124,0.17936865998560209,0.07778681478310703,0.18801589662092383,0.023632914467188397,0.0013923218332265483,0.0013694343094431255,100.0,0.0,64.0,3.8340579025361627,1.175,0.36314597615834876,4.0,0.6324555320336759,0
125,0.184385834561744,0.06306891125056006,0.18511123852498365,0.019975739615721216,0.0010601386735701107,0.0007984554692487544,100.0,0.0,63.35,3.5535193822462823,1.15,0.3570714214271425,4.0,0.8366600265340756,0
126,0.19096003731168681,0.05668736133530768,0.18350643930503402,0.01718449368339864,0.0011337068951983826,0.0008122230080504834,100.0,0.0,62.85,3.7050641020095725,1.15,0.3570714214271425,4.05,0.739932429347437,0
127,0.20772967384497099,0.08206599633473473,0.17970084144415743,0.02189036171292508,0.0014158947656369861,0.0010716067825677143,100.0,0.0,63.55,3.2167530212933664,1.075,0.23848480035423641,3.95,0.49749371855331004,0
128,0.23277048483648194,0.1051628220985129,0.17212683663884554,0.024771820691640727,0.0013736668703788763,0.0011876219059067771,100.0,0.0,63.95,2.9576172842340505,1.0,0.0,4.0,0.7071067811865476,0
129,0.23585605576908747,0.09831525902533153,0.17082230610284693,0.023033852725164807,0.00117768297817636,0.001072021550754196,100.0,0.0,63.8,2.541653005427767,1.05,0.21794494717703372,4.45,0.5894913061275798,0
130,0.24803155058745507,0.09912666390091784,0.1680445723708363,0.024088436876706202,0.0012965905714146242,0.0009409691165743579,100.0,0.0,63.1,2.6814175355583845,1.05,0.21794494717703372,4.3,0.7810249675906654,0
131,0.27198814425090456,0.10451974745030003,0.16296617247149575,0.024566157154234644,0.0013954979759095213,0.0007163981812431469,100.0,0.0,64.25,2.680951323690902,1.0,0.0,4.25,0.7664854858377946,0
132,0.30532668230360616,0.12695193486449158,0.15550760863901045,0.027397482813001167,0.0013418554064212752,0.0006747037841932275,100.0,0.0,62.5,2.5199206336708304,1.075,0.23848480035423641,4.55,0.8046738469715541,0
133,0.335533887851605,0.14280139238234588,0.14802800614748898,0.03030239256054451,0.001383720232567031,0.0008177407179583299,100.0,0.0,64.0,3.146426544510455,1.05,0.21794494717703372,3.9,0.7681145747868608,0
134,0.36407137020784797,0.17067103894104457,0.14192812034677058,0.035488170541343206,0.001250506543847478,0.0007226771505889275,100.0,0.0,64.4,2.9899832775452104,1.05,0.15,4.05,0.804673846971554,0
135,0.3852642744308049,0.18493227982554847,0.13822581132753275,0.03709992515879068,0.001251473769201072,0.0007650397179316445,100.0,0.0,64.1,2.605762844159076,1.025,0.10897247358851683,4.2,0.6782329983125268,0
136,0.4061046903547906,0.19384014395102273,0.13391697620462142,0.03877336101128023,0.001313623333407254,0.0007225424120922009,100.0,0.0,63.8,2.3151673805580453,1.1,0.3,4.15,0.7262919523166975,0
137,0.4327284083465869,0.2077036381124319,0.1284553217576626,0.04188660455379808,0.0013345502594290589,0.0007192583323979335,100.0,0.0,64.35,3.7453304260105007,1.1,0.3,4.2,0.5099019513592785,0
138,0.4559934863216684,0.21072745153829692,0.12340073160632647,0.04141820470415909,0.0013030873107554076,0.0007290850802416947,100.0,0.0,63.6,2.353720459187964,1.0,0.0,4.15,0.7262919523166976,0
139,0.47466069990361187,0.19956950313784805,0.11907008781729622,0.03923457290688656,0.0011891655429443957,0.0007442502897553679,100.0,0.0,63.1,3.5482389998420345,1.05,0.15,4.35,0.9096702699330126,0
140,0.48796603003275996,0.19428049144070578,0.11682456437425695,0.03828767654573195,0.0011291625557841574,0.0006840889459616571,100.0,0.0,63.25,3.1284980421921316,1.025,0.10897247358851683,3.8,0.6,0
141,0.5000338904575544,0.19222057479385696,0.11442335764165083,0.03774359053021445,0.0010395572974215696,0.0006258371086615395,100.0,0.0,62.05,2.654712790491657,1.15,0.3570714214271425,4.5,0.7416198487095663,0
142,0.5152515815754256,0.17806817299459488,0.11152264082852445,0.03591080256072243,0.0009353773971717891,0.0004591369939880936,100.0,0.0,63.35,2.2197972880423116,1.05,0.21794494717703372,4.25,0.8874119674649424,0
143,0.528281205274444,0.1635875933804261,0.10879434704366761,0.03345749887970509,0.0008721356321098874,0.0004187330704803356,100.0,0.0,62.7,3.3926390907374753,1.075,0.23848480035423641,4.55,0.5894913061275798,0
144,0.5409634996895146,0.15722651060016102,0.10568743860140487,0.03179709878205488,0.0009358375938397559,0.00046284193046189446,100.0,0.0,62.95,3.007906248539007,1.025,0.10897247358851683,4.3,0.714142842854285,0
145,0.5575089389995157,0.1505129400384958,0.10203303211666279,0.030748585882318668,0.0009708234294324026,0.0005114134393583774,100.0,0.0,63.25,3.2384409829422554,1.1,0.3,4.35,0.5722761571129799,0
146,0.5749047303868988,0.14826450861651744,0.09780451551395701,0.030732399406736687,0.0010191318312185117,0.0005457120846515112,100.0,0.0,62.75,2.56661255354212,1.0,0.0,4.25,0.698212002188447,0
147,0.5991160428558288,0.15311159772271507,0.09231784842986135,0.03252591829824417,0.0009993593281758966,0.0005572660354975284,100.0,0.0,63.45,2.6167728216259047,1.05,0.15,4.0,0.8944271909999159,0
148,0.6155307396045075,0.15403452720380886,0.08948839960747515,0.03201398701494346,0.0009842137063846561,0.00045031650813619553,100.0,0.0,63.6,2.8000000000000003,1.0,0.0,4.25,0.6224949798994366,0
149,0.6426134862516465,0.15427224099927855,0.08454266116932618,0.031294171976387536,0.0009752061558814457,0.00036431127020357607,100.0,0.0,63.5,3.7349698793966195,1.05,0.15,4.2,0.5099019513592784,0
150,0.664508990300592,0.15231838896395153,0.08020621923592824,0.030430912660590184,0.0009852948045758188,0.00038870421235533977,100.0,0.0,63.4,2.764054992217051,1.125,0.3112474899497183,4.25,0.8874119674649424,0
151,0.6926004236768254,0.15176332957962227,0.07366008604138502,0.031178035817668388,0.0010113852664548758,0.0004275823663961004,100.0,0.0,63.75,2.5273503912200224,1.1,0.3,4.05,0.804673846971554,0
152,0.7209125382287285,0.1554093192236586,0.0676698533326319,0.03163425373593743,0.0009892295676514967,0.0004430279872070092,100.0,0.0,64.35,3.9909272105614755,1.05,0.21794494717703372,4.05,0.5894913061275798,0
153,0.7524909381917128,0.1452510896328138,0.06085898091979637,0.029760612433381843,0.0009724701899787727,0.0004504526308807678,100.0,0.0,62.75,2.6052830940226053,1.05,0.21794494717703372,4.15,0.7262919523166975,0
154,0.7758194826814424,0.13328887801524142,0.05631853975258072,0.027345927099818087,0.0009574874740971448,0.00043070224453387225,100.0,0.0,63.55,2.3973944189473704,1.05,0.21794494717703372,4.15,0.6538348415311012,0
155,0.8046747719164351,0.1171233392292391,0.05018551233637465,0.024515576808306797,0.0009023490345286984,0.0004223269295278826,100.0,0.0,63.2,2.5219040425836985,1.0,0.0,4.45,0.8645808232895291,0
156,0.8267362365275096,0.10801164765013556,0.04413827565223477,0.023352528096158804,0.0008878166593599647,0.00040277651981066574,100.0,0.0,62.8,3.370459909270543,1.1,0.2549509756796392,4.4,0.7348469228349533,0
157,0.8471225654211276,0.09019642975383467,0.03900667119035202,0.019287635989583718,0.0008838713206187146,0.00035694405093384437,100.0,0.0,63.0,2.8809720581775866,1.05,0.21794494717703372,4.35,0.5722761571129799,0
158,0.863947484999,0.07969603772137498,0.03389573223456787,0.01721893392096059,0.0008877083033218283,0.0004649953338906896,100.0,0.0,63.35,3.2446109165815247,1.025,0.10897247358851683,4.15,0.9096702699330127,0
159,0.8775284340972339,0.07403782835017096,0.03058069013585138,0.016526020955332565,0.0008204961236783534,0.0003844759222713701,100.0,0.0,63.25,3.031088913245535,1.1,0.2549509756796392,4.05,0.864580823289529,0
160,0.8870628457086351,0.0624640049778309,0.028645630047659056,0.015133589369003027,0.000773142650060289,0.0002988202017892617,100.0,0.0,62.65,2.7436289836637897,1.1,0.3,4.25,0.5361902647381804,0
161,0.8969575763490985,0.05702667172370539,0.02693878246935761,0.014600185372153766,0.0007027366509557622,0.0002926041401103096,100.0,0.0,62.95,3.694252292413175,1.1,0.3,4.15,0.5722761571129799,0
162,0.8985833644500923,0.05464864442773161,0.026506139924089466,0.015034288319425796,0.0006851916503421397,0.000384599624565629,100.0,0.0,63.9,3.6318039594669758,1.15,0.3570714214271425,4.1,0.7000000000000001,0
163,0.8931800307982604,0.05641695490720076,0.028608049124013397,0.01669206083493752,0.0006705065015648888,0.0003960566649834313,100.0,0.0,61.95,3.800986713999406,1.15,0.3570714214271425,4.2,0.6,0
164,0.8895831396317115,0.05902774273449957,0.030265874343949617,0.01895783374743741,0.0006130443958227269,0.00036184916680123436,100.0,0.0,64.05,3.1220986531498327,1.05,0.2179449471770337,4.2,0.7483314773547883,0
165,0.8797979226086488,0.060932117485889455,0.035098026373549994,0.01817609245864565,0.000584190577111081,0.0002463657646910419,100.0,0.0,63.05,2.692118125194361,1.1,0.3,4.3,0.6403124237432849,0
166,0.8598840069759417,0.06863794587659268,0.04104322765262801,0.01850415822908959,0.0005921128602798896,0.00022121577909327855,100.0,0.0,63.1,2.8442925306655784,1.025,0.10897247358851683,3.95,0.6689544080129826,0
167,0.8312696538224931,0.07665398643606894,0.04760456965812161,0.018698881280380615,0.0006706772392365379,0.00026437224568323295,100.0,0.0,63.65,2.6129485260907837,1.05,0.21794494717703372,4.45,0.7399324293474372,0
168,0.805069686305665,0.08554128030102812,0.05516595944071419,0.019140154845292523,0.000613929853313872,0.0002793791965236732,100.0,0.0,62.05,3.232259271778797,1.125,0.3112474899497183,4.5,0.6708203932499369,0
169,0.7703297166128461,0.09337589925464096,0.06262544315762439,0.019062611510480738,0.0006540948398630912,0.0004046150846236805,100.0,0.0,64.25,2.1418449990603894,1.0,0.0,4.05,0.5894913061275798,0
170,0.7247396313807399,0.09672898587939834,0.07113484909935891,0.01928545440127207,0.000742356705647185,0.0004421134671351743,100.0,0.0,63.85,3.5954832776693593,1.025,0.10897247358851683,4.1,0.7000000000000001,0
171,0.682572100653055,0.10205861536590662,0.07897891378973945,0.0194003914295478,0.0008107709544339859,0.00045427414451758367,100.0,0.0,66.3,2.98496231131986,1.0,0.0,4.15,0.7262919523166976,0
172,0.6508364417112722,0.09776527092770036,0.08511858710654605,0.018534564908578816,0.0008383226083476666,0.0005579598316859004,100.0,0.0,63.15,2.8857408061016154,1.05,0.21794494717703367,4.3,0.714142842854285,0
173,0.6128487530705823,0.10173848633112322,0.09214364532690576,0.019974800437963288,0.0008497339348380456,0.0005411043211655627,100.0,0.0,63.0,2.949576240750525,1.1,0.3,4.15,0.7262919523166975,0
174,0.5698229026753363,0.11591468507598718,0.09990951041221549,0.02186629252245215,0.0009268633616695673,0.0004972986855296826,100.0,0.0,62.95,1.9615045245933032,1.125,0.3112474899497183,4.0,0.5477225575051661,0
175,0.5302369601056807,0.12687482550914048,0.10724007055742624,0.02431772003352184,0.0009454982570540789,0.0005352106595719198,100.0,0.0,63.75,3.3893214660164652,1.1,0.3,4.15,0.7921489758877431,0
176,0.49620258673640605,0.13355420605467788,0.1134868854777213,0.025675072156472415,0.0010641736554016317,0.0004739845444951071,100.0,0.0,63.15,3.4245437652335533,1.05,0.21794494717703372,4.7,0.9539392014169457,0
177,0.47246818081889613,0.14150577547488363,0.11852906686724847,0.02637706166676112,0.0010951929727602812,0.0006985359344053721,100.0,0.0,62.4,3.9799497484264803,1.2,0.4,4.35,0.7921489758877431,0
178,0.44884814608104595,0.144626797084892,0.12326689996954096,0.02828408765923202,0.0011600070461029498,0.0007564477041859148,100.0,0.0,62.55,2.558808316384797,1.1,0.3,4.0,0.7745966692414834,0
179,0.4443710802859808,0.15431361681667682,0.12539898347295503,0.030507534236101076,0.001099981651055055,0.0006415900836535084,100.0,0.0,63.85,3.0540956108150903,1.025,0.10897247358851683,4.15,0.7262919523166976,0
180,0.43113261280889076,0.153377375843782,0.12871790370154648,0.030565962251790743,0.0010685502778924026,0.00047196497205952994,100.0,0.0,62.65,3.395217224272992,1.125,0.3112474899497183,4.25,0.7664854858377946,0
181,0.4084121841823194,0.150538114960752,0.13380067551192837,0.030337920936852503,0.0009321693284331739,0.00030385263405470703,100.0,0.0,63.3,2.666458325194677,1.1,0.3,4.05,0.5894913061275797,0
182,0.37552757461870834,0.14368606152749738,0.140815326833374,0.029400494254978544,0.0008582042149395799,0.00031272757250519603,100.0,0.0,63.3,2.7766886753829643,1.0,0.0,4.3,0.7810249675906654,0
183,0.3398886232907827,0.12589242823120336,0.14842042191434535,0.02712448491064055,0.0008020590538715218,0.0003484961238287676,100.0,0.0,63.0,3.3763886032268267,1.075,0.23848480035423641,4.3,0.7810249675906654,0
184,0.30918552456091397,0.1191668320363033,0.15572480235893643,0.02710829956873228,0.000852274791803739,0.00033650278267800576,100.0,0.0,63.65,2.5548972582082436,1.075,0.17853571071357124,3.8,0.6,0
185,0.29753532931107624,0.1087440781401075,0.15830302092626988,0.024641642050059996,0.0009596738172664068,0.00045222638246439627,100.0,0.0,63.75,3.4478254016118624,1.0,0.0,4.15,0.6538348415311009,0
186,0.28802493987097344,0.12921229580094634,0.1610361230762465,0.029177543022721478,0.0009389686520087195,0.0005239784561096186,100.0,0.0,62.95,2.9236107812087435,1.05,0.2179449471770337,4.1,0.7000000000000001,0
187,0.26762326866640884,0.13432221353019377,0.16607771119438447,0.031701364347299914,0.0009350479890078391,0.0005113969743179922,100.0,0.0,63.4,2.3958297101421877,1.05,0.21794494717703372,4.2,0.7483314773547883,0
188,0.25246305817596076,0.12625741372971305,0.1698548927380154,0.031471223300794396,0.0009315319927465026,0.0005013955084575065,100.0,0.0,63.15,2.104162541250081,1.0,0.0,4.05,0.5894913061275797,0
189,0.23872067851651355,0.11408877160818613,0.17297211100230367,0.029931303124837615,0.000912480579795317,0.00040215989547141666,100.0,0.0,64.3,3.303028912982749,1.1,0.3,3.8,0.6782329983125268,0
190,0.21900850425192556,0.10147926110695733,0.17828154330193693,0.028660257664732063,0.0010637343029393557,0.0005804083175178648,100.0,0.0,62.55,3.4128433893163046,1.1,0.3,4.05,0.49749371855331004,0
191,0.2254897946002384,0.0920911717537264,0.17577716471003382,0.026118965984586583,0.0010178950275876537,0.00043315508783267306,100.0,0.0,64.15,4.269367634673781,1.1,0.3,4.1,0.7,0
192,0.22284896047083153,0.08822275093822532,0.1756410299825655,0.023056820029658802,0.0010364728366101612,0.0005394447379748967,100.0,0.0,64.3,3.661966684720111,1.1,0.3,4.05,0.6689544080129826,0
193,0.20704364228728375,0.09620733097454374,0.1814375922051306,0.026216188107278125,0.001037820092561491,0.0005701815035625386,100.0,0.0,62.15,3.1823733281939126,1.05,0.21794494717703372,4.4,0.8,0
194,0.1997661925657478,0.10322581158988262,0.18361492884872935,0.027093714898569394,0.0009922881913544408,0.000529702485206108,100.0,0.0,63.9,3.014962686336267,1.025,0.10897247358851683,3.9,0.7681145747868608,0
195,0.19408110211931254,0.09986382462348092,0.18551501973540307,0.026638068511171478,0.0009438310547326368,0.0006870184632575924,100.0,0.0,63.25,3.686122624113311,1.1,0.3,4.15,0.852936105461599,0
196,0.18595776106778972,0.10274489021151267,0.18813778798786182,0.028803652444139145,0.0010576375179443154,0.0009463686841368726,100.0,0.0,63.45,2.991237202229205,1.0,0.0,4.55,0.8645808232895291,0
197,0.17408691792279857,0.0997948605374945,0.19104997283821296,0.026488320788558693,0.0009302071748367019,0.0007375439818644298,100.0,0.0,63.85,3.2752862470324637,1.0,0.0,4.3,1.0049875621120892,0
198,0.15424511850891895,0.0977151140181519,0.19828831874709552,0.027704619032512447,0.0007767049947782283,0.0007640788583396656,100.0,0.0,63.2,2.5612496949731396,1.075,0.23848480035423641,4.15,0.9096702699330127,0
199,0.14145470056498768,0.07527177262673014,0.20099124114364392,0.02431829253298864,0.0008344299344122255,0.0008873839802024681,100.0,0.0,63.65,3.1823733281939126,1.0,0.0,4.4,0.7348469228349535,0
200,0.13765623762667906,0.07759481629635777,0.20331597904815574,0.02615752679822568,0.0007925614807336197,0.0008023151606425725,100.0,0.0,63.4,2.7640549922170505,1.05,0.21794494717703372,4.2,0.7483314773547883,0
201,0.13123256374719436,0.0626373599059458,0.20384247334200478,0.021121540347525874,0.0010424151690147994,0.000737811709078134,100.0,0.0,63.05,2.2907422377910613,1.075,0.23848480035423641,4.15,0.5722761571129799,0
202,0.12602192363683995,0.04785799613929292,0.20516189501851545,0.017547933511094443,0.0009639642064961552,0.0005693737999495974,100.0,0.0,62.6,3.6523964735499352,1.15,0.3570714214271425,4.35,0.5722761571129799,0
203,0.11974992367005284,0.04411652452126335,0.20708263346319472,0.01619987730322308,0.0012016180898940716,0.0008905540056850564,100.0,0.0,64.15,3.259984662540608,1.05,0.21794494717703372,4.05,0.739932429347437,0
204,0.1268918346182934,0.06028074321941572,0.20566161547365597,0.02078667312982288,0.001160155420681977,0.0008600181997961043,100.0,0.0,63.6,3.1368774282716245,1.1,0.3,4.45,0.8046738469715541,0
205,0.13754817618683673,0.08038890275241616,0.20259197501228726,0.022837616881261156,0.0011118174751057963,0.0009799491414034375,100.0,0.0,64.95,3.4565155865408737,1.05,0.15,4.15,0.3570714214271425,0
206,0.13976749068911112,0.09476584616702409,0.20281946344489987,0.02643870007884719,0.0009096555822363881,0.00080804094334408,100.0,0.0,62.9,2.808914381037628,1.05,0.21794494717703372,4.35,0.963068014212911,0
207,0.14198026358891752,0.09352522927295565,0.2039391097888954,0.025803829001240414,0.0007953808392804013,0.0006400539932952184,100.0,0.0,63.3,2.471841418861655,1.0,0.0,4.25,0.4330127018922193,0
208,0.169470579748136,0.09511071868832764,0.19602987859372412,0.028640688390414098,0.000892333092271538,0.0006338744141645157,100.0,0.0,62.65,2.669737814842499,1.1,0.3,4.35,0.653834841531101,0
209,0.18834958285233921,0.11220973777112753,0.18957954693294427,0.03204860973190157,0.0009193592430505029,0.0007292102979640617,100.0,0.0,62.5,2.1330729007701543,1.075,0.23848480035423641,4.05,0.6689544080129826,0
210,0.188185254574159,0.1206498006010756,0.18922266059801768,0.031199171049895336,0.0008191110860787285,0.00047362694815222123,100.0,0.0,62.6,2.1071307505705477,1.125,0.3112474899497183,4.4,0.58309518948453,0
211,0.1890914420217637,0.12440870884384571,0.19012800442043234,0.03296298771938771,0.0007706416334066696,0.0005214965034032239,100.0,0.0,63.6,2.5377155080899043,1.0,0.0,4.05,0.9733961166965892,0
212,0.18178981094070884,0.11059069307443846,0.19075801885075286,0.02919808755137753,0.0008824669852352627,0.0006372451284402462,100.0,0.0,63.95,2.3339880033967613,1.0,0.0,4.0,0.6324555320336759,0
213,0.17319637087452983,0.09643434572562291,0.19259644181551422,0.02834509029536831,0.0007596757210471899,0.0005272364756798298,100.0,0.0,63.5,3.057776970284131,1.025,0.10897247358851683,4.35,0.8529361054615991,0
214,0.16526402115551547,0.08152674081816844,0.19475334713962691,0.026611077086941853,0.0007124767333805612,0.0004363915281611414,100.0,0.0,62.9,1.8411952639521971,1.025,0.10897247358851683,4.2,0.812403840463596,0
215,0.1707929666628563,0.06793897256620023,0.19197549394457075,0.022507038592156702,0.0008715869790633711,0.0004985231766056177,100.0,0.0,63.65,3.6093628246547893,1.0,0.0,4.1,0.5385164807134504,0
216,0.18157806521180914,0.07533061993773389,0.1894565131999945,0.024637025305821438,0.0007848040529881195,0.0005100089289142984,100.0,0.0,62.75,3.476708213238494,1.05,0.21794494717703372,4.75,0.8874119674649424,0
217,0.18320952385227746,0.06908562506152492,0.1886183294932185,0.020815479018943817,0.0009107012812227617,0.0005718868091073356,100.0,0.0,62.55,2.5975950415721085,1.0,0.0,4.35,0.653834841531101,0
218,0.19107324857997915,0.09030956713993266,0.18752870741349215,0.026263278775420045,0.0008269777337356999,0.00038460919268237126,100.0,0.0,63.0,3.40587727318528,1.075,0.23848480035423641,4.25,0.6224949798994366,0
219,0.2014301146998505,0.09002315963215321,0.18295999938947877,0.024214837029303004,0.0010494986202362212,0.000651857340837069,100.0,0.0,63.0,3.924283374069717,1.1,0.3,4.05,0.9733961166965893,0
220,0.20810127720562016,0.10135859184432025,0.18146883351838325,0.02653266277649521,0.0010416307206184976,0.0006280645729278659,100.0,0.0,64.2,2.420743687382041,1.0,0.0,4.45,0.8645808232895292,0
221,0.21752331301368416,0.10819308389161428,0.17959005459840122,0.027485938735731696,0.0008905682147198673,0.000673968946994468,100.0,0.0,62.85,2.7977669667075564,1.075,0.23848480035423641,4.05,0.6689544080129826,0
222,0.21707011641209947,0.11441586022986157,0.18035526966311957,0.029811758873444442,0.0009294604978117831,0.0006032702777217415,100.0,0.0,63.2,3.9949968710876362,1.15,0.3570714214271425,4.2,0.9273618495495703,0
223,0.21254725075785225,0.1157826029440924,0.18114616330395222,0.03137245094679945,0.0007447058650509611,0.00048538192620868034,100.0,0.0,63.85,3.2752862470324637,1.1,0.3,4.45,0.7399324293474372,0
224,0.20480853350368688,0.11355857460812943,0.18388022327599304,0.0315112418335258,0.0007275231205031787,0.0005110250412841519,100.0,0.0,62.95,3.412843389316304,1.05,0.21794494717703372,4.0,0.7071067811865476,0
225,0.2116944334173469,0.11533852657430806,0.1821404909903292,0.030206791204656268,0.0008827034610131479,0.0006220559505379914,100.0,0.0,64.2,2.694438717061496,1.025,0.10897247358851683,4.1,0.6244997998398398,0
226,0.23624986496577582,0.1328049108280351,0.17826351311935926,0.034716998633400595,0.0009587497342989852,0.0006196428001871096,100.0,0.0,63.35,3.6779749863205975,1.25,0.4330127018922193,4.3,0.7810249675906654,0
227,0.27777143702480295,0.1612329988001161,0.16799983787295097,0.03762406764559882,0.0008777640784557707,0.0003342070250107067,100.0,0.0,64.15,3.409912022325503,1.075,0.23848480035423641,4.2,0.9273618495495703,0
228,0.2854911062199993,0.15073416545466486,0.16496731911226883,0.035835991656276496,0.0008784765979864594,0.0002976297359208683,100.0,0.0,64.65,3.15079355083763,1.1,0.3,4.3,0.9,0
229,0.29431936000629355,0.14561237801349164,0.1611297906700806,0.03325434789768324,0.0008873414785437091,0.0004549751659942922,100.0,0.0,64.15,3.539420856580918,1.075,0.23848480035423641,3.85,0.653834841531101,0
230,0.29660338229676214,0.14468187806292293,0.1598146971233893,0.03408369492617322,0.0009343536272456134,0.0004003494646066392,100.0,0.0,62.75,2.56661255354212,1.1,0.3,4.2,0.6,0
231,0.29742288286770024,0.14170512800825674,0.15923578273921057,0.034654157954471666,0.0010386944673270032,0.00042876679911509096,100.0,0.0,62.2,3.0757112998459393,1.075,0.23848480035423641,4.5,0.7416198487095663,0
232,0.3054497095102019,0.13727940263957464,0.15671967672043433,0.03346910314296055,0.0011133508786519378,0.0006166752236625004,100.0,0.0,63.65,3.320767983464066,1.05,0.21794494717703372,4.25,0.82915619758885,0
233,0.3298588242408779,0.14799267424792364,0.1508811648733301,0.03604939550190763,0.001306568533175952,0.0008371612696889458,100.0,0.0,63.7,2.968164415931166,1.125,0.3112474899497183,4.1,0.7,0
234,0.3706200797492104,0.1852386346736386,0.1421864787609278,0.04252325874349854,0.001324289964571798,0.0007555418060652195,100.0,0.0,63.8,3.2341923257592455,1.0,0.0,4.4,0.7348469228349535,0
235,0.4117226875018086,0.19384980014210554,0.13279811644624478,0.04090240482007098,0.0013035130259853559,0.0007628650636694809,100.0,0.0,63.05,3.2476914878109957,1.15,0.3570714214271425,4.2,0.6782329983125268,0
236,0.43688789423496155,0.20457177253976908,0.1270017202856039,0.04172070601358684,0.0012557525844029368,0.0008072309832985302,100.0,0.0,63.45,3.368605052540295,1.0,0.0,4.25,0.8874119674649424,0
237,0.44891655034758804,0.2029633277193439,0.12469581741774778,0.04088368773635096,0.001152884434925954,0.0007431414151078002,100.0,0.0,62.2,2.5612496949731396,1.05,0.21794494717703372,4.0,0.6324555320336759,0
238,0.46210501994417763,0.1892904695158289,0.12167454933175836,0.03760406379925111,0.0011568484372453838,0.0007852515154870043,100.0,0.0,63.7,2.666458325194677,1.05,0.21794494717703372,4.15,0.5722761571129799,0
239,0.476847011214747,0.16874511746762863,0.11858368881119545,0.03271786522494146,0.0010747154789490037,0.0007088005721281314,100.0,0.0,63.65,2.535251466817444,1.0,0.0,4.1,0.6244997998398398,0
240,0.5026596368532635,0.15686313988187295,0.11313685773764855,0.030124815541624543,0.0010967723908503835,0.0007470224218664003,100.0,0.0,63.75,3.0639027399707057,1.05,0.21794494717703372,4.15,0.7262919523166976,0
241,0.527469260498624,0.14664484714958753,0.10787828394550472,0.02831341803938698,0.0011424338985730564,0.000743189452777407,100.0,0.0,62.75,2.680951323690902,1.125,0.3112474899497183,4.25,0.6224949798994366,0
242,0.5496749091218904,0.14580309973135597,0.10340152686069456,0.02821729345906371,0.001118030721138352,0.0006188651654914434,100.0,0.0,64.1,2.913760456866693,1.0,0.0,4.45,0.8046738469715541,0
243,0.576931220710027,0.14763520146266051,0.09847759917355636,0.02769881225406075,0.0011035439441678863,0.0005992111417686118,100.0,0.0,62.35,3.1823733281939126,1.05,0.21794494717703372,4.65,0.7921489758877431,0
244,0.6124671101153425,0.1465820925125418,0.09293124942013188,0.026821378279923168,0.0009503088977171973,0.0005208838594843395,100.0,0.0,63.8,2.580697580112788,1.05,0.21794494717703372,3.9,0.6244997998398398,0
245,0.6447684208780111,0.14572394732917215,0.08747462862046296,0.026445558250212733,0.0008355360150834231,0.000410726836382376,100.0,0.0,62.9,2.964793416074719,1.075,0.23848480035423641,4.3,0.8426149773176358,0
246,0.6629107156735028,0.1444174386338468,0.08404995496596068,0.025424531906557205,0.0008379605962211663,0.00040558301546929256,100.0,0.0,62.7,2.8301943396169813,1.1,0.3,4.35,0.9630680142129111,0
247,0.6767985034935227,0.12876110703787633,0.08042345368351615,0.02387389532771379,0.0008646038637955975,0.00029024802467420707,100.0,0.0,62.55,3.353729267546801,1.05,0.2179449471770337,4.15,0.6538348415311009,0
248,0.6944164071544229,0.11930249576784349,0.0763994662447418,0.022996411002555756,0.000876614643222707,0.0004176714553347514,100.0,0.0,63.15,2.3932195887548637,1.05,0.21794494717703372,4.25,0.7664854858377946,0
249,0.7166909199243933,0.11126783237556057,0.07256955430776987,0.021819847899536796,0.0008298318892976406,0.0003894457710728749,100.0,0.0,63.65,2.885740806101615,1.075,0.23848480035423641,4.05,0.804673846971554,0
250,0.7409176491247285,0.11016864467028951,0.06764402784793686,0.022072126182861793,0.0007846840430944292,0.00035549472303867254,100.0,0.0,63.0,1.8439088914585775,1.025,0.10897247358851683,4.35,0.7262919523166975,0
251,0.7629111972615986,0.10569560411074504,0.06275986760362653,0.022576569628029043,0.0007563062306933726,0.00029352947350376224,100.0,0.0,63.3,2.7766886753829643,1.05,0.2179449471770337,4.05,0.49749371855331004,0
252,0.7852345249256627,0.09275507888647164,0.05748829774825052,0.020974074416783554,0.0007595735515164516,0.0002861802088611889,100.0,0.0,63.6,3.2924155266308657,1.05,0.21794494717703372,4.35,0.7262919523166976,0
253,0.8076191956716963,0.08885260163978395,0.052889855138384644,0.02104720674894865,0.000691219265384713,0.0002495947542908105,100.0,0.0,63.7,3.2572994949804666,1.075,0.23848480035423641,4.35,0.7262919523166976,0
254,0.8251401034404573,0.07795010133812344,0.04850079111965071,0.01901159793558169,0.000704791969705009,0.0002812010572733791,100.0,0.0,63.15,2.632014437650371,1.025,0.10897247358851683,4.45,0.6689544080129827,0
255,0.8472807306120413,0.06453068819859706,0.04272649378810881,0.016938088050940738,0.0007017042664642496,0.0002644359275606665,100.0,0.0,64.7,3.241913015489466,1.025,0.10897247358851683,4.1,0.6244997998398398,0
256,0.8606470887834841,0.06232875450099136,0.038220425270787096,0.017832043803706236,0.0007166144508547655,0.00027702986797596056,100.0,0.0,63.15,3.0376800358168077,1.0,0.0,4.15,0.6538348415311012,0
257,0.8795228545855215,0.05131404555660017,0.03328293206656312,0.015520941433087769,0.000685694388460966,0.00028412531555975653,100.0,0.0,62.8,3.370459909270543,1.1,0.2549509756796392,4.2,0.6782329983125269,0
258,0.8934329243936194,0.04596598517447683,0.03021037888463927,0.014920093187364864,0.0006278058720206952,0.000283412164677699,100.0,0.0,63.95,2.558808316384797,1.0,0.0,4.15,0.6538348415311009,0
259,0.906268361454209,0.03985308426361302,0.026233316232021818,0.012937424814475256,0.0006131951683882097,0.00028604872942106745,100.0,0.0,63.3,2.491987158875423,1.05,0.21794494717703372,3.95,0.5894913061275798,0
260,0.9147236773600191,0.03695790759640249,0.023976508186616598,0.011730836709842395,0.0005934133903298939,0.00030004594139161763,100.0,0.0,62.95,2.8892040426387333,1.0,0.0,4.45,0.8645808232895292,0
261,0.9204015477578851,0.03366589024876535,0.02128068670532073,0.011939926886951233,0.0005808090430518353,0.00028933259474277993,100.0,0.0,62.15,3.0540956108150903,1.05,0.15,4.2,0.8717797887081347,0
262,0.9232276370640837,0.030783583611310016,0.019110644753925835,0.012363073896113049,0.0005960884182913741,0.0003295627085250831,100.0,0.0,62.25,4.345975149491768,1.15,0.3570714214271425,4.1,0.7,0
263,0.9144640897206765,0.03136497873598321,0.023329837017224977,0.012638654886242844,0.0006049780081239907,0.0002684345504466839,100.0,0.0,63.75,2.7363296585024255,1.025,0.10897247358851683,3.95,0.6689544080129826,0
264,0.9018870424169393,0.03502966637994794,0.028369473942799334,0.013516773836770947,0.0006051243194638673,0.0002874660259826965,100.0,0.0,62.0,3.271085446759225,1.05,0.21794494717703372,4.3,1.004987562112089,0
265,0.8883286242736533,0.03668749803884755,0.03523808170238819,0.012919575246102976,0.0005382765152218085,0.00024390027870519956,100.0,0.0,63.2,2.7495454169735036,1.15,0.3570714214271425,4.35,1.0136567466356645,0
266,0.8542203710308925,0.043060865107348925,0.04533227705613061,0.012372588481634915,0.0005572487728623836,0.00024471113744169615,100.0,0.0,63.9,3.3451457367355464,1.025,0.10897247358851683,4.25,0.9937303457175896,0
267,0.8234770545535539,0.041597474281630666,0.05248418043043127,0.01179180336067894,0.000608131256090773,0.00024379427904684247,100.0,0.0,64.25,2.6052830940226053,1.0,0.0,4.35,0.653834841531101,0
268,0.779329524324624,0.05023667143290704,0.06264547466845564,0.01302653751419154,0.0005835644122673305,0.0002932764154137889,100.0,0.0,63.7,3.551056180912941,1.05,0.21794494717703372,4.15,0.4769696007084728,0
269,0.7442586670562877,0.06794532502793076,0.06956931563517413,0.015768876358752872,0.0005956871422375021,0.00026196560645508923,100.0,0.0,63.95,2.4181604578687494,1.1,0.3,4.1,0.5385164807134504,0
270,0.7064985361044857,0.0790559769419972,0.07729264230277504,0.01629736933178739,0.0005923380992018078,0.0002561777070912002,100.0,0.0,63.35,2.4550967394381837,1.05,0.21794494717703372,4.4,0.8602325267042626,0
271,0.6633799129973962,0.08836133266534599,0.08483614782581905,0.017415042483648946,0.0006263678980595077,0.0003896800653661987,100.0,0.0,64.4,3.4263683398023628,1.05,0.15,3.95,0.5894913061275798,0
272,0.6164922576259007,0.0946182398528393,0.09360915087821148,0.018045399260255484,0.0006608782899766659,0.00038902645188401214,100.0,0.0,63.8,3.558089374931439,1.075,0.23848480035423641,4.35,0.6538348415311012,0
273,0.575221137868416,0.10583613432070528,0.10049589876410177,0.020053899294623277,0.0007614995658311873,0.0003795825878647311,100.0,0.0,64.4,2.5573423705088847,1.0,0.0,4.05,0.3840572873934304,0
274,0.540564969583274,0.10742878717702367,0.10607905178708495,0.021981152585639076,0.0009363142450260955,0.0004508080574862881,100.0,0.0,63.15,2.4753787588973126,1.05,0.21794494717703372,4.4,0.9165151389911681,0
275,0.5190938681846852,0.11238912841472593,0.11070847833363515,0.022255825720234212,0.000969456155750039,0.00046791455097382786,100.0,0.0,62.25,2.680951323690902,1.075,0.23848480035423641,4.25,0.698212002188447,0
276,0.5028308354418936,0.123283195175853,0.11375253789652415,0.024786290792673908,0.0010078783780315705,0.0004394189129013975,100.0,0.0,62.45,2.4591665254715873,1.1,0.2549509756796392,4.45,0.9205976319760986,0
277,0.48533093683409884,0.12176257610538505,0.1177518992655708,0.024117670346951746,0.0009736610120094346,0.00041431470757743007,100.0,0.0,64.1,3.0149626863362666,1.0,0.0,4.0,0.4472135954999579,0
278,0.4676081543469818,0.11992818080409932,0.12133964282515566,0.023391753201494253,0.0009767065805703066,0.0003246637606416333,100.0,0.0,64.75,3.533765696816924,1.05,0.21794494717703372,4.0,0.7071067811865476,0
279,0.44749938831020764,0.11857119603496935,0.1258968118201625,0.02257070800270047,0.0009195169704566922,0.00038700729234709627,100.0,0.0,62.95,2.9406631905065224,1.125,0.3112474899497183,4.0,0.6324555320336759,0
280,0.42683255995634467,0.11917321097092436,0.1299488512623501,0.02271838764908974,0.0008877684291684629,0.0003889393703658137,100.0,0.0,63.65,2.7436289836637897,1.05,0.21794494717703372,4.15,0.6538348415311012,0
281,0.3968683072495734,0.11471174737290317,0.13611034562633123,0.022364802430558054,0.0008959503370241222,0.00044915262502069766,100.0,0.0,63.7,2.6476404589747453,1.05,0.21794494717703372,4.25,0.7664854858377946,0
282,0.37641362945271306,0.11648985539222921,0.14024843968046158,0.023276344029440465,0.0008880867840286614,0.0004246740538628333,100.0,0.0,63.35,3.1980462785894765,1.025,0.10897247358851683,4.25,0.698212002188447,0
283,0.351241212840684,0.11316745173321537,0.145327436945013,0.023374829941794233,0.0008800527260270785,0.0005106173494384409,100.0,0.0,62.4,2.7820855486487113,1.025,0.10897247358851683,4.15,0.3570714214271425,0
284,0.31484437810001176,0.11556638124579337,0.15337392279648274,0.025745094405583105,0.0008886048584538118,0.0005635883406060807,100.0,0.0,63.1,4.253234063627348,1.15,0.32015621187164245,4.05,0.6689544080129826,0
285,0.29005787900294144,0.11401340228163485,0.15903976001570724,0.02694963417703089,0.0010619674974443997,0.0006827649337733747,100.0,0.0,64.3,2.7766886753829643,1.05,0.21794494717703367,4.2,0.6782329983125268,0
286,0.27348222852258297,0.11253253150063224,0.16318900613844106,0.028013147669391017,0.0011369493520526606,0.0007739850417000652,100.0,0.0,62.6,2.764054992217051,1.125,0.3112474899497183,4.25,1.0428326807307104,0
287,0.2621339748882205,0.11087380927210932,0.16535365779450334,0.028829229461089484,0.0011883948193423804,0.0008053616633440993,100.0,0.0,62.4,3.583294573433783,1.1,0.2549509756796392,4.1,0.7681145747868608,0
288,0.2515690273755481,0.10703489154071974,0.16851896172279332,0.027404982289373016,0.001343815418544341,0.0009057708846889162,100.0,0.0,62.95,1.883480820183736,1.025,0.10897247358851683,4.0,0.7745966692414834,0
289,0.2748773403580422,0.12363126073125683,0.16439804995996146,0.02999389654729209,0.0015323595948411085,0.0009676539525065496,100.0,0.0,64.0,3.2093613071762426,1.125,0.3112474899497183,4.4,0.9695359714832658,0
290,0.2997877168438989,0.13789426206964656,0.15788535304264706,0.031189475428668276,0.0015054459070839182,0.0015155505014596998,100.0,0.0,64.1,3.4770677301427417,1.1,0.3,4.0,0.6324555320336759,0
291,0.29371991968610545,0.16031918590919447,0.16116238492894172,0.03693685164314194,0.001055639984938533,0.0011436987978308405,100.0,0.0,63.35,2.8857408061016145,1.0,0.0,4.2,0.7483314773547883,0
292,0.2630556677438197,0.14106337810379257,0.16787223849468128,0.033271774765171895,0.0007917262855312333,0.0005558520525592276,100.0,0.0,64.6,2.3748684174075834,1.05,0.2179449471770337,4.4,0.9165151389911679,0
293,0.22843381916993755,0.12069946519752368,0.1751289151504623,0.030149866606300747,0.0007641474931422839,0.00042233371974531575,100.0,0.0,62.75,3.404041715373065,1.1,0.3,4.2,0.5099019513592784,0
294,0.1895639137547905,0.1017559359185566,0.18566886548063047,0.027234078585604508,0.0008736600903693044,0.0005195730104671242,100.0,0.0,63.95,2.4794152536434875,1.05,0.21794494717703372,3.9,0.5385164807134504,0
295,0.17062147046037152,0.08274578484595009,0.19057408412497093,0.024587258850950665,0.0010418836846181304,0.0006755616330578306,100.0,0.0,62.4,1.9078784028338913,1.1,0.3,4.45,0.9205976319760986,0
296,0.1715673994839815,0.08505500438288606,0.1928884259291122,0.02581092694674948,0.0011027635825223432,0.0008914412179055432,100.0,0.0,61.8,3.171750305430741,1.2,0.4,4.3,0.6403124237432849,0
297,0.1895296921750989,0.11044572630559285,0.1885631236910194,0.03099408088369882,0.001034813523374256,0.0006796357624992953,100.0,0.0,63.45,2.765411361804967,1.075,0.23848480035423641,4.3,0.8426149773176358,0
298,0.18992422745942367,0.10627197727356655,0.1888241162338797,0.031173976399686797,0.0010394069085175078,0.0005798082902013793,100.0,0.0,65.05,2.4591665254715873,1.025,0.10897247358851683,4.0,0.5477225575051661,0
299,0.19664505706297838,0.09911142363722339,0.18625604646372054,0.030008192523255563,0.0009087262556559527,0.0006992444578678541,100.0,0.0,63.95,3.1220986531498327,1.0,0.0,4.35,0.7262919523166976,0
300,0.19124209911554405,0.08853477229065937,0.1864676408892461,0.027426121023754566,0.0007334813729264481,0.0005456770561884637,100.0,0.0,64.10526315789474,2.0492549825191353,1.0,0.0,4.2105263157894735,0.6942582083301536,1
301,0.1761462043116459,0.09531076038411061,0.19208939991232868,0.03081451515861978,0.0007925708958179421,0.000717238796317783,100.0,0.0,62.89473684210526,2.4898686678978676,1.0,0.0,4.157894736842105,0.7443229275647869,1
302,0.19058083773942747,0.115123714531295,0.18811815734764453,0.03500058840954338,0.0008952268208243704,0.0007969331831173055,100.0,0.0,62.55555555555556,2.0875882475617704,1.1666666666666667,0.3726779962499649,4.444444444444445,0.6849348892187752,2
303,0.17424892170967474,0.10412007654674973,0.19123188829357704,0.03297081750704211,0.0012186340546813525,0.0012623062705591833,100.0,0.0,61.94444444444444,4.274890800713474,1.1944444444444444,0.37781862524265125,4.222222222222222,0.5328701692569688,2
304,0.17329424037990776,0.09869776665934935,0.1929711240580907,0.03043235540703086,0.0009428219875150226,0.0007762704544756872,100.0,0.0,64.88888888888889,2.5361582690029616,1.0,0.0,4.0,0.9428090415820634,2
305,0.17879282499502158,0.09124989242009983,0.19073986428146156,0.02686515331027247,0.0007819809541979392,0.0004429790192617649,100.0,0.0,64.55555555555556,2.114033065604494,1.0555555555555556,0.2290614236454256,4.111111111111111,0.4581228472908512,2
306,0.1672663798598567,0.08279517638750837,0.1943228221252135,0.02549882364544702,0.000880997098007064,0.0005979811228732136,100.0,0.0,64.5,2.650995620097811,1.0,0.0,4.277777777777778,0.7307192465536614,2
307,0.17343667693184736,0.0776228816494398,0.19135508728210132,0.023266881701851563,0.0009849259651180642,0.0008209754432977302,100.0,0.0,62.77777777777778,2.8781852993308044,1.0555555555555556,0.2290614236454256,4.166666666666667,0.6009252125773316,2
308,0.16772318385365545,0.07728790356766442,0.19293975210218275,0.024914283989542586,0.0009041317122189631,0.0007115955252869048,100.0,0.0,62.388888888888886,2.870131411797664,1.0277777777777777,0.1145307118227128,4.222222222222222,0.7856742013183862,2
309,0.16070947188458343,0.08043761479567492,0.1948642171151874,0.02415123103070726,0.0008564858120917801,0.0005095864826830975,100.0,0.0,62.611111111111114,2.751542777119954,1.0,0.0,4.833333333333333,0.8333333333333334,2
310,0.152627270788122,0.07754240900446781,0.1977366325927797,0.02402763027973574,0.0009517195633217093,0.0007014323969517538,100.0,0.0,63.888888888888886,3.4138425546082707,1.0,0.0,4.0,0.5773502691896257,2
311,0.15656834672178077,0.0790863938753449,0.19676547823416737,0.023867356512467425,0.001042670256362432,0.0006281394132472811,100.0,0.0,64.33333333333333,2.23606797749979,1.0,0.0,4.111111111111111,0.6573421981221795,2
312,0.1554376877049402,0.08695191657190275,0.197537240607642,0.026537332427256696,0.0010260292336757128,0.000553671849413122,100.0,0.0,64.0,3.4480268109295333,1.0,0.0,4.166666666666667,0.8975274678557507,2
313,0.15515878838882186,0.08420974433330347,0.19667463416520248,0.025103799967854088,0.001008212639498923,0.0006025818707230132,100.0,0.0,63.94444444444444,2.272351259579729,1.0277777777777777,0.1145307118227128,4.388888888888889,0.7556372504853024,2
314,0.15041576795025285,0.07260049391235182,0.19804873124094355,0.022596276987290467,0.0009567901937383443,0.0007858385376050368,100.0,0.0,63.0,4.055175020198813,1.1666666666666667,0.3726779962499649,4.222222222222222,0.8534606386520677,2
315,0.15871616683865405,0.0754712122519222,0.19561474001931822,0.022816418048192795,0.0009880006114868145,0.0006023674456601672,100.0,0.0,63.333333333333336,2.2852182001336816,1.0833333333333333,0.25,4.0,0.5773502691896257,2
316,0.16457345170069038,0.08192003680781451,0.19398446466389072,0.02389326207197727,0.0009976480382575086,0.0005514335780269045,100.0,0.0,63.611111111111114,2.870131411797664,1.0,0.0,4.222222222222222,0.7114582486036499,2
317,0.17485291405279105,0.11301395211990181,0.19352594641526538,0.03000476300924593,0.0010190781801162699,0.0006260565369419957,100.0,0.0,62.888888888888886,2.9228769862146455,1.0277777777777777,0.1145307118227128,4.5,0.8975274678557507,2
318,0.19107668970041453,0.13737366067542947,0.18891070867896526,0.036591085458741415,0.0008736640573343406,0.0006611103624503576,100.0,0.0,63.833333333333336,2.852873794770615,1.0,0.0,4.333333333333333,0.5773502691896257,2
319,0.18730005528487956,0.11812314972607611,0.18757329811763013,0.03133892021948545,0.0010547068466340763,0.0007982678830409419,100.0,0.0,62.833333333333336,2.4094720491334933,1.0555555555555556,0.2290614236454256,4.333333333333333,0.6666666666666666,2
320,0.1881787136828045,0.10931307694005842,0.18682004422849627,0.0288221207290149,0.0011716053590888338,0.0009321079882628736,100.0,0.0,62.94444444444444,2.344549760667688,1.0277777777777777,0.1145307118227128,4.444444444444445,1.0122703976826999,2
321,0.1859838559906098,0.09474564422709954,0.18775015639594198,0.02683570506207516,0.00111811896337963,0.0008723631065300312,100.0,0.0,63.44444444444444,3.040873818534224,1.0833333333333333,0.24999999999999997,4.0,0.5773502691896257,2
322,0.1954935993770609,0.08117948384364303,0.18331947016229838,0.023451070106469903,0.0010557165603026115,0.0008706299329814511,100.0,0.0,62.611111111111114,2.5196756600996815,1.0555555555555556,0.2290614236454256,4.611111111111111,0.6781419786518723,2
323,0.1975318001370322,0.06828733674805558,0.18347104616378201,0.01883377170281796,0.0009641742851085411,0.0006184143863429967,100.0,0.0,63.77777777777778,2.298684540619689,1.0833333333333333,0.25,4.222222222222222,0.5328701692569688,2
324,0.20409125153065874,0.0749413083022167,0.1823894819852507,0.019418277245325254,0.0008697073646763821,0.0005383832591182439,100.0,0.0,63.77777777777778,2.2249982660556427,1.0833333333333333,0.24999999999999997,4.222222222222222,0.7114582486036499,2
325,0.21159379916722,0.09991542455460287,0.18136461380479682,0.024489677677697264,0.000759824384309764,0.0005072448112098289,100.0,0.0,63.22222222222222,2.484519974999766,1.0555555555555556,0.2290614236454256,4.333333333333333,0.8164965809277259,2
326,0.22062720941268857,0.1191953144681054,0.1796297359475277,0.029914878891403776,0.0009167142105986417,0.0005887716665128866,100.0,0.0,63.5,3.0776975521032313,1.1111111111111112,0.3142696805273545,4.055555555555555,0.6211299937499416,2
327,0.23097941507133107,0.13147289604464835,0.17651026606457001,0.03373204767078939,0.0010658016496455885,0.0007627119851496377,100.0,0.0,63.77777777777778,2.657391276244755,1.0,0.0,3.9444444444444446,0.7049209744694178,2
328,0.2510449850249763,0.16422302685739049,0.17275687895075265,0.040059360657863474,0.001076138089308254,0.0007003379641253272,100.0,0.0,62.77777777777778,2.75994274408316,1.0833333333333333,0.25,4.055555555555555,0.5241100628920335,2
329,0.26727092195377544,0.1840201403582075,0.17018891241587,0.04352713746188295,0.0009351248080035961,0.0004826128765388421,100.0,0.0,63.333333333333336,4.320493798938574,1.1666666666666667,0.3726779962499649,4.277777777777778,0.6502611061510902,2
330,0.2783040339364971,0.1731958071319126,0.1676196302644018,0.042312451680522396,0.0009776625613266393,0.00046874937703722866,100.0,0.0,63.94444444444444,2.876576325777693,1.0277777777777777,0.1145307118227128,4.277777777777778,0.8695819912499182,2
331,0.29459661211145227,0.1638250861470816,0.16239704366791055,0.03976322343893532,0.00092868273593079,0.0005052168307026657,100.0,0.0,63.44444444444444,2.7125679146074893,1.1111111111111112,0.3142696805273545,4.388888888888889,0.5905636562630361,2
332,0.30089520333255204,0.1570440732354756,0.1599235873181877,0.0378558926509118,0.000879870651621381,0.0004644669434325878,100.0,0.0,62.77777777777778,2.739739556875101,1.0277777777777777,0.1145307118227128,4.277777777777778,0.6502611061510902,2
333,0.29189241437931496,0.14992317634598318,0.16125752390238351,0.03669839668702455,0.0009540209841816054,0.0004808777385247752,100.0,0.0,63.44444444444444,2.753224820747526,1.0833333333333333,0.24999999999999997,4.333333333333333,0.8819171036881968,2
334,0.304954458769975,0.14044608735364417,0.1576815912700461,0.03402437169368624,0.001035491336098349,0.0005392340026588668,100.0,0.0,64.16666666666667,3.760171390892826,1.0,0.0,4.333333333333333,1.0,2
335,0.329313489519256,0.13241068379552914,0.15152467638374467,0.03207271275766652,0.0012304324192131018,0.000653840478423483,100.0,0.0,62.666666666666664,3.636237371545238,1.1944444444444444,0.3778186252426512,4.333333333333333,0.4714045207910317,2
336,0.35464259456172154,0.12838516666075347,0.1448960901837763,0.031342086463628314,0.001335555288510947,0.0007249860078484803,100.0,0.0,63.666666666666664,3.72677996249965,1.1944444444444444,0.3778186252426512,4.388888888888889,0.6781419786518724,2
337,0.392226330488166,0.1401941764877648,0.1357965443138631,0.0336113716633627,0.0012142765649103017,0.0006163730502911016,100.0,0.0,64.77777777777777,3.010270485365348,1.0277777777777777,0.1145307118227128,4.166666666666667,0.6871842709362768,2
338,0.4181371020130704,0.15662184614010854,0.13091543441855186,0.03608335250646377,0.0010138579719484284,0.0005504226878027612,100.0,0.0,63.666666666666664,2.5819888974716116,1.0,0.0,4.277777777777778,0.558326423395605,2
339,0.43456917463486255,0.16582018299744172,0.1271167055069019,0.0366162569101453,0.000971478294053849,0.0004593758592835124,100.0,0.0,64.16666666666667,2.7537852736430506,1.0277777777777777,0.1145307118227128,3.9444444444444446,0.4044505494044732,2
340,0.4478488318163265,0.17593631681566715,0.12432453365961697,0.03724434816207963,0.000969975472109494,0.0005318852163127861,100.0,0.0,63.166666666666664,2.6509956200978113,1.0,0.0,3.9444444444444446,0.6211299937499416,2
341,0.45948788123000334,0.1789499124208081,0.12132759901143864,0.037089458721810374,0.0010023051420356677,0.0004419640533635524,100.0,0.0,63.22222222222222,3.520662115056635,1.1388888888888888,0.32513055307554517,4.277777777777778,0.8031573497111644,2
342,0.4804823137877324,0.1888899631951458,0.11775580031205747,0.0384450846276294,0.0009639152041443779,0.0004003215351949713,100.0,0.0,62.111111111111114,3.7101795237920006,1.1111111111111112,0.3142696805273545,4.277777777777778,0.8031573497111645,2
343,0.5042088739046133,0.18035481418326338,0.112784277699513,0.0371696045013096,0.0010307641999951532,0.00041659800242280464,100.0,0.0,64.05555555555556,2.6764865489879788,1.0277777777777777,0.1145307118227128,4.111111111111111,0.87488976377909,2
344,0.5171291818484982,0.17362629849985073,0.11002756565155984,0.035543415011770114,0.0011097612216281903,0.000545859538257276,100.0,0.0,62.05555555555556,2.2966696231771544,1.0,0.0,4.277777777777778,0.4479032082388083,2
345,0.5387656820970111,0.16438645768637106,0.10507702017309468,0.033362104006513627,0.001211459481753929,0.0005478813067567182,100.0,0.0,63.5,3.435921354681384,1.0555555555555556,0.2290614236454256,4.388888888888889,0.8906233078822998,2
346,0.5738068258352569,0.15538874343873724,0.09786269577197318,0.0310438666989387,0.0012389399585468624,0.0006617352490036513,100.0,0.0,63.94444444444444,3.4395125982586903,1.1111111111111112,0.3142696805273545,3.888888888888889,0.5665577237325317,2
347,0.593846805686389,0.15027660309235477,0.09332550191554344,0.029657540251362496,0.0012151957130028476,0.0006003150443383578,100.0,0.0,64.22222222222223,3.136798714109579,1.0,0.0,4.388888888888889,0.7556372504853023,2
348,0.6239339542114198,0.14591596943890187,0.08732050747333361,0.02828367873201612,0.0011568347812901984,0.0006118408205136979,100.0,0.0,63.72222222222222,2.352435039971126,1.0555555555555556,0.2290614236454256,4.055555555555555,0.6211299937499416,2
349,0.6492466523405018,0.1453943243517803,0.08178265431589227,0.027824682595980928,0.0011458112975696669,0.0005800820505607627,100.0,0.0,63.72222222222222,3.0515124766354353,1.0,0.0,4.277777777777778,1.0437941237808852,2
350,0.6729922241727928,0.14512022289182708,0.07775906990256094,0.02739032789450342,0.0010016760693030368,0.0005320287124223017,100.0,0.0,62.833333333333336,2.6087459737497545,1.0555555555555556,0.2290614236454256,4.5,0.9574271077563381,2
351,0.6919584164654253,0.14152271639913705,0.07443331140812498,0.02713635102258638,0.0009338727653645435,0.0004376515326687827,100.0,0.0,63.111111111111114,1.5947444549341472,1.0555555555555556,0.2290614236454256,4.166666666666667,0.8333333333333334,2
352,0.7156409439204778,0.13825168338699217,0.07098123968935338,0.0258081522654916,0.0008591322937941987,0.00034839368578208624,100.0,0.0,64.16666666666667,3.0230595245361753,1.0833333333333333,0.24999999999999997,4.444444444444445,0.5983516452371671,2
353,0.7344638426458855,0.12968315342429454,0.0666095248466405,0.024605646878826125,0.0008705639633274345,0.00035860053788948495,100.0,0.0,63.888888888888886,3.053029258674241,1.0277777777777777,0.1145307118227128,4.222222222222222,0.7114582486036499,2
354,0.7632533311283596,0.10769771198710827,0.06060157676741408,0.020972608698591296,0.0009016807815414712,0.00037684438346739275,100.0,0.0,62.72222222222222,3.014880789158919,1.1111111111111112,0.3142696805273545,4.055555555555555,0.7049209744694178,2
355,0.796856966061717,0.09171373800884078,0.05347468584963774,0.019069977638023265,0.0008576906328792632,0.00036211194092929615,100.0,0.0,63.0,3.073181485764296,1.0555555555555556,0.2290614236454256,4.611111111111111,0.8258927081843613,2
356,0.8122486465466626,0.07701074596610767,0.0491966919604012,0.01827059947649513,0.0008684855425754577,0.00027403107163727244,100.0,0.0,63.333333333333336,2.8284271247461903,1.0555555555555556,0.2290614236454256,4.277777777777778,0.6502611061510903,2
357,0.8398866066060919,0.061039980074759276,0.04347287687304143,0.01699669060519072,0.0007824476394276541,0.00024027829173323313,100.0,0.0,63.0,2.4267032964268394,1.0555555555555556,0.2290614236454256,4.333333333333333,0.5773502691896257,2
358,0.8523672948140345,0.0626902923546489,0.039429677649616475,0.01669997579105093,0.0008246843197735648,0.00031237860172160205,100.0,0.0,63.44444444444444,2.8717439962933518,1.1111111111111112,0.3142696805273545,4.166666666666667,0.5,2
359,0.8708072157449824,0.05028955705204553,0.03419630693000106,0.01398324452218517,0.0008099060032119782,0.0003360045191821831,100.0,0.0,63.111111111111114,2.3306863292670035,1.0555555555555556,0.2290614236454256,4.055555555555555,0.6211299937499416,2
360,0.8860439469595719,0.038073386099119096,0.03113296545333175,0.00994424900780353,0.0007560742612042105,0.0003408476177410593,100.0,0.0,64.27777777777777,2.103054803416411,1.0555555555555556,0.2290614236454256,4.0,0.6666666666666666,2
361,0.8904499356769888,0.032865814921587924,0.028648377773406015,0.0074341245199434575,0.0008115595233970803,0.00030238226350281003,100.0,0.0,63.94444444444444,3.807481264595653,1.1666666666666667,0.3726779962499649,3.9444444444444446,0.7049209744694178,2
362,0.8981495130383877,0.03511926726127457,0.027459819987306778,0.00903197820438731,0.0007275731913513881,0.00027755766361629115,100.0,0.0,62.388888888888886,2.2885922137828865,1.0277777777777777,0.1145307118227128,4.333333333333333,0.4714045207910317,2
363,0.8989752957611983,0.03796546704905199,0.026338353947471638,0.011095650282171153,0.0007347742494963993,0.0003176694298543672,100.0,0.0,62.72222222222222,3.6485241393009487,1.1111111111111112,0.3142696805273545,4.055555555555555,0.6211299937499416,2
364,0.8983478089402994,0.04683124754693733,0.027977406488982528,0.015320452694939014,0.0006395886827478377,0.00028339036231526184,100.0,0.0,64.27777777777777,2.902212863690884,1.0,0.0,4.222222222222222,0.6285393610547089,2
365,0.8892665057014515,0.05314433002242303,0.030655102138936668,0.01564972535482774,0.0006748383484635085,0.00030807093210438475,100.0,0.0,63.388888888888886,3.1471131196152324,1.0555555555555556,0.2290614236454256,4.555555555555555,0.8314794192830981,2
366,0.8750576335846717,0.059866178909251694,0.036104762514981174,0.015795791157844543,0.0006613001054712829,0.0003232771899492952,100.0,0.0,63.0,2.9249881291307074,1.1111111111111112,0.3142696805273545,4.055555555555555,0.7797593804232333,2
367,0.8502253831774523,0.06269529249810317,0.04389515054770866,0.0153090857324767,0.0006679587951316011,0.0003030702888322855,100.0,0.0,63.44444444444444,3.235604395235786,1.0833333333333333,0.24999999999999997,4.166666666666667,0.6871842709362768,2
368,0.8163399853872253,0.0712636085166058,0.052907775911380905,0.01450735703978255,0.0006774632905974521,0.00029612360879208285,100.0,0.0,63.611111111111114,3.773281638174873,1.0833333333333333,0.24999999999999997,4.111111111111111,0.7370277311900888,2
369,0.7884283496476377,0.07759629210156431,0.059697511717131085,0.014589943946942165,0.0006447688887040981,0.0002934718385413632,100.0,0.0,63.22222222222222,3.2584173996922625,1.0555555555555556,0.2290614236454256,4.055555555555555,0.5241100628920335,2
370,0.7407953142278283,0.0885718933043588,0.06820618792341543,0.01582067824998331,0.0007611038752251165,0.00037679486549169026,100.0,0.0,63.77777777777778,2.739739556875101,1.0555555555555556,0.15713484026367724,4.222222222222222,0.7114582486036499,2
371,0.7019977735512548,0.0851854761691661,0.07544697105898843,0.015425327867265594,0.0008110712112699286,0.0003559199023215326,100.0,0.0,63.77777777777778,3.3259176771323924,1.0,0.0,4.222222222222222,0.6285393610547089,2
372,0.657943754103073,0.09139006537259776,0.08346857825033561,0.016625961127391405,0.0008656977528019427,0.00042134821721154567,100.0,0.0,63.72222222222222,1.9092044752710648,1.0555555555555556,0.2290614236454256,3.9444444444444446,0.6211299937499416,2
373,0.6165077063317871,0.0972207637017297,0.09090312175700126,0.018057406484844312,0.0009118068369320005,0.0006011060391421629,100.0,0.0,63.5,2.5221243250702594,1.0555555555555556,0.2290614236454256,4.111111111111111,0.6573421981221795,2
374,0.57494707844323,0.10628889240294737,0.09878028578591484,0.01976855032097465,0.0009413161761493154,0.0005606440375473692,100.0,0.0,64.88888888888889,3.1071403231354586,1.0555555555555556,0.2290614236454256,4.0,0.5773502691896257,2
375,0.5435837211759239,0.12177548527727887,0.10413137139224925,0.023635757713348093,0.001022246521309575,0.0007409686549092465,100.0,0.0,64.77777777777777,3.675074535231384,1.0833333333333333,0.24999999999999997,4.333333333333333,1.247219128924647,2
376,0.5185618573099389,0.14603578008899365,0.10912370464328149,0.028484032575319645,0.0009990426010697512,0.000606237600439734,100.0,0.0,63.72222222222222,3.3467323292953406,1.0555555555555556,0.2290614236454256,4.222222222222222,0.7856742013183862,2
377,0.48736453014452835,0.15589929977706965,0.11509248734468867,0.029230020804891337,0.0010694769315616865,0.0007466572097479468,100.0,0.0,62.611111111111114,3.3687928746212292,1.0277777777777777,0.1145307118227128,4.277777777777778,0.8031573497111644,2
378,0.45543418093657606,0.14818989749640948,0.12138679413505825,0.027964051733080003,0.0011689323536097289,0.0009761078240072638,100.0,0.0,64.27777777777777,3.7830845080518265,1.0555555555555556,0.2290614236454256,4.166666666666667,0.7637626158259734,2
379,0.4260096238706473,0.13689236349881848,0.12701649790933447,0.027203346699398268,0.0013257165372805564,0.0011967948199503604,100.0,0.0,63.611111111111114,3.2513055307554515,1.0833333333333333,0.24999999999999997,4.333333333333333,0.8819171036881968,2
380,0.411712010030276,0.13299453763096977,0.13080519038843866,0.028816456697447687,0.0012760465069223549,0.0009989846509206163,100.0,0.0,63.05555555555556,2.247769813793768,1.0,0.0,4.222222222222222,0.7856742013183862,2
381,0.3869172190441796,0.13520071380057969,0.13823007552618632,0.028637729005043557,0.0009472423753507304,0.00042125208047049333,100.0,0.0,63.333333333333336,2.788866755113585,1.1666666666666667,0.3726779962499649,4.222222222222222,0.8534606386520677,2
382,0.35930660142199194,0.1317870338708725,0.14446178920182706,0.027729793488988384,0.0008491809403830924,0.0004334996065517346,100.0,0.0,62.72222222222222,2.921292627807757,1.0833333333333333,0.24999999999999997,4.277777777777778,0.8695819912499182,2
383,0.34592750843414377,0.1027614645713577,0.1472394300832866,0.021208054195214935,0.0010160606849185603,0.0006743543328274844,100.0,0.0,62.166666666666664,2.891558595482912,1.0555555555555556,0.2290614236454256,4.277777777777778,0.8031573497111645,2
384,0.3330672166388344,0.10790476758860279,0.14978502935788834,0.022153956706260546,0.0009852458371767603,0.0006002031501013525,100.0,0.0,62.05555555555556,2.9902103646217535,1.1111111111111112,0.3142696805273545,4.555555555555555,0.7617394000445604,2
385,0.30208955763802653,0.09793855139530895,0.15622270556545692,0.021542619499576657,0.0009301814332423187,0.0006208008061472042,100.0,0.0,64.61111111111111,3.093701287183523,1.0555555555555556,0.2290614236454256,3.888888888888889,0.7370277311900888,2
386,0.28149146312583295,0.09389789786988664,0.16108801516832075,0.021959885822777678,0.0009288876671859013,0.0005504335205014548,100.0,0.0,63.55555555555556,2.692009208796826,1.0555555555555556,0.2290614236454256,4.277777777777778,0.8695819912499182,2
387,0.26056959209187275,0.09835532667875396,0.16716210441309456,0.02338802338079346,0.0009865492831972944,0.0005214038638199378,100.0,0.0,63.888888888888886,2.5141574442188355,1.0,0.0,4.111111111111111,0.7370277311900888,2
388,0.25887020655712234,0.10552846218245383,0.16779153402388067,0.025169382851802355,0.0009710661682196865,0.0005243938184306059,100.0,0.0,63.44444444444444,2.9292058503253484,1.0555555555555556,0.2290614236454256,4.222222222222222,0.8534606386520677,2
389,0.24048551465574108,0.10274250646667901,0.17299147542034105,0.026189953355532657,0.0009105396369782797,0.000518936688707524,100.0,0.0,64.05555555555556,2.738049228967024,1.0277777777777777,0.1145307118227128,4.388888888888889,0.5905636562630361,2
390,0.23613481316947194,0.09682346418323204,0.17391624185776272,0.025494716236584038,0.0009490689586814888,0.0005725675555614653,100.0,0.0,63.27777777777778,2.744804294896806,1.0555555555555556,0.2290614236454256,4.166666666666667,0.6009252125773314,2
391,0.219260997568995,0.0906197865426374,0.17769487648033874,0.024214496600114956,0.0008572471286589617,0.0005569353871404927,100.0,0.0,63.111111111111114,3.1426968052735447,1.0,0.0,4.277777777777778,0.6502611061510902,2
392,0.19534585494269327,0.08685883299725518,0.18424061260821978,0.024890354705048807,0.0008945922583833196,0.0005590327868299935,100.0,0.0,63.55555555555556,3.040873818534224,1.1111111111111112,0.3142696805273545,4.166666666666667,1.2133516482134197,2
393,0.1818855678108108,0.07750655164054819,0.1874850307790632,0.02237317956955401,0.0010788130930778513,0.000665160775720681,100.0,0.0,63.94444444444444,2.247769813793768,1.0,0.0,4.888888888888889,1.242259987499883,2
394,0.17427088786439648,0.07221030285926952,0.18934339448751145,0.019026108027805588,0.0012926955514361391,0.0007408979623743565,100.0,0.0,63.27777777777778,3.7683706404692487,1.0555555555555556,0.15713484026367724,4.0,0.5773502691896257,2
395,0.18606167287680392,0.09489563860193244,0.1867580449164435,0.022393825581789994,0.0013284838130249498,0.0009180365839579513,100.0,0.0,62.72222222222222,2.6833965946074048,1.1388888888888888,0.32513055307554517,4.111111111111111,0.5665577237325317,2
396,0.18620944176108117,0.09321937786041701,0.18649824122431535,0.023985920967177846,0.001027601688317667,0.0009468658255965998,100.0,0.0,63.44444444444444,3.1485838478455004,1.1388888888888888,0.32513055307554517,4.388888888888889,0.6781419786518723,2
397,0.16938257140543722,0.07679250718346105,0.19130576894761261,0.02194200218696938,0.0007917075492349566,0.0006364731207158445,100.0,0.0,63.0,2.9059326290271157,1.0555555555555556,0.2290614236454256,4.611111111111111,0.7556372504853023,2
398,0.15657842538187888,0.07013262953446671,0.1975121683464257,0.02192693037989288,0.0009328267905672321,0.0006315386390875517,100.0,0.0,63.22222222222222,2.5507200629442215,1.0555555555555556,0.2290614236454256,4.111111111111111,0.5665577237325317,2
399,0.1745370982823479,0.08609214972278555,0.19177570829015503,0.02369178957432024,0.001009646503091671,0.0006433035729526531,100.0,0.0,62.55555555555556,2.408831487630978,1.0555555555555556,0.2290614236454256,4.444444444444445,0.8314794192830981,2
400,0.16125395238819162,0.07771525627714579,0.19568854545399963,0.02415129239383001,0.0006956002990995975,0.0006618129224109228,100.0,0.0,62.72222222222222,3.123487288193466,1.0,0.0,4.222222222222222,0.5328701692569688,2
401,0.14855189055206341,0.05823017997033542,0.1986762006024255,0.018882656171769034,0.000740371243602238,0.0008156996092569866,100.0,0.0,63.77777777777778,2.4845199749997664,1.1111111111111112,0.3142696805273545,4.0,0.816496580927726,2
402,0.14688097333082356,0.06327601308102743,0.19946941217210665,0.02078174386396406,0.0008698373795682251,0.0008335210455202482,100.0,0.0,63.333333333333336,3.5118845842842465,1.1111111111111112,0.3142696805273545,4.222222222222222,0.9749960430435691,2
403,0.1528730574167969,0.07373066596060183,0.1982198988453496,0.023008189480019977,0.0006995069864458267,0.00048716402752272124,100.0,0.0,62.888888888888886,2.6223163824902103,1.0555555555555556,0.2290614236454256,4.111111111111111,0.4581228472908512,2
404,0.14198241515422103,0.07079940009265029,0.20121096126642163,0.02326783005776926,0.0007955917248100331,0.00034467284365169887,100.0,0.0,63.5,2.7938424357067015,1.0555555555555556,0.2290614236454256,4.277777777777778,0.558326423395605,2
405,0.13547234518394416,0.055515855692272145,0.2024260678452217,0.01857433201482964,0.0008210859741521297,0.0003731580246125253,100.0,0.0,63.72222222222222,2.6416652062152757,1.0555555555555556,0.2290614236454256,4.166666666666667,0.7637626158259734,2
406,0.1351535160070351,0.06942094313094363,0.2035399881974511,0.020265507958857048,0.0011111251568729163,0.0007416008698517048,100.0,0.0,62.44444444444444,4.258615088163734,1.1388888888888888,0.32513055307554517,4.055555555555555,0.911178859269818,2
407,0.15769558780418128,0.08211319769367384,0.1953898584586793,0.023766305879140696,0.0011923511366884957,0.0010303332164984015,100.0,0.0,63.529411764705884,2.476184138805787,1.0,0.0,4.294117647058823,0.5703152773430975,3
408,0.17149216012848867,0.09043656927744534,0.19212011999813727,0.0260518048633453,0.0011831455761893961,0.0010472245589943296,100.0,0.0,63.0,3.143620991973503,1.1764705882352942,0.3812200410828153,4.294117647058823,0.4556450995538137,3
409,0.168032844181753,0.08917932931793272,0.19395774196980833,0.028899229245108994,0.0007881064244466731,0.00047882168871954704,100.0,0.0,63.11764705882353,3.026983607122025,1.0294117647058822,0.11764705882352941,4.294117647058823,0.4556450995538137,3
410,0.1600202396956885,0.07083255441007671,0.19572800586555844,0.024653715326108598,0.0008741558881812303,0.0006636782997032929,100.0,0.0,64.17647058823529,2.874539228910733,1.0,0.0,4.411764705882353,0.9112901991076274,3
411,0.15740231059520463,0.07457225383204215,0.19593936154479752,0.022737630164703513,0.0008618570467433876,0.0006033594659172912,100.0,0.0,62.76470588235294,2.555948350870639,1.1176470588235294,0.32218973970892123,4.176470588235294,0.7058823529411765,3
412,0.15904297949265797,0.08879512713275736,0.19678876689653169,0.025107762869305227,0.000803367224165472,0.0005273219134669391,100.0,0.0,63.294117647058826,3.101512076815075,1.0588235294117647,0.23529411764705885,4.176470588235294,0.9226110083151837,3
413,0.15662901383058292,0.09125290966982874,0.19594662105574304,0.025799632831620095,0.0009775475203405502,0.0006627450828053292,100.0,0.0,64.41176470588235,3.0109373863693474,1.0,0.0,4.352941176470588,0.5882352941176471,3
414,0.14396491747416956,0.09752482570034376,0.1997628445268011,0.026859387819096536,0.0012078714348137773,0.0008927162987353097,100.0,0.0,63.470588235294116,2.5232483046502607,1.0,0.0,4.352941176470588,0.7624400821656305,3
415,0.1400963051602442,0.08336253201199449,0.19904642381500287,0.02111468891452727,0.0014644480647542193,0.0012076608602072814,100.0,0.0,63.529411764705884,2.303900709125428,1.0588235294117647,0.23529411764705885,4.235294117647059,0.5455069703232768,3
416,0.13868776434012808,0.08707617725930335,0.2033768078832045,0.02482453830557368,0.0009779186411768832,0.0008007580423671652,100.0,0.0,62.76470588235294,3.1721102971088855,1.088235294117647,0.2564058202082749,4.294117647058823,0.6655122646461624,3
417,0.1407080764193085,0.07726700518114042,0.2036563021302978,0.0247360722922724,0.0007482607477291127,0.00045231155157826375,100.0,0.0,65.47058823529412,2.614836561281514,1.0,0.0,4.294117647058823,0.6655122646461624,3
418,0.15236886842184838,0.07268124170007735,0.19936965676790194,0.025175807636561052,0.000870658350481686,0.0006757282453440416,100.0,0.0,62.529411764705884,3.743506488634663,1.0588235294117647,0.23529411764705885,4.294117647058823,0.8235294117647058,3
419,0.17612634286932094,0.08476091825526975,0.19128852887180164,0.025058908245410454,0.0009285610382481932,0.000631902543661032,100.0,0.0,62.23529411764706,3.0970462543736903,1.1764705882352942,0.3812200410828153,3.9411764705882355,0.5391265523477459,3
420,0.18948470526192362,0.09551571832412482,0.1877087562856123,0.02649015445183665,0.0009995297876789155,0.0008443083649460813,100.0,0.0,63.88235294117647,2.58689805027012,1.0588235294117647,0.23529411764705885,4.0588235294117645,0.6389870877176598,3
421,0.20553631625349927,0.13142303786288817,0.1837799200213779,0.03285279621882224,0.0010071225346156918,0.0007786060275133711,100.0,0.0,63.88235294117647,2.3980961306634714,1.0,0.0,4.176470588235294,0.5128116404165498,3
422,0.20688229603751337,0.12434865781845303,0.18233915381083854,0.031349704571844925,0.0010457213372762285,0.0009366350620209419,100.0,0.0,64.52941176470588,3.4830285513146966,1.088235294117647,0.2564058202082749,3.9411764705882355,0.5391265523477459,3
423,0.20965121438426804,0.11995806426441794,0.18268674650739677,0.030748102440109292,0.0011323803907991828,0.0007355949526521628,100.0,0.0,62.88235294117647,3.007487772038639,1.1176470588235294,0.32218973970892123,4.176470588235294,0.9226110083151836,3
424,0.22621401692402107,0.13125422328567904,0.17866146557192633,0.034122703270376774,0.000987894031087463,0.0006258387561408406,100.0,0.0,63.588235294117645,2.250720761142234,1.0294117647058822,0.11764705882352941,4.0588235294117645,0.4159451654038515,3
425,0.24195949493317961,0.11971114981087014,0.17289440410982052,0.031137721044585346,0.0010710826253129712,0.0006071297588048884,100.0,0.0,62.35294117647059,2.8479337498612245,1.1176470588235294,0.32218973970892123,4.588235294117647,0.9112901991076274,3
426,0.2540887822651904,0.11875190047766433,0.17061991286480904,0.02925471103426676,0.0009635322091894552,0.0005530815361011214,100.0,0.0,63.1764705882353,2.6620490585846497,1.0588235294117647,0.16109486985446062,4.117647058823529,0.6758308995927094,3
427,0.2658521684528965,0.12610125409749565,0.16761123112448084,0.02987398343389029,0.0009893055414398075,0.0004193483082987418,100.0,0.0,63.8235294117647,3.0914549043460973,1.0588235294117647,0.23529411764705885,4.235294117647059,0.5455069703232768,3
428,0.2847048413346169,0.1236953192498463,0.16224890195736497,0.028422913934474797,0.0008616121824226229,0.00043579767185131013,100.0,0.0,63.705882352941174,3.1392150739120783,1.0588235294117647,0.23529411764705885,4.235294117647059,0.6443794794178425,3
429,0.2841968400463951,0.13483087458899862,0.16298796684347241,0.031758126967837176,0.0008716226316083524,0.0005316756858932191,100.0,0.0,62.529411764705884,3.050894701150574,1.1764705882352942,0.3812200410828153,4.176470588235294,0.7058823529411764,3
430,0.2867242662981152,0.14334805284626412,0.16273685170524455,0.03491281726310079,0.0008701126418708035,0.00047282173497042236,100.0,0.0,63.411764705882355,2.276706174160427,1.1176470588235294,0.27275348516163833,4.235294117647059,0.7299808027053445,3
431,0.3056821228935906,0.15232490450103997,0.1575032719883424,0.0382165021760032,0.0010932779305546743,0.0008011167748391041,100.0,0.0,62.411764705882355,3.3087908495118197,1.1470588235294117,0.3327561323230812,4.117647058823529,0.47058823529411764,3
432,0.3292640846379114,0.1511588414967566,0.15105413760656972,0.037016377534605925,0.0011316998548303262,0.0006835261956146474,100.0,0.0,63.94117647058823,2.554594205953937,1.0588235294117647,0.23529411764705885,4.0,0.6859943405700354,3
433,0.34281054231369923,0.14821919084063256,0.14726808257387525,0.03507684210231219,0.0011294366784965675,0.0006153540748027999,100.0,0.0,63.76470588235294,3.4390390546455216,1.0588235294117647,0.23529411764705885,4.235294117647059,0.5455069703232768,3
434,0.3501878450237948,0.14584121696466523,0.14528303980436855,0.03368992327281278,0.0010631697533782564,0.000515656069796887,100.0,0.0,62.94117647058823,2.8381971957211336,1.088235294117647,0.2564058202082749,4.0588235294117645,0.6389870877176598,3
435,0.3592734321650417,0.1426877932187658,0.14449426375612995,0.031846714455889866,0.0008700110719671758,0.00045590719475838485,100.0,0.0,64.29411764705883,3.5440871367981335,1.0588235294117647,0.23529411764705885,4.117647058823529,0.6758308995927094,3
436,0.37678848205468324,0.14634253894840718,0.14156476759568254,0.032258511425420605,0.0008652290485603494,0.0005714968743161319,100.0,0.0,64.82352941176471,2.2025464972763595,1.0588235294117647,0.23529411764705885,4.235294117647059,0.42418250299576343,3
437,0.3923330017908552,0.1641451843396732,0.1387632119573127,0.035542675995095946,0.0008540172753525005,0.0003918610488197419,100.0,0.0,62.88235294117647,3.0463546767586003,1.0588235294117647,0.23529411764705885,4.294117647058823,0.7487012977269327,3
438,0.4067079414246402,0.1745116405977453,0.13609513014286662,0.03808651676988632,0.0009211170142106831,0.0003584514705007448,100.0,0.0,62.705882352941174,2.7603219309764864,1.0,0.0,4.588235294117647,0.6910200073218077,3
439,0.42801331002916315,0.17561752113437792,0.13080090633985852,0.03748327835696014,0.0009452616903940496,0.00035474283055974995,100.0,0.0,63.529411764705884,2.7033235983708375,1.0294117647058822,0.11764705882352941,4.176470588235294,0.3812200410828154,3
440,0.44960509434698664,0.18332065922189925,0.12631362907391128,0.03789024130620247,0.0009729075337728014,0.00037925191289575963,100.0,0.0,63.23529411764706,2.921108004220032,1.1176470588235294,0.32218973970892123,4.0,0.8401680504168059,3
441,0.47692950295284053,0.17768392154625814,0.11924462817235865,0.0348855991185212,0.0009887095198409972,0.0005623347427675302,100.0,0.0,63.411764705882355,1.9420675316728444,1.0,0.0,4.588235294117647,0.6910200073218077,3
442,0.5012657248354386,0.18015871194796906,0.11339774543928466,0.03456017835887096,0.0009826669171697955,0.000538818553635025,100.0,0.0,63.0,3.5809955894645706,1.1176470588235294,0.32218973970892123,4.117647058823529,0.47058823529411764,3
443,0.5200066970153783,0.1807745707323371,0.11046646744531141,0.0350159341311588,0.0009241219133943872,0.0005615818950072058,100.0,0.0,61.94117647058823,3.539202107409723,1.1176470588235294,0.27275348516163833,4.588235294117647,1.140630554686195,3
444,0.5433057710133605,0.1674653556666557,0.10597595331400621,0.0326681589382799,0.0008810197248351287,0.0004922732420060798,100.0,0.0,65.23529411764706,3.115981797211536,1.0,0.0,4.0588235294117645,0.7252251768198796,3
445,0.5631926540127958,0.15088635322962815,0.10226938092117113,0.02960591308854421,0.0008679403316465589,0.0004571010845817098,100.0,0.0,62.35294117647059,3.463102595184712,1.0588235294117647,0.16109486985446062,4.294117647058823,0.7487012977269327,3
446,0.5952423790720833,0.14551439136104266,0.09563437498394757,0.028488795510544934,0.0008755948228153054,0.0004825821059183812,100.0,0.0,62.411764705882355,2.7237263300682883,1.0294117647058822,0.11764705882352941,4.352941176470588,0.5882352941176471,3
447,0.6089996581530817,0.14687997338559022,0.09312592595637106,0.028683695032742262,0.0008694745446593483,0.0005437404711168155,100.0,0.0,62.11764705882353,3.026983607122025,1.0294117647058822,0.11764705882352941,3.823529411764706,0.38122004108281526,3
448,0.6470744162234833,0.13372569917175087,0.08604244538777961,0.02570696695998917,0.0008110166164850013,0.0006005709176148468,100.0,0.0,63.35294117647059,3.0858534232009416,1.0,0.0,4.176470588235294,0.8564835163859432,3
449,0.6715294262343509,0.12516214085556843,0.08098066937961919,0.02510920573535445,0.0008382156406537983,0.0005348675042316581,100.0,0.0,62.705882352941174,2.7389286416053684,1.1176470588235294,0.32218973970892123,4.352941176470588,0.8360394355030527,3
450,0.7056382441732639,0.10828238148691151,0.07476618365807261,0.02141785805110941,0.0008198226994800858,0.00038409278682307197,100.0,0.0,63.76470588235294,3.0970462543736903,1.0,0.0,4.294117647058823,0.8235294117647058,3
451,0.7327455064501276,0.0905292847797114,0.06802768400909988,0.01769945561752737,0.0009148499396850213,0.00044757492411557633,100.0,0.0,62.588235294117645,3.1259600601379818,1.0294117647058822,0.11764705882352941,4.352941176470588,0.903664205631601,3
452,0.7646748345800384,0.08135882966545269,0.061658097325218826,0.016594795349716095,0.0008548729586470651,0.0005593931712382875,100.0,0.0,62.705882352941174,3.157897772110482,1.0,0.0,4.411764705882353,1.0323487514578966,3
453,0.7904290352297609,0.06976057435977684,0.05514041564027447,0.017307745401661873,0.0008376688140098457,0.0005231505827546475,100.0,0.0,63.8235294117647,3.311926649472764,1.0588235294117647,0.23529411764705885,4.176470588235294,0.6169463812765598,3
454,0.8155919635799684,0.06676258393770747,0.04917485086093878,0.016204108963566055,0.0008344598096265864,0.00048095231247584136,100.0,0.0,63.35294117647059,2.677601570997892,1.0,0.0,4.0,0.5940885257860046,3
455,0.833906204605844,0.06218377562223745,0.04466656058617887,0.017139371849451246,0.0007859445314086157,0.00040855621431889637,100.0,0.0,63.11764705882353,3.595460421161441,1.0588235294117647,0.23529411764705885,4.235294117647059,0.8764508485736082,3
456,0.8493426828720507,0.053017000013763464,0.039883104596535934,0.016561847795525532,0.0008036181317090347,0.00038107964896691107,100.0,0.0,62.94117647058823,2.6672433055893254,1.0,0.0,4.117647058823529,0.47058823529411764,3
457,0.8633189720897103,0.04849099276202439,0.03455399163595817,0.01607616487130453,0.000840278375407928,0.00043183254992780294,100.0,0.0,63.94117647058823,4.304178383512169,1.0294117647058822,0.11764705882352941,4.294117647058823,0.7487012977269327,3
458,0.8802969404716405,0.040731285666835884,0.029073492212590913,0.014471038975135393,0.000830468283051344,0.00044714161077069934,100.0,0.0,62.23529411764706,3.1906003817224984,1.0588235294117647,0.23529411764705885,4.588235294117647,0.8442764761416073,3
459,0.8882700395451105,0.03959834351197471,0.027195782016321335,0.01165412287538544,0.0008379552651970803,0.00046420389518474854,100.0,0.0,64.94117647058823,2.531462916629413,1.0,0.0,4.294117647058823,0.8235294117647058,3
460,0.9034780694411852,0.037055083244100104,0.022934712669862235,0.008919471679977543,0.0007827494863463776,0.00041175662519390407,100.0,0.0,64.29411764705883,2.467785525106239,1.0294117647058822,0.11764705882352941,4.176470588235294,0.7058823529411764,3
461,0.911977751283426,0.03289509828925511,0.020299355666077972,0.010775461438217194,0.0007125539166815009,0.0003648782372130396,100.0,0.0,63.705882352941174,2.6293525457208244,1.0294117647058822,0.11764705882352941,4.235294117647059,0.7299808027053446,3
462,0.9121062959402559,0.03849383028051256,0.020596181709408627,0.011919517446247106,0.0006976155668560378,0.0003444814039707251,100.0,0.0,64.0,3.5313720046596786,1.1176470588235294,0.32218973970892123,3.9411764705882355,0.6389870877176598,3
463,0.9125268520631247,0.042807350617330174,0.022450728975552836,0.013126882746464856,0.000639907802576332,0.00031095909940270983,100.0,0.0,63.23529411764706,2.8600578308572278,1.1176470588235294,0.32218973970892123,4.0588235294117645,0.7252251768198796,3
464,0.9050277757323942,0.04446577818393381,0.026741599745818443,0.012700575496781184,0.0006228927543578666,0.00030684896313488307,100.0,0.0,65.29411764705883,3.4259340655437733,1.0588235294117647,0.23529411764705885,3.8823529411764706,0.47058823529411764,3
465,0.8943054795321137,0.043889510593117506,0.03222508286483809,0.013076166629107579,0.0005791389907819475,0.00027865943173489366,100.0,0.0,65.58823529411765,2.829650228424869,1.0,0.0,4.0588235294117645,1.10988013318313,3
466,0.8731942521261448,0.04975365276264144,0.03941908077913797,0.012912576450213226,0.0005953768727883972,0.00030212690672888084,100.0,0.0,64.23529411764706,3.115981797211536,1.0294117647058822,0.11764705882352941,4.117647058823529,0.6758308995927094,3
467,0.8486414075246657,0.05617249064721955,0.04672545194140934,0.013216582565702684,0.0005661308058024387,0.0003044283979864239,100.0,0.0,63.529411764705884,2.99249349222986,1.1176470588235294,0.32218973970892123,4.176470588235294,0.7848037684780196,3
468,0.8158475595202347,0.0676773790224495,0.054497082743948176,0.013918327235246072,0.000605211806079237,0.00033713050456964935,100.0,0.0,64.58823529411765,3.030411028797943,1.0294117647058822,0.11764705882352941,4.0,0.48507125007266594,3
469,0.7843006352326737,0.06681190096115014,0.06136370358441608,0.012382587150814132,0.0006430515682086056,0.00037824405607219156,100.0,0.0,63.64705882352941,2.7640800292872307,1.0588235294117647,0.23529411764705885,4.0588235294117645,0.5391265523477459,3
470,0.7427920709424577,0.07235881580629873,0.07000196074329254,0.013062596434701057,0.000649621065237648,0.00042072647694813665,100.0,0.0,62.11764705882353,2.698198809689345,1.1176470588235294,0.32218973970892123,4.235294117647059,0.5455069703232768,3
471,0.7016159726098161,0.06707190918500837,0.07737520986497304,0.013208557376891378,0.0006689929068721018,0.0003464194146312595,100.0,0.0,62.64705882352941,3.66126266343422,1.0294117647058822,0.11764705882352941,4.588235294117647,0.9112901991076274,3
472,0.6520297331204115,0.06294030135045037,0.08584193988185025,0.013011479094334758,0.000780172981376834,0.0004123145532097601,100.0,0.0,61.8235294117647,3.9887384725093376,1.0294117647058822,0.11764705882352941,4.411764705882353,1.0323487514578968,3
473,0.6142731966047057,0.06950468303421997,0.09247624290045295,0.013759243611703553,0.0008709140484325625,0.00041297943096860944,100.0,0.0,63.8235294117647,3.434004592782688,1.0588235294117647,0.23529411764705885,4.117647058823529,0.47058823529411764,3
474,0.5743460196509744,0.0713631868173019,0.1001964122469908,0.012882761827147133,0.0008854895850328976,0.0003524708611417975,100.0,0.0,63.294117647058826,3.1764705882352944,1.1176470588235294,0.32218973970892123,4.352941176470588,0.5882352941176471,3
475,0.5420404291090202,0.0655490465882785,0.10574611968110573,0.012303213095044774,0.0009520538119486599,0.0005322375340025783,100.0,0.0,63.470588235294116,3.5664720920527335,1.0,0.0,4.411764705882353,0.7714633558002353,3
476,0.5089005409355479,0.08205115872973996,0.11126473865685418,0.01617222347334597,0.0010764421519896736,0.0005042962977279052,100.0,0.0,64.41176470588235,3.200346002055398,1.0294117647058822,0.11764705882352941,4.117647058823529,0.7578881603955956,3
477,0.4825581062953955,0.1147715630688371,0.11611445261046158,0.022849715333277426,0.0010673493178800448,0.00039908473353898977,100.0,0.0,63.35294117647059,3.0086380829516286,1.0588235294117647,0.23529411764705885,4.411764705882353,0.5998846486579748,3
478,0.4564450749037008,0.12577453646162837,0.12157861282284124,0.02326958481146433,0.0011087938941267417,0.0003955837677168003,100.0,0.0,63.64705882352941,2.8889480371314527,1.0,0.0,4.176470588235294,0.6169463812765598,3
479,0.42459930265693524,0.12113797378548398,0.12871001272397678,0.021159578573024487,0.0011074611665459996,0.0004487217881985527,100.0,0.0,63.8235294117647,2.6840551874234904,1.0,0.0,4.411764705882353,0.7714633558002353,3
480,0.40813054083846273,0.11158914990500562,0.1313661519375085,0.019464905873816968,0.0012478802925730591,0.0006014918342684157,100.0,0.0,63.94117647058823,3.0768698424992986,1.0,0.0,4.352941176470588,0.5882352941176471,3
481,0.38957351254528283,0.10449435558178276,0.13508950777796658,0.01909968815532691,0.001314956860607048,0.0007232105107328466,100.0,0.0,62.8235294117647,3.8841350633456893,1.1176470588235294,0.32218973970892123,4.352941176470588,0.8360394355030526,3
482,0.3749712718014315,0.10551313470196476,0.13769537783590052,0.019653142622968585,0.001389713599258334,0.0008914380672701814,100.0,0.0,63.05882352941177,2.879350176593039,1.0294117647058822,0.11764705882352941,4.117647058823529,0.5823232315653921,3
483,0.36160383615888914,0.105442906890693,0.13976919615409525,0.020600649469812108,0.00146658075503032,0.000851946327547645,100.0,0.0,63.64705882352941,3.496909164165141,1.0,0.0,4.176470588235294,0.8564835163859433,3
484,0.33533745778990337,0.10531110043964194,0.14592057060970118,0.02350513928016941,0.0013471620386259237,0.000709958610947789,100.0,0.0,64.41176470588235,2.680184882328122,1.0,0.0,4.0588235294117645,0.6389870877176598,3
485,0.3204560228302644,0.10233484312610165,0.15059596362695032,0.024315587379400472,0.001345661487701839,0.00073797629656277,100.0,0.0,63.0,3.5973846709225072,1.1176470588235294,0.27275348516163833,4.0588235294117645,0.8724939396583133,3
486,0.32046156921850033,0.12900073809688342,0.15275022629216176,0.031279805471367356,0.0014330375768114377,0.0007901330514216475,100.0,0.0,63.411764705882355,2.7452380916654198,1.0588235294117647,0.23529411764705885,4.235294117647059,0.5455069703232767,3
487,0.331235551791739,0.15053095833080202,0.1514701587077838,0.03584672333124612,0.0013597483054544192,0.0007558001219870335,100.0,0.0,63.35294117647059,3.8492348585842087,1.1176470588235294,0.32218973970892123,4.117647058823529,0.582323231565392,3
488,0.34191165608885615,0.159708536827543,0.1497266266766198,0.03509221212131071,0.0012763963389004615,0.0007030100942151754,100.0,0.0,62.76470588235294,3.7812138070560466,1.0294117647058822,0.11764705882352941,4.411764705882353,1.1910856900774462,3
489,0.339653216867958,0.15618157818684897,0.15121163083917627,0.03492464876472315,0.0013147266790168922,0.0008715051800335034,100.0,0.0,62.88235294117647,3.427953478666698,1.0588235294117647,0.16109486985446062,4.529411764705882,1.0356951095093534,3
490,0.34494098820879,0.16596172040082208,0.1494668820298959,0.037419623118123746,0.0011036208689265401,0.0008432041213884632,100.0,0.0,62.64705882352941,3.2165230857628977,1.0588235294117647,0.23529411764705885,4.0588235294117645,0.7252251768198796,3
491,0.31316282342714336,0.1600297111659011,0.15643665644137017,0.03732131432601927,0.0009372640008699697,0.0008008829254449022,100.0,0.0,63.705882352941174,3.267751626430859,1.0,0.0,4.176470588235294,0.6169463812765598,3
492,0.2809298733025742,0.14507952030116805,0.1626716507494273,0.03462282847795369,0.0009286130840747187,0.0008146889722200721,100.0,0.0,64.47058823529412,2.7033235983708375,1.0,0.0,4.235294117647059,0.6443794794178425,3
493,0.25485619525882064,0.14458701647287034,0.1701295744275213,0.03646531651989268,0.0009617754633122606,0.0007209624294871302,100.0,0.0,63.8235294117647,2.6840551874234904,1.0588235294117647,0.23529411764705885,4.176470588235294,0.7058823529411765,3
494,0.23634217208307032,0.14600993666297074,0.1752431309899683,0.03536371678731556,0.001114954884088056,0.0006724789315177882,100.0,0.0,64.23529411764706,2.6685402875797073,1.0588235294117647,0.23529411764705885,4.235294117647059,1.1129934075543824,3
495,0.239254388720627,0.1518969085409665,0.17542390369014893,0.03664814880418913,0.0011575578607894447,0.0006708685481805483,100.0,0.0,64.11764705882354,2.0830507305442088,1.0,0.0,4.352941176470588,0.8360394355030526,3
496,0.2576292686916699,0.17767987557387901,0.17249190695708747,0.042212959722935886,0.001290947808051617,0.0005521862592066268,100.0,0.0,62.88235294117647,2.564058202082749,1.1176470588235294,0.32218973970892123,4.0588235294117645,0.6389870877176598,3
497,0.25299648505315186,0.15871463114328924,0.17018931325382322,0.03717478994910297,0.0011389482396424297,0.0005704651340897374,100.0,0.0,64.11764705882354,2.246103893180798,1.0,0.0,4.294117647058823,0.823529411764706,3
498,0.22470992253753425,0.14329705166357304,0.17859551570983048,0.03826094903322729,0.0009976393223020666,0.0006521307669419806,100.0,0.0,63.23529411764706,3.1721102971088855,1.1176470588235294,0.32218973970892123,4.470588235294118,1.0356951095093534,3
499,0.2231953224765255,0.13395122658439915,0.17841204056899795,0.03478972124060798,0.0011127796626094388,0.0007382908235640703,100.0,0.0,62.8235294117647,3.1104244862123025,1.0588235294117647,0.23529411764705885,4.294117647058823,0.6655122646461624,3
500,0.2201500207018017,0.15605042489376772,0.18074966837483974,0.04040222470479695,0.0010660150032400753,0.0005768821034877174,100.0,0.0,63.705882352941174,3.8921445152172396,1.0294117647058822,0.11764705882352941,4.235294117647059,0.8065476000471816,3
501,0.2163161559694627,0.16851870309750444,0.18134308587812112,0.04151609886927725,0.0011153180381519054,0.0010143666840404268,100.0,0.0,63.588235294117645,4.000864958383989,1.1764705882352942,0.3812200410828153,4.176470588235294,0.8564835163859433,3
502,0.21008797602061235,0.19146536568197509,0.18543059397756212,0.04503558217438604,0.0010924487457065737,0.0010147932968067144,100.0,0.0,63.23529411764706,2.839416090858158,1.088235294117647,0.2564058202082749,4.117647058823529,0.6758308995927093,3
503,0.20839765435134772,0.1774543909426396,0.18390382164063201,0.04073820787142905,0.001098143282513145,0.0011389291525882796,100.0,0.0,62.11764705882353,1.996536793938487,1.0588235294117647,0.23529411764705885,4.411764705882353,0.8442764761416072,3
504,0.1937454566948674,0.158803503943586,0.18775559244275924,0.03697839617538351,0.0007001912037708424,0.0006012075078165135,100.0,0.0,63.11764705882353,3.5127055592549685,1.1176470588235294,0.32218973970892123,4.294117647058823,0.7487012977269327,3
505,0.17167731419742496,0.1420417524487845,0.19471987849118777,0.03316150738365867,0.000649235789211054,0.0005674423317596007,100.0,0.0,63.94117647058823,3.298316651500279,1.0588235294117647,0.23529411764705885,4.0588235294117645,0.5391265523477459,3
506,0.16462389319131565,0.12776325582930712,0.19839887187626612,0.03306197727294568,0.0008529903244253889,0.0007073229940804589,100.0,0.0,63.529411764705884,2.9128043301505757,1.0588235294117647,0.23529411764705885,4.294117647058823,0.5703152773430975,3
507,0.18305919906942042,0.12155870884656518,0.19098052395650034,0.030640754284283516,0.0006489885012585428,0.0005060288705988671,100.0,0.0,64.05882352941177,2.387974485904052,1.0588235294117647,0.23529411764705885,4.411764705882353,1.1406305546861952,3
508,0.16209853756618117,0.11065611922993356,0.19801703071421103,0.031185939044416754,0.0005506645082130511,0.00038945361349998817,100.0,0.0,63.411764705882355,2.5681035238756555,1.088235294117647,0.2564058202082749,4.294117647058823,0.6655122646461624,3
509,0.15243713463621952,0.09696884745702586,0.2005996468931961,0.028381729676545793,0.0006616653483416539,0.0006025565198972373,100.0,0.0,64.3529411764706,3.1425200915748426,1.0588235294117647,0.23529411764705885,4.0588235294117645,0.8022459821756386,3
510,0.15163733732123075,0.0879613645588116,0.2014738801483322,0.027365515788681936,0.0007400242746263409,0.0005550582148959614,100.0,0.0,62.88235294117647,2.94822684379804,1.1470588235294117,0.3327561323230812,4.235294117647059,0.6443794794178425,3
511,0.15146859725125628,0.08589874913293273,0.20098419622469138,0.026899687681259932,0.0006751792277210738,0.0004412663699616031,100.0,0.0,63.411764705882355,3.614656822526404,1.0588235294117647,0.16109486985446062,4.235294117647059,0.7299808027053445,3
512,0.1670138927116174,0.09081031000743511,0.1957372203609752,0.028481464269222035,0.0007514899946094405,0.0004765769986579756,100.0,0.0,61.705882352941174,3.391420071858723,1.1176470588235294,0.32218973970892123,4.411764705882353,0.6910200073218077,3
513,0.1896665131684664,0.10532508474829756,0.18820144361300306,0.028141250487403426,0.0010572605952509852,0.0004531908081813286,100.0,0.0,63.8125,1.775484088917724,1.0,0.0,4.4375,0.7880950133074057,4
514,0.1974298561854944,0.11228958101440106,0.18511065807733187,0.02890901090550825,0.0010953828850185862,0.0003350125799961095,100.0,0.0,62.75,3.929058411375428,1.0625,0.24206145913796356,4.125,0.6959705453537527,4
515,0.19899742767283882,0.11396280345722754,0.18605237004019093,0.03086006342138916,0.0010739838292267664,0.0006819377157126308,100.0,0.0,64.4375,3.999511688944039,1.125,0.33071891388307384,4.1875,0.6343057228182637,4
516,0.23036030395185392,0.13980566877938266,0.1790252484611618,0.03667139263264775,0.0010250059889706862,0.0006332103087071091,100.0,0.0,63.8125,4.46120429368573,1.1875,0.3903123748998999,4.1875,0.7261843774138906,4
517,0.2579348637597618,0.1441103957667855,0.17285855815873855,0.03435480378388086,0.0012006813502261158,0.000767408916723901,100.0,0.0,62.125,2.9764702249476644,1.125,0.33071891388307384,4.625,1.0532687216470449,4
518,0.2951888401222331,0.13936381943170734,0.1616109916883513,0.03246436687096189,0.0011612248226512184,0.000691259645695837,100.0,0.0,63.0625,3.2301073898556374,1.125,0.33071891388307384,4.1875,0.7261843774138906,4
519,0.2911217351276376,0.13178926702593252,0.16062016810819763,0.032479306992487945,0.0009237301897706939,0.0006077559800066476,100.0,0.0,62.5625,3.5876306596415413,1.0625,0.24206145913796356,4.25,0.82915619758885,4
520,0.26612671324033654,0.11128266901087273,0.16496976722719736,0.027646024535420873,0.0009507290667687448,0.0007055800884848524,100.0,0.0,62.75,2.7726341266023544,1.09375,0.2633171804117612,4.1875,0.8076779989575054,4
521,0.2511432208076484,0.08775606168194555,0.16757224465547704,0.022663938290907765,0.0009661261938325866,0.0006394215243692957,100.0,0.0,63.25,3.832427429188973,1.03125,0.12103072956898178,4.1875,0.9499177595981665,4
522,0.23152345577009864,0.08183281801063623,0.17385720398775423,0.022954537536366518,0.0008461421077370439,0.0004003076992708782,100.0,0.0,64.0625,2.703441094235271,1.0,0.0,4.125,0.5994789404140899,4
523,0.23128448515962713,0.09367604741024926,0.1748922431697581,0.023917912103306398,0.0010382955009034206,0.0005568629616610924,100.0,0.0,62.9375,2.656801413354035,1.09375,0.2633171804117612,4.0,0.5,4
524,0.23122332177956895,0.11688988655898867,0.17409916089550004,0.026379659793245375,0.001222946802656448,0.0005165081533433631,100.0,0.0,61.8125,1.911110606427582,1.125,0.33071891388307384,4.125,0.8569568250501305,4
525,0.23914392233192683,0.12287407933485207,0.1709647130050892,0.0299125207010642,0.001570291751262161,0.0007996183665575655,100.0,0.0,61.625,2.027159342528357,1.21875,0.39404750665370286,4.25,0.4330127018922193,4
526,0.25609984534283536,0.13466880071406315,0.16587632143709158,0.03300487932993161,0.0016566709975164057,0.0009955860151103447,100.0,0.0,63.3125,3.3488570811547036,1.125,0.33071891388307384,4.5625,0.7880950133074057,4
527,0.27342530246531277,0.1295205095783581,0.1609217321310471,0.030825039840639664,0.0016317144730147973,0.0010934794077698832,100.0,0.0,64.25,2.7271780286589284,1.03125,0.12103072956898178,4.1875,0.8816709987291178,4
528,0.28634093375587744,0.1298169308108583,0.157663537688676,0.030248149364346943,0.0015839516594037242,0.0010041508318487614,100.0,0.0,63.25,2.883140648667699,1.0625,0.24206145913796356,3.9375,0.5555121510822243,4
529,0.2973460296724941,0.14278950501825968,0.15642457634647836,0.034584217359272536,0.0015699086500735328,0.00113216291897306,100.0,0.0,64.3125,3.1168644099479206,1.0,0.0,4.0625,0.5555121510822243,4
530,0.31010116455520953,0.1517734957035445,0.15447853981704238,0.03744211674816414,0.0015141953333094363,0.0010572176728621812,100.0,0.0,62.875,3.739568825412898,1.125,0.33071891388307384,4.25,0.5590169943749475,4
531,0.3355398897812699,0.17387000735174524,0.14933159134917862,0.041673279315226366,0.0014291676438641346,0.001021639695074999,100.0,0.0,62.875,3.8547859862773186,1.0625,0.24206145913796356,4.875,1.2183492931011204,4
532,0.34754134470117437,0.1736872318745665,0.1470535837027178,0.03985895877032652,0.0012298862199613095,0.0008537056099687906,100.0,0.0,63.25,2.48746859276655,1.0625,0.24206145913796356,4.0625,0.6584783595532961,4
533,0.36606898163085466,0.19181616754854688,0.14319412328978606,0.04251381153302659,0.0009149958586169167,0.0006381067666439772,100.0,0.0,63.5625,3.1616599674854347,1.125,0.33071891388307384,4.125,0.6959705453537527,4
534,0.364718291755868,0.19530451473056487,0.14411477818137344,0.04251947952124732,0.0008431439163321083,0.00047653252551964315,100.0,0.0,63.3125,2.6860461183680373,1.03125,0.12103072956898178,4.1875,0.7261843774138906,4
535,0.36183505154227175,0.19553578992829015,0.14509581282539846,0.04314406158139309,0.0008572455059010144,0.00038651393617758777,100.0,0.0,61.4375,2.978438139360964,1.125,0.33071891388307384,4.1875,0.5266343608235224,4
536,0.3594606965937458,0.1873198150974595,0.14554693785231326,0.041923070798995286,0.0008413601687005491,0.00042115602027407816,100.0,0.0,63.0,2.5,1.03125,0.12103072956898178,4.0625,0.5555121510822243,4
537,0.35737119841365683,0.18215840783518342,0.14575235422902766,0.04124796899637399,0.0008900170001274745,0.0004703205628753145,100.0,0.0,63.125,2.7128168017763383,1.09375,0.2633171804117612,4.0,0.7905694150420949,4
538,0.3607527418090561,0.18105965073862423,0.14460428682383783,0.04067605310106093,0.000974080414793997,0.00046153994302286055,100.0,0.0,64.25,2.5617376914898995,1.0625,0.24206145913796356,3.9375,0.7473912964438374,4
539,0.37607101724424197,0.170887063330672,0.13957566898969587,0.03775399485679086,0.0010501936135962437,0.0005014534461012728,100.0,0.0,63.4375,2.6450129961873534,1.15625,0.34089725358236606,4.4375,0.7880950133074057,4
540,0.4021998694441511,0.16547848618909333,0.1331209911841856,0.03473474496602878,0.0012021251948563002,0.0006084118739164721,100.0,0.0,62.25,3.3819373146171707,1.15625,0.34089725358236606,4.3125,0.6817945071647321,4
541,0.4220588393262158,0.159936151679296,0.1288392863538783,0.031840094188272605,0.001254458898679954,0.0005966874053925566,100.0,0.0,66.1875,2.6976552318634046,1.0,0.0,4.125,0.6959705453537527,4
542,0.449901331767518,0.1720474942540411,0.12279738377929783,0.033177507269840915,0.0013246626854683992,0.000629956786529177,100.0,0.0,63.75,2.9895651857753496,1.0625,0.24206145913796356,4.5,0.7905694150420949,4
543,0.46342159299481667,0.16937195090890272,0.11957611908674684,0.03184551822009021,0.0013150064067941802,0.0007389889291212332,100.0,0.0,63.625,3.370367190678191,1.0,0.0,4.375,0.7806247497997998,4
544,0.47759501241501234,0.16138086702421625,0.11735273514296637,0.02955875347936582,0.0011868701526039265,0.0007639479027063381,100.0,0.0,63.625,2.54644359843292,1.0,0.0,4.25,0.6614378277661477,4
545,0.5076089714134487,0.14747329082588784,0.11178520227912711,0.025552277036721943,0.0010960615842182935,0.0008267342740091092,100.0,0.0,63.8125,3.358175658002422,1.0625,0.24206145913796356,4.3125,0.6817945071647321,4
546,0.5364610385484363,0.12390394655446313,0.10589167567212476,0.022057281319100352,0.0010842611938533817,0.0007271273493059615,100.0,0.0,63.875,2.7128168017763383,1.03125,0.12103072956898178,4.3125,0.8454843286542927,4
547,0.5626994630118001,0.1275043269795329,0.10052076828956025,0.0241020507585996,0.0010935726850205914,0.0005070776911854279,100.0,0.0,63.375,3.4977671449083054,1.03125,0.12103072956898178,4.4375,0.6091746465505602,4
548,0.5970130261900863,0.1382395797069235,0.09424546292210634,0.025179754531959895,0.0010154271929077902,0.00042092715677496506,100.0,0.0,64.375,2.6896793489187516,1.03125,0.12103072956898178,4.0,0.7905694150420949,4
549,0.6268788541417764,0.1332388350473176,0.08878890876670056,0.024418983689639198,0.0009690950788433397,0.0003337915749045538,100.0,0.0,63.0,2.5,1.03125,0.12103072956898178,4.1875,0.5266343608235224,4
550,0.6506056449356024,0.12150514679228923,0.08454107763442818,0.022637928464551725,0.0009329192620888415,0.0003477008529061184,100.0,0.0,63.5,3.6742346141747673,1.15625,0.34089725358236606,4.0625,0.6584783595532961,4
551,0.6859592372361045,0.10596107589211952,0.07746317154046808,0.020888822534170317,0.0009655833667858016,0.0003580137005411469,100.0,0.0,64.0625,3.561403339977094,1.0625,0.24206145913796356,4.0625,0.5555121510822243,4
552,0.7290415355591415,0.09150466773760675,0.06860276493568332,0.018728916517130583,0.0009681353579098923,0.0003313910133810731,100.0,0.0,62.9375,2.1928505991061042,1.0,0.0,4.25,0.5590169943749475,4
553,0.7581578958302931,0.08015854079321474,0.06290428153123184,0.016791364910145684,0.0008945103874245183,0.0002798082821144718,100.0,0.0,63.0,4.077376607575022,1.125,0.33071891388307384,4.25,0.5590169943749475,4
554,0.7891969797058074,0.07563324186552904,0.05663042689890038,0.015257289551567722,0.000853417930594486,0.00032609531086897356,100.0,0.0,64.375,2.521780125229002,1.0,0.0,4.25,0.75,4
555,0.8115026064987922,0.06741248226718552,0.05117844134941517,0.013770759322570214,0.0008488329143171362,0.0003491677691260263,100.0,0.0,63.4375,2.423033996872516,1.03125,0.12103072956898178,4.0625,0.42847841252506524,4
556,0.8360964439989327,0.06182731556314876,0.04528411836210607,0.012079010410933469,0.0008271542561788775,0.0004402213356300648,100.0,0.0,64.3125,3.53055856062465,1.0,0.0,3.875,0.5994789404140899,4
557,0.8532779985843191,0.05916505490082234,0.040969796202366335,0.011519059407306388,0.0007978087007044997,0.0004854530213325047,100.0,0.0,63.0625,3.3065985166028247,1.09375,0.2633171804117612,4.125,0.4841229182759271,4
558,0.8710442281758471,0.0576464314039798,0.0340989670998952,0.012836838179016865,0.0008231996384079957,0.0005247722369243079,100.0,0.0,63.75,3.9764934301467165,1.0625,0.24206145913796356,4.4375,0.7880950133074057,4
559,0.8904142182273997,0.05411249978938424,0.027261516677079503,0.013438876223822439,0.0007776907019749977,0.00048355042489878127,100.0,0.0,62.5,3.570714214271425,1.25,0.39528470752104744,4.0625,0.6584783595532961,4
560,0.8997627217471782,0.04635663576592107,0.02516737208996647,0.012636940052358771,0.0007404575142207673,0.00042232147660274243,100.0,0.0,62.6875,3.21556274235164,1.125,0.33071891388307384,4.25,0.6614378277661477,4
561,0.9078239767055618,0.04614036363593298,0.02293394308286766,0.0129724038459517,0.0006983791336157795,0.0003530267135353159,100.0,0.0,63.125,2.2878756522153907,1.0,0.0,4.625,0.5994789404140899,4
562,0.9118524176145395,0.04439829242447297,0.021239673240348228,0.012502372248640118,0.0006910623556651985,0.0004097268204225219,100.0,0.0,64.625,4.2555111326373005,1.0,0.0,4.125,0.7806247497997998,4
563,0.9043692729250046,0.0372245674544867,0.024294451400303153,0.013586557096369682,0.0007044079249042148,0.0003692421943956795,100.0,0.0,63.8125,2.530285309999645,1.0,0.0,4.0,0.7071067811865476,4
564,0.8957951175866217,0.035615807573896194,0.028818172013507354,0.014546522478473751,0.0006618113468097393,0.0002944708564014101,100.0,0.0,63.0625,2.0757152381769517,1.0625,0.24206145913796356,4.25,0.5590169943749475,4
565,0.8922051460457421,0.03861906205697223,0.031814867471318065,0.014529988315067757,0.0005918494062659264,0.00028450869404703094,100.0,0.0,63.8125,3.1467989687935263,1.125,0.33071891388307384,4.4375,0.7880950133074057,4
566,0.8726228919890018,0.04478848137353383,0.037676596734381944,0.015201666466090393,0.0006137636844767018,0.00026379060521964287,100.0,0.0,62.25,3.191786333700926,1.125,0.33071891388307384,4.5,0.8660254037844386,4
567,0.8490505278159695,0.050501904352677165,0.04493101965605412,0.014400955184027826,0.0006061000759174492,0.00025514513345574247,100.0,0.0,63.75,3.4550687402713134,1.1875,0.3903123748998999,4.0,0.6123724356957945,4
568,0.8156213827708348,0.06399108949649725,0.052800820320036385,0.015553285899174516,0.0006369134132068099,0.00026704711672389955,100.0,0.0,62.5,2.1213203435596424,1.0,0.0,4.375,0.8569568250501305,4
569,0.7804310607011837,0.07827134297324675,0.06138879515836097,0.015870798163515012,0.0006115463196800779,0.0002458229363633835,100.0,0.0,62.375,2.9341736485763756,1.1875,0.3903123748998999,4.25,0.75,4
570,0.7369744047321168,0.08209021752399417,0.06965055182009856,0.015318809539075204,0.0006819280280207496,0.0003197026152746503,100.0,0.0,64.0,2.7386127875258306,1.0,0.0,3.9375,0.6584783595532961,4
571,0.6943299880806523,0.08794919696084698,0.07839542705273739,0.016094107533689242,0.0006800445363738741,0.0003417591054614179,100.0,0.0,64.0,2.7613402542968153,1.0625,0.24206145913796356,4.3125,0.6817945071647321,4
572,0.6539589103959214,0.09476552131810519,0.0863165686946221,0.016759010150263647,0.0006975383504820897,0.00034657707759259477,100.0,0.0,63.4375,2.9993488876754566,1.0625,0.24206145913796356,4.5,0.7071067811865476,4
573,0.6034740704557124,0.09043173042037464,0.09474284741626646,0.01704471804961882,0.0008007540177878451,0.0004363778772594877,100.0,0.0,64.0625,4.00731752547761,1.0625,0.24206145913796356,4.0625,0.8267972847076845,4
574,0.5711638587643001,0.08529285524160937,0.10026047025127577,0.017478083557812423,0.0008772255419668767,0.0004950632377808872,100.0,0.0,63.875,3.8709656418005056,1.0625,0.24206145913796356,4.5625,0.8637671850678283,4
575,0.5399488573282467,0.10529804618541726,0.10555056244621733,0.02217208894349022,0.0008740722620679693,0.0004863370138351542,100.0,0.0,63.625,2.6427968139832467,1.0625,0.24206145913796356,4.125,0.6959705453537527,4
576,0.5055597830845966,0.12298564418774811,0.1115897707613839,0.026079641906914135,0.0009587083653967044,0.0005772544247263282,100.0,0.0,63.8125,3.7285846845686637,1.0,0.0,4.1875,0.7261843774138906,4
577,0.4762656458925196,0.13674981424390117,0.11641421502857065,0.02911172687046259,0.0011259668401822688,0.00077626634200525,100.0,0.0,62.375,1.7275343701356567,1.0,0.0,4.0625,0.5555121510822243,4
578,0.4537048184534201,0.1587154264313738,0.12163214380297628,0.032565007188500986,0.0011861637236322041,0.0007091768889785934,100.0,0.0,62.25,2.7271780286589284,1.0625,0.24206145913796356,4.4375,0.9333240326917549,4
579,0.434501445325366,0.1797142498360991,0.12746804095530648,0.035779978789209126,0.0009853670201301183,0.0004252893549901425,100.0,0.0,63.75,3.072051431861127,1.0,0.0,3.9375,0.6584783595532961,4
580,0.4035077422006139,0.18355711737151442,0.13483618099857464,0.036958732837744986,0.0009436272900115571,0.00038856282114135203,100.0,0.0,62.75,3.400367627183861,1.0625,0.24206145913796356,4.25,0.5590169943749475,4
581,0.3698965963269209,0.16597502029717742,0.1414314347855744,0.034276544321441886,0.001028929340704629,0.00054357626863089,100.0,0.0,63.4375,2.3443749166888814,1.0625,0.24206145913796356,4.125,0.6959705453537527,4
582,0.3404318223329813,0.15444070746485677,0.1470096970813214,0.03362633567070061,0.0011496601793106807,0.0006667772810814423,100.0,0.0,63.0625,2.838766237293941,1.125,0.33071891388307384,4.1875,0.7261843774138906,4
583,0.3231717931267018,0.16739845617747293,0.15180189478264572,0.03702417368304482,0.001138376371512673,0.0005534693755672402,100.0,0.0,63.8125,2.4036105653786763,1.0,0.0,4.0,0.7071067811865476,4
584,0.32843035342116134,0.18436603535001098,0.15239109169296006,0.039798417187103065,0.0011922583832497998,0.000577565338267348,100.0,0.0,63.0625,2.014595182660775,1.03125,0.12103072956898178,4.1875,0.5266343608235224,4
585,0.34258078306605866,0.21218842215058367,0.15119114988598237,0.04426444102824067,0.0011625046762642351,0.0005145799934274556,100.0,0.0,64.0625,2.9679275176459416,1.0,0.0,4.0625,0.6584783595532961,4
586,0.33644840382468155,0.21591275418534217,0.15291461766774844,0.04568348758441083,0.0009655660169870793,0.0005261490975138153,100.0,0.0,64.3125,3.2349410736518833,1.0,0.0,3.875,0.5994789404140899,4
587,0.3092303114670985,0.1918726419578317,0.15923844179272922,0.04274605125111965,0.0007703295417662752,0.000554452687506258,100.0,0.0,62.4375,2.737899514226189,1.0625,0.24206145913796356,4.25,0.6614378277661477,4
588,0.28635539831873946,0.14595980149634455,0.16361532685119923,0.03355207713442824,0.0009198674197556789,0.0006348461419989706,100.0,0.0,63.3125,2.6626760505175993,1.0,0.0,4.1875,0.9499177595981665,4
589,0.2850371011668014,0.10819979550411774,0.16213496192595842,0.025470001607602877,0.0009002198817024727,0.0006084080531824191,100.0,0.0,63.6875,3.0355961111452228,1.03125,0.12103072956898178,4.25,0.9682458365518543,4
590,0.2809346830357278,0.10299535610258179,0.16204551446370524,0.024053865993770733,0.0008544001059304726,0.0005166414193551766,100.0,0.0,62.5,2.8722813232690143,1.0625,0.24206145913796356,4.4375,0.6091746465505602,4
591,0.245089053037409,0.09813002919205265,0.1709066511054197,0.026409033000518747,0.0007967911033102519,0.0005287241321122153,100.0,0.0,62.6875,2.7775607554111215,1.21875,0.39404750665370286,4.0,0.6123724356957945,4
592,0.20888605262412036,0.09011459649962943,0.180674755998464,0.027401393357777377,0.0007219802748720293,0.0006308911629679086,100.0,0.0,62.25,2.817356917396161,1.1875,0.3903123748998999,4.1875,0.6343057228182637,4
593,0.19539001093088992,0.08769075132985991,0.1850925519781042,0.026821704177178985,0.0007524817606572979,0.0007432676113861147,100.0,0.0,61.8125,3.761960094153047,1.3125,0.46351240544347894,4.3125,0.582961190818051,4
594,0.182206732250992,0.09621694181460816,0.1897478014624357,0.02885963786301767,0.0008335956580650694,0.0007352696804391506,100.0,0.0,63.0,2.03100960115899,1.0,0.0,4.5625,0.6091746465505602,4
595,0.16785022122187615,0.10295940765524272,0.19506651607549563,0.03101407618213625,0.0008446105653177734,0.0005129716088307594,100.0,0.0,62.75,2.436698586202241,1.0625,0.24206145913796356,4.4375,0.6091746465505602,4
596,0.1618155752456644,0.0809036808785323,0.19444271666892135,0.02537537896266057,0.0008814092259110147,0.0005327713284819032,100.0,0.0,64.0,2.692582403567252,1.0,0.0,4.125,0.5994789404140899,4
597,0.16193858250955936,0.0654622676081028,0.19577299440936244,0.020694369128181577,0.0009983911802899424,0.0005293287482066436,100.0,0.0,62.625,3.2185982973959333,1.125,0.33071891388307384,4.125,0.5994789404140899,4
598,0.1865366737759807,0.09946904048652096,0.18847013986527864,0.027409515754620976,0.0009425465988065977,0.0005989809544337674,100.0,0.0,63.125,3.119995993587171,1.09375,0.2633171804117612,4.5,0.9354143466934853,4
599,0.17570909659671463,0.08858844190977172,0.19200571205516165,0.02761926388781926,0.0009009529594662937,0.000724125656130989,100.0,0.0,64.375,3.059309562630104,1.03125,0.12103072956898178,4.0,0.7071067811865476,4
600,0.18290311575898532,0.08741206253871615,0.18884296255567784,0.0252179667051037,0.0007526986324357531,0.0005241280732541929,100.0,0.0,63.5,2.715695122800054,1.03125,0.12103072956898178,4.0,0.5,4
601,0.1625606404615503,0.07387998174465141,0.19556865958323055,0.023890186479215238,0.0008470428989002141,0.000506945993217372,100.0,0.0,63.25,3.3819373146171707,1.0625,0.24206145913796356,4.3125,0.46351240544347894,4
602,0.17532316085414917,0.08098920870633368,0.19193770320431575,0.02461370373919455,0.0009089509810514403,0.0004853973010777658,100.0,0.0,62.8125,2.8111107680061274,1.15625,0.34089725358236606,4.25,0.6614378277661477,4
603,0.1726274156437731,0.09208166287839883,0.1922173956605659,0.026873551835404852,0.0010434996038789885,0.0006011557991988393,100.0,0.0,65.0,2.979093821953246,1.0625,0.24206145913796356,3.875,0.4841229182759271,4
604,0.16754831086124458,0.08523083862474719,0.1935717059336675,0.027927869911312502,0.0009445006406096428,0.000773581787330434,100.0,0.0,63.9375,3.578909575555102,1.0,0.0,4.25,0.75,4
605,0.16771230486767708,0.06551019308039177,0.19176265503438295,0.019851145779877514,0.001178433206598438,0.0008729383561741884,100.0,0.0,64.9375,2.703441094235271,1.0,0.0,4.125,0.5994789404140899,4
606,0.18535915815304602,0.08108417094879773,0.18791828685203132,0.02299133129717739,0.001273449557900023,0.0009229418547472541,100.0,0.0,64.6875,2.2560682059725057,1.0,0.0,4.125,0.4841229182759271,4
607,0.2148751564930136,0.10905456485932638,0.18281219876143573,0.0293964032098479,0.001171570714478356,0.0007666658888483735,100.0,0.0,64.5,2.0,1.0,0.0,4.125,0.5994789404140899,4
608,0.24571265883850762,0.1582025520443721,0.17602704136799974,0.04090069988768313,0.0009967064703604743,0.0005265951168179097,100.0,0.0,63.5625,2.80554696093293,1.09375,0.2633171804117612,4.1875,0.5266343608235224,4
609,0.24756793156009954,0.15367843661606864,0.17448262742091133,0.04000447794032613,0.0008638831550592676,0.0005451075758182917,100.0,0.0,65.1875,3.225266461860167,1.0625,0.24206145913796356,4.4375,1.1162856937182344,4
610,0.22720662120601398,0.13459967637604983,0.17889990986157506,0.03467919388870292,0.0007491281955073095,0.000579683429939658,100.0,0.0,62.375,3.2379584617471546,1.15625,0.34089725358236606,4.1875,0.5266343608235224,4
611,0.21670961435543212,0.11842738972058163,0.17984035388021577,0.028856635776687088,0.0007662351432401043,0.0005378307305569164,100.0,0.0,62.875,2.9764702249476644,1.125,0.33071891388307384,4.375,0.7806247497997998,4
612,0.19469049273863073,0.10511285575676753,0.1855184773080506,0.026486169569113815,0.0007128654406656291,0.0006666462281392651,100.0,0.0,62.875,3.2379584617471546,1.0625,0.24206145913796356,4.375,0.9270248108869579,4
613,0.1703267132215836,0.0920107251305423,0.19402270904034602,0.02685627941247053,0.0007122277744897985,0.0005662402287986295,100.0,0.0,64.4375,2.957379541080245,1.0,0.0,4.1875,0.9499177595981665,4
614,0.16899847225382247,0.0835527827450509,0.19429498963486816,0.0254604434304767,0.0006044703543343617,0.00035061897705969603,100.0,0.0,62.8125,3.20582965080804,1.125,0.33071891388307384,3.875,0.4841229182759271,4
615,0.16632785941308909,0.092526698075902,0.19624576529948273,0.026783413715298826,0.0007409996025117378,0.0003651801553425633,100.0,0.0,63.75,2.839454172900137,1.0,0.0,4.25,0.75,4
616,0.17993319536329191,0.09838381373168904,0.19149167391162458,0.02607457468385983,0.0007602058673329012,0.00045752311428498197,100.0,0.0,63.75,3.6996621467371855,1.0,0.0,4.375,0.5994789404140899,4
617,0.180837131241529,0.10547673445505883,0.1910270192400185,0.028689560389529196,0.0007110666226505548,0.0007158741157184018,100.0,0.0,62.6875,3.1764514398932655,1.0625,0.24206145913796356,4.4375,0.7043392293490403,4
618,0.18157908666231987,0.10184116460630185,0.1904512966378451,0.028299293744644943,0.0009252567031930125,0.0008585435542005463,100.0,0.0,63.375,3.8547859862773186,1.09375,0.2633171804117612,4.25,0.75,4
619,0.18880097014041655,0.11559916138275941,0.18916726388423266,0.03426794686760915,0.001224773973822457,0.0009852728769162765,100.0,0.0,63.4375,2.78318050977654,1.0625,0.24206145913796356,4.25,0.5590169943749475,4
620,0.23124142093170835,0.14655240888602392,0.17694848932869836,0.03777366795691863,0.0012556601444426367,0.0009687343324514175,100.0,0.0,63.25,3.072051431861127,1.0,0.0,4.125,0.5994789404140899,4
621,0.25506482274118125,0.18677689399182015,0.17044222240850765,0.043267557003606884,0.0012653832986832215,0.0008549772703536176,100.0,0.0,63.5625,2.6685377550261493,1.0,0.0,4.1875,0.5266343608235224,4
622,0.2589875294275521,0.20350012224830477,0.1725620322278109,0.04650726803860169,0.0009295890822159613,0.0004932312199686735,100.0,0.0,63.875,4.151430476353903,1.25,0.4330127018922193,4.0625,0.42847841252506524,4
623,0.25620088242283345,0.1846981549989414,0.17444165604972695,0.04291552661856198,0.0010121818623055584,0.0007474944510170841,100.0,0.0,62.3125,2.1130176880471208,1.09375,0.2633171804117612,4.3125,0.582961190818051,4
624,0.28830031972523684,0.19494795265965947,0.16813648686049282,0.044500006173070455,0.0011528673380760044,0.0008958042053405434,100.0,0.0,63.4375,2.8497532787944992,1.0625,0.24206145913796356,4.375,0.4841229182759271,4
625,0.3116498449678994,0.20518211842842193,0.1594494441301565,0.04382880430141426,0.0009347484804314312,0.0007771014706701993,100.0,0.0,63.4375,2.78318050977654,1.0625,0.24206145913796356,4.6875,0.7680128579652817,4
626,0.3023379864722315,0.17981607686890227,0.1592941580850164,0.03962005470989362,0.0009826467746347637,0.0009144962936374377,100.0,0.0,62.6875,2.9520914196548858,1.125,0.33071891388307384,4.4375,0.8637671850678283,4
627,0.2862648683967731,0.14800179231353375,0.1614575821979503,0.03409267062514457,0.0008650982806803654,0.0007624291077215909,100.0,0.0,62.625,2.4206145913796355,1.25,0.39528470752104744,4.0,0.5,4
628,0.2865292374425427,0.12802836002148354,0.16143433467234972,0.03197020892426365,0.0012163966309883892,0.0010064411339088357,100.0,0.0,62.6875,4.411897975928274,1.1875,0.3903123748998999,4.3125,0.46351240544347894,4
629,0.3203207202695435,0.13563800858264558,0.15377588310203966,0.032337081647340955,0.001467059891993074,0.0010280848965476012,100.0,0.0,63.625,3.314268395890713,1.03125,0.12103072956898178,3.875,0.5994789404140899,4
630,0.3789575918330842,0.18748505011888605,0.14284666841836752,0.04048856953645341,0.0012516293153489876,0.0007638930840005344,100.0,0.0,62.625,3.0998991919093113,1.03125,0.12103072956898178,4.3125,0.7680128579652817,4
631,0.425801494611826,0.2087078122953279,0.13238622794480404,0.04565007877000398,0.0011992008665530757,0.0007078893231088161,100.0,0.0,64.3125,3.0149367737980843,1.0625,0.16535945694153692,4.0625,0.7473912964438374,4
632,0.4421089320068068,0.2080320767133116,0.128968598952998,0.044844486834755955,0.000995388442144736,0.0004764855010753078,100.0,0.0,64.3125,3.196066918886399,1.0,0.0,3.8125,0.6343057228182637,4
633,0.45624373172391586,0.20228665672465454,0.1254793863647034,0.04211328087386027,0.0008680930886612015,0.00041147514026729784,100.0,0.0,63.8125,2.7207248574598646,1.09375,0.2633171804117612,4.25,0.9682458365518543,4
634,0.4504671130911161,0.18046244316498875,0.12641186209458588,0.037492163606982924,0.0009375669460381691,0.00047644532993219353,100.0,0.0,62.6875,3.076498618559742,1.0625,0.24206145913796356,4.1875,0.6343057228182637,4
635,0.4472929734216162,0.15979673735945776,0.12485991677844757,0.031983603111685244,0.0009526471430054514,0.0006104718779260297,100.0,0.0,63.0625,2.946793808531571,1.125,0.2795084971874737,4.0625,0.5555121510822243,4
636,0.4452059084012556,0.1536393327294944,0.1240075108209927,0.032222516666439674,0.0009084524621461273,0.000832396667863185,100.0,0.0,64.9375,2.7719296076920856,1.0,0.0,4.25,0.9682458365518543,4
637,0.44427107090904105,0.1501068389441885,0.12338323674765757,0.03224948421854498,0.0010019456620099002,0.000881757530144626,100.0,0.0,60.5,3.181980515339464,1.1875,0.3903123748998999,4.5625,0.7880950133074057,4
638,0.4541948871923137,0.14327808792020025,0.12083905254566257,0.030339940070555824,0.0011864187034964738,0.0009083305304540011,100.0,0.0,63.1875,2.5792137852454187,1.125,0.33071891388307384,4.0625,0.7473912964438374,4
639,0.48255150641544775,0.14017629999438358,0.11507305501745925,0.030976564139844065,0.0012812619360962887,0.0010063570477215735,100.0,0.0,64.0,3.7080992435478315,1.0625,0.24206145913796356,4.125,0.7806247497997998,4
640,0.5084464322238298,0.15391437271640107,0.10941769954852738,0.03408553663011433,0.001367460659477628,0.0008087655943406529,100.0,0.0,62.75,3.4550687402713134,1.0,0.0,4.25,0.6614378277661477,4
641,0.535076878238075,0.16576116312155897,0.10570556489919414,0.03493345331363541,0.0011470596987930783,0.0006815956236790333,100.0,0.0,63.6875,2.1423920626253263,1.0,0.0,4.25,0.75,4
642,0.5617783621578631,0.18010208706679645,0.10133688389417303,0.036790929695972356,0.000972069224770808,0.0005016701762600705,100.0,0.0,64.125,3.2185982973959333,1.03125,0.12103072956898178,4.0625,0.5555121510822243,4
643,0.5838175454964892,0.1895207558167534,0.09833724744887334,0.037092318112465085,0.0007688112380996595,0.0003541009384401478,100.0,0.0,64.25,3.5794552658190883,1.09375,0.2633171804117612,4.375,1.0532687216470449,4
644,0.5852602245048958,0.1843963360663308,0.09851373345323401,0.03549985242397818,0.0007759159760341535,0.0003708612476362918,100.0,0.0,61.875,3.119995993587171,1.0625,0.24206145913796356,4.25,0.4330127018922193,4
645,0.6017628231198039,0.17434067329117003,0.09532345351800704,0.034092481548425924,0.0007965469909094533,0.00047751311324038294,100.0,0.0,64.375,2.341874249399399,1.0,0.0,4.1875,0.9499177595981665,4
646,0.619304135709325,0.16881275552054656,0.09146279062999907,0.03351860042672148,0.0007471824682916593,0.0004407754642260333,100.0,0.0,62.125,2.368411915187052,1.125,0.33071891388307384,4.25,0.5590169943749475,4
647,0.6289793301145563,0.16243511551722228,0.08963685618464293,0.031060518756602335,0.0007979541623990894,0.0004597542845692456,100.0,0.0,64.5625,3.707572487490973,1.03125,0.12103072956898178,4.125,0.4841229182759271,4
648,0.655274941519711,0.1672806481906735,0.08340505431553626,0.031806907723001446,0.000834466228429275,0.0005448552591101147,100.0,0.0,63.9375,2.2211694554896075,1.0625,0.24206145913796356,4.125,0.5994789404140899,4
649,0.6612676019272761,0.16576103476463877,0.08188956920803611,0.031152246520281764,0.0008791129910085033,0.000651990609767602,100.0,0.0,63.5,3.3354160160315836,1.1875,0.3903123748998999,3.9375,0.6584783595532961,4
650,0.6738787478892723,0.16510364779702952,0.0763940854308614,0.03389122488460402,0.0010609194182365144,0.0007565515662977904,100.0,0.0,64.6875,2.3642850399222173,1.0,0.0,4.3125,0.582961190818051,4
651,0.6977681970004996,0.15925333712147208,0.07024015621940725,0.03347191064729405,0.0011186052624278526,0.0007009470873724173,100.0,0.0,64.0,2.692582403567252,1.0,0.0,4.125,0.6959705453537527,4
652,0.7128225770765796,0.15525424297220494,0.06653154384294376,0.0335105076241187,0.0011023761433992555,0.0006264838473913127,100.0,0.0,63.75,3.799671038392666,1.09375,0.2633171804117612,4.4375,0.7043392293490403,4
653,0.7378436554806851,0.1465588590015079,0.05933851895128017,0.031568371900239554,0.0012374263708591093,0.0006572192381608051,100.0,0.0,63.8125,3.9404750665370285,1.0625,0.24206145913796356,4.3125,0.6817945071647321,4
654,0.7612028513360493,0.13607116111797807,0.05244371124449468,0.03139430045171545,0.0012355092665831437,0.0006386134434381453,100.0,0.0,64.3125,3.7201940473582824,1.0625,0.24206145913796356,4.125,0.6959705453537527,4
655,0.7851988486447388,0.1202272058956931,0.0470404300774296,0.028473624422780182,0.0012071932780588113,0.0007113381299239976,100.0,0.0,63.4375,3.5172565658478767,1.0,0.0,4.25,0.6614378277661477,4
656,0.8085048162328792,0.10095072909381288,0.04226943375275922,0.024134264338058573,0.0011814397428844257,0.0005901480603543712,100.0,0.0,63.6875,2.6626760505175993,1.0,0.0,4.1875,0.7261843774138906,4
657,0.8301999183466944,0.08684942916520715,0.036282231733257606,0.02092002601588265,0.001153252330942268,0.0005291478389594588,100.0,0.0,63.6875,2.542605700850999,1.03125,0.12103072956898178,4.375,0.7806247497997998,4
658,0.8465877172521193,0.07604632292837758,0.029406478422496357,0.018672019589178263,0.0011960687029326667,0.000599454341789593,100.0,0.0,63.0625,2.703441094235271,1.0625,0.16535945694153692,4.125,0.5994789404140899,4
659,0.8613522987551313,0.06271661850014806,0.025899957549908335,0.014664674112447347,0.0011618731115301357,0.0005441344982529112,100.0,0.0,63.3125,3.565787956398978,1.1875,0.3903123748998999,4.0,0.8660254037844386,4
660,0.8726024935286771,0.051978707692269636,0.02664241398987545,0.012508278141097008,0.0010255941276409652,0.00046521478048979165,100.0,0.0,62.5625,3.7743997867210624,1.1875,0.3903123748998999,4.0625,0.8267972847076845,4
661,0.8704066799874308,0.04867968966614929,0.02523525125238917,0.014011364801847441,0.0010646339852049321,0.00048335551806019883,100.0,0.0,61.625,2.521780125229002,1.0625,0.24206145913796356,4.5,0.8660254037844386,4
662,0.8671597649892835,0.044052998841146516,0.026300153875411507,0.01125498688622539,0.0011216909317524298,0.00045638267757869576,100.0,0.0,62.1875,2.855230945125105,1.0,0.0,4.5,0.9354143466934853,4
663,0.8621404418817165,0.04212104047403157,0.030190347092739912,0.01238042538841208,0.001050555476983637,0.0004689181539646598,100.0,0.0,64.125,2.8256636388643286,1.0625,0.24206145913796356,4.375,0.8569568250501305,4
664,0.8516289231471523,0.040817214919683584,0.03479157387205219,0.013191339814842754,0.0010250085186098894,0.0004176316031996301,100.0,0.0,62.625,2.2325713874364688,1.125,0.33071891388307384,4.0625,0.42847841252506524,4
665,0.8433065373173998,0.04231558884796833,0.039129710695522874,0.015022985059214325,0.0009478590143289327,0.00038165329034371606,100.0,0.0,64.0,2.622022120425379,1.0,0.0,4.0625,0.5555121510822243,4
666,0.829620864466521,0.053661685050637876,0.042912650836897284,0.01773681679991228,0.0009277156078808262,0.0003541491147472839,100.0,0.0,63.75,2.9895651857753496,1.03125,0.12103072956898178,4.3125,0.7680128579652817,4
667,0.8128945940251782,0.07145676012122867,0.04892775108098472,0.02039294689094386,0.0008402276358666491,0.00032131833579132217,100.0,0.0,63.375,3.822221212855164,1.15625,0.34089725358236606,3.9375,0.6584783595532961,4
668,0.7895800394945018,0.08568645176836776,0.053876804629433006,0.022722612928259105,0.0008661545045656844,0.0003541969148279498,100.0,0.0,63.875,2.9973947020704497,1.0,0.0,4.3125,1.1021995055342748,4
669,0.7578481000962993,0.09576145118005833,0.06128745574408297,0.022625926283240092,0.0008913416601904775,0.0004453208193828676,100.0,0.0,64.1875,2.7207248574598646,1.0,0.0,4.3125,0.6817945071647321,4
670,0.7318114862310716,0.09322694116810487,0.06791550496688414,0.019484032995815706,0.0009013666904847829,0.000473747975545258,100.0,0.0,63.0625,3.2106998847603307,1.0625,0.24206145913796356,4.0625,0.5555121510822243,4
671,0.7051940049048335,0.09522199799121653,0.07287026896195284,0.019582467701453003,0.0009738966143783025,0.0006068010126698432,100.0,0.0,63.0625,2.164161211647598,1.0,0.0,4.375,0.5994789404140899,4
672,0.6802342113020547,0.10272961854022336,0.0776499375645904,0.0213594887401664,0.0010346059264725082,0.0005747621849105272,100.0,0.0,62.9375,2.3040385738958453,1.03125,0.12103072956898178,4.125,0.6959705453537527,4
673,0.6444336220127718,0.11278618709198227,0.08493991071460566,0.024400006528390916,0.0009839689457911496,0.0004051846496364902,100.0,0.0,62.5,3.640054944640259,1.125,0.33071891388307384,4.3125,0.582961190818051,4
674,0.6194973382755188,0.11782833907298992,0.09012958077450964,0.02385685193997407,0.0009604684294195374,0.00044433829844741523,100.0,0.0,63.75,2.9895651857753496,1.0625,0.24206145913796356,4.375,0.5994789404140899,4
675,0.5944455602281669,0.12305395860527642,0.09490604487153982,0.024745061967746375,0.0010320534969164913,0.00044128766825879835,100.0,0.0,62.8125,2.650913757556062,1.125,0.33071891388307384,4.5625,0.7880950133074057,4
676,0.5777759125850829,0.13678684258335994,0.09840031839506225,0.02700729016334925,0.0010264532166159562,0.00039743613525526975,100.0,0.0,62.8125,2.530285309999645,1.0,0.0,4.4375,0.6091746465505602,4
677,0.54570993878603,0.13906607053393336,0.10584408926871439,0.026349355084640015,0.0009523943706363466,0.0004245912506985675,100.0,0.0,63.625,2.315032397181517,1.0625,0.16535945694153692,4.1875,0.7261843774138906,4
678,0.5157667227092713,0.1409672299418312,0.11166166687001286,0.02643155586357618,0.000908108608966588,0.0004516665886837786,100.0,0.0,63.375,2.8256636388643286,1.0,0.0,4.125,0.7806247497997998,4
679,0.479028630441575,0.13762468687842944,0.11843518739926198,0.025505506627838008,0.0009364219603914868,0.0005938478276514506,100.0,0.0,61.75,3.648629879831606,1.1875,0.34798527267687634,4.1875,0.5266343608235224,4
680,0.44540296913969774,0.13003782083034449,0.12478454579553606,0.02406512332695905,0.001003966763310788,0.0006858998392891554,100.0,0.0,64.5,3.181980515339464,1.0,0.0,4.3125,0.982264602843857,4
681,0.4182612883410501,0.12081798606028385,0.13145783322626242,0.02262777789515171,0.0010621173545846243,0.0008155982306818104,100.0,0.0,63.5625,3.1616599674854347,1.0,0.0,4.5,0.7905694150420949,4
682,0.403066665294199,0.14245217473491217,0.1354046687589922,0.02795994730634724,0.0009632345448232616,0.00055875902998796,100.0,0.0,63.8125,3.358175658002422,1.0,0.0,4.625,0.9270248108869579,4
683,0.38248350021774,0.14160872726016013,0.1405856512470069,0.028619452921461928,0.0008697492986391889,0.0004448138879321201,100.0,0.0,63.4375,2.8497532787944992,1.0,0.0,4.3125,0.7680128579652817,4
684,0.37326029254093274,0.12524302821974867,0.14284000469697739,0.026449562068121376,0.001063746426834081,0.0005822280125074615,100.0,0.0,64.0,2.958039891549808,1.0625,0.24206145913796356,4.125,0.7806247497997998,4
685,0.3808517830846988,0.12607218535724027,0.14117599870482186,0.026919278967451724,0.0011712484826264398,0.0007501139876258151,100.0,0.0,64.5,1.9039432764659772,1.0,0.0,4.1875,0.5266343608235224,4
686,0.3965556809577262,0.166562781678894,0.13871995776011692,0.034001667103207976,0.0009972407694076684,0.0006092949344441833,100.0,0.0,64.4375,2.8277365064659046,1.03125,0.12103072956898178,4.125,0.6959705453537527,4
687,0.3706530920937974,0.17223779697749242,0.14413850916413207,0.03492924808724536,0.0008305083968147929,0.0005419590026408523,100.0,0.0,63.125,2.9553976043842223,1.0,0.0,4.5625,1.0588171466310885,4
688,0.3337291235384622,0.17086131960782816,0.15226201089803998,0.03720569198605458,0.0008584780632106043,0.0007129834711650054,100.0,0.0,64.125,3.059309562630104,1.03125,0.12103072956898178,4.0,0.7905694150420949,4
689,0.2932662772364271,0.14131787812399685,0.1613322949859754,0.035199031412343,0.000998804583962245,0.0008504113626434076,100.0,0.0,63.4375,3.7243917288598953,1.0625,0.24206145913796356,4.4375,1.0588171466310885,4
690,0.2701433044770003,0.12173852236316218,0.16572815298017896,0.031828871480926356,0.0009562089738686865,0.0006594274603559391,100.0,0.0,63.0,2.345207879911715,1.0625,0.24206145913796356,4.125,0.5994789404140899,4
691,0.25066623647216646,0.11641967088388593,0.17045525538594714,0.031044766464081695,0.000906375980704632,0.0006009452498520575,100.0,0.0,62.5625,3.2590019561209225,1.0625,0.24206145913796356,4.375,1.0532687216470449,4
692,0.2318875954602717,0.10275132920650698,0.17493820574045746,0.02600143573549716,0.0009796105674852744,0.0004410860465417571,100.0,0.0,64.5,3.872983346207417,1.0625,0.16535945694153692,4.125,0.7806247497997998,4
693,0.2393493960645816,0.10104728488825711,0.17293116497669736,0.024648382289480762,0.0010858845121846342,0.0006309295361726885,100.0,0.0,63.8125,3.0866395562164364,1.0625,0.24206145913796356,4.375,0.8569568250501305,4
694,0.24179500971244552,0.10545590013906651,0.1723637897207909,0.025433318886913633,0.001230545102296014,0.000815635464130955,100.0,0.0,64.5,2.1213203435596424,1.0,0.0,3.875,0.4841229182759271,4
695,0.2441066090874015,0.13062009533840868,0.17151853096759304,0.031266638193064064,0.001209610831307563,0.000820623096575248,100.0,0.0,62.5,2.715695122800054,1.09375,0.2633171804117612,4.25,0.5590169943749475,4
696,0.23621854213495064,0.13939383877556366,0.17656106878906158,0.03597192612259937,0.0014328927037680161,0.0009958719812343374,100.0,0.0,63.25,3.25,1.0625,0.24206145913796356,4.0625,0.6584783595532961,4
697,0.2466772317738179,0.15695647749540825,0.17452808434471717,0.04042541606057287,0.0010852050620306125,0.0008059213749261698,100.0,0.0,63.6875,2.4165768661476505,1.125,0.33071891388307384,4.0625,0.6584783595532961,4
698,0.23063390675403828,0.14452725570722744,0.178405678261363,0.03808205406162208,0.001001634395780611,0.0005409617281432152,100.0,0.0,62.4375,2.8497532787944992,1.03125,0.12103072956898178,4.75,0.75,4
699,0.2278465462011099,0.11771207946381801,0.18016748913581815,0.03157078464588492,0.0010732999731232836,0.0007962358141829036,100.0,0.0,63.5,3.3726843908080104,1.0625,0.24206145913796356,4.0,0.8660254037844386,4
700,0.2608139572493143,0.14279860927358337,0.17100334806397297,0.03427174407255966,0.0010153014754213394,0.0005833184570730705,100.0,0.0,62.9375,2.838766237293941,1.0625,0.24206145913796356,4.5,0.7905694150420949,4
701,0.25758903365077435,0.1479138357205751,0.1714578900096792,0.035591573974915774,0.0007991921881575284,0.00046389427542998645,100.0,0.0,62.3125,3.600672680208519,1.125,0.33071891388307384,4.375,0.7806247497997998,4
702,0.2535711742733793,0.150602370392419,0.17317146984201903,0.03717541083986175,0.0008333794000176661,0.0005222561546405565,100.0,0.0,64.375,2.666341125962693,1.0,0.0,4.25,1.0897247358851685,4
703,0.24297470359519469,0.1467560488829411,0.177376043506873,0.03774424662366639,0.0009242524228153695,0.0006241073223566764,100.0,0.0,63.6875,2.2836032383056386,1.0,0.0,4.0625,0.6584783595532961,4
704,0.255231272809171,0.1332567353034049,0.17108059324440128,0.03293454743920395,0.000851356424768699,0.0007350014108194136,100.0,0.0,63.0,3.142451272494134,1.125,0.33071891388307384,4.375,0.8569568250501305,4
705,0.23919495589572345,0.13847181597380587,0.1756509096327473,0.03811862258493666,0.0008125372974533327,0.0008610918875779906,100.0,0.0,63.0,2.692582403567252,1.03125,0.12103072956898178,4.25,0.5590169943749475,4
706,0.22503930459169172,0.1396957302493666,0.17995724515146497,0.04019850763829533,0.0008380734472892869,0.000850178758349598,100.0,0.0,62.4375,3.0407390137925354,1.0,0.0,4.1875,0.6343057228182637,4
707,0.2166103625667676,0.12855240611501206,0.18070488603807433,0.035717536953233014,0.0007421520140448278,0.00046456772519176275,100.0,0.0,63.375,3.42554740151118,1.125,0.33071891388307384,4.0625,0.6584783595532961,4
708,0.19981539044939678,0.11599612567914341,0.18495378672534826,0.032909361346961506,0.000785995735477391,0.0006049390143620024,100.0,0.0,63.25,2.358495283014151,1.0625,0.24206145913796356,4.125,0.4841229182759271,4
709,0.185632019169369,0.11838492735629778,0.18978761989251758,0.03294321737602228,0.0009609780015145603,0.0006306502270110543,100.0,0.0,62.4375,3.2971341722774947,1.125,0.33071891388307384,4.1875,0.8076779989575054,4
710,0.1777791507633762,0.13263682396016288,0.19443595106888406,0.03600389415130727,0.000758543719846375,0.0005352111183449729,100.0,0.0,63.3125,2.567069097239106,1.0,0.0,4.1875,0.6343057228182637,4
711,0.17499382094683955,0.13741186273052458,0.19633835927236748,0.03771051544042138,0.0006179681200285828,0.00040103739847089325,100.0,0.0,63.0625,3.613667631368441,1.125,0.33071891388307384,4.0625,0.6584783595532961,4
712,0.1697963153128404,0.11304249896197842,0.19610894698896586,0.03259652984460573,0.0006550455053066084,0.0003787275316263087,100.0,0.0,63.3125,2.6860461183680373,1.09375,0.2633171804117612,4.25,0.75,4
713,0.17473122364749824,0.10947695525496223,0.1942095361380271,0.03145320562482335,0.0008192155584183936,0.0008688688623457938,100.0,0.0,62.4375,2.8716012519150356,1.09375,0.2633171804117612,4.3125,0.8454843286542927,4
714,0.18505392924624,0.14585377378628353,0.19059455431816347,0.03498767062828157,0.0010037214539813572,0.000723435293139304,100.0,0.0,65.4375,3.353519606324078,1.0,0.0,4.1875,0.8076779989575054,4
715,0.17976613754903267,0.14249430234667837,0.19197902499057207,0.03481292741942552,0.0010658175685804615,0.0008356788478175974,100.0,0.0,64.125,2.54644359843292,1.0,0.0,4.3125,0.46351240544347894,4
716,0.17273566645229968,0.12891954542522985,0.19462506181199635,0.03363261104488428,0.000790927700555081,0.0006225112776925488,100.0,0.0,63.75,2.25,1.03125,0.12103072956898178,4.1875,0.6343057228182637,4
717,0.1772827299833471,0.1078380427060213,0.19226864782919353,0.029971919968440595,0.0008841367425520032,0.0006492831088322006,100.0,0.0,62.625,2.8695600708122493,1.0625,0.24206145913796356,4.25,0.9013878188659973,4
718,0.18368453807006702,0.0950600660210101,0.18784594146747435,0.025701036537160056,0.0009438086360131263,0.0007170675610604015,100.0,0.0,63.25,2.25,1.0625,0.24206145913796356,3.8125,0.6343057228182637,4
719,0.1860294006870099,0.09334462533857593,0.18800566703056082,0.02593198846845854,0.0009106384839704735,0.0008514455198677495,100.0,0.0,64.0,3.3166247903554,1.09375,0.2633171804117612,4.1875,0.5266343608235224,4
720,0.20155444232019248,0.13695568789527235,0.1869588882862847,0.035465937013520805,0.0011197878107378012,0.0013142432677791447,100.0,0.0,63.5625,1.9675095298371492,1.0,0.0,4.25,0.5590169943749475,4
721,0.22616354675629724,0.20165450866627205,0.1835568588880783,0.04801414788876821,0.0009575315600716545,0.000758418010305636,100.0,0.0,63.625,2.1469455046647083,1.03125,0.12103072956898178,4.5,0.5,4
722,0.25410186844466154,0.21085668377916786,0.17407948159127978,0.0472918474577328,0.0011305442778529826,0.0006812238744491454,100.0,0.0,63.0625,3.1715286140913186,1.0625,0.24206145913796356,4.375,0.5994789404140899,4
723,0.26101995051567073,0.18011767432194084,0.1689463213909467,0.04065518043292356,0.0009690446252476844,0.0006898007529991931,100.0,0.0,63.1875,2.603333199957316,1.0625,0.24206145913796356,4.4375,0.7880950133074057,4
724,0.2528943822804354,0.1575195218615547,0.17199423947688625,0.03786874912313503,0.0009274588048330713,0.0006408532406435522,100.0,0.0,63.4375,2.5731486062798625,1.125,0.33071891388307384,4.25,1.0897247358851685,4
725,0.260147137709038,0.15838910685484398,0.16942494714204848,0.038650355874454506,0.0009288983125427559,0.0007237959701373322,100.0,0.0,63.125,3.3330729064933458,1.09375,0.2633171804117612,4.375,0.8569568250501305,4
726,0.27274010687087114,0.1819878442835843,0.16740447931221486,0.043706253181818096,0.0010912638306593923,0.0009003287665684423,100.0,0.0,62.5625,3.427257467713799,1.1875,0.34798527267687634,4.0625,0.7473912964438374,4
727,0.285553944241881,0.18913134590029895,0.16293806679683936,0.04222223968461291,0.0014392463502217463,0.0017553367853482909,100.0,0.0,62.875,2.912795049432761,1.03125,0.12103072956898178,4.0625,0.7473912964438374,4
728,0.2865401614097062,0.17687173280692267,0.16242399475797362,0.04128334199788335,0.001476162565696576,0.0020314401161469283,100.0,0.0,63.25,3.491060010942235,1.0625,0.24206145913796356,4.3125,0.582961190818051,4
729,0.2961148198757722,0.16119117718420808,0.15893441598398553,0.03532147261802695,0.0013215468176370191,0.001503913262449887,100.0,0.0,63.25,2.5124689052802225,1.09375,0.2633171804117612,4.5625,0.7880950133074057,4
730,0.31096527732903506,0.15471882814422427,0.15479812294809178,0.03335537738890358,0.0013895973167516666,0.0014129838884743432,100.0,0.0,63.25,3.072051431861127,1.0625,0.24206145913796356,4.1875,0.7261843774138906,4
731,0.3347329298275534,0.1636889377320568,0.15021890124110387,0.03459937264702606,0.0012616730226372038,0.0010385320946555499,100.0,0.0,63.5,3.2015621187164243,1.0,0.0,4.125,0.7806247497997998,4
732,0.3491783763566584,0.16774462472202775,0.14656637806453438,0.03525770466302241,0.0012255087447925945,0.0009927280293749088,100.0,0.0,63.6875,2.7549671050667737,1.0625,0.24206145913796356,4.0,0.7071067811865476,4
733,0.3661490256916354,0.16639728842961723,0.1429062784128854,0.0362528983704621,0.0010790825832714657,0.000983140914831836,100.0,0.0,62.9375,5.1656164927334665,1.125,0.33071891388307384,4.5,0.6123724356957945,4
734,0.3796166211025861,0.1674054222454807,0.1399645502681447,0.03730664203668387,0.0010248900248158552,0.0007675442715791072,100.0,0.0,62.75,3.4550687402713134,1.0,0.0,4.1875,0.6343057228182637,4
735,0.39520177168952936,0.15923265296114092,0.1368988341390142,0.034955788833082854,0.0009559627324424989,0.0007222202647627505,100.0,0.0,62.0625,2.6093282181435127,1.21875,0.39404750665370286,4.1875,0.6343057228182637,4
736,0.4073892931149219,0.1619876385935673,0.1346518573386986,0.035498595090101524,0.0008814045682276208,0.0005707097288846665,100.0,0.0,63.9375,2.6093282181435127,1.0,0.0,3.8125,0.3903123748998999,4
737,0.41748901093669455,0.1599942501352238,0.13176632655899972,0.036133551163152124,0.0009818260480747333,0.0007224117089681311,100.0,0.0,63.8125,3.3395125018481364,1.03125,0.12103072956898178,4.5625,0.8637671850678283,4
738,0.4334993194006499,0.1379882230411999,0.12864546064893334,0.03031664872841557,0.0010477369114374152,0.0008187006115942122,100.0,0.0,63.625,3.4072532926097527,1.0,0.0,4.1875,0.7261843774138906,4
739,0.47162762566897515,0.13845979105851755,0.12096572412028035,0.028920884228771284,0.0010615857115265498,0.0008168009927886337,100.0,0.0,64.375,3.2379584617471546,1.0625,0.24206145913796356,4.0625,0.6584783595532961,4
740,0.5007825712103371,0.15699604903773434,0.11576556457656695,0.031104142121475806,0.0008857993991192464,0.000485418905973342,100.0,0.0,64.8125,2.8986796563263075,1.0,0.0,4.375,0.4841229182759271,4
741,0.5376957717806157,0.18136322182884865,0.10842202738655743,0.03477124931552723,0.0008251179543508011,0.0005873764002038447,100.0,0.0,62.875,3.7728470681966426,1.0625,0.24206145913796356,4.5625,0.7880950133074057,4
742,0.5621409350434989,0.19031440729873528,0.10305316037492997,0.03672880869718826,0.0008461825494564708,0.0007780886138084239,100.0,0.0,62.9375,2.1350863565673404,1.09375,0.2633171804117612,4.5625,0.6091746465505602,4
743,0.5859788436097719,0.18420101908482764,0.09743980234773618,0.035532492909482266,0.0008555388139359738,0.0007584610764966886,100.0,0.0,65.0,2.7386127875258306,1.0,0.0,4.125,0.6959705453537527,4
744,0.6008266732318466,0.16909178150102586,0.09387697481390427,0.03367219704080902,0.0009374855462189059,0.0008198364086878678,100.0,0.0,62.9375,2.7492896809903464,1.09375,0.2633171804117612,4.375,0.7806247497997998,4
745,0.6358867154280525,0.1412151169486741,0.08535569692304272,0.030918579609028454,0.0010141716414333066,0.000727800737499457,100.0,0.0,64.1875,3.1862742741327215,1.125,0.33071891388307384,4.0625,0.6584783595532961,4
746,0.6520333691938311,0.13439423928209882,0.08161906319739261,0.03084954778893039,0.0009930096176824716,0.0007152922016537235,100.0,0.0,63.0,2.0,1.0,0.0,4.1875,0.3903123748998999,4
747,0.6720543264082408,0.1234120483036242,0.07789909580336521,0.0269125971493529,0.0010506683911948782,0.0007439550595520746,100.0,0.0,63.125,3.550968177835448,1.0,0.0,4.625,0.9270248108869579,4
748,0.6993214645612393,0.11942639585178252,0.07349871625956955,0.025012415337710068,0.0009496630460202929,0.0006750502589715695,100.0,0.0,62.75,3.3634060117684275,1.125,0.33071891388307384,4.5,0.7071067811865476,4
749,0.7256189906502473,0.11957988415338915,0.06780736958626729,0.025659981992510388,0.0009115348061995631,0.0007796878204758763,100.0,0.0,63.75,2.48746859276655,1.0,0.0,4.1875,0.5266343608235224,4
750,0.7453492765624083,0.10985242741696781,0.06368740752621616,0.024858845238907943,0.000892365360154302,0.0006908611315975022,100.0,0.0,63.4375,3.316035848720577,1.09375,0.2633171804117612,4.3125,0.6817945071647321,4
751,0.7718753690270899,0.1031065155763284,0.05731532402600435,0.024382236699984298,0.0008829088911516146,0.0007379900445443228,100.0,0.0,64.0625,2.6093282181435127,1.0625,0.24206145913796356,3.875,0.5994789404140899,4
752,0.7923798223090498,0.08984805871691097,0.05344636589882756,0.024465211337425154,0.000800742376162895,0.0005578296007994719,100.0,0.0,64.25,2.883140648667699,1.0,0.0,4.125,0.4841229182759271,4
753,0.8129947969169136,0.08694776642323196,0.04687100100526663,0.02452825277891463,0.0008558333507688901,0.0005095240002581434,100.0,0.0,62.625,3.3517719194479807,1.15625,0.34089725358236606,4.0625,0.7473912964438374,4
754,0.8224414254555448,0.0869612808500803,0.04363612926970718,0.024588705350936584,0.0008900725595181215,0.000553730625767013,100.0,0.0,62.5,3.6742346141747673,1.21875,0.39404750665370286,4.4375,1.1162856937182344,4
755,0.8412311130090204,0.07593460001166066,0.03874440004536558,0.02077482073306179,0.0008968806504616306,0.0005618351303928824,100.0,0.0,63.5,3.181980515339464,1.0,0.0,4.125,0.4841229182759271,4
756,0.8602156014285984,0.06532959637752198,0.03359454187395301,0.0181031772936926,0.0008716566826117195,0.00041959331833235994,100.0,0.0,62.25,2.331844763272204,1.0,0.0,4.625,0.9270248108869579,4
757,0.8740428659662285,0.059686610752441444,0.030092653631764495,0.015199973746871674,0.0008520291057201315,0.0003175899442024065,100.0,0.0,63.5,2.8722813232690143,1.15625,0.34089725358236606,4.0625,0.8267972847076845,4
758,0.8823265079285023,0.04954657875117517,0.026403014807064272,0.013524415153829194,0.0008759364955475261,0.0002923934403054514,100.0,0.0,62.4375,2.714975828621684,1.1875,0.34798527267687634,3.9375,0.6584783595532961,4
759,0.8871851347473911,0.04502349217422147,0.02545029048489278,0.01370681539484766,0.0008441891163176694,0.00023269543072247057,100.0,0.0,64.375,2.496873044429772,1.0625,0.24206145913796356,4.25,1.1989578808281798,4
760,0.8853319441327185,0.03659210712469121,0.026192402740705896,0.013081644218871697,0.0008623887790337378,0.00025575682085945923,100.0,0.0,63.75,3.072051431861127,1.09375,0.2633171804117612,4.1875,0.7261843774138906,4
761,0.8819041225967044,0.0298419494101931,0.02777451936535661,0.01311217830082536,0.0008526657367225387,0.0003131061006390364,100.0,0.0,62.1875,5.077139327416572,1.21875,0.39404750665370286,4.0625,0.6584783595532961,4
762,0.8732666969094468,0.039949382904221946,0.03143497686943348,0.012765102531404626,0.0008627210646727645,0.00036707002871558974,100.0,0.0,62.0,4.031128874149275,1.1875,0.3903123748998999,4.0625,0.8267972847076845,4
763,0.8662330735785766,0.04606041975959861,0.03335639525895086,0.013175004595819146,0.0008816646614933851,0.00037144493250789823,100.0,0.0,63.75,3.25,1.0625,0.24206145913796356,4.1875,0.5266343608235224,4
764,0.8555760120499872,0.05594344059039502,0.03752307325780421,0.014901163153595283,0.000851751856345614,0.0002975756985961204,100.0,0.0,62.75,1.8540496217739157,1.0,0.0,4.0,0.3535533905932738,4
765,0.8414787708609877,0.06501559843289466,0.04250787455489338,0.01652661169076122,0.0008400465679434795,0.00028526551640795897,100.0,0.0,64.0,2.3979157616563596,1.0,0.0,4.0625,0.6584783595532961,4
766,0.8352284351458683,0.07298008393449351,0.045320856108924445,0.017535060568560492,0.0007983122159235685,0.00024587175615929365,100.0,0.0,63.875,2.394655507583502,1.125,0.33071891388307384,4.0625,0.42847841252506524,4
767,0.8175224103215311,0.08404597016759323,0.04988332535208125,0.0198157204387325,0.0007813935699206552,0.0002528361459281216,100.0,0.0,63.125,3.276335605520289,1.125,0.33071891388307384,4.125,0.5994789404140899,4
768,0.7985753801476589,0.09386404141708524,0.055588629632431774,0.020269359082747507,0.0007281469192534447,0.00025177461551784933,100.0,0.0,63.3125,2.4677608777999542,1.0,0.0,4.0,0.6123724356957945,4
769,0.776936554679232,0.09021869360969564,0.0610161933607085,0.017867168253893558,0.0007263457503847948,0.00027465497334347184,100.0,0.0,63.75,2.537222891273055,1.0,0.0,4.25,0.75,4
770,0.7398776486567537,0.09259102995089329,0.06900846199923844,0.017140476582630727,0.0007363439724326654,0.00036450422837101224,100.0,0.0,63.125,3.3888604279314896,1.0,0.0,4.375,0.9270248108869579,4
771,0.7012444143355795,0.09055401794075073,0.07723653797492683,0.016146422197520983,0.0007410874667458951,0.00043550033046329157,100.0,0.0,64.1875,3.5216961467452017,1.09375,0.2633171804117612,4.3125,0.8454843286542927,4
772,0.6669551670830345,0.07716626839654542,0.08262259833232535,0.014533970859132378,0.0008649221263353014,0.00042807854255784303,100.0,0.0,64.75,2.968585521759479,1.0,0.0,4.1875,0.8076779989575054,4
773,0.6260972387074177,0.0739402790544847,0.09087890294817697,0.013254236262663255,0.0008502802141408749,0.0004851019132425752,100.0,0.0,63.5,4.257346591481601,1.125,0.33071891388307384,4.1875,0.8076779989575054,4
774,0.5894009609911117,0.07656929483246573,0.09793953326437103,0.013600919689485024,0.0008648496295132975,0.00047584690507911456,100.0,0.0,63.9375,3.1118473211261506,1.0,0.0,4.0625,0.7473912964438374,4
775,0.5568817524842948,0.08469097996866384,0.10355637551311532,0.01516133696258388,0.0009130671562766211,0.00044871737091609055,100.0,0.0,63.1875,2.7436005084559962,1.0,0.0,4.125,0.5994789404140899,4
776,0.531845113311324,0.08515184747124768,0.10657639383270304,0.01562047820783226,0.0011198555893815155,0.0005471268323143009,100.0,0.0,63.1875,2.429473965697101,1.0,0.0,4.125,0.6959705453537527,4
777,0.5046236059990921,0.09522360763363322,0.11129740660008175,0.018579470406489947,0.0012383729128164112,0.0006438289345847551,100.0,0.0,62.625,3.0998991919093113,1.125,0.33071891388307384,4.5,0.7905694150420949,4
778,0.49138440055774496,0.11555586650529819,0.11533695578791583,0.02157036710301156,0.0012040380039158695,0.0005480691623739406,100.0,0.0,62.3125,2.6390990413396764,1.15625,0.34089725358236606,4.0,0.6123724356957945,4
779,0.4888540801622769,0.14364509288231428,0.11656801815704218,0.02616648028776307,0.0011617114117352984,0.0006047090763662955,100.0,0.0,63.8125,2.1277555663186503,1.0625,0.24206145913796356,4.1875,0.8076779989575054,4
780,0.46717489302908655,0.16736422458734387,0.12146263080541914,0.030469855980291942,0.0009534645272827379,0.0006454068982801733,100.0,0.0,63.6875,3.7867986149252775,1.125,0.33071891388307384,4.25,0.6614378277661477,4
781,0.43514412685411724,0.15838052074348424,0.12808989026134593,0.029112336444478398,0.0010416636049213155,0.0008075138785087439,100.0,0.0,64.0625,2.838766237293941,1.0,0.0,4.125,0.6959705453537527,4
782,0.41410500641026926,0.14501346133761792,0.13187314694797872,0.02706715040542432,0.0011736947881702696,0.0009814186447637922,100.0,0.0,63.125,2.4717149916606487,1.0,0.0,4.4375,0.7043392293490403,4
783,0.4002167721421247,0.12602045561901554,0.1337341728143564,0.02529630315515754,0.0013633057491394362,0.0011813288732090363,100.0,0.0,63.1875,3.8441310786704452,1.125,0.33071891388307384,4.0,0.3535533905932738,4
784,0.383546764916332,0.10811594179179083,0.1366307015936602,0.02264455271644118,0.0012954470008370608,0.0007787036521151302,100.0,0.0,64.375,2.6190408549696205,1.0,0.0,3.875,0.5994789404140899,4
785,0.36482777507845554,0.10611133261695588,0.14159045805379972,0.0227393067290745,0.0010190977008196441,0.0006108707193632817,100.0,0.0,64.1875,2.242173889331512,1.0,0.0,4.1875,0.6343057228182637,4
786,0.33334410541486836,0.09315429852927624,0.14762354106335646,0.020897493317636438,0.0010273134839563144,0.0007005874099341664,100.0,0.0,62.5,3.278719262151,1.03125,0.12103072956898178,4.4375,0.7043392293490403,4
787,0.30145228600126694,0.08642644041805167,0.15464788143599534,0.021647488144224507,0.0011307624633956261,0.0006517876369332291,100.0,0.0,64.25,2.165063509461097,1.0,0.0,4.0625,0.42847841252506524,4
788,0.2861393200390121,0.10074487999734745,0.1592735909094553,0.024764484964233575,0.0012079831543323099,0.0006967879806434931,100.0,0.0,64.6875,2.6626760505175993,1.0,0.0,4.0625,0.7473912964438374,4
789,0.2822825347418493,0.12787974596581927,0.16129920337546105,0.030460205199041475,0.001329337948606364,0.0008582401469918278,100.0,0.0,64.75,2.704163456597992,1.0,0.0,4.0,0.7071067811865476,4
790,0.2872840580574464,0.1631572019750732,0.16161129053835077,0.03519658307931425,0.0013048406953021564,0.0007612818023499407,100.0,0.0,64.0,3.391164991562634,1.09375,0.2633171804117612,4.125,0.7806247497997998,4
791,0.285276508043254,0.17734720638215778,0.16340846734564013,0.03701313139327325,0.0012613059993031176,0.0007374031208106913,100.0,0.0,63.0625,2.9255074346171126,1.0,0.0,4.3125,0.8454843286542927,4
792,0.2818917246172255,0.16398647499089786,0.16444824777882544,0.035086963008626945,0.0011447775684872872,0.0006506600622978759,100.0,0.0,61.875,2.6896793489187516,1.1875,0.3903123748998999,4.4375,1.0588171466310885,4
793,0.2852994354295426,0.17366834743434517,0.1652718505162864,0.03928842350640411,0.0010219506709132065,0.0007061769453168374,100.0,0.0,62.125,2.8476964374736293,1.1875,0.3903123748998999,4.125,0.6959705453537527,4
794,0.26499918181768223,0.17115081174162114,0.1719720891493905,0.0431511721255816,0.0007241197367247617,0.0004916944476075477,100.0,0.0,64.9375,3.4363634484728185,1.125,0.33071891388307384,4.1875,0.6343057228182637,4
795,0.25818217233910645,0.1576246876427699,0.17230265745317963,0.03896823063404795,0.0010439140616950303,0.0006548164849125227,100.0,0.0,63.8125,2.833256739160784,1.0625,0.24206145913796356,4.3125,0.582961190818051,4
796,0.26635768616827826,0.15783611415578397,0.17130888916806042,0.03764692643916934,0.0009513889259905063,0.0003997290076336366,100.0,0.0,64.1875,4.503037169511262,1.125,0.33071891388307384,4.125,0.5994789404140899,4
797,0.2618350386500291,0.14972294819032758,0.1723907873846058,0.03754081703207419,0.0008403443431209487,0.0004989876337558507,100.0,0.0,62.5625,3.334830392988525,1.125,0.33071891388307384,4.4375,0.7043392293490403,4
798,0.25447243889753784,0.1204607173238936,0.1705660957743051,0.0310391301169192,0.0006623729903635278,0.0003500411747810628,100.0,0.0,62.75,3.092329219213245,1.0,0.0,4.625,0.6959705453537527,4
799,0.22425298383314018,0.09999909378267315,0.17765741846051258,0.02719806703365935,0.0006417770212401234,0.00045751774626376693,100.0,0.0,63.125,2.496873044429772,1.0,0.0,4.4375,0.7043392293490403,4
800,0.20631210669709427,0.09084950002063252,0.18223699801770232,0.027790078598276903,0.0007237540339467773,0.0003828444125031587,100.0,0.0,64.0,3.1024184114977142,1.03125,0.12103072956898178,4.375,0.4841229182759271,4
801,0.1923594479785034,0.07807629442759273,0.18479918030209513,0.023808781421078867,0.0008822339738173873,0.00047855025078971176,100.0,0.0,63.0,1.7677669529663689,1.0,0.0,4.1875,0.6343057228182637,4
802,0.1721472126405078,0.06888135124313258,0.18971981339115346,0.02022027123123114,0.000869930912369397,0.0006647612764936376,100.0,0.0,63.625,3.2185982973959333,1.125,0.33071891388307384,4.0,0.8660254037844386,4
803,0.15242062983794324,0.05637258903641993,0.19737464320731812,0.018336893915269308,0.0006763316280085177,0.0004958990638901086,100.0,0.0,63.5,3.29772648956823,1.09375,0.19515618744994995,4.125,0.5994789404140899,4
804,0.15405410209062936,0.056676396319548475,0.19770048126035497,0.016897362519330408,0.0007327333862746389,0.0005449951279062681,100.0,0.0,63.8125,3.106822130409142,1.09375,0.2633171804117612,3.75,0.5590169943749475,4
805,0.14906230587730873,0.06466683244340381,0.19871963586717828,0.020208861926912843,0.0006726834401757174,0.0003780679657735555,100.0,0.0,62.4375,3.3721052400540525,1.09375,0.2633171804117612,4.625,1.1110243021644486,4
806,0.1376554102105299,0.05543310234283188,0.20048452840268388,0.0179165356579347,0.0006935997405249489,0.0006311884595864995,100.0,0.0,64.0,3.48209706929603,1.0625,0.24206145913796356,4.0625,0.6584783595532961,4
807,0.11827180606672621,0.059478792707714084,0.2096050394332006,0.018898837432114356,0.0009156927155979876,0.0007719956375390405,100.0,0.0,63.6875,2.2560682059725057,1.0,0.0,4.4375,0.7043392293490403,4
808,0.14492840083558547,0.09680144103313532,0.20138710301679472,0.024452765371023318,0.0009094784191798962,0.0007576037162870756,100.0,0.0,63.6875,2.3642850399222173,1.0,0.0,4.25,0.75,4
809,0.14234949374503936,0.11718806220411596,0.20406748836951444,0.028858169077020955,0.0007887440802859124,0.0006732259774948078,100.0,0.0,64.4375,3.2590019561209225,1.0,0.0,4.375,0.5994789404140899,4
810,0.1432892626700896,0.11427537480262827,0.20561422552172529,0.032521718340972665,0.0006948467266038125,0.0005689016354982824,100.0,0.0,63.25,2.680951323690902,1.0,0.0,4.375,0.9270248108869579,4
811,0.16422763093522458,0.09608017089843723,0.1955294271289661,0.0280216380536053,0.0009704172102212752,0.0011097605986493233,100.0,0.0,63.125,2.9764702249476644,1.0,0.0,4.25,0.75,4
812,0.17141134746939007,0.08686643507673562,0.19239876739365475,0.024706405004611194,0.0009814301267870504,0.0008639179734224253,100.0,0.0,64.25,3.7165171868296265,1.0625,0.24206145913796356,4.0,0.8660254037844386,4
813,0.19145838211991004,0.11275586863664164,0.188101795406557,0.031881307743378745,0.0009942381731524743,0.001277932074420271,100.0,0.0,63.5,2.8284271247461903,1.0,0.0,4.375,1.0532687216470449,4
814,0.19843341707896267,0.14202190494071942,0.18583321124166896,0.03600873476628232,0.0008345792045583093,0.000766104990963701,100.0,0.0,62.5,3.3166247903554,1.0625,0.24206145913796356,4.1875,0.6343057228182637,4
815,0.1896282547016452,0.14091528460570035,0.18910230622660812,0.03644262256923783,0.0009306059396168998,0.0007342388740094975,100.0,0.0,63.875,2.4462982238476156,1.0,0.0,4.1875,0.8076779989575054,4
816,0.20582304672184415,0.12692572592428356,0.18240362195979182,0.030453042977645048,0.0009368845382863234,0.0006325190127820529,100.0,0.0,64.625,2.394655507583502,1.09375,0.19515618744994995,4.0,0.5,4
817,0.2014244270352854,0.11835352666813957,0.18431697700693533,0.030306582875737606,0.0010390154185472085,0.0006253944647808778,100.0,0.0,64.6875,3.8845648083150834,1.15625,0.34089725358236606,4.0,0.6123724356957945,4
818,0.2185085027051157,0.1097272522328066,0.17959844576293718,0.02811336672659944,0.0012498452151455154,0.0008471347494171207,100.0,0.0,63.4375,2.5731486062798625,1.0,0.0,3.9375,0.5555121510822243,4
819,0.24548531873326224,0.12609588221280565,0.17280628311431978,0.03179996412276464,0.0013280139695793533,0.0009435472287350229,100.0,0.0,62.5,2.8722813232690143,1.0,0.0,4.375,0.9270248108869579,4
820,0.2788627209915229,0.16391282763499052,0.16691172992593312,0.03791730289861469,0.0011591385045568656,0.0006599585674541875,100.0,0.0,65.0,3.3541019662496847,1.0,0.0,4.125,0.6959705453537527,4
821,0.29825828488227424,0.1966098464826559,0.16400007554336163,0.04438020401483179,0.0006900074390476501,0.0004618202594886424,100.0,0.0,62.5,3.29772648956823,1.0625,0.24206145913796356,4.375,0.5994789404140899,4
822,0.2861833281837044,0.17338265345353487,0.16593112606601498,0.04028564743642168,0.0006218050716621489,0.0004184976495165707,100.0,0.0,64.0,2.7613402542968153,1.125,0.2795084971874737,4.125,0.5994789404140899,4
823,0.27141567483860995,0.14915265391752625,0.16879236371139322,0.03558386368654569,0.0006838603812288807,0.0005527811711486132,100.0,0.0,63.0625,3.1715286140913186,1.1875,0.3903123748998999,4.0,0.6123724356957945,4
824,0.2730217681508036,0.15116910203583125,0.167721251641417,0.037321265027076306,0.0007711850307534165,0.0003173624839398364,100.0,0.0,62.5,3.2015621187164243,1.0625,0.24206145913796356,4.25,0.6614378277661477,4
825,0.26942476303708296,0.1463039869673712,0.16840073884444756,0.0369137371156703,0.000894701113234442,0.0004127702136285071,100.0,0.0,62.8125,3.0866395562164364,1.125,0.33071891388307384,4.1875,0.7261843774138906,4
826,0.27746111690800157,0.13039637554527264,0.1656520824263533,0.032727424171182184,0.001095769668317389,0.0005129188115038562,100.0,0.0,63.0625,4.629642939795682,1.1875,0.3903123748998999,4.0625,0.7473912964438374,4
827,0.29218113004930346,0.13432646864243356,0.16149710955136004,0.03399579768369616,0.0009668030249244536,0.00043757776531089525,100.0,0.0,63.875,2.315032397181517,1.03125,0.12103072956898178,4.1875,0.5266343608235224,4
828,0.28613236104469597,0.12992922226407358,0.16190374308750338,0.03168829929505737,0.0011189586644405158,0.0005910335958941927,100.0,0.0,62.5625,2.6450129961873534,1.03125,0.12103072956898178,4.125,0.5994789404140899,4
829,0.30291334050142604,0.12466116626079216,0.1565171073544247,0.028246008136809306,0.0013203227115964702,0.0009228265017207603,100.0,0.0,62.9375,3.0304444806001642,1.125,0.33071891388307384,4.5,0.7071067811865476,4
830,0.3078345344375326,0.12560921093418798,0.15348969979432814,0.029838502185192482,0.0012688923265383634,0.0010686355778916437,100.0,0.0,62.8125,2.983679565570003,1.125,0.33071891388307384,4.1875,0.7261843774138906,4
831,0.3048140367398103,0.1170794706355065,0.15392443289855234,0.028331760500250915,0.0013680311084837786,0.0011166585540911215,100.0,0.0,63.8125,2.8986796563263075,1.0,0.0,4.4375,0.9333240326917549,4
832,0.30820177558576406,0.11412933042103933,0.15404908760704353,0.027256823200512075,0.001236272189841064,0.0008172381783562568,100.0,0.0,62.875,2.595067436503337,1.0625,0.24206145913796356,4.5,0.7905694150420949,4
833,0.31555235765489936,0.12473254780991969,0.15237252810563745,0.028936232041179236,0.0011967606408408217,0.0006886894116687238,100.0,0.0,62.875,2.394655507583502,1.0,0.0,4.375,0.6959705453537527,4
834,0.3268266655663856,0.12900622161660077,0.1504554389991782,0.029240425407821683,0.0011639693182813752,0.0008605306630217331,100.0,0.0,63.625,3.515590277606308,1.09375,0.2633171804117612,3.8125,0.5266343608235224,4
835,0.3465377275080702,0.13917548965903773,0.1458365867498168,0.03103788754213551,0.0012771288526891426,0.0011784036931064281,100.0,0.0,64.6875,3.4043859578490805,1.0625,0.24206145913796356,4.3125,0.7680128579652817,4
836,0.376605266436331,0.1495815690075247,0.1397054828041706,0.03277099342999099,0.001327032920864214,0.0011191688036299525,100.0,0.0,62.875,3.314268395890713,1.0,0.0,4.25,0.5590169943749475,4
837,0.40053174849307904,0.15848535978237271,0.13469825911040684,0.033515485968403085,0.0012465056393749032,0.0009483183675189831,100.0,0.0,63.25,2.1065374432940898,1.0625,0.24206145913796356,4.25,0.75,4
838,0.4278075808225116,0.1696779205713583,0.12917594493411375,0.033376381711149025,0.0011481013885153736,0.0008727965150694751,100.0,0.0,63.6875,2.8878787630369804,1.0,0.0,4.1875,0.5266343608235224,4
839,0.4386665051179213,0.17174783323873227,0.12685591679327415,0.03326791782314541,0.001109200825958842,0.0009112112404398907,100.0,0.0,61.6875,2.517904634810461,1.125,0.33071891388307384,4.375,0.6959705453537527,4
840,0.4599074640016674,0.16488379919801782,0.12258924979219017,0.03158562642128541,0.0011698332858607234,0.0008621089674056026,100.0,0.0,63.75,2.165063509461097,1.0,0.0,4.375,0.5994789404140899,4
841,0.48985212188733274,0.16332388110854515,0.1170990488000832,0.03114536979103379,0.0011767060150349512,0.0010812794327690783,100.0,0.0,62.25,2.358495283014151,1.0625,0.24206145913796356,4.25,0.75,4
842,0.5083325517401454,0.15148679466190146,0.11375405382369151,0.029955915099520312,0.0011122211218075675,0.0008587782184957645,100.0,0.0,62.3125,4.026765916961153,1.1875,0.3903123748998999,4.3125,0.982264602843857,4
843,0.5399909708420574,0.15166687694305778,0.10797884527902729,0.02930814191999671,0.0009619125731239412,0.0007403415163679983,100.0,0.0,63.125,3.3330729064933458,1.03125,0.12103072956898178,4.25,0.82915619758885,4
844,0.5634094452917799,0.14188048631222056,0.10314420866618136,0.027141938822260167,0.0009033489350236088,0.0005481714955213999,100.0,0.0,63.8125,3.7950419958150663,1.125,0.33071891388307384,4.1875,0.5266343608235224,4
845,0.5780418844053294,0.126463643736012,0.10025019815321629,0.02380629122963551,0.0007949123017520301,0.00046202428671277663,100.0,0.0,63.4375,2.760632853169722,1.15625,0.34089725358236606,3.9375,0.8267972847076845,4
846,0.5895916605791724,0.12032699920097333,0.09798194743730876,0.022245690342427783,0.0006792546633282938,0.00043663717984660156,100.0,0.0,63.75,2.883140648667699,1.0625,0.24206145913796356,4.0625,0.6584783595532961,4
847,0.6077140199495847,0.12474950450056677,0.09377991182972994,0.02387973403076218,0.0007156063183520575,0.0004542707554624339,100.0,0.0,64.125,2.2878756522153907,1.0,0.0,4.25,0.6614378277661477,4
848,0.620981410565265,0.11708344026080045,0.09145848338705376,0.022964039023106484,0.0007280406740472537,0.00046562561109507325,100.0,0.0,63.1875,2.650913757556062,1.125,0.33071891388307384,4.0625,0.42847841252506524,4
849,0.6473880148896434,0.12092632193749131,0.0858598235881043,0.023298956416072582,0.0008133191030316605,0.000445454680727044,100.0,0.0,63.125,2.8695600708122493,1.0625,0.24206145913796356,4.625,0.8569568250501305,4
850,0.6644735878663164,0.12158418372841162,0.08247966906206286,0.0235607754199011,0.0008575316336472635,0.00038187848766763635,100.0,0.0,64.625,3.6890886408434267,1.0,0.0,4.0625,0.7473912964438374,4
851,0.700606514021541,0.12144165673781991,0.07506777359533462,0.024707866029751776,0.000819955156902883,0.0004174607695143103,100.0,0.0,64.375,2.027159342528357,1.0,0.0,4.0,0.6123724356957945,4
852,0.7304551937382395,0.11490238156819887,0.06904545264384353,0.0252066275803084,0.0007521756410652944,0.000391591590990745,100.0,0.0,63.4375,3.4635377506243525,1.0,0.0,4.1875,0.6343057228182637,4
853,0.7593355331592063,0.11027569190350228,0.06192972283770661,0.02471109310661511,0.000797479163922602,0.00034812886549067366,100.0,0.0,64.4375,2.1203994317109216,1.0,0.0,3.9375,0.5555121510822243,4
854,0.7826757420926245,0.10250969952937254,0.05580823108195477,0.023056695369950943,0.000837985887230162,0.00040703045961428176,100.0,0.0,63.1875,3.282886496667224,1.0625,0.24206145913796356,4.0625,0.9662265521087692,4
855,0.8015524798802389,0.09592077887347603,0.05283035840485437,0.021560782844044855,0.0007728556744726943,0.0003923953114549,100.0,0.0,63.875,3.1991209730174317,1.0625,0.24206145913796356,4.125,0.6959705453537527,4
856,0.8171662537905215,0.0903647622756297,0.04809691584341534,0.02068862400785284,0.0008325958636171752,0.0004227531024333317,100.0,0.0,63.75,2.0155644370746373,1.0,0.0,3.9375,0.42847841252506524,4
857,0.8396590863157188,0.08276579300293019,0.04448502495014746,0.01817983056602796,0.0007427679386646565,0.0003433947156951923,100.0,0.0,63.625,2.595067436503337,1.0625,0.24206145913796356,4.125,0.6959705453537527,4
858,0.8555379302965392,0.077457616384897,0.04034514395068344,0.017951971103595254,0.0007152782627759748,0.0003429259587453822,100.0,0.0,63.875,3.3517719194479807,1.09375,0.2633171804117612,4.0625,0.5555121510822243,4
859,0.8724575019729486,0.06976861773685591,0.034802377582366165,0.017109236404120907,0.0007153333890285586,0.0003614346367841376,100.0,0.0,62.5625,3.2009520068254695,1.125,0.33071891388307384,4.25,0.9013878188659973,4
860,0.8833198379187159,0.064094187689506,0.030562998816726562,0.016320772138098988,0.0007372997080509743,0.00038525393732171466,100.0,0.0,62.125,2.7810744326608736,1.15625,0.34089725358236606,4.375,1.0532687216470449,4
861,0.8917939529700816,0.053742694658782494,0.026478167441326417,0.015500114347006454,0.0007521543348796035,0.00029474120436530436,100.0,0.0,63.375,3.370367190678191,1.125,0.33071891388307384,4.3125,0.582961190818051,4
862,0.8985421285568462,0.05025149155174651,0.02433907552803728,0.014433412259088358,0.0007440012327937433,0.0003287390151997909,100.0,0.0,63.375,2.315032397181517,1.09375,0.2633171804117612,4.0625,0.7473912964438374,4
863,0.906044816312921,0.04637969468830482,0.026257894908477172,0.011213797258991232,0.0006379219567228442,0.00040012678339017255,100.0,0.0,64.125,1.9324531042175384,1.0,0.0,3.9375,0.42847841252506524,4
864,0.8993770335830149,0.04212033950048632,0.030189855198575737,0.010720559951150198,0.0006063555830826151,0.00026527504336005425,100.0,0.0,64.0,2.979093821953246,1.125,0.33071891388307384,4.125,0.33071891388307384,4
865,0.886415766171137,0.041163051390178805,0.03540830680405092,0.010152343443805473,0.000589231814946349,0.0002534531093212173,100.0,0.0,63.75,4.02336923485777,1.0625,0.24206145913796356,4.3125,0.7680128579652817,4
866,0.8637271329745531,0.04133411979296345,0.04066750036864837,0.011588794719299926,0.0006459248903214173,0.00026504245674679886,100.0,0.0,63.75,2.7726341266023544,1.09375,0.2633171804117612,4.375,0.9270248108869579,4
867,0.8391544718819612,0.03957729230452508,0.04713055205776437,0.010967045802402873,0.0006678486712342275,0.00020002041564759352,100.0,0.0,63.625,2.341874249399399,1.0,0.0,4.0,0.5,4
868,0.80567722034255,0.05063971171619911,0.05391914148878377,0.01410944543927068,0.0007325519191460224,0.00024037757925714622,100.0,0.0,64.5,2.207940216581962,1.0,0.0,4.1875,0.6343057228182637,4
869,0.7704042107290539,0.05935674197995005,0.06075311894436792,0.017502521782925932,0.0007618009730193731,0.0002829102816743312,100.0,0.0,62.75,3.3819373146171707,1.125,0.2795084971874737,4.375,0.8569568250501305,4
870,0.7289975275689815,0.0707157260021647,0.06905685901196995,0.01843054963659674,0.0007983983697489935,0.00030942483733686763,100.0,0.0,62.25,3.897114317029974,1.28125,0.4318835925339142,4.125,0.33071891388307384,4
871,0.6910460053056309,0.07573753784021393,0.07644725038270034,0.017972867142182835,0.0008490357641374941,0.0002811600070268898,100.0,0.0,64.4375,2.621277121938846,1.0,0.0,3.9375,0.7473912964438374,4
872,0.6439079305074356,0.07304798044672849,0.08447167097861537,0.016916588390689873,0.0010053116706658892,0.0003121672769640394,100.0,0.0,62.6875,2.994134891750871,1.1875,0.3903123748998999,4.125,0.5994789404140899,4
873,0.6148825522954532,0.0841396587188503,0.08966367438650005,0.018669729098084207,0.0010654649068676254,0.0003622798219001045,100.0,0.0,63.8125,2.6976552318634046,1.0625,0.24206145913796356,4.25,0.6614378277661477,4
874,0.5869980384361768,0.08945235510093422,0.09497713842201636,0.01835768961423055,0.0011356455123898573,0.00042421235805526115,100.0,0.0,63.9375,3.1318674540918874,1.03125,0.12103072956898178,3.6875,0.46351240544347894,4
875,0.5726083441188066,0.08846875566024213,0.09742879766925742,0.018510856406858567,0.0012243013379286869,0.0006160229117284424,100.0,0.0,64.0,2.806243040080456,1.0,0.0,4.3125,0.46351240544347894,4
876,0.5437946838255694,0.10580126415828234,0.10412800600005959,0.022071348734159633,0.0011098565952476409,0.0006059669026315774,100.0,0.0,62.3125,3.422695392523267,1.1875,0.3903123748998999,4.25,0.75,4
877,0.5163497490740945,0.14630642634777344,0.11015608412486469,0.028727364245177463,0.00093311480942477,0.0004048453001987925,100.0,0.0,62.8125,2.8111107680061274,1.0625,0.24206145913796356,4.4375,0.6091746465505602,4
878,0.4713525352989801,0.1593927917260072,0.11911035493194384,0.030590129057190538,0.0009255140414936999,0.0004476838942076039,100.0,0.0,62.0,3.3166247903554,1.0625,0.24206145913796356,4.6875,0.6817945071647321,4
879,0.43042561599315554,0.1548090526872147,0.12814343393050037,0.03051557991759715,0.0009811100808075992,0.0004245617117468577,100.0,0.0,62.875,2.496873044429772,1.0625,0.24206145913796356,4.625,1.1110243021644486,4
880,0.40623491360336955,0.14878921979327092,0.1339729091373401,0.02941548913128619,0.0010478628725788296,0.0003838905009708317,100.0,0.0,63.75,2.5860201081971503,1.0625,0.24206145913796356,4.25,0.6614378277661477,4
881,0.3965260689866376,0.14723191449867576,0.13705414230457375,0.029072921116467247,0.0009939432235869746,0.00037493010884133416,100.0,0.0,63.375,3.370367190678191,1.125,0.33071891388307384,4.25,0.75,4
882,0.38043797257192147,0.13414717266037307,0.1399178243614827,0.027095684941167125,0.0009525330681861355,0.0005424769596870406,100.0,0.0,63.3125,3.0149367737980843,1.09375,0.2633171804117612,4.5,0.7905694150420949,4
883,0.3487344220457804,0.11581101387249614,0.14593391593856236,0.02486101587944223,0.0010449842165337411,0.0006134858588949019,100.0,0.0,64.75,2.704163456597992,1.0625,0.24206145913796356,4.1875,0.6343057228182637,4
884,0.32207351636968923,0.10359148199641209,0.15113617134299778,0.02351280308928857,0.001041847299017227,0.0004922866381816039,100.0,0.0,63.1875,3.0866395562164364,1.0625,0.24206145913796356,4.25,0.75,4
885,0.2999036920401761,0.09900607597695113,0.15629884414812514,0.022988027666614088,0.0009971052447003033,0.0005020423435303054,100.0,0.0,63.25,3.092329219213245,1.0625,0.24206145913796356,4.1875,0.3903123748998999,4
886,0.2836781735120168,0.09398570105368477,0.16020593554974627,0.022217550606761123,0.0010973220101837687,0.0005796045369641145,100.0,0.0,60.875,2.1758618981911515,1.0625,0.16535945694153692,4.375,0.7806247497997998,4
887,0.2714445335470105,0.10518166482563414,0.1640478579026365,0.023587109599570034,0.001079756450620728,0.0005888904104409502,100.0,0.0,63.6875,3.770257782963918,1.09375,0.2633171804117612,3.75,0.82915619758885,4
888,0.26170923489566955,0.09880966633054798,0.1663496305608228,0.02238561487024804,0.0009963498712467404,0.0005895001181269197,100.0,0.0,63.1875,3.3395125018481364,1.125,0.33071891388307384,3.9375,0.6584783595532961,4
889,0.25283312485012677,0.08364950463688924,0.16897315741075264,0.021302886126742672,0.0010737629845367846,0.0006353357332870212,100.0,0.0,63.75,3.6827299656640586,1.125,0.33071891388307384,4.375,0.6959705453537527,4
890,0.2485873896395931,0.0840144063569338,0.17174558157278683,0.020724650118368725,0.0009598303311724819,0.0007444291923781372,100.0,0.0,62.625,2.1758618981911515,1.03125,0.12103072956898178,4.4375,0.49607837082461076,4
891,0.2567465662330077,0.12116991456520494,0.1687836040673897,0.0250330470077008,0.0006800038703966217,0.00034159776743961226,100.0,0.0,63.0625,2.461421083439402,1.0,0.0,4.375,0.5994789404140899,4
892,0.231825395686783,0.10223996974923075,0.1756599770487744,0.02321695590086287,0.0008227946706477478,0.0004754270863857394,100.0,0.0,64.8125,3.8926011547550052,1.0625,0.24206145913796356,4.125,0.6959705453537527,4
893,0.24261348529218568,0.11796687413357956,0.17301920213333655,0.024565842715970315,0.001014211597779106,0.000736260905730362,100.0,0.0,63.1875,2.4550649176752946,1.0625,0.24206145913796356,4.1875,0.5266343608235224,4
894,0.23136740489672455,0.13057730793283015,0.17631787509694324,0.029488779339550797,0.0008941499957665264,0.000672088491945367,100.0,0.0,63.375,3.3330729064933458,1.1875,0.3903123748998999,4.25,0.82915619758885,4
895,0.21222330303831288,0.11694515022079874,0.18073998323597962,0.02915374375399518,0.0008043829923922878,0.0005745949343370317,100.0,0.0,63.0625,2.946793808531571,1.125,0.2795084971874737,3.9375,0.7473912964438374,4
896,0.20373969294695926,0.10796874382250676,0.18228462049141914,0.026301032756522316,0.0009124805293455608,0.0005140115240567235,100.0,0.0,64.0,3.5,1.03125,0.12103072956898178,4.5625,0.998044963916957,4
897,0.19241721367285103,0.1026013814599544,0.1862645351251267,0.026253701219924604,0.0009182282191314875,0.000413382590618485,100.0,0.0,62.8125,3.4499773549981456,1.125,0.33071891388307384,4.5,0.8660254037844386,4
898,0.19299502294625268,0.09631777935562409,0.1852888690152165,0.02615419182556564,0.001155341624389034,0.0006792459025898517,100.0,0.0,64.25,3.17214438511238,1.0625,0.24206145913796356,4.3125,0.8454843286542927,4
899,0.18865245432262934,0.0994239035568136,0.18860049348579128,0.02734710001348996,0.0011485769351817162,0.0008608585422903648,100.0,0.0,63.25,2.6339134382131846,1.0,0.0,4.0625,0.5555121510822243,4
900,0.204187464885008,0.11367161475981997,0.18352052072031086,0.02939668647853784,0.0012622512532667037,0.0010891179775033473,100.0,0.0,63.5,3.2015621187164243,1.0625,0.24206145913796356,4.0625,0.7473912964438374,4
901,0.20923826055628,0.14016159348646984,0.18336121618895912,0.03382681583677327,0.00115786250483572,0.0007983026068385594,100.0,0.0,64.625,2.0879116360612584,1.03125,0.12103072956898178,4.125,0.5994789404140899,4
902,0.20124287574004857,0.13273410675336836,0.1837544695543811,0.031170075194397732,0.0009508023297305355,0.0011255082888149228,100.0,0.0,61.9375,3.508360550171547,1.21875,0.39404750665370286,4.1875,0.3903123748998999,4
903,0.17549001085378207,0.11024257748434176,0.19105785977955206,0.029179023385237816,0.0008603819382154271,0.0015441871753553746,100.0,0.0,64.375,1.9324531042175384,1.03125,0.12103072956898178,4.0,0.7071067811865476,4
904,0.16527690741013584,0.08761513872317055,0.19509273896212612,0.02534502003213888,0.0009956138505002373,0.0014432158452284888,100.0,0.0,64.5,3.5355339059327378,1.125,0.33071891388307384,4.125,0.4841229182759271,4
905,0.18560212606615006,0.11738620760044803,0.18983425244220714,0.029850249790264266,0.000929000230711058,0.0005344389821483046,100.0,0.0,63.6875,2.7549671050667737,1.0,0.0,4.1875,0.6343057228182637,4
906,0.18196148028992776,0.1094286889350286,0.18906261850879597,0.031559356236647206,0.001077111394723158,0.001130050012954131,100.0,0.0,62.3125,2.6860461183680373,1.0625,0.24206145913796356,4.1875,0.6343057228182637,4
907,0.18807497273083756,0.09438068431675824,0.18621921377797884,0.028919324541947466,0.0011774645940369486,0.0010932605760422512,100.0,0.0,63.375,2.5708704751503917,1.0,0.0,4.25,0.5590169943749475,4
908,0.19305105005328757,0.09165598637336173,0.18429518560728675,0.02629344691672876,0.0012230799837151239,0.0010502100566751164,100.0,0.0,62.8125,2.3242942477233814,1.125,0.33071891388307384,4.0625,0.42847841252506524,4
909,0.17294492799176353,0.0923601623879152,0.1918971824392994,0.029858335726519705,0.0010266340232220855,0.0007574506706299866,100.0,0.0,62.5,3.391164991562634,1.09375,0.2633171804117612,4.25,1.0307764064044151,4
910,0.18013471563231237,0.08846300336160848,0.1878616562157155,0.029780200444864603,0.0014657766853836316,0.0011797076675774789,100.0,0.0,62.375,4.136348026943574,1.25,0.4330127018922193,4.3125,0.7680128579652817,4
911,0.1916679745623902,0.09658669487715339,0.18384118734467172,0.02650138706159828,0.0013841042743231104,0.0009692378154084415,100.0,0.0,61.125,2.54644359843292,1.03125,0.12103072956898178,4.6875,0.8454843286542927,4
912,0.19674367734657913,0.12108883364461492,0.18574894636425557,0.02936927905615614,0.0009506202898194536,0.000619420099480268,100.0,0.0,64.0625,2.703441094235271,1.0625,0.24206145913796356,4.4375,0.7880950133074057,4
913,0.21093737691820358,0.13015322523362616,0.18379356175362882,0.03272968110544958,0.0009067092400122365,0.0004670184706546708,100.0,0.0,63.4375,2.4486922530199666,1.0,0.0,4.625,0.7806247497997998,4
914,0.21157359680540822,0.13028944090616143,0.18317619239243893,0.034000788532385876,0.000778617307280339,0.0005045958693330591,100.0,0.0,63.3125,2.44230296032249,1.0625,0.24206145913796356,4.0625,0.6584783595532961,4
915,0.20054558004106893,0.12735858519910603,0.18618536245226103,0.032425112247253376,0.000729688068855459,0.0005360641175076016,100.0,0.0,63.1875,2.4036105653786763,1.0,0.0,4.3125,1.1021995055342748,4
916,0.18503640104493269,0.11637527179188985,0.19021036528152066,0.03226019889211081,0.0007838542367273805,0.0006010446476041023,100.0,0.0,63.5625,4.387037012608852,1.0625,0.24206145913796356,4.0,0.9354143466934853,4
917,0.17397453774013766,0.09790776560513552,0.1932551290695952,0.02891170963456335,0.0006084547630238522,0.0004317916078793852,100.0,0.0,64.6875,2.3642850399222173,1.0,0.0,4.0625,0.6584783595532961,4
918,0.16451512731320184,0.09110754561507671,0.1949224503591872,0.02852145765449128,0.000660800501229778,0.0004963193468601419,100.0,0.0,62.4375,3.3721052400540525,1.125,0.33071891388307384,4.375,0.5994789404140899,4
919,0.15857678384785046,0.09951403019681433,0.1961490499648657,0.028096933048260823,0.0006610651456362426,0.0005518849475479907,100.0,0.0,64.0,2.6457513110645907,1.0,0.0,4.3125,0.582961190818051,4
920,0.15971447190604282,0.15480580831189775,0.19895346695030333,0.036713866017631075,0.0008048882241038191,0.0005828323721157665,100.0,0.0,62.9375,2.7264617638984046,1.03125,0.12103072956898178,4.1875,0.8076779989575054,4
921,0.18325703730133863,0.1752105106054314,0.19245824750909885,0.039637316069234166,0.0009145883536627267,0.0008243539294179841,100.0,0.0,62.4375,4.030644334346557,1.125,0.33071891388307384,4.4375,0.8637671850678283,4
922,0.18627569727072246,0.17209378563715294,0.19276966613826846,0.040089321905807246,0.0008967896832482424,0.000558571879204963,100.0,0.0,61.9375,2.838766237293941,1.125,0.33071891388307384,4.3125,0.8454843286542927,4
923,0.20517900395493024,0.1714590046370822,0.1867740854770441,0.0389151352353325,0.0009277519650847553,0.0005060079949934516,100.0,0.0,63.5,3.142451272494134,1.0625,0.24206145913796356,4.0,0.3535533905932738,4
924,0.21368260387360138,0.15506006480967363,0.18375560629615317,0.03779086379570065,0.0007907925957623156,0.00048788716337474304,100.0,0.0,64.625,3.2379584617471546,1.0,0.0,4.0625,0.6584783595532961,4
925,0.20734091838698862,0.1432049305371129,0.18602370347227173,0.03806628395605033,0.0007057670036088816,0.0004789493892285579,100.0,0.0,64.5625,2.9993488876754566,1.0625,0.24206145913796356,4.0,0.5,4
926,0.21843487298192468,0.13512199947510303,0.18042650382649575,0.03309162005933332,0.0007093496634115828,0.000438486850538573,100.0,0.0,63.375,2.9553976043842223,1.0,0.0,4.0625,0.6584783595532961,4
927,0.2196706215139625,0.14596757537124477,0.18100115937278863,0.03558035751569896,0.0006137013206026322,0.00033942134713541407,100.0,0.0,63.5,2.2638462845343543,1.03125,0.12103072956898178,4.0625,0.5555121510822243,4
928,0.2189160570008497,0.14121159398309996,0.1814199579684278,0.03361709083901802,0.000702988376279049,0.00045160764184916,100.0,0.0,63.375,3.3888604279314896,1.125,0.33071891388307384,3.8125,0.6343057228182637,4
929,0.2311767916925011,0.15123517405230855,0.1772096854447981,0.035588280829601235,0.0006975443339089036,0.0004654529941231266,100.0,0.0,63.5625,2.9361699116365862,1.0625,0.24206145913796356,4.1875,0.6343057228182637,4
930,0.2223914067554409,0.1391310770114249,0.17964496302827784,0.03438304276789237,0.0006897608303734252,0.0006363280934431729,100.0,0.0,62.4375,2.8716012519150356,1.1875,0.3903123748998999,4.0625,0.6584783595532961,4
931,0.23174793639899682,0.12697047199470993,0.1762255972297454,0.03132170998138098,0.0008706558203721663,0.0007353483715162278,100.0,0.0,63.875,3.3888604279314896,1.0,0.0,4.3125,0.6817945071647321,4
932,0.24465201452055613,0.12300695917009725,0.1722945692245963,0.03139240156712706,0.0008304583705849748,0.0006392542799054504,100.0,0.0,63.3125,2.542605700850999,1.0625,0.24206145913796356,4.3125,0.9164298936634487,4
933,0.24294303330127837,0.1229358069525964,0.1723057598589024,0.031958083737779495,0.0008265189573323376,0.0005614821797847462,100.0,0.0,63.5,3.9370039370059056,1.0625,0.24206145913796356,4.3125,0.582961190818051,4
934,0.24877112912298602,0.11769937971733581,0.1710058818337871,0.031448636098949746,0.0008914279357771576,0.0004743701745188241,100.0,0.0,62.3125,2.994134891750871,1.1875,0.3903123748998999,4.3125,0.582961190818051,4
935,0.27732676680005014,0.11460879428785853,0.16290223833416184,0.028515841839315898,0.0011043237279600398,0.0006332119843121064,100.0,0.0,62.8125,2.2698774746668597,1.125,0.33071891388307384,4.625,0.7806247497997998,4
936,0.30758476636969867,0.13054224142071352,0.15592176699971394,0.031465004394080155,0.0011682387519529069,0.0007180489300198257,100.0,0.0,63.9375,3.2493989828889895,1.15625,0.34089725358236606,4.0625,0.8267972847076845,4
937,0.3455023013825038,0.14538385535181197,0.1475536117421256,0.03349594166770124,0.001223602897926061,0.0006576970103092036,100.0,0.0,63.375,3.637908052713812,1.0625,0.24206145913796356,4.1875,0.9499177595981665,4
938,0.39827702418330657,0.15753646367793753,0.13646768149677949,0.03290278951164524,0.0011278857822261824,0.0005788827536734513,100.0,0.0,63.9375,3.0304444806001642,1.0,0.0,4.5,0.6123724356957945,4
939,0.43303982587854256,0.16728772985651463,0.12913310562113245,0.03469153800164285,0.0009954145506632932,0.0005452666981353799,100.0,0.0,64.75,2.3048861143232218,1.0,0.0,4.125,0.4841229182759271,4
940,0.4522813008654013,0.17202915163794202,0.12524913193453677,0.03451701086644721,0.0010019689957881885,0.000575932182596745,100.0,0.0,63.5,2.979093821953246,1.0,0.0,4.1875,0.8076779989575054,4
941,0.4629976199125681,0.16675160506253542,0.12226649581243482,0.03274944661561388,0.0010013555648483068,0.0008288154489750284,100.0,0.0,64.8125,3.376735664810025,1.125,0.33071891388307384,4.0625,0.7473912964438374,4
942,0.47166130852835797,0.14938870577574798,0.11910934479043601,0.029825294330106212,0.0010874094604021922,0.0008262025948005092,100.0,0.0,62.375,3.0388114452858046,1.0625,0.24206145913796356,4.4375,0.6091746465505602,4
943,0.4916365809090243,0.14002055567341337,0.11511792443597454,0.028139381786244984,0.0010353142599954287,0.0004870856967775462,100.0,0.0,63.25,2.6339134382131846,1.0,0.0,4.4375,0.9333240326917549,4
944,0.5179794959459951,0.14260482909235456,0.11049864969341211,0.028242124804302045,0.0008903012007421457,0.0003588396453368535,100.0,0.0,64.1875,2.833256739160784,1.0625,0.24206145913796356,4.1875,0.6343057228182637,4
945,0.5372171048600072,0.14653061370058865,0.10599969654682691,0.029245682450599518,0.0008800745883150367,0.0003880405824228474,100.0,0.0,65.3125,3.0561157945994126,1.0625,0.24206145913796356,4.125,0.8569568250501305,4
946,0.5556934120642067,0.14878252727896094,0.10185392407395971,0.029860342661854455,0.000923903486081817,0.0004038614655596999,100.0,0.0,62.6875,2.6860461183680373,1.0625,0.24206145913796356,4.1875,0.6343057228182637,4
947,0.571372043020365,0.1435533848879007,0.0985970558279226,0.028610075611179075,0.000975819387966989,0.0003509709739873125,100.0,0.0,63.625,2.9553976043842223,1.0625,0.24206145913796356,3.9375,0.7473912964438374,4
948,0.5913738272959477,0.14185912973547737,0.09419484228811913,0.029056084984101328,0.0009913030064677888,0.00038982678222470457,100.0,0.0,62.0625,2.164161211647598,1.125,0.33071891388307384,4.0625,0.7473912964438374,4
949,0.612251213738241,0.12734661999969726,0.08970046262435126,0.027371663224369243,0.0010874592730683742,0.000425188089584179,100.0,0.0,62.9375,3.4181272284688293,1.0625,0.24206145913796356,4.125,0.5994789404140899,4
950,0.6518999560479621,0.11998880132133297,0.08146999396579618,0.025018313855139727,0.0011456641505079575,0.00044502604277789565,100.0,0.0,62.625,2.6896793489187516,1.0625,0.24206145913796356,4.125,0.5994789404140899,4
951,0.687308442549895,0.12034117841899843,0.07571536671268875,0.024164870863540275,0.00106335838928771,0.00041122371582672375,100.0,0.0,63.8125,2.7436005084559962,1.0,0.0,4.5,1.0606601717798212,4
952,0.7271537297568531,0.11145931791738352,0.06778112404176212,0.02195963114035678,0.0010558780058395915,0.00044839395221526546,100.0,0.0,64.125,3.2379584617471546,1.0,0.0,4.25,0.5590169943749475,4
953,0.7593106995904855,0.1011823441507952,0.06027055778659933,0.020461993703584237,0.001034436924183511,0.0004488898501820794,100.0,0.0,62.25,3.072051431861127,1.1875,0.3903123748998999,4.375,0.8569568250501305,4
954,0.7853377280116511,0.09376144720094158,0.05394190587724393,0.01960198214197477,0.0010048317226780447,0.0004578214286801016,100.0,0.0,63.0,3.0618621784789726,1.15625,0.34089725358236606,4.25,1.14564392373896,4
955,0.8092670628142349,0.08218738794012011,0.049184672242977345,0.018627709001634053,0.0009220511347633276,0.00039100170457270766,100.0,0.0,64.375,2.9341736485763756,1.0625,0.24206145913796356,4.25,0.5590169943749475,4
956,0.8314296494289646,0.07556037326596843,0.04303496768359797,0.017303251320029692,0.0009482719450287491,0.0004760429168367038,100.0,0.0,63.625,2.666341125962693,1.0,0.0,4.1875,0.8076779989575054,4
957,0.8497827138818586,0.06678893312433769,0.03720488997186596,0.016367381525473602,0.0009351185462759792,0.0005537785754344594,100.0,0.0,63.5,2.622022120425379,1.0625,0.24206145913796356,4.125,0.7806247497997998,4
958,0.859802650082458,0.06429622202599886,0.03550732877052917,0.014044507681974749,0.0008935226977764938,0.0005621958223140371,100.0,0.0,63.9375,2.4866832830097203,1.0,0.0,4.5,0.7071067811865476,4
959,0.8737473926947368,0.06048045874827019,0.03210007183853435,0.011048199562995591,0.0008641922758000232,0.0004892004325880579,100.0,0.0,63.25,4.175823272122517,1.125,0.33071891388307384,4.25,0.6614378277661477,4
960,0.8915878929894717,0.05101505220442132,0.030304909431419613,0.008855709997752417,0.0007069816551183785,0.0004189119889824256,100.0,0.0,62.9375,2.357667014232502,1.0,0.0,4.25,0.82915619758885,4
961,0.8944458838985105,0.045232121825533586,0.0290447751587698,0.008345636682493498,0.0007114637273432306,0.0003858965329048827,100.0,0.0,63.8125,2.650913757556062,1.0625,0.24206145913796356,4.4375,0.7880950133074057,4
962,0.8900816793446781,0.04505816629053125,0.029687323601761736,0.010591616373049754,0.0007292050418328947,0.0003502411187935004,100.0,0.0,62.875,2.117634293262177,1.0,0.0,4.1875,0.7261843774138906,4
963,0.8836972741923901,0.047552561530634044,0.03224121265991861,0.011357703208214876,0.0007165056271160432,0.0003580956917882733,100.0,0.0,64.25,3.17214438511238,1.125,0.33071891388307384,4.125,0.7806247497997998,4
964,0.8730456608841135,0.046853668184244725,0.03605743057489613,0.012594670263303426,0.0006969545704257491,0.00035822811713674007,100.0,0.0,63.1875,3.8441310786704452,1.125,0.33071891388307384,4.25,0.6614378277661477,4
965,0.8518317184138562,0.05634635241836438,0.04085756920944429,0.015593805157067472,0.0007408150906955578,0.00046879639721802665,100.0,0.0,61.9375,2.4101024355823553,1.125,0.33071891388307384,4.125,0.7806247497997998,4
966,0.8222336201906075,0.0692540712515702,0.04781976758382393,0.01813832479759387,0.0007951371290509768,0.0004568288945029257,100.0,0.0,63.4375,3.278123510485839,1.09375,0.2633171804117612,4.1875,0.3903123748998999,4
967,0.7961643522359159,0.07988895663062688,0.055480514906213585,0.018681951806136514,0.0007293439577840714,0.0003918777531925049,100.0,0.0,63.125,3.5333235062756425,1.0625,0.24206145913796356,4.0625,0.899218410621135,4
968,0.7670667130503184,0.08904029582002554,0.062265513801676,0.020096298568442143,0.0007022896599492458,0.0003549309405907684,100.0,0.0,62.4375,2.3708845922988324,1.0,0.0,4.25,0.75,4
969,0.7305379173037909,0.10586797942005319,0.07057381366832377,0.022309010325348228,0.0006656265576046596,0.0002832164670285314,100.0,0.0,62.6875,2.4677608777999542,1.0625,0.24206145913796356,4.25,0.75,4
970,0.6936014660408978,0.12036248035805819,0.0783402821872859,0.02359841474987863,0.0006236501375526125,0.00021917126862195171,100.0,0.0,64.6875,3.803267509655349,1.03125,0.12103072956898178,4.125,0.6959705453537527,4
971,0.6393719658029166,0.13114502884076565,0.08843344933445968,0.02448493802205856,0.0006957967619905399,0.0002518793479173367,100.0,0.0,63.0,2.9154759474226504,1.125,0.33071891388307384,4.375,0.6959705453537527,4
972,0.6073555783746032,0.1391671659245317,0.09410009202022158,0.02481152141444164,0.0007708969344349004,0.0003317613364190522,100.0,0.0,64.1875,3.3018697354680726,1.03125,0.12103072956898178,4.1875,0.7261843774138906,4
973,0.563875493750603,0.14051028596711992,0.10242048753256126,0.025493739692752877,0.0007958747408311422,0.00043381295478995624,100.0,0.0,62.125,2.912795049432761,1.03125,0.12103072956898178,4.5,0.5,4
974,0.5238520893658525,0.13195719984684096,0.10898073053848568,0.024775686648960647,0.0010421983723003308,0.0005898602773381546,100.0,0.0,65.0625,2.4101024355823553,1.0,0.0,4.1875,0.8816709987291178,4
975,0.5108291262870774,0.11016517380544126,0.11118415720638067,0.02081870975391874,0.0012081456368113275,0.0009045768636690167,100.0,0.0,63.5625,2.6450129961873534,1.0625,0.24206145913796356,4.1875,0.8816709987291178,4
976,0.49386845019466646,0.12297506139881502,0.11440247551365841,0.02410622121886272,0.001188586372214734,0.0009363894305484902,100.0,0.0,63.875,3.3517719194479807,1.0,0.0,4.375,0.6959705453537527,4
977,0.46106474089433,0.13525396541525544,0.12092988785484884,0.02632475627000054,0.0010712730181367028,0.0007813554696699171,100.0,0.0,62.875,2.8912583765550943,1.09375,0.2633171804117612,4.5,0.6123724356957945,4
978,0.439251886086431,0.14079511109173462,0.12485407538213003,0.028405894130521487,0.001123693684738913,0.0006391209818607932,100.0,0.0,63.6875,3.4043859578490805,1.0625,0.24206145913796356,4.0625,0.5555121510822243,4
979,0.41415148859093276,0.13336066595005935,0.13008116194227728,0.02713019832534795,0.0012118974601850645,0.0007271139335862622,100.0,0.0,63.875,3.6721077053920954,1.0,0.0,4.375,0.5994789404140899,4
980,0.38665334908661775,0.12547819118845624,0.13560988723702877,0.02658788419101338,0.001275055661110604,0.0008030568386011181,100.0,0.0,63.0,2.5248762345905194,1.125,0.33071891388307384,4.3125,0.582961190818051,4
981,0.3667606078573809,0.13496132138865155,0.14033262505070995,0.028886528177672517,0.0012816502629170775,0.0008631325129784183,100.0,0.0,63.875,2.8034576865007255,1.03125,0.12103072956898178,4.3125,0.582961190818051,4
982,0.34688421663321517,0.13715420475462134,0.14575560126667722,0.030755456543142254,0.001253181825831793,0.0008821463332926826,100.0,0.0,64.25,2.462214450449026,1.03125,0.12103072956898178,4.1875,0.8076779989575054,4
983,0.34374305242400777,0.15021848099590465,0.14736534879929492,0.035257802741706604,0.0013694880805412125,0.0009851127356203077,100.0,0.0,63.0625,3.151760420780742,1.09375,0.2633171804117612,4.4375,0.7043392293490403,4
984,0.3481588803256355,0.1594007134629207,0.1467056973764924,0.03711797735187021,0.0013322996455645349,0.0008527909685196279,100.0,0.0,63.25,3.152380053229623,1.0,0.0,4.3125,0.9164298936634487,4
985,0.34594874802514475,0.17535566435496425,0.14847581336941906,0.0407299921476804,0.001065871537670533,0.0006657712343313831,100.0,0.0,63.875,2.8912583765550943,1.03125,0.12103072956898178,4.0,0.5,4
986,0.3280304355116503,0.16877897997372515,0.1537479982788068,0.03979045440770161,0.0008777838454666624,0.0004784956844075768,100.0,0.0,64.3125,4.3691925741491415,1.125,0.33071891388307384,4.0625,0.5555121510822243,4
987,0.31503794973021326,0.16123777213065396,0.1567372266610448,0.039723418586969296,0.0009407676064468737,0.000469626625853802,100.0,0.0,63.3125,2.6390990413396764,1.125,0.33071891388307384,4.3125,0.6817945071647321,4
988,0.30230683074765796,0.15205616278121908,0.15860545376154625,0.03680954974968616,0.00104646985167003,0.0006174662729110448,100.0,0.0,64.6875,2.1423920626253263,1.0,0.0,4.0,0.7071067811865476,4
989,0.2778484038154656,0.1470275682458735,0.16408297553818618,0.036939775161553105,0.0011136755478475455,0.0007855549054971291,100.0,0.0,63.3125,2.591301555203485,1.0625,0.24206145913796356,4.3125,0.7680128579652817,4
990,0.26245398105675954,0.13666991983975493,0.1669370988473482,0.03418448890783676,0.001294482369877965,0.0009959709244380945,100.0,0.0,63.25,2.1065374432940898,1.0,0.0,4.25,0.82915619758885,4
991,0.2521481779320065,0.12202853572948696,0.1684059930757474,0.030939033317639215,0.0012856290618201032,0.0009248426834776409,100.0,0.0,63.0625,3.5261301379841328,1.09375,0.2633171804117612,4.1875,0.8816709987291178,4
992,0.24347087357534708,0.11336143131996637,0.1706411198597909,0.028641145546263062,0.0013606715609455944,0.0008623945204409696,100.0,0.0,63.125,2.8695600708122493,1.1875,0.3903123748998999,4.25,0.75,4
993,0.2360653254579937,0.11759965074902393,0.17432189472789378,0.029696880195998223,0.0009349955651943889,0.0007152444801252299,100.0,0.0,63.75,3.5443617196894563,1.0,0.0,4.375,0.9921567416492215,4
994,0.2173554661124141,0.11870259203821523,0.1803830726549788,0.031812784565214046,0.0009447150716041612,0.0006653292687434172,100.0,0.0,62.8125,3.4499773549981456,1.15625,0.34089725358236606,4.0625,0.5555121510822243,4
995,0.2079776412281266,0.11806080255493939,0.1841427681491166,0.03244918560211874,0.0010211536564730807,0.0006602443053941959,100.0,0.0,64.875,3.2185982973959333,1.0,0.0,4.125,0.4841229182759271,4
996,0.20444929361732786,0.1212809269987351,0.1843398363651122,0.03346413846642106,0.0010651109131240087,0.0007076307013708954,100.0,0.0,63.0625,2.9679275176459416,1.0625,0.24206145913796356,4.1875,0.5266343608235224,4
997,0.20098510983035572,0.12756484931302936,0.1849660023465749,0.036556058474687805,0.001085560791299042,0.0011406025612694965,100.0,0.0,63.375,1.996089927833914,1.0,0.0,4.0625,0.6584783595532961,4
998,0.21138131530947002,0.1596624613928641,0.18295654135095876,0.04145801208183145,0.000986870777364363,0.0009422959491860947,100.0,0.0,63.4375,3.5701671879619306,1.125,0.33071891388307384,4.125,0.5994789404140899,4
999,0.21173656516325565,0.1901381605295397,0.18480175973987215,0.04539113181675287,0.0008075782265975977,0.0006904784511007418,100.0,0.0,63.5625,2.8277365064659046,1.0,0.0,4.1875,0.8076779989575054,4
