generation,mean_fitness_mean,mean_fitness_std,distance_from_optimum_mean,distance_from_optimum_std,phenotype_variance_mean,phenotype_variance_std,population_size_mean,population_size_std,n_parents_mean,n_parents_std,median_offspring_mean,median_offspring_std,max_offspring_mean,max_offspring_std,extinct_count
0,0.6735759407880908,0.03327190827842943,0.01715038281164811,0.007381453416786998,0.004638958459681004,0.0006847424499837606,100.0,0.0,63.0,2.9154759474226504,1.15,0.3570714214271425,4.25,0.6224949798994366,0
1,0.7406927845546836,0.03742020946555907,0.0200351840967606,0.007989499249588975,0.0032482530789499633,0.0005962059357516704,100.0,0.0,63.8,1.9899748742132402,1.0,0.0,4.35,0.6538348415311012,0
2,0.787410982803423,0.04254085576695348,0.021032229956437394,0.010344738556480177,0.002458262305464172,0.0004947771317136042,100.0,0.0,63.75,2.947456530637899,1.05,0.2179449471770337,4.05,0.4974937185533099,0
3,0.819085924709111,0.05531013340133329,0.024210611761792317,0.010145643256642918,0.001932069885436367,0.00072109730282654,100.0,0.0,62.2,3.1080540535840107,1.125,0.3112474899497183,4.2,0.6782329983125269,0
4,0.8375768470199961,0.04190821939757912,0.025121616616448916,0.010731973160297123,0.0015950435837338611,0.0005784293796059199,100.0,0.0,63.1,2.3853720883753127,1.05,0.21794494717703372,4.2,0.9797958971132711,0
5,0.8476921666646249,0.042575192069241555,0.0308075542258258,0.011449093247213334,0.0012637186727859912,0.0004676130150637579,100.0,0.0,63.6,2.8530685235374214,1.05,0.21794494717703372,4.55,0.9733961166965892,0
6,0.8364001609306826,0.04566420411532207,0.03722711875360146,0.01387079174362488,0.0011425548230807653,0.0003804004530363029,100.0,0.0,63.55,2.4181604578687494,1.075,0.23848480035423641,4.15,0.6538348415311012,0
7,0.8326569368107153,0.056156759169924145,0.04129999507015229,0.016167161655382307,0.0009684525594653839,0.00036872749462923867,100.0,0.0,64.05,2.9744747435471695,1.05,0.2179449471770337,4.0,0.5477225575051661,0
8,0.8159880397187275,0.06791963926731542,0.0465496767740359,0.017608815241962127,0.0009427358191621098,0.00038639606012513177,100.0,0.0,64.25,2.118372016431486,1.025,0.10897247358851683,4.3,0.9,0
9,0.800351948387436,0.07538792228720982,0.05107060149699013,0.017726291504948605,0.0009513611106227874,0.00042542195091675565,100.0,0.0,63.7,2.5317977802344327,1.025,0.10897247358851683,4.4,0.9695359714832658,0
10,0.7940221310684376,0.07224133596190437,0.052372156159965544,0.016518212484042918,0.0009886300492445985,0.00045083441156874886,100.0,0.0,63.1,2.681417535558384,1.125,0.3112474899497183,4.25,0.698212002188447,0
11,0.7963034477079153,0.07063391928652825,0.053638080270506504,0.015562883278923906,0.0009040101498191778,0.00045763027438788263,100.0,0.0,64.7,2.3473389188611007,1.0,0.0,4.25,1.0428326807307104,0
12,0.7823034355034812,0.06753286773252756,0.056951878206786946,0.016096814875040416,0.0009246314620846805,0.0004580252436780369,100.0,0.0,63.15,3.902242944769072,1.2,0.3674234614174767,3.95,0.49749371855331004,0
13,0.787787072363602,0.0717168158166296,0.0562564665889297,0.017790935717509355,0.0008431274231620062,0.000338575812711287,100.0,0.0,62.4,3.916631205513228,1.15,0.3570714214271425,4.45,0.5894913061275798,0
14,0.7893238364145078,0.07825883983048246,0.05633790581859216,0.018451870949368,0.0008051338015514556,0.00032439399921005353,100.0,0.0,62.5,3.427827300200522,1.075,0.23848480035423641,4.15,0.6538348415311012,0
15,0.7886818708234007,0.07803975259086714,0.05751125031437269,0.01710385532640981,0.0007745790684332908,0.00034684188114449154,100.0,0.0,62.7,2.8653097563788807,1.1,0.2549509756796392,4.4,0.6633249580710799,0
16,0.7882136623923941,0.07442674714225532,0.05696094962559924,0.016144679089675013,0.0008247477074852221,0.0003705607164634689,100.0,0.0,64.15,3.2905166767545793,1.05,0.21794494717703372,4.0,0.8366600265340756,0
17,0.7888863234594163,0.0782103907357472,0.05545283492701021,0.01752813660940763,0.0008887083134662356,0.00042852130346742443,100.0,0.0,63.65,2.5937424698685874,1.05,0.21794494717703372,3.85,0.3570714214271425,0
18,0.8104150809917516,0.07541147224096661,0.05209555196402386,0.01674760766510515,0.0007813219029423453,0.0003900847075340273,100.0,0.0,63.75,2.662235902394827,1.05,0.21794494717703372,4.2,0.8717797887081348,0
19,0.8183894632526874,0.07363397050745929,0.05066338047365495,0.016435733096825392,0.000727973420564535,0.0003475781874579735,100.0,0.0,63.1,3.766961640367472,1.1,0.3,4.4,0.6633249580710799,0
20,0.8283057300721147,0.07282801305265493,0.04747967573753247,0.016283141889910507,0.0007687314042454189,0.0003876591162533708,100.0,0.0,62.5,2.5592967784139455,1.0,0.0,4.25,0.6224949798994366,0
21,0.8374298165068852,0.06674690877563368,0.045147404345883484,0.016689006820698286,0.0007323975609129126,0.00035605108018462096,100.0,0.0,64.4,2.615339366124404,1.025,0.10897247358851683,4.15,0.653834841531101,0
22,0.8520590386277174,0.06001680499915966,0.04122955213423472,0.01586479870717954,0.0007179746393347613,0.0003479559229255928,100.0,0.0,64.3,3.287856444554719,1.0,0.0,4.1,0.7000000000000001,0
23,0.8610010317874586,0.05593367118805794,0.03669537461558059,0.016129990222519666,0.0007912929423748054,0.00033322523465523045,100.0,0.0,63.6,3.32264954516723,1.1,0.3,4.4,0.7999999999999999,0
24,0.873069492386428,0.051363012115328066,0.03324418680129081,0.014602101451582453,0.0007904001800770232,0.00031434343650776507,100.0,0.0,62.1,2.022374841615669,1.1,0.3,4.35,0.8529361054615991,0
25,0.8886272036637628,0.04716702897513519,0.028293484545010406,0.013502001091471703,0.0007566557071824594,0.00031673186479134536,100.0,0.0,63.9,2.5475478405713994,1.05,0.21794494717703372,4.15,0.7262919523166976,0
26,0.899613342588796,0.040938752621018336,0.024162790876536812,0.013086110923133163,0.0007343651162023633,0.0002772974403798567,100.0,0.0,64.15,2.4550967394381837,1.0,0.0,4.05,0.5894913061275798,0
27,0.910060954019792,0.035387406082612795,0.020328185217995655,0.011956255113797509,0.0007109392237111121,0.00033529286328404305,100.0,0.0,63.0,1.8973665961010275,1.0,0.0,4.25,0.7664854858377946,0
28,0.9131237465406123,0.03148664848996382,0.017454369606005885,0.009752939668401482,0.0007568350728377043,0.0003226552208408425,100.0,0.0,63.45,3.0573681492420897,1.075,0.23848480035423641,4.05,0.49749371855331,0
29,0.917988575569818,0.025596742625258392,0.0156140614485793,0.008880421262888778,0.0007559737614264984,0.0003031481545847093,100.0,0.0,63.55,3.169779172119093,1.0,0.0,4.4,0.7999999999999999,0
30,0.9199962859790075,0.023195571997214916,0.016192447384060123,0.007721411203102184,0.0007315045670138291,0.000281643180454531,100.0,0.0,63.85,2.7069355367278325,1.05,0.21794494717703372,4.3,0.6403124237432849,0
31,0.9216085719258953,0.022783571811436983,0.020075668707846217,0.008130921364218729,0.0006329624871458854,0.00025728156010723695,100.0,0.0,63.25,3.5899164335677787,1.05,0.15,4.1,0.8306623862918074,0
32,0.911582324753654,0.028626818793206707,0.026058305893444867,0.008274440809421819,0.0006057589457966517,0.00019219419686885024,100.0,0.0,62.8,2.6381811916545836,1.05,0.21794494717703372,4.05,0.5894913061275798,0
33,0.8999725361439257,0.03318100376580288,0.030858630215274012,0.009498591651138697,0.0005905591162719808,0.0001690567447354195,100.0,0.0,63.9,3.8327535793473597,1.0,0.0,4.1,0.8888194417315588,0
34,0.8816691970404967,0.041582228712230114,0.037500460479963145,0.009536780620151973,0.0005887766138988947,0.0002558311270835759,100.0,0.0,62.85,3.4536212878658255,1.075,0.23848480035423641,4.35,0.7262919523166975,0
35,0.8553558127337709,0.04804202707709986,0.04528431653898841,0.010375489802892738,0.0005886374807323503,0.00030580056023338665,100.0,0.0,63.95,3.3537292675468007,1.075,0.23848480035423641,4.15,0.4769696007084728,0
36,0.8319412618909118,0.04911589047690698,0.051351227390977604,0.011134245894516994,0.000578679943851192,0.00025687109120292747,100.0,0.0,63.55,3.089902911096076,1.1,0.3,4.35,0.792148975887743,0
37,0.8009038207515011,0.05191598661062258,0.058358593158635376,0.010705123061678458,0.0005929756058836847,0.0002536905623200856,100.0,0.0,63.5,2.8548204847240397,1.125,0.3112474899497183,4.3,0.714142842854285,0
38,0.7697358332082175,0.05480316323295876,0.06539081608215316,0.01089286531254549,0.000561807779523254,0.00023978530740073451,100.0,0.0,63.55,2.854382595238418,1.0,0.0,4.3,0.6403124237432849,0
39,0.7300657491626357,0.0613602382705018,0.07333331132761481,0.012151565247271885,0.0005710464204068392,0.00022505579399739292,100.0,0.0,63.5,2.5592967784139455,1.025,0.10897247358851683,4.15,0.653834841531101,0
40,0.6925122973750616,0.0659818851953256,0.08025595811352455,0.012747201020184212,0.000608339891433933,0.0002545138342034625,100.0,0.0,63.75,3.672533185690771,1.025,0.10897247358851683,3.9,0.6244997998398398,0
41,0.663464324272179,0.06694065865115192,0.0853502527537876,0.01355645362762291,0.0006437088920684521,0.00032787774085673535,100.0,0.0,63.35,2.554897258208243,1.0,0.0,4.05,0.6689544080129826,0
42,0.6401775719060068,0.07773069836356555,0.08917416358227277,0.015671522541202628,0.0006989195060420205,0.00029028169009899843,100.0,0.0,62.85,3.5535193822462827,1.025,0.10897247358851683,4.15,0.7921489758877431,0
43,0.6169765456832856,0.08435672875727963,0.09232922500321475,0.017689050630224662,0.0008106629546147587,0.0003746794425338142,100.0,0.0,63.15,3.5252659474144643,1.05,0.21794494717703372,4.35,0.9096702699330126,0
44,0.6112308700348862,0.1048858057486553,0.09318950664874691,0.021448978704062795,0.0008553756821233396,0.0004609421715554627,100.0,0.0,64.35,3.4391132578035286,1.05,0.21794494717703372,4.2,1.0770329614269007,0
45,0.6046154029012581,0.1168603209205215,0.09454258745954294,0.022820363313186067,0.0008467763141805478,0.00042038770927798323,100.0,0.0,64.0,3.271085446759225,1.05,0.21794494717703372,4.4,0.66332495807108,0
46,0.5997337591590979,0.1339784764164485,0.09540794325652505,0.026028112289028748,0.0008409122276552989,0.0005717057760198168,100.0,0.0,64.0,2.32379000772445,1.025,0.10897247358851683,4.05,0.5894913061275798,0
47,0.5855462835879357,0.13640658120737958,0.09797953340599233,0.02584594678372184,0.0008936439851296493,0.00044799747744376297,100.0,0.0,62.95,3.3387872049593095,1.075,0.23848480035423641,4.25,0.7664854858377946,0
48,0.587188167046679,0.1381214060968424,0.09724428242305552,0.026463043815861533,0.0009027551806493394,0.0004446314756872947,100.0,0.0,63.8,3.3406586176980126,1.05,0.21794494717703372,4.0,0.5477225575051661,0
49,0.5853891249585408,0.1330812504408864,0.0975527502180299,0.026123623369786377,0.0009394042263627695,0.0004272493167556548,100.0,0.0,63.2,2.6758176320519302,1.05,0.2179449471770337,4.1,0.6244997998398398,0
50,0.5872378483291169,0.12804983631347397,0.09713493622904501,0.0251227019243515,0.0009705152204104193,0.0005043650111356384,100.0,0.0,64.4,2.8,1.05,0.15,4.0,0.8366600265340756,0
51,0.6008676802711649,0.1167666380084287,0.09476374960144568,0.023276243024729422,0.0009416936087531778,0.0003982671468348983,100.0,0.0,62.7,3.874274125562103,1.125,0.3112474899497183,4.5,0.5916079783099616,0
52,0.6039557721429147,0.11936554242648797,0.09294301296870823,0.02491165487173724,0.0009746661730100602,0.00042562541025450377,100.0,0.0,64.45,3.2935543110748915,1.0,0.0,4.5,0.9746794344808963,0
53,0.6068441143370097,0.11580696994283868,0.09234104845584352,0.023905591496279802,0.0009734744759077581,0.0005769984101536841,100.0,0.0,62.95,2.376446927663229,1.075,0.23848480035423641,4.35,0.47696960070847283,0
54,0.6227610411876394,0.1114060922966866,0.08914519278067197,0.02330457685192546,0.0010230895695004414,0.00064707654965768,100.0,0.0,62.55,3.5563323804166562,1.1,0.2549509756796392,4.55,0.5894913061275798,0
55,0.6422591168187882,0.10470863240495001,0.08548556067161588,0.02274508242487766,0.000987144891588281,0.0005770859256248208,100.0,0.0,64.05,3.57036412708844,1.05,0.21794494717703372,4.1,0.6244997998398398,0
56,0.6581197097084653,0.10793519819651835,0.08284785678005464,0.022596736462081934,0.0009460725598507827,0.0005142327107710416,100.0,0.0,63.5,3.0083217912982647,1.0,0.0,3.95,0.3840572873934304,0
57,0.6804475705640025,0.11463258395482212,0.07769305125389206,0.023705512589370002,0.0009516606480395632,0.0006143744660076021,100.0,0.0,62.4,3.2619012860600183,1.075,0.23848480035423641,4.35,0.5722761571129799,0
58,0.7053469919165456,0.11616266709444147,0.07177013762755807,0.02489754917739436,0.000953169728739828,0.000737069129564169,100.0,0.0,63.25,2.9979159427842537,1.125,0.3112474899497183,4.2,0.6,0
59,0.7270813404722072,0.11059713285415157,0.06710364388154338,0.02481364476864367,0.0009324328082840894,0.0007518481308593968,100.0,0.0,62.95,2.4181604578687494,1.1,0.3,4.35,0.7262919523166975,0
60,0.7415478464583323,0.1048739164182771,0.06465250424102037,0.023936662233721092,0.0009005210440949597,0.0006493288453276544,100.0,0.0,64.3,2.685144316419511,1.05,0.2179449471770337,4.2,0.6,0
61,0.7620841087514192,0.09506750620372259,0.06068016235563432,0.02329407577939325,0.000845202468683175,0.0004760473599444999,100.0,0.0,63.6,2.817800560721074,1.05,0.21794494717703372,4.1,0.5385164807134504,0
62,0.7799671452708873,0.09246908761711777,0.059385254863642455,0.020417948449067896,0.0006956727423127234,0.0003318796237060304,100.0,0.0,63.85,2.7253440149823285,1.05,0.21794494717703372,4.05,0.739932429347437,0
63,0.7998857722590234,0.08667745700371252,0.05564527722818326,0.01922563211230402,0.0006458206518039449,0.00035132531034560115,100.0,0.0,62.0,2.6457513110645907,1.1,0.3,4.5,1.0723805294763609,0
64,0.815264449323666,0.07853949904459667,0.05222472869027457,0.018366012726949377,0.0006403256655385753,0.0003027174300032333,100.0,0.0,63.1,3.576310948449533,1.0,0.0,4.25,0.7664854858377946,0
65,0.8334813926385092,0.07479062735781991,0.04773324733810461,0.017488911910329596,0.0006425982176203568,0.0003502929891713742,100.0,0.0,63.95,2.8892040426387333,1.0,0.0,4.25,0.8874119674649424,0
66,0.8476486721984428,0.06556875810028841,0.04344003949018836,0.016781194568814186,0.0006594766117016376,0.00032187111844566825,100.0,0.0,63.45,2.5782746168707473,1.1,0.3,4.05,0.739932429347437,0
67,0.869112201104991,0.05609206378761454,0.03772905272960901,0.01588729175336908,0.0006397268035550697,0.00030573788814769096,100.0,0.0,62.65,3.7719358425084595,1.1,0.3,4.1,0.5385164807134504,0
68,0.8833640851682579,0.052199953781250225,0.03297385641575977,0.0145127639125879,0.0006545810911191277,0.0003109334155082816,100.0,0.0,63.15,2.7436289836637897,1.075,0.23848480035423641,4.25,0.6224949798994366,0
69,0.8958137624014479,0.04145286544950601,0.028853286161680168,0.012346221371634134,0.0006599129247382353,0.0003661036024204828,100.0,0.0,63.7,2.4919871588754225,1.05,0.21794494717703372,3.95,0.5894913061275798,0
70,0.9022496587524413,0.03651432458297429,0.02716558591060799,0.010950474696120902,0.0006527878796877436,0.00029687915396291767,100.0,0.0,64.6,3.3823069050575523,1.05,0.21794494717703372,4.1,0.8306623862918076,0
71,0.9043096227756153,0.04318148049761312,0.028394488764825625,0.010780449478933295,0.0005901755872135207,0.000282398058921243,100.0,0.0,63.8,2.1587033144922905,1.0,0.0,4.2,0.7483314773547883,0
72,0.8984616364144214,0.049763911855717526,0.029288711642212983,0.010972656646697604,0.0006428749827762379,0.0003246734681864332,100.0,0.0,63.4,2.7459060435491964,1.075,0.23848480035423641,4.15,0.7262919523166976,0
73,0.8920144510924184,0.05160173133938402,0.03224910053296444,0.012160380854774363,0.0006211128436374941,0.0003102906402482141,100.0,0.0,62.95,2.747271373563231,1.1,0.3,4.5,0.806225774829855,0
74,0.8764440299534707,0.05612890373895257,0.03677021762299349,0.014105807036088432,0.0006432651621408153,0.0003275935263017532,100.0,0.0,63.7,1.8734993995195195,1.125,0.3112474899497183,4.15,0.5722761571129799,0
75,0.8622349576136816,0.053668411915865424,0.040974886463638754,0.014679743631776121,0.0006412025898226133,0.00036570769860083647,100.0,0.0,63.35,2.372235232855292,1.2,0.4,4.25,0.7664854858377946,0
76,0.8387908045765224,0.05526468000126776,0.04720839880102963,0.014696857308977096,0.0006664951173408874,0.0003201468716185469,100.0,0.0,63.85,3.1980462785894765,1.125,0.3112474899497183,4.05,0.49749371855331004,0
77,0.8186175878491199,0.0542122464553907,0.05316399381818958,0.014881771616013794,0.0006186290343208842,0.00027775468926408365,100.0,0.0,62.45,2.5975950415721076,1.025,0.10897247358851683,4.45,0.8046738469715541,0
78,0.7919800174344206,0.060982135413149556,0.05989799894331016,0.015951030204683986,0.0005780318576091368,0.0002699798577675913,100.0,0.0,63.4,3.2155870381627056,1.125,0.3112474899497183,4.25,0.698212002188447,0
79,0.7636303752552956,0.06461561521371825,0.06580609976637443,0.015804892436976435,0.0005898318662541434,0.0002147866010039319,100.0,0.0,62.65,3.7453304260105007,1.025,0.10897247358851683,4.25,0.698212002188447,0
80,0.7313175895250738,0.06355425256143644,0.07139783443929043,0.01455650749033237,0.0006582952757241235,0.00027423742126041873,100.0,0.0,62.65,3.785168424258028,1.05,0.21794494717703372,4.1,0.5385164807134504,0
81,0.6947497822190759,0.06706256399269306,0.07781679224938484,0.014266410889866488,0.0007318663362277898,0.00031079679094134016,100.0,0.0,63.4,3.1208973068654475,1.0,0.0,4.45,0.5894913061275798,0
82,0.6652712625097299,0.0706812299743166,0.08305115325049148,0.013719352847080745,0.0007903150107401713,0.00032391617872829507,100.0,0.0,63.35,3.1666228067138023,1.025,0.10897247358851683,4.3,0.9539392014169457,0
83,0.6408831221652024,0.07619343933925427,0.08717488870897473,0.014047128076720474,0.0008754062948174519,0.0003466517517680827,100.0,0.0,62.5,3.170173496829472,1.0,0.0,4.45,0.6689544080129827,0
84,0.626029327245776,0.08447106420488035,0.08815332775541458,0.01652194424782212,0.001035368981558788,0.000502404304764907,100.0,0.0,64.3,2.5709920264364885,1.025,0.10897247358851683,4.15,0.792148975887743,0
85,0.6156907329186485,0.09873120736531166,0.09039608127858335,0.01828588186257781,0.0009899357839285175,0.0004519857554375657,100.0,0.0,62.4,3.4263683398023628,1.125,0.3112474899497183,4.45,0.9205976319760985,0
86,0.6019812909049371,0.11244877406962457,0.0931560048120719,0.02003365615211642,0.0010007948791956793,0.0004765994949498375,100.0,0.0,64.35,2.95423424934449,1.0,0.0,4.15,1.0136567466356647,0
87,0.5865212204987215,0.12154137114002814,0.09602480479477712,0.02085346832263993,0.0010453736052595127,0.0005682235461117634,100.0,0.0,62.75,2.7179955849853767,1.0,0.0,4.25,0.698212002188447,0
88,0.5849299308871927,0.12692088853992117,0.09673240565416402,0.02142887113676544,0.0010317008845411176,0.0005747139182959595,100.0,0.0,63.5,2.9748949561287032,1.0,0.0,4.25,0.698212002188447,0
89,0.5759540232578546,0.12432799825733007,0.09872532138074964,0.021603809880835705,0.0009974716852938206,0.0005681419648593324,100.0,0.0,64.35,2.393219588754864,1.05,0.21794494717703372,4.2,0.7483314773547883,0
90,0.574444491956861,0.1289146991909583,0.09936020650005396,0.02255817683795336,0.0009758448116167429,0.000535995386887041,100.0,0.0,65.3,3.1638584039112754,1.0,0.0,4.0,0.7745966692414834,0
91,0.5695592982376766,0.13063638262071958,0.10028811880556136,0.023228790214489682,0.0009593401757201061,0.0005531056940463499,100.0,0.0,62.15,3.811495769379785,1.2,0.3674234614174767,4.2,0.8717797887081347,0
92,0.5811153764290029,0.13456968070333733,0.09847803011277512,0.024416758740320406,0.0009034109507462275,0.00044935794088269565,100.0,0.0,63.3,3.116087290176577,1.025,0.10897247358851683,4.35,0.6538348415311012,0
93,0.5939473412875479,0.12520799391952414,0.09621247955877846,0.023112591067417587,0.0008880601296640669,0.00043643796086527506,100.0,0.0,64.7,2.8478061731796287,1.05,0.21794494717703372,4.1,0.8306623862918074,0
94,0.6071906374976022,0.12001591112824793,0.0938107992797497,0.02227378534113274,0.0009094074537332071,0.00041958158795308366,100.0,0.0,62.3,3.0182776545573144,1.1,0.3,4.45,0.6689544080129827,0
95,0.6225221778927574,0.11211702751486591,0.09091041804421826,0.021386821536784412,0.0009222409967510201,0.00039529178328891364,100.0,0.0,63.65,2.903015673398957,1.0,0.0,4.3,0.5567764362830022,0
96,0.6461951618078998,0.11057242559977994,0.08683808892035084,0.02063342081743312,0.0008537115795287901,0.0003768973545429841,100.0,0.0,64.35,3.3507461855533016,1.075,0.23848480035423641,4.0,0.6324555320336759,0
97,0.6633301911171972,0.10993066872423031,0.08325857911891307,0.021124446641242463,0.0008683547576165005,0.00040347674584279296,100.0,0.0,63.7,3.3481338085566414,1.15,0.3570714214271425,4.4,0.7348469228349535,0
98,0.6853638624415831,0.10886841613539143,0.07781513931981177,0.021406039629243378,0.0009369067789261325,0.00035413920879835226,100.0,0.0,63.25,2.6995369973386176,1.1,0.2549509756796392,4.3,0.7810249675906654,0
99,0.6968826763882776,0.11098127102830926,0.07636403776084158,0.02173218949121883,0.0008666179246648584,0.00035677452742998627,100.0,0.0,62.7,3.536947836765479,1.2,0.4,4.1,0.7681145747868608,0
100,0.7236632776617676,0.11147537674493758,0.07172077380915805,0.02235108516292262,0.0007489290549003973,0.000292167574498708,100.0,0.0,64.1,2.773084924772409,1.0,0.0,4.25,0.8874119674649424,0
101,0.7398747759783012,0.11619505245386705,0.06865351393373467,0.023462799601589018,0.000704833015743062,0.00020590876255893576,100.0,0.0,64.75,1.894069692487581,1.025,0.10897247358851683,4.1,0.7681145747868608,0
102,0.7678395642383934,0.11154197203289891,0.06316936735263276,0.022171118069637393,0.0006685562440163674,0.0002177325155693578,100.0,0.0,63.35,3.758656674930553,1.1,0.3,3.9,0.6244997998398398,0
103,0.7951993971959644,0.10124571640144805,0.057417701656578134,0.021730639031519602,0.0006157410402083161,0.00019953723252890264,100.0,0.0,63.95,3.0736785778607367,1.05,0.21794494717703372,4.2,0.6,0
104,0.8121092391623224,0.09038580417994635,0.053125320824860336,0.019528409793844348,0.0006816990003313236,0.00023172217594070167,100.0,0.0,64.15,3.5815499438092444,1.15,0.3570714214271425,4.25,0.698212002188447,0
105,0.8337510654270858,0.08246587209622237,0.04835909773208005,0.01850748467721823,0.0006184010846823247,0.00022425083462571083,100.0,0.0,64.3,2.3473389188611007,1.05,0.21794494717703372,4.05,0.804673846971554,0
106,0.8572885398141622,0.0675168159249731,0.041723074728082024,0.01727388962060107,0.0006384164111623658,0.0002851199610928099,100.0,0.0,62.15,1.8241436346954694,1.1,0.3,4.4,0.6633249580710799,0
107,0.876867947678169,0.05612067252322525,0.03713426682670617,0.015256992572622786,0.0006007945975472816,0.0002048508311298722,100.0,0.0,64.3,3.6891733491393435,1.0,0.0,4.1,0.5385164807134504,0
108,0.8892117225037891,0.04626288579794698,0.032498578589667176,0.013675587855188562,0.0006322359713709076,0.0001831704780733677,100.0,0.0,63.05,3.4709508783617204,1.05,0.15,4.2,0.6,0
109,0.9110003400927231,0.03161087601897331,0.025885614077031893,0.010843343110634516,0.0005929670876273722,0.0001871554800312918,100.0,0.0,61.95,2.6358110706194404,1.025,0.10897247358851683,4.5,1.0723805294763609,0
110,0.9266735844017664,0.019725003122375906,0.021730574648817457,0.008411450319873188,0.0005299022007393525,0.00016499747641888544,100.0,0.0,63.9,2.754995462791182,1.05,0.21794494717703372,4.15,0.8529361054615991,0
111,0.9273547743916133,0.018054152357974952,0.018147137645770677,0.008070478492724013,0.0005991767092943741,0.0002064939579532087,100.0,0.0,63.2,3.325657829663178,1.025,0.10897247358851683,4.1,0.8306623862918076,0
112,0.9251192125545311,0.026625131208683546,0.019644831550993704,0.0097654833487595,0.0005872499361661181,0.00022354008727699294,100.0,0.0,64.15,3.118894034750139,1.05,0.21794494717703372,4.25,0.7664854858377946,0
113,0.9137794248901722,0.032098869597786406,0.024920464035366945,0.012719984896882705,0.0005706357551696613,0.00019126091542205466,100.0,0.0,63.05,2.7290108097990378,1.125,0.3112474899497183,4.3,0.6403124237432849,0
114,0.9001851028423161,0.03856864794576892,0.030362079994600517,0.012793844548730124,0.0005847331638808297,0.0001748975235839059,100.0,0.0,62.9,3.254228019054596,1.05,0.21794494717703372,4.35,0.7262919523166975,0
115,0.8749310497189088,0.04903722575899487,0.03887037197792389,0.013849192145095,0.000575254049942886,0.00020264651183544033,100.0,0.0,63.75,2.6433879775772606,1.025,0.10897247358851683,4.55,0.9733961166965892,0
116,0.8512244565519019,0.05899450664567191,0.0465338977139858,0.013886402672318407,0.0005367139063313482,0.00018125465998680698,100.0,0.0,63.4,2.7820855486487113,1.075,0.23848480035423641,4.15,0.5722761571129799,0
117,0.8169305647954795,0.0692056010845862,0.055090969400566334,0.014944640900456432,0.0005437944182245847,0.00022271002129804673,100.0,0.0,63.55,2.957617284234051,1.05,0.21794494717703372,4.1,0.43588989435406733,0
118,0.7823665723779624,0.07123111287144908,0.0619844178372046,0.01452148077947025,0.0006049499752413614,0.0002014319208698911,100.0,0.0,63.55,3.2167530212933664,1.075,0.23848480035423641,4.0,0.6324555320336759,0
119,0.7461839677276956,0.07600336874496567,0.06965730878719825,0.014549952958272494,0.0006042325047773191,0.00022351842173925124,100.0,0.0,62.95,2.246664193866097,1.025,0.10897247358851683,4.25,0.7664854858377946,0
120,0.7130295623656593,0.08198080741384343,0.07571545333655527,0.014817794332260756,0.0006501918818359881,0.00019797023490037446,100.0,0.0,63.1,3.176476034853718,1.075,0.23848480035423641,4.1,0.6244997998398398,0
121,0.6864893994498826,0.07980873693721167,0.08065734097698073,0.014221524902883339,0.000690236229912609,0.0002017728864312556,100.0,0.0,62.85,2.5937424698685874,1.025,0.10897247358851683,4.4,0.58309518948453,0
122,0.6642991785390107,0.08793900976081098,0.08438979977020244,0.015728474727846827,0.000760360222227637,0.0003069213783768807,100.0,0.0,63.95,2.3973944189473704,1.025,0.10897247358851683,4.05,0.5894913061275798,0
123,0.6443728765911052,0.08459327620682347,0.0871969417871257,0.01577424821286541,0.0008610659556027819,0.00035962892090116703,100.0,0.0,62.9,3.548238999842034,1.1,0.3,4.2,0.5099019513592784,0
124,0.6258644021529103,0.08060912476295116,0.0909562675783286,0.01532169462657062,0.0008404493237366072,0.00035510271482923675,100.0,0.0,64.0,3.8340579025361627,1.175,0.36314597615834876,4.0,0.6324555320336759,0
125,0.614249675363238,0.08520979109079331,0.09265052162399276,0.016727676875840713,0.000877217287823268,0.0003542675670541521,100.0,0.0,63.35,3.5535193822462823,1.15,0.3570714214271425,4.0,0.8366600265340756,0
126,0.5985372309629934,0.0820573902097397,0.09514361282459652,0.01577510805095451,0.0009287658792241249,0.0003997424546954788,100.0,0.0,62.85,3.7050641020095725,1.15,0.3570714214271425,4.05,0.739932429347437,0
127,0.5902119233202999,0.08315022281736513,0.09624314171065054,0.016060688581082595,0.000972478880052503,0.0004697510066420904,100.0,0.0,63.55,3.2167530212933664,1.075,0.23848480035423641,3.95,0.49749371855331004,0
128,0.5853949957965872,0.08120407943191292,0.09707772731843181,0.015596335039394942,0.0009668117842202614,0.0004693315486362146,100.0,0.0,63.95,2.9576172842340505,1.0,0.0,4.0,0.7071067811865476,0
129,0.5802617528842358,0.09086932425627782,0.09860725990647044,0.017555053754216593,0.0008947085652851866,0.00039076202613352174,100.0,0.0,63.8,2.541653005427767,1.05,0.21794494717703372,4.45,0.5894913061275798,0
130,0.5898820086663424,0.09555677703258694,0.09578451857871209,0.019538049957242797,0.0010013472596049646,0.0003846802772894159,100.0,0.0,63.1,2.6814175355583845,1.05,0.21794494717703372,4.3,0.7810249675906654,0
131,0.5887450833940175,0.09410570484062596,0.09557356525505911,0.019617987555748048,0.0010457698116610973,0.00043872560428514026,100.0,0.0,64.25,2.680951323690902,1.0,0.0,4.25,0.7664854858377946,0
132,0.6042805019972125,0.10655161161195979,0.09148288745198,0.021638848491200652,0.0011109113442792687,0.0005830833013598775,100.0,0.0,62.5,2.5199206336708304,1.075,0.23848480035423641,4.55,0.8046738469715541,0
133,0.6173618281106303,0.10478723981191715,0.08817377143574275,0.020540677643253343,0.0012065225104921963,0.0007246398226221815,100.0,0.0,64.0,3.146426544510455,1.05,0.21794494717703372,3.9,0.7681145747868608,0
134,0.6423600558669479,0.11601482064215239,0.08273791359244748,0.024859395639839292,0.001187582226446537,0.0007321706554898417,100.0,0.0,64.4,2.9899832775452104,1.05,0.15,4.05,0.804673846971554,0
135,0.6596562321487945,0.1123744861516505,0.07989791627151016,0.023448096546922464,0.0011799828344514734,0.0006326545625391762,100.0,0.0,64.1,2.605762844159076,1.025,0.10897247358851683,4.2,0.6782329983125268,0
136,0.6697607397923944,0.10819886253008108,0.0786691966909857,0.022908707382022636,0.0011003374006895144,0.0005576960527050786,100.0,0.0,63.8,2.3151673805580453,1.1,0.3,4.15,0.7262919523166975,0
137,0.6938628160459407,0.10155531964158263,0.07357737574881472,0.02248461301449848,0.0010682831689600488,0.0006144142667210923,100.0,0.0,64.35,3.7453304260105007,1.1,0.3,4.2,0.5099019513592785,0
138,0.7154739128945766,0.09955156682889517,0.0687431928472054,0.021526403630886697,0.0011086809627903669,0.0006875458478220917,100.0,0.0,63.6,2.353720459187964,1.0,0.0,4.15,0.7262919523166976,0
139,0.7344468344257586,0.09635376683426482,0.06534203004702067,0.02082993186029416,0.0010652479521355174,0.000684270049298842,100.0,0.0,63.1,3.5482389998420345,1.05,0.15,4.35,0.9096702699330126,0
140,0.7682764749890436,0.08034001147490592,0.05756857826646568,0.018667465002836635,0.0010562706749447097,0.0006093295781377286,100.0,0.0,63.25,3.1284980421921316,1.025,0.10897247358851683,3.8,0.6,0
141,0.7960151184434099,0.06655154350432968,0.05079209270368501,0.017926907102249298,0.0010226171814453782,0.0005580181426190342,100.0,0.0,62.05,2.654712790491657,1.15,0.3570714214271425,4.5,0.7416198487095663,0
142,0.8103407798431291,0.05526405486222252,0.048161385084585354,0.016097587658983906,0.0009883828546333347,0.0005389850612309547,100.0,0.0,63.35,2.2197972880423116,1.05,0.21794494717703372,4.25,0.8874119674649424,0
143,0.8328596714831406,0.04784574874796304,0.04263342326830732,0.015123756095559372,0.0009433811289247075,0.0003820495180801164,100.0,0.0,62.7,3.3926390907374753,1.075,0.23848480035423641,4.55,0.5894913061275798,0
144,0.8501911608434256,0.05264416583111636,0.03745486798926023,0.014757768146429507,0.000935500697331704,0.0004186990704161448,100.0,0.0,62.95,3.007906248539007,1.025,0.10897247358851683,4.3,0.714142842854285,0
145,0.864648425379167,0.05047996531504319,0.0341332450689375,0.014641121953231225,0.0008621340100406596,0.00032451471447977784,100.0,0.0,63.25,3.2384409829422554,1.1,0.3,4.35,0.5722761571129799,0
146,0.8781270334590994,0.04248346286823214,0.03221742675603997,0.012440709584248345,0.0007792824547865794,0.0002883840369729347,100.0,0.0,62.75,2.56661255354212,1.0,0.0,4.25,0.698212002188447,0
147,0.8897371714619297,0.04255432334843592,0.031234692481871707,0.01236759424106265,0.0006685542583586962,0.00028650093817087017,100.0,0.0,63.45,2.6167728216259047,1.05,0.15,4.0,0.8944271909999159,0
148,0.8967853528437214,0.03994392274519579,0.029029224306585593,0.012837728812705692,0.0006487371278466058,0.00031609709351195756,100.0,0.0,63.6,2.8000000000000003,1.0,0.0,4.25,0.6224949798994366,0
149,0.8995087088308111,0.038699973901117395,0.029510879750496,0.011900015957820026,0.0006128931088378727,0.00029757703025646177,100.0,0.0,63.5,3.7349698793966195,1.05,0.15,4.2,0.5099019513592784,0
150,0.9023580920815762,0.04376106491313065,0.029136917215109227,0.013808594764499416,0.0005633238391036957,0.00032337789545346183,100.0,0.0,63.4,2.764054992217051,1.125,0.3112474899497183,4.25,0.8874119674649424,0
151,0.896799875090396,0.04868193083943379,0.030328211815499346,0.0160136789157619,0.0005666187614162632,0.00036100778160769913,100.0,0.0,63.75,2.5273503912200224,1.1,0.3,4.05,0.804673846971554,0
152,0.8851818203571489,0.05403242018173384,0.03334475532262037,0.017218139017773467,0.0005975960450349162,0.0003145841789116123,100.0,0.0,64.35,3.9909272105614755,1.05,0.21794494717703372,4.05,0.5894913061275798,0
153,0.8723057300759152,0.05982993705603873,0.03761208863313208,0.018441732327612665,0.0005819183960986829,0.00022664454107150487,100.0,0.0,62.75,2.6052830940226053,1.05,0.21794494717703372,4.15,0.7262919523166975,0
154,0.8570257482824726,0.06845529443478429,0.04223366013903029,0.01893823147104881,0.0005844062590959952,0.0002655601989328678,100.0,0.0,63.55,2.3973944189473704,1.05,0.21794494717703372,4.15,0.6538348415311012,0
155,0.8300211007360024,0.07759540913004115,0.04952027547080288,0.01919836098497353,0.0006059170450609678,0.0002703760623472289,100.0,0.0,63.2,2.5219040425836985,1.0,0.0,4.45,0.8645808232895291,0
156,0.8041732630507026,0.0816145192266619,0.05547295529219526,0.018653125342474798,0.0006158876860202219,0.0002638696174899088,100.0,0.0,62.8,3.370459909270543,1.1,0.2549509756796392,4.4,0.7348469228349533,0
157,0.7742342958683434,0.0857847033404761,0.06145433989023669,0.017820815128499597,0.000704535909449826,0.0003362819748220882,100.0,0.0,63.0,2.8809720581775866,1.05,0.21794494717703372,4.35,0.5722761571129799,0
158,0.7365134887916194,0.0922762942362396,0.06893144417614896,0.017640276106465732,0.0007518387184542237,0.00036885689009911717,100.0,0.0,63.35,3.2446109165815247,1.025,0.10897247358851683,4.15,0.9096702699330127,0
159,0.7028106346820645,0.09470141633547718,0.07556149752000382,0.017242203981923204,0.0008075397943107573,0.00036251078385067997,100.0,0.0,63.25,3.031088913245535,1.1,0.2549509756796392,4.05,0.864580823289529,0
160,0.6768074031073061,0.09468470212445503,0.07955706943685703,0.017420941231669648,0.0008918212433267958,0.0005068962901466471,100.0,0.0,62.65,2.7436289836637897,1.1,0.3,4.25,0.5361902647381804,0
161,0.6531250043748972,0.0931155070737025,0.08376825233699478,0.0177933555535469,0.0009491211089919857,0.000564986045979773,100.0,0.0,62.95,3.694252292413175,1.1,0.3,4.15,0.5722761571129799,0
162,0.6292192908268758,0.10450841228439181,0.08862233157462249,0.02069262793192969,0.0009335800362554519,0.0005333492206251153,100.0,0.0,63.9,3.6318039594669758,1.15,0.3570714214271425,4.1,0.7000000000000001,0
163,0.6166710397321694,0.11095922058950763,0.09105030357266589,0.02207374643709596,0.0009456096375680545,0.000490361388765873,100.0,0.0,61.95,3.800986713999406,1.15,0.3570714214271425,4.2,0.6,0
164,0.603923253731091,0.1139055706171372,0.09289886185254234,0.022293077551815508,0.0010367738982006622,0.0005307240629873062,100.0,0.0,64.05,3.1220986531498327,1.05,0.2179449471770337,4.2,0.7483314773547883,0
165,0.5948057363881325,0.10669889316067828,0.09445312533384073,0.021340295587587706,0.0010653839155585108,0.0005337280272788613,100.0,0.0,63.05,2.692118125194361,1.1,0.3,4.3,0.6403124237432849,0
166,0.5878524000523844,0.10268491103231722,0.09520491513076207,0.01937694020655105,0.0011410055196782402,0.0005879475373754151,100.0,0.0,63.1,2.8442925306655784,1.025,0.10897247358851683,3.95,0.6689544080129826,0
167,0.5961326860553602,0.1094981815817189,0.09312628256108346,0.020458223609126636,0.0011345150555781753,0.0006473011036734076,100.0,0.0,63.65,2.6129485260907837,1.05,0.21794494717703372,4.45,0.7399324293474372,0
168,0.5914043443681334,0.12149092088196665,0.09376601028336462,0.02228746763323912,0.0011165040574434956,0.0008241433786701822,100.0,0.0,62.05,3.232259271778797,1.125,0.3112474899497183,4.5,0.6708203932499369,0
169,0.5872392905054334,0.11902821157835941,0.09465319370568279,0.021721878352484823,0.0010773375165695185,0.0007277279993005175,100.0,0.0,64.25,2.1418449990603894,1.0,0.0,4.05,0.5894913061275798,0
170,0.5819076014765738,0.11597624337510964,0.09538888229695595,0.02137406466949309,0.0011351601256332756,0.0006633165392825693,100.0,0.0,63.85,3.5954832776693593,1.025,0.10897247358851683,4.1,0.7000000000000001,0
171,0.5875123842061154,0.1117614480353445,0.09457695607682445,0.021134974738909705,0.0011569657273074806,0.0006261825443371894,100.0,0.0,66.3,2.98496231131986,1.0,0.0,4.15,0.7262919523166976,0
172,0.6031718035997159,0.10540426333886944,0.09248782173328088,0.019701840919735918,0.001134299452189852,0.000601325557381007,100.0,0.0,63.15,2.8857408061016154,1.05,0.21794494717703367,4.3,0.714142842854285,0
173,0.6183272912376853,0.10286804993793987,0.08865652785895509,0.020127822842102426,0.00123183172465456,0.0006662625561229332,100.0,0.0,63.0,2.949576240750525,1.1,0.3,4.15,0.7262919523166975,0
174,0.6378187666833587,0.10134583094963989,0.08472294452499914,0.019963049399001488,0.001257833311899536,0.000659265309385656,100.0,0.0,62.95,1.9615045245933032,1.125,0.3112474899497183,4.0,0.5477225575051661,0
175,0.6760024682149743,0.10513811953163704,0.07650270703093506,0.019517644257183712,0.0012968701619998821,0.0007282985807790771,100.0,0.0,63.75,3.3893214660164652,1.1,0.3,4.15,0.7921489758877431,0
176,0.6986140098755254,0.10152363799772851,0.07339541960672322,0.019306389846428726,0.001139868207705548,0.0006710058240666279,100.0,0.0,63.15,3.4245437652335533,1.05,0.21794494717703372,4.7,0.9539392014169457,0
177,0.7168660578935289,0.10663291622626356,0.07041704420739228,0.02089347055298226,0.000997799162982754,0.0005723006339799515,100.0,0.0,62.4,3.9799497484264803,1.2,0.4,4.35,0.7921489758877431,0
178,0.740925891433547,0.10394777243552905,0.06629956526235961,0.021538702648649828,0.0008590832907823217,0.0005883518867641313,100.0,0.0,62.55,2.558808316384797,1.1,0.3,4.0,0.7745966692414834,0
179,0.7575840318242542,0.09919624950233501,0.06356942682024902,0.02050521766829639,0.0008070471269240058,0.0005557150137359784,100.0,0.0,63.85,3.0540956108150903,1.025,0.10897247358851683,4.15,0.7262919523166976,0
180,0.7770223360202503,0.09223207070950848,0.06005590855192163,0.01814819660995326,0.0007497611491259562,0.0005096601159392057,100.0,0.0,62.65,3.395217224272992,1.125,0.3112474899497183,4.25,0.7664854858377946,0
181,0.7924300049261,0.09005633438864344,0.05623910905156182,0.01764845512928087,0.0007520506689407383,0.0005864156446099826,100.0,0.0,63.3,2.666458325194677,1.1,0.3,4.05,0.5894913061275797,0
182,0.8058012741877176,0.08329195353813822,0.05285721283723405,0.017272669763373667,0.000770638572596985,0.0005243823252330909,100.0,0.0,63.3,2.7766886753829643,1.0,0.0,4.3,0.7810249675906654,0
183,0.819852881506894,0.08121818380994295,0.04891002678564668,0.01764860354252725,0.0007789736496334649,0.000588588169049545,100.0,0.0,63.0,3.3763886032268267,1.075,0.23848480035423641,4.3,0.7810249675906654,0
184,0.8389523927920338,0.0702469032126637,0.04509373216726817,0.015752371702155824,0.0007376373326145179,0.0004598838398062298,100.0,0.0,63.65,2.5548972582082436,1.075,0.17853571071357124,3.8,0.6,0
185,0.85087251428745,0.06488654958306761,0.041494685507780966,0.01537213496081072,0.0007384049666657393,0.0004023452222001863,100.0,0.0,63.75,3.4478254016118624,1.0,0.0,4.15,0.6538348415311009,0
186,0.8667964637007837,0.06398568671203206,0.037174888414675956,0.014385377680315512,0.0007216236246975793,0.0004223094481922703,100.0,0.0,62.95,2.9236107812087435,1.05,0.2179449471770337,4.1,0.7000000000000001,0
187,0.8740134614195465,0.050707619422572306,0.0335455297254008,0.013473269983577764,0.0007842608357709738,0.0003861216785908162,100.0,0.0,63.4,2.3958297101421877,1.05,0.21794494717703372,4.2,0.7483314773547883,0
188,0.886998049600724,0.039626452349070924,0.030891217962803964,0.01365250702491008,0.000703761294251388,0.00034259427816491357,100.0,0.0,63.15,2.104162541250081,1.0,0.0,4.05,0.5894913061275797,0
189,0.8919696811398818,0.03931692480504379,0.027189878217724693,0.013961944799057442,0.0007563631660346071,0.0003751929286025246,100.0,0.0,64.3,3.303028912982749,1.1,0.3,3.8,0.6782329983125268,0
190,0.9017947506827368,0.040339626586920044,0.024898957710015223,0.01412054461117067,0.000696398131384613,0.0003219377603458068,100.0,0.0,62.55,3.4128433893163046,1.1,0.3,4.05,0.49749371855331004,0
191,0.9048863706674315,0.0438387998669795,0.02307297325590845,0.015517639089971553,0.0006914328939713334,0.00027265753198070134,100.0,0.0,64.15,4.269367634673781,1.1,0.3,4.1,0.7,0
192,0.90832472098863,0.04349984661656069,0.023880513100090497,0.014098595335557051,0.0006492284152647954,0.0002311380934156477,100.0,0.0,64.3,3.661966684720111,1.1,0.3,4.05,0.6689544080129826,0
193,0.9012568261810554,0.047071871051216414,0.02762751035094859,0.013735197833386984,0.0006443009452742008,0.00024666874666604384,100.0,0.0,62.15,3.1823733281939126,1.05,0.21794494717703372,4.4,0.8,0
194,0.8910045352346959,0.050850934720445946,0.032855779565205995,0.014539410623075176,0.0005896774406477695,0.00017894287318598865,100.0,0.0,63.9,3.014962686336267,1.025,0.10897247358851683,3.9,0.7681145747868608,0
195,0.869193619335187,0.06287313881509811,0.040396404262692955,0.016077928823280258,0.0005615167887539973,0.00023181284625193595,100.0,0.0,63.25,3.686122624113311,1.1,0.3,4.15,0.852936105461599,0
196,0.8428761082771856,0.06612528733816736,0.04745963934546704,0.016315354498380338,0.0005837661242838766,0.00024339889028441631,100.0,0.0,63.45,2.991237202229205,1.0,0.0,4.55,0.8645808232895291,0
197,0.8211264694461795,0.06003301637720831,0.05326636488690327,0.013953603729348797,0.0005901415963201924,0.0002576666600219571,100.0,0.0,63.85,3.2752862470324637,1.0,0.0,4.3,1.0049875621120892,0
198,0.7863791366356987,0.061027013991791085,0.06034501477500529,0.013328790269066679,0.0006690435192501107,0.0002583866111867011,100.0,0.0,63.2,2.5612496949731396,1.075,0.23848480035423641,4.15,0.9096702699330127,0
199,0.7577835210322517,0.059455407303178054,0.06681434423410122,0.012342071318392626,0.000656511041305315,0.00026844932707748747,100.0,0.0,63.65,3.1823733281939126,1.0,0.0,4.4,0.7348469228349535,0
200,0.7255528656283234,0.06207830631427302,0.07314318681399602,0.012460689834506503,0.0006672557569190719,0.0002960505383188657,100.0,0.0,63.4,2.7640549922170505,1.05,0.21794494717703372,4.2,0.7483314773547883,0
201,0.6988026336214217,0.06000448921024419,0.07821126419589278,0.011971519845896256,0.0006580914407781884,0.0003243647076717238,100.0,0.0,63.05,2.2907422377910613,1.075,0.23848480035423641,4.15,0.5722761571129799,0
202,0.669240605583775,0.058542173008085854,0.08372617675156005,0.012381039462885721,0.0006684804047401526,0.00031643658115260045,100.0,0.0,62.6,3.6523964735499352,1.15,0.3570714214271425,4.35,0.5722761571129799,0
203,0.6416003853692346,0.05925831716034202,0.0886203288155262,0.012429956045572567,0.0006707117302680438,0.0003025099088181551,100.0,0.0,64.15,3.259984662540608,1.05,0.21794494717703372,4.05,0.739932429347437,0
204,0.6211506513662769,0.06992980258825177,0.09215392518325376,0.014083093492071031,0.0006961086211307749,0.00029766356238079844,100.0,0.0,63.6,3.1368774282716245,1.1,0.3,4.45,0.8046738469715541,0
205,0.5967377299706483,0.08088903578610562,0.09625090169793331,0.015723637675478762,0.0007739780614156149,0.0003197004309571472,100.0,0.0,64.95,3.4565155865408737,1.05,0.15,4.15,0.3570714214271425,0
206,0.5864041819791588,0.08821244011870062,0.09763541162224862,0.017509356438784297,0.0008500282283166601,0.0004017345752020518,100.0,0.0,62.9,2.808914381037628,1.05,0.21794494717703372,4.35,0.963068014212911,0
207,0.5769548044856768,0.10171700754815764,0.09833497930579521,0.02137436039127073,0.000951995054383418,0.00041751811977931827,100.0,0.0,63.3,2.471841418861655,1.0,0.0,4.25,0.4330127018922193,0
208,0.5859303651499677,0.11979129590460491,0.09587160582192794,0.023987330180766705,0.0010646853051505096,0.00045255120582258086,100.0,0.0,62.65,2.669737814842499,1.1,0.3,4.35,0.653834841531101,0
209,0.5820045162174743,0.12393204386934184,0.09691307249762972,0.023848247377518294,0.0010625238901993078,0.00046372528695680273,100.0,0.0,62.5,2.1330729007701543,1.075,0.23848480035423641,4.05,0.6689544080129826,0
210,0.5950611635788816,0.1312981381911704,0.09415089441498851,0.025534099366485395,0.0010721593168480654,0.0006134107468460826,100.0,0.0,62.6,2.1071307505705477,1.125,0.3112474899497183,4.4,0.58309518948453,0
211,0.6005971425091982,0.13756949930905282,0.0940379135313913,0.026974695878613154,0.0009595615241415239,0.0005750692233661194,100.0,0.0,63.6,2.5377155080899043,1.0,0.0,4.05,0.9733961166965892,0
212,0.5992631354540782,0.13606305307246305,0.09353145012020654,0.02762794512064542,0.0010083095480653778,0.0004908158904666114,100.0,0.0,63.95,2.3339880033967613,1.0,0.0,4.0,0.6324555320336759,0
213,0.6088509513167594,0.13669591445511126,0.09128801670000385,0.02800126490310305,0.0010770441842146827,0.0005304738478443044,100.0,0.0,63.5,3.057776970284131,1.025,0.10897247358851683,4.35,0.8529361054615991,0
214,0.6229766436401623,0.14328973859635233,0.08831328990118616,0.02920254750701865,0.0011099699623065048,0.0004497975763801703,100.0,0.0,62.9,1.8411952639521971,1.025,0.10897247358851683,4.2,0.812403840463596,0
215,0.6458154514484681,0.1454193867161511,0.08359747334187406,0.02952980138383063,0.0011311240515242496,0.0004302935967730426,100.0,0.0,63.65,3.6093628246547893,1.0,0.0,4.1,0.5385164807134504,0
216,0.6651014903919015,0.14929788541239125,0.08014132567764203,0.029890127778348763,0.0011027708268582016,0.00044467289469675246,100.0,0.0,62.75,3.476708213238494,1.05,0.21794494717703372,4.75,0.8874119674649424,0
217,0.6915568555200713,0.148467057617839,0.07476435736595544,0.030196447901133697,0.001049699317813107,0.0003812849231693755,100.0,0.0,62.55,2.5975950415721085,1.0,0.0,4.35,0.653834841531101,0
218,0.7177108450909957,0.15139889368355805,0.06981121037845557,0.030416088371308294,0.000981209524451412,0.0003645789971219164,100.0,0.0,63.0,3.40587727318528,1.075,0.23848480035423641,4.25,0.6224949798994366,0
219,0.7383628290812025,0.1465406235469243,0.0653550843081944,0.029380486205190227,0.0009518254295684594,0.000392664254156491,100.0,0.0,63.0,3.924283374069717,1.1,0.3,4.05,0.9733961166965893,0
220,0.7570892992719734,0.1407855732150743,0.06155936339973507,0.028123154970745676,0.0009192954816248695,0.00038427638479041017,100.0,0.0,64.2,2.420743687382041,1.0,0.0,4.45,0.8645808232895292,0
221,0.7766251924534999,0.13570484929478058,0.057258573403044945,0.027107723248629964,0.0008837913372900276,0.0005131994794228945,100.0,0.0,62.85,2.7977669667075564,1.075,0.23848480035423641,4.05,0.6689544080129826,0
222,0.7954413764434587,0.12810397883644437,0.052630772688951256,0.026588265701117064,0.0008473596778374008,0.00043336531306065814,100.0,0.0,63.2,3.9949968710876362,1.15,0.3570714214271425,4.2,0.9273618495495703,0
223,0.8122431003751304,0.12196197599674259,0.04785830980388435,0.026052370877629724,0.0008493722928444405,0.0004514989073039935,100.0,0.0,63.85,3.2752862470324637,1.1,0.3,4.45,0.7399324293474372,0
224,0.8313501553582249,0.1138792350577476,0.04321855186778381,0.0249795447786701,0.0008134937673089893,0.0004150517469232302,100.0,0.0,62.95,3.412843389316304,1.05,0.21794494717703372,4.0,0.7071067811865476,0
225,0.8547224947979026,0.1007842925906975,0.037466920251384865,0.02384121692685478,0.0007398809877567148,0.0003805786433786149,100.0,0.0,64.2,2.694438717061496,1.025,0.10897247358851683,4.1,0.6244997998398398,0
226,0.8669229874201723,0.09285496945289366,0.03330742584307789,0.02203637245763384,0.0007885583745325482,0.0004165626404566347,100.0,0.0,63.35,3.6779749863205975,1.25,0.4330127018922193,4.3,0.7810249675906654,0
227,0.8790401355787182,0.08278868004513085,0.03057903800322286,0.02035885940872131,0.0007362223691052797,0.0003947624889255537,100.0,0.0,64.15,3.409912022325503,1.075,0.23848480035423641,4.2,0.9273618495495703,0
228,0.8900804773058981,0.07342085323113963,0.02827871027685802,0.018366091451622976,0.0007057302253122425,0.0003919741484732169,100.0,0.0,64.65,3.15079355083763,1.1,0.3,4.3,0.9,0
229,0.9008191866375306,0.057196836109470996,0.02508882115453852,0.015660924840171127,0.0006878326755244878,0.00032629636921355346,100.0,0.0,64.15,3.539420856580918,1.075,0.23848480035423641,3.85,0.653834841531101,0
230,0.8994903758246775,0.052622933638751736,0.025275536689330115,0.015522579012934667,0.0007091918183275883,0.0002785046403471358,100.0,0.0,62.75,2.56661255354212,1.1,0.3,4.2,0.6,0
231,0.9026422952654203,0.041848285360166375,0.026042576287190637,0.014811082638199921,0.0006515336614822494,0.00023608031735908931,100.0,0.0,62.2,3.0757112998459393,1.075,0.23848480035423641,4.5,0.7416198487095663,0
232,0.897143014666115,0.03680704569832084,0.026905741448261328,0.015133800186988337,0.0006837364482198502,0.00027257103566302634,100.0,0.0,63.65,3.320767983464066,1.05,0.21794494717703372,4.25,0.82915619758885,0
233,0.8905268780796447,0.037844248133582975,0.030000251786866706,0.014962607771347006,0.0006651340230497914,0.00027407692630528356,100.0,0.0,63.7,2.968164415931166,1.125,0.3112474899497183,4.1,0.7,0
234,0.8772900541027708,0.046422496098303644,0.036296587864746224,0.015323821224467191,0.0006073222688725078,0.00021319789051369643,100.0,0.0,63.8,3.2341923257592455,1.0,0.0,4.4,0.7348469228349535,0
235,0.8493531118006912,0.05124672495797112,0.04250134117667304,0.016558233801987655,0.0006956638424250227,0.00023191334628939905,100.0,0.0,63.05,3.2476914878109957,1.15,0.3570714214271425,4.2,0.6782329983125268,0
236,0.8252685261889076,0.0651599862001271,0.048173779525625016,0.018060243782916926,0.0007223338284351834,0.0002939147318271361,100.0,0.0,63.45,3.368605052540295,1.0,0.0,4.25,0.8874119674649424,0
237,0.7899395737521249,0.08095809269591987,0.05656880092695684,0.019425534617203574,0.000742155394712281,0.00035044121694750223,100.0,0.0,62.2,2.5612496949731396,1.05,0.21794494717703372,4.0,0.6324555320336759,0
238,0.7618848709750958,0.08553516440299859,0.06298504765150635,0.018625437576505074,0.0007395719609066233,0.00035357945933746934,100.0,0.0,63.7,2.666458325194677,1.05,0.21794494717703372,4.15,0.5722761571129799,0
239,0.7351458662533362,0.09045123528194962,0.06828146378175365,0.018741392583639254,0.000803837747621739,0.00038519907591061224,100.0,0.0,63.65,2.535251466817444,1.0,0.0,4.1,0.6244997998398398,0
240,0.7124397304175358,0.09002036538704805,0.07162354093644939,0.019079554844858525,0.0009134289692606342,0.00039910373392855545,100.0,0.0,63.75,3.0639027399707057,1.05,0.21794494717703372,4.15,0.7262919523166976,0
241,0.6919343325216257,0.09466901311763873,0.07591536135762006,0.01998007832145254,0.0009262939358329506,0.00038542999936363526,100.0,0.0,62.75,2.680951323690902,1.125,0.3112474899497183,4.25,0.6224949798994366,0
242,0.6698926586078984,0.09591348654890432,0.08073044435835271,0.019662347076381568,0.0009435833044335651,0.0003932794201070515,100.0,0.0,64.1,2.913760456866693,1.0,0.0,4.45,0.8046738469715541,0
243,0.6526208283180488,0.09553176436546357,0.08298213061853593,0.019918991568590005,0.001044147625886591,0.0004703114648223317,100.0,0.0,62.35,3.1823733281939126,1.05,0.21794494717703372,4.65,0.7921489758877431,0
244,0.6394147516604104,0.09887711883501651,0.08600444077189034,0.01924955343131166,0.0010477979258469651,0.0004946332592713746,100.0,0.0,63.8,2.580697580112788,1.05,0.21794494717703372,3.9,0.6244997998398398,0
245,0.6324209208525163,0.1108051663071203,0.08793734354457192,0.020785157660544396,0.0009755359354170941,0.0003786308004329665,100.0,0.0,62.9,2.964793416074719,1.075,0.23848480035423641,4.3,0.8426149773176358,0
246,0.6287586863578838,0.11830027041608972,0.08883073614194388,0.021837670455484695,0.000964193077163308,0.0005391821584223431,100.0,0.0,62.7,2.8301943396169813,1.1,0.3,4.35,0.9630680142129111,0
247,0.6167913356517262,0.11657661057116357,0.09069772125241064,0.022095663727484338,0.0010132789282384577,0.0005982701903854194,100.0,0.0,62.55,3.353729267546801,1.05,0.2179449471770337,4.15,0.6538348415311009,0
248,0.6148611404407652,0.11451632379426496,0.09082877646958365,0.023029546230103563,0.0010161929426146178,0.0006038578497842667,100.0,0.0,63.15,2.3932195887548637,1.05,0.21794494717703372,4.25,0.7664854858377946,0
249,0.6146898989943247,0.11435194974445821,0.09064311360621284,0.02438883784534188,0.0009441720659985515,0.0005317575129879283,100.0,0.0,63.65,2.885740806101615,1.075,0.23848480035423641,4.05,0.804673846971554,0
250,0.6123111051643372,0.11305371987881681,0.09100178806078787,0.024043993964378108,0.0009534059080468324,0.0004768530690789442,100.0,0.0,63.0,1.8439088914585775,1.025,0.10897247358851683,4.35,0.7262919523166975,0
251,0.61349788018502,0.11497804263860563,0.090501396255429,0.02422634905930195,0.0009582077682013217,0.0004741807738895087,100.0,0.0,63.3,2.7766886753829643,1.05,0.2179449471770337,4.05,0.49749371855331004,0
252,0.6125727437560522,0.11615757572591091,0.09139539372139052,0.022925669226227758,0.0009988773805230877,0.0005109167918658114,100.0,0.0,63.6,3.2924155266308657,1.05,0.21794494717703372,4.35,0.7262919523166976,0
253,0.6267391013052472,0.11207683524483042,0.08757350698710985,0.021913991652515966,0.0011430052128471233,0.0005944432619437953,100.0,0.0,63.7,3.2572994949804666,1.075,0.23848480035423641,4.35,0.7262919523166976,0
254,0.6442787228366728,0.10944279500298591,0.08269837030962499,0.024289453472788117,0.0011925534673430426,0.0006428693006969017,100.0,0.0,63.15,2.632014437650371,1.025,0.10897247358851683,4.45,0.6689544080129827,0
255,0.6746154513790235,0.10405383125229804,0.07743083132410518,0.02327926085977337,0.001124987870426543,0.0006028965851356137,100.0,0.0,64.7,3.241913015489466,1.025,0.10897247358851683,4.1,0.6244997998398398,0
256,0.6975223033674156,0.10487719561735213,0.07431808408845682,0.0220063427822637,0.0010423887132249674,0.0004462188487639529,100.0,0.0,63.15,3.0376800358168077,1.0,0.0,4.15,0.6538348415311012,0
257,0.7106320999794321,0.10292825383636436,0.07218526383943197,0.020336034179882525,0.0009898212460964406,0.0005355979421489016,100.0,0.0,62.8,3.370459909270543,1.1,0.2549509756796392,4.2,0.6782329983125269,0
258,0.7289303468369351,0.09755993302372121,0.06867026270190055,0.017593371955280955,0.0009454818152265289,0.0005398546859733972,100.0,0.0,63.95,2.558808316384797,1.0,0.0,4.15,0.6538348415311009,0
259,0.7470430857710758,0.09601872223547718,0.06519021050590981,0.016977644544353236,0.0008845036900088753,0.0006198710274450837,100.0,0.0,63.3,2.491987158875423,1.05,0.21794494717703372,3.95,0.5894913061275798,0
260,0.7585178403843658,0.08708209501661653,0.06325582359103603,0.01595414961962,0.0008533667036488,0.000542861266985563,100.0,0.0,62.95,2.8892040426387333,1.0,0.0,4.45,0.8645808232895292,0
261,0.7760008287874841,0.07933774393109136,0.059961492664235824,0.015856263400907577,0.0007879693168710768,0.0005023472120543308,100.0,0.0,62.15,3.0540956108150903,1.05,0.15,4.2,0.8717797887081347,0
262,0.7995032921237356,0.07026446666704259,0.05615793151424542,0.014179233153075205,0.0006884732375681496,0.0003784404153663005,100.0,0.0,62.25,4.345975149491768,1.15,0.3570714214271425,4.1,0.7,0
263,0.8182554840201238,0.0624039080578748,0.05148282964445707,0.01348959152175511,0.0006948184096504647,0.00038341613005054876,100.0,0.0,63.75,2.7363296585024255,1.025,0.10897247358851683,3.95,0.6689544080129826,0
264,0.8358671333856316,0.05700140887215195,0.04563873317391763,0.0132375084528462,0.0007530467327506099,0.0003794625048938208,100.0,0.0,62.0,3.271085446759225,1.05,0.21794494717703372,4.3,1.004987562112089,0
265,0.8488948533352133,0.053171899310090955,0.043043502260586286,0.011861835649334265,0.00073538027734449,0.0003633394668267818,100.0,0.0,63.2,2.7495454169735036,1.15,0.3570714214271425,4.35,1.0136567466356645,0
266,0.8666460841162156,0.05403410246237705,0.03721984132540237,0.012447883807997143,0.0007518859023152404,0.00038509773316824236,100.0,0.0,63.9,3.3451457367355464,1.025,0.10897247358851683,4.25,0.9937303457175896,0
267,0.8842464129002655,0.04644647132304293,0.030919800640954044,0.01224723214771956,0.0007656685757637435,0.0003500238139510229,100.0,0.0,64.25,2.6052830940226053,1.0,0.0,4.35,0.653834841531101,0
268,0.9026171551666009,0.043283710045705324,0.02493965755218507,0.011514595627564326,0.000709631578983375,0.0003164359998725774,100.0,0.0,63.7,3.551056180912941,1.05,0.21794494717703372,4.15,0.4769696007084728,0
269,0.908739812088972,0.03934115616672193,0.020668340209862173,0.012059575149361538,0.000736726133810356,0.0002985870217045017,100.0,0.0,63.95,2.4181604578687494,1.1,0.3,4.1,0.5385164807134504,0
270,0.9169592342267462,0.033101148424556505,0.01725779087600529,0.01085578716813747,0.0007310138519294304,0.0002912599117615102,100.0,0.0,63.35,2.4550967394381837,1.05,0.21794494717703372,4.4,0.8602325267042626,0
271,0.9185971352414933,0.028449060167704522,0.01885094575951283,0.010909984631936027,0.0006721078870209796,0.0002628262985029249,100.0,0.0,64.4,3.4263683398023628,1.05,0.15,3.95,0.5894913061275798,0
272,0.9137069895644933,0.028690667463102337,0.022659993448489138,0.010918888863218755,0.0006675758724791266,0.0002920653455183846,100.0,0.0,63.8,3.558089374931439,1.075,0.23848480035423641,4.35,0.6538348415311012,0
273,0.9100254089984174,0.03724252744650773,0.0257616859525505,0.012807166541197755,0.000594887808333583,0.00019597159734139705,100.0,0.0,64.4,2.5573423705088847,1.0,0.0,4.05,0.3840572873934304,0
274,0.895422823537853,0.04395867113212434,0.03229311437509304,0.014306706486571513,0.0005641573928838743,0.0002075259743360234,100.0,0.0,63.15,2.4753787588973126,1.05,0.21794494717703372,4.4,0.9165151389911681,0
275,0.8715364732604545,0.04885851386975457,0.04053015188717892,0.012928370968630152,0.0005698069707967029,0.00023158826551239616,100.0,0.0,62.25,2.680951323690902,1.075,0.23848480035423641,4.25,0.698212002188447,0
276,0.844032900680614,0.0491314781386948,0.047516447794440045,0.01264215938093227,0.00061295696267605,0.00030390316112192804,100.0,0.0,62.45,2.4591665254715873,1.1,0.2549509756796392,4.45,0.9205976319760986,0
277,0.822227270411186,0.05275954518312846,0.053686597457404006,0.012396422649710252,0.0005656702608732421,0.00023873559377236495,100.0,0.0,64.1,3.0149626863362666,1.0,0.0,4.0,0.4472135954999579,0
278,0.7920862456325134,0.05696939363413082,0.05982276203063238,0.012552412103385018,0.0006059639720735572,0.00026615307408469507,100.0,0.0,64.75,3.533765696816924,1.05,0.21794494717703372,4.0,0.7071067811865476,0
279,0.7567069985653536,0.06880884762623882,0.06791230663972161,0.01357159071378577,0.0005545446049134281,0.00030220178751981134,100.0,0.0,62.95,2.9406631905065224,1.125,0.3112474899497183,4.0,0.6324555320336759,0
280,0.7217772329255719,0.07627213061163707,0.07461475295602411,0.014122736402096433,0.0005793301924542476,0.0004097712097162433,100.0,0.0,63.65,2.7436289836637897,1.05,0.21794494717703372,4.15,0.6538348415311012,0
281,0.6842446853781287,0.07846943356357702,0.0809265480450578,0.014784086861552078,0.0006532080215312236,0.00039452897049362297,100.0,0.0,63.7,2.6476404589747453,1.05,0.21794494717703372,4.25,0.7664854858377946,0
282,0.6573205830531287,0.08200297119169184,0.08571149265327983,0.015463531932706973,0.0006896506781106251,0.00037050036989607217,100.0,0.0,63.35,3.1980462785894765,1.025,0.10897247358851683,4.25,0.698212002188447,0
283,0.6300213941180358,0.08046515690697012,0.08990965406230486,0.016113327968560326,0.0007617889375431073,0.00039454647513223977,100.0,0.0,62.4,2.7820855486487113,1.025,0.10897247358851683,4.15,0.3570714214271425,0
284,0.6135035036550754,0.09107257587496073,0.09282616047060002,0.017930581313319347,0.0008123115895717362,0.0003872561877574899,100.0,0.0,63.1,4.253234063627348,1.15,0.32015621187164245,4.05,0.6689544080129826,0
285,0.5976792623333234,0.09429352541390366,0.09466957065797912,0.019302024835868323,0.0009593062864434457,0.0005065063039066441,100.0,0.0,64.3,2.7766886753829643,1.05,0.21794494717703367,4.2,0.6782329983125268,0
286,0.5968725364661107,0.10785974052208852,0.09410734260968476,0.021773146981520226,0.0010307954282319353,0.0005291172842000193,100.0,0.0,62.6,2.764054992217051,1.125,0.3112474899497183,4.25,1.0428326807307104,0
287,0.5942846074705908,0.10792187539358178,0.09434740684233525,0.022147794525202588,0.0011025331570517047,0.0005392588975489087,100.0,0.0,62.4,3.583294573433783,1.1,0.2549509756796392,4.1,0.7681145747868608,0
288,0.5908222460559958,0.11849345761456234,0.09460311168287171,0.024117901409058805,0.0011148202730102805,0.0005491672463572273,100.0,0.0,62.95,1.883480820183736,1.025,0.10897247358851683,4.0,0.7745966692414834,0
289,0.5965716512815138,0.1318892499224768,0.09440213506506466,0.02603415507307631,0.0009802104917571307,0.00047407060441272586,100.0,0.0,64.0,3.2093613071762426,1.125,0.3112474899497183,4.4,0.9695359714832658,0
290,0.5994810383312472,0.13458184974809032,0.09336469368254988,0.026434203047754158,0.0010219133938711663,0.00048570030558342346,100.0,0.0,64.1,3.4770677301427417,1.1,0.3,4.0,0.6324555320336759,0
291,0.6074674858024076,0.13071923750506945,0.09165548765377977,0.025406330413354786,0.001060826501517989,0.0005197937186289562,100.0,0.0,63.35,2.8857408061016145,1.0,0.0,4.2,0.7483314773547883,0
292,0.6191549864068489,0.12742101411876577,0.09015064168040829,0.024645650528260458,0.0009565597289513995,0.00047272742027572805,100.0,0.0,64.6,2.3748684174075834,1.05,0.2179449471770337,4.4,0.9165151389911679,0
293,0.6330047844844721,0.12904008982280257,0.08786123026517634,0.025034440611520423,0.0009221083617592015,0.00045143901541318216,100.0,0.0,62.75,3.404041715373065,1.1,0.3,4.2,0.5099019513592784,0
294,0.6425047154121405,0.12711221643459852,0.085581679638495,0.025036962373717848,0.0010057560151624273,0.00042115415464953924,100.0,0.0,63.95,2.4794152536434875,1.05,0.21794494717703372,3.9,0.5385164807134504,0
295,0.6586124719339972,0.1206377438136764,0.08259939706095246,0.024082433776412074,0.000996366593572566,0.0004217623645457046,100.0,0.0,62.4,1.9078784028338913,1.1,0.3,4.45,0.9205976319760986,0
296,0.6782647609421059,0.12082901336831352,0.0791607341296974,0.024280494504650894,0.0009312410855944204,0.0004339152544307161,100.0,0.0,61.8,3.171750305430741,1.2,0.4,4.3,0.6403124237432849,0
297,0.6998791891642968,0.12783328478336686,0.07480407740913513,0.0258105395463092,0.0008757861658073169,0.0003710142017226878,100.0,0.0,63.45,2.765411361804967,1.075,0.23848480035423641,4.3,0.8426149773176358,0
298,0.7167374499953882,0.1284708883377549,0.07105882866454025,0.02519976408314249,0.0009372251553302367,0.0004087303896331031,100.0,0.0,65.05,2.4591665254715873,1.025,0.10897247358851683,4.0,0.5477225575051661,0
299,0.7413711300016527,0.13369894184545955,0.06528531983576155,0.027011212095458287,0.0009023646253664029,0.0004646461484049258,100.0,0.0,63.95,3.1220986531498327,1.0,0.0,4.35,0.7262919523166976,0
300,0.768964345246019,0.12955206522060408,0.05918796711126473,0.0260897898354793,0.0008647088262850211,0.0005879491664996339,100.0,0.0,64.05,2.011839953873071,1.0,0.0,4.2,0.6782329983125269,0
301,0.7844634954452402,0.129327493444537,0.05462631216438396,0.02696296178281351,0.000900605040970843,0.0006326740735055375,100.0,0.0,63.0,2.4698178070456938,1.0,0.0,4.15,0.7262919523166975,0
302,0.804052035389115,0.12656188642761013,0.04842035966454851,0.02783442698692378,0.0009115516123768088,0.0007657751448344374,100.0,0.0,62.55,2.0365411854416298,1.15,0.3570714214271425,4.6,1.019803902718557,0
303,0.822263513466949,0.11391591749594403,0.04423300759169942,0.02528935545289735,0.0008882675809615184,0.0007143940215405382,100.0,0.0,62.05,4.06786184622831,1.175,0.36314597615834876,4.15,0.5722761571129799,0
304,0.8448372257023724,0.10242028979256788,0.037551154567693076,0.023795190817787738,0.0008685346088968387,0.000630581946235954,100.0,0.0,65.0,3.082207001484488,1.0,0.0,4.0,0.9486832980505138,0
305,0.8677603382704641,0.09246116326402229,0.03256173892142993,0.02247872509659305,0.0007673990758861122,0.000500663719711297,100.0,0.0,64.5,2.0371548787463363,1.05,0.21794494717703372,4.05,0.4974937185533099,0
306,0.8826391740576289,0.08508838717136513,0.02818720655371106,0.020739106271970002,0.0007468952406876688,0.0005414476117306948,100.0,0.0,64.4,2.6532998322843193,1.0,0.0,4.3,0.714142842854285,0
307,0.8966882242178172,0.07240446237124931,0.024841659332738804,0.017998121961893303,0.0007157017139829707,0.0005138859005952574,100.0,0.0,62.75,2.7363296585024255,1.05,0.2179449471770337,4.2,0.6,0
308,0.9065252861292213,0.06047467878068722,0.023460358848247768,0.016043591627496002,0.0006542709838046632,0.00044748710475172736,100.0,0.0,62.9,3.1606961258558215,1.025,0.10897247358851683,4.2,0.7483314773547883,0
309,0.911401356580388,0.049037855735079336,0.024025010306213783,0.012672004711511175,0.0006219876389941959,0.0003968424233449229,100.0,0.0,62.3,2.882707061079915,1.05,0.21794494717703372,4.75,0.82915619758885,0
310,0.9086606990476687,0.04010862014902538,0.025029108298177883,0.011805272888298052,0.0006470436997014675,0.00035158326682377514,100.0,0.0,64.2,3.385262175962151,1.0,0.0,4.1,0.6244997998398398,0
311,0.9056920003654183,0.034443176503368124,0.026902912898839677,0.011205575562639953,0.000630028559968759,0.00033928973501813473,100.0,0.0,64.45,2.15580611373101,1.0,0.0,4.1,0.6244997998398398,0
312,0.8954045387771792,0.04007702516210736,0.030582741164624318,0.011602540398000018,0.0006427208107118649,0.0003465787851002148,100.0,0.0,63.8,3.325657829663178,1.0,0.0,4.15,0.8529361054615991,0
313,0.8832872811980801,0.05561744710634788,0.03494149867552814,0.015585122787820128,0.0005958860907973607,0.0003814542172590504,100.0,0.0,63.7,2.5317977802344327,1.075,0.23848480035423641,4.35,0.7262919523166976,0
314,0.8708345107508719,0.06280992439392233,0.03937586977985439,0.017264599001674878,0.0005598323615310447,0.0003411604671331071,100.0,0.0,63.15,3.9531632903283924,1.15,0.3570714214271425,4.2,0.812403840463596,0
315,0.8500155083610637,0.07031481767508076,0.044871736425230895,0.017932402640950418,0.000559318867269459,0.00030753913671792947,100.0,0.0,63.15,2.286372673034735,1.075,0.23848480035423641,4.1,0.6244997998398398,0
316,0.820089706943277,0.08156896841711861,0.05212318000209577,0.019692313623937543,0.0005682820364420895,0.00028130757948906216,100.0,0.0,63.55,2.8892040426387338,1.0,0.0,4.25,0.698212002188447,0
317,0.7883253063989216,0.08529353691921536,0.0596311221746635,0.018304750846287878,0.0005980046261101161,0.00026347069607567764,100.0,0.0,63.1,2.9137604568666933,1.025,0.10897247358851683,4.4,0.9165151389911679,0
318,0.7544901264223868,0.08875659106465697,0.06649052425425062,0.016917730921279434,0.0006597521761355054,0.0003429699012342387,100.0,0.0,63.75,2.878801834096956,1.0,0.0,4.35,0.5722761571129799,0
319,0.7182497426783541,0.086031944442445,0.0731415377002268,0.015744261177131035,0.0007235691502595531,0.0003934816976042103,100.0,0.0,63.15,2.5548972582082436,1.05,0.2179449471770337,4.3,0.6403124237432849,0
320,0.6808824538718723,0.09101196171333864,0.08061679094619252,0.017052503139797517,0.0007318651863445271,0.0003857452547876374,100.0,0.0,62.9,2.2781571499789037,1.025,0.10897247358851683,4.45,0.9733961166965891,0
321,0.653006840590106,0.0961911212889366,0.08547555586516065,0.017841444252336146,0.0007953334725489646,0.0004137112213103196,100.0,0.0,63.05,3.1220986531498327,1.125,0.3112474899497183,4.1,0.7,0
322,0.6375353151440906,0.09534120799608053,0.08749351372520378,0.018158405447747352,0.0008757399860010638,0.0004854346243767386,100.0,0.0,62.55,2.3973944189473704,1.05,0.21794494717703372,4.65,0.653834841531101,0
323,0.6177694712139891,0.09526210814132692,0.09112650266373665,0.018708342627109555,0.0009110233290543918,0.0004377998042134929,100.0,0.0,63.7,2.3895606290697042,1.075,0.23848480035423641,4.3,0.6403124237432849,0
324,0.5993914671589414,0.10305284891395838,0.09463629645190366,0.020506679918767843,0.0009396421083582558,0.0005014971158009036,100.0,0.0,63.65,2.286372673034735,1.1,0.2549509756796392,4.2,0.6782329983125268,0
325,0.5999521682035748,0.11069033628983911,0.0949610655312148,0.021692402917064455,0.0009131195558707529,0.00047034604233538266,100.0,0.0,63.15,2.372235232855292,1.05,0.21794494717703372,4.35,0.7921489758877431,0
326,0.5944341349338026,0.11208261156935248,0.09644325218773289,0.02174358876143583,0.000889841403660495,0.00043897509597010776,100.0,0.0,63.5,2.958039891549808,1.1,0.3,4.0,0.6324555320336759,0
327,0.5839242502286573,0.1166237513462424,0.09841307172128491,0.022874559840737788,0.000875403229352563,0.0004648253060513117,100.0,0.0,63.55,2.836811590500857,1.0,0.0,4.0,0.7071067811865476,0
328,0.5751672709687722,0.11621627955391282,0.09990947616917828,0.023314435618394087,0.0008701430781039183,0.00044564547889455107,100.0,0.0,62.95,2.67348087705897,1.075,0.23848480035423641,4.1,0.5385164807134504,0
329,0.5667023224198129,0.12477459353432524,0.10106236684993875,0.02467469396770701,0.0008912737156385761,0.00048580104225678125,100.0,0.0,63.65,4.2340878592679205,1.15,0.3570714214271425,4.25,0.6224949798994366,0
330,0.5633526031444179,0.12311669955495065,0.10130971745834035,0.02532405465414364,0.0008745739033010163,0.00043870445009310297,100.0,0.0,63.9,2.947880594596735,1.025,0.10897247358851683,4.35,0.8529361054615991,0
331,0.5502620069086375,0.12546071322352048,0.10419752966249929,0.026485330400281098,0.0007999395941038113,0.0003716935987639829,100.0,0.0,63.45,2.801338965566288,1.1,0.3,4.35,0.5722761571129799,0
332,0.5457207501063713,0.1309135514068315,0.10480507749745757,0.027509996097991707,0.0008292203206107819,0.0004134403447159665,100.0,0.0,62.8,2.6191601707417593,1.025,0.10897247358851683,4.3,0.6403124237432849,0
333,0.5536781527781751,0.1350060363710763,0.10243058156543394,0.027966745140406073,0.0009609331514552006,0.0004359349069295727,100.0,0.0,63.7,2.7946377224964243,1.075,0.23848480035423641,4.3,0.8426149773176358,0
334,0.575424786500516,0.1421900809416804,0.0977921034034778,0.028997860131340415,0.0010456243646569541,0.00042741935655310384,100.0,0.0,64.1,3.6041642581880198,1.0,0.0,4.4,1.0198039027185568,0
335,0.5988185245017466,0.15308781824601156,0.0934042397188077,0.03073272088730556,0.0010512297414539719,0.00042622605209676536,100.0,0.0,62.9,3.7403208418530087,1.175,0.36314597615834876,4.3,0.45825756949558405,0
336,0.6246374760295612,0.1610166161972082,0.0884583059816611,0.03143982110360714,0.0010064116637310688,0.00041886420914932315,100.0,0.0,63.95,3.7212229172679243,1.175,0.36314597615834876,4.45,0.6689544080129827,0
337,0.637158051632702,0.15953262847673086,0.08523762223151231,0.03196633753505309,0.0010748116343150635,0.00046868128040536026,100.0,0.0,64.6,2.9051678092667896,1.025,0.10897247358851683,4.15,0.6538348415311009,0
338,0.6652171373316725,0.14968054197074085,0.07962806069872516,0.030376309943054534,0.0010399081443816765,0.00044354850874454995,100.0,0.0,63.5,2.5199206336708304,1.0,0.0,4.2,0.6,0
339,0.6907032548232613,0.14908322709019778,0.07358099588456421,0.030809515364176553,0.0010658149796457079,0.0005169114539130896,100.0,0.0,64.15,2.688401011754013,1.025,0.10897247358851683,4.1,0.6244997998398398,0
340,0.7156201120581069,0.1449937233876219,0.06908398868987391,0.030894822135761467,0.0009616240787792115,0.0004262689643718491,100.0,0.0,62.75,2.8262165522125158,1.05,0.21794494717703372,4.05,0.6689544080129826,0
341,0.7436064791153572,0.14047552118362833,0.06378778297661351,0.03136596723887227,0.0008396669790027605,0.0003399999332069211,100.0,0.0,63.35,3.365635155509284,1.125,0.3112474899497183,4.25,0.7664854858377946,0
342,0.7662005290986948,0.14015247931796812,0.0589057047145242,0.031310102071528956,0.0008171959461283395,0.0003042951489149576,100.0,0.0,62.25,3.6314597615834874,1.1,0.3,4.25,0.7664854858377946,0
343,0.7831033326027265,0.13419417051718296,0.05459590238488239,0.030745530346881284,0.0008109990570089338,0.00036646641970826545,100.0,0.0,63.95,2.5782746168707478,1.025,0.10897247358851683,4.05,0.8645808232895291,0
344,0.8031243774448897,0.12500502607478078,0.050150697979577906,0.028537337028143005,0.0008003687626877062,0.00036272947551388294,100.0,0.0,62.4,2.4166091947189146,1.0,0.0,4.3,0.45825756949558405,0
345,0.8235491485487696,0.11299391672621648,0.04637654400104384,0.026704174390407363,0.0007213296405793056,0.0003568004109873817,100.0,0.0,63.15,3.48245602987317,1.1,0.3,4.4,0.8602325267042626,0
346,0.8502085296765767,0.09369351066339696,0.0393002958321197,0.0234738480769487,0.0007246442864762819,0.00036982692939082853,100.0,0.0,63.8,3.4727510708370675,1.15,0.3570714214271425,3.85,0.5722761571129799,0
347,0.8726477897909266,0.06856375315876378,0.03426067701249359,0.017665293282802363,0.0007210760357338228,0.00037729126778303314,100.0,0.0,64.1,3.064310689208912,1.0,0.0,4.3,0.7810249675906654,0
348,0.8860315172570677,0.05694928395108788,0.03133299103876901,0.014904838610856737,0.0006842024985226284,0.0003225555683100185,100.0,0.0,63.65,2.43464576478797,1.05,0.21794494717703372,4.05,0.5894913061275798,0
349,0.8969807364049152,0.03937657287952293,0.028754513403418214,0.01112874697092899,0.0006757538403936346,0.0003159412216076482,100.0,0.0,63.55,2.940663190506523,1.0,0.0,4.3,1.0049875621120892,0
350,0.9024829247302184,0.0326964499169533,0.024990034184831627,0.011876234941895498,0.0006979367577109004,0.000359847740368434,100.0,0.0,62.9,2.5278449319529077,1.05,0.21794494717703372,4.45,0.9205976319760986,0
351,0.9065817052717721,0.028670791890134766,0.0247559645985539,0.012953431005142617,0.0006352748732090878,0.00028719608800474355,100.0,0.0,63.1,1.9723082923316022,1.05,0.21794494717703372,4.2,0.8124038404635961,0
352,0.9073116203227963,0.03559313257430426,0.025766996689999648,0.013261033982481173,0.0005999657717081349,0.00030278738126465803,100.0,0.0,63.8,3.171750305430741,1.075,0.23848480035423641,4.55,0.6689544080129827,0
353,0.8974783762426677,0.04646182052789957,0.02811110585649145,0.01690683127932807,0.0006061091666772825,0.0002867203576134359,100.0,0.0,63.9,3.047950130825634,1.025,0.10897247358851683,4.15,0.7262919523166975,0
354,0.8816029952365495,0.060150744787638634,0.032534360985645536,0.018824422991195394,0.0006400151867086554,0.0002834743042142276,100.0,0.0,63.0,2.9832867780352594,1.1,0.3,4.2,0.8124038404635961,0
355,0.8581837769776082,0.07098471262117365,0.039452140957994396,0.020632069422492964,0.0006445591933567608,0.00029399671416861794,100.0,0.0,63.1,2.930870177950569,1.05,0.21794494717703372,4.5,0.8660254037844386,0
356,0.838445832766076,0.08346987910226415,0.04482477852963061,0.020975827871076214,0.0006585599171606841,0.0002896914256392619,100.0,0.0,63.35,2.903015673398957,1.05,0.21794494717703372,4.35,0.653834841531101,0
357,0.8121879325723972,0.09514369447873876,0.05177690822683108,0.021775448327151302,0.0006658291729518885,0.00033091499834603857,100.0,0.0,63.1,2.3430749027719964,1.05,0.21794494717703372,4.3,0.5567764362830021,0
358,0.7808052241006997,0.1001183758958479,0.05910254491354573,0.02111165710396448,0.0006987740228459252,0.0003163715811397673,100.0,0.0,63.45,2.836811590500857,1.1,0.3,4.15,0.47696960070847283,0
359,0.7454107875327589,0.10542645465936862,0.06664196481559925,0.02063869612187904,0.0007409466754100821,0.0003481109547652196,100.0,0.0,62.95,2.3973944189473704,1.05,0.21794494717703372,4.1,0.6244997998398398,0
360,0.7100856817308203,0.1115061523097802,0.07340258937247549,0.02162552200393043,0.0007808398356833354,0.0003969255558908635,100.0,0.0,64.2,2.0639767440550294,1.05,0.21794494717703372,4.0,0.6324555320336759,0
361,0.669554672131372,0.1151492266934733,0.0806412892989114,0.02208823835610589,0.000849153168733792,0.0004225644685805554,100.0,0.0,63.7,3.716180835212409,1.15,0.3570714214271425,4.05,0.804673846971554,0
362,0.6403181326053462,0.11167112268870708,0.08616388334807226,0.021358441378573255,0.0009035242182130045,0.00047961193434873495,100.0,0.0,62.5,2.247220505424423,1.025,0.10897247358851683,4.2,0.6,0
363,0.6116234749307252,0.10992402812497032,0.09175469982326799,0.021656959516384664,0.0009290878976567455,0.0004275333406683828,100.0,0.0,62.3,3.7696153649941526,1.15,0.3570714214271425,4.05,0.5894913061275798,0
364,0.6025831239234015,0.10944558199202821,0.09436285854522944,0.020522883376782777,0.000856503687194311,0.00033369466087040565,100.0,0.0,64.7,3.132091952673165,1.0,0.0,4.15,0.6538348415311012,0
365,0.5823005156089905,0.10773151344863029,0.0986124101288482,0.01980210956905984,0.0008288357043630635,0.00031194472530468744,100.0,0.0,63.45,2.9912372022292053,1.05,0.21794494717703372,4.45,0.8645808232895291,0
366,0.5685916257911481,0.11077022222762722,0.10120963196869914,0.020060177179469327,0.000848773594476067,0.0004022672369944538,100.0,0.0,62.75,2.878801834096956,1.1,0.3,4.05,0.739932429347437,0
367,0.5599260820063445,0.11740582138270239,0.10257831572722594,0.021679380943283637,0.0009109305819596731,0.00036529865388442394,100.0,0.0,63.75,3.2384409829422554,1.075,0.23848480035423641,4.1,0.7000000000000001,0
368,0.5511710272144953,0.11464198191162281,0.10391519523251025,0.020891055183776402,0.0010053428019728878,0.0004932379695737362,100.0,0.0,63.45,3.6670833096617805,1.075,0.23848480035423641,4.2,0.7483314773547883,0
369,0.5570964478224532,0.12173878878502324,0.10213941257953293,0.02166055465784146,0.0010862436542446287,0.0006418930658604887,100.0,0.0,63.45,3.2011716605018234,1.05,0.2179449471770337,4.05,0.49749371855331004,0
370,0.5702603556980923,0.11627322149785309,0.0996380663356053,0.021956419964141095,0.0011346729780265113,0.0007014823065095952,100.0,0.0,64.1,2.844292530665578,1.05,0.15,4.25,0.698212002188447,0
371,0.5870748002132564,0.11411619567477045,0.09686902358377356,0.02189387330303327,0.0010842655270966591,0.0006749663829411157,100.0,0.0,63.85,3.1666228067138023,1.0,0.0,4.15,0.6538348415311009,0
372,0.6037759384963548,0.11363233287593195,0.0936057527551338,0.02256404614120604,0.0010287377239302758,0.0005752673635584114,100.0,0.0,63.75,1.8131464364468746,1.05,0.21794494717703372,3.95,0.5894913061275798,0
373,0.6194955669569324,0.1160089834397451,0.09025811436756737,0.023999850315555703,0.0009138280570542516,0.00044629867368834586,100.0,0.0,63.25,2.5273503912200224,1.05,0.21794494717703372,4.15,0.653834841531101,0
374,0.6196123293023706,0.11786297210378048,0.08980752993526635,0.02534622111751421,0.0008931093620747129,0.00037862511911411267,100.0,0.0,64.4,3.307567081708245,1.05,0.21794494717703372,4.0,0.5477225575051661,0
375,0.6253617729504108,0.11468853854532747,0.087993034794318,0.025363067694414244,0.0009011450239766589,0.0004405826044559297,100.0,0.0,64.85,3.5252659474144643,1.075,0.23848480035423641,4.35,1.1947803145348521,0
376,0.6310845767928251,0.12318562160402953,0.0875618334610864,0.026638298686069303,0.0008043628900025678,0.0003518739360394801,100.0,0.0,63.8,3.2186953878862163,1.05,0.21794494717703372,4.15,0.7921489758877431,0
377,0.6353792553752299,0.12469508784945316,0.08617692839191556,0.027318673125343,0.0008420560300054227,0.0004216382720706066,100.0,0.0,62.75,3.2384409829422554,1.025,0.10897247358851683,4.3,0.7810249675906654,0
378,0.6485361368710276,0.1227543932543592,0.08391550923346322,0.026898906720416692,0.0008144466844983804,0.00035828464485694757,100.0,0.0,64.05,3.667083309661781,1.05,0.21794494717703372,4.15,0.7262919523166975,0
379,0.6640003771003188,0.11341748974064632,0.08197142770458574,0.023843132599932714,0.0007830941089451671,0.0003487417416809233,100.0,0.0,63.95,3.3834154341434335,1.075,0.23848480035423641,4.3,0.8426149773176358,0
380,0.6826588116849905,0.1021406246281723,0.07686577063943122,0.023963143086497392,0.0008772641572505803,0.0003822349723804982,100.0,0.0,63.05,2.8543825952384165,1.0,0.0,4.2,0.7483314773547882,0
381,0.7094457189830301,0.10114609054259847,0.07160438344300889,0.022729871715832586,0.0008779729829688921,0.00042066877858700115,100.0,0.0,63.4,2.6720778431774774,1.15,0.3570714214271425,4.2,0.812403840463596,0
382,0.7411680239020251,0.09796279411551131,0.06510978878598903,0.021477986410577164,0.0008697926377408468,0.00041853775422679774,100.0,0.0,62.85,2.8155816450602176,1.075,0.23848480035423641,4.25,0.82915619758885,0
383,0.7635467926585155,0.09634206154918165,0.05982207140845129,0.021154997641072277,0.0008817214801491415,0.00044519540077614774,100.0,0.0,62.0,2.792848008753788,1.05,0.21794494717703372,4.25,0.7664854858377946,0
384,0.7899431178092103,0.08599154414721724,0.0544053540636917,0.019631640613817336,0.0008399077314214156,0.00044091999585407467,100.0,0.0,62.3,2.968164415931166,1.1,0.3,4.5,0.7416198487095663,0
385,0.8129908543275199,0.0809849648266614,0.04941102883342484,0.019045615614472877,0.0008267427357768864,0.000391802344247639,100.0,0.0,64.1,3.491418050019218,1.15,0.3570714214271425,3.9,0.7681145747868608,0
386,0.8409962079535701,0.07436465312735065,0.043743284525530654,0.017066663032598954,0.0007495788296654498,0.00047974444701942836,100.0,0.0,63.25,3.222964473896664,1.1,0.3,4.25,0.82915619758885,0
387,0.859163236755528,0.06678828865929287,0.03918419062230809,0.016784747411489498,0.0006949028899959187,0.00040268194255604694,100.0,0.0,63.95,2.4387496796514396,1.0,0.0,4.15,0.7262919523166976,0
388,0.8754254074728637,0.06031991194016497,0.03473719876163814,0.015468197493418243,0.0006937005345714455,0.0003693103015208451,100.0,0.0,63.5,2.80178514522438,1.05,0.21794494717703367,4.25,0.82915619758885,0
389,0.887821982059599,0.05135219086932544,0.03030182831040893,0.015416860895600903,0.0006756732586994938,0.0003064403522855842,100.0,0.0,63.75,2.7726341266023544,1.1,0.2549509756796392,4.35,0.5722761571129799,0
390,0.8939193091259956,0.04845939616405495,0.026758912142409698,0.016001485151563487,0.0006968151287046972,0.00023822910368059456,100.0,0.0,63.45,2.81913107180209,1.05,0.2179449471770337,4.1,0.6244997998398398,0
391,0.8965083364199098,0.04891307401504053,0.026009955980143624,0.015165489759290716,0.0007052542256217361,0.0003033286819897291,100.0,0.0,63.3,3.0512292604784714,1.0,0.0,4.35,0.6538348415311012,0
392,0.8941786854967398,0.05195959346051276,0.028034372195197492,0.0162175043279584,0.0006795811679153699,0.000289519993768422,100.0,0.0,63.8,2.9933259094191524,1.1,0.3,4.1,1.1789826122551597,0
393,0.8856576896357085,0.054262079043671696,0.03145513599594353,0.015612452984964966,0.0007105301108318153,0.0004080799809681867,100.0,0.0,63.8,2.5999999999999996,1.05,0.21794494717703372,4.9,1.1789826122551597,0
394,0.8782929892584784,0.059324329897540114,0.0340563943884999,0.017860577606680486,0.0006506179799403312,0.0002733132087131625,100.0,0.0,63.05,3.761316258971054,1.05,0.15,4.15,0.7262919523166976,0
395,0.8652249844141165,0.06516504223376976,0.037461267613672355,0.0183543977885211,0.000706776032948962,0.00028066640122229324,100.0,0.0,62.85,2.5937424698685874,1.125,0.3112474899497183,4.15,0.5722761571129799,0
396,0.8486773626952546,0.07676683153476156,0.04306733342374598,0.01941373376849643,0.0006474934626101582,0.00021728003119681687,100.0,0.0,63.4,3.246536616149586,1.125,0.3112474899497183,4.35,0.6538348415311012,0
397,0.8186484057012915,0.08689356952940049,0.05063694774292391,0.020659844730199585,0.0006566983452018324,0.00022924196141463652,100.0,0.0,62.9,3.047950130825634,1.05,0.21794494717703372,4.65,0.7921489758877431,0
398,0.7917772955962594,0.09086302975621621,0.05780411636468742,0.019629082080845277,0.0006406685070448843,0.00021893303915498827,100.0,0.0,63.35,2.4550967394381837,1.05,0.21794494717703367,4.05,0.5894913061275798,0
399,0.7604521342227366,0.09850716146551179,0.06433562909832483,0.0200777176367704,0.0006835244877672628,0.00023218929707289758,100.0,0.0,62.85,2.4550967394381833,1.05,0.2179449471770337,4.4,0.8,0
400,0.7317455458368204,0.08642997779168464,0.06954560719780886,0.016672587538076752,0.0008063391539151228,0.0003771559094783383,100.0,0.0,62.55,3.0736785778607367,1.05,0.21794494717703372,4.2,0.5099019513592784,0
401,0.7035611369983344,0.07761436025309176,0.0744937842645783,0.015738598352419877,0.0008953001681566309,0.0005290365273206897,100.0,0.0,63.85,2.414021540914662,1.1,0.3,3.95,0.804673846971554,0
402,0.6866002201366169,0.0676921906327222,0.07714781222740832,0.014872259725293727,0.0009633975433393007,0.0005193115392953863,100.0,0.0,63.75,3.5899164335677787,1.1,0.3,4.15,0.9630680142129111,0
403,0.6693780406895401,0.08207222123758254,0.0799923559392827,0.01894962330729603,0.0009694801758035668,0.0004986098232080512,100.0,0.0,62.85,2.5352514668174435,1.1,0.3,4.15,0.4769696007084728,0
404,0.6439956844518706,0.09435371899815165,0.08543351236651203,0.02048539930992052,0.0009386012357778343,0.0004188807158614097,100.0,0.0,63.65,2.6884010117540127,1.05,0.21794494717703372,4.2,0.6,0
405,0.6298284450992131,0.10962177017953484,0.08987069367690373,0.021691161092586144,0.0007808469000716439,0.0002938915284379644,100.0,0.0,63.4,2.8000000000000003,1.05,0.21794494717703372,4.15,0.7262919523166975,0
406,0.6191327156516684,0.11960423171157701,0.09232591715056045,0.022415375329545628,0.0007450837068624563,0.0002457908706491385,100.0,0.0,62.65,4.162631379308046,1.15,0.32015621187164245,4.1,0.8888194417315588,0
407,0.6109145501789979,0.12172372977580576,0.09391449353232509,0.023086377247185735,0.0007154498103616182,0.00027067750154464803,100.0,0.0,63.95,2.8892040426387333,1.0,0.0,4.35,0.7262919523166976,0
408,0.5944886235342084,0.13150179231075182,0.09688523741480619,0.02522091598900758,0.000719556901466885,0.0002737749394291951,100.0,0.0,63.05,3.0736785778607367,1.15,0.3570714214271425,4.25,0.4330127018922193,0
409,0.5808516091400108,0.12878624157564464,0.09961909202595015,0.02453953701749381,0.0007304244808244755,0.0003090601499480324,100.0,0.0,63.25,3.031088913245535,1.075,0.23848480035423641,4.3,0.45825756949558405,0
410,0.57193305290924,0.13053879327353438,0.10049721327689953,0.026084892953110266,0.0007907474104792099,0.0003187453713431903,100.0,0.0,64.15,2.7798381247835278,1.0,0.0,4.25,0.9420721840708386,0
411,0.5747410750789778,0.13149618674620034,0.0995692715035438,0.026472724190062018,0.0008497646910796176,0.0003468216786447646,100.0,0.0,62.55,2.7290108097990378,1.15,0.3570714214271425,4.15,0.7262919523166975,0
412,0.5739717380318613,0.1333515407394265,0.10012463401439271,0.026124930631495378,0.0008101669638595028,0.000346555195202008,100.0,0.0,62.95,3.0244834269673224,1.075,0.23848480035423641,4.2,0.8717797887081348,0
413,0.577720606838857,0.1366943129305809,0.09907148730016833,0.026819313413410626,0.0008559907331570297,0.0003955796625506438,100.0,0.0,64.65,2.903015673398957,1.0,0.0,4.3,0.5567764362830021,0
414,0.5912532655832131,0.13859512331219132,0.09605634352707565,0.02786226558490791,0.0009284611099649317,0.0005392262832986071,100.0,0.0,63.75,2.5074887836239665,1.0,0.0,4.35,0.7262919523166975,0
415,0.6196716104060551,0.14276779727328212,0.09073525327269641,0.028791980672585583,0.0008792986731033682,0.0004680144593004114,100.0,0.0,63.85,2.286372673034735,1.05,0.21794494717703367,4.2,0.5099019513592784,0
416,0.6346533329576179,0.14785585079601135,0.08785425048012632,0.02958745280985853,0.0008396795425530118,0.00048580098830175813,100.0,0.0,63.05,3.169779172119093,1.075,0.23848480035423641,4.25,0.698212002188447,0
417,0.6565442299962434,0.14242559123728396,0.0840618334872815,0.028873812053012978,0.0007970935803433075,0.0002901361532842089,100.0,0.0,65.4,2.672077843177477,1.0,0.0,4.25,0.698212002188447,0
418,0.6823695580029809,0.134559252686547,0.08014420287859117,0.026883512685283086,0.0007132380266917026,0.00027264631454075697,100.0,0.0,62.55,3.5843409436045564,1.05,0.21794494717703372,4.3,0.8426149773176358,0
419,0.7060341250479472,0.12129049799526012,0.07669146831749199,0.023489746563541067,0.0006223629435391705,0.0002938408237621537,100.0,0.0,61.8,3.043024810940588,1.2,0.4,3.95,0.5894913061275798,0
420,0.7261434065367542,0.1060717527209803,0.07250678045263656,0.0201104794198091,0.000646588719715514,0.00032545906737366367,100.0,0.0,64.25,2.624404694402142,1.05,0.21794494717703372,4.05,0.6689544080129826,0
421,0.7441954629600296,0.10101790410977662,0.0685239982421288,0.01964478430203063,0.0006801774318320288,0.0003102139966577145,100.0,0.0,63.75,2.299456457513384,1.0,0.0,4.25,0.5361902647381804,0
422,0.7651333906732267,0.10043596285104044,0.06333185571501956,0.019351275218402703,0.0007120883368442059,0.00039367427928304894,100.0,0.0,63.9,3.7403208418530087,1.125,0.3112474899497183,3.95,0.4974937185533099,0
423,0.7949067188901979,0.08881380138336797,0.05631188200915822,0.01836185398610295,0.0007309110110356825,0.0004542138089259659,100.0,0.0,62.6,4.1521078984053394,1.2,0.4,4.15,0.9096702699330127,0
424,0.8161204977538578,0.0806113050139613,0.05126372548996161,0.01652802290035951,0.0007452452156818891,0.0005159126253715363,100.0,0.0,63.9,2.5670995305986875,1.025,0.10897247358851683,4.1,0.43588989435406733,0
425,0.8392460859470358,0.06302192344348181,0.04446397975070219,0.015816950402733093,0.0007680512775515865,0.0005320396124406948,100.0,0.0,62.5,3.0413812651491097,1.1,0.3,4.65,0.9096702699330126,0
426,0.8602257379246232,0.04930964715473278,0.03774857311017215,0.01572763706773688,0.0007679624576250371,0.0005223805061728749,100.0,0.0,63.0,2.569046515733026,1.05,0.15,4.1,0.7,0
427,0.8751317286341544,0.049117767068446436,0.0327154761162526,0.016153350020414882,0.0007509818091454456,0.0005704995353880205,100.0,0.0,63.95,3.528101472463625,1.05,0.21794494717703372,4.25,0.5361902647381804,0
428,0.8937562432757662,0.042608797259973796,0.02792933028395923,0.012985990148849404,0.0007255686203107998,0.0004712465144764905,100.0,0.0,63.6,3.023243291566195,1.05,0.21794494717703372,4.3,0.6403124237432849,0
429,0.9034337580930266,0.03598709897880358,0.02513090288976317,0.010922478715875199,0.0007032972617796657,0.0003893981639910764,100.0,0.0,62.45,2.836811590500857,1.15,0.3570714214271425,4.2,0.6782329983125269,0
430,0.9104297697557943,0.04084627938344909,0.024650682488266774,0.009092239337764294,0.0006469474219147653,0.00037828064326530484,100.0,0.0,63.55,2.132486811213612,1.1,0.2549509756796392,4.2,0.6782329983125268,0
431,0.9083459644535731,0.04659809119353405,0.02439895186519188,0.010613445143665867,0.0006742239724148763,0.0003856028832153391,100.0,0.0,62.55,3.169779172119093,1.125,0.3112474899497183,4.1,0.5385164807134504,0
432,0.9085133705366231,0.052255986102534006,0.026311926803186746,0.011288392621974017,0.0006266611938953771,0.00039181140010359977,100.0,0.0,63.95,2.4994999499899975,1.05,0.21794494717703372,4.05,0.6689544080129826,0
433,0.9015636900916328,0.058998331574424294,0.02871315477800792,0.013482977887806799,0.0006164110633203621,0.0003577456289443298,100.0,0.0,63.4,3.6660605559646724,1.1,0.3,4.25,0.5361902647381804,0
434,0.8845236467333685,0.06638229056536517,0.03458967259485907,0.014589336653323681,0.0006303991811142367,0.0004284262859591214,100.0,0.0,63.2,3.3105890714493693,1.075,0.23848480035423641,4.15,0.6538348415311012,0
435,0.8655329889443661,0.07009733277268379,0.04100090597380387,0.015773073391984437,0.0005916189781638721,0.0004165374091025436,100.0,0.0,64.0,3.40587727318528,1.05,0.21794494717703372,4.15,0.6538348415311012,0
436,0.8432180396599017,0.06985657343629141,0.046845151272438115,0.016334507602248968,0.0006087302344827609,0.0004114528701057479,100.0,0.0,64.65,2.2863726730347356,1.05,0.21794494717703372,4.2,0.39999999999999997,0
437,0.8150626210357956,0.07314134455675175,0.05357111352848937,0.01618257370210026,0.0006483175808679378,0.00039217326825747743,100.0,0.0,62.75,3.1444395367060247,1.05,0.21794494717703372,4.3,0.7810249675906654,0
438,0.7929696957310398,0.07423662380797863,0.05875149972797912,0.017697729651827605,0.0006132252180505397,0.00032043338177892733,100.0,0.0,63.1,2.826658805020514,1.0,0.0,4.55,0.6689544080129827,0
439,0.7652883537367133,0.08125618867905807,0.06470272301148869,0.018191203176380413,0.0006126080358377803,0.0002787418797566687,100.0,0.0,63.85,2.868361901852694,1.025,0.10897247358851683,4.25,0.5361902647381804,0
440,0.7354669384406008,0.08095489740769032,0.07093204768233372,0.016963377539201664,0.0006259710966940357,0.00024950764759545507,100.0,0.0,63.2,2.712931993250107,1.1,0.3,4.05,0.804673846971554,0
441,0.7070212743159904,0.09094057569711655,0.07616728629894536,0.018483994524645646,0.0006376331053391598,0.0002864894142418563,100.0,0.0,63.25,2.1880356487041066,1.025,0.10897247358851683,4.55,0.6689544080129827,0
442,0.6715610142072759,0.09545518368961912,0.08266194296692257,0.01981125397104579,0.0006494291733159183,0.0002816703449711448,100.0,0.0,62.85,3.365635155509284,1.1,0.3,4.15,0.47696960070847283,0
443,0.634879551308761,0.11041138936902326,0.08909088380380623,0.021955326855070775,0.0007110764970147716,0.00035728203348965256,100.0,0.0,62.15,3.335790760824186,1.1,0.25495097567963926,4.5,1.118033988749895,0
444,0.6129807190960883,0.11437786787882935,0.09278547391650092,0.02238258203988134,0.0007651415714074795,0.00041809216900101783,100.0,0.0,65.35,2.903015673398957,1.0,0.0,4.05,0.6689544080129826,0
445,0.601297345886264,0.11158833940391355,0.09507594380693277,0.021585575233510776,0.0008038133667853586,0.0004089374076159072,100.0,0.0,62.85,3.5815499438092444,1.05,0.15,4.3,0.8426149773176358,0
446,0.5781028163412901,0.11029264552623752,0.09889316404204615,0.021565194542211417,0.0008747064191902498,0.0005267376719071182,100.0,0.0,62.95,2.9406631905065224,1.025,0.10897247358851683,4.3,0.5567764362830021,0
447,0.5627610607664388,0.10623418102693173,0.10114935195187517,0.020859609427139846,0.0009689720991582823,0.0005318917786412054,100.0,0.0,61.85,3.1348843678834477,1.125,0.3112474899497183,3.85,0.3570714214271425,0
448,0.5587023136418938,0.11122516906551788,0.10158805835893112,0.022664823811977052,0.0009443439649027207,0.0005247660951763552,100.0,0.0,64.05,3.3537292675468007,1.0,0.0,4.2,0.812403840463596,0
449,0.5545861691491855,0.11395547151699091,0.10252474032685084,0.02328131996016362,0.0009465568592726837,0.0005014481954187378,100.0,0.0,62.85,2.8508770580296865,1.1,0.3,4.25,0.82915619758885,0
450,0.5620361874386381,0.13160511186953486,0.10127100366484725,0.027336321836927153,0.0009047999628441187,0.0004319303942166902,100.0,0.0,63.65,2.937260628544903,1.05,0.21794494717703372,4.2,0.812403840463596,0
451,0.5630075626596492,0.1426317631716358,0.10110938259900717,0.02922735910433176,0.0008963857098085347,0.00039136176902734344,100.0,0.0,62.55,2.923610781208744,1.025,0.10897247358851683,4.35,0.8529361054615991,0
452,0.5770741851533078,0.15695963007211028,0.09856480855214303,0.031286373757116445,0.0009108140926187148,0.0004016748161069923,100.0,0.0,62.65,3.08666486681013,1.05,0.21794494717703372,4.35,0.9630680142129111,0
453,0.5872133337422752,0.16236675649037474,0.0965057200206798,0.03257508434927356,0.000880411778800143,0.0004149788997117565,100.0,0.0,64.05,3.201171660501823,1.05,0.21794494717703372,4.1,0.7000000000000001,0
454,0.5990388665296212,0.16855330215447037,0.09420546795124542,0.032841058898418714,0.0008790211040362592,0.0004855084328642804,100.0,0.0,63.55,2.97447474354717,1.0,0.0,3.95,0.5894913061275798,0
455,0.610163124947255,0.16397398983467987,0.0915821599540193,0.03196914925319058,0.0009075525000094446,0.0005096707125612611,100.0,0.0,62.8,3.501428280002319,1.05,0.21794494717703372,4.4,0.9165151389911681,0
456,0.6232426809233487,0.16291903165072869,0.08947433429479015,0.031212235343934736,0.000903791769376882,0.0004949532256125962,100.0,0.0,62.55,2.7106272336859605,1.0,0.0,4.15,0.47696960070847283,0
457,0.6338570883633476,0.1584870804934063,0.0871986392056444,0.030313344008197726,0.0009285890441834461,0.0004004361643186887,100.0,0.0,63.65,4.138538389335056,1.025,0.10897247358851683,4.35,0.7262919523166975,0
458,0.6515391213426229,0.16625939540301882,0.0835331915496734,0.032841595907963275,0.0009253918238887809,0.0003552115774079106,100.0,0.0,62.65,3.118894034750139,1.05,0.21794494717703372,4.7,0.9539392014169458,0
459,0.6746551511845136,0.1627822525720816,0.0786133172797807,0.03201996048046865,0.0009199353026639172,0.0002996317601816938,100.0,0.0,64.65,2.5743931323712004,1.0,0.0,4.25,0.82915619758885,0
460,0.7008039929348776,0.1567550046759505,0.07325712602993398,0.029986574949935313,0.0009490148782812759,0.0004300373647627604,100.0,0.0,63.65,3.380458548777074,1.025,0.10897247358851683,4.2,0.7483314773547883,0
461,0.7305079950783547,0.1541518859676188,0.06754963959645752,0.029491314931007057,0.0008904456652516855,0.0004390519873371872,100.0,0.0,63.75,2.48746859276655,1.025,0.10897247358851683,4.2,0.7483314773547883,0
462,0.7572559797515442,0.14020366611344987,0.0609188195968983,0.027076578788969182,0.0009321487511539694,0.0005056573316504296,100.0,0.0,64.15,3.380458548777074,1.1,0.3,4.05,0.6689544080129826,0
463,0.7939338814711296,0.12782383158766375,0.05270194266124652,0.025218329371277826,0.0008824006371938077,0.0005293345509411848,100.0,0.0,63.45,2.9064583258667245,1.1,0.3,4.05,0.6689544080129826,0
464,0.8201172371981924,0.1132346272314784,0.04552408230930438,0.02425780243810052,0.0008695286194815866,0.00042515222195684986,100.0,0.0,65.25,3.222964473896664,1.05,0.21794494717703372,3.95,0.49749371855331004,0
465,0.8403836776192947,0.10445624811547623,0.04086415561006334,0.02237368206211378,0.0008254389286983428,0.0004387676890150618,100.0,0.0,65.2,2.976575213227443,1.0,0.0,4.0,1.0488088481701516,0
466,0.8594443720503848,0.09653389500436416,0.0355096981536373,0.021826199211719917,0.0007774269288216714,0.0004482363508415901,100.0,0.0,64.05,3.1220986531498327,1.075,0.23848480035423641,4.1,0.7000000000000001,0
467,0.8747052188739153,0.08319498124838225,0.03162368059369503,0.019256170741519012,0.0007646654882133507,0.0004688571973127925,100.0,0.0,63.15,3.8114957693797855,1.15,0.3570714214271425,4.15,0.7921489758877431,0
468,0.8832493815176005,0.07053314740554253,0.02881410574148191,0.017135700460999007,0.0007745712971595087,0.0004659551630673373,100.0,0.0,64.95,3.040970239906994,1.025,0.10897247358851683,4.0,0.5477225575051661,0
469,0.8964590425125125,0.05174634515054932,0.02590995672570264,0.013226049231104079,0.000746075384922088,0.0003632324295066725,100.0,0.0,63.35,2.6509432283623124,1.05,0.2179449471770337,4.05,0.49749371855331004,0
470,0.8964896641412835,0.041805753127534484,0.0256552234006569,0.010556374093125482,0.0007913587217951079,0.00038562101562998824,100.0,0.0,62.45,2.7290108097990378,1.1,0.3,4.2,0.6,0
471,0.8958307997761074,0.030216213729852823,0.027909645246967495,0.009693898435005491,0.0007232348587261494,0.0003036429470741792,100.0,0.0,63.2,3.709447398198282,1.025,0.10897247358851683,4.45,0.9733961166965892,0
472,0.8920331738775408,0.028159810188662895,0.029889989064225436,0.010025503272263444,0.0007034423480814028,0.00029611324613568717,100.0,0.0,61.85,3.7719358425084595,1.075,0.23848480035423641,4.4,0.9695359714832658,0
473,0.8857393564078414,0.03162624204591048,0.03334686945564312,0.011789463218789927,0.0006630265004685472,0.00024036326110742738,100.0,0.0,63.55,3.2935543110748915,1.05,0.21794494717703372,4.15,0.47696960070847283,0
474,0.8758994916631201,0.03961995947236329,0.03672185274860758,0.014612317897616897,0.0006214105823114876,0.00029975111202688203,100.0,0.0,63.2,3.009983388658482,1.1,0.3,4.4,0.5830951894845301,0
475,0.8548008810959733,0.04769152864282311,0.04242624331742922,0.0163310449099017,0.0006332426653252274,0.00024255436149930547,100.0,0.0,63.8,3.443835071544512,1.0,0.0,4.35,0.7921489758877431,0
476,0.8254045850760174,0.06716796205892457,0.04905659631684953,0.01817744548452678,0.0006912571052963608,0.0002510801065280716,100.0,0.0,64.5,3.263433774416144,1.025,0.10897247358851683,4.1,0.7681145747868608,0
477,0.7944823961141552,0.07736525744927372,0.05630677418045452,0.017518735806396287,0.0007372570435542246,0.0002825587572772057,100.0,0.0,63.25,3.207413287993925,1.05,0.21794494717703372,4.4,0.5830951894845301,0
478,0.7656646622393704,0.08987151781754847,0.06345723575550727,0.016859762515622326,0.0007179729586960511,0.000315791455440117,100.0,0.0,63.9,2.7367864366808017,1.0,0.0,4.2,0.6,0
479,0.7340042270487659,0.09261176536393011,0.06918749639996587,0.01700423435690223,0.0008032856905706908,0.00042833716047219124,100.0,0.0,63.55,2.7834331319433563,1.05,0.21794494717703372,4.45,0.8046738469715541,0
480,0.7066012127660446,0.09143259740574494,0.07431309435109248,0.016631567583802378,0.0008564737140247785,0.0005800665032826918,100.0,0.0,63.65,3.134884367883447,1.0,0.0,4.3,0.5567764362830022,0
481,0.6825579274478318,0.09135937127793792,0.07972618884373975,0.015815950405231302,0.0008162988519948625,0.0006167286848305539,100.0,0.0,62.55,3.6534230524263136,1.15,0.3570714214271425,4.3,0.7810249675906654,0
482,0.6550746922368522,0.08349637114758866,0.08525048402919526,0.014620711778392826,0.0007930862558975738,0.0005808093654009393,100.0,0.0,63.2,2.803569153775237,1.025,0.10897247358851683,4.1,0.5385164807134504,0
483,0.6355397715985482,0.08906202976449319,0.0883644684410227,0.01610308064061827,0.000844945447400741,0.0005385792661749986,100.0,0.0,63.9,3.2848135411313684,1.0,0.0,4.15,0.7921489758877431,0
484,0.607240112763098,0.08952733962296501,0.09303234629163774,0.017003740585588338,0.0009052149269724753,0.0005481242257864953,100.0,0.0,64.5,2.539685019840059,1.0,0.0,4.2,0.6782329983125269,0
485,0.5825894445745272,0.08902890367480558,0.09737444450958925,0.017690429741432805,0.0009631010807902492,0.0004788330903443528,100.0,0.0,63.35,3.4245437652335533,1.1,0.2549509756796392,4.1,0.8888194417315588,0
486,0.5674150680368923,0.08615625533471077,0.09969615740818763,0.016548301024085138,0.0010827879862403945,0.0004480848619414299,100.0,0.0,63.55,2.5782746168707473,1.05,0.21794494717703367,4.25,0.5361902647381804,0
487,0.5790068733302298,0.10109229404058566,0.09626092074573903,0.01933238486274047,0.0012137247064996355,0.00046688441426370373,100.0,0.0,63.55,3.694252292413175,1.1,0.3,4.15,0.5722761571129799,0
488,0.5750288008991521,0.10074007467435148,0.09678884349270801,0.01866353394204797,0.0012521816517695038,0.0005305651942510202,100.0,0.0,62.4,3.786819245752298,1.05,0.15,4.45,1.2031209415515964,0
489,0.5723908886482579,0.11539977944525838,0.09729762792764314,0.02254764319814961,0.0012012232387354819,0.0005867844845752748,100.0,0.0,63.35,3.623189202898463,1.05,0.15,4.45,1.023474474522936,0
490,0.5737959806765829,0.1325270287583594,0.09755345628134288,0.02647234536354156,0.0010900413749862854,0.0005633833825869703,100.0,0.0,62.6,3.0397368307141326,1.075,0.23848480035423641,4.05,0.6689544080129826,0
491,0.5790066339971868,0.13741663460825498,0.09706698182885053,0.02741332396272311,0.0010520464167544992,0.0005090601266689414,100.0,0.0,63.65,3.1666228067138023,1.0,0.0,4.25,0.6224949798994366,0
492,0.5829243838198511,0.1401415899395265,0.09617531145071331,0.027373784238955243,0.001101905286987763,0.0005047916216356321,100.0,0.0,64.3,2.5317977802344327,1.0,0.0,4.2,0.6,0
493,0.5938595436654813,0.12456123857132566,0.0941428266616686,0.025318043823083402,0.0010999055792492393,0.0004686845746845939,100.0,0.0,63.8,2.712931993250107,1.05,0.21794494717703372,4.15,0.7262919523166975,0
494,0.602811175214279,0.11891672686260948,0.09203293255815789,0.02494170635908428,0.0011135948229259412,0.0004462445924952359,100.0,0.0,64.0,2.5298221281347035,1.05,0.21794494717703367,4.25,1.0428326807307104,0
495,0.619628919255236,0.1176898937517211,0.08916479924281742,0.02400254272062467,0.0011127713732245043,0.0004114379279589577,100.0,0.0,64.15,2.2197972880423116,1.0,0.0,4.3,0.7810249675906654,0
496,0.6454745165818749,0.11781916366870955,0.08425720000808407,0.022905920522050545,0.0010469404731840944,0.0003451422578953772,100.0,0.0,63.45,2.871846096154876,1.1,0.3,4.05,0.6689544080129826,0
497,0.6687184325494113,0.12345697001158647,0.08063956309114474,0.022724238013009226,0.0009256217439412613,0.00039410668716256955,100.0,0.0,64.3,2.3259406699226015,1.0,0.0,4.3,0.7810249675906654,0
498,0.6822851527199247,0.11586612385315066,0.07727326259866943,0.02098403962560438,0.0010126086764640839,0.0005740165505776548,100.0,0.0,63.05,2.9744747435471695,1.1,0.3,4.5,1.02469507659596,0
499,0.7086042974970594,0.11132883232476287,0.0712918671462944,0.02194221753863395,0.000976668829178108,0.0004407160241095031,100.0,0.0,62.5,3.2326459750489227,1.1,0.3,4.3,0.6403124237432849,0
500,0.727486381869894,0.09417882148573388,0.06781317278303794,0.019213371449711,0.0009691235739659852,0.00047317190618209316,100.0,0.0,63.5,3.640054944640259,1.075,0.23848480035423641,4.2,0.7483314773547883,0
501,0.7517725586577619,0.08895874000098142,0.06342522224932433,0.0188148895563933,0.0008966520165913956,0.0004278547081340639,100.0,0.0,63.6,3.7202150475476548,1.15,0.3570714214271425,4.2,0.8124038404635961,0
502,0.7703900004757103,0.08364924942701422,0.058827638562836036,0.018243200031170293,0.0009146799906693586,0.0004616424018229129,100.0,0.0,63.55,2.836811590500857,1.075,0.23848480035423641,4.0,0.7071067811865476,0
503,0.7930407019025385,0.07913894684344017,0.05319376374579375,0.016450998688638006,0.0009349080928190438,0.0004990690506512307,100.0,0.0,62.3,2.282542442102666,1.1,0.3,4.25,0.8874119674649424,0
504,0.8129750727753734,0.07343509194768352,0.04759684189960828,0.01648931103314769,0.0009548402974223885,0.0005038389951196967,100.0,0.0,63.35,3.5954832776693593,1.1,0.3,4.2,0.8124038404635961,0
505,0.8390766136281174,0.06862170810068417,0.041994743150197474,0.015471936978431586,0.0008727143070472199,0.0004552579080090193,100.0,0.0,63.75,3.329789783154486,1.1,0.3,4.15,0.5722761571129799,0
506,0.8548609440659252,0.06368574515137809,0.03754570016252763,0.015922997746011223,0.0008483617909106711,0.0004429329462705609,100.0,0.0,63.8,2.9257477676655586,1.05,0.2179449471770337,4.35,0.5722761571129799,0
507,0.8780009921992878,0.05194613279495951,0.03287104995477347,0.013910601666275425,0.0007387988860284235,0.0003391950254174028,100.0,0.0,63.6,3.120897306865447,1.1,0.3,4.35,1.1079259903080168,0
508,0.8899416293822373,0.04623117328578672,0.028464153665022685,0.013073570045725883,0.0007456875969189445,0.00032790644719248507,100.0,0.0,63.1,2.5670995305986875,1.075,0.23848480035423641,4.4,0.7348469228349535,0
509,0.9007864647696737,0.0426463407189311,0.024518690937218906,0.01316529754727886,0.0007240809050021369,0.00037073382954323563,100.0,0.0,63.75,3.672533185690771,1.1,0.3,4.1,0.8888194417315588,0
510,0.9078254104797454,0.03572632662417047,0.02301620248189346,0.011095883133223582,0.0007194786240887947,0.00030373768841061974,100.0,0.0,62.45,2.9744747435471703,1.125,0.3112474899497183,4.25,0.6224949798994366,0
511,0.9097889673221754,0.03613406791135,0.021603877601571213,0.011260013281339755,0.0007179313368156503,0.00031671147771213315,100.0,0.0,63.45,3.456515586540874,1.05,0.15,4.2,0.6782329983125269,0
512,0.9074648145815768,0.03364655035705748,0.02498218982142528,0.0110217293682701,0.000655232991281237,0.0001908806376593467,100.0,0.0,62.0,3.449637662132068,1.1,0.3,4.5,0.8660254037844386,0
513,0.8984112156378714,0.037927373039009976,0.02882169708916831,0.012277092659068704,0.0006411399207023997,0.0002017555514600055,100.0,0.0,63.75,1.9461500456028564,1.0,0.0,4.45,0.7399324293474372,0
514,0.8802216797679069,0.044782608527701794,0.03411312513164794,0.01355004686044822,0.0006849191106088797,0.00022230843853392784,100.0,0.0,63.4,3.9924929555354263,1.05,0.21794494717703372,4.15,0.653834841531101,0
515,0.8532888704011803,0.05447005436704207,0.04195644823220165,0.012383991982411632,0.0007495275310030667,0.00030561352985736034,100.0,0.0,64.2,3.6276714294434105,1.1,0.3,4.3,0.6403124237432849,0
516,0.8323654177209685,0.054687815989572654,0.049918263415592024,0.012448026208393748,0.000614825458153608,0.0002248519722876875,100.0,0.0,63.65,4.138538389335056,1.15,0.3570714214271425,4.15,0.7262919523166976,0
517,0.799029140518722,0.05839461602214074,0.05736226484470654,0.012737653880571848,0.000652044999915056,0.0002857283144851073,100.0,0.0,62.25,2.913331426391443,1.1,0.3,4.7,1.1,0
518,0.772322930307714,0.06510549335476767,0.06308212751770649,0.01363465053153585,0.0006718942203335003,0.00028824691076744066,100.0,0.0,62.9,3.2388269481403293,1.1,0.3,4.25,0.698212002188447,0
519,0.7426337154484319,0.0735911029993073,0.06875117121757209,0.014364430167286262,0.0007269459129552621,0.00032684002221974856,100.0,0.0,62.85,3.8506492958980307,1.05,0.21794494717703372,4.35,0.8529361054615991,0
520,0.7078780213332123,0.07396321313847647,0.0753809775491058,0.014232883785100561,0.0007908493840876445,0.00030430366597460946,100.0,0.0,63.05,2.7834331319433563,1.075,0.23848480035423641,4.25,0.7664854858377946,0
521,0.6867273650409322,0.07600092182438686,0.07894633271102755,0.014636903171854593,0.0008689955013174756,0.0003399109655474157,100.0,0.0,63.25,3.897114317029974,1.025,0.10897247358851683,4.25,0.8874119674649424,0
522,0.667808050501578,0.088854318757207,0.08301972922376855,0.016431848164310436,0.0008037911735501588,0.0003370253794542829,100.0,0.0,63.5,2.8722813232690143,1.0,0.0,4.35,0.7262919523166976,0
523,0.6431418930526529,0.08812714433226046,0.08810803469512186,0.016159228590018844,0.000813618354515134,0.00033401060433006465,100.0,0.0,63.6,3.1368774282716245,1.075,0.23848480035423641,4.05,0.6689544080129826,0
524,0.6319100585728565,0.09305047417835827,0.09013586959795629,0.016644897976555238,0.0008018686720257263,0.00042485211235061766,100.0,0.0,62.2,2.5806975801127883,1.15,0.3570714214271425,4.2,0.8124038404635961,0
525,0.6250330257201998,0.09785668387993016,0.09138798194962303,0.01774537505904797,0.0007913744329349368,0.00044553744707699747,100.0,0.0,62.15,2.515452245621053,1.175,0.36314597615834876,4.2,0.5099019513592784,0
526,0.6120702137855261,0.09843601227055686,0.093264076999754,0.01826936834332401,0.0008491372726560457,0.0004366818566196812,100.0,0.0,63.45,3.0409702399069944,1.1,0.3,4.5,0.7416198487095663,0
527,0.6024110123142381,0.09510938610103507,0.09500147591753803,0.017818840271092096,0.0008854548125404741,0.0003598565771644137,100.0,0.0,64.15,2.7617928959282954,1.025,0.10897247358851683,4.25,0.82915619758885,0
528,0.6002005500695098,0.09453621072601164,0.09546635286783522,0.01695115413963729,0.0009112443097119983,0.0003836024153401705,100.0,0.0,63.4,2.6343879744638983,1.05,0.21794494717703367,4.15,0.7262919523166976,0
529,0.604211516581404,0.08559649039660945,0.09418095357390578,0.01574469435021135,0.0009912518723094333,0.0005464852672739937,100.0,0.0,63.9,3.031501278244824,1.0,0.0,4.0,0.5477225575051661,0
530,0.6073083968885283,0.08073070507816583,0.09314175173549745,0.015673537187466793,0.0010366096016947769,0.000654120938927702,100.0,0.0,63.35,3.5110539728121526,1.1,0.3,4.15,0.5722761571129799,0
531,0.6222104792557416,0.08157281301616645,0.08977368560722172,0.017401932843624318,0.0011096918827427746,0.0007184372350460701,100.0,0.0,63.25,3.6314597615834874,1.05,0.21794494717703367,4.85,1.107925990308017,0
532,0.6468568372391691,0.0957762450020085,0.08463672626525916,0.02115368481774685,0.001020736868338534,0.0006142597454648119,100.0,0.0,63.3,2.5903667693977237,1.075,0.23848480035423641,3.95,0.6689544080129826,0
533,0.6544315380546416,0.09502056567732294,0.083788567351443,0.020636854718987917,0.0009265730241351234,0.000500192713637156,100.0,0.0,63.6,2.90516780926679,1.1,0.3,4.1,0.6244997998398398,0
534,0.6626410775146504,0.0969214562098045,0.08262455790024847,0.020317971573921862,0.0008530645132233889,0.00031635057096933525,100.0,0.0,63.25,2.843853020111975,1.075,0.23848480035423641,4.2,0.6782329983125268,0
535,0.6677120026373223,0.09313777038040472,0.08172278646524757,0.018780655187545087,0.0008630361286862045,0.00037194131801802937,100.0,0.0,61.7,2.9512709126747416,1.1,0.3,4.05,0.5894913061275798,0
536,0.6851679564305955,0.09788847043375977,0.07740462595715794,0.019525505294817256,0.0008805414096216411,0.00045837996934296145,100.0,0.0,63.25,2.7179955849853767,1.075,0.23848480035423641,4.05,0.5894913061275798,0
537,0.6952311795871271,0.09390152532775446,0.07541926210738635,0.016849121870564802,0.0009208808690097817,0.00045566265649146304,100.0,0.0,63.15,2.779838124783528,1.075,0.23848480035423641,4.0,0.7745966692414834,0
538,0.7024004875092202,0.09531724147590667,0.07298589551603643,0.017378434139791617,0.0009973519989768022,0.0004925950496865704,100.0,0.0,63.8,2.6381811916545836,1.05,0.21794494717703372,4.0,0.7071067811865476,0
539,0.7161546518533287,0.08396079408011621,0.06912728057755031,0.017362725143234066,0.0010642968704188136,0.00047570303878405925,100.0,0.0,62.6,3.0066592756745814,1.175,0.36314597615834876,4.5,0.806225774829855,0
540,0.7388332828392897,0.07983713042951147,0.06459335658020546,0.01696094617773039,0.0010167439366227386,0.0004882831452641749,100.0,0.0,63.2,3.9319206502675,1.125,0.3112474899497183,4.25,0.698212002188447,0
541,0.7579108748517147,0.06822982204434969,0.06001274864232729,0.014814530913196053,0.0010673277322596733,0.00048460831837121414,100.0,0.0,65.15,3.4245437652335533,1.05,0.21794494717703372,4.2,0.6782329983125269,0
542,0.7809533439504686,0.054591992501624685,0.05470558967512762,0.013204030651450203,0.0010555603140909354,0.0005172809357943488,100.0,0.0,64.05,2.8718460961548757,1.05,0.21794494717703372,4.4,0.8,0
543,0.7985660802088704,0.055154166343747695,0.049763602678518135,0.01450580889695438,0.0010408040219780444,0.0004903095419822465,100.0,0.0,63.65,3.1666228067138023,1.0,0.0,4.3,0.714142842854285,0
544,0.818666000603258,0.057976970460085694,0.04511159637729005,0.014275881508778147,0.0010041463335275168,0.00048273246457859585,100.0,0.0,63.65,2.3081377775167584,1.0,0.0,4.3,0.6403124237432849,0
545,0.838110403249015,0.05359789431196347,0.03991040367594917,0.014309723888626233,0.0009733349533567508,0.0004062733644464494,100.0,0.0,63.5,3.122498999199199,1.05,0.21794494717703372,4.2,0.6782329983125269,0
546,0.8521179727115328,0.04983645043242238,0.03528889615627349,0.014740096780480083,0.0009703379582420713,0.0003348039262618325,100.0,0.0,63.35,2.920188350089768,1.075,0.23848480035423641,4.25,0.82915619758885,0
547,0.8683958152842755,0.04561848849413757,0.02938566686454771,0.014601526608741864,0.0009588875444493722,0.0003374884055479126,100.0,0.0,63.75,3.672533185690771,1.025,0.10897247358851683,4.35,0.5722761571129799,0
548,0.8823865680815006,0.04356274679239364,0.02645294837040944,0.012188474924545535,0.0009015600181197632,0.00031616648345121206,100.0,0.0,64.25,2.5074887836239665,1.025,0.10897247358851683,4.1,0.7681145747868608,0
549,0.8942099553128887,0.040424180653656036,0.0249552256156714,0.009443520240151075,0.0008220854074120525,0.00034854991092886546,100.0,0.0,63.45,2.635811070619441,1.025,0.10897247358851683,4.1,0.5385164807134504,0
550,0.8981109651949687,0.04121440999619976,0.024373951751850576,0.010622112705889532,0.0007777984479821431,0.0003426455947720856,100.0,0.0,63.45,3.694252292413175,1.125,0.3112474899497183,4.05,0.804673846971554,0
551,0.9003317341626318,0.035134091949576375,0.025172662770563563,0.011389204394833001,0.0007262221762263526,0.0002953371363879024,100.0,0.0,64.4,3.307567081708245,1.05,0.21794494717703372,4.15,0.9096702699330127,0
552,0.8949196794174877,0.037146491506078384,0.027848455123471,0.012114789011975912,0.0007148902090469685,0.000258628843088141,100.0,0.0,63.05,2.71062723368596,1.0,0.0,4.35,0.5722761571129799,0
553,0.8865423529286154,0.04120820038653026,0.030617816896473228,0.01250691845813422,0.0007382889206604581,0.0002833959348074555,100.0,0.0,63.0,3.8078865529319543,1.1,0.3,4.15,0.5722761571129799,0
554,0.877133624961585,0.04974639021249287,0.03465985117235321,0.014957066645945141,0.0006886669421013382,0.00030643008793103485,100.0,0.0,63.75,2.7179955849853767,1.0,0.0,4.3,0.714142842854285,0
555,0.8577126760990712,0.05455541036316985,0.04084374163939131,0.016115610428872884,0.0006844685736556443,0.0003005336917236753,100.0,0.0,62.9,2.487971060924946,1.075,0.23848480035423641,4.1,0.43588989435406733,0
556,0.839576912985734,0.0595146045518069,0.04593542059872683,0.01552349961322343,0.0007044358678794905,0.00034477718727878037,100.0,0.0,63.7,3.4799425282610637,1.0,0.0,3.9,0.6244997998398398,0
557,0.811415428062036,0.0664690583226383,0.053047475928738874,0.016064639645349318,0.0007114814763368235,0.00028562133517453733,100.0,0.0,63.0,3.082207001484488,1.075,0.23848480035423641,4.15,0.47696960070847283,0
558,0.7886533946962122,0.07297797499109805,0.05775278304134642,0.016359541955455824,0.0007619565442140514,0.00032047972142093306,100.0,0.0,63.85,3.6915443922564446,1.05,0.21794494717703372,4.35,0.792148975887743,0
559,0.7594333044784047,0.07070725529109254,0.06398817785343398,0.015464952987843145,0.0008120231169751711,0.00039259404814095033,100.0,0.0,62.85,3.4680686267719674,1.2,0.3674234614174767,4.0,0.6324555320336759,0
560,0.7314045155964511,0.06773976479029765,0.06975561662225589,0.01545338296679528,0.0008262034340099179,0.00038784804381112936,100.0,0.0,62.95,3.2935543110748906,1.1,0.3,4.25,0.698212002188447,0
561,0.7099502904002282,0.07284277257003911,0.07414175274718528,0.01558955393469493,0.000840373989163889,0.0005135795289474488,100.0,0.0,63.2,2.4617067250182343,1.0,0.0,4.6,0.5830951894845301,0
562,0.694578254235816,0.07965770808816217,0.07820670579855332,0.015735455224794383,0.0007677384549830506,0.00041255742052415096,100.0,0.0,64.7,3.8223029707232783,1.0,0.0,4.1,0.7681145747868608,0
563,0.6706973312923319,0.08519535583966271,0.08259084545254568,0.01647917190741784,0.0007827189201154739,0.00042152290180709446,100.0,0.0,63.25,3.1760824926314495,1.05,0.21794494717703372,4.15,0.7921489758877431,0
564,0.6512275973045961,0.08947007070183392,0.0857696439757618,0.01772202686981896,0.0008101071212919583,0.0003805007068896397,100.0,0.0,63.15,2.104162541250081,1.05,0.2179449471770337,4.2,0.5099019513592784,0
565,0.6390601929721925,0.08659149445145418,0.08800303415104903,0.018223981146775727,0.0008525485371665648,0.00040398205399813105,100.0,0.0,63.7,2.9171904291629644,1.1,0.3,4.3,0.8426149773176358,0
566,0.6262744223269071,0.08760179777908367,0.09075678305111279,0.017653465970580234,0.0008601617647682983,0.00040541495545572543,100.0,0.0,63.1,3.3600595232822887,1.1,0.3,4.4,0.7999999999999999,0
567,0.6214090998052779,0.0943550439747281,0.09178379987406335,0.018923633366443256,0.0008532049564431097,0.0003860364081287578,100.0,0.0,63.45,3.470950878361721,1.2,0.4,4.25,0.9420721840708386,0
568,0.6094330277230265,0.09682485302724375,0.0942606439313237,0.01900347981292371,0.0007980962811641411,0.0004106238216576614,100.0,0.0,62.5,2.202271554554524,1.0,0.0,4.4,0.8602325267042626,0
569,0.6069366010376798,0.10539439281146298,0.09449243949598514,0.02093576525737497,0.0007655707072027322,0.0003517474385574212,100.0,0.0,62.3,2.685144316419511,1.15,0.3570714214271425,4.15,0.7262919523166975,0
570,0.6016454821420049,0.12074878468179166,0.09544976282212982,0.023435667582700433,0.0007333180178526411,0.00034303148485539665,100.0,0.0,64.05,2.67348087705897,1.0,0.0,4.0,0.6324555320336759,0
571,0.5940739290643204,0.12791277743282742,0.09727569063941624,0.023674904136878946,0.0007267952100054249,0.00028940991587190796,100.0,0.0,63.35,2.937260628544903,1.05,0.21794494717703372,4.35,0.6538348415311012,0
572,0.5921463389099971,0.12334135203539963,0.09723351895337964,0.022989470376936015,0.0007862233388467194,0.00031768739753169954,100.0,0.0,63.65,2.7617928959282954,1.05,0.21794494717703372,4.35,0.7262919523166975,0
573,0.5996899701157362,0.11788107740549167,0.09546146317708434,0.022336843591612063,0.000799094710762528,0.00034351066339156433,100.0,0.0,63.85,3.66435533211505,1.1,0.3,4.1,0.8306623862918076,0
574,0.6055270052054095,0.11262559945824274,0.09457933967815745,0.0208817582988792,0.0007931772941340042,0.00038128355691158515,100.0,0.0,63.7,3.579106033634656,1.05,0.21794494717703372,4.45,0.8645808232895291,0
575,0.6203889223050786,0.10513438129514854,0.0910086597702266,0.020453265181235247,0.0008791904083592973,0.0005099284766722014,100.0,0.0,63.2,2.694438717061496,1.05,0.21794494717703372,4.25,0.8874119674649424,0
576,0.6355431092123259,0.10493815987721512,0.08761426985436724,0.021408363013219953,0.0009006560211618356,0.00045166233125389603,100.0,0.0,63.45,3.866199684444661,1.1,0.3,4.15,0.6538348415311012,0
577,0.6488160817772998,0.10187870692943307,0.08410878856459791,0.022346000106329634,0.0009381252749559325,0.0004992356583661858,100.0,0.0,62.6,1.8547236990991405,1.0,0.0,4.05,0.5894913061275798,0
578,0.6717797117024769,0.10644363130008547,0.07920189747206405,0.024967857337282136,0.0009003620340158813,0.0004937721752305632,100.0,0.0,62.5,2.819574435974337,1.1,0.3,4.4,0.9165151389911681,0
579,0.6883664040019969,0.09671017210107999,0.07607946245649083,0.023149432961309842,0.0009500435127226626,0.0004957744348946633,100.0,0.0,64.2,2.959729717389748,1.0,0.0,3.9,0.6244997998398398,0
580,0.7188923016751911,0.08935651704925149,0.06943490634297741,0.021425146366219203,0.0009577696590998741,0.0005181490776782269,100.0,0.0,63.1,3.4336569426778794,1.05,0.21794494717703367,4.2,0.5099019513592784,0
581,0.7472978325892287,0.08554423397181918,0.06349592302797648,0.021662060287450213,0.0009188400879863621,0.0004065086602258001,100.0,0.0,63.35,2.2643983748448506,1.05,0.2179449471770337,4.1,0.7,0
582,0.7761317618383632,0.08848945251873373,0.05774153953496118,0.021588086989837576,0.0008283734204799938,0.0003944940191220147,100.0,0.0,62.9,2.662705391138869,1.1,0.3,4.3,0.714142842854285,0
583,0.7937949098292437,0.08314006337728587,0.05413149976762706,0.019901831790738404,0.0008164150881460417,0.00033760578112569656,100.0,0.0,63.3,2.590366769397724,1.0,0.0,4.1,0.7000000000000001,0
584,0.8143816926737953,0.07891573615585434,0.048469907146058325,0.01898349285343962,0.0008420029884576439,0.00038600446088747615,100.0,0.0,63.0,2.0,1.05,0.15,4.3,0.5567764362830021,0
585,0.834905635161306,0.07257099704878635,0.04370771803538616,0.018219303040625294,0.0008179490382457788,0.00038385480219175165,100.0,0.0,63.55,3.0899029110960754,1.075,0.23848480035423641,4.0,0.6324555320336759,0
586,0.8555676065981995,0.06251164670443143,0.03869941337005136,0.016165567288463394,0.0007900769693154374,0.0003214559064307011,100.0,0.0,64.0,3.286335345030997,1.0,0.0,3.95,0.5894913061275798,0
587,0.8729981971358163,0.06134484085008837,0.03396683337854732,0.015296376265676178,0.0007575819908878057,0.0004269318170476878,100.0,0.0,62.85,3.1188940347501393,1.075,0.23848480035423641,4.3,0.6403124237432849,0
588,0.8849052577903151,0.058207600294402494,0.028772572371630174,0.015091992310871974,0.0007823066874444659,0.0004221113397511795,100.0,0.0,63.5,2.7477263328068173,1.0,0.0,4.15,0.852936105461599,0
589,0.8974163242766936,0.048329632322406585,0.026110070992928773,0.014962708341161295,0.0007008089675818728,0.0003225886035666821,100.0,0.0,63.25,3.6588932752951404,1.025,0.10897247358851683,4.25,0.9420721840708386,0
590,0.8983477422038417,0.04895059359120849,0.023496940615887127,0.014801852321132066,0.000764544673691978,0.0003683644665710375,100.0,0.0,62.55,2.765411361804967,1.075,0.23848480035423641,4.35,0.653834841531101,0
591,0.9026884412691901,0.05058733061968677,0.02416021138131825,0.014607489213411916,0.0006899717337076711,0.0003977721617169285,100.0,0.0,62.65,2.688401011754013,1.175,0.36314597615834876,4.0,0.6324555320336759,0
592,0.9008379786952536,0.058314140837395396,0.026222072974665667,0.016211096381274135,0.0006341967264160432,0.0003893255390313667,100.0,0.0,62.1,3.9862262855989496,1.2,0.4,4.15,0.5722761571129799,0
593,0.8847552289878685,0.06908954391896487,0.030781151928535894,0.017838068703561936,0.0006862449912253793,0.00038883032048332174,100.0,0.0,62.25,3.6038174204584785,1.25,0.4330127018922193,4.3,0.5567764362830021,0
594,0.8677080534414936,0.06941675889803652,0.036515839162356165,0.018760196136376597,0.0006888773164305539,0.0003263830452399926,100.0,0.0,63.15,1.930673457630782,1.0,0.0,4.4,0.6633249580710799,0
595,0.8492827246894036,0.07599366783638031,0.04245337160684454,0.019783168625118384,0.0006800164730706347,0.00031313282900067495,100.0,0.0,62.85,2.351063589101749,1.05,0.21794494717703372,4.5,0.6708203932499369,0
596,0.8246445130240806,0.08404218217090559,0.05022178441358899,0.01997896243936571,0.0006290515896265573,0.00028596863324804775,100.0,0.0,64.25,2.5470571253900056,1.0,0.0,4.2,0.6,0
597,0.798950215267044,0.08891890788405699,0.05539618498180363,0.020767898593822498,0.0006811047136709811,0.0003852827890814592,100.0,0.0,62.65,3.2752862470324633,1.1,0.3,4.25,0.698212002188447,0
598,0.7770631127345494,0.09372087308439754,0.06038671842934468,0.02071378439176998,0.0007101071950931677,0.00035060533727666394,100.0,0.0,63.35,3.118894034750139,1.075,0.23848480035423641,4.35,0.9096702699330126,0
599,0.741791478212083,0.09195388422239054,0.0686029765652882,0.018800873091424353,0.0007270881803107449,0.0003994654091301346,100.0,0.0,64.45,3.0409702399069944,1.075,0.23848480035423641,4.1,0.7000000000000001,0
600,0.7129103373170845,0.09151648833480173,0.07480738512659268,0.01719545803366775,0.0007311827818285199,0.0004870118512802668,100.0,0.0,63.45,2.4387496796514396,1.025,0.10897247358851683,4.05,0.6689544080129826,0
601,0.6915787203630787,0.08591059749841819,0.0786010245741804,0.01709885876172061,0.000773042491540371,0.00043257061652562717,100.0,0.0,63.25,3.2384409829422554,1.05,0.21794494717703372,4.55,0.9205976319760985,0
602,0.6718740530949712,0.08266131665097294,0.08170406639939425,0.017922901763166625,0.0008236169208193919,0.0004072523166548102,100.0,0.0,62.6,3.4263683398023628,1.175,0.36314597615834876,4.35,0.7921489758877431,0
603,0.6506002698912245,0.08551148462915285,0.08634373466149159,0.017533019254980374,0.0007790847483204391,0.000333559068449004,100.0,0.0,64.7,3.4510867853474796,1.1,0.3,3.85,0.47696960070847283,0
604,0.6373620141998697,0.08563773790316168,0.08882435101151781,0.0167504853422144,0.0008458985036133642,0.0003050723560639886,100.0,0.0,63.1,3.845776904605882,1.05,0.21794494717703372,4.25,0.698212002188447,0
605,0.6340612062505545,0.08685613906113929,0.08921655973722387,0.016002005911879183,0.0009128013444287067,0.0003187978219354375,100.0,0.0,64.35,2.725344014982329,1.0,0.0,4.0,0.6324555320336759,0
606,0.6378889244647202,0.09741941847148244,0.08884525057382509,0.017288438430523027,0.0008610481238772773,0.0003947578787751656,100.0,0.0,64.1,2.364318083507378,1.0,0.0,4.2,0.5099019513592784,0
607,0.6384557255827366,0.09667882103118579,0.0879319323412471,0.01702223207548582,0.0009466854482968962,0.00048790174307145837,100.0,0.0,64.45,1.9868316486305526,1.0,0.0,4.05,0.5894913061275798,0
608,0.6369694301511453,0.10229512865556659,0.08791673801022462,0.018301352375815646,0.000977447844161958,0.0006062170587886805,100.0,0.0,62.95,3.1697791721190924,1.175,0.36314597615834876,4.15,0.4769696007084728,0
609,0.6402476258418692,0.10230248996286176,0.08728399563468688,0.018999545460177,0.0009488267384206595,0.0006524004244576164,100.0,0.0,64.65,3.395217224272992,1.05,0.21794494717703372,4.4,1.1575836902790224,0
610,0.6392590661271338,0.1009611408830559,0.08698184468392005,0.020046722435381952,0.0009271102522683677,0.0006130858623622148,100.0,0.0,62.8,3.171750305430741,1.125,0.3112474899497183,4.25,0.5361902647381804,0
611,0.6377525381608797,0.105793674272754,0.08742071429880507,0.0209000730231605,0.0008619374242958896,0.0005046153834579418,100.0,0.0,63.1,3.40440890610984,1.1,0.3,4.4,0.7348469228349535,0
612,0.6358889525149951,0.10733065231406863,0.088375996232088,0.020978134616024092,0.0008034764605895668,0.00047501053978043665,100.0,0.0,63.1,2.964793416074719,1.05,0.21794494717703372,4.4,0.9165151389911679,0
613,0.631035949676966,0.10424303563442786,0.08910034907130958,0.020314913335942406,0.0008164469505954986,0.0005236962603595379,100.0,0.0,64.2,3.009983388658482,1.0,0.0,4.25,0.8874119674649424,0
614,0.6363825250306968,0.10126137533131932,0.08741184726839112,0.02092633503750299,0.0008566407787665653,0.000620649591105939,100.0,0.0,63.05,3.0736785778607363,1.1,0.3,3.9,0.43588989435406733,0
615,0.6420847297777914,0.10485213122729356,0.08580798401844361,0.02357005806717238,0.0008367522820154754,0.0005451545316265082,100.0,0.0,63.35,2.885740806101615,1.0,0.0,4.35,0.7921489758877431,0
616,0.6614679525464513,0.10778404196580145,0.08246977002097103,0.02501387737675656,0.000746923812089455,0.0004236617417691926,100.0,0.0,63.5,3.8535697735995385,1.05,0.21794494717703372,4.4,0.5830951894845301,0
617,0.6617231055949384,0.11126846273226484,0.08279292473580281,0.02498788789098081,0.0007205559766740616,0.0003253849556559854,100.0,0.0,63.1,3.080584360149872,1.05,0.21794494717703367,4.5,0.7416198487095663,0
618,0.6735965040607634,0.10764631163150729,0.08031524141659899,0.024274486771872807,0.0007285272545030031,0.00034048349000143384,100.0,0.0,63.25,3.884263121880391,1.125,0.3112474899497183,4.35,0.7262919523166976,0
619,0.6891968768737852,0.10642717352361021,0.07679358787399966,0.02342695776247964,0.000790935589944301,0.00041803322061988575,100.0,0.0,63.45,2.5975950415721076,1.05,0.21794494717703372,4.25,0.6224949798994366,0
620,0.7067338176957458,0.09891027154827074,0.07312156567524572,0.022700658151614077,0.0007934164306010923,0.00036734285706192446,100.0,0.0,63.05,2.8368115905008566,1.0,0.0,4.1,0.5385164807134504,0
621,0.7377597004587243,0.09236334051578295,0.06707170421511684,0.021396624898421156,0.0007959948726913755,0.00034032125380756615,100.0,0.0,63.45,2.5391927851189244,1.05,0.21794494717703372,4.2,0.5099019513592784,0
622,0.7571240875623133,0.09026813933197188,0.06227259481855135,0.021813001673707432,0.00082902023796061,0.0003726022606618533,100.0,0.0,63.9,3.8845849199110063,1.2,0.4,3.95,0.49749371855331004,0
623,0.7809051187680892,0.07800062798000158,0.05784211087364997,0.018003160764503274,0.0008288554095399485,0.00037042199748375684,100.0,0.0,62.55,2.2688102609076854,1.075,0.23848480035423641,4.4,0.7348469228349535,0
624,0.8015615440600214,0.07333442411466881,0.052206217065367475,0.017232827078735167,0.0008576307906703522,0.00040491403595794987,100.0,0.0,63.7,3.179622619116929,1.1,0.3,4.3,0.5567764362830021,0
625,0.8254276281804251,0.0649242765856695,0.04573270107969937,0.015813665184486125,0.0008893883344482866,0.00046007484731421807,100.0,0.0,63.1,2.7730849247724096,1.1,0.3,4.55,0.8046738469715541,0
626,0.8439069893740582,0.06118101051554678,0.04139918299527105,0.014306801742861683,0.0008547249809168584,0.00039774860797138565,100.0,0.0,63.35,3.070423423568808,1.1,0.3,4.3,0.8426149773176358,0
627,0.862767403239203,0.05234619675267513,0.036983113806671304,0.011608408928794875,0.0008159654070959812,0.0004146160992234245,100.0,0.0,62.65,2.815581645060217,1.275,0.40233692348577704,4.0,0.5477225575051661,0
628,0.8739988583570298,0.05014520855930964,0.032566360074663396,0.012754914359543006,0.000822563567181229,0.00042745762902530207,100.0,0.0,63.35,4.210403781111736,1.15,0.3570714214271425,4.35,0.6538348415311012,0
629,0.8869186169314573,0.04508247238175248,0.027567009712724494,0.013068426825404168,0.0008035931961030407,0.0004036482082212719,100.0,0.0,63.8,3.0594117081556704,1.025,0.10897247358851683,3.9,0.7000000000000001,0
630,0.8895984133906694,0.04737814703686987,0.02419962907290155,0.0151055630961745,0.0008480491765094366,0.00043401811692031955,100.0,0.0,62.9,3.0967725134404045,1.025,0.10897247358851683,4.35,0.7921489758877431,0
631,0.8957700171158969,0.03599979315818749,0.024422509113364892,0.014830045402179491,0.0007581110776369845,0.00031324463816490114,100.0,0.0,63.75,2.9643717715563276,1.05,0.15,4.25,0.82915619758885,0
632,0.8916048487636605,0.04240466731044403,0.027081874384099747,0.014044237894335175,0.0007594402845992293,0.0002860093865093555,100.0,0.0,64.0,3.0,1.05,0.21794494717703372,3.95,0.6689544080129826,0
633,0.8824393378509345,0.04394645430601297,0.03173798570094388,0.014885602351601296,0.000714279999836367,0.0002871906773175539,100.0,0.0,63.95,2.9744747435471695,1.075,0.23848480035423641,4.1,0.9433981132056604,0
634,0.871387187374698,0.049801719902834246,0.03579462199406614,0.015360696475501881,0.0007110460021327239,0.0002847261590497025,100.0,0.0,62.4,3.039736830714133,1.05,0.21794494717703372,4.25,0.6224949798994366,0
635,0.8548986013667763,0.06067715656385971,0.04090969394466344,0.017995881486452616,0.0006793936547739817,0.00029813737347936524,100.0,0.0,62.9,2.896549671592048,1.15,0.32015621187164245,4.25,0.7664854858377946,0
636,0.8291287715665427,0.07459831431335263,0.0476414214453315,0.021264402006893515,0.0006623482125515802,0.00033113037752634196,100.0,0.0,64.65,2.725344014982329,1.0,0.0,4.3,1.0049875621120892,0
637,0.7967100949712416,0.08746780891489267,0.055532463303029814,0.021548986814550277,0.0006868350943065141,0.00036262893764139637,100.0,0.0,60.35,2.903015673398957,1.25,0.4330127018922193,4.45,0.9205976319760985,0
638,0.7702027140004681,0.10197030434550576,0.06158301404655682,0.022828057991490975,0.0006848572169770293,0.00029602588593111086,100.0,0.0,62.8,2.5019992006393608,1.1,0.3,4.15,0.7262919523166975,0
639,0.7378697740217458,0.10706782494985852,0.06915878330938859,0.02198306771491481,0.0006853035246456105,0.0002400691245445126,100.0,0.0,63.7,3.4073450074801643,1.05,0.21794494717703372,4.15,0.7262919523166976,0
640,0.7115076905446355,0.10943654398149077,0.07421025970960203,0.021472547068981766,0.0007327677294057526,0.00027406507996761894,100.0,0.0,62.9,3.448187929913334,1.0,0.0,4.35,0.6538348415311012,0
641,0.6924005229011445,0.10755486258146546,0.07801469296989197,0.020990482625143053,0.0007491124709909533,0.00028420024812530673,100.0,0.0,63.85,2.197157254271983,1.0,0.0,4.2,0.6782329983125268,0
642,0.6664401688876743,0.110245109217791,0.08230573869372958,0.021603204048734885,0.0008252210561789482,0.00029510429273787227,100.0,0.0,63.85,3.1507935508376304,1.025,0.10897247358851683,4.05,0.49749371855331,0
643,0.647516665402118,0.09831847635675471,0.08463681707603729,0.01857934927118923,0.0010088386544652506,0.00038559026997829677,100.0,0.0,64.4,3.352610922848042,1.075,0.23848480035423641,4.4,0.9695359714832659,0
644,0.6423085013652695,0.09034603378134813,0.08568377384568517,0.017575131187128064,0.0010387092926217218,0.0005559319776677821,100.0,0.0,62.4,3.0724582991474434,1.05,0.21794494717703372,4.25,0.5361902647381804,0
645,0.6359487699995571,0.08366747630171507,0.08676399060601533,0.016697728341697516,0.0010797845238819511,0.0007164437006930618,100.0,0.0,63.95,2.3553131426627756,1.05,0.21794494717703372,4.3,0.9539392014169457,0
646,0.6241696714152061,0.07858766486476401,0.08946235041527542,0.016586324307486123,0.0010403275144874144,0.0007441524559370332,100.0,0.0,62.45,2.4794152536434875,1.125,0.3112474899497183,4.2,0.6,0
647,0.6195896973981163,0.10184274202535103,0.09025221776879949,0.02171281988885696,0.0009989312819993492,0.000605339107343802,100.0,0.0,64.4,3.3970575502926055,1.025,0.10897247358851683,4.25,0.5361902647381804,0
648,0.6200511244986406,0.12559799703134544,0.09091509709804814,0.02453497385876919,0.0008969218142043736,0.00038859834502672565,100.0,0.0,64.4,2.2891046284519194,1.05,0.21794494717703367,4.05,0.5894913061275798,0
649,0.610340471551466,0.13712551386446134,0.09411875877594614,0.025583761049727594,0.0007395251321824232,0.0002569846804467227,100.0,0.0,62.95,3.4565155865408737,1.2,0.4,4.0,0.7071067811865476,0
650,0.608701613787969,0.13879934880506692,0.09489484724071659,0.02539816451582027,0.0007025331571762972,0.0002848216719670389,100.0,0.0,64.65,2.9372606285449034,1.0,0.0,4.3,0.5567764362830022,0
651,0.6117062508859046,0.13357490010177808,0.09430575159880035,0.024168875551848032,0.0006846181241939463,0.0002841244811414928,100.0,0.0,63.7,2.5903667693977237,1.025,0.10897247358851683,4.1,0.6244997998398398,0
652,0.614989301412239,0.13443363219048635,0.09324524808148242,0.024976642152537434,0.0007136943803838226,0.0003647100600556846,100.0,0.0,63.45,3.5563323804166562,1.075,0.23848480035423641,4.45,0.6689544080129827,0
653,0.6153195350135912,0.13268760520150416,0.09256077654221553,0.02499937481070397,0.0007797258622168793,0.0004559584518112757,100.0,0.0,63.6,3.7067505985701277,1.075,0.23848480035423641,4.3,0.6403124237432849,0
654,0.6195093000619131,0.12759616772670535,0.09144744914538919,0.02479317175306981,0.000777784538308044,0.00048277275230304974,100.0,0.0,64.35,3.3507461855533016,1.05,0.21794494717703367,4.25,0.7664854858377946,0
655,0.6276979772734059,0.1260522068396812,0.09003952620204879,0.024694434880356293,0.0007871472802685367,0.0003421004846379052,100.0,0.0,63.65,3.8376425054973526,1.0,0.0,4.2,0.6,0
656,0.639282515152183,0.11859737639971261,0.08680476094987198,0.023426788048001763,0.000907737840124724,0.00035133456562405537,100.0,0.0,63.3,3.018277654557314,1.0,0.0,4.2,0.812403840463596,0
657,0.6577826499621238,0.1141204582221234,0.08305416331384363,0.02333618690408339,0.0009222177147656232,0.00036745158008055567,100.0,0.0,64.15,2.95423424934449,1.025,0.10897247358851683,4.35,0.7262919523166975,0
658,0.682699554463321,0.11009413932878107,0.07896498196673467,0.022250857923031934,0.0008668608035598291,0.0004171456717252457,100.0,0.0,62.85,2.7436289836637897,1.1,0.2549509756796392,4.25,0.6224949798994366,0
659,0.7128996726001885,0.11053580437347571,0.07206256971847656,0.023427506218735673,0.0008887909334300602,0.0004026013088226939,100.0,0.0,63.9,3.5763109484495335,1.15,0.3570714214271425,3.85,0.852936105461599,0
660,0.7456776644821169,0.10723490226297312,0.06503500638930934,0.024133980387468595,0.0008645033266959929,0.0003725832978333412,100.0,0.0,62.5,3.4713109915419564,1.2,0.4,4.05,0.804673846971554,0
661,0.7735869920132978,0.10281406551687476,0.058911017651669464,0.023858902272776508,0.0008036876853087646,0.0003111294498342202,100.0,0.0,61.9,2.808914381037628,1.1,0.3,4.35,0.852936105461599,0
662,0.7982611210349673,0.10181614036523925,0.05405550535839173,0.02367637275954684,0.0007291740560599766,0.00036074706013592523,100.0,0.0,62.25,2.56661255354212,1.0,0.0,4.4,0.9165151389911681,0
663,0.8196775244961557,0.08896703220164541,0.04951815322015752,0.02171231165607328,0.0006881500827119071,0.0002981486611774039,100.0,0.0,64.25,2.9979159427842537,1.1,0.3,4.25,0.82915619758885,0
664,0.8370837222873501,0.08684347265460791,0.044633746680681444,0.021908180388737677,0.0006888795316850359,0.0003425226025926528,100.0,0.0,63.0,2.16794833886788,1.1,0.3,4.0,0.4472135954999579,0
665,0.8503680720576148,0.07751424006108656,0.040474074261116114,0.021486581005688708,0.0007092643034365768,0.0003377475740129388,100.0,0.0,64.05,2.4591665254715873,1.0,0.0,4.05,0.4974937185533099,0
666,0.8687545941794772,0.06354324081592277,0.03641375816419622,0.01896911775080636,0.0006572978894803722,0.0002588890695081644,100.0,0.0,64.0,2.8460498941515415,1.025,0.10897247358851683,4.3,0.714142842854285,0
667,0.887012424185308,0.05292593688120433,0.031088242001137956,0.016634147152182796,0.0006488478434671273,0.00027087166347144743,100.0,0.0,63.7,3.6619666847201113,1.125,0.3112474899497183,3.95,0.6689544080129826,0
668,0.8971852029004607,0.04433665959466063,0.02730353395923153,0.01478918287230462,0.0006648901527213665,0.00029455997366354346,100.0,0.0,63.85,2.920188350089768,1.0,0.0,4.25,0.9937303457175896,0
669,0.9053743281047002,0.03733241915826249,0.02620414931094973,0.012745529019118717,0.0006221660659770123,0.00026031710101627833,100.0,0.0,63.8,2.767670500619609,1.0,0.0,4.45,0.6689544080129827,0
670,0.9121766587188004,0.03051109648747342,0.024301686029912953,0.01222629096439224,0.0005965271105226975,0.0002606250617464095,100.0,0.0,62.95,2.9236107812087435,1.05,0.21794494717703372,4.15,0.5722761571129799,0
671,0.9137021549190105,0.030599542651966273,0.024768923318837673,0.013831488856185438,0.0005491352073075228,0.00025372739617273484,100.0,0.0,63.0,2.23606797749979,1.0,0.0,4.25,0.6224949798994366,0
672,0.9079032905898856,0.03959581651778639,0.02804817190204196,0.015538078299498782,0.0005039364174936937,0.00021883687445155132,100.0,0.0,62.65,2.903015673398957,1.05,0.15,4.05,0.6689544080129826,0
673,0.8927875629745955,0.05173939279068108,0.032216054667730504,0.01803993089195759,0.0005286708202438112,0.00016051324296451086,100.0,0.0,62.55,3.3981612675092396,1.1,0.3,4.35,0.5722761571129799,0
674,0.881395076907633,0.06291646703535478,0.03542491544720483,0.01934815972747871,0.0005408240892441135,0.000146630018596227,100.0,0.0,64.05,2.8543825952384165,1.05,0.21794494717703372,4.5,0.7416198487095663,0
675,0.857991217640464,0.07137234665972784,0.04182265671151929,0.02089840742657818,0.000550465660701881,0.00017868656464783644,100.0,0.0,62.75,2.5074887836239665,1.125,0.3112474899497183,4.5,0.7416198487095663,0
676,0.8319884808727835,0.08169727205107806,0.04764038929244402,0.021728044009715106,0.0006070454996801436,0.0001855414695541807,100.0,0.0,63.15,2.5743931323712,1.0,0.0,4.45,0.7399324293474372,0
677,0.8033708670336142,0.08760454918718297,0.055341449065901084,0.02014589155083378,0.0006246071552117742,0.0002381032997941718,100.0,0.0,63.1,2.773084924772409,1.1,0.2549509756796392,4.15,0.6538348415311009,0
678,0.7687977679618723,0.08896127704898582,0.06351557071327661,0.018046266928675992,0.0006544606633763826,0.0002296992488667057,100.0,0.0,63.1,2.6438608132804573,1.05,0.21794494717703372,4.15,0.7262919523166976,0
679,0.7416926757064627,0.09025081071825732,0.06935604351451943,0.01757142270692462,0.0006467286876192937,0.00026852344916257714,100.0,0.0,62.4,3.5693136595149495,1.15,0.32015621187164245,4.25,0.5361902647381804,0
680,0.7106470671194599,0.08285357264157703,0.07533016422199891,0.015220905167364346,0.0007175011900939943,0.0003381486679790788,100.0,0.0,64.8,3.249615361854384,1.0,0.0,4.15,0.9630680142129111,0
681,0.6806549271537107,0.07537925751798612,0.07982696379225268,0.014508073169252097,0.000879638122935455,0.0004488682401729076,100.0,0.0,63.55,3.2630507198019467,1.05,0.21794494717703372,4.4,0.7348469228349535,0
682,0.6593852160546867,0.08039537126073093,0.08369768170928757,0.015322561236089745,0.0009231722412322008,0.00043545076501946476,100.0,0.0,63.75,3.3893214660164652,1.05,0.21794494717703372,4.45,0.9733961166965893,0
683,0.6494429621483969,0.08645558618380425,0.08485495104068344,0.017423761306253106,0.0009487705268083017,0.0004699674716063222,100.0,0.0,63.7,2.685144316419511,1.0,0.0,4.35,0.7262919523166976,0
684,0.6380056776866332,0.09755861277969001,0.08691634719316213,0.019680869771025764,0.0009390619234747561,0.00042203537065539583,100.0,0.0,64.05,2.836811590500857,1.05,0.2179449471770337,4.15,0.7921489758877431,0
685,0.6248553204051104,0.10016235170482415,0.08942100459214034,0.019982636710718534,0.0009823370907567175,0.00035915089698480694,100.0,0.0,64.4,1.772004514666935,1.0,0.0,4.2,0.5099019513592784,0
686,0.6209556528647617,0.10668932348309923,0.09048182194994372,0.020732762079996706,0.0009618059240180324,0.000354376847428477,100.0,0.0,64.25,2.930443652418521,1.025,0.10897247358851683,4.05,0.6689544080129826,0
687,0.6130979718738131,0.11397306895250467,0.09186910293165665,0.020471234877650048,0.0009619483529711554,0.00045212093500475995,100.0,0.0,63.4,2.956349099818897,1.0,0.0,4.4,1.0677078252031311,0
688,0.6042455613602498,0.10975766212189245,0.09308447249787985,0.020328674279954172,0.0009927229110000466,0.0004197890356777063,100.0,0.0,64.05,3.0409702399069936,1.025,0.10897247358851683,4.05,0.739932429347437,0
689,0.5939632611551015,0.10317045782070483,0.0950004143539828,0.02003031328975066,0.0009976769484101506,0.0004788385649940688,100.0,0.0,62.95,3.9303307748839664,1.075,0.23848480035423641,4.35,1.0136567466356647,0
690,0.5879557038513636,0.09770303307810246,0.09626655410676428,0.019095224375262683,0.0010223918878533428,0.0005295546082219356,100.0,0.0,63.7,2.72213151776324,1.05,0.21794494717703372,4.1,0.5385164807134504,0
691,0.5943624078409819,0.09077077587377143,0.09531210630584314,0.017565154328215798,0.0010106514683192445,0.0004936229752347783,100.0,0.0,63.2,3.5721142198983498,1.075,0.23848480035423641,4.25,0.9937303457175896,0
692,0.6119660680321881,0.09380378074880913,0.09192630890729378,0.017568565415312203,0.001030586038978249,0.0004688264761242072,100.0,0.0,64.2,3.54400902933387,1.1,0.2549509756796392,4.05,0.804673846971554,0
693,0.6301487373453736,0.08828234661000463,0.08830010616096137,0.017339491694629224,0.001021815815720121,0.0004492498786702678,100.0,0.0,64.05,3.3087006513131403,1.05,0.2179449471770337,4.35,0.7921489758877431,0
694,0.6519873277435133,0.09492095640130753,0.08388006594404374,0.018356282177804936,0.0010295839977129528,0.00045693250265768415,100.0,0.0,64.05,2.1324868112136124,1.0,0.0,3.9,0.5385164807134504,0
695,0.6674871356311508,0.0909887339480429,0.08081069494212256,0.01736550829849741,0.0010359576928739723,0.0004933520394187348,100.0,0.0,62.75,2.6052830940226053,1.075,0.23848480035423641,4.25,0.5361902647381804,0
696,0.6868221794977868,0.09576381016535906,0.07651433633088352,0.017743519391086416,0.0010501803615631355,0.0005925373941200131,100.0,0.0,62.8,3.3105890714493693,1.15,0.3570714214271425,4.05,0.6689544080129826,0
697,0.7047521482628376,0.08513220333001753,0.0722079578757852,0.017062849194638987,0.0010773787892814223,0.0005189130606425736,100.0,0.0,63.55,2.2017038856303994,1.1,0.3,4.15,0.6538348415311012,0
698,0.7287874478455925,0.0748882822190043,0.06777633796575802,0.0157546194406548,0.0010003815977088957,0.00042991985818376875,100.0,0.0,62.95,3.0409702399069936,1.025,0.10897247358851683,4.5,0.8660254037844386,0
699,0.7495390060818915,0.07124850664526296,0.06284576128415868,0.016500249856022133,0.0010043647406251543,0.00039584353888773353,100.0,0.0,63.5,3.0903074280724887,1.05,0.21794494717703372,4.0,0.8366600265340756,0
700,0.7682510791501559,0.07751755822587952,0.059229856558336035,0.016663957084311162,0.0009548503185204301,0.0003741689353475681,100.0,0.0,63.05,2.654712790491657,1.05,0.21794494717703372,4.4,0.7348469228349535,0
701,0.7912070755338239,0.07620969824199612,0.05416525589053821,0.016162680469737983,0.0009320339643581284,0.0003793816684967811,100.0,0.0,62.7,3.3331666624997918,1.1,0.3,4.35,0.8529361054615991,0
702,0.8074216853811912,0.06600917413204029,0.05030021640493017,0.013890882516721596,0.0009354495655317831,0.00035668010471903814,100.0,0.0,63.75,3.0639027399707057,1.0,0.0,4.35,1.0136567466356645,0
703,0.8284565089840751,0.06303743420746859,0.045271038298515344,0.013509566947196449,0.0008939247581036895,0.0003409785665806202,100.0,0.0,63.95,2.1788758569500923,1.0,0.0,4.0,0.6324555320336759,0
704,0.8509406451495405,0.0562759984012424,0.03944074151101745,0.01285638427056157,0.0008593008651154076,0.00034637322158184063,100.0,0.0,62.75,2.913331426391443,1.1,0.3,4.45,0.8645808232895291,0
705,0.8682968703987426,0.041595355703644046,0.034075496345138075,0.011059410141647063,0.0008442967783033335,0.0002985069113753215,100.0,0.0,62.75,2.7363296585024255,1.025,0.10897247358851683,4.35,0.5722761571129799,0
706,0.8798407988823935,0.03867763368452686,0.02977400300494872,0.011431228256262912,0.0008372572748229688,0.00032930196742790503,100.0,0.0,62.6,2.764054992217051,1.0,0.0,4.25,0.6224949798994366,0
707,0.8904382153985827,0.03366909478022486,0.025543257282786343,0.01004571161154633,0.0008522510420443552,0.0003744844154039603,100.0,0.0,63.25,3.418698582794336,1.1,0.3,4.1,0.6244997998398398,0
708,0.9003099423832499,0.03118100028030454,0.023202965774129572,0.009344545802778974,0.0007993484795866162,0.0003137195081253796,100.0,0.0,63.25,2.5074887836239665,1.1,0.3,4.2,0.6,0
709,0.9015404720094817,0.033277221154494975,0.020066286076485366,0.009449689982902314,0.0008507957138693906,0.0003428171156085434,100.0,0.0,62.65,3.4967842369811724,1.1,0.3,4.1,0.7681145747868608,0
710,0.9040290858045761,0.03205192829891894,0.018420673368286893,0.010034435564050877,0.000858133631558153,0.00030317566796680886,100.0,0.0,63.45,2.801338965566288,1.0,0.0,4.2,0.6,0
711,0.9002665181349444,0.03971305924482889,0.019672909736464288,0.013055436089706107,0.0008414676643031934,0.0003333876098209206,100.0,0.0,63.35,3.6093628246547893,1.1,0.3,4.1,0.7000000000000001,0
712,0.8978358794356625,0.044243266683545196,0.024260255645255947,0.014151564080924823,0.0007462337157265672,0.00034648041770712326,100.0,0.0,63.05,2.479415253643488,1.075,0.23848480035423641,4.3,0.8426149773176358,0
713,0.8842843944102092,0.0492962157591347,0.03046585284299665,0.014108665606262729,0.0007578044568379994,0.00033113175653957466,100.0,0.0,62.6,2.870540018881465,1.075,0.23848480035423641,4.25,0.7664854858377946,0
714,0.8674564700514864,0.05414609084381469,0.036738282043975085,0.01393849445214381,0.0007638423690361693,0.00037160198648392146,100.0,0.0,64.6,3.7067505985701277,1.05,0.21794494717703372,4.2,0.7483314773547883,0
715,0.8438359680955703,0.05953466936864023,0.04424572648726048,0.01429428647389416,0.0007655412062238626,0.0003571158784526076,100.0,0.0,64.1,2.4677925358506134,1.0,0.0,4.2,0.5099019513592784,0
716,0.8242586569441592,0.06395569548314893,0.05074024887101732,0.014406367597193258,0.0006898590231525684,0.00043713901023223413,100.0,0.0,63.9,2.364318083507378,1.025,0.10897247358851683,4.1,0.6244997998398398,0
717,0.7877343926050606,0.06913522645279119,0.05845643414581172,0.01517508572633705,0.0007445920617659797,0.0004832653505587229,100.0,0.0,62.75,2.913331426391443,1.05,0.21794494717703372,4.15,0.8529361054615991,0
718,0.7557399141118599,0.07229201394817862,0.06592451288722015,0.015219507717949141,0.0007459863653759064,0.0004320402737656724,100.0,0.0,63.45,2.3553131426627756,1.05,0.21794494717703372,3.9,0.7681145747868608,0
719,0.7212737557071482,0.08006092445505193,0.07242446011120593,0.01556190359988706,0.0007917896846156311,0.0005195462293561904,100.0,0.0,63.25,3.404041715373065,1.075,0.23848480035423641,4.2,0.5099019513592784,0
720,0.6948946919952037,0.08536753098619976,0.07801405566514429,0.016499492614293704,0.0007587583154881621,0.000406387987416916,100.0,0.0,63.55,1.8020821290940099,1.0,0.0,4.25,0.5361902647381804,0
721,0.6654807741979438,0.09065684585284958,0.08429827841175319,0.017565238883580726,0.0006783342397656436,0.00033036147034454737,100.0,0.0,63.55,2.1788758569500923,1.025,0.10897247358851683,4.4,0.58309518948453,0
722,0.6393317842756081,0.09954625415357306,0.08884156183749173,0.01908080274761352,0.0007068190127403697,0.0002251154924853248,100.0,0.0,63.2,3.0757112998459397,1.05,0.21794494717703372,4.3,0.6403124237432849,0
723,0.6238756270557329,0.10042221408265845,0.09146318855434957,0.01863317578968769,0.0007625181973703722,0.0002332061954883899,100.0,0.0,63.6,2.615339366124404,1.05,0.21794494717703372,4.35,0.7921489758877431,0
724,0.6109813937790363,0.10655783894127495,0.09409009849575853,0.019201752215277507,0.0007740093682617533,0.0003481491281626839,100.0,0.0,63.7,2.3895606290697042,1.1,0.3,4.2,0.9797958971132712,0
725,0.5927672418815431,0.09822640026790219,0.09646353252161609,0.018167491015404102,0.0008939335955889798,0.0004821915033266698,100.0,0.0,63.3,3.0675723300355937,1.075,0.23848480035423641,4.4,0.8602325267042626,0
726,0.5892314349944823,0.09338806019015955,0.0964306326984091,0.017441309068328983,0.0010251394723661046,0.0005084459212399576,100.0,0.0,62.75,3.191786333700926,1.2,0.3674234614174767,4.05,0.6689544080129826,0
727,0.593549428374383,0.10492142887667402,0.09548778722700116,0.020774770369441118,0.0010088646097349834,0.000493124675514503,100.0,0.0,62.6,2.8530685235374214,1.025,0.10897247358851683,4.05,0.739932429347437,0
728,0.5928291108689107,0.11799371951973191,0.09587397526695557,0.0228372091903049,0.0009586960434527824,0.000446412516485633,100.0,0.0,62.95,3.3537292675468007,1.075,0.23848480035423641,4.25,0.5361902647381804,0
729,0.5922301686068729,0.12835784962122881,0.09527601529367143,0.024487273370750195,0.0010170363753762733,0.00048510048071923067,100.0,0.0,63.15,2.6509432283623124,1.075,0.23848480035423641,4.45,0.8046738469715541,0
730,0.5945012067325876,0.123516420295684,0.09535433168400895,0.023268950373553643,0.0009595027087213881,0.000576600524444483,100.0,0.0,63.3,2.8478061731796287,1.075,0.23848480035423641,4.3,0.9539392014169457,0
731,0.5999208753302467,0.12880554106946274,0.09429111573008739,0.024105552042482586,0.0009824915441781815,0.0005254179108637268,100.0,0.0,63.45,2.9406631905065233,1.0,0.0,4.1,0.7681145747868608,0
732,0.6114497071841771,0.13945713749933383,0.09252509755785773,0.025455177643336917,0.0008901438333674559,0.00044361876018230096,100.0,0.0,63.55,3.0736785778607367,1.05,0.21794494717703372,4.05,0.6689544080129826,0
733,0.6232904041763081,0.14464031647539713,0.08913206417545091,0.026449687104867493,0.0009952610259991916,0.0005661855369425062,100.0,0.0,62.85,4.80910594601533,1.1,0.3,4.4,0.66332495807108,0
734,0.6215484448991832,0.14771806906101312,0.08963771087877484,0.025778160136602734,0.001009294710962435,0.0005783844686950905,100.0,0.0,62.95,3.3686050525402944,1.0,0.0,4.35,0.7262919523166975,0
735,0.6289725756753863,0.1427800813100611,0.08792326766699023,0.02436142039495032,0.0010431108733804809,0.0006349725815238746,100.0,0.0,62.15,2.4753787588973126,1.225,0.40233692348577704,4.2,0.6782329983125269,0
736,0.642951857432375,0.1273979033618638,0.08476322355059863,0.020918329017447272,0.0010906354624537907,0.0007855592183444589,100.0,0.0,64.1,2.844292530665578,1.0,0.0,3.85,0.47696960070847283,0
737,0.6606266416117003,0.11744352000954301,0.081095880934489,0.01977979838748069,0.0011236385506656831,0.0008510514206769968,100.0,0.0,63.7,3.1480152477394387,1.025,0.10897247358851683,4.5,0.806225774829855,0
738,0.6878710310375818,0.10596609479851095,0.07597492445972706,0.019119180415973457,0.0010794166233211123,0.0007146611405430378,100.0,0.0,63.65,3.1666228067138023,1.0,0.0,4.15,0.653834841531101,0
739,0.7174223584957281,0.09218732911048647,0.06926319060641067,0.018520292430226664,0.0010741311134960837,0.0006644534059663613,100.0,0.0,63.9,3.345145736735546,1.05,0.21794494717703372,4.15,0.9096702699330127,0
740,0.740976080881086,0.08638929544440953,0.06363661220204135,0.01985826432477799,0.001029895325044557,0.0005862029514458691,100.0,0.0,64.4,2.8178005607210737,1.0,0.0,4.25,0.5361902647381804,0
741,0.7638614587849374,0.07799685587081977,0.05877957286222561,0.018993574906876448,0.0010049139927951808,0.0005785446511911425,100.0,0.0,63.6,3.8131351929875237,1.05,0.21794494717703372,4.55,0.7399324293474372,0
742,0.7870188472350829,0.0744792307600859,0.05192949609218265,0.020382965446334812,0.001002012444817631,0.000542178953830313,100.0,0.0,63.05,1.9868316486305526,1.075,0.23848480035423641,4.45,0.5894913061275798,0
743,0.8013573174654958,0.06809508872977088,0.047171326384197,0.021187654506664638,0.0010328705761100399,0.00047478788408575546,100.0,0.0,64.8,2.803569153775237,1.0,0.0,4.3,0.9,0
744,0.8181917431450085,0.06476900308505548,0.04300318260423086,0.02202484325560385,0.0009969366790976947,0.00043505348894722003,100.0,0.0,62.95,2.6358110706194404,1.075,0.23848480035423641,4.3,0.714142842854285,0
745,0.8350759285021588,0.05743258555353196,0.03904411829969784,0.019122406692895635,0.0009734746294883887,0.00033542052400841566,100.0,0.0,63.75,3.0475399915341552,1.1,0.3,4.15,0.7262919523166975,0
746,0.8528724329871664,0.05108127257450581,0.03515310106665272,0.018016151987646174,0.0009077582139082309,0.0003062705626412363,100.0,0.0,63.4,2.4979991993593593,1.0,0.0,4.2,0.39999999999999997,0
747,0.86476663786638,0.04167845997478132,0.030948515605989057,0.017016818671535747,0.0009137440972570556,0.00032786953967194515,100.0,0.0,62.6,3.4698703145794947,1.0,0.0,4.65,0.9096702699330126,0
748,0.8772207680691745,0.031578813894680584,0.028153581901039632,0.013876235940180337,0.0008824840069895009,0.00028486384951575234,100.0,0.0,62.35,3.1507935508376295,1.125,0.3112474899497183,4.45,0.7399324293474372,0
749,0.8823005953441587,0.03021321967392517,0.026210339440439455,0.010914926772334285,0.0009209457438945938,0.00030770494587229087,100.0,0.0,64.25,2.5074887836239665,1.0,0.0,4.25,0.5361902647381804,0
750,0.8885366929297668,0.034186728980058374,0.02614225215952042,0.01154277452041807,0.0008556611209362604,0.0003377752741976149,100.0,0.0,63.55,3.5422450508117027,1.125,0.3112474899497183,4.25,0.6224949798994366,0
751,0.8934397149885026,0.040768810045879185,0.026030619922950204,0.012993244172512025,0.0007750621630482093,0.00035353564431864166,100.0,0.0,64.8,3.1240998703626612,1.05,0.21794494717703372,3.95,0.6689544080129827,0
752,0.8883146852160009,0.05066974177317417,0.02733402582765121,0.013032415311115889,0.0008219417803906378,0.000442784352641776,100.0,0.0,64.55,2.7834331319433563,1.0,0.0,4.2,0.5099019513592784,0
753,0.8853827897291577,0.04773184490421035,0.02937566529022434,0.013246140599613706,0.0007918636775566959,0.00036585080568244424,100.0,0.0,62.7,3.0838287890218554,1.125,0.3112474899497183,4.0,0.7071067811865476,0
754,0.872859898500189,0.05223061265366805,0.03328531251142158,0.015330881308514703,0.0008049614815021939,0.00034552027665271716,100.0,0.0,63.2,3.6687872655688283,1.175,0.36314597615834876,4.4,1.0198039027185568,0
755,0.8516833924046848,0.059130821070109314,0.03989971806338757,0.018187550824930995,0.0007821072524185997,0.00034189889597208086,100.0,0.0,63.4,3.1048349392520045,1.0,0.0,4.3,0.6403124237432849,0
756,0.8381442704017228,0.06345650801703998,0.04529276415419672,0.01756108856528289,0.0007180683868304584,0.0002852955682379553,100.0,0.0,63.0,2.8809720581775866,1.0,0.0,4.6,0.8602325267042626,0
757,0.8157266493055252,0.071311589637462,0.05207391290528962,0.01734731475467575,0.0006842299689260317,0.0002144852594312524,100.0,0.0,63.85,2.7977669667075564,1.125,0.3112474899497183,4.0,0.7745966692414834,0
758,0.7873060008468666,0.07657127146223984,0.05970828181031658,0.01629274235449864,0.0006511610978129721,0.00018871754722828393,100.0,0.0,63.15,3.1348843678834477,1.15,0.32015621187164245,4.0,0.6324555320336759,0
759,0.756666870425741,0.08309226703959302,0.06549044136647901,0.016549633122574573,0.0007137649413645723,0.0002491580044643109,100.0,0.0,64.05,2.5194245374688244,1.05,0.21794494717703367,4.2,1.0770329614269007,0
760,0.7292267461661318,0.0864792801428143,0.07115536749613184,0.016429587155088216,0.0007107754203606743,0.00031627522280890504,100.0,0.0,63.55,3.089902911096076,1.075,0.23848480035423641,4.3,0.714142842854285,0
761,0.6902709921552145,0.08382988794578825,0.078798021202024,0.015558718024790367,0.0007373189237155677,0.0003930185594548239,100.0,0.0,62.05,4.684815898197067,1.175,0.36314597615834876,4.1,0.6244997998398398,0
762,0.6605500411568646,0.08274870485703659,0.08413347363422165,0.014546591565453426,0.0007828330937122138,0.00045425373414226266,100.0,0.0,62.25,3.7399866309921483,1.15,0.3570714214271425,4.1,0.8306623862918074,0
763,0.624596546044305,0.07917630968575287,0.08930021896374418,0.01497844941942088,0.0009507889947902431,0.0005835529451290515,100.0,0.0,63.75,3.476708213238494,1.15,0.3570714214271425,4.1,0.6244997998398398,0
764,0.5995244113290459,0.07628751316781186,0.09299201561597528,0.015080078239258483,0.001054202520497469,0.0005956296482844736,100.0,0.0,63.05,2.1788758569500923,1.0,0.0,4.0,0.4472135954999579,0
765,0.5837297065080274,0.07459637214769393,0.09605475279191675,0.015728201882453652,0.0010437828509031557,0.000559953995587051,100.0,0.0,63.7,2.5709920264364885,1.0,0.0,4.05,0.5894913061275798,0
766,0.5690435726946521,0.07585000849480364,0.09840023864384626,0.016196193130304598,0.001108940458965139,0.0005785885301715649,100.0,0.0,63.55,2.3973944189473704,1.125,0.3112474899497183,4.15,0.5722761571129799,0
767,0.5680990513851143,0.09837414718003276,0.0993721511903364,0.02008533037638256,0.001006710187546299,0.00048262425249720605,100.0,0.0,63.6,3.3376638536557275,1.1,0.3,4.25,0.698212002188447,0
768,0.563395409316035,0.11956003215318585,0.10062168567662541,0.02434437256299943,0.0009428695046105511,0.0003858818022867488,100.0,0.0,63.2,2.249444375840399,1.0,0.0,4.2,0.812403840463596,0
769,0.5628754095468581,0.13706414630301214,0.10131989025949184,0.026810546275273493,0.0008739869143614959,0.0003190789293541587,100.0,0.0,63.55,2.4387496796514396,1.0,0.0,4.4,0.7999999999999999,0
770,0.567725607055894,0.1350322353567535,0.10039933039365823,0.026466100046327955,0.000881048711539113,0.00031994182270319205,100.0,0.0,63.55,3.4128433893163046,1.0,0.0,4.45,0.9205976319760985,0
771,0.5709099183954671,0.13208274001178996,0.09957724216781931,0.025597967856420514,0.0009497973928514704,0.0004008091903404334,100.0,0.0,64.1,3.6728735344413916,1.075,0.23848480035423641,4.3,0.8426149773176358,0
772,0.5766399650869032,0.13722281633607206,0.09919017422250408,0.026466349707368827,0.0008877257012102511,0.0002762144243308594,100.0,0.0,64.55,3.2011716605018234,1.075,0.23848480035423641,4.15,0.7921489758877431,0
773,0.5826375442504268,0.12661714554753126,0.09812363248482259,0.02359204888409181,0.0008863188871768241,0.00036675453142893824,100.0,0.0,63.4,3.903844259188627,1.1,0.3,4.3,0.7810249675906654,0
774,0.5871294399814576,0.11619390628462048,0.09752967681396292,0.021155488212836877,0.0008982543787895579,0.00048153882031738026,100.0,0.0,64.1,3.080584360149872,1.0,0.0,4.05,0.6689544080129826,0
775,0.6074376076760205,0.1027223878595973,0.09415549825532338,0.01938669015512092,0.0008587564950750349,0.0004353966630004783,100.0,0.0,63.5,2.7838821814150108,1.0,0.0,4.1,0.6244997998398398,0
776,0.6245216244964025,0.10159543099654532,0.0914875229872815,0.01898848785247294,0.0007802050838035373,0.00040510322908149046,100.0,0.0,63.0,2.345207879911715,1.0,0.0,4.05,0.6689544080129826,0
777,0.6485617618300952,0.10328145334957765,0.086815220633315,0.019414322482953245,0.0007742481406687594,0.00045549397288308715,100.0,0.0,62.6,3.1208973068654475,1.15,0.3570714214271425,4.6,0.7348469228349535,0
778,0.66959521778663,0.1102189318571314,0.08270973648498571,0.02159560047518179,0.0006970958284266049,0.0004681837628921077,100.0,0.0,62.45,2.7654113618049667,1.125,0.3112474899497183,4.1,0.6244997998398398,0
779,0.6834125192156101,0.11351903531668522,0.0799415937118772,0.022499285231358742,0.0006692292538583432,0.0004853693954006951,100.0,0.0,64.25,2.342541355024496,1.05,0.21794494717703372,4.1,0.7681145747868608,0
780,0.7023562765489473,0.11286202663149231,0.07583731594791991,0.023791335893224883,0.0006584219745349476,0.0004595690977070303,100.0,0.0,63.65,3.424543765233553,1.1,0.3,4.2,0.6,0
781,0.7182132275440573,0.11041399694650078,0.07283440330412541,0.023848591724401774,0.000653764437208903,0.0004736362199924545,100.0,0.0,63.6,3.1685959035509725,1.05,0.21794494717703372,4.1,0.7000000000000001,0
782,0.7368150496493873,0.10471884020063581,0.06821433176035802,0.024089871381731222,0.0006969420871991473,0.0004129920164052984,100.0,0.0,63.1,2.6057628441590768,1.0,0.0,4.4,0.66332495807108,0
783,0.7619555663185477,0.1047834308361397,0.06186697367018031,0.024112941521024767,0.000742948377032501,0.0005072099940416864,100.0,0.0,63.3,3.4655446902326914,1.1,0.3,4.1,0.5385164807134504,0
784,0.7887236526848549,0.09536337180063212,0.055849145804955994,0.02263041526131961,0.0007479595731441931,0.0004709307255983594,100.0,0.0,64.4,2.956349099818896,1.025,0.10897247358851683,3.95,0.6689544080129826,0
785,0.8080284737989455,0.08610260301651063,0.05075582842865371,0.021413991843434795,0.0007736114373051784,0.0004937161058665983,100.0,0.0,64.3,2.3473389188611007,1.0,0.0,4.15,0.6538348415311012,0
786,0.8355479374320668,0.08166908239705863,0.045819723354499735,0.020367812734725016,0.0006542461367764565,0.0003905614347593935,100.0,0.0,62.65,3.1666228067138023,1.025,0.10897247358851683,4.4,0.6633249580710799,0
787,0.8578370442626417,0.06692297953685655,0.04020991709790918,0.01937068458192276,0.0006279895657199152,0.0004286254098355498,100.0,0.0,63.95,2.0365411854416298,1.0,0.0,4.05,0.3840572873934304,0
788,0.8715264583854824,0.05927357291245263,0.03596323555139839,0.018633519898855713,0.0006320229447393585,0.0003909855709562745,100.0,0.0,64.6,2.4779023386727737,1.0,0.0,4.1,0.7,0
789,0.8855589620611338,0.049796329759457685,0.032016120134055394,0.016709474320633456,0.0006300902898492131,0.00037095638727397757,100.0,0.0,63.95,2.9236107812087435,1.025,0.10897247358851683,4.0,0.6324555320336759,0
790,0.8937222949339569,0.04250679883111518,0.02916777505494155,0.01533047528016491,0.0006422501919837612,0.0003984119913575421,100.0,0.0,64.35,3.118894034750139,1.075,0.23848480035423641,4.1,0.7681145747868608,0
791,0.8979792100843454,0.04565509401296051,0.02730039089073937,0.015279638247698995,0.0006544633048626301,0.0004154546787012679,100.0,0.0,62.95,2.7472713735632306,1.0,0.0,4.25,0.82915619758885,0
792,0.899730818209356,0.045644483398435326,0.02607980592765886,0.013045081942161717,0.0006976292097832099,0.00045066566858842865,100.0,0.0,62.45,2.923610781208744,1.175,0.36314597615834876,4.35,0.9630680142129111,0
793,0.8910107139705372,0.047760256527481976,0.029200884950645184,0.0139046660363511,0.0007057221506448178,0.00037723099528283514,100.0,0.0,62.35,2.8857408061016154,1.15,0.3570714214271425,4.2,0.6782329983125269,0
794,0.8864738571250415,0.05237693308534707,0.031788486947974065,0.01391989256733223,0.000683387407577602,0.0003520560257220919,100.0,0.0,64.6,3.4698703145794942,1.15,0.3570714214271425,4.15,0.653834841531101,0
795,0.8711400949266392,0.06434230069962035,0.036763872429628,0.015558327783946741,0.0006923648201904688,0.0003949127352875345,100.0,0.0,63.65,2.669737814842499,1.05,0.21794494717703372,4.3,0.5567764362830021,0
796,0.8592098572194855,0.0657206683066679,0.04153061531187902,0.015245164576574821,0.0006620130554768056,0.0003560103355491885,100.0,0.0,64.15,4.304358256465184,1.1,0.3,4.2,0.6782329983125268,0
797,0.8392472678932359,0.0740980006991713,0.047269999290100354,0.016066840424019884,0.0006294367837716009,0.0003100339817603805,100.0,0.0,63.05,3.1855140872392953,1.1,0.3,4.55,0.8645808232895291,0
798,0.8116126111620774,0.07231614444970197,0.052983489947661576,0.016066485719984522,0.0007051171093800724,0.0002934146579280373,100.0,0.0,62.4,3.184336665618132,1.05,0.21794494717703372,4.75,0.7664854858377946,0
799,0.7885290651102248,0.07391620947531115,0.05756450553664205,0.014612369356212327,0.0007980081040478082,0.00042063506148947837,100.0,0.0,62.5,2.9410882339705484,1.05,0.21794494717703372,4.45,0.6689544080129827,0
800,0.7653075247222689,0.0715691630746339,0.06210152167556461,0.014147733142801494,0.0008619779800692427,0.00045393945946428714,100.0,0.0,63.5,2.9916550603303182,1.025,0.10897247358851683,4.4,0.4898979485566356,0
801,0.7400949895622573,0.07405903451246523,0.06857864574997229,0.014680592434457391,0.0007784149641701166,0.0004917290817356213,100.0,0.0,63.05,2.4591665254715873,1.05,0.21794494717703372,4.15,0.6538348415311012,0
802,0.7114306727774224,0.08302566020681826,0.07473858249400014,0.016339497764841386,0.0007727824985468442,0.0004642358829307127,100.0,0.0,63.7,2.9342801502242426,1.1,0.3,4.1,0.8306623862918076,0
803,0.6953401870142966,0.08728486620335568,0.07809397717588983,0.0173914030619525,0.0007578732355709204,0.0004199059512569398,100.0,0.0,63.45,3.2935543110748915,1.075,0.17853571071357124,4.15,0.5722761571129799,0
804,0.6787972327196787,0.10032383044344526,0.08174649348599529,0.01967095064818199,0.0007084156741669224,0.00042632035567489193,100.0,0.0,63.65,3.395217224272992,1.125,0.3112474899497183,3.8,0.5099019513592784,0
805,0.6606286743396601,0.11056262549734415,0.08513584339985245,0.021224666969031684,0.0007411693714317545,0.0002899981390890125,100.0,0.0,62.9,3.3000000000000003,1.075,0.23848480035423641,4.45,1.0712142642814275,0
806,0.6460587957146455,0.11145833139793783,0.08772689921738444,0.02087134004852768,0.0007790133492322978,0.00032940348921921573,100.0,0.0,64.05,3.278337993557101,1.05,0.21794494717703372,4.0,0.6324555320336759,0
807,0.6260316203989122,0.10370479248447724,0.09103129894984524,0.018874546846099804,0.0008531178648424663,0.0003750384364551295,100.0,0.0,63.75,2.8262165522125158,1.0,0.0,4.4,0.6633249580710799,0
808,0.6215398137767616,0.09972814422597588,0.09096638018713085,0.01768331834153995,0.000964901363157568,0.0005488108088758172,100.0,0.0,63.4,2.4372115213907883,1.05,0.21794494717703372,4.15,0.7262919523166976,0
809,0.622248879851097,0.10671782923484395,0.09065682152101597,0.019592062353421112,0.0008978482545442569,0.0005176027739715688,100.0,0.0,63.7,3.407345007480164,1.0,0.0,4.35,0.5722761571129799,0
810,0.6146523247340661,0.1153387860314515,0.09124020948629799,0.0210503227283656,0.0009510910403629821,0.00047528058486270467,100.0,0.0,63.65,2.868361901852693,1.05,0.21794494717703372,4.25,0.8874119674649424,0
811,0.6103586233565067,0.12265970764949186,0.09239211584711876,0.021992275175606483,0.0009573613984340921,0.00044995460125304195,100.0,0.0,62.8,2.8913664589601917,1.0,0.0,4.25,0.7664854858377946,0
812,0.6081939395775529,0.12049219126682227,0.0920495159828875,0.021253709194121003,0.0009945011055701454,0.0005056710886420977,100.0,0.0,64.4,3.6110940170535573,1.05,0.2179449471770337,4.15,0.8529361054615991,0
813,0.6067725987478132,0.11890765440226615,0.09269789788442827,0.021490916760454427,0.0009372128387048664,0.0004741280324122721,100.0,0.0,63.25,2.662235902394827,1.0,0.0,4.3,0.9539392014169457,0
814,0.6138031215992731,0.12303099302270849,0.09045073663261874,0.0227664716575183,0.0010492008727759762,0.0005637688454477401,100.0,0.0,63.05,3.3537292675468007,1.05,0.21794494717703372,4.3,0.714142842854285,0
815,0.6261336207409467,0.1311624818224648,0.08766706864914672,0.025712544645881776,0.0010239814507596384,0.0005685910372600583,100.0,0.0,63.85,2.8857408061016154,1.0,0.0,4.15,0.7921489758877431,0
816,0.6328280716931945,0.12855740001259652,0.0860492346524333,0.026652685313161215,0.0010123772203903575,0.0004952012580670625,100.0,0.0,64.75,2.5074887836239665,1.075,0.17853571071357124,3.95,0.5894913061275798,0
817,0.6461703905654573,0.1280995515293596,0.0839171053835261,0.025182013174464956,0.0010009430714218593,0.0004304145206411281,100.0,0.0,64.05,3.7745860700214533,1.125,0.3112474899497183,4.05,0.5894913061275798,0
818,0.6678620053044851,0.13637985304970923,0.08005846722873852,0.026202464294219185,0.000910599182201869,0.00032507389896336994,100.0,0.0,63.35,2.4550967394381837,1.0,0.0,3.95,0.49749371855331,0
819,0.6818478456428594,0.13391844770384376,0.07712709117196305,0.026993515343148027,0.0008874456876117886,0.0004026603547206113,100.0,0.0,62.25,2.913331426391443,1.05,0.21794494717703372,4.5,1.02469507659596,0
820,0.7023702389628974,0.13438289337775966,0.0733480123967221,0.026322298025123557,0.0008725707970140123,0.000359939403223624,100.0,0.0,64.3,3.4365680554879163,1.05,0.21794494717703372,4.1,0.6244997998398398,0
821,0.7156155589681938,0.13335618477827318,0.0702062149626531,0.02595412191587602,0.0008863238374046346,0.0003642681687705823,100.0,0.0,62.65,3.08666486681013,1.05,0.21794494717703372,4.25,0.6224949798994366,0
822,0.733595211753604,0.12683627010650367,0.0666532418592697,0.02488505376362013,0.0008753297184478594,0.00042853174993152525,100.0,0.0,63.7,2.703701166919155,1.15,0.32015621187164245,4.2,0.6782329983125268,0
823,0.7559424787167989,0.1186497313596688,0.0619110783041412,0.022981767054862025,0.0009145027222332092,0.0004724904782702151,100.0,0.0,63.05,3.3387872049593095,1.2,0.4,3.95,0.5894913061275798,0
824,0.7847103292415588,0.10950603236851413,0.05452972727392014,0.021803941784207935,0.0009412490259950023,0.0003987670099216706,100.0,0.0,62.7,3.287856444554719,1.05,0.21794494717703372,4.25,0.698212002188447,0
825,0.814329335622373,0.09793872964421613,0.048686323112164816,0.02047896346788469,0.000854031923561282,0.0003913223163015649,100.0,0.0,62.65,3.439113257803529,1.2,0.4,4.25,0.698212002188447,0
826,0.8440332653016294,0.08481216063795474,0.04099008424416503,0.020470056118354153,0.0008048599556636551,0.00032484071828843943,100.0,0.0,63.05,4.153010955921017,1.15,0.3570714214271425,4.2,0.812403840463596,0
827,0.8663356492256862,0.07060822169306313,0.03353052927783647,0.01868163110261984,0.0008160629430156765,0.00033626723495860385,100.0,0.0,63.8,2.1354156504062622,1.025,0.10897247358851683,4.35,0.6538348415311012,0
828,0.8782547408573359,0.06484856548503927,0.02858756063647111,0.01866600961544,0.0008139819093669761,0.00030291577600842067,100.0,0.0,63.15,3.08666486681013,1.025,0.10897247358851683,4.0,0.6324555320336759,0
829,0.887309682509545,0.06088331927791903,0.026398976570395128,0.018268872429348576,0.0007679631951156012,0.00029736030761851463,100.0,0.0,63.2,3.5721142198983498,1.15,0.3570714214271425,4.4,0.6633249580710799,0
830,0.8971350130962394,0.049045110442863436,0.023766292814645654,0.015228870649744071,0.0007750625352446356,0.00033049598531733145,100.0,0.0,62.6,2.8530685235374214,1.1,0.3,4.3,0.7810249675906654,0
831,0.8994669681007285,0.052013798821449124,0.023151436534287848,0.0158201088602119,0.0007413060079190612,0.0002969603612873552,100.0,0.0,63.6,2.973213749463701,1.025,0.10897247358851683,4.5,0.9219544457292888,0
832,0.9001970921268374,0.05054728245222863,0.02601735365476889,0.015013909767403699,0.0006643038629739501,0.0002548369153409305,100.0,0.0,62.9,2.5865034312755126,1.05,0.21794494717703372,4.45,0.7399324293474372,0
833,0.8945471204098926,0.05496164394311694,0.030480499101496604,0.015506501907527195,0.0005981702014748419,0.00025636303315108226,100.0,0.0,63.1,2.4677925358506134,1.0,0.0,4.4,0.7999999999999999,0
834,0.8821469022037396,0.05717268550079497,0.03417217995196829,0.01605658557743816,0.0006195933714550339,0.0002376612496562814,100.0,0.0,63.55,3.4128433893163046,1.075,0.23848480035423641,3.95,0.6689544080129827,0
835,0.8585791389034746,0.061751943604501036,0.04041113109007387,0.015426213944106298,0.0006972525027053049,0.00032276627386280656,100.0,0.0,64.5,3.263433774416144,1.05,0.21794494717703372,4.3,0.714142842854285,0
836,0.839102641465239,0.06727194757461445,0.04699439539224459,0.014786413795535596,0.000667693966050515,0.0003506849818605251,100.0,0.0,63.25,3.222964473896664,1.0,0.0,4.25,0.6224949798994366,0
837,0.8128528629401067,0.07184838579569987,0.05377400701354771,0.015398927822788774,0.0006353122015447616,0.00032613147226470484,100.0,0.0,63.1,2.0712315177207983,1.125,0.3112474899497183,4.15,0.7262919523166975,0
838,0.7832802618073748,0.07121381707282705,0.06070716364151656,0.014901511751976643,0.0006486115892871774,0.0003566462365314695,100.0,0.0,63.25,2.9811910371527683,1.05,0.21794494717703372,4.15,0.5722761571129799,0
839,0.7474851253574647,0.07742438412337924,0.06834609099597093,0.015455352480083598,0.0006506422771775499,0.0004048725046478212,100.0,0.0,62.25,2.6433879775772606,1.1,0.3,4.35,0.7262919523166975,0
840,0.7091137402812309,0.08349245072514723,0.07508920084444311,0.016014744927964723,0.0007499091853605123,0.0004311723900015721,100.0,0.0,63.5,2.224859546128699,1.05,0.21794494717703372,4.35,0.5722761571129799,0
841,0.6809785558145431,0.0902085179457779,0.08036380527446349,0.01721906869481371,0.000767854064792041,0.0004070334140963135,100.0,0.0,62.5,2.224859546128699,1.05,0.21794494717703367,4.3,0.714142842854285,0
842,0.646909706058214,0.09213789231587313,0.08679899262221341,0.01777755090808894,0.0007865930150360061,0.00041663035333250423,100.0,0.0,62.95,4.09237095092808,1.15,0.3570714214271425,4.3,0.9,0
843,0.6159157449919642,0.09737843954024179,0.0920848147379593,0.018988480432526263,0.0008300556008988691,0.0004537824946877764,100.0,0.0,63.1,3.1448370387032774,1.025,0.10897247358851683,4.3,0.7810249675906654,0
844,0.5976401029549004,0.10500653507620497,0.09544672728159302,0.020933480831643047,0.000876285032993082,0.0004473349033513586,100.0,0.0,63.25,3.7399866309921483,1.15,0.3570714214271425,4.2,0.5099019513592784,0
845,0.5803284217454591,0.11110349682788834,0.0987077484179428,0.022071976628531467,0.0009387784186715778,0.00048719311764074894,100.0,0.0,63.45,2.4794152536434875,1.125,0.3112474899497183,3.95,0.7399324293474371,0
846,0.5680448169700958,0.11358594945076413,0.10117239143124099,0.023063555223325465,0.000902036087623961,0.0004789694305679048,100.0,0.0,63.8,2.6,1.05,0.21794494717703372,4.0,0.6324555320336759,0
847,0.5609904105906425,0.12324529829822872,0.10261537502955173,0.024932440956230772,0.0009142081086574244,0.0004444768660910988,100.0,0.0,63.75,2.426417111710186,1.0,0.0,4.3,0.6403124237432849,0
848,0.559284608434454,0.12580974921145963,0.1029212231013934,0.025826602368887484,0.0009494908532422651,0.000456976145310706,100.0,0.0,63.8,2.9257477676655586,1.1,0.3,3.95,0.49749371855331004,0
849,0.5660472415256167,0.11701954298683162,0.1021223452944332,0.023359235929152098,0.0008877651903816848,0.0004185309164928144,100.0,0.0,62.9,2.7367864366808012,1.05,0.21794494717703372,4.55,0.8046738469715542,0
850,0.5641029878102519,0.12204578811426714,0.10229940941321661,0.022707091973599988,0.0008788291080413634,0.0004178745054153111,100.0,0.0,64.25,3.7798809505062456,1.0,0.0,4.1,0.7000000000000001,0
851,0.5674995936961778,0.11672607096380964,0.10170025452033864,0.02127225539440029,0.0008602532614038384,0.0004003627906589514,100.0,0.0,63.75,2.426417111710186,1.0,0.0,4.1,0.6244997998398398,0
852,0.5628492905521094,0.10407015635616365,0.10249859893198361,0.018954912615073136,0.0008504159069804748,0.00042031659028906823,100.0,0.0,63.5,3.442382895611701,1.0,0.0,4.2,0.6,0
853,0.5701721740910568,0.09787544313048765,0.10082545552955509,0.01759605751632511,0.0009017386379760666,0.0003913480750522801,100.0,0.0,64.4,2.0591260281974,1.0,0.0,4.0,0.5477225575051661,0
854,0.5717739809085333,0.09822645859895453,0.09983504901596255,0.017852286999981887,0.0009692823263527649,0.0005361919066137912,100.0,0.0,63.35,3.1666228067138023,1.1,0.3,3.95,0.9205976319760983,0
855,0.5779379981860235,0.09428547976774979,0.09825038020349362,0.016465534414068877,0.000984940223128569,0.0006234807338476554,100.0,0.0,63.75,3.4478254016118624,1.1,0.3,4.15,0.6538348415311009,0
856,0.5899273433263394,0.08821654058793854,0.09547077622886599,0.01681718696624953,0.0010093519422645634,0.0006564298394455142,100.0,0.0,63.9,1.8681541692269403,1.0,0.0,4.05,0.49749371855331004,0
857,0.6047029574723565,0.08579276882241559,0.09167635754434549,0.01716146949515407,0.0011175394481860986,0.0006300853994830182,100.0,0.0,63.05,3.3087006513131403,1.1,0.3,4.1,0.6244997998398398,0
858,0.6282087808986058,0.08673031825711737,0.08646388737232459,0.019299843273640118,0.0011551965598377686,0.0005679878039242599,100.0,0.0,63.6,3.813135192987524,1.075,0.23848480035423641,4.1,0.5385164807134504,0
859,0.6508528346207556,0.08607000818841905,0.08178145019502633,0.018557395784625223,0.0011770076028924624,0.0006514332690578159,100.0,0.0,62.6,3.2619012860600183,1.1,0.3,4.3,0.8426149773176358,0
860,0.6804498021965767,0.08984985877648452,0.07552371193617849,0.020696389607254805,0.0011333683731716898,0.0006504305601282215,100.0,0.0,61.85,2.5743931323712,1.15,0.32015621187164245,4.4,1.019803902718557,0
861,0.7135329661056184,0.08974297864700831,0.06827412593498713,0.021950982353141163,0.0010978084731261386,0.0006494370980183858,100.0,0.0,63.4,3.2465366161495854,1.1,0.3,4.3,0.6403124237432849,0
862,0.7401532364262597,0.09229803706677432,0.06155187356216842,0.023287588061949582,0.001114241848307552,0.0006544218959792748,100.0,0.0,63.45,2.3764469276632285,1.075,0.23848480035423641,4.05,0.739932429347437,0
863,0.7670132525921107,0.08418272333184378,0.05606876550596838,0.022602279551641083,0.001012366528263853,0.0006033136373674847,100.0,0.0,63.5,2.5,1.05,0.21794494717703372,4.15,0.653834841531101,0
864,0.789511603056805,0.08096101197951108,0.050761146270100865,0.024498698996561725,0.0009404309106703417,0.000498067668656447,100.0,0.0,63.9,2.7184554438136375,1.1,0.3,4.1,0.30000000000000004,0
865,0.8205018820815259,0.07474660922786286,0.04401100461579764,0.022276996898439542,0.0008920012125498745,0.0004187217240221035,100.0,0.0,63.8,3.8026306683663087,1.05,0.21794494717703372,4.2,0.812403840463596,0
866,0.8398926085918346,0.06378991517795844,0.03997323332036624,0.019884174697525094,0.0008512772376232473,0.00037592800025388864,100.0,0.0,63.65,2.815581645060217,1.075,0.23848480035423641,4.35,0.963068014212911,0
867,0.8524305997514038,0.050083566226688477,0.034842797436075115,0.019295370306706583,0.0008852651890035778,0.00042020638430895755,100.0,0.0,64.0,2.449489742783178,1.0,0.0,4.0,0.5477225575051661,0
868,0.8682790900412047,0.04598679751606932,0.032613381527946725,0.016473747094349032,0.0008134706312138802,0.00042352342581589435,100.0,0.0,64.0,2.32379000772445,1.0,0.0,4.25,0.6224949798994366,0
869,0.8745694390919644,0.0440703842284884,0.02928202213491295,0.01472453728218039,0.0008724658023331869,0.0004620424084725234,100.0,0.0,63.35,3.453621287865825,1.1,0.2549509756796392,4.35,0.8529361054615991,0
870,0.8819920617635688,0.0437522331821217,0.028949937693889927,0.013557933726044108,0.0008180679759321408,0.0005243028380827006,100.0,0.0,62.05,4.06786184622831,1.275,0.43229041164476456,4.2,0.7483314773547883,0
871,0.8867756291213691,0.04726465403977063,0.026649944203199688,0.013383097806417554,0.0008246049941074137,0.000503587255608856,100.0,0.0,64.8,3.026549190084311,1.0,0.0,3.85,0.7262919523166975,0
872,0.8840720974206402,0.042754042005384255,0.027860647502501494,0.013413558757863831,0.0008286535088789344,0.0004104277984711642,100.0,0.0,62.9,2.8442925306655784,1.15,0.3570714214271425,4.15,0.5722761571129799,0
873,0.882268520192994,0.052435181776841686,0.029191268137356414,0.016523611542494526,0.0007815160913033711,0.00042314132650160855,100.0,0.0,63.85,2.8508770580296865,1.05,0.21794494717703372,4.2,0.6782329983125269,0
874,0.8744353127433919,0.06329889785142619,0.034165428822283364,0.018452167064412835,0.0007046376937208651,0.00036573079895323233,100.0,0.0,64.35,3.365635155509284,1.025,0.10897247358851683,3.85,0.5722761571129799,0
875,0.8646550698688703,0.07401800914295202,0.03674846987721983,0.021473444370811334,0.0006681486479519315,0.0003267570144693104,100.0,0.0,63.95,2.654712790491657,1.0,0.0,4.35,0.653834841531101,0
876,0.8449499033791993,0.0821189658165179,0.04375092783021981,0.020312335153300706,0.0006661437829980168,0.00031195349274332814,100.0,0.0,62.9,3.345145736735546,1.15,0.3570714214271425,4.2,0.7483314773547883,0
877,0.8247178229056381,0.0831049314521131,0.04839151568436178,0.019699603116254048,0.0007280382214217114,0.00036121738286923544,100.0,0.0,63.5,3.52845575287547,1.05,0.21794494717703372,4.35,0.6538348415311012,0
878,0.8031112326346104,0.09187935246192451,0.054343871247361474,0.02078607110293787,0.0007039817862096915,0.0003005594499338644,100.0,0.0,62.15,3.5535193822462827,1.1,0.3,4.6,0.66332495807108,0
879,0.775264356875706,0.09414656850895432,0.06061548822093439,0.019622299885423477,0.0007723428053641238,0.0003956178886427375,100.0,0.0,62.8,2.580697580112788,1.075,0.23848480035423641,4.6,1.0677078252031311,0
880,0.7560422226240814,0.08882449303281473,0.06536978508227637,0.018095908682307732,0.000770075020903036,0.00033008397524128855,100.0,0.0,63.75,2.3637893307145625,1.05,0.21794494717703372,4.3,0.6403124237432849,0
881,0.7402644849022004,0.08134969837874187,0.06936713339056247,0.015581673781971579,0.0007591827712406574,0.0003349130864132086,100.0,0.0,63.15,3.1666228067138023,1.15,0.3570714214271425,4.4,0.9165151389911679,0
882,0.7187436621387453,0.08687583950044178,0.07466025234493738,0.016088854246779326,0.000731679704214705,0.0002627150814123363,100.0,0.0,63.2,3.0594117081556704,1.075,0.23848480035423641,4.55,0.7399324293474372,0
883,0.7082623985316192,0.08320343091972084,0.07648343382799365,0.014544504058572228,0.0007162213834912638,0.0003493776978190485,100.0,0.0,64.7,3.287856444554719,1.1,0.3,4.1,0.7,0
884,0.6996702479527416,0.07634948870360872,0.07751544047202055,0.014141261253556333,0.0007646844211378585,0.0004289430953839118,100.0,0.0,63.05,2.8892040426387333,1.05,0.21794494717703372,4.3,0.714142842854285,0
885,0.6796986716044722,0.07073472642330081,0.0811427978408033,0.013680324638485503,0.0007965388335945867,0.0004107852720012115,100.0,0.0,62.9,2.896549671592048,1.15,0.3570714214271425,4.15,0.47696960070847283,0
886,0.6611829354284768,0.07859231189266463,0.08403324251998603,0.015444926139561199,0.0008546263211129239,0.00038200162279369566,100.0,0.0,61.9,2.981610303175114,1.05,0.15,4.3,0.714142842854285,0
887,0.6584547402567446,0.09704894869159686,0.08413374548093407,0.01968018455593975,0.0008527097904282511,0.00039846713248842654,100.0,0.0,63.7,3.479942528261063,1.075,0.23848480035423641,3.8,0.7483314773547883,0
888,0.6509943704976229,0.11139800286090086,0.08555467948076909,0.02179751533409279,0.0008094882093521147,0.00039903708647558557,100.0,0.0,63.15,3.102821296820041,1.125,0.3112474899497183,3.95,0.5894913061275798,0
889,0.6317812179442429,0.1030738165088681,0.08887431929427177,0.019596392372786278,0.0009070999928756801,0.0003927271135952575,100.0,0.0,63.55,3.4274626183227737,1.1,0.3,4.35,0.6538348415311009,0
890,0.6271210813039721,0.1090703136512479,0.0899358987315959,0.020044887525477353,0.0008894095545208117,0.00039277343528779037,100.0,0.0,63.1,2.826658805020514,1.025,0.10897247358851683,4.4,0.4898979485566356,0
891,0.6217256913605302,0.10885657895094915,0.09073992096080495,0.019536010865538952,0.0008731716638597467,0.00036556916043543306,100.0,0.0,63.9,3.047950130825634,1.0,0.0,4.3,0.6403124237432849,0
892,0.6130760661470334,0.11435140979609984,0.09143958021403349,0.020514441510226862,0.0009274178357548651,0.0004402292680774174,100.0,0.0,64.55,3.6670833096617805,1.05,0.21794494717703372,4.2,0.7483314773547883,0
893,0.6061683179434618,0.1164798729195594,0.092636675562868,0.02089846440360011,0.0009246433782113498,0.0004321597550059526,100.0,0.0,63.25,2.2555487137279924,1.05,0.21794494717703372,4.2,0.5099019513592784,0
894,0.6155950253040776,0.11463260496830305,0.09020921301387569,0.02001462635655197,0.0010087898537506049,0.0004425664270237704,100.0,0.0,63.4,3.120897306865447,1.15,0.3570714214271425,4.2,0.7483314773547883,0
895,0.6150287800419558,0.11785942269718779,0.0895149031952803,0.021193117890522948,0.0010641850056150523,0.00045958057525376835,100.0,0.0,62.75,3.080178566252288,1.15,0.32015621187164245,3.95,0.739932429347437,0
896,0.6237678672514055,0.11531477735404028,0.08835963973572994,0.02056236935219732,0.0010375498161888964,0.00046809302807295384,100.0,0.0,63.5,3.5,1.075,0.23848480035423641,4.45,0.9733961166965893,0
897,0.6395619996695078,0.10771701088552998,0.08528854439592365,0.019634588823855888,0.0010785882803172812,0.00046654663292599176,100.0,0.0,63.2,3.5298725189445577,1.1,0.3,4.45,0.8645808232895291,0
898,0.6675148533073859,0.09578676232611595,0.07942240952003005,0.01780390319949431,0.0011329690224111725,0.000546341609030821,100.0,0.0,63.8,3.295451410656816,1.05,0.21794494717703372,4.4,0.8602325267042626,0
899,0.696618987896497,0.08892575998985111,0.07366360627083537,0.017298898848559258,0.0011105655232040482,0.0005471574712158932,100.0,0.0,63.55,3.4420197558991443,1.0,0.0,4.1,0.5385164807134504,0
900,0.728765286535077,0.08128275702321527,0.0667325716371518,0.016330445602710218,0.001098390828455581,0.0005594168380585963,100.0,0.0,63.4,2.989983277545211,1.1,0.3,4.1,0.7681145747868608,0
901,0.7552719201882496,0.06953276025515824,0.06104998498463275,0.016504981537172902,0.0010560989620248139,0.0005481212608665387,100.0,0.0,64.2,2.6191601707417584,1.075,0.23848480035423641,4.15,0.5722761571129799,0
902,0.7820763807741914,0.0736175993256952,0.056045941027561816,0.018477168459617492,0.0009318012055018714,0.0004413203330079608,100.0,0.0,62.1,3.223352292257239,1.175,0.36314597615834876,4.3,0.5567764362830021,0
903,0.808453269164111,0.06882872558849834,0.049875104822419206,0.018233819195979193,0.0008827600562370027,0.000397555892506819,100.0,0.0,63.75,2.2332711434127295,1.025,0.10897247358851683,4.05,0.6689544080129826,0
904,0.83713956843694,0.06292073228583292,0.04261169629585322,0.0179701341860587,0.0008331580003448554,0.0003486622217989921,100.0,0.0,63.7,4.026164427839479,1.15,0.3570714214271425,4.1,0.5385164807134504,0
905,0.856652006619167,0.06136140800269661,0.03787810214163372,0.016898421491535923,0.0007930681166503672,0.0003263196483765663,100.0,0.0,63.5,2.819574435974337,1.0,0.0,4.25,0.6224949798994366,0
906,0.8703587582897715,0.05610338100980414,0.03317347804205284,0.016240312329705953,0.0008029222135828417,0.00032511085788658234,100.0,0.0,62.7,2.934280150224242,1.05,0.21794494717703372,4.25,1.0897247358851685,0
907,0.8833223602088424,0.041721842222278274,0.03019028522947361,0.012573744172636795,0.0007735703092773237,0.00031395847815239683,100.0,0.0,63.15,2.669737814842499,1.05,0.21794494717703372,4.25,0.5361902647381804,0
908,0.8937274333387208,0.03770752291475136,0.027665930836444863,0.011265919014976263,0.0007376316249530885,0.00031325969301207197,100.0,0.0,62.65,2.7436289836637897,1.1,0.3,4.15,0.4769696007084728,0
909,0.9035509407732801,0.03057599298099254,0.024513687211639358,0.011040620572883223,0.0006999630207716785,0.00028120136628128836,100.0,0.0,62.45,3.308700651313141,1.125,0.3112474899497183,4.25,0.9420721840708386,0
910,0.909345459060573,0.03434718739635378,0.02243831424810638,0.012207988114749626,0.0006675124739499267,0.00024816545501888347,100.0,0.0,62.4,3.839270764090493,1.225,0.40233692348577704,4.2,0.7483314773547882,0
911,0.9025947929207664,0.047821652848923264,0.02537118493212054,0.014003638803278507,0.0006688900777867841,0.00026414930463152696,100.0,0.0,62.25,3.222964473896664,1.025,0.10897247358851683,4.55,0.8046738469715541,0
912,0.8889357336853717,0.05680432017465944,0.028772743848904592,0.015670625421424906,0.0007326428778196893,0.00025449176552768543,100.0,0.0,63.9,2.5278449319529077,1.05,0.21794494717703372,4.45,0.7399324293474372,0
913,0.8820125195796255,0.0670516538549872,0.029831128265880573,0.018720137094430617,0.0007328372203120029,0.0002890175671546106,100.0,0.0,63.65,2.4550967394381837,1.0,0.0,4.55,0.8046738469715541,0
914,0.8619851777289711,0.06839810058806971,0.03638569937509723,0.01894944570552793,0.0007706568490901849,0.00031366322210834923,100.0,0.0,63.65,2.6697378148424984,1.05,0.21794494717703372,4.0,0.6324555320336759,0
915,0.8436943021002519,0.07360742257792155,0.04351250516121949,0.017960849909093305,0.0007274985087615495,0.00031100968828368683,100.0,0.0,62.9,2.773084924772409,1.1,0.3,4.25,1.0428326807307104,0
916,0.8189021464964922,0.07744337420244371,0.05081748253489264,0.017709952396456747,0.0007046418553044823,0.00029684527955192946,100.0,0.0,63.55,3.9808918598726084,1.05,0.21794494717703372,4.0,0.8366600265340756,0
917,0.7968539913749335,0.08303182204544715,0.0561686957742481,0.01748511606491864,0.0007101138145310085,0.000350945658543662,100.0,0.0,63.8,2.8913664589601917,1.1,0.3,4.0,0.6324555320336759,0
918,0.7683023812410834,0.08982416798178104,0.06260572908189173,0.017981750633754862,0.0007199690622255333,0.00035670808893741235,100.0,0.0,63.05,3.323777970924051,1.1,0.3,4.35,0.5722761571129799,0
919,0.7363687789984902,0.09285099135254342,0.06901107680164562,0.017765103627126955,0.0007638593527116283,0.00036694242066830454,100.0,0.0,64.0,2.6832815729997477,1.0,0.0,4.3,0.6403124237432849,0
920,0.7085082023073658,0.09795082642528115,0.07454296475172564,0.0185785564100521,0.0007937096898419447,0.00029173239494676546,100.0,0.0,63.25,2.9979159427842537,1.025,0.10897247358851683,4.3,0.7810249675906654,0
921,0.6796777357479822,0.10216882741758408,0.08057470710769685,0.019001517296274827,0.0007685578545251034,0.0003026360422573662,100.0,0.0,62.95,3.840247387864485,1.1,0.3,4.3,0.8426149773176358,0
922,0.6606542823615492,0.10111763518320897,0.084336838194428,0.01911990918985039,0.0008008927382939547,0.0003410156846797897,100.0,0.0,62.35,2.7436289836637897,1.1,0.3,4.25,0.82915619758885,0
923,0.6450375583536322,0.09683714391796344,0.08710790470322191,0.018750974322686745,0.0008873533321606833,0.00031253894857082476,100.0,0.0,63.7,3.083828789021855,1.05,0.2179449471770337,3.95,0.3840572873934304,0
924,0.6487413933123423,0.09740435376441402,0.08708963030852603,0.018242421009618197,0.0008155598031476775,0.00032757004041522245,100.0,0.0,64.6,2.9899832775452104,1.0,0.0,4.1,0.6244997998398398,0
925,0.6353695882473561,0.10512634230471718,0.08932096215790333,0.01984415571726678,0.0008164006536369687,0.00033600331579677813,100.0,0.0,64.6,2.8705400188814645,1.05,0.21794494717703372,4.1,0.6244997998398398,0
926,0.6191372936067043,0.10570728450171557,0.09204833049733378,0.019248135546938695,0.00086747543565599,0.0004189905808732709,100.0,0.0,63.3,2.98496231131986,1.0,0.0,4.1,0.6244997998398398,0
927,0.6155657975677444,0.09836535544736273,0.09192629163656005,0.01824023584532868,0.0009600842605186226,0.0005277415641172876,100.0,0.0,63.65,2.4550967394381837,1.025,0.10897247358851683,4.2,0.6782329983125268,0
928,0.614869039403964,0.08878896547445476,0.0920371796573854,0.016210404052053456,0.0009222970602980579,0.000593214488621516,100.0,0.0,63.75,3.491060010942235,1.1,0.3,3.75,0.6224949798994366,0
929,0.6075410547208873,0.09476165355902445,0.09374903118036232,0.016732063268797746,0.0008649240193528407,0.0007368977453986207,100.0,0.0,63.75,2.7363296585024255,1.05,0.21794494717703372,4.2,0.6782329983125269,0
930,0.608915090324838,0.08747044509738237,0.09266619109358272,0.016136375555007056,0.0009228278054738531,0.000809786401831044,100.0,0.0,62.6,3.1208973068654475,1.15,0.3570714214271425,4.1,0.6244997998398398,0
931,0.6016473013157009,0.08502969135497658,0.09409034827067095,0.01576454274145756,0.0009148847358549127,0.0006674764339389207,100.0,0.0,63.45,3.353729267546801,1.0,0.0,4.3,0.6403124237432849,0
932,0.601626903184965,0.08419482785669327,0.09439061933595246,0.01651843142013359,0.0008882781489233657,0.0005304557975963278,100.0,0.0,63.25,3.207413287993925,1.05,0.21794494717703372,4.3,0.8426149773176358,0
933,0.6152707352995604,0.08246549069173725,0.09274343478281077,0.01581546597675622,0.0008337140358832777,0.0003967596176856088,100.0,0.0,63.4,3.541186241925155,1.05,0.21794494717703372,4.35,0.5722761571129799,0
934,0.6247819238856709,0.08959740998199014,0.0910495856203803,0.01655147297594686,0.0008299500589232031,0.0003458448225219024,100.0,0.0,62.4,3.2619012860600183,1.25,0.4330127018922193,4.2,0.6782329983125269,0
935,0.6366906506528622,0.0937696275759852,0.08875618251466265,0.017488702241372573,0.0008554350389274842,0.00034205751603484777,100.0,0.0,63.6,2.9563490998188966,1.1,0.3,4.5,0.7416198487095663,0
936,0.6566877908334402,0.10238274371732556,0.08374207932702474,0.01999325082831737,0.0008923613501647748,0.0003797549304288713,100.0,0.0,63.5,3.248076353782343,1.125,0.3112474899497183,4.1,0.7681145747868608,0
937,0.6747991136993493,0.11305515686484625,0.08006007649869548,0.021970806478374037,0.0008641117375209083,0.0004477335378104574,100.0,0.0,63.3,3.333166662499792,1.05,0.21794494717703372,4.3,0.9539392014169458,0
938,0.6922710617805841,0.1136234886589924,0.07571373852989606,0.022515007878275886,0.0009050185082949801,0.0004866220091933353,100.0,0.0,64.15,3.08666486681013,1.0,0.0,4.4,0.66332495807108,0
939,0.7162182108958751,0.11875463913048992,0.0706824652442141,0.0237139096681681,0.0009120381682363617,0.0004197255631985657,100.0,0.0,64.75,2.277608394786075,1.0,0.0,4.15,0.4769696007084728,0
940,0.7310455525120966,0.11852801324791269,0.06737882615662076,0.02489794704820342,0.0008681400175849365,0.00042068195083817095,100.0,0.0,63.25,2.947456530637899,1.0,0.0,4.2,0.7483314773547883,0
941,0.7505465877859251,0.11562770556660805,0.06348046444160974,0.024247598777178605,0.000837985472952083,0.00044964554524975657,100.0,0.0,64.85,3.4391132578035286,1.1,0.3,4.0,0.7071067811865476,0
942,0.7724923029183528,0.11550364843599684,0.057933482087871635,0.024874975578322023,0.000848665586584213,0.0004310124516296543,100.0,0.0,63.25,3.2996211903792836,1.05,0.21794494717703372,4.35,0.6538348415311012,0
943,0.7949038407198917,0.10917204506342627,0.05213113979047744,0.02454939857205129,0.0008582480093796885,0.000501347409227642,100.0,0.0,63.3,2.6286878856189833,1.05,0.21794494717703372,4.4,0.8602325267042626,0
944,0.8167265122235025,0.10352768743235653,0.04698284491334882,0.023856792465566327,0.0008384736719180347,0.00045941075838753847,100.0,0.0,63.85,3.0866648668101306,1.1,0.3,4.2,0.6782329983125269,0
945,0.8406068445303629,0.09288061054167676,0.04114949526532481,0.022073727973151172,0.000803279425987179,0.00036487568378835343,100.0,0.0,65.0,3.1304951684997055,1.05,0.21794494717703372,4.3,0.9539392014169458,0
946,0.8616429927322367,0.0887823042684197,0.03548502936368967,0.021440372769302714,0.0007698283584960812,0.00039951128920370045,100.0,0.0,63.5,2.9410882339705484,1.05,0.21794494717703372,4.05,0.6689544080129826,0
947,0.8762504880454332,0.08238750130985444,0.03168355502701439,0.020141473817099628,0.0007318595495444304,0.0003724381328489567,100.0,0.0,63.3,3.0182776545573144,1.075,0.23848480035423641,4.1,0.7681145747868608,0
948,0.8918835273700948,0.0721927026277403,0.02828259011217047,0.018173703998436517,0.0006618097236799168,0.0003736866230036326,100.0,0.0,62.4,2.4979991993593593,1.1,0.3,4.1,0.8306623862918076,0
949,0.9026770323865143,0.061521065644609324,0.025422275502279802,0.013268414168929243,0.0006865520031460189,0.0003388634025719181,100.0,0.0,62.7,3.536947836765479,1.05,0.21794494717703372,4.15,0.5722761571129799,0
950,0.9076089889034342,0.054576841628880574,0.022728801910587685,0.013759678105891689,0.0006787250202694467,0.0003420378169876563,100.0,0.0,62.3,3.083828789021855,1.15,0.3570714214271425,4.2,0.6782329983125269,0
951,0.9130336706581212,0.047066359020943485,0.021582995389474485,0.012992062596154909,0.0006532818968758394,0.00039071867585246906,100.0,0.0,63.95,2.8013389655662877,1.0,0.0,4.45,1.0712142642814273,0
952,0.9046707681384495,0.048377957169074136,0.02421574725286359,0.013800511954052028,0.0006908406643898016,0.0004180363627600968,100.0,0.0,63.85,3.259984662540608,1.075,0.23848480035423641,4.15,0.5722761571129799,0
953,0.8942302149334914,0.04346599903081433,0.02893888749711752,0.014405527683637244,0.0006612801561116403,0.0004342938289697908,100.0,0.0,62.2,2.803569153775237,1.15,0.3570714214271425,4.4,0.7999999999999999,0
954,0.8775652181957497,0.04610858871225943,0.036631773278265806,0.014921443084730888,0.0006037935200289511,0.00038975811129484414,100.0,0.0,63.35,2.9542342493444895,1.125,0.3112474899497183,4.35,1.061838029079765,0
955,0.8645901574395591,0.05376846931126919,0.04143902853844303,0.01591287729137963,0.0005582836196803587,0.0003235511321563262,100.0,0.0,63.8,3.0430248109405875,1.1,0.3,4.2,0.5099019513592784,0
956,0.8437293952526567,0.0678746112133494,0.04695911880423308,0.01839398167203529,0.0005332450935446446,0.0002616887300435393,100.0,0.0,63.55,2.6734808770589704,1.0,0.0,4.25,0.7664854858377946,0
957,0.815074023107236,0.08221146094381582,0.0533329461750852,0.020358618783729594,0.000548062567098178,0.00018838721924069516,100.0,0.0,63.65,2.4753787588973126,1.05,0.21794494717703367,4.2,0.7483314773547882,0
958,0.7807296423091262,0.09305301553181985,0.059725469032511344,0.021648405426130408,0.0006489293556701896,0.0002624900231069695,100.0,0.0,63.75,2.5273503912200224,1.05,0.21794494717703372,4.55,0.8046738469715541,0
959,0.7428831107132187,0.10446938403420651,0.06808473235520623,0.021469243576192832,0.0006581334684444886,0.000280847189009924,100.0,0.0,63.35,3.8765319552404045,1.1,0.3,4.25,0.698212002188447,0
960,0.7111120629444877,0.10427203536472036,0.0744839332185078,0.019507237905816554,0.0007024546106826097,0.0004301431499778255,100.0,0.0,62.55,2.7106272336859605,1.05,0.21794494717703372,4.3,0.8426149773176358,0
961,0.6759703385682595,0.09855078302989084,0.0813057446243434,0.017130939924607392,0.0007535997417945638,0.0005292230135105704,100.0,0.0,63.85,2.632014437650371,1.1,0.3,4.35,0.7262919523166975,0
962,0.6529509497032006,0.0864976276408726,0.08474722088085154,0.01561844986934702,0.0008770798010854583,0.0005984354040898654,100.0,0.0,62.9,2.0712315177207983,1.025,0.10897247358851683,4.15,0.6538348415311012,0
963,0.6218015034536608,0.07962052371258016,0.08945730116408332,0.014431719221480776,0.0009921619971629413,0.0005828010602754145,100.0,0.0,64.6,3.1208973068654466,1.1,0.3,4.1,0.7681145747868608,0
964,0.5963013371504675,0.0870617402431776,0.09392764288112314,0.015463934947520679,0.001033502697985352,0.000618139685896279,100.0,0.0,63.6,3.7067505985701277,1.1,0.3,4.4,0.9165151389911679,0
965,0.5787308288215174,0.09008950886745606,0.0973439597992676,0.0160657138686847,0.0010657766272061742,0.0006563468041618893,100.0,0.0,62.4,2.6907248094147422,1.1,0.3,4.1,0.7000000000000001,0
966,0.5763507455312388,0.08450967082478199,0.09781219153579643,0.015606294125172285,0.0011516121505212918,0.0006020910515426002,100.0,0.0,63.7,3.0512292604784714,1.075,0.23848480035423641,4.05,0.49749371855331004,0
967,0.5829425960496113,0.08482166278612714,0.09732373242722439,0.016337688274337975,0.0010984857060758742,0.0005125309265950925,100.0,0.0,63.15,3.2291639784935047,1.05,0.21794494717703372,4.15,0.8529361054615991,0
968,0.59238321433803,0.08956468260026497,0.09624994728074496,0.016602807759834772,0.0010532364758782805,0.0004931329094288622,100.0,0.0,62.5,2.3345235059857505,1.0,0.0,4.15,0.7262919523166976,0
969,0.6001497931093522,0.09599602252043167,0.0949005818828684,0.018252942978346474,0.0010145530249760584,0.0004657795521690632,100.0,0.0,63.25,2.56661255354212,1.05,0.21794494717703372,4.35,0.7262919523166976,0
970,0.6086620776106333,0.10840984858377,0.09397614019292723,0.020011955824703873,0.0008730223560419184,0.0004066908438313662,100.0,0.0,64.2,3.6414282912066254,1.075,0.23848480035423641,4.15,0.6538348415311009,0
971,0.6138792278850638,0.12020924349688525,0.09341850227463501,0.021380531806943506,0.0008472278301308915,0.00031557624862967867,100.0,0.0,62.85,2.9372606285449034,1.15,0.3570714214271425,4.4,0.66332495807108,0
972,0.6243338729095295,0.1282307279338605,0.09191224283747436,0.022463508429887643,0.0007937268435811679,0.0003761887968233519,100.0,0.0,64.15,3.070423423568808,1.025,0.10897247358851683,4.2,0.6782329983125268,0
973,0.631301548954046,0.12013623129313013,0.09004696752590982,0.02015871846132736,0.0008522297254346916,0.0004746373478749005,100.0,0.0,62.5,2.819574435974337,1.025,0.10897247358851683,4.4,0.4898979485566356,0
974,0.6533132796369789,0.10787652300001047,0.08540756839284001,0.017881258815524603,0.0008987661423389097,0.0006401018023516413,100.0,0.0,64.3,2.7766886753829647,1.05,0.21794494717703372,4.2,0.8717797887081347,0
975,0.6779625859339615,0.089409727745344,0.08125952484549605,0.01561331727839345,0.0008378062303308635,0.0005048040808598303,100.0,0.0,63.5,2.5,1.05,0.2179449471770337,4.2,0.812403840463596,0
976,0.6890962314689306,0.08645675416402086,0.07977890384007227,0.0153203101374126,0.0007910741840943071,0.00047726018454909944,100.0,0.0,63.95,3.2167530212933664,1.0,0.0,4.4,0.7348469228349533,0
977,0.7100757119817941,0.08848518401061886,0.07623176570601428,0.015700262954430083,0.0007245735703111204,0.0004628629113768999,100.0,0.0,62.9,2.861817604250837,1.075,0.23848480035423641,4.45,0.5894913061275798,0
978,0.7343530602958934,0.0941585530130194,0.07040166108261899,0.01732328758790048,0.0007280986837872766,0.00046573614715451884,100.0,0.0,63.15,3.91503512117069,1.1,0.3,4.1,0.5385164807134504,0
979,0.741472368863849,0.09680653417895771,0.0686336152006264,0.01814107328337875,0.0007233192146690889,0.0005339611766226273,100.0,0.0,63.6,3.8131351929875237,1.1,0.3,4.3,0.6403124237432849,0
980,0.752262972720364,0.09976629131891007,0.06613810016185988,0.019380237457471788,0.000711727611595303,0.00047288528265367557,100.0,0.0,62.85,2.495495942693556,1.1,0.3,4.3,0.9,0
981,0.7750347801727911,0.0903631610812583,0.061330166026894284,0.017948413027049883,0.000696287889285078,0.0005169951272127979,100.0,0.0,63.85,2.706935536727833,1.075,0.23848480035423641,4.2,0.6,0
982,0.7945185091994605,0.08594681962420504,0.05647036958143955,0.01828079831999117,0.0006975502666720244,0.000455235447302486,100.0,0.0,63.7,2.703701166919155,1.025,0.10897247358851683,4.35,0.7921489758877431,0
983,0.8177107184238688,0.07411533509340032,0.05022357240065852,0.017625916355884973,0.0007263283454674427,0.00038511605361359454,100.0,0.0,63.0,3.0,1.125,0.3112474899497183,4.25,0.7664854858377946,0
984,0.8276750463069209,0.06447546012022158,0.045524324300891914,0.016353619584483864,0.000854603215571185,0.0004210405023496166,100.0,0.0,63.2,3.171750305430741,1.05,0.21794494717703372,4.25,0.8874119674649424,0
985,0.8490657107832448,0.05765882425382624,0.040771430101163846,0.015065337241217195,0.0007983396625155462,0.00035525922587480396,100.0,0.0,63.15,3.0376800358168077,1.1,0.2549509756796392,4.0,0.4472135954999579,0
986,0.8675170898038544,0.05098916431272325,0.03583422531746068,0.0145627779743013,0.0007579426099621515,0.000358704436220594,100.0,0.0,64.6,4.042276586281548,1.1,0.3,4.0,0.5477225575051661,0
987,0.8852199164139728,0.03973076251075051,0.030583165189120343,0.012589465004381113,0.0007425586483249653,0.00035407475899870564,100.0,0.0,63.4,2.5961509971494343,1.1,0.3,4.35,0.7262919523166975,0
988,0.8981472975958112,0.030040198135116988,0.025455122192109648,0.009931958267684886,0.0007631353233178293,0.0002943079731884664,100.0,0.0,64.0,2.4289915602982237,1.0,0.0,4.1,0.7000000000000001,0
989,0.9078392894772234,0.02992193985147765,0.021022895301887095,0.007989385911075649,0.0007682657305299504,0.0003265355762577816,100.0,0.0,63.45,2.692118125194361,1.05,0.21794494717703372,4.35,0.7921489758877431,0
990,0.9108601583608975,0.02627351660697654,0.019885555159592064,0.009032519107153622,0.0007540553982805366,0.00030000761798948004,100.0,0.0,62.95,2.1558061137310096,1.0,0.0,4.15,0.8529361054615991,0
991,0.9112144716720557,0.028731350739209016,0.020243658543417982,0.010850057345688814,0.000731790253836453,0.00030691103002269255,100.0,0.0,63.3,3.333166662499792,1.075,0.23848480035423641,4.35,0.9096702699330127,0
992,0.9060237838906836,0.034332784642330465,0.022509660281459502,0.011952701170835748,0.0007337303794850255,0.0003114516900189913,100.0,0.0,63.55,2.747271373563231,1.15,0.3570714214271425,4.3,0.714142842854285,0
993,0.9020775390930236,0.03658022201617119,0.027245187514382218,0.012168925487552832,0.0006579093614583941,0.00031176508686063715,100.0,0.0,63.65,3.305676935213119,1.0,0.0,4.35,0.9630680142129111,0
994,0.887598880893211,0.041601743899812305,0.032743812424638946,0.01254199325673476,0.0006542627545223769,0.0002979313381850503,100.0,0.0,62.85,3.5110539728121526,1.125,0.3112474899497183,4.15,0.5722761571129799,0
995,0.8687349241246267,0.05205943674611062,0.0398650901814215,0.012930847062117149,0.0006338680848853054,0.00034025361279053034,100.0,0.0,64.0,3.605551275463989,1.025,0.10897247358851683,4.15,0.47696960070847283,0
996,0.8419987372242069,0.058248467935557824,0.047639827023613704,0.012904664357805932,0.0006042849346666686,0.0002995404924717122,100.0,0.0,63.2,3.2649655434629015,1.05,0.21794494717703372,4.25,0.5361902647381804,0
997,0.819264367270095,0.06011170097893417,0.05424798937058112,0.012865481213300448,0.0005527206764675461,0.0002715273677970897,100.0,0.0,63.5,1.8303005217723127,1.0,0.0,4.05,0.6689544080129826,0
998,0.784593175038786,0.060964239298448415,0.06138558887380228,0.013571144162966566,0.0005931506609451909,0.00020870017559703006,100.0,0.0,62.7,3.874274125562103,1.1,0.3,4.15,0.5722761571129799,0
999,0.7485284398212851,0.06827994197175442,0.06943261163276301,0.014006033994425302,0.0005573217731539464,0.0002208456913765631,100.0,0.0,63.15,3.2446109165815247,1.025,0.10897247358851683,4.2,0.7483314773547883,0
