generation,mean_fitness_mean,mean_fitness_std,distance_from_optimum_mean,distance_from_optimum_std,phenotype_variance_mean,phenotype_variance_std,population_size_mean,population_size_std,n_parents_mean,n_parents_std,median_offspring_mean,median_offspring_std,max_offspring_mean,max_offspring_std,extinct_count
0,0.6735759407880908,0.033271908278429435,0.01715038281164811,0.0073814534167869995,0.004638958459681004,0.0006847424499837606,100.0,0.0,63.0,2.9154759474226504,1.15,0.3570714214271425,4.25,0.6224949798994366,0
1,0.7299741217481948,0.03280080126384598,0.020127160504155868,0.007579036660525186,0.0034570803011616824,0.0005554503256351398,100.0,0.0,63.8,1.9899748742132402,1.0,0.0,4.35,0.6538348415311012,0
2,0.7772415927332655,0.03712368599311263,0.01937563810649921,0.008738324120786357,0.0026318143415530403,0.0005216821276321941,100.0,0.0,63.75,2.947456530637899,1.05,0.2179449471770337,4.05,0.4974937185533099,0
3,0.8049851278170153,0.04203857204306126,0.019538173992630782,0.010540420187663138,0.0021523813852129367,0.0004404388606566794,100.0,0.0,62.2,3.1080540535840107,1.125,0.3112474899497183,4.2,0.6782329983125269,0
4,0.8182694485872639,0.04226913908243256,0.019128656473067305,0.009672652929724631,0.0019650660093657106,0.00047922846469954913,100.0,0.0,63.1,2.3853720883753127,1.05,0.21794494717703372,4.2,0.9797958971132711,0
5,0.8326168313000872,0.04605057954071217,0.020425313352841073,0.008242522510817736,0.0017482358519116021,0.0005462514083440517,100.0,0.0,63.6,2.8530685235374214,1.05,0.21794494717703372,4.55,0.9733961166965892,0
6,0.8404834067154319,0.044446249962002235,0.020144866139041227,0.007718222366298869,0.0016627790260014027,0.0005946406123634791,100.0,0.0,63.55,2.4181604578687494,1.075,0.23848480035423641,4.15,0.6538348415311012,0
7,0.8497104178942884,0.04448369886784486,0.02255391209661927,0.008269353400672023,0.001476248373610266,0.0005913783616127573,100.0,0.0,64.05,2.9744747435471695,1.05,0.2179449471770337,4.0,0.5477225575051661,0
8,0.8561562947659782,0.03913388217652789,0.02240701296300173,0.009598657127413484,0.0013796290163475217,0.0005582223829825391,100.0,0.0,64.25,2.118372016431486,1.025,0.10897247358851683,4.3,0.9,0
9,0.8560442207015709,0.04143602509548507,0.02485360538803472,0.010164471351730108,0.0013170253987989794,0.0005825962862736384,100.0,0.0,63.7,2.5317977802344327,1.025,0.10897247358851683,4.4,0.9695359714832658,0
10,0.8680681863189139,0.03977609906570604,0.025931407462557742,0.00977041821824675,0.0011406618301758585,0.0004929559395560458,100.0,0.0,63.1,2.681417535558384,1.125,0.3112474899497183,4.25,0.698212002188447,0
11,0.8707354326446979,0.039005761586879184,0.02704525195063865,0.012040415905997021,0.0010509584445083638,0.0004722424430777981,100.0,0.0,64.7,2.3473389188611007,1.0,0.0,4.25,1.0428326807307104,0
12,0.8702818282778667,0.03420239524297858,0.02880605234345534,0.01101304208749211,0.0010074510670896933,0.00043214665622499124,100.0,0.0,63.15,3.902242944769072,1.2,0.3674234614174767,3.95,0.49749371855331004,0
13,0.8696970662640039,0.030086667685497614,0.03224892535151668,0.011126897333892903,0.0009110715100333494,0.000378712166291732,100.0,0.0,62.4,3.916631205513228,1.15,0.3570714214271425,4.45,0.5894913061275798,0
14,0.8728477411699419,0.024428324828185865,0.033415044688584576,0.011590385031967281,0.0008267079437973047,0.00032075890140023563,100.0,0.0,62.5,3.427827300200522,1.075,0.23848480035423641,4.15,0.6538348415311012,0
15,0.8697655296245606,0.026581392281555417,0.035838087703325056,0.011283459703270486,0.0007815594580286237,0.00030468301263309827,100.0,0.0,62.7,2.8653097563788807,1.1,0.2549509756796392,4.4,0.6633249580710799,0
16,0.8666047046727317,0.02841953460315673,0.038318195731541535,0.011406839683248172,0.0007159185322654578,0.0002668903535089612,100.0,0.0,64.15,3.2905166767545793,1.05,0.21794494717703372,4.0,0.8366600265340756,0
17,0.8579479623380516,0.0364055403336723,0.0409383945386507,0.011207782035391241,0.0007289142870018915,0.00026243145639624814,100.0,0.0,63.65,2.5937424698685874,1.05,0.21794494717703372,3.85,0.3570714214271425,0
18,0.8567391144599215,0.03989902493872206,0.041875363020886645,0.012386117258816734,0.0006880808435962406,0.00023313338948651065,100.0,0.0,63.75,2.662235902394827,1.05,0.21794494717703372,4.2,0.8717797887081348,0
19,0.8453795008735158,0.05098703346931873,0.04348911350574608,0.013750523687195702,0.0007512265834491439,0.00026709685071505844,100.0,0.0,63.1,3.766961640367472,1.1,0.3,4.4,0.6633249580710799,0
20,0.8408417337318094,0.056892741402384345,0.04438196664773852,0.012675819819246857,0.0007819921212842294,0.0003434193816112841,100.0,0.0,62.5,2.5592967784139455,1.0,0.0,4.25,0.6224949798994366,0
21,0.8373561894332149,0.06208013091988169,0.046084288211273534,0.01352969262954579,0.0007400291603345988,0.0003360123818809988,100.0,0.0,64.4,2.615339366124404,1.025,0.10897247358851683,4.15,0.653834841531101,0
22,0.8378989912810078,0.06442028506309767,0.04635803723308977,0.013451792783591793,0.0007052599946705024,0.00029351880939294307,100.0,0.0,64.3,3.287856444554719,1.0,0.0,4.1,0.7000000000000001,0
23,0.8315813940771355,0.06465249865113908,0.04575964873982617,0.013289361882438936,0.0008352798491540114,0.00038414648196537606,100.0,0.0,63.6,3.32264954516723,1.1,0.3,4.4,0.7999999999999999,0
24,0.8266784478437172,0.06248675076010872,0.04646910125876435,0.012516854068911197,0.000868646084635052,0.0003880837378185487,100.0,0.0,62.1,2.022374841615669,1.1,0.3,4.35,0.8529361054615991,0
25,0.825662312612236,0.060070857635351124,0.046970676561932975,0.01313915600400421,0.0008524559787473539,0.0002983583963275316,100.0,0.0,63.9,2.5475478405713994,1.05,0.21794494717703372,4.15,0.7262919523166976,0
26,0.8286313174497895,0.05741719129992471,0.04707946014559082,0.013135109506332725,0.0008168440209330614,0.0003188552509996396,100.0,0.0,64.15,2.4550967394381837,1.0,0.0,4.05,0.5894913061275798,0
27,0.8266556393965067,0.059440932265760756,0.04844919950551989,0.014104111574495676,0.0007577620137266876,0.0003113618372647417,100.0,0.0,63.0,1.8973665961010275,1.0,0.0,4.25,0.7664854858377946,0
28,0.8216244784537506,0.05907081516919855,0.04951379845457813,0.013614787791126948,0.0007816729988355876,0.0003543661250742863,100.0,0.0,63.45,3.0573681492420897,1.075,0.23848480035423641,4.05,0.49749371855331,0
29,0.8185967790970592,0.05825696528856527,0.05015478817680098,0.01387519457184931,0.0007876672371530957,0.00036102197645144926,100.0,0.0,63.55,3.169779172119093,1.0,0.0,4.4,0.7999999999999999,0
30,0.8179564809009143,0.06355838289807784,0.048971194449134545,0.015276550798028666,0.0008315103650166248,0.0004016206699994839,100.0,0.0,63.85,2.7069355367278325,1.05,0.21794494717703372,4.3,0.6403124237432849,0
31,0.8097507812831124,0.06402641172206217,0.05198705463466845,0.015382560573710274,0.0007837317464403323,0.00036522755263517425,100.0,0.0,63.25,3.5899164335677787,1.05,0.15,4.1,0.8306623862918074,0
32,0.8073324325773106,0.06831206359547347,0.05233409907289951,0.015434241875624375,0.0008014309138892882,0.0003871637987371889,100.0,0.0,62.8,2.6381811916545836,1.05,0.21794494717703372,4.05,0.5894913061275798,0
33,0.8017300347075365,0.07117092940252608,0.05385848621345538,0.017497144900281456,0.0007647342913268198,0.00033968364268759235,100.0,0.0,63.9,3.8327535793473597,1.0,0.0,4.1,0.8888194417315588,0
34,0.7963527458511971,0.07437916383518006,0.055570612371907205,0.01656249390732367,0.0007630909439276479,0.00038943199380636894,100.0,0.0,62.85,3.4536212878658255,1.075,0.23848480035423641,4.35,0.7262919523166975,0
35,0.7943529908519066,0.07564106080743205,0.056172145923870154,0.016599343127161003,0.0007439662922837283,0.00037692732254210527,100.0,0.0,63.95,3.3537292675468007,1.075,0.23848480035423641,4.15,0.4769696007084728,0
36,0.793234575678501,0.0715402022624636,0.056841596865537046,0.015994411945372544,0.0007244425125243098,0.0003365304782754819,100.0,0.0,63.55,3.089902911096076,1.1,0.3,4.35,0.792148975887743,0
37,0.7912428967354881,0.07260306734204043,0.057532320327106604,0.015062642208614082,0.0007101078384380824,0.0003065442705848602,100.0,0.0,63.5,2.8548204847240397,1.125,0.3112474899497183,4.3,0.714142842854285,0
38,0.7849942562980873,0.07250390397677832,0.05914079537807073,0.014699132709965684,0.0006968590403562552,0.00034007000325608663,100.0,0.0,63.55,2.854382595238418,1.0,0.0,4.3,0.6403124237432849,0
39,0.7746889639190448,0.06667186696165771,0.06081891250450668,0.013298613956977332,0.0007738008016519194,0.0003492330775362343,100.0,0.0,63.5,2.5592967784139455,1.025,0.10897247358851683,4.15,0.653834841531101,0
40,0.772961010178381,0.06559511376501086,0.06122015186815703,0.013186188970774471,0.0007951056955470907,0.0003991227416004367,100.0,0.0,63.75,3.672533185690771,1.025,0.10897247358851683,3.9,0.6244997998398398,0
41,0.7709690656638476,0.0588719824728736,0.061771447384904477,0.011495986028107698,0.0007819943181071624,0.00032931159631546006,100.0,0.0,63.35,2.554897258208243,1.0,0.0,4.05,0.6689544080129826,0
42,0.767547300689313,0.06370110399556098,0.062375196853820605,0.011709359346040258,0.0007926614381823002,0.00034851855429026356,100.0,0.0,62.85,3.5535193822462827,1.025,0.10897247358851683,4.15,0.7921489758877431,0
43,0.7639695723959089,0.06402770287412828,0.06303888872245977,0.012184417393334625,0.0007923324910534387,0.00032219079916564477,100.0,0.0,63.15,3.5252659474144643,1.05,0.21794494717703372,4.35,0.9096702699330126,0
44,0.7571637439260134,0.06134270591732612,0.06455548447701458,0.011650588234288765,0.0007913951216100446,0.00033095232603564013,100.0,0.0,64.35,3.4391132578035286,1.05,0.21794494717703372,4.2,1.0770329614269007,0
45,0.756193488729609,0.061680164182094585,0.0647474756494972,0.011611094542301382,0.0008035091136093016,0.00031839075950092346,100.0,0.0,64.0,3.271085446759225,1.05,0.21794494717703372,4.4,0.66332495807108,0
46,0.7557924171608236,0.0562467156706739,0.06425566870593413,0.011798320306453228,0.0008174373601962621,0.0002937507457928468,100.0,0.0,64.0,2.32379000772445,1.025,0.10897247358851683,4.05,0.5894913061275798,0
47,0.7525007828511618,0.0580369758302237,0.06481268577195545,0.012751615170105863,0.0008138869356176708,0.0003026469927146551,100.0,0.0,62.95,3.3387872049593095,1.075,0.23848480035423641,4.25,0.7664854858377946,0
48,0.7553901842297579,0.05553046712421355,0.06445610907424326,0.01343652918863843,0.0007999532813319499,0.00030153916696392183,100.0,0.0,63.8,3.3406586176980126,1.05,0.21794494717703372,4.0,0.5477225575051661,0
49,0.7526658856617059,0.06432851846683676,0.06510952817308564,0.015056792900051002,0.0007814344655294595,0.00031155105304758756,100.0,0.0,63.2,2.6758176320519302,1.05,0.2179449471770337,4.1,0.6244997998398398,0
50,0.7562879870496826,0.06731392351873985,0.06399634389352518,0.0148350056431582,0.0008131088689209383,0.00030873670348688115,100.0,0.0,64.4,2.8,1.05,0.15,4.0,0.8366600265340756,0
51,0.7535010189298227,0.07053909651185403,0.0636536210946413,0.015505140694462292,0.000890545298755877,0.0003896014298709798,100.0,0.0,62.7,3.874274125562103,1.125,0.3112474899497183,4.5,0.5916079783099616,0
52,0.7564479597015321,0.07655380144662055,0.06304204182304302,0.016848362260846503,0.0008652841393571853,0.0004715211200247515,100.0,0.0,64.45,3.2935543110748915,1.0,0.0,4.5,0.9746794344808963,0
53,0.7541162483817896,0.07976068885548888,0.06304413129488341,0.01742814493257132,0.0009000075289530606,0.0005094880437192286,100.0,0.0,62.95,2.376446927663229,1.075,0.23848480035423641,4.35,0.47696960070847283,0
54,0.7578584479713559,0.08450716944224188,0.061536777092893756,0.020315456031315886,0.0008908195217801557,0.0004243762663538531,100.0,0.0,62.55,3.5563323804166562,1.1,0.2549509756796392,4.55,0.5894913061275798,0
55,0.7482463295582618,0.08862657410567057,0.06329937200623233,0.020851246687312964,0.0009511434470375555,0.00043075594968519247,100.0,0.0,64.05,3.57036412708844,1.05,0.21794494717703372,4.1,0.6244997998398398,0
56,0.7568461208695514,0.09038631891834778,0.06084903966001352,0.020403054973591964,0.0009543923407537101,0.00039152180837400183,100.0,0.0,63.5,3.0083217912982647,1.0,0.0,3.95,0.3840572873934304,0
57,0.7609088429896933,0.08908892324272137,0.05978722113337855,0.019374370158369302,0.0009936200194197576,0.0004676089492519666,100.0,0.0,62.4,3.2619012860600183,1.075,0.23848480035423641,4.35,0.5722761571129799,0
58,0.759661252974632,0.0928497848630508,0.06056606456952579,0.020041818297509995,0.0009576933912702566,0.00048153915242683874,100.0,0.0,63.25,2.9979159427842537,1.125,0.3112474899497183,4.2,0.6,0
59,0.7635162554686479,0.09232049099273192,0.059511493631331104,0.020737154152587752,0.0009337551676769059,0.0005194829754570444,100.0,0.0,62.95,2.4181604578687494,1.1,0.3,4.35,0.7262919523166975,0
60,0.7623645319876444,0.08177917004246267,0.05975898738368816,0.01813535822014535,0.000966193290055924,0.0005200120476730709,100.0,0.0,64.3,2.685144316419511,1.05,0.2179449471770337,4.2,0.6,0
61,0.7590110096473367,0.08225524476769339,0.06064380347737773,0.0185610919019999,0.0009511287953020961,0.0005327736425024187,100.0,0.0,63.6,2.817800560721074,1.05,0.21794494717703372,4.1,0.5385164807134504,0
62,0.7628626538418596,0.08819678109007041,0.060067923021912974,0.020270587254344746,0.0008898889897825431,0.0004707815542405635,100.0,0.0,63.85,2.7253440149823285,1.05,0.21794494717703372,4.05,0.739932429347437,0
63,0.7628954506973938,0.087701845054205,0.06014247981775757,0.01935165655395393,0.0009263743610015129,0.00045138137184408037,100.0,0.0,62.0,2.6457513110645907,1.1,0.3,4.5,1.0723805294763609,0
64,0.7699191048332772,0.08643431010938535,0.058302380334903606,0.018775129358266075,0.0009431388861350434,0.00043907721851050435,100.0,0.0,63.1,3.576310948449533,1.0,0.0,4.25,0.7664854858377946,0
65,0.776811654395243,0.08915312885404485,0.05626365522994098,0.019612508657796533,0.0009559420525635891,0.00037580550515992436,100.0,0.0,63.95,2.8892040426387333,1.0,0.0,4.25,0.8874119674649424,0
66,0.7778911509530145,0.0839670855684971,0.05482794943443137,0.019310744140389084,0.0010278144896572255,0.0004116518651115181,100.0,0.0,63.45,2.5782746168707473,1.1,0.3,4.05,0.739932429347437,0
67,0.7770413508439118,0.08795259681027494,0.05497111920334992,0.01998849005126939,0.0010271601278961126,0.0004052108989163792,100.0,0.0,62.65,3.7719358425084595,1.1,0.3,4.1,0.5385164807134504,0
68,0.781679887493697,0.09030502986163934,0.05481116268068006,0.01893239572130597,0.000998462964317956,0.0003912644965545499,100.0,0.0,63.15,2.7436289836637897,1.075,0.23848480035423641,4.25,0.6224949798994366,0
69,0.7930632248236764,0.08981051784027161,0.05349441121377195,0.018380235118562408,0.0009240668989924375,0.0003932777364389824,100.0,0.0,63.7,2.4919871588754225,1.05,0.21794494717703372,3.95,0.5894913061275798,0
70,0.7915503479058357,0.08625450164797739,0.05379388136070774,0.017998038593772792,0.0009477684289165148,0.00041677884172450154,100.0,0.0,64.6,3.3823069050575523,1.05,0.21794494717703372,4.1,0.8306623862918076,0
71,0.7932938324386422,0.07900400432278404,0.05326866945147272,0.01599603879151793,0.0009827117143626385,0.00048664426509759107,100.0,0.0,63.8,2.1587033144922905,1.0,0.0,4.2,0.7483314773547883,0
72,0.7955411557904756,0.0837706989105629,0.051998499081333714,0.01762189588102896,0.0009980216137206147,0.0005237983957303726,100.0,0.0,63.4,2.7459060435491964,1.075,0.23848480035423641,4.15,0.7262919523166976,0
73,0.8089017909168789,0.07243878964226204,0.05027074042244212,0.016566204314076252,0.000903240703528677,0.00047711208995619334,100.0,0.0,62.95,2.747271373563231,1.1,0.3,4.5,0.806225774829855,0
74,0.8099646154701599,0.060769242613232216,0.05026800622774234,0.014752988095198179,0.0009213746538933483,0.0005158726066309451,100.0,0.0,63.7,1.8734993995195195,1.125,0.3112474899497183,4.15,0.5722761571129799,0
75,0.8106977018255629,0.06353682812479748,0.05017825793892685,0.01632077000153811,0.0008738315511613388,0.00043906981741129766,100.0,0.0,63.35,2.372235232855292,1.2,0.4,4.25,0.7664854858377946,0
76,0.805703947314546,0.06459508156577004,0.051282345155655065,0.0166207045410535,0.0008777952137106084,0.0004553250173457184,100.0,0.0,63.85,3.1980462785894765,1.125,0.3112474899497183,4.05,0.49749371855331004,0
77,0.8057307325322638,0.06073889269186619,0.052036315400620384,0.016430634360445333,0.0008199774632416393,0.0004708362822539647,100.0,0.0,62.45,2.5975950415721076,1.025,0.10897247358851683,4.45,0.8046738469715541,0
78,0.8057791627648031,0.05907046003653431,0.051448064879166165,0.015780361630923116,0.0008483675159878728,0.0005552533672702722,100.0,0.0,63.4,3.2155870381627056,1.125,0.3112474899497183,4.25,0.698212002188447,0
79,0.8058649798790738,0.06207697024612171,0.05218705988876442,0.017594934633758063,0.0007887437215529158,0.0004602412224891364,100.0,0.0,62.65,3.7453304260105007,1.025,0.10897247358851683,4.25,0.698212002188447,0
80,0.805407822708873,0.0664081297647909,0.053065587738492716,0.01723254567074544,0.000741918619750933,0.0003623890091083821,100.0,0.0,62.65,3.785168424258028,1.05,0.21794494717703372,4.1,0.5385164807134504,0
81,0.8000314104919551,0.07345718751600872,0.05412359029109078,0.01833200997093046,0.0007570995273134778,0.00037428333315204333,100.0,0.0,63.4,3.1208973068654475,1.0,0.0,4.45,0.5894913061275798,0
82,0.794436825033331,0.0724537737806659,0.05633083338172392,0.016531217167750238,0.0007356399212170335,0.000350667027345918,100.0,0.0,63.35,3.1666228067138023,1.025,0.10897247358851683,4.3,0.9539392014169457,0
83,0.7946280074796707,0.08017972133486043,0.05566468180151474,0.018344602315418533,0.0007655010165817885,0.0004454233540079464,100.0,0.0,62.5,3.170173496829472,1.0,0.0,4.45,0.6689544080129827,0
84,0.7869371834695428,0.0796966944730003,0.05522263951231519,0.01902125987249795,0.0009076349231779459,0.0005311772866091884,100.0,0.0,64.3,2.5709920264364885,1.025,0.10897247358851683,4.15,0.792148975887743,0
85,0.7951502245004335,0.07873688009775474,0.05364276136942585,0.017884271661204633,0.0008912904101848285,0.0005169590709144103,100.0,0.0,62.4,3.4263683398023628,1.125,0.3112474899497183,4.45,0.9205976319760985,0
86,0.8006705657083548,0.0805025109488163,0.05109019721730993,0.018758286154465224,0.0009444663547313508,0.0005732351259344387,100.0,0.0,64.35,2.95423424934449,1.0,0.0,4.15,1.0136567466356647,0
87,0.8107224219151421,0.08260990224555946,0.04859742022586565,0.019512858918204312,0.0009248088696923878,0.0005789766262586423,100.0,0.0,62.75,2.7179955849853767,1.0,0.0,4.25,0.698212002188447,0
88,0.8106901421172527,0.07781088157782405,0.048832590221355124,0.018716598835352777,0.0009368560961644682,0.0005503038110175964,100.0,0.0,63.5,2.9748949561287032,1.0,0.0,4.25,0.698212002188447,0
89,0.8159861375156752,0.07167347958464863,0.047866516093290415,0.018450946348524455,0.00089842600413455,0.0004689825207837808,100.0,0.0,64.35,2.393219588754864,1.05,0.21794494717703372,4.2,0.7483314773547883,0
90,0.8186663377234111,0.06293553922222606,0.047720037696178254,0.016579371857493152,0.0008904538060745554,0.0003933220992053267,100.0,0.0,65.3,3.1638584039112754,1.0,0.0,4.0,0.7745966692414834,0
91,0.8221651656125912,0.06116527814424487,0.04677437863543277,0.016616494199050355,0.0008809884867308421,0.0003792512209772804,100.0,0.0,62.15,3.811495769379785,1.2,0.3674234614174767,4.2,0.8717797887081347,0
92,0.8221389119771916,0.06564976195675606,0.04829667476802374,0.01601844743044222,0.0008155400819932349,0.00029483680392965595,100.0,0.0,63.3,3.116087290176577,1.025,0.10897247358851683,4.35,0.6538348415311012,0
93,0.8239457337095597,0.050440834132849804,0.048040796552861885,0.012445392163637728,0.0008529728203012053,0.00029892248599614727,100.0,0.0,64.7,2.8478061731796287,1.05,0.21794494717703372,4.1,0.8306623862918074,0
94,0.8321125286093249,0.05309148792652257,0.047060047933522725,0.012685705941657006,0.0007666977427929121,0.00031574633920522434,100.0,0.0,62.3,3.0182776545573144,1.1,0.3,4.45,0.6689544080129827,0
95,0.8277288822974571,0.054030249936075685,0.04777124575585092,0.012716366145930734,0.0007960729791260835,0.00037249086708038287,100.0,0.0,63.65,2.903015673398957,1.0,0.0,4.3,0.5567764362830022,0
96,0.8331276313868263,0.05528990291988634,0.047642874268601657,0.01238566124803228,0.0007174897667021301,0.00036351434335148744,100.0,0.0,64.35,3.3507461855533016,1.075,0.23848480035423641,4.0,0.6324555320336759,0
97,0.8287228406297006,0.05380106499998098,0.0492345647894231,0.011739116782913157,0.0007015124537877446,0.0003283461978179812,100.0,0.0,63.7,3.3481338085566414,1.15,0.3570714214271425,4.4,0.7348469228349535,0
98,0.8223244152172043,0.056854482578447496,0.05114229975139741,0.01323320268110815,0.0006639899500148598,0.0002978291981190656,100.0,0.0,63.25,2.6995369973386176,1.1,0.2549509756796392,4.3,0.7810249675906654,0
99,0.8095507169139798,0.0629014027837021,0.05357500571672974,0.014293049996026326,0.000705771444594637,0.0002631068633657597,100.0,0.0,62.7,3.536947836765479,1.2,0.4,4.1,0.7681145747868608,0
100,0.8014964239935223,0.06785565584886147,0.05509105095790527,0.013229161045532558,0.0007663585394509584,0.00030968589283367556,100.0,0.0,64.1,2.773084924772409,1.0,0.0,4.25,0.8874119674649424,0
101,0.8021982125274174,0.06373287594684474,0.05444710410218286,0.012297193644308218,0.0007937220266651647,0.00031487092034436764,100.0,0.0,64.75,1.894069692487581,1.025,0.10897247358851683,4.1,0.7681145747868608,0
102,0.8019439022852464,0.06046120830481747,0.05305418008922027,0.010389302438068551,0.0008764388744878917,0.0004348063542335031,100.0,0.0,63.35,3.758656674930553,1.1,0.3,3.9,0.6244997998398398,0
103,0.7920809448293739,0.056399429035380776,0.05561097470519174,0.009467261786630347,0.0008959462692243122,0.0004191026282277664,100.0,0.0,63.95,3.0736785778607367,1.05,0.21794494717703372,4.2,0.6,0
104,0.7877471243181847,0.03928934663126613,0.05506564037698504,0.007427972151746693,0.001000326479819107,0.00038027803239118057,100.0,0.0,64.15,3.5815499438092444,1.15,0.3570714214271425,4.25,0.698212002188447,0
105,0.7973238649239043,0.03627231161733413,0.05310814922913646,0.007064779387790084,0.0009689413411780809,0.00035817972396904067,100.0,0.0,64.3,2.3473389188611007,1.05,0.21794494717703372,4.05,0.804673846971554,0
106,0.8014397197816576,0.039376945375600304,0.05278851852441432,0.008230817461270459,0.0009582401707111828,0.0003963600230303508,100.0,0.0,62.15,1.8241436346954694,1.1,0.3,4.4,0.6633249580710799,0
107,0.817979976663486,0.045302324183585464,0.04868596854070335,0.010877593977759526,0.0009219536908715478,0.00039259143430663197,100.0,0.0,64.3,3.6891733491393435,1.0,0.0,4.1,0.5385164807134504,0
108,0.8265378116324623,0.041465322256480336,0.046942277869914215,0.011419826151634829,0.0008780624277433646,0.00033856391032296854,100.0,0.0,63.05,3.4709508783617204,1.05,0.15,4.2,0.6,0
109,0.8323539007305657,0.03931621490571002,0.046194504153157,0.012358679966932252,0.000827529545189141,0.0003855180599754156,100.0,0.0,61.95,2.6358110706194404,1.025,0.10897247358851683,4.5,1.0723805294763609,0
110,0.8389993979373152,0.044854338196919044,0.04501285815678234,0.014120542927132195,0.0007592149328151589,0.0002993362249908749,100.0,0.0,63.9,2.754995462791182,1.05,0.21794494717703372,4.15,0.8529361054615991,0
111,0.8431607064783233,0.043448911883150254,0.04348411047793566,0.013851661070904547,0.0007803587347046807,0.0003197767949294543,100.0,0.0,63.2,3.325657829663178,1.025,0.10897247358851683,4.1,0.8306623862918076,0
112,0.8450585235798556,0.04618155874276473,0.04431519183703308,0.014395879869836323,0.0007207592132987164,0.0002781293550888325,100.0,0.0,64.15,3.118894034750139,1.05,0.21794494717703372,4.25,0.7664854858377946,0
113,0.8448019336699959,0.05214321956339734,0.04494148522444885,0.01499090223892562,0.0006823021007171986,0.00026132577272774813,100.0,0.0,63.05,2.7290108097990378,1.125,0.3112474899497183,4.3,0.6403124237432849,0
114,0.8382368369851628,0.05456025964517095,0.04604891641547422,0.014852483141422323,0.0007211932956226803,0.0002220455671168755,100.0,0.0,62.9,3.254228019054596,1.05,0.21794494717703372,4.35,0.7262919523166975,0
115,0.836411781627981,0.0558688943790806,0.047921146469962164,0.013995115975968041,0.0006530096181759996,0.00025052828072579507,100.0,0.0,63.75,2.6433879775772606,1.025,0.10897247358851683,4.55,0.9733961166965892,0
116,0.830581105981679,0.05954822551222819,0.05022387326104377,0.015350330112012648,0.0006036511591950473,0.0002549487510656352,100.0,0.0,63.4,2.7820855486487113,1.075,0.23848480035423641,4.15,0.5722761571129799,0
117,0.8244205873577926,0.06117850058736726,0.051194008894021314,0.014787731420139429,0.0006672258837807767,0.0002862115760404706,100.0,0.0,63.55,2.957617284234051,1.05,0.21794494717703372,4.1,0.43588989435406733,0
118,0.8295756072358105,0.05815468889186886,0.049514143206878726,0.013486536788361855,0.0006838192569257426,0.00031210267822225063,100.0,0.0,63.55,3.2167530212933664,1.075,0.23848480035423641,4.0,0.6324555320336759,0
119,0.8267235848792464,0.055155477338147865,0.050397703237079296,0.0141689177366287,0.0006552875249892932,0.00029598638675793756,100.0,0.0,62.95,2.246664193866097,1.025,0.10897247358851683,4.25,0.7664854858377946,0
120,0.819397364711344,0.05834167304837833,0.052180830435557046,0.013963369116171673,0.0006738679455517092,0.00029737235011853395,100.0,0.0,63.1,3.176476034853718,1.075,0.23848480035423641,4.1,0.6244997998398398,0
121,0.8228305947222969,0.06319230741017473,0.05129594987699697,0.015033119881807777,0.0006526252405656614,0.0002757960623820353,100.0,0.0,62.85,2.5937424698685874,1.025,0.10897247358851683,4.4,0.58309518948453,0
122,0.8227292825285091,0.06400821115751468,0.051837549890258496,0.014517559307444534,0.0006123093578438899,0.000278228216731399,100.0,0.0,63.95,2.3973944189473704,1.025,0.10897247358851683,4.05,0.5894913061275798,0
123,0.8190014378492674,0.056722961661399424,0.0524641437151125,0.014112258086825475,0.0006357921330403319,0.0002415497831826093,100.0,0.0,62.9,3.548238999842034,1.1,0.3,4.2,0.5099019513592784,0
124,0.8073437435055648,0.05576235771949661,0.05469031297254255,0.012216940647445395,0.0007075068544603958,0.0003171051003465323,100.0,0.0,64.0,3.8340579025361627,1.175,0.36314597615834876,4.0,0.6324555320336759,0
125,0.8046406744240739,0.05564676710964423,0.054603333825059205,0.013357660778860561,0.0007276271102847124,0.0003288946236993646,100.0,0.0,63.35,3.5535193822462823,1.15,0.3570714214271425,4.0,0.8366600265340756,0
126,0.8022489674630797,0.05870274143504225,0.054385511017152964,0.012980012155479748,0.000782749315953972,0.00039141911579621837,100.0,0.0,62.85,3.7050641020095725,1.15,0.3570714214271425,4.05,0.739932429347437,0
127,0.8020563221384748,0.061660815767030336,0.05421352144498537,0.013426861407513584,0.0007734223000042637,0.00041251598954647966,100.0,0.0,63.55,3.2167530212933664,1.075,0.23848480035423641,3.95,0.49749371855331004,0
128,0.8007533288386579,0.06314507507947974,0.054773133877688826,0.013491234761839612,0.0007918374604352714,0.0003880813881060652,100.0,0.0,63.95,2.9576172842340505,1.0,0.0,4.0,0.7071067811865476,0
129,0.8007699675346845,0.06395754800946264,0.05476141756933277,0.013350516993290366,0.0007817548334040567,0.00033477427081076273,100.0,0.0,63.8,2.541653005427767,1.05,0.21794494717703372,4.45,0.5894913061275798,0
130,0.8059806591090618,0.05943949058201984,0.053113745662049315,0.013096667817865506,0.0007890607451909393,0.00034980768459766566,100.0,0.0,63.1,2.6814175355583845,1.05,0.21794494717703372,4.3,0.7810249675906654,0
131,0.8037530781964305,0.059099550196840954,0.052644299700426965,0.012978149276410045,0.0008255784513609579,0.0003229281449827741,100.0,0.0,64.25,2.680951323690902,1.0,0.0,4.25,0.7664854858377946,0
132,0.8003167408002106,0.06099926037164388,0.05327735065244511,0.012438637851520204,0.0008732039341654447,0.0003526273907119445,100.0,0.0,62.5,2.5199206336708304,1.075,0.23848480035423641,4.55,0.8046738469715541,0
133,0.7932255115202163,0.06535806660743991,0.05510345099944153,0.013467293763561438,0.0008507434810812951,0.00035064827943535935,100.0,0.0,64.0,3.146426544510455,1.05,0.21794494717703372,3.9,0.7681145747868608,0
134,0.7932283343761142,0.06993624763885087,0.05447316277993974,0.01432604061657751,0.0008753423605717822,0.0003473154018022275,100.0,0.0,64.4,2.9899832775452104,1.05,0.15,4.05,0.804673846971554,0
135,0.7961459327260098,0.07017870056410007,0.054198415150515225,0.014525807883119479,0.0008561011399960669,0.0003454640002179053,100.0,0.0,64.1,2.605762844159076,1.025,0.10897247358851683,4.2,0.6782329983125268,0
136,0.7985860918124454,0.07143322622702807,0.054691676152885706,0.01359053807831041,0.0007992021970373225,0.0003575711066473239,100.0,0.0,63.8,2.3151673805580453,1.1,0.3,4.15,0.7262919523166975,0
137,0.8004008845545101,0.0664633672751569,0.054953382642652523,0.013288956576388674,0.0007719899239543844,0.0004136470722873407,100.0,0.0,64.35,3.7453304260105007,1.1,0.3,4.2,0.5099019513592785,0
138,0.8059404761733248,0.06201832601714329,0.05325069089091683,0.014254195467634364,0.0007778357077404624,0.0003436938117822718,100.0,0.0,63.6,2.353720459187964,1.0,0.0,4.15,0.7262919523166976,0
139,0.8097767960079401,0.05645316947280223,0.053386168282250034,0.013838874126261586,0.0007344061309983521,0.00023563959273023905,100.0,0.0,63.1,3.5482389998420345,1.05,0.15,4.35,0.9096702699330126,0
140,0.8170189043415379,0.05352544510134187,0.05168152712009544,0.012914101847115628,0.0007339233558213778,0.00022217097452115577,100.0,0.0,63.25,3.1284980421921316,1.025,0.10897247358851683,3.8,0.6,0
141,0.820052123299216,0.053924334834476784,0.04946620506407746,0.013604918585639286,0.0007885787243402497,0.00021641799679656426,100.0,0.0,62.05,2.654712790491657,1.15,0.3570714214271425,4.5,0.7416198487095663,0
142,0.8214829415289202,0.04628607100189542,0.048660388468586425,0.012543153011192297,0.0008356721498777779,0.00027308580839591353,100.0,0.0,63.35,2.2197972880423116,1.05,0.21794494717703372,4.25,0.8874119674649424,0
143,0.8233278937520445,0.047025325246836884,0.04859004489695224,0.012002715217760017,0.0008127126238836305,0.00029974121224436636,100.0,0.0,62.7,3.3926390907374753,1.075,0.23848480035423641,4.55,0.5894913061275798,0
144,0.8290999483509494,0.043025847023878586,0.046757129252139866,0.01171377830077664,0.0008308160517655702,0.00034157971971619507,100.0,0.0,62.95,3.007906248539007,1.025,0.10897247358851683,4.3,0.714142842854285,0
145,0.8308830660238409,0.046612297787291604,0.04578131296086398,0.01360000007378977,0.0008177715865329749,0.0003000550296665638,100.0,0.0,63.25,3.2384409829422554,1.1,0.3,4.35,0.5722761571129799,0
146,0.8273834613549228,0.05215619141233769,0.04596126740757818,0.014915256977348634,0.0008300150188986453,0.0003435572505354376,100.0,0.0,62.75,2.56661255354212,1.0,0.0,4.25,0.698212002188447,0
147,0.8286217935995166,0.04878193684678275,0.04507672221289284,0.01427320797608936,0.0008595241671899588,0.00030259454296267807,100.0,0.0,63.45,2.6167728216259047,1.05,0.15,4.0,0.8944271909999159,0
148,0.8297346316137212,0.05317466328195202,0.04546330320630313,0.015080241940537193,0.0008137381886922253,0.0003388032919004805,100.0,0.0,63.6,2.8000000000000003,1.0,0.0,4.25,0.6224949798994366,0
149,0.8261121393669801,0.05840734423916551,0.04584705145871289,0.015292726592955738,0.0008525956512899054,0.00044191343373977874,100.0,0.0,63.5,3.7349698793966195,1.05,0.15,4.2,0.5099019513592784,0
150,0.8243827365568484,0.054564504345389495,0.04564626220339717,0.014644156469088057,0.0008899351835983024,0.00044793175851148473,100.0,0.0,63.4,2.764054992217051,1.125,0.3112474899497183,4.25,0.8874119674649424,0
151,0.8195294689703241,0.06186486479257809,0.0484510533620536,0.014526655181623232,0.000850260371589732,0.000427013139346918,100.0,0.0,63.75,2.5273503912200224,1.1,0.3,4.05,0.804673846971554,0
152,0.8238002744069626,0.059797812024241025,0.04702715035062437,0.014547116864182284,0.0008337072127691539,0.00042590667334159096,100.0,0.0,64.35,3.9909272105614755,1.05,0.21794494717703372,4.05,0.5894913061275798,0
153,0.8249986780722509,0.05919615181531971,0.04609505898909854,0.01554439422725185,0.0008610386853924226,0.00046441754509100473,100.0,0.0,62.75,2.6052830940226053,1.05,0.21794494717703372,4.15,0.7262919523166975,0
154,0.8272916570809807,0.05529696851935326,0.04517179434476366,0.013969147904481944,0.0008851729236790402,0.00044958362643185906,100.0,0.0,63.55,2.3973944189473704,1.05,0.21794494717703372,4.15,0.6538348415311012,0
155,0.8261335158850954,0.05862126371701449,0.04496941490418695,0.015721681340124055,0.0008919800780536896,0.00040787050832769196,100.0,0.0,63.2,2.5219040425836985,1.0,0.0,4.45,0.8645808232895291,0
156,0.8287535310831073,0.05455300024004265,0.04479383397361921,0.014517879276407056,0.0008963615742649733,0.00038676582991674146,100.0,0.0,62.8,3.370459909270543,1.1,0.2549509756796392,4.4,0.7348469228349533,0
157,0.8336981352535684,0.05721741293766417,0.043212710404472346,0.01585199723748079,0.0008754076164993312,0.0003713653131969899,100.0,0.0,63.0,2.8809720581775866,1.05,0.21794494717703372,4.35,0.5722761571129799,0
158,0.8372186741643391,0.05691083379722501,0.04280587720027039,0.015750044501127543,0.0008611243128316138,0.0003541060260002874,100.0,0.0,63.35,3.2446109165815247,1.025,0.10897247358851683,4.15,0.9096702699330127,0
159,0.8405455433211054,0.05296172381849897,0.04148211378613576,0.016051773001635777,0.0008779953417398344,0.00041558587065864826,100.0,0.0,63.25,3.031088913245535,1.1,0.2549509756796392,4.05,0.864580823289529,0
160,0.843723800343998,0.05473571820731918,0.03923732535174377,0.017439323617973825,0.000888638504195474,0.00040465259711581537,100.0,0.0,62.65,2.7436289836637897,1.1,0.3,4.25,0.5361902647381804,0
161,0.8477117463514905,0.05546191456833325,0.03715202673757505,0.017929392802277934,0.0009288643982159197,0.00044618641449825576,100.0,0.0,62.95,3.694252292413175,1.1,0.3,4.15,0.5722761571129799,0
162,0.8486927073400921,0.05220026708123106,0.03790306130852715,0.015180874506257946,0.0009249662718979068,0.0004039055527889707,100.0,0.0,63.9,3.6318039594669758,1.15,0.3570714214271425,4.1,0.7000000000000001,0
163,0.8529323410443922,0.05338765808909127,0.03732833372579232,0.01535260687844174,0.0008797613009022725,0.0004208946244765368,100.0,0.0,61.95,3.800986713999406,1.15,0.3570714214271425,4.2,0.6,0
164,0.8550149203541849,0.05293317417342461,0.03708695663969853,0.014935529543183015,0.0008676681612805135,0.0004113695882640561,100.0,0.0,64.05,3.1220986531498327,1.05,0.2179449471770337,4.2,0.7483314773547883,0
165,0.855676280841131,0.05592126468979049,0.03755470681864183,0.015478627049820204,0.0008459504361024942,0.0004278067981301486,100.0,0.0,63.05,2.692118125194361,1.1,0.3,4.3,0.6403124237432849,0
166,0.8546840199771515,0.06057526362204841,0.03794464434559222,0.015325547181580511,0.0008429371317374443,0.0004344981826834552,100.0,0.0,63.1,2.8442925306655784,1.025,0.10897247358851683,3.95,0.6689544080129826,0
167,0.8594973501555595,0.054558303896082176,0.03634822828583887,0.014891782920149243,0.0008448299058986034,0.0003139402968043386,100.0,0.0,63.65,2.6129485260907837,1.05,0.21794494717703372,4.45,0.7399324293474372,0
168,0.8655295163914569,0.0528833292839625,0.03630630859733642,0.013550905924967077,0.0007780437503111955,0.00026103898968890267,100.0,0.0,62.05,3.232259271778797,1.125,0.3112474899497183,4.5,0.6708203932499369,0
169,0.869715760056214,0.057968581298725855,0.03521078843044309,0.014733115792288174,0.0007555612436818428,0.0003076042789077083,100.0,0.0,64.25,2.1418449990603894,1.0,0.0,4.05,0.5894913061275798,0
170,0.8736029593679036,0.05335963327383879,0.03434300184708465,0.014731427808186419,0.0007325986917884622,0.00030127488820203067,100.0,0.0,63.85,3.5954832776693593,1.025,0.10897247358851683,4.1,0.7000000000000001,0
171,0.878323049533839,0.04644200193936253,0.03296347273610993,0.013739307409661462,0.0007377052647808123,0.0002730260578871214,100.0,0.0,66.3,2.98496231131986,1.0,0.0,4.15,0.7262919523166976,0
172,0.8799612725782481,0.05261109964423419,0.03270764283972982,0.014349348232685077,0.0007280178817230079,0.00029846538000840455,100.0,0.0,63.15,2.8857408061016154,1.05,0.21794494717703367,4.3,0.714142842854285,0
173,0.8823413887679801,0.055518564724849756,0.03149454675246495,0.014659189205259618,0.0007375337223156432,0.00033457117735435725,100.0,0.0,63.0,2.949576240750525,1.1,0.3,4.15,0.7262919523166975,0
174,0.8853149990855602,0.052261562677613616,0.031293501155035056,0.013500681562309878,0.0007259044996653248,0.0003692657700659214,100.0,0.0,62.95,1.9615045245933032,1.125,0.3112474899497183,4.0,0.5477225575051661,0
175,0.889191347980101,0.05157371796493647,0.03100532009174036,0.013441988683022122,0.0006934120737215662,0.0003532021500393903,100.0,0.0,63.75,3.3893214660164652,1.1,0.3,4.15,0.7921489758877431,0
176,0.8915455890248092,0.051821999146215096,0.030366915460471027,0.014264394785338991,0.0006684159684054969,0.0003361321669213612,100.0,0.0,63.15,3.4245437652335533,1.05,0.21794494717703372,4.7,0.9539392014169457,0
177,0.8878771885871151,0.05119738518769215,0.03124154815421265,0.015209126821868535,0.0006850418946828874,0.0003809089815571461,100.0,0.0,62.4,3.9799497484264803,1.2,0.4,4.35,0.7921489758877431,0
178,0.8910918403718144,0.051312043345496466,0.03160508798743095,0.015102681320071826,0.0006233222240293057,0.0003042679021468032,100.0,0.0,62.55,2.558808316384797,1.1,0.3,4.0,0.7745966692414834,0
179,0.8892267374932337,0.051906843291164705,0.031139261820122565,0.014688957855758727,0.0006631757463797196,0.00035509371357082315,100.0,0.0,63.85,3.0540956108150903,1.025,0.10897247358851683,4.15,0.7262919523166976,0
180,0.887379720006293,0.05550867280043071,0.03156267288405997,0.014870521166552192,0.0006776909633057192,0.0004528107744481739,100.0,0.0,62.65,3.395217224272992,1.125,0.3112474899497183,4.25,0.7664854858377946,0
181,0.8889562198051253,0.054404377012407794,0.032124669844375134,0.015055007327998929,0.0006233350961764204,0.00034334555657498575,100.0,0.0,63.3,2.666458325194677,1.1,0.3,4.05,0.5894913061275797,0
182,0.8935252347843635,0.04767592382417172,0.030932100339714497,0.013839390298009725,0.0006293436636315602,0.0003039148986395561,100.0,0.0,63.3,2.7766886753829643,1.0,0.0,4.3,0.7810249675906654,0
183,0.8925321387177322,0.04600734736188225,0.030277335899976922,0.012726969329338967,0.0006794311003753856,0.00035362213539087163,100.0,0.0,63.0,3.3763886032268267,1.075,0.23848480035423641,4.3,0.7810249675906654,0
184,0.8930154427743041,0.04431677330018337,0.031144011627506213,0.012839082735944243,0.0006348446854678459,0.00033626266621903354,100.0,0.0,63.65,2.5548972582082436,1.075,0.17853571071357124,3.8,0.6,0
185,0.8933854423273786,0.043875955360776604,0.030371914215779193,0.013563350937049298,0.0006396953381586232,0.0002843667600691827,100.0,0.0,63.75,3.4478254016118624,1.0,0.0,4.15,0.6538348415311009,0
186,0.8958609027609962,0.044736564363282896,0.030059372273069252,0.013754765993263817,0.0006149677034052878,0.00022289290284738876,100.0,0.0,62.95,2.9236107812087435,1.05,0.2179449471770337,4.1,0.7000000000000001,0
187,0.8927920225149041,0.04165430762135063,0.030557487421313236,0.012703261527770916,0.0006593296572819151,0.00023305828063420318,100.0,0.0,63.4,2.3958297101421877,1.05,0.21794494717703372,4.2,0.7483314773547883,0
188,0.8900423408203355,0.03968095360672958,0.03101350864586615,0.012581615013557153,0.0006819236655641726,0.00029425736443854404,100.0,0.0,63.15,2.104162541250081,1.0,0.0,4.05,0.5894913061275797,0
189,0.8888339866818334,0.043073495083912165,0.032107598244312044,0.01216610883194823,0.0006723088974055142,0.0002679393630048278,100.0,0.0,64.3,3.303028912982749,1.1,0.3,3.8,0.6782329983125268,0
190,0.895955714147369,0.03956494475438632,0.03141247284357962,0.01109537328552673,0.0006155509246755849,0.0002062217082368884,100.0,0.0,62.55,3.4128433893163046,1.1,0.3,4.05,0.49749371855331004,0
191,0.8974653486027051,0.04023954595115644,0.030857661530084797,0.010953834528715022,0.0006153329733246067,0.00025618854071996145,100.0,0.0,64.15,4.269367634673781,1.1,0.3,4.1,0.7,0
192,0.8972360481775986,0.03981497135530549,0.02980391531600618,0.010292884579173225,0.0006545848049344966,0.0002560326134286145,100.0,0.0,64.3,3.661966684720111,1.1,0.3,4.05,0.6689544080129826,0
193,0.8945801033943847,0.04139917528016831,0.03108889436621024,0.009484047275048217,0.0006597756888285259,0.00027186144719775027,100.0,0.0,62.15,3.1823733281939126,1.05,0.21794494717703372,4.4,0.8,0
194,0.8896734323062301,0.04285789470793734,0.03184743004003556,0.009903296850939955,0.0006926863460921336,0.0002985771541836086,100.0,0.0,63.9,3.014962686336267,1.025,0.10897247358851683,3.9,0.7681145747868608,0
195,0.8918075937631478,0.042761220220419116,0.03220149884912492,0.01073532109469308,0.000631875389273279,0.00029769181156271394,100.0,0.0,63.25,3.686122624113311,1.1,0.3,4.15,0.852936105461599,0
196,0.8906770847466283,0.039743344176141324,0.032943694411168296,0.011285609388787133,0.0006190618761250969,0.00028873905327926163,100.0,0.0,63.45,2.991237202229205,1.0,0.0,4.55,0.8645808232895291,0
197,0.8906504064728835,0.04261832430811195,0.032687558182364844,0.012370761617326594,0.0006119136964575863,0.00026321151296480243,100.0,0.0,63.85,3.2752862470324637,1.0,0.0,4.3,1.0049875621120892,0
198,0.8888404627126159,0.04467013934792095,0.03201925596637048,0.013107425341499584,0.0006479986437060775,0.0002765926151656404,100.0,0.0,63.2,2.5612496949731396,1.075,0.23848480035423641,4.15,0.9096702699330127,0
199,0.8919334362849263,0.04112494414154968,0.03165155414256186,0.012323665909438843,0.0006346655608607883,0.0002806872907347707,100.0,0.0,63.65,3.1823733281939126,1.0,0.0,4.4,0.7348469228349535,0
200,0.8935165799404331,0.041002948505812334,0.031056640378351024,0.013127263074859943,0.0006183117635430878,0.00024152403387191936,100.0,0.0,63.4,2.7640549922170505,1.05,0.21794494717703372,4.2,0.7483314773547883,0
201,0.8944172095542197,0.0326156123985249,0.031008468956896535,0.011912413527947797,0.0006415411805035855,0.00021973890931696943,100.0,0.0,63.05,2.2907422377910613,1.075,0.23848480035423641,4.15,0.5722761571129799,0
202,0.8968770844165824,0.03889943474761738,0.03067419705945334,0.013430435051212287,0.0006054997246260302,0.00025210522898978495,100.0,0.0,62.6,3.6523964735499352,1.15,0.3570714214271425,4.35,0.5722761571129799,0
203,0.8988287064910361,0.03542370061143433,0.030281251317051245,0.01269280197823877,0.0005873798551740206,0.0002748029301806968,100.0,0.0,64.15,3.259984662540608,1.05,0.21794494717703372,4.05,0.739932429347437,0
204,0.8943934416918898,0.03774433666089299,0.03116554749953974,0.013079259777018978,0.0006229782136717001,0.0002857255507795973,100.0,0.0,63.6,3.1368774282716245,1.1,0.3,4.45,0.8046738469715541,0
205,0.8957633821278398,0.03909543692937903,0.030720195876201162,0.01314143632894728,0.0006078575394306709,0.000344562428529624,100.0,0.0,64.95,3.4565155865408737,1.05,0.15,4.15,0.3570714214271425,0
206,0.8949604503231907,0.039403129726095776,0.030984621280497622,0.012725978119819126,0.0006214871999360728,0.00031087856764030114,100.0,0.0,62.9,2.808914381037628,1.05,0.21794494717703372,4.35,0.963068014212911,0
207,0.8970500921105865,0.042260519771217746,0.030326268838704755,0.012220273211181939,0.0006262428529179987,0.00033163921265445313,100.0,0.0,63.3,2.471841418861655,1.0,0.0,4.25,0.4330127018922193,0
208,0.897424716271124,0.03661818636471599,0.03133458974699382,0.012104039885181418,0.0005776105326109862,0.00025529456203134983,100.0,0.0,62.65,2.669737814842499,1.1,0.3,4.35,0.653834841531101,0
209,0.9002390865211854,0.03372605715162926,0.03194857232973171,0.011523067584778678,0.000541966596979669,0.00021174660997954828,100.0,0.0,62.5,2.1330729007701543,1.075,0.23848480035423641,4.05,0.6689544080129826,0
210,0.8991749675350824,0.03439966164070382,0.03194420217857039,0.011788153926557772,0.0005391731433010136,0.0001784447427520506,100.0,0.0,62.6,2.1071307505705477,1.125,0.3112474899497183,4.4,0.58309518948453,0
211,0.8981527163259251,0.034896785239265295,0.031545188436680215,0.011189074024824257,0.0005774089531533136,0.0001894369194344548,100.0,0.0,63.6,2.5377155080899043,1.0,0.0,4.05,0.9733961166965892,0
212,0.8964366565212609,0.038160669551182906,0.030366419408329258,0.012435949851397825,0.0006180001284824739,0.00021508643629014805,100.0,0.0,63.95,2.3339880033967613,1.0,0.0,4.0,0.6324555320336759,0
213,0.8956179909430455,0.03940720960088904,0.03061972943418486,0.01279257604560571,0.0006108968279035094,0.00028850172792673677,100.0,0.0,63.5,3.057776970284131,1.025,0.10897247358851683,4.35,0.8529361054615991,0
214,0.892165832604112,0.039500979870027264,0.03143769591593939,0.012081629578825484,0.0006346929289206278,0.0002719023072773274,100.0,0.0,62.9,1.8411952639521971,1.025,0.10897247358851683,4.2,0.812403840463596,0
215,0.8909483904224877,0.04487328829347346,0.03236951237450722,0.014078976525392608,0.0005943938120283267,0.0002527107698207532,100.0,0.0,63.65,3.6093628246547893,1.0,0.0,4.1,0.5385164807134504,0
216,0.8917755412380426,0.043170875075080675,0.030136985331033078,0.013687201851663923,0.000666230111975341,0.00033706908979539915,100.0,0.0,62.75,3.476708213238494,1.05,0.21794494717703372,4.75,0.8874119674649424,0
217,0.8894839164067987,0.04179463970623818,0.028874681889325238,0.012509204713628113,0.000739443316221419,0.0003695117988525079,100.0,0.0,62.55,2.5975950415721085,1.0,0.0,4.35,0.653834841531101,0
218,0.8910341213645994,0.036294752313946736,0.02872221044096937,0.011915474695742383,0.0007202976616373338,0.0003688735632498509,100.0,0.0,63.0,3.40587727318528,1.075,0.23848480035423641,4.25,0.6224949798994366,0
219,0.8873277703949215,0.032437660407837805,0.02902756920069407,0.013067955488093403,0.000763900857889216,0.00033295416536149294,100.0,0.0,63.0,3.924283374069717,1.1,0.3,4.05,0.9733961166965893,0
220,0.8901149832725203,0.03510362042035679,0.02782355474582136,0.012547356377878219,0.0007759022333171169,0.0003768992006899315,100.0,0.0,64.2,2.420743687382041,1.0,0.0,4.45,0.8645808232895292,0
221,0.8917334160907442,0.03458630115752065,0.028775372188901777,0.010190222391318575,0.0007563325844969729,0.0004069316778917958,100.0,0.0,62.85,2.7977669667075564,1.075,0.23848480035423641,4.05,0.6689544080129826,0
222,0.8928374288725072,0.03550605656385934,0.027234077776632802,0.011351066270550238,0.0007770855269177403,0.0004207217225639324,100.0,0.0,63.2,3.9949968710876362,1.15,0.3570714214271425,4.2,0.9273618495495703,0
223,0.8904896538253727,0.039092578775261316,0.027807539955831306,0.012531805990584111,0.0007702261122831445,0.00040515770614134745,100.0,0.0,63.85,3.2752862470324637,1.1,0.3,4.45,0.7399324293474372,0
224,0.8942967404453723,0.026577653125115928,0.02791787532947048,0.01035056940081722,0.0007392622205299757,0.0003472020323394834,100.0,0.0,62.95,3.412843389316304,1.05,0.21794494717703372,4.0,0.7071067811865476,0
225,0.8983435974787488,0.024320306651323977,0.0273742377290289,0.00892811337187482,0.000714305347911136,0.00029738800717446886,100.0,0.0,64.2,2.694438717061496,1.025,0.10897247358851683,4.1,0.6244997998398398,0
226,0.9046402536908491,0.02323134606853466,0.025163177310637913,0.008247958516643993,0.000695513443284095,0.00032353698520370743,100.0,0.0,63.35,3.6779749863205975,1.25,0.4330127018922193,4.3,0.7810249675906654,0
227,0.9010447175161745,0.031367905790546165,0.026156954785157997,0.00973596102359982,0.0007054584860793674,0.00042114520412423373,100.0,0.0,64.15,3.409912022325503,1.075,0.23848480035423641,4.2,0.9273618495495703,0
228,0.8987816932596111,0.030407009909074082,0.025662160702111508,0.009603061587909984,0.0007556755598073056,0.00039179381348617066,100.0,0.0,64.65,3.15079355083763,1.1,0.3,4.3,0.9,0
229,0.8983836507106883,0.027187863704162134,0.025186277254746973,0.009951618209204179,0.0007693879367451388,0.00039709351980722607,100.0,0.0,64.15,3.539420856580918,1.075,0.23848480035423641,3.85,0.653834841531101,0
230,0.901649088663971,0.024172514710190114,0.025014323721474285,0.009017275638069155,0.0007423339792868328,0.0003142151931159209,100.0,0.0,62.75,2.56661255354212,1.1,0.3,4.2,0.6,0
231,0.8992943899102344,0.02259401705752243,0.025781950656174973,0.0095093753059176,0.0007407838241014374,0.00032949901073518257,100.0,0.0,62.2,3.0757112998459393,1.075,0.23848480035423641,4.5,0.7416198487095663,0
232,0.9033220676448792,0.023620508589158894,0.02510574823812064,0.008612958243869364,0.0007043458510688891,0.0002928447005175929,100.0,0.0,63.65,3.320767983464066,1.05,0.21794494717703372,4.25,0.82915619758885,0
233,0.9029212001634697,0.023339124209656496,0.0248751836160067,0.010009338599014843,0.0007048749656867268,0.0002974550874725139,100.0,0.0,63.7,2.968164415931166,1.125,0.3112474899497183,4.1,0.7,0
234,0.9079986289610623,0.02639513187492358,0.02408773567102589,0.009696656460924784,0.0006731638167956004,0.00032819177842011816,100.0,0.0,63.8,3.2341923257592455,1.0,0.0,4.4,0.7348469228349535,0
235,0.9071384366372028,0.025673477812443817,0.024635948789332188,0.009821532304856108,0.000669520045903506,0.00027519927651625494,100.0,0.0,63.05,3.2476914878109957,1.15,0.3570714214271425,4.2,0.6782329983125268,0
236,0.9059800077243156,0.028419894253759823,0.024710415521882988,0.010781689941377477,0.0006800160308033547,0.00026277649340001225,100.0,0.0,63.45,3.368605052540295,1.0,0.0,4.25,0.8874119674649424,0
237,0.9108477151823298,0.026468756980792804,0.023265401284108072,0.009250985991157389,0.0006642573572265572,0.00026979810960635944,100.0,0.0,62.2,2.5612496949731396,1.05,0.21794494717703372,4.0,0.6324555320336759,0
238,0.9112542882035273,0.025563706023616288,0.022359087289440006,0.008807375841281178,0.0006854766063064264,0.0002859003975985625,100.0,0.0,63.7,2.666458325194677,1.05,0.21794494717703372,4.15,0.5722761571129799,0
239,0.914730828827658,0.02267275142019674,0.02275801548988428,0.008349753010140029,0.0006399310353965218,0.00023471564788485325,100.0,0.0,63.65,2.535251466817444,1.0,0.0,4.1,0.6244997998398398,0
240,0.9144042334184774,0.022048570939950718,0.02336081139534711,0.007297123234797245,0.0006338177445441372,0.00021406135465917742,100.0,0.0,63.75,3.0639027399707057,1.05,0.21794494717703372,4.15,0.7262919523166976,0
241,0.9128741238880439,0.020204541140228068,0.023182320810151,0.00736415123151734,0.0006579249999279042,0.00015687627731793025,100.0,0.0,62.75,2.680951323690902,1.125,0.3112474899497183,4.25,0.6224949798994366,0
242,0.9163510385959732,0.02154696003862468,0.020150069089096907,0.008197051212283363,0.0006854061115179298,0.00021479706333379998,100.0,0.0,64.1,2.913760456866693,1.0,0.0,4.45,0.8046738469715541,0
243,0.916303053709296,0.021418999240895176,0.021712311517593876,0.0071488726343717935,0.0006570304554058865,0.00021799764280136202,100.0,0.0,62.35,3.1823733281939126,1.05,0.21794494717703372,4.65,0.7921489758877431,0
244,0.9207988176231148,0.018802094083418402,0.02134095499035276,0.008619032772561985,0.0005948584510224824,0.00015232174222230203,100.0,0.0,63.8,2.580697580112788,1.05,0.21794494717703372,3.9,0.6244997998398398,0
245,0.9178792576255186,0.020478157794847195,0.0199154478864338,0.009358282279859093,0.0006645951899204223,0.00021598135610117767,100.0,0.0,62.9,2.964793416074719,1.075,0.23848480035423641,4.3,0.8426149773176358,0
246,0.9206880800195435,0.02066010116393962,0.019281302648520328,0.010692844168910635,0.0006206784590201714,0.00017742062347962087,100.0,0.0,62.7,2.8301943396169813,1.1,0.3,4.35,0.9630680142129111,0
247,0.9205721072893288,0.020314204976816116,0.020298406853072472,0.009751664989528164,0.0006143949740026567,0.00016556431084938217,100.0,0.0,62.55,3.353729267546801,1.05,0.2179449471770337,4.15,0.6538348415311009,0
248,0.9189151131123523,0.02125122296875554,0.019459647163221194,0.00962024151908057,0.0006549313079209499,0.00020430602341563187,100.0,0.0,63.15,2.3932195887548637,1.05,0.21794494717703372,4.25,0.7664854858377946,0
249,0.9180071735901374,0.021803623968502227,0.020115896154153344,0.009165012990673323,0.0006668754751043367,0.00021914934347531365,100.0,0.0,63.65,2.885740806101615,1.075,0.23848480035423641,4.05,0.804673846971554,0
250,0.9171974762053097,0.02844861010579614,0.019747592228020493,0.010744667242979422,0.0006919374348966856,0.0003807580066368098,100.0,0.0,63.0,1.8439088914585775,1.025,0.10897247358851683,4.35,0.7262919523166975,0
251,0.9224193532448626,0.02273799238491687,0.02027604510986881,0.009621610813003766,0.0006052065009336594,0.00025322051341315863,100.0,0.0,63.3,2.7766886753829643,1.05,0.2179449471770337,4.05,0.49749371855331004,0
252,0.9226270065520245,0.025206622136774208,0.01911517273397035,0.009694565391476815,0.0006160512198523299,0.0002251516479285254,100.0,0.0,63.6,3.2924155266308657,1.05,0.21794494717703372,4.35,0.7262919523166976,0
253,0.9240977768274998,0.026075877183411235,0.017868486899752605,0.01035226840426074,0.0006208583858839992,0.0002606626486397876,100.0,0.0,63.7,3.2572994949804666,1.075,0.23848480035423641,4.35,0.7262919523166976,0
254,0.9277620331642596,0.030080107030926714,0.01713415425043861,0.011259441275082225,0.0005784223963048538,0.0002819672738868869,100.0,0.0,63.15,2.632014437650371,1.025,0.10897247358851683,4.45,0.6689544080129827,0
255,0.9282328625672998,0.03063886046847022,0.016291594070072513,0.011556337239769206,0.0005865206280212753,0.0002535099710630522,100.0,0.0,64.7,3.241913015489466,1.025,0.10897247358851683,4.1,0.6244997998398398,0
256,0.9280519715531279,0.032111738546485344,0.01726430793440058,0.011806609435722698,0.0005725192324498656,0.0002600967656476536,100.0,0.0,63.15,3.0376800358168077,1.0,0.0,4.15,0.6538348415311012,0
257,0.923341253393416,0.033440739394450886,0.017815555954532426,0.012181646511874913,0.0006176699958236962,0.0002284176568185061,100.0,0.0,62.8,3.370459909270543,1.1,0.2549509756796392,4.2,0.6782329983125269,0
258,0.922358493264604,0.031064959152059455,0.017847597425214353,0.011796000001719265,0.0006373150055177323,0.0002495103082201224,100.0,0.0,63.95,2.558808316384797,1.0,0.0,4.15,0.6538348415311009,0
259,0.9274615437957989,0.024625469046951905,0.018064144092273356,0.009479627477673759,0.0005895154624048269,0.0002171882207961775,100.0,0.0,63.3,2.491987158875423,1.05,0.21794494717703372,3.95,0.5894913061275798,0
260,0.9278685418789108,0.023808121689774232,0.01749010350605862,0.009804853759202474,0.0005980318799891875,0.00021101830448114618,100.0,0.0,62.95,2.8892040426387333,1.0,0.0,4.45,0.8645808232895292,0
261,0.9303054292951483,0.021470430347259473,0.01717661731980468,0.008818155834931661,0.0005779817082727363,0.00019218605454440315,100.0,0.0,62.15,3.0540956108150903,1.05,0.15,4.2,0.8717797887081347,0
262,0.9272962738473602,0.024384543959684136,0.01831985515545063,0.008152625010720923,0.0006034228693797913,0.0002510618614927274,100.0,0.0,62.25,4.345975149491768,1.15,0.3570714214271425,4.1,0.7,0
263,0.9281243075395016,0.022756632386833158,0.017193442136776524,0.008483495360937565,0.0006090181201614229,0.00023044170315134069,100.0,0.0,63.75,2.7363296585024255,1.025,0.10897247358851683,3.95,0.6689544080129826,0
264,0.9273819412705204,0.02618540973892458,0.017987857732165248,0.009448655156002761,0.0005902944816596882,0.00023810456222266675,100.0,0.0,62.0,3.271085446759225,1.05,0.21794494717703372,4.3,1.004987562112089,0
265,0.9309338732603516,0.026385696013583426,0.017316233442319688,0.009915654974490234,0.0005575043643557337,0.0002097203881864178,100.0,0.0,63.2,2.7495454169735036,1.15,0.3570714214271425,4.35,1.0136567466356645,0
266,0.9309264861340008,0.023889606238968762,0.016985358569199156,0.00954368946418781,0.0005601262236655947,0.00017923240549979225,100.0,0.0,63.9,3.3451457367355464,1.025,0.10897247358851683,4.25,0.9937303457175896,0
267,0.9295759639920652,0.020576719000077594,0.017588105062948438,0.008613652180441,0.000577511778474765,0.00019493257389353302,100.0,0.0,64.25,2.6052830940226053,1.0,0.0,4.35,0.653834841531101,0
268,0.9322343775894204,0.024074110786232745,0.018214972572328465,0.009844806775943403,0.00052375502847467,0.00019064714048302013,100.0,0.0,63.7,3.551056180912941,1.05,0.21794494717703372,4.15,0.4769696007084728,0
269,0.9331301697812899,0.02438014670448272,0.01756228218867175,0.009319768154004324,0.0005356808364352574,0.00022969678471551963,100.0,0.0,63.95,2.4181604578687494,1.1,0.3,4.1,0.5385164807134504,0
270,0.9362878200863554,0.02413082453156155,0.016764679305397902,0.008036241251648795,0.0005308755620460576,0.00021520122402255372,100.0,0.0,63.35,2.4550967394381837,1.05,0.21794494717703372,4.4,0.8602325267042626,0
271,0.9393566761937594,0.022578740732394444,0.016639614549389756,0.007508389062806426,0.0004938044368118795,0.00017446106604297856,100.0,0.0,64.4,3.4263683398023628,1.05,0.15,3.95,0.5894913061275798,0
272,0.9349242545359406,0.026948097804033257,0.016700638480581752,0.00626266203335108,0.0005688334968151122,0.0002928192018994121,100.0,0.0,63.8,3.558089374931439,1.075,0.23848480035423641,4.35,0.6538348415311012,0
273,0.9396629097065172,0.026298398039237628,0.016271082425331266,0.006482114015012969,0.0005161414532327521,0.0002798897237870416,100.0,0.0,64.4,2.5573423705088847,1.0,0.0,4.05,0.3840572873934304,0
274,0.9354381904217817,0.027868787299770065,0.017752953192854283,0.007182643837694667,0.0005460288145180968,0.0002993485348911224,100.0,0.0,63.15,2.4753787588973126,1.05,0.21794494717703372,4.4,0.9165151389911681,0
275,0.930977071468563,0.026629709774316147,0.018551153935493857,0.008073636449227567,0.0005775253309759269,0.0002551898127095273,100.0,0.0,62.25,2.680951323690902,1.075,0.23848480035423641,4.25,0.698212002188447,0
276,0.9335484638612084,0.023727638585301723,0.016565082796617718,0.007783118289339673,0.0005724199912215987,0.0002198834435517756,100.0,0.0,62.45,2.4591665254715873,1.1,0.2549509756796392,4.45,0.9205976319760986,0
277,0.9385168691765318,0.021460853247824856,0.01497946155224325,0.007485575161237078,0.0005339638987280133,0.00022405899585521295,100.0,0.0,64.1,3.0149626863362666,1.0,0.0,4.0,0.4472135954999579,0
278,0.9345854078667941,0.01975391150702376,0.015576959874846521,0.00836355962893962,0.0005685045710390281,0.00021442924791090643,100.0,0.0,64.75,3.533765696816924,1.05,0.21794494717703372,4.0,0.7071067811865476,0
279,0.9393107694247205,0.018458333896951912,0.014863052864192577,0.008271535779823145,0.000518546856728685,0.00022045027376261096,100.0,0.0,62.95,2.9406631905065224,1.125,0.3112474899497183,4.0,0.6324555320336759,0
280,0.9390843847278745,0.01988686764504486,0.01440010365145437,0.007614187217136251,0.0005371367516453558,0.00023190565900661246,100.0,0.0,63.65,2.7436289836637897,1.05,0.21794494717703372,4.15,0.6538348415311012,0
281,0.9402936860504992,0.019632413726480256,0.013947448837084672,0.008723124497415607,0.0005178789985782131,0.00021533498182908903,100.0,0.0,63.7,2.6476404589747453,1.05,0.21794494717703372,4.25,0.7664854858377946,0
282,0.9419131743074904,0.02125016390343552,0.014017573855918137,0.008718038438453387,0.0004982933476096886,0.0001801123771967852,100.0,0.0,63.35,3.1980462785894765,1.025,0.10897247358851683,4.25,0.698212002188447,0
283,0.9345040432936026,0.025634194870286342,0.014205388020798279,0.008488809468356319,0.0005887924058088606,0.0002499581329171059,100.0,0.0,62.4,2.7820855486487113,1.025,0.10897247358851683,4.15,0.3570714214271425,0
284,0.9380027810487176,0.022340897942517944,0.014218883157542796,0.008043213161580513,0.0005469031559216309,0.00022421544901835293,100.0,0.0,63.1,4.253234063627348,1.15,0.32015621187164245,4.05,0.6689544080129826,0
285,0.9386428266686655,0.021052255423244324,0.015354668264249086,0.007761099423307519,0.0005248957242612376,0.00020697915597389435,100.0,0.0,64.3,2.7766886753829643,1.05,0.21794494717703367,4.2,0.6782329983125268,0
286,0.9340410054919813,0.026137265298503385,0.014640931698724893,0.007701662442933568,0.0005988436155512322,0.0002982514611348418,100.0,0.0,62.6,2.764054992217051,1.125,0.3112474899497183,4.25,1.0428326807307104,0
287,0.9379448161683825,0.025312259439274815,0.013929764583920059,0.007177986592656843,0.0005699448112034545,0.0002556923798253828,100.0,0.0,62.4,3.583294573433783,1.1,0.2549509756796392,4.1,0.7681145747868608,0
288,0.9368128230005686,0.022304544780047324,0.013296163944297784,0.007286315871162203,0.000587040927849838,0.00020280447806364786,100.0,0.0,62.95,1.883480820183736,1.025,0.10897247358851683,4.0,0.7745966692414834,0
289,0.9384699642333437,0.021929498504977957,0.01393701295585568,0.006866769993898383,0.0005556255724561585,0.00020233905788149092,100.0,0.0,64.0,3.2093613071762426,1.125,0.3112474899497183,4.4,0.9695359714832658,0
290,0.9428307228578854,0.022906836535034576,0.013498314785007768,0.007566230914914714,0.000498472246444051,0.00022316770913217957,100.0,0.0,64.1,3.4770677301427417,1.1,0.3,4.0,0.6324555320336759,0
291,0.9429409162411808,0.02393658278088481,0.014218279256214411,0.007183186374810301,0.0004884373560623305,0.00021556822703039323,100.0,0.0,63.35,2.8857408061016145,1.0,0.0,4.2,0.7483314773547883,0
292,0.9415966145021029,0.02493745007566754,0.01469825734861068,0.007440367285731598,0.0005021428009573969,0.00021523392624621463,100.0,0.0,64.6,2.3748684174075834,1.05,0.2179449471770337,4.4,0.9165151389911679,0
293,0.9410696644340939,0.02624657585054665,0.01424863686107634,0.006782800758676427,0.000519459791359982,0.00024601899927560223,100.0,0.0,62.75,3.404041715373065,1.1,0.3,4.2,0.5099019513592784,0
294,0.9361819049360921,0.02801458741465689,0.013787034405002308,0.005019375767459454,0.0005998053317816495,0.0003037893895723902,100.0,0.0,63.95,2.4794152536434875,1.05,0.21794494717703372,3.9,0.5385164807134504,0
295,0.9342393875798644,0.02982528417993571,0.014022095566518292,0.006311731768925641,0.0006168019878621358,0.0003350485451884796,100.0,0.0,62.4,1.9078784028338913,1.1,0.3,4.45,0.9205976319760986,0
296,0.9346218866255741,0.028284801067825494,0.014961625378927063,0.0077991786365651005,0.00058821184174713,0.0003195498434993318,100.0,0.0,61.8,3.171750305430741,1.2,0.4,4.3,0.6403124237432849,0
297,0.935058617248267,0.021754266579833866,0.01459638556977449,0.008184422362217612,0.0005811922551346223,0.00024964804677716726,100.0,0.0,63.45,2.765411361804967,1.075,0.23848480035423641,4.3,0.8426149773176358,0
298,0.9328397483886517,0.01620871653051081,0.014544103668894692,0.008432652710422822,0.0006145411157042215,0.0001504519024294907,100.0,0.0,65.05,2.4591665254715873,1.025,0.10897247358851683,4.0,0.5477225575051661,0
299,0.9355905197657384,0.015079441061865108,0.014705410344426517,0.007279123672426911,0.0005735416500335885,0.00014189285087597706,100.0,0.0,63.95,3.1220986531498327,1.0,0.0,4.35,0.7262919523166976,0
300,0.9354445630117757,0.017292441034025836,0.016500164026220083,0.007086071508399949,0.0005427541293766673,0.0001271865769338118,100.0,0.0,64.05,2.011839953873071,1.0,0.0,4.2,0.6782329983125269,0
301,0.9368037593353951,0.02165332641783254,0.017422415487461193,0.009165591730425249,0.0004971062173163598,0.00013890384768103011,100.0,0.0,63.0,2.4698178070456938,1.0,0.0,4.15,0.7262919523166975,0
302,0.9384624336614167,0.02460730772497075,0.018059311705845824,0.009013936585653033,0.000459576680911394,0.00015552991277378544,100.0,0.0,62.55,2.0365411854416298,1.15,0.3570714214271425,4.6,1.019803902718557,0
303,0.9351070862575798,0.02185669564554918,0.018316998391144593,0.009715159022586137,0.0004846678933935379,0.00016143069470800158,100.0,0.0,62.05,4.06786184622831,1.175,0.36314597615834876,4.15,0.5722761571129799,0
304,0.9309630481728284,0.02616593801530399,0.019938785590892315,0.009459006297256559,0.0005128929918926117,0.00021565860173357155,100.0,0.0,65.0,3.082207001484488,1.0,0.0,4.0,0.9486832980505138,0
305,0.9277787374261243,0.02554925759820779,0.02059999394816176,0.009719497067299415,0.0005318433298613761,0.00020848127211670528,100.0,0.0,64.5,2.0371548787463363,1.05,0.21794494717703372,4.05,0.4974937185533099,0
306,0.9266429675430142,0.02630205666107621,0.020297093045226443,0.010461097483749423,0.0005448772066016476,0.00016472806534862267,100.0,0.0,64.4,2.6532998322843193,1.0,0.0,4.3,0.714142842854285,0
307,0.9266989851951918,0.025976778867980322,0.02098441120588803,0.010102121826504818,0.0005296852355947968,0.00017553248060140402,100.0,0.0,62.75,2.7363296585024255,1.05,0.2179449471770337,4.2,0.6,0
308,0.9249246584077607,0.026351234496882994,0.02200511186818414,0.009652542424920422,0.0005341319977381874,0.0002192352144474524,100.0,0.0,62.9,3.1606961258558215,1.025,0.10897247358851683,4.2,0.7483314773547883,0
309,0.9226663991558268,0.02772598759305427,0.023705176696228077,0.01005825541207058,0.0005184133762183463,0.00023806200546131305,100.0,0.0,62.3,2.882707061079915,1.05,0.21794494717703372,4.75,0.82915619758885,0
310,0.9168381550742012,0.027905981153164203,0.024285466370301233,0.010793765344915919,0.0005627811924303816,0.0002732677477473116,100.0,0.0,64.2,3.385262175962151,1.0,0.0,4.1,0.6244997998398398,0
311,0.9139046344007422,0.0263914276355657,0.02493138195060255,0.010836232457821143,0.0005910401495939019,0.0002385359456485932,100.0,0.0,64.45,2.15580611373101,1.0,0.0,4.1,0.6244997998398398,0
312,0.9126208563359464,0.030369799692284302,0.02616293626973435,0.010605895551686393,0.0005725913079775508,0.00025454915027771623,100.0,0.0,63.8,3.325657829663178,1.0,0.0,4.15,0.8529361054615991,0
313,0.9088113943784958,0.038067241592275265,0.0265409445376589,0.010383060983181987,0.0006259523590796895,0.0003517925933611155,100.0,0.0,63.7,2.5317977802344327,1.075,0.23848480035423641,4.35,0.7262919523166976,0
314,0.904983557930754,0.03400348177204751,0.029132762763787422,0.009734482316921533,0.0006028116222060332,0.00030645501101580444,100.0,0.0,63.15,3.9531632903283924,1.15,0.3570714214271425,4.2,0.812403840463596,0
315,0.9077210195506471,0.02842476362102011,0.029307037578725957,0.008619435031932556,0.0005498874079552186,0.0002455343707818459,100.0,0.0,63.15,2.286372673034735,1.075,0.23848480035423641,4.1,0.6244997998398398,0
316,0.9036629681661686,0.03019469599506949,0.02990049142142766,0.009787480652150913,0.0005690001879166803,0.00021819644582145195,100.0,0.0,63.55,2.8892040426387338,1.0,0.0,4.25,0.698212002188447,0
317,0.905714968465872,0.03057851568416932,0.029787905915797185,0.010146787255846237,0.0005404031804144775,0.00021973810792235866,100.0,0.0,63.1,2.9137604568666933,1.025,0.10897247358851683,4.4,0.9165151389911679,0
318,0.9013314090419596,0.03107274105522844,0.030036900001450144,0.010448685821075792,0.0005821251076074004,0.00023120842040084098,100.0,0.0,63.75,2.878801834096956,1.0,0.0,4.35,0.5722761571129799,0
319,0.8956505945224158,0.029210184441007963,0.030671065531034693,0.009751527700962003,0.0006401487467317462,0.00023325885466202566,100.0,0.0,63.15,2.5548972582082436,1.05,0.2179449471770337,4.3,0.6403124237432849,0
320,0.8979259488176053,0.02778707948735203,0.029818781166769052,0.008947760405711842,0.0006406957547393208,0.00023797990371804544,100.0,0.0,62.9,2.2781571499789037,1.025,0.10897247358851683,4.45,0.9733961166965891,0
321,0.8979821542335047,0.025066420684528974,0.029707984496712986,0.007867026421551716,0.0006487921090164974,0.000261007346345623,100.0,0.0,63.05,3.1220986531498327,1.125,0.3112474899497183,4.1,0.7,0
322,0.8901756783030708,0.025302465382864306,0.03193453108263483,0.008299907076155745,0.0006709123712841195,0.0001893856560897767,100.0,0.0,62.55,2.3973944189473704,1.05,0.21794494717703372,4.65,0.653834841531101,0
323,0.8861836520374341,0.025865950327230814,0.03228026381933406,0.009192492380673455,0.0006987385129367657,0.00017666120102766106,100.0,0.0,63.7,2.3895606290697042,1.075,0.23848480035423641,4.3,0.6403124237432849,0
324,0.8826925888098847,0.03158883919655587,0.033078556791234684,0.010153296714374255,0.0007124013000523605,0.0002535168993865983,100.0,0.0,63.65,2.286372673034735,1.1,0.2549509756796392,4.2,0.6782329983125268,0
325,0.8802488006729148,0.030707416013612633,0.03252965201038166,0.010056046495199599,0.0007702324047161133,0.0003367462468739655,100.0,0.0,63.15,2.372235232855292,1.05,0.21794494717703372,4.35,0.7921489758877431,0
326,0.8744872871939323,0.03056229027270244,0.0329009403444672,0.010099500210088767,0.0008272243283957561,0.00037685911254811395,100.0,0.0,63.5,2.958039891549808,1.1,0.3,4.0,0.6324555320336759,0
327,0.8781760612084522,0.029201429069726795,0.032879908963829536,0.010359190404490334,0.0007670912844132753,0.00035478118431487833,100.0,0.0,63.55,2.836811590500857,1.0,0.0,4.0,0.7071067811865476,0
328,0.875501698900635,0.0272226128706027,0.034164543360677264,0.009642361306312892,0.0007607631025688111,0.0003204149427963018,100.0,0.0,62.95,2.67348087705897,1.075,0.23848480035423641,4.1,0.5385164807134504,0
329,0.8722365505758367,0.024210780555054327,0.03451296540769867,0.009866559011982507,0.0008001389802825105,0.00035311599951346937,100.0,0.0,63.65,4.2340878592679205,1.15,0.3570714214271425,4.25,0.6224949798994366,0
330,0.870137873798976,0.02791712891806233,0.03560749699939132,0.009509133304074916,0.0007978023972697093,0.0003487311123350123,100.0,0.0,63.9,2.947880594596735,1.025,0.10897247358851683,4.35,0.8529361054615991,0
331,0.8749728185316792,0.027982020670075613,0.03486047289229105,0.010521154949034715,0.000755448100994138,0.0002729423887168153,100.0,0.0,63.45,2.801338965566288,1.1,0.3,4.35,0.5722761571129799,0
332,0.8698334983165094,0.02971124030727035,0.03618574604983403,0.011085920227365863,0.0007790153935789208,0.00028094870173959514,100.0,0.0,62.8,2.6191601707417593,1.025,0.10897247358851683,4.3,0.6403124237432849,0
333,0.8686731466397483,0.030963206324647295,0.035269262039784297,0.012036797759165496,0.0008126842650022909,0.000258140819707264,100.0,0.0,63.7,2.7946377224964243,1.075,0.23848480035423641,4.3,0.8426149773176358,0
334,0.8795700464327239,0.03083089534346332,0.032725625113772944,0.01263854871450674,0.0007408305427710801,0.00029280608534336925,100.0,0.0,64.1,3.6041642581880198,1.0,0.0,4.4,1.0198039027185568,0
335,0.8768104460709296,0.03689451064644944,0.03327647505349605,0.013525112155038195,0.0007519442438110021,0.0003758620105315827,100.0,0.0,62.9,3.7403208418530087,1.175,0.36314597615834876,4.3,0.45825756949558405,0
336,0.8771813130520719,0.04007408644078147,0.03407390406362375,0.01391237217504649,0.0007130709029557643,0.0003634922042099581,100.0,0.0,63.95,3.7212229172679243,1.175,0.36314597615834876,4.45,0.6689544080129827,0
337,0.8749133954925862,0.03538102346285541,0.0349266416600262,0.012797109890120681,0.0007242425983700175,0.0003314228622094479,100.0,0.0,64.6,2.9051678092667896,1.025,0.10897247358851683,4.15,0.6538348415311009,0
338,0.8793468176409333,0.04097166099551989,0.03412135546436637,0.01337460520589561,0.0006946447775265311,0.00028255398109815064,100.0,0.0,63.5,2.5199206336708304,1.0,0.0,4.2,0.6,0
339,0.8802106720563423,0.038245995883036066,0.03326324094831736,0.01337344824149511,0.0007032206115949754,0.0002901678973860964,100.0,0.0,64.15,2.688401011754013,1.025,0.10897247358851683,4.1,0.6244997998398398,0
340,0.8741184289376311,0.040316657752931646,0.03427442815427929,0.013555780704553084,0.0007437690634956424,0.00032553678807550136,100.0,0.0,62.75,2.8262165522125158,1.05,0.21794494717703372,4.05,0.6689544080129826,0
341,0.8672635358329599,0.04517357741967837,0.03598319506220511,0.01483674703843406,0.0007520018382768917,0.0003203530676679704,100.0,0.0,63.35,3.365635155509284,1.125,0.3112474899497183,4.25,0.7664854858377946,0
342,0.8706508041045998,0.045484296926273024,0.034587711184586645,0.015106382362087967,0.0007553707647738164,0.0003115428427851214,100.0,0.0,62.25,3.6314597615834874,1.1,0.3,4.25,0.7664854858377946,0
343,0.868875869174175,0.04681545903471809,0.03463073999805846,0.015499798108476544,0.0007775545831563376,0.00039885105002548786,100.0,0.0,63.95,2.5782746168707478,1.025,0.10897247358851683,4.05,0.8645808232895291,0
344,0.8693660059603078,0.04757866680125483,0.03553645462819707,0.015449546780423255,0.0007313957484750931,0.00034819460155667586,100.0,0.0,62.4,2.4166091947189146,1.0,0.0,4.3,0.45825756949558405,0
345,0.8731563760041141,0.04796403297292847,0.03498357912776765,0.015613881225380662,0.000707001208677483,0.0003427520103251768,100.0,0.0,63.15,3.48245602987317,1.1,0.3,4.4,0.8602325267042626,0
346,0.8707349593989722,0.052706608480668035,0.03609045031959434,0.015162184686896504,0.0007034125071688951,0.0003431863536856175,100.0,0.0,63.8,3.4727510708370675,1.15,0.3570714214271425,3.85,0.5722761571129799,0
347,0.8756527694911582,0.05056117847603751,0.034714773412734996,0.015099462452786507,0.0006870197530866192,0.00029675337509128016,100.0,0.0,64.1,3.064310689208912,1.0,0.0,4.3,0.7810249675906654,0
348,0.8717779314141877,0.05139282944573312,0.035430199283976,0.015323225569904201,0.0007118198224007955,0.0002687234058267925,100.0,0.0,63.65,2.43464576478797,1.05,0.21794494717703372,4.05,0.5894913061275798,0
349,0.8708451006997698,0.05282992426034129,0.03514451066212917,0.01513732941677001,0.000730773230835682,0.0003192264433931952,100.0,0.0,63.55,2.940663190506523,1.0,0.0,4.3,1.0049875621120892,0
350,0.8659744363958655,0.055677615593594146,0.03658931870398296,0.015500848189826595,0.000743872062981529,0.0002848111030478347,100.0,0.0,62.9,2.5278449319529077,1.05,0.21794494717703372,4.45,0.9205976319760986,0
351,0.8715980488006538,0.057729895580310615,0.03654311977316897,0.014383982535920773,0.0006908806082465232,0.0003439882787161354,100.0,0.0,63.1,1.9723082923316022,1.05,0.21794494717703372,4.2,0.8124038404635961,0
352,0.8717252213937725,0.05694311724764661,0.03589325270700967,0.013374850215247518,0.0007287465039074959,0.00040097531982693265,100.0,0.0,63.8,3.171750305430741,1.075,0.23848480035423641,4.55,0.6689544080129827,0
353,0.8724605271143467,0.060929226151283794,0.036619097977214764,0.014609748884256315,0.0006732021572141535,0.00045267715588008967,100.0,0.0,63.9,3.047950130825634,1.025,0.10897247358851683,4.15,0.7262919523166975,0
354,0.8703570208722968,0.05201236774270018,0.03626071584980736,0.013657668689644352,0.0007269571853514699,0.00046657587711977145,100.0,0.0,63.0,2.9832867780352594,1.1,0.3,4.2,0.8124038404635961,0
355,0.8680070275354744,0.055874541573244355,0.03661725677931349,0.01351765690908279,0.0007441814136145055,0.00043247556587786896,100.0,0.0,63.1,2.930870177950569,1.05,0.21794494717703372,4.5,0.8660254037844386,0
356,0.8700949757391682,0.05164024249207332,0.03516814865984558,0.013338134819880857,0.0007792385842434325,0.0004980709390799998,100.0,0.0,63.35,2.903015673398957,1.05,0.21794494717703372,4.35,0.653834841531101,0
357,0.8635781822639854,0.047397353696351126,0.03600145527846861,0.01458943799754191,0.000801765466713938,0.00042537183650604625,100.0,0.0,63.1,2.3430749027719964,1.05,0.21794494717703372,4.3,0.5567764362830021,0
358,0.8634728777239925,0.04957471075391834,0.03649693556450856,0.015192343192467952,0.0007743410814855666,0.0004311975731643056,100.0,0.0,63.45,2.836811590500857,1.1,0.3,4.15,0.47696960070847283,0
359,0.8622021176279983,0.04763534478999787,0.037947068583908235,0.014620879723428896,0.0007451203281199378,0.0003991272700235514,100.0,0.0,62.95,2.3973944189473704,1.05,0.21794494717703372,4.1,0.6244997998398398,0
360,0.8597312862468588,0.04903672958783786,0.03795929124030375,0.014693161207674539,0.0007965964700037846,0.00043619774092515504,100.0,0.0,64.2,2.0639767440550294,1.05,0.21794494717703372,4.0,0.6324555320336759,0
361,0.8598291439119319,0.04683955763724949,0.03905160496188586,0.014672945449906195,0.0007283349525473251,0.00027521153486088814,100.0,0.0,63.7,3.716180835212409,1.15,0.3570714214271425,4.05,0.804673846971554,0
362,0.8621118754387037,0.04542672295589921,0.03876952074028144,0.014047309048514155,0.0007194741945052842,0.00025586835669030026,100.0,0.0,62.5,2.247220505424423,1.025,0.10897247358851683,4.2,0.6,0
363,0.8584497170555807,0.04503906420655135,0.03973237924859192,0.0141977317174363,0.0007231570019888902,0.0002328936824727727,100.0,0.0,62.3,3.7696153649941526,1.15,0.3570714214271425,4.05,0.5894913061275798,0
364,0.8611868448175309,0.043610445257487536,0.03824076664713471,0.01339744082584527,0.0007576835201167244,0.000266355374090903,100.0,0.0,64.7,3.132091952673165,1.0,0.0,4.15,0.6538348415311012,0
365,0.8555971712240714,0.04316268675535831,0.039590750833601265,0.013671214580502978,0.0007719905058353141,0.00023004636314026474,100.0,0.0,63.45,2.9912372022292053,1.05,0.21794494717703372,4.45,0.8645808232895291,0
366,0.854006610049192,0.04265551378624442,0.03973692499097168,0.012224287750989273,0.0008119217254208257,0.00027780402283313733,100.0,0.0,62.75,2.878801834096956,1.1,0.3,4.05,0.739932429347437,0
367,0.8548477297651408,0.04497889399039195,0.04061375634220689,0.013332094116094343,0.0007622020829547596,0.0002533347236447188,100.0,0.0,63.75,3.2384409829422554,1.075,0.23848480035423641,4.1,0.7000000000000001,0
368,0.8598533371388578,0.04250633031711743,0.04040839393773403,0.012022521357240312,0.0007273495321145794,0.00022728354129813386,100.0,0.0,63.45,3.6670833096617805,1.075,0.23848480035423641,4.2,0.7483314773547883,0
369,0.8639206540502327,0.044424273341169884,0.03996023767954858,0.013772009030846284,0.0006633571460839161,0.00019776568389440964,100.0,0.0,63.45,3.2011716605018234,1.05,0.2179449471770337,4.05,0.49749371855331004,0
370,0.8645505762162318,0.04904128325496155,0.03998936184024167,0.014289422757847187,0.0006651512254770693,0.0002450981928613121,100.0,0.0,64.1,2.844292530665578,1.05,0.15,4.25,0.698212002188447,0
371,0.8557285087183475,0.051524963364876566,0.04073280549809406,0.01565025669297538,0.0007290889055946326,0.0002630657922164936,100.0,0.0,63.85,3.1666228067138023,1.0,0.0,4.15,0.6538348415311009,0
372,0.8571673753737805,0.050608119494898164,0.04048393467601035,0.01456959701881251,0.0007198332444310175,0.00024584270267671344,100.0,0.0,63.75,1.8131464364468746,1.05,0.21794494717703372,3.95,0.5894913061275798,0
373,0.8562779740673789,0.05429416318749134,0.041392341013176834,0.014863353482913103,0.0006866439219373118,0.00030566340927806225,100.0,0.0,63.25,2.5273503912200224,1.05,0.21794494717703372,4.15,0.653834841531101,0
374,0.8551584658040638,0.05776087360633915,0.04212802155592914,0.014831855747694318,0.0006661435010414391,0.0003098244690069824,100.0,0.0,64.4,3.307567081708245,1.05,0.21794494717703372,4.0,0.5477225575051661,0
375,0.8548793562679837,0.0550441554546931,0.04308373712206896,0.01339828561981226,0.0006338917692595446,0.0002775918578043551,100.0,0.0,64.85,3.5252659474144643,1.075,0.23848480035423641,4.35,1.1947803145348521,0
376,0.8512827204653091,0.05685658138785655,0.0434146908803741,0.01380241237855661,0.000651495700740455,0.00026219261330490297,100.0,0.0,63.8,3.2186953878862163,1.05,0.21794494717703372,4.15,0.7921489758877431,0
377,0.84427350873519,0.057769426646331994,0.0452229881351446,0.01231254687505745,0.000697883665186816,0.00028382498331133466,100.0,0.0,62.75,3.2384409829422554,1.025,0.10897247358851683,4.3,0.7810249675906654,0
378,0.8429298438619671,0.058577974547313776,0.04480732044915547,0.01242834973672316,0.0007305879103351165,0.000324008557748545,100.0,0.0,64.05,3.667083309661781,1.05,0.21794494717703372,4.15,0.7262919523166975,0
379,0.837651497268611,0.05930333652184846,0.046992697980384295,0.011841880720371761,0.0006983608694217356,0.0003090150296826077,100.0,0.0,63.95,3.3834154341434335,1.075,0.23848480035423641,4.3,0.8426149773176358,0
380,0.8341721471760086,0.0532724329147822,0.0473061336538664,0.009750890522807192,0.0007621519335892757,0.00032140699923075965,100.0,0.0,63.05,2.8543825952384165,1.0,0.0,4.2,0.7483314773547882,0
381,0.8390450252850534,0.05484075587292183,0.04697164998376607,0.010415516966327087,0.0007131416461327613,0.00029559500166729164,100.0,0.0,63.4,2.6720778431774774,1.15,0.3570714214271425,4.2,0.812403840463596,0
382,0.8384142468567672,0.05437175815298204,0.046917100740517505,0.010809170251936924,0.0007151516420241876,0.0003521121411197862,100.0,0.0,62.85,2.8155816450602176,1.075,0.23848480035423641,4.25,0.82915619758885,0
383,0.8381930720645254,0.051468706372572455,0.047951490202149824,0.010212490298518447,0.0006744086692650758,0.0003089247158843735,100.0,0.0,62.0,2.792848008753788,1.05,0.21794494717703372,4.25,0.7664854858377946,0
384,0.8367920139929934,0.048060708996377134,0.04835783513724269,0.009843312411224719,0.0006701504776618177,0.0003165701223831831,100.0,0.0,62.3,2.968164415931166,1.1,0.3,4.5,0.7416198487095663,0
385,0.8360893513415901,0.04401025121149986,0.04874893181303176,0.0107759669777978,0.000640427694230514,0.0002783486396919114,100.0,0.0,64.1,3.491418050019218,1.15,0.3570714214271425,3.9,0.7681145747868608,0
386,0.8315652459959286,0.04324200281752114,0.04931488853199739,0.01100564151953559,0.0006684666228307692,0.00028763456110379693,100.0,0.0,63.25,3.222964473896664,1.1,0.3,4.25,0.82915619758885,0
387,0.8262716272558617,0.04690837714667121,0.05121068554446732,0.012686602172467133,0.0006155734221785624,0.00019112194205653309,100.0,0.0,63.95,2.4387496796514396,1.0,0.0,4.15,0.7262919523166976,0
388,0.8209041576110632,0.04294174349225517,0.05202237870153163,0.010450873445038375,0.0006570707692018931,0.0001697202791576677,100.0,0.0,63.5,2.80178514522438,1.05,0.21794494717703367,4.25,0.82915619758885,0
389,0.8208490872420559,0.044015070119752475,0.052152507263115225,0.010694767183809989,0.0006484539683374863,0.00022613090043293574,100.0,0.0,63.75,2.7726341266023544,1.1,0.2549509756796392,4.35,0.5722761571129799,0
390,0.8150323105616677,0.041831195207899616,0.053414578101761256,0.010293495485099854,0.0006564363613378062,0.00025034596785280015,100.0,0.0,63.45,2.81913107180209,1.05,0.2179449471770337,4.1,0.6244997998398398,0
391,0.8159448577289627,0.04553099879609298,0.052895279434974504,0.009340861077476524,0.000686933184287405,0.0003479716559484648,100.0,0.0,63.3,3.0512292604784714,1.0,0.0,4.35,0.6538348415311012,0
392,0.8053630746275923,0.04851940736769678,0.05463708637464624,0.009828515191272223,0.000764511687502558,0.00037132429547885967,100.0,0.0,63.8,2.9933259094191524,1.1,0.3,4.1,1.1789826122551597,0
393,0.8011599255947328,0.05368767879579981,0.05517652963296954,0.009997427028178544,0.0007775537617585668,0.0004684378525957676,100.0,0.0,63.8,2.5999999999999996,1.05,0.21794494717703372,4.9,1.1789826122551597,0
394,0.8009377313015227,0.052046826724819334,0.05446123141292773,0.011751324348656457,0.0007950530829047283,0.0004186182202519423,100.0,0.0,63.05,3.761316258971054,1.05,0.15,4.15,0.7262919523166976,0
395,0.7978995133262912,0.05418432283693445,0.05478269927081124,0.01471258658193903,0.0007812508064545004,0.00039665830770694335,100.0,0.0,62.85,2.5937424698685874,1.125,0.3112474899497183,4.15,0.5722761571129799,0
396,0.7991518043898982,0.05700071371327725,0.05400172084899518,0.016153611247488035,0.0007754203703434409,0.0003983435822520106,100.0,0.0,63.4,3.246536616149586,1.125,0.3112474899497183,4.35,0.6538348415311012,0
397,0.8004833810365026,0.05449251732349936,0.05433800265222925,0.015468743706564455,0.0007609444507301481,0.00038201254149317516,100.0,0.0,62.9,3.047950130825634,1.05,0.21794494717703372,4.65,0.7921489758877431,0
398,0.7956918235981589,0.059069926906372944,0.05449187601033138,0.01581244557692787,0.0008224564074858776,0.0003802460129963216,100.0,0.0,63.35,2.4550967394381837,1.05,0.21794494717703367,4.05,0.5894913061275798,0
399,0.7996966379963356,0.05801268158465998,0.05361283304127158,0.01535734267133201,0.000818099758356682,0.0003974862748062874,100.0,0.0,62.85,2.4550967394381833,1.05,0.2179449471770337,4.4,0.8,0
400,0.8028412464815308,0.05604369884730184,0.05230161090177641,0.014208962790342849,0.0008648900166998499,0.00034269122767514995,100.0,0.0,62.55,3.0736785778607367,1.05,0.21794494717703372,4.2,0.5099019513592784,0
401,0.8057846318994903,0.05057685207700568,0.05107704517317464,0.013362508026915033,0.0009081932124322369,0.0003792665390835101,100.0,0.0,63.85,2.414021540914662,1.1,0.3,3.95,0.804673846971554,0
402,0.8088365163097355,0.0518672900823772,0.04961368302289324,0.013622176577073528,0.000950389692986213,0.0003971548850178012,100.0,0.0,63.75,3.5899164335677787,1.1,0.3,4.15,0.9630680142129111,0
403,0.814332341320387,0.05491089690888652,0.049263092809042404,0.013993981627684506,0.0008804943001259182,0.0003010117369844687,100.0,0.0,62.85,2.5352514668174435,1.1,0.3,4.15,0.4769696007084728,0
404,0.8139081125716103,0.058347456255616395,0.049854882067348706,0.01442887423288873,0.0008525214110742549,0.0002891224182086272,100.0,0.0,63.65,2.6884010117540127,1.05,0.21794494717703372,4.2,0.6,0
405,0.8152805454608341,0.060803669932378394,0.05023667114867018,0.014279332274416632,0.0008114631760856872,0.00024259251536040558,100.0,0.0,63.4,2.8000000000000003,1.05,0.21794494717703372,4.15,0.7262919523166975,0
406,0.8090379300415984,0.05939201225785616,0.05106995006409807,0.013520268251751014,0.0008717871421773249,0.00032542785634079747,100.0,0.0,62.65,4.162631379308046,1.15,0.32015621187164245,4.1,0.8888194417315588,0
407,0.815197369067968,0.0585774365007739,0.049721272400987296,0.013659507154583018,0.00085005207558001,0.00034744989915969847,100.0,0.0,63.95,2.8892040426387333,1.0,0.0,4.35,0.7262919523166976,0
408,0.8226408392604639,0.06416010581468853,0.04918324654564353,0.014547088294106034,0.0007703184731288429,0.00029960446985886874,100.0,0.0,63.05,3.0736785778607367,1.15,0.3570714214271425,4.25,0.4330127018922193,0
409,0.8223500024164891,0.06674314058671259,0.05070625883737395,0.015064024994329498,0.0006899560126355537,0.00030764011482456064,100.0,0.0,63.25,3.031088913245535,1.075,0.23848480035423641,4.3,0.45825756949558405,0
410,0.8166388031755583,0.06727072754870703,0.05159210544385795,0.015534601731222971,0.0007338025679517292,0.0002637404072952867,100.0,0.0,64.15,2.7798381247835278,1.0,0.0,4.25,0.9420721840708386,0
411,0.8124934537320131,0.07322505263505383,0.05224504354870459,0.017783578506206765,0.0007225616321227823,0.0003048218312639588,100.0,0.0,62.55,2.7290108097990378,1.15,0.3570714214271425,4.15,0.7262919523166975,0
412,0.8113076749762007,0.07208598579274343,0.053002292732741096,0.017526686350659175,0.0006892033824624199,0.0003118500002157403,100.0,0.0,62.95,3.0244834269673224,1.075,0.23848480035423641,4.2,0.8717797887081348,0
413,0.814305463678922,0.06754082235468015,0.0520900583943665,0.018048632458275284,0.0006778052628142915,0.00032150973138598383,100.0,0.0,64.65,2.903015673398957,1.0,0.0,4.3,0.5567764362830021,0
414,0.8146106240827444,0.06637665273698484,0.05330192478969722,0.017145004843529005,0.0006147005087247868,0.00031608810094224156,100.0,0.0,63.75,2.5074887836239665,1.0,0.0,4.35,0.7262919523166975,0
415,0.8155642989616938,0.05979143922918819,0.05403695891140744,0.01573679296076837,0.0005826683721968033,0.0002783106604460436,100.0,0.0,63.85,2.286372673034735,1.05,0.21794494717703367,4.2,0.5099019513592784,0
416,0.8190326773146811,0.059384027484642325,0.0540689732697496,0.01582167761054994,0.0005280518313790525,0.0002213120225323627,100.0,0.0,63.05,3.169779172119093,1.075,0.23848480035423641,4.25,0.698212002188447,0
417,0.8125817455795108,0.06308079518401269,0.055801882606339434,0.016196134103401698,0.000503827855367425,0.00020183948692262406,100.0,0.0,65.4,2.672077843177477,1.0,0.0,4.25,0.698212002188447,0
418,0.8066976712068886,0.06389102653968924,0.05676667621094861,0.015481670014223596,0.0005377747397585094,0.00027076560625707066,100.0,0.0,62.55,3.5843409436045564,1.05,0.21794494717703372,4.3,0.8426149773176358,0
419,0.7991724517129699,0.06175665444803287,0.057343839085843264,0.014910850078085972,0.0006168935291564206,0.0003253175029903994,100.0,0.0,61.8,3.043024810940588,1.2,0.4,3.95,0.5894913061275798,0
420,0.7919426142486484,0.06747358461182652,0.057873587856222576,0.016335119154255145,0.0006733001649676957,0.00038344149060462717,100.0,0.0,64.25,2.624404694402142,1.05,0.21794494717703372,4.05,0.6689544080129826,0
421,0.7869723612353806,0.0701358003373369,0.05946790390783543,0.016841906096332945,0.0006349926680961387,0.00036015067785010314,100.0,0.0,63.75,2.299456457513384,1.0,0.0,4.25,0.5361902647381804,0
422,0.7860487897580141,0.0765832135087215,0.05851600920983426,0.017938088852785885,0.0006833064435233367,0.00033892350755900387,100.0,0.0,63.9,3.7403208418530087,1.125,0.3112474899497183,3.95,0.4974937185533099,0
423,0.7816804702360935,0.07842267418944857,0.05994830527457491,0.017580218018165665,0.0006570460477226846,0.0002817894226941462,100.0,0.0,62.6,4.1521078984053394,1.2,0.4,4.15,0.9096702699330127,0
424,0.771397946999383,0.07924199076834415,0.061640159554691265,0.0178897347884872,0.000699742557843434,0.00029821170321797506,100.0,0.0,63.9,2.5670995305986875,1.025,0.10897247358851683,4.1,0.43588989435406733,0
425,0.7715027266103465,0.08357249709578418,0.06157015907346512,0.017847763104972332,0.0007039313014004372,0.00029130916257093324,100.0,0.0,62.5,3.0413812651491097,1.1,0.3,4.65,0.9096702699330126,0
426,0.7616560565635611,0.08306292786682418,0.06316026786434872,0.01695567112881192,0.0007720170839517043,0.0003487581120714398,100.0,0.0,63.0,2.569046515733026,1.05,0.15,4.1,0.7,0
427,0.7620633472207652,0.08710482363293359,0.06292677978116487,0.017807148591916133,0.0007874386949444241,0.00038373329768261107,100.0,0.0,63.95,3.528101472463625,1.05,0.21794494717703372,4.25,0.5361902647381804,0
428,0.7657560843877695,0.08378757874210502,0.060953818411985786,0.016975054156500073,0.000861884216122631,0.00044093556934925415,100.0,0.0,63.6,3.023243291566195,1.05,0.21794494717703372,4.3,0.6403124237432849,0
429,0.7723521104583007,0.08112280031147949,0.059496341325144496,0.016712930367982614,0.0008581591725696852,0.00044581589809111554,100.0,0.0,62.45,2.836811590500857,1.15,0.3570714214271425,4.2,0.6782329983125269,0
430,0.7713336141199044,0.07977101575030326,0.05996916374965024,0.015491775115225797,0.0008658775772884917,0.00046066192261387046,100.0,0.0,63.55,2.132486811213612,1.1,0.2549509756796392,4.2,0.6782329983125268,0
431,0.7723098553774581,0.08012672387401241,0.05934011500581062,0.015863830353510952,0.0008828123190600352,0.0005100642744054884,100.0,0.0,62.55,3.169779172119093,1.125,0.3112474899497183,4.1,0.5385164807134504,0
432,0.7658615784533904,0.08596765521738502,0.061023063398174884,0.018803033664176932,0.0008339951882211759,0.0004387310865966779,100.0,0.0,63.95,2.4994999499899975,1.05,0.21794494717703372,4.05,0.6689544080129826,0
433,0.7641334266949881,0.08674391761680873,0.060776147983380616,0.019312975764777616,0.0008567771715827349,0.0003905881756138716,100.0,0.0,63.4,3.6660605559646724,1.1,0.3,4.25,0.5361902647381804,0
434,0.7586405824850646,0.08465251662707562,0.06091386638739473,0.01746727148643825,0.0009464933313042074,0.0005599848944272166,100.0,0.0,63.2,3.3105890714493693,1.075,0.23848480035423641,4.15,0.6538348415311012,0
435,0.7592673950665405,0.08547795026220535,0.0608158300395731,0.01733656139021808,0.000951871367374781,0.0005353236370447915,100.0,0.0,64.0,3.40587727318528,1.05,0.21794494717703372,4.15,0.6538348415311012,0
436,0.7488435111818541,0.08722191564313946,0.06384203416773328,0.018215580823268854,0.0008999279184290195,0.0004469365508496553,100.0,0.0,64.65,2.2863726730347356,1.05,0.21794494717703372,4.2,0.39999999999999997,0
437,0.738453150051509,0.09103061673722393,0.06502648074440898,0.02020358752288079,0.0009412118856890831,0.0004219009943760154,100.0,0.0,62.75,3.1444395367060247,1.05,0.21794494717703372,4.3,0.7810249675906654,0
438,0.7399197472250485,0.09324749698910527,0.06531740120062375,0.0201800282293192,0.0008998137393542244,0.000467888025974641,100.0,0.0,63.1,2.826658805020514,1.0,0.0,4.55,0.6689544080129827,0
439,0.7396432147364636,0.09542603201729295,0.0656686518756984,0.020883388222497322,0.0008702200148705201,0.0003873842718608128,100.0,0.0,63.85,2.868361901852694,1.025,0.10897247358851683,4.25,0.5361902647381804,0
440,0.7447449643077965,0.09174299002940862,0.06505132478156367,0.020719542508634968,0.000853145023584282,0.00033426342197970585,100.0,0.0,63.2,2.712931993250107,1.1,0.3,4.05,0.804673846971554,0
441,0.7480403086708167,0.08911036028148157,0.06444769388752829,0.019459191829650523,0.0008852506222155907,0.0003236540922731703,100.0,0.0,63.25,2.1880356487041066,1.025,0.10897247358851683,4.55,0.6689544080129827,0
442,0.7551001426186736,0.08317325638971533,0.06394621981325492,0.017563044936113603,0.0008635779074107738,0.00031132708675604465,100.0,0.0,62.85,3.365635155509284,1.1,0.3,4.15,0.47696960070847283,0
443,0.7677008799112236,0.08085638076702177,0.06231207397910393,0.01743288631068052,0.0007672638894408216,0.0003124793779232228,100.0,0.0,62.15,3.335790760824186,1.1,0.25495097567963926,4.5,1.118033988749895,0
444,0.7651513061670536,0.07953660053714075,0.06297573572048225,0.017241561812608427,0.0007625846414266538,0.0003290713435809357,100.0,0.0,65.35,2.903015673398957,1.0,0.0,4.05,0.6689544080129826,0
445,0.7708983552734388,0.08007557465050093,0.06148175824592703,0.017486618340310137,0.0007916220707764402,0.00042531258204383014,100.0,0.0,62.85,3.5815499438092444,1.05,0.15,4.3,0.8426149773176358,0
446,0.772525084482889,0.08007061720429937,0.06151202181473551,0.017852393433191782,0.0007471344603674763,0.0004143541401854453,100.0,0.0,62.95,2.9406631905065224,1.025,0.10897247358851683,4.3,0.5567764362830021,0
447,0.7787201285132278,0.07617639744423353,0.059933727854896535,0.018447038363984234,0.0007478912957289912,0.0003681872278020601,100.0,0.0,61.85,3.1348843678834477,1.125,0.3112474899497183,3.85,0.3570714214271425,0
448,0.7817346191477779,0.07841064044425375,0.05918097384208508,0.019150952528414155,0.0007174355669055919,0.0003642717101663852,100.0,0.0,64.05,3.3537292675468007,1.0,0.0,4.2,0.812403840463596,0
449,0.7675025032148495,0.07985729729264694,0.06144054816648452,0.019266606158483326,0.0007712699675733938,0.00034406314277712555,100.0,0.0,62.85,2.8508770580296865,1.1,0.3,4.25,0.82915619758885,0
450,0.7638588646202131,0.0862643766784734,0.06172012486531388,0.020955394071247135,0.0007598911688228769,0.0003743820346887955,100.0,0.0,63.65,2.937260628544903,1.05,0.21794494717703372,4.2,0.812403840463596,0
451,0.7590867337722538,0.09196278254898123,0.06297005822476551,0.02216357315487013,0.000742953885597149,0.0003879506105190635,100.0,0.0,62.55,2.923610781208744,1.025,0.10897247358851683,4.35,0.8529361054615991,0
452,0.7541867553342649,0.08924294072856244,0.06432419432883091,0.02151491727437452,0.0007301074620608987,0.000382756431699821,100.0,0.0,62.65,3.08666486681013,1.05,0.21794494717703372,4.35,0.9630680142129111,0
453,0.7517922440162637,0.0942465044394802,0.06461135358836113,0.022066950409882925,0.0007438468178150109,0.0003931498190602343,100.0,0.0,64.05,3.201171660501823,1.05,0.21794494717703372,4.1,0.7000000000000001,0
454,0.7568587355447862,0.09564643162304692,0.06334435753533103,0.02151948178696283,0.0007788847708920419,0.00038931001502064485,100.0,0.0,63.55,2.97447474354717,1.0,0.0,3.95,0.5894913061275798,0
455,0.7512499207676706,0.0927420287049956,0.06412306112900948,0.02010537404106124,0.0008419170635281543,0.0004223137019091828,100.0,0.0,62.8,3.501428280002319,1.05,0.21794494717703372,4.4,0.9165151389911681,0
456,0.7536098432255074,0.09295739392907713,0.06297122083172128,0.02092935826306496,0.0008830496177926565,0.00044281111839298816,100.0,0.0,62.55,2.7106272336859605,1.0,0.0,4.15,0.47696960070847283,0
457,0.751076698530941,0.09612186254615668,0.06487595643177081,0.019909063715868307,0.0008561239309436622,0.00040819496092478236,100.0,0.0,63.65,4.138538389335056,1.025,0.10897247358851683,4.35,0.7262919523166975,0
458,0.7597344845326852,0.09336392163811272,0.062463598229325824,0.019375051540687756,0.0008974982954443168,0.0005094162963148874,100.0,0.0,62.65,3.118894034750139,1.05,0.21794494717703372,4.7,0.9539392014169458,0
459,0.7705825832445637,0.08035666713373446,0.06037730125311073,0.01689077686230703,0.0009106112509017935,0.0006033953141128298,100.0,0.0,64.65,2.5743931323712004,1.0,0.0,4.25,0.82915619758885,0
460,0.7841432490722894,0.08270291870833836,0.05739018651056786,0.01926690409341993,0.0008304516328575147,0.0004447830986982096,100.0,0.0,63.65,3.380458548777074,1.025,0.10897247358851683,4.2,0.7483314773547883,0
461,0.7886579815997679,0.08259683311115765,0.05751894656732955,0.018905042227474307,0.0007562741748620422,0.00039404924173723087,100.0,0.0,63.75,2.48746859276655,1.025,0.10897247358851683,4.2,0.7483314773547883,0
462,0.7926907678910595,0.08256497416013016,0.05667926721987117,0.017517981347282784,0.0007600806600130345,0.00039603779369408107,100.0,0.0,64.15,3.380458548777074,1.1,0.3,4.05,0.6689544080129826,0
463,0.7927599805763186,0.08327748370267817,0.056831287899490435,0.018957231672531414,0.00070941070254205,0.00028265924422289244,100.0,0.0,63.45,2.9064583258667245,1.1,0.3,4.05,0.6689544080129826,0
464,0.7963693462225628,0.08450514358426928,0.05665532118895535,0.018651894348896955,0.0006804899976165082,0.00026995703330212086,100.0,0.0,65.25,3.222964473896664,1.05,0.21794494717703372,3.95,0.49749371855331004,0
465,0.7972566695479104,0.08585579142152545,0.05661988090179095,0.019332014679207223,0.0006604663853684417,0.0002709469256983806,100.0,0.0,65.2,2.976575213227443,1.0,0.0,4.0,1.0488088481701516,0
466,0.7858278242503559,0.08403145816297194,0.05899594603952607,0.01917905405508439,0.0006654115362894336,0.00037104980650726167,100.0,0.0,64.05,3.1220986531498327,1.075,0.23848480035423641,4.1,0.7000000000000001,0
467,0.7841948462411809,0.0851755390190291,0.05909521996692446,0.020622618723895685,0.0006362777445840346,0.0003184049000379305,100.0,0.0,63.15,3.8114957693797855,1.15,0.3570714214271425,4.15,0.7921489758877431,0
468,0.7845588520850384,0.08280454534419869,0.05833244009092834,0.020052936912042102,0.0006815564436390228,0.00026822173796486133,100.0,0.0,64.95,3.040970239906994,1.025,0.10897247358851683,4.0,0.5477225575051661,0
469,0.772454819277924,0.08726304434326368,0.060245136381397967,0.021255096902750625,0.000732515200949872,0.0002766951334984272,100.0,0.0,63.35,2.6509432283623124,1.05,0.2179449471770337,4.05,0.49749371855331004,0
470,0.7685518970211321,0.09089169988959492,0.06115504072504985,0.02181422411719134,0.000732382656374734,0.0002735845877103004,100.0,0.0,62.45,2.7290108097990378,1.1,0.3,4.2,0.6,0
471,0.7733353660467668,0.08877299262405831,0.060443323719569585,0.021756633714848955,0.0007188928902748203,0.0002564004860204217,100.0,0.0,63.2,3.709447398198282,1.025,0.10897247358851683,4.45,0.9733961166965892,0
472,0.7746474162336969,0.09317010005351453,0.058913239767232096,0.02267569407199873,0.0007675340679378102,0.0002399797856313118,100.0,0.0,61.85,3.7719358425084595,1.075,0.23848480035423641,4.4,0.9695359714832658,0
473,0.777932708167939,0.09785048271924647,0.058053386111850645,0.023569145593000548,0.0007822243949812862,0.000265203595160521,100.0,0.0,63.55,3.2935543110748915,1.05,0.21794494717703372,4.15,0.47696960070847283,0
474,0.7761533252949449,0.10069168453269696,0.058438218999672845,0.023290666705119353,0.0008209146921093443,0.00026953372971651965,100.0,0.0,63.2,3.009983388658482,1.1,0.3,4.4,0.5830951894845301,0
475,0.7853176804218984,0.09922629120321357,0.056975353128228004,0.02271336037737759,0.000772669463252975,0.0002574590557224971,100.0,0.0,63.8,3.443835071544512,1.0,0.0,4.35,0.7921489758877431,0
476,0.7812232560975607,0.09946186755427786,0.056947381289610785,0.022759272639790232,0.0008358503800877413,0.0002708031146984535,100.0,0.0,64.5,3.263433774416144,1.025,0.10897247358851683,4.1,0.7681145747868608,0
477,0.7840131371774673,0.09059370012729176,0.05612970046992253,0.02122654063106568,0.0008383250217649015,0.0003064905453808693,100.0,0.0,63.25,3.207413287993925,1.05,0.21794494717703372,4.4,0.5830951894845301,0
478,0.7841239094774645,0.08148006083708773,0.05642561644960059,0.019288880925808542,0.0008653778299164154,0.00026463533959173656,100.0,0.0,63.9,2.7367864366808017,1.0,0.0,4.2,0.6,0
479,0.784961313964177,0.07873525834685621,0.056538746701725005,0.018290758344159344,0.0008623083515147841,0.00029462007349177776,100.0,0.0,63.55,2.7834331319433563,1.05,0.21794494717703372,4.45,0.8046738469715541,0
480,0.783040337189783,0.08048951504105174,0.05806866687075456,0.018445590549283172,0.0007827723051245569,0.00027229753413223574,100.0,0.0,63.65,3.134884367883447,1.0,0.0,4.3,0.5567764362830022,0
481,0.7810954735547694,0.08382987503090061,0.05772195274004484,0.01874862012726046,0.0008424973156020696,0.0002862211650052516,100.0,0.0,62.55,3.6534230524263136,1.15,0.3570714214271425,4.3,0.7810249675906654,0
482,0.7799460702162031,0.07682809125689227,0.058244997097713025,0.016934358240351558,0.000863160665382321,0.00031946609791756145,100.0,0.0,63.2,2.803569153775237,1.025,0.10897247358851683,4.1,0.5385164807134504,0
483,0.7820615405592146,0.06902342768653617,0.05747909532881527,0.015415766601485659,0.0009063632609388099,0.00029417370991620585,100.0,0.0,63.9,3.2848135411313684,1.0,0.0,4.15,0.7921489758877431,0
484,0.7847453259452835,0.06308163443696503,0.05752211613859583,0.014601938111527367,0.0008493945343180361,0.00031003766994129004,100.0,0.0,64.5,2.539685019840059,1.0,0.0,4.2,0.6782329983125269,0
485,0.7819850686024663,0.06351265710613381,0.05751110178582301,0.014671474962813798,0.0009048377761101062,0.00030481235870504316,100.0,0.0,63.35,3.4245437652335533,1.1,0.2549509756796392,4.1,0.8888194417315588,0
486,0.7809381870638603,0.06592091906348224,0.058142159673895855,0.01553440072731841,0.0008496969023190755,0.0003183384421951751,100.0,0.0,63.55,2.5782746168707473,1.05,0.21794494717703367,4.25,0.5361902647381804,0
487,0.7735857293301511,0.06980108817245194,0.05942300321001472,0.015452701453951135,0.000875572046910632,0.00045147809145938515,100.0,0.0,63.55,3.694252292413175,1.1,0.3,4.15,0.5722761571129799,0
488,0.773653921829264,0.07440952729399126,0.05943100315251067,0.01591789907210516,0.0008569385624537086,0.0004165935745803716,100.0,0.0,62.4,3.786819245752298,1.05,0.15,4.45,1.2031209415515964,0
489,0.7710693572261986,0.07749063833777564,0.0609910135368249,0.015710201659963115,0.0008114880895342548,0.00035514190115052606,100.0,0.0,63.35,3.623189202898463,1.05,0.15,4.45,1.023474474522936,0
490,0.7761075076897532,0.08648589276525304,0.06040695715187827,0.01726970573055046,0.0007632391033012216,0.0004037873550613366,100.0,0.0,62.6,3.0397368307141326,1.075,0.23848480035423641,4.05,0.6689544080129826,0
491,0.7753532720227649,0.08733113480925372,0.06061024326546456,0.01858674982924111,0.0007650533799934033,0.00032069607253051077,100.0,0.0,63.65,3.1666228067138023,1.0,0.0,4.25,0.6224949798994366,0
492,0.7785333102500115,0.0801022231477775,0.06009739496866048,0.01724669852372875,0.0007651404103852123,0.0003045748998697661,100.0,0.0,64.3,2.5317977802344327,1.0,0.0,4.2,0.6,0
493,0.7863577250809869,0.06625788502646564,0.05827611311751764,0.014497720829669034,0.0007853561437264507,0.00028320968748571493,100.0,0.0,63.8,2.712931993250107,1.05,0.21794494717703372,4.15,0.7262919523166975,0
494,0.7875023630727082,0.053669372615724846,0.058895268820285486,0.011887010490202465,0.0007479311641314323,0.00029416949287996584,100.0,0.0,64.0,2.5298221281347035,1.05,0.21794494717703367,4.25,1.0428326807307104,0
495,0.7853165542431308,0.057160346786803276,0.05935804210535041,0.012854797680975201,0.0007553404294080568,0.0003134864159143168,100.0,0.0,64.15,2.2197972880423116,1.0,0.0,4.3,0.7810249675906654,0
496,0.7930799083847997,0.05237373526843446,0.05728495288745764,0.012106831774000461,0.0007655647120782454,0.0003085521262695091,100.0,0.0,63.45,2.871846096154876,1.1,0.3,4.05,0.6689544080129826,0
497,0.791005460213305,0.05140167127319391,0.05725024706355351,0.012515192142401859,0.0007793112231201302,0.0003617980866270427,100.0,0.0,64.3,2.3259406699226015,1.0,0.0,4.3,0.7810249675906654,0
498,0.7870472810462015,0.046309168647485466,0.05829998683381753,0.00973417789631097,0.0007951596048565837,0.0003658273056587659,100.0,0.0,63.05,2.9744747435471695,1.1,0.3,4.5,1.02469507659596,0
499,0.7797439552029684,0.05082029237484646,0.05954498614221798,0.011010783780850446,0.0008130208312479108,0.0003353813483061054,100.0,0.0,62.5,3.2326459750489227,1.1,0.3,4.3,0.6403124237432849,0
500,0.7803245986431593,0.049450646911565845,0.058856761131985534,0.010976206188004396,0.0008513669317357586,0.00043755334801217916,100.0,0.0,63.5,3.640054944640259,1.075,0.23848480035423641,4.2,0.7483314773547883,0
501,0.783036775780457,0.04634553653451468,0.05783527089608279,0.01175442698011754,0.0008716501245703883,0.000438543496634468,100.0,0.0,63.6,3.7202150475476548,1.15,0.3570714214271425,4.2,0.8124038404635961,0
502,0.7848621667846309,0.05175896945728103,0.057785533498409994,0.012508252976953037,0.0008391085938769091,0.0004176142032942582,100.0,0.0,63.55,2.836811590500857,1.075,0.23848480035423641,4.0,0.7071067811865476,0
503,0.7848131358600249,0.05684207338373082,0.05790091640039317,0.013664151924435623,0.0008312709881781606,0.0004754466468772328,100.0,0.0,62.3,2.282542442102666,1.1,0.3,4.25,0.8874119674649424,0
504,0.7815447262975532,0.05814269073164963,0.05785544272084233,0.014801329064346612,0.0008577008736407151,0.0003635868483409096,100.0,0.0,63.35,3.5954832776693593,1.1,0.3,4.2,0.8124038404635961,0
505,0.7774880172980262,0.05875697286768082,0.05929645531334602,0.01411600935130261,0.000836196064273252,0.00032785799784784583,100.0,0.0,63.75,3.329789783154486,1.1,0.3,4.15,0.5722761571129799,0
506,0.7783583760160445,0.06383428033089839,0.05935098691926917,0.015418791859388275,0.0008042078992353584,0.0003445396102415398,100.0,0.0,63.8,2.9257477676655586,1.05,0.2179449471770337,4.35,0.5722761571129799,0
507,0.7775758425168612,0.07604144086562538,0.060418545620284606,0.017542581131857745,0.0007188264677203891,0.00028421588530204683,100.0,0.0,63.6,3.120897306865447,1.1,0.3,4.35,1.1079259903080168,0
508,0.7717947708925023,0.07717551833957081,0.06140206399010937,0.017292798664127664,0.0007386025299519639,0.00024019477978043065,100.0,0.0,63.1,2.5670995305986875,1.075,0.23848480035423641,4.4,0.7348469228349535,0
509,0.770402521854351,0.07547253649651721,0.061641592363672795,0.01623220404430974,0.0007707274173760765,0.00029513873281203167,100.0,0.0,63.75,3.672533185690771,1.1,0.3,4.1,0.8888194417315588,0
510,0.7678408957840545,0.07170913939472004,0.06126423752797361,0.01551085673625636,0.0008560648898093103,0.0004014283501786131,100.0,0.0,62.45,2.9744747435471703,1.125,0.3112474899497183,4.25,0.6224949798994366,0
511,0.7704049140557937,0.08008825125624564,0.06032701910122934,0.017079620018278553,0.0008489362770262079,0.00046714723546894827,100.0,0.0,63.45,3.456515586540874,1.05,0.15,4.2,0.6782329983125269,0
512,0.7700324456356553,0.07883484258375682,0.059768902400821985,0.017099460694139854,0.0008914281727350435,0.0005478007835208758,100.0,0.0,62.0,3.449637662132068,1.1,0.3,4.5,0.8660254037844386,0
513,0.7717167766541869,0.07806745338882132,0.05867992058673589,0.018455227219232137,0.0008984225267950466,0.0005523828484607076,100.0,0.0,63.75,1.9461500456028564,1.0,0.0,4.45,0.7399324293474372,0
514,0.7714811436244573,0.0719223857965099,0.058953904766069744,0.017447322204282956,0.0009085593330945332,0.0005257981785342104,100.0,0.0,63.4,3.9924929555354263,1.05,0.21794494717703372,4.15,0.653834841531101,0
515,0.774240818054578,0.07205070219205148,0.057720953840832256,0.01962776841503079,0.0008990070232729533,0.0004500027406728095,100.0,0.0,64.2,3.6276714294434105,1.1,0.3,4.3,0.6403124237432849,0
516,0.7764870778330385,0.068571834068015,0.05736948266005647,0.018703734594064932,0.0009180026029164425,0.00043781397837405756,100.0,0.0,63.65,4.138538389335056,1.15,0.3570714214271425,4.15,0.7262919523166976,0
517,0.7846684696084457,0.0659802668663491,0.05638790703014547,0.016473912597816984,0.0008928845462069263,0.0003000005358131682,100.0,0.0,62.25,2.913331426391443,1.1,0.3,4.7,1.1,0
518,0.7893368926894349,0.07028620139900385,0.05675770411209406,0.015893341601362628,0.0008099633674927368,0.0003288238073134998,100.0,0.0,62.9,3.2388269481403293,1.1,0.3,4.25,0.698212002188447,0
519,0.7956188361796319,0.0713282838273876,0.055361945257534906,0.015701755166843474,0.0008065148464847219,0.000386498292192526,100.0,0.0,62.85,3.8506492958980307,1.05,0.21794494717703372,4.35,0.8529361054615991,0
520,0.8025491815272124,0.06880778408541871,0.05382534132343171,0.01614718609026335,0.0007653937370022118,0.0003194704599670776,100.0,0.0,63.05,2.7834331319433563,1.075,0.23848480035423641,4.25,0.7664854858377946,0
521,0.8079754978027716,0.0737531693798379,0.052092743901275516,0.016884533493340747,0.0007727404856120283,0.0003292129089791995,100.0,0.0,63.25,3.897114317029974,1.025,0.10897247358851683,4.25,0.8874119674649424,0
522,0.8012731862903907,0.0803142532871151,0.05274921376411381,0.01714415814358282,0.0008198513819090151,0.00040434263093449516,100.0,0.0,63.5,2.8722813232690143,1.0,0.0,4.35,0.7262919523166976,0
523,0.7978806038042875,0.08060701209106719,0.05204692905934022,0.01650928418367997,0.0009307929381140222,0.0005808334465943614,100.0,0.0,63.6,3.1368774282716245,1.075,0.23848480035423641,4.05,0.6689544080129826,0
524,0.7912849805701071,0.08404106083707207,0.05304965898018217,0.016842542238333376,0.0009665916334747837,0.0005480705549566908,100.0,0.0,62.2,2.5806975801127883,1.15,0.3570714214271425,4.2,0.8124038404635961,0
525,0.7839504148959852,0.08113481420068519,0.05429101403860492,0.01784794559939957,0.0009865576960853867,0.0004036714318012385,100.0,0.0,62.15,2.515452245621053,1.175,0.36314597615834876,4.2,0.5099019513592784,0
526,0.7805523481556292,0.08447332385352165,0.0561378261377669,0.01900816802077449,0.0009188040356648619,0.0003223825557573872,100.0,0.0,63.45,3.0409702399069944,1.1,0.3,4.5,0.7416198487095663,0
527,0.7806417831702779,0.08782631251630889,0.057221348382573534,0.0188580479084203,0.0008595463946144954,0.0003496471519131895,100.0,0.0,64.15,2.7617928959282954,1.025,0.10897247358851683,4.25,0.82915619758885,0
528,0.7783905614797197,0.08917076125936883,0.05768224487385089,0.019210850835874475,0.0008452891182644968,0.0003001592819151346,100.0,0.0,63.4,2.6343879744638983,1.05,0.21794494717703367,4.15,0.7262919523166976,0
529,0.7740002746764572,0.09192319775119825,0.05772278504656033,0.01864123978360869,0.0009310663757158222,0.00036428918191128623,100.0,0.0,63.9,3.031501278244824,1.0,0.0,4.0,0.5477225575051661,0
530,0.7715569369958836,0.0902828976467199,0.05799976089417623,0.017794973070339597,0.0009631264234499198,0.0003847004979001636,100.0,0.0,63.35,3.5110539728121526,1.1,0.3,4.15,0.5722761571129799,0
531,0.7770250610643907,0.0852600576997584,0.05714467103032025,0.016994485663636406,0.0009606852441953993,0.00036892350014828537,100.0,0.0,63.25,3.6314597615834874,1.05,0.21794494717703367,4.85,1.107925990308017,0
532,0.773860882687686,0.07895716468361196,0.0569435253983123,0.01624944298979272,0.0010290626965941809,0.0004269681605165759,100.0,0.0,63.3,2.5903667693977237,1.075,0.23848480035423641,3.95,0.6689544080129826,0
533,0.7849309211303751,0.07249319324992604,0.0545493243846764,0.016742631423390726,0.0009851298654139165,0.00046719481503409597,100.0,0.0,63.6,2.90516780926679,1.1,0.3,4.1,0.6244997998398398,0
534,0.7977488495137156,0.07668903678453402,0.053074491148306036,0.01803163725452125,0.0008567453651251037,0.00036775820362690845,100.0,0.0,63.25,2.843853020111975,1.075,0.23848480035423641,4.2,0.6782329983125268,0
535,0.7933276152063284,0.07933269944147009,0.05350393635316405,0.018644450520902408,0.0008899589933629657,0.00033017289489039627,100.0,0.0,61.7,2.9512709126747416,1.1,0.3,4.05,0.5894913061275798,0
536,0.795250353861894,0.08098384412284189,0.053363864441237974,0.018517263127021587,0.0008620443916827194,0.0003404644845182218,100.0,0.0,63.25,2.7179955849853767,1.075,0.23848480035423641,4.05,0.5894913061275798,0
537,0.7909841436656296,0.08043423233273624,0.053873178988237305,0.01783310217136997,0.0008994089460462972,0.00031036773649987604,100.0,0.0,63.15,2.779838124783528,1.075,0.23848480035423641,4.0,0.7745966692414834,0
538,0.7829412412869483,0.07596336805972291,0.055833895921287346,0.01630004069867598,0.0009323258041901153,0.0003044795073967731,100.0,0.0,63.8,2.6381811916545836,1.05,0.21794494717703372,4.0,0.7071067811865476,0
539,0.7891181238066041,0.0808799747389023,0.05435010906025396,0.01829434663255594,0.000908571386378785,0.00025619028658685293,100.0,0.0,62.6,3.0066592756745814,1.175,0.36314597615834876,4.5,0.806225774829855,0
540,0.7881480834069756,0.07398631871777787,0.05447524800264766,0.016368869260669387,0.0009500175743354615,0.000295606942047192,100.0,0.0,63.2,3.9319206502675,1.125,0.3112474899497183,4.25,0.698212002188447,0
541,0.7925539045697048,0.07059391885885716,0.05426875912668967,0.015140941232190274,0.0009273901715221536,0.00030135616066351143,100.0,0.0,65.15,3.4245437652335533,1.05,0.21794494717703372,4.2,0.6782329983125269,0
542,0.7935112096888304,0.06420170560892452,0.05489371026782477,0.014115224566016315,0.0008814188313330393,0.0003128220439665286,100.0,0.0,64.05,2.8718460961548757,1.05,0.21794494717703372,4.4,0.8,0
543,0.7985517489324303,0.058144731880399494,0.054281599391050615,0.013430595825632649,0.0008440985744896731,0.00034867205996733227,100.0,0.0,63.65,3.1666228067138023,1.0,0.0,4.3,0.714142842854285,0
544,0.7980701081270187,0.06667842869218565,0.053955257204328456,0.014353283330761402,0.0008705006687017387,0.0003792148661493845,100.0,0.0,63.65,2.3081377775167584,1.0,0.0,4.3,0.6403124237432849,0
545,0.7980953868426449,0.06690004169742216,0.054466116108860894,0.014230537701837739,0.0008448510546741356,0.0003962583953843531,100.0,0.0,63.5,3.122498999199199,1.05,0.21794494717703372,4.2,0.6782329983125269,0
546,0.797291300213798,0.060924894747148385,0.05424056973092972,0.013601870028550714,0.0008687706308786872,0.0004314479884616231,100.0,0.0,63.35,2.920188350089768,1.075,0.23848480035423641,4.25,0.82915619758885,0
547,0.7907920613765873,0.060429019370903655,0.05650084004190804,0.013307699179107322,0.0008382757515365564,0.00045649763808833064,100.0,0.0,63.75,3.672533185690771,1.025,0.10897247358851683,4.35,0.5722761571129799,0
548,0.7930992036994138,0.056997799834540765,0.0569854709205595,0.013195249863420005,0.0007624336429580355,0.0004048216897011827,100.0,0.0,64.25,2.5074887836239665,1.025,0.10897247358851683,4.1,0.7681145747868608,0
549,0.790259050402622,0.05466657805081762,0.0574143664375078,0.013692171760745197,0.0007482137315892787,0.00035124168715115045,100.0,0.0,63.45,2.635811070619441,1.025,0.10897247358851683,4.1,0.5385164807134504,0
550,0.7811377535768896,0.05573211103925485,0.05889757233665303,0.014812551104646328,0.000757401402975339,0.0004368750512270496,100.0,0.0,63.45,3.694252292413175,1.125,0.3112474899497183,4.05,0.804673846971554,0
551,0.7775245549634974,0.052840287357979784,0.058969424192266175,0.014736759916337393,0.0007973188958234777,0.00047272523095567376,100.0,0.0,64.4,3.307567081708245,1.05,0.21794494717703372,4.15,0.9096702699330127,0
552,0.774309507434881,0.055747803153589987,0.060394304431193535,0.014684170825577374,0.0007737417258850624,0.0004260498794346731,100.0,0.0,63.05,2.71062723368596,1.0,0.0,4.35,0.5722761571129799,0
553,0.7726537616514053,0.06472163785638446,0.06036980906458191,0.015572523788430923,0.000794034321126393,0.00044427388272124524,100.0,0.0,63.0,3.8078865529319543,1.1,0.3,4.15,0.5722761571129799,0
554,0.7671476573207069,0.07181119048424761,0.06152348694383138,0.01604247632151474,0.0007953772245843446,0.00045403400466337073,100.0,0.0,63.75,2.7179955849853767,1.0,0.0,4.3,0.714142842854285,0
555,0.7649904522856208,0.07583431777560296,0.06141606025628712,0.016068224768949542,0.0008529749045605609,0.00041919970829920123,100.0,0.0,62.9,2.487971060924946,1.075,0.23848480035423641,4.1,0.43588989435406733,0
556,0.7667608241007783,0.07016846905321215,0.06136009727514298,0.014372970531561094,0.0008473804907842412,0.00035160084045283464,100.0,0.0,63.7,3.4799425282610637,1.0,0.0,3.9,0.6244997998398398,0
557,0.7711725623859088,0.0649068990429325,0.060346577637260604,0.015157436804886643,0.0008266091575028596,0.0002962140596175014,100.0,0.0,63.0,3.082207001484488,1.075,0.23848480035423641,4.15,0.47696960070847283,0
558,0.7766774538387924,0.0692817828879041,0.05867621011709297,0.014414876046474812,0.0008808548603283456,0.00034380088840906345,100.0,0.0,63.85,3.6915443922564446,1.05,0.21794494717703372,4.35,0.792148975887743,0
559,0.7848843442178217,0.06226921227250061,0.05596455195341367,0.012957328634471599,0.0009260311160377637,0.0004081590394059115,100.0,0.0,62.85,3.4680686267719674,1.2,0.3674234614174767,4.0,0.6324555320336759,0
560,0.7855608343308791,0.05982006156548553,0.0561769809017821,0.01320004133386765,0.0009135691692831285,0.000394948202999045,100.0,0.0,62.95,3.2935543110748906,1.1,0.3,4.25,0.698212002188447,0
561,0.7899005561238596,0.0636555039082421,0.055162737216706635,0.014128515441197467,0.0009046904506308679,0.00041237417895842655,100.0,0.0,63.2,2.4617067250182343,1.0,0.0,4.6,0.5830951894845301,0
562,0.7902292478902152,0.06995000746180885,0.05512523375887517,0.014951002870328977,0.0008812630209882154,0.0004374333579744799,100.0,0.0,64.7,3.8223029707232783,1.0,0.0,4.1,0.7681145747868608,0
563,0.796509360514136,0.06854072145053648,0.053585322199126706,0.015234542876217205,0.0008962063464886205,0.00046098091766619157,100.0,0.0,63.25,3.1760824926314495,1.05,0.21794494717703372,4.15,0.7921489758877431,0
564,0.7947408938923375,0.06872777546734965,0.054115201300925155,0.015913131896495628,0.000883494394660092,0.0005114502052477863,100.0,0.0,63.15,2.104162541250081,1.05,0.2179449471770337,4.2,0.5099019513592784,0
565,0.803371028151167,0.06640693929554638,0.052913135693778424,0.015453941072056917,0.0008397831676708517,0.0004956920710580765,100.0,0.0,63.7,2.9171904291629644,1.1,0.3,4.3,0.8426149773176358,0
566,0.802036411743185,0.06627543693514941,0.053537457277014734,0.014816189380813553,0.0008303958062656191,0.0004222467997331315,100.0,0.0,63.1,3.3600595232822887,1.1,0.3,4.4,0.7999999999999999,0
567,0.8068579370975802,0.06918207837929335,0.052770080178373494,0.015388800288134474,0.0007975837079507584,0.00035405239304585426,100.0,0.0,63.45,3.470950878361721,1.2,0.4,4.25,0.9420721840708386,0
568,0.8115927203180521,0.0669374949417812,0.052239626918352086,0.014655212553108237,0.0007731389440972077,0.0002971521933549275,100.0,0.0,62.5,2.202271554554524,1.0,0.0,4.4,0.8602325267042626,0
569,0.8180391238225972,0.06122215965460447,0.0514160393177636,0.014800810333883177,0.0007156946832982911,0.00021573737097819464,100.0,0.0,62.3,2.685144316419511,1.15,0.3570714214271425,4.15,0.7262919523166975,0
570,0.8149083545716301,0.053619546076924984,0.05275128926467806,0.014468291461726866,0.0006796467258411441,0.00021978540660418054,100.0,0.0,64.05,2.67348087705897,1.0,0.0,4.0,0.6324555320336759,0
571,0.8165362642282885,0.051392124816003464,0.051940838660899616,0.016047818404069075,0.0006735604113150707,0.00024206081225906033,100.0,0.0,63.35,2.937260628544903,1.05,0.21794494717703372,4.35,0.6538348415311012,0
572,0.8152488299325992,0.05208345014933566,0.0524258443134894,0.014375797527294287,0.0006985157742413185,0.0002274973583944062,100.0,0.0,63.65,2.7617928959282954,1.05,0.21794494717703372,4.35,0.7262919523166975,0
573,0.8137828676933841,0.05696679397019261,0.05343800665258586,0.014117766543312359,0.0006654244844343287,0.0001842662258314213,100.0,0.0,63.85,3.66435533211505,1.1,0.3,4.1,0.8306623862918076,0
574,0.8170174710333532,0.05413338492275597,0.052949648477712406,0.01391720997196506,0.0006490313903873608,0.0001477947655607626,100.0,0.0,63.7,3.579106033634656,1.05,0.21794494717703372,4.45,0.8645808232895291,0
575,0.820797251179628,0.05088166386831294,0.05212362075988121,0.013774687295494014,0.0006490904708794422,0.0001854890840108703,100.0,0.0,63.2,2.694438717061496,1.05,0.21794494717703372,4.25,0.8874119674649424,0
576,0.8196661558945811,0.056309818335109355,0.05245565350738081,0.014963866210283741,0.000637391912847972,0.0001807140839671335,100.0,0.0,63.45,3.866199684444661,1.1,0.3,4.15,0.6538348415311012,0
577,0.8180968787462854,0.06062841258758623,0.05221523839383805,0.014353382323241012,0.0006720826104182921,0.0003014102499556773,100.0,0.0,62.6,1.8547236990991405,1.0,0.0,4.05,0.5894913061275798,0
578,0.8168113452898405,0.06176699624660491,0.05232363629010752,0.015136701646423086,0.0006861141636874773,0.0003194905549462914,100.0,0.0,62.5,2.819574435974337,1.1,0.3,4.4,0.9165151389911681,0
579,0.8148719696597373,0.062300424809864134,0.05366879381198146,0.01588003396755919,0.0006238800154399171,0.00026136909382862516,100.0,0.0,64.2,2.959729717389748,1.0,0.0,3.9,0.6244997998398398,0
580,0.8114188190609756,0.05845996104235835,0.053560752452407635,0.015688865706492597,0.0006746904501815721,0.0002749727665074529,100.0,0.0,63.1,3.4336569426778794,1.05,0.21794494717703367,4.2,0.5099019513592784,0
581,0.8104092329926953,0.056816733721431215,0.05338584554944148,0.015426129157824398,0.0007131883165489457,0.00026821510806469313,100.0,0.0,63.35,2.2643983748448506,1.05,0.2179449471770337,4.1,0.7,0
582,0.8157397514415207,0.05624874472719875,0.05259446996677254,0.014642591815065541,0.0006706749594442804,0.0003058589173015349,100.0,0.0,62.9,2.662705391138869,1.1,0.3,4.3,0.714142842854285,0
583,0.8126005258963602,0.056586297864375586,0.052816938851735974,0.014544121263736665,0.0006974396227592383,0.000366016058099894,100.0,0.0,63.3,2.590366769397724,1.0,0.0,4.1,0.7000000000000001,0
584,0.8100923518716139,0.06313872769406234,0.05257773176638223,0.016726977454022837,0.0007105540098230034,0.00033926242528499733,100.0,0.0,63.0,2.0,1.05,0.15,4.3,0.5567764362830021,0
585,0.8023898956197488,0.06409265572454118,0.05372172525307238,0.016357261912479864,0.0007706428940245231,0.0003760973544051926,100.0,0.0,63.55,3.0899029110960754,1.075,0.23848480035423641,4.0,0.6324555320336759,0
586,0.8076116333533735,0.07170667676100302,0.05332910889085811,0.017948960223944443,0.0006993305371973376,0.00035773593472981544,100.0,0.0,64.0,3.286335345030997,1.0,0.0,3.95,0.5894913061275798,0
587,0.8019065635651079,0.0782008666305303,0.05495182991929718,0.018290824832392475,0.0007024143043138696,0.0002985472758549951,100.0,0.0,62.85,3.1188940347501393,1.075,0.23848480035423641,4.3,0.6403124237432849,0
588,0.8023857967213672,0.08368667757047281,0.05495939071089747,0.018417817302356112,0.0006892501312774646,0.00040396331066537187,100.0,0.0,63.5,2.7477263328068173,1.0,0.0,4.15,0.852936105461599,0
589,0.8021612245115316,0.07973041756679917,0.05515423537697346,0.017071405479091674,0.0007009389323483375,0.00038695882279768244,100.0,0.0,63.25,3.6588932752951404,1.025,0.10897247358851683,4.25,0.9420721840708386,0
590,0.7973718640078629,0.0794312398773099,0.05582248089322134,0.01675344972870378,0.0007274342989392136,0.000323206709342834,100.0,0.0,62.55,2.765411361804967,1.075,0.23848480035423641,4.35,0.653834841531101,0
591,0.7955960539291672,0.07510621626449272,0.05611680968310963,0.01661497755212831,0.0007415946797154078,0.00032465838782103865,100.0,0.0,62.65,2.688401011754013,1.175,0.36314597615834876,4.0,0.6324555320336759,0
592,0.7893062459051041,0.07085838103056835,0.05788916610468838,0.015869617706717132,0.0007230582312128716,0.0003394893756720577,100.0,0.0,62.1,3.9862262855989496,1.2,0.4,4.15,0.5722761571129799,0
593,0.7881563080545315,0.06860781692178927,0.05764063085527023,0.01625842557650475,0.0007367721458628054,0.0003714163861129823,100.0,0.0,62.25,3.6038174204584785,1.25,0.4330127018922193,4.3,0.5567764362830021,0
594,0.7867088537031661,0.06648379279707972,0.05792928933091116,0.017163087853153104,0.0007253967433462274,0.0003416084280718784,100.0,0.0,63.15,1.930673457630782,1.0,0.0,4.4,0.6633249580710799,0
595,0.7859130085608659,0.05929001649493474,0.0571998102554368,0.016572442524815885,0.0007903549541617889,0.0003982064274512706,100.0,0.0,62.85,2.351063589101749,1.05,0.21794494717703372,4.5,0.6708203932499369,0
596,0.7875709988111992,0.05880410709991525,0.05656497582151267,0.016544354682516096,0.0008100786881849832,0.0003757160300603011,100.0,0.0,64.25,2.5470571253900056,1.0,0.0,4.2,0.6,0
597,0.794410075815103,0.06606296626053376,0.05594498466128641,0.017081166732075142,0.0007331029032954527,0.00029614506271522417,100.0,0.0,62.65,3.2752862470324633,1.1,0.3,4.25,0.698212002188447,0
598,0.7942275522345743,0.06552426463960634,0.05597759009432066,0.017774999060785893,0.0007391204371306074,0.0003204899204793488,100.0,0.0,63.35,3.118894034750139,1.075,0.23848480035423641,4.35,0.9096702699330126,0
599,0.7946085668054246,0.06988134033072015,0.0560639335172917,0.017696023926953845,0.0007302761443766534,0.00031062455170717383,100.0,0.0,64.45,3.0409702399069944,1.075,0.23848480035423641,4.1,0.7000000000000001,0
600,0.7970757126212571,0.07561314906940801,0.0553042014196917,0.018088988953267878,0.000718457812376138,0.0003632035201888859,100.0,0.0,63.45,2.4387496796514396,1.025,0.10897247358851683,4.05,0.6689544080129826,0
601,0.7956906571486257,0.07769083470141117,0.05555358173447692,0.017745382633881458,0.0007277213838626031,0.0003652996603414448,100.0,0.0,63.25,3.2384409829422554,1.05,0.21794494717703372,4.55,0.9205976319760985,0
602,0.7904770587043293,0.08403885955871226,0.05686583998618242,0.018862141645403938,0.0007138058634666635,0.00031859041121322005,100.0,0.0,62.6,3.4263683398023628,1.175,0.36314597615834876,4.35,0.7921489758877431,0
603,0.7869848493048804,0.08489539307722167,0.057309179402620966,0.017960302482845796,0.0007627051117689515,0.00040871422935308125,100.0,0.0,64.7,3.4510867853474796,1.1,0.3,3.85,0.47696960070847283,0
604,0.7853166874970003,0.08193761489237124,0.05738448401510401,0.016229671036687477,0.000817294056262714,0.0004908515850799221,100.0,0.0,63.1,3.845776904605882,1.05,0.21794494717703372,4.25,0.698212002188447,0
605,0.7853633940993723,0.08068562282026706,0.057620259252360154,0.016180680879936207,0.0007997633411141244,0.00043120942342899044,100.0,0.0,64.35,2.725344014982329,1.0,0.0,4.0,0.6324555320336759,0
606,0.7876301350805006,0.08710478175638005,0.05761890897647788,0.01846076089957633,0.0007345475868656406,0.00041130634897363597,100.0,0.0,64.1,2.364318083507378,1.0,0.0,4.2,0.5099019513592784,0
607,0.7873174683832179,0.088062837995161,0.05839018358220954,0.01817418518894267,0.0006962857883466955,0.0004609520813994136,100.0,0.0,64.45,1.9868316486305526,1.0,0.0,4.05,0.5894913061275798,0
608,0.790171482928508,0.07799390392886721,0.0570234564932535,0.01693754502562311,0.0007503718369558782,0.000452214336349676,100.0,0.0,62.95,3.1697791721190924,1.175,0.36314597615834876,4.15,0.4769696007084728,0
609,0.7913115162802566,0.07784073586897683,0.05681885318259625,0.017252467173466783,0.0007344344167022627,0.000446759490172224,100.0,0.0,64.65,3.395217224272992,1.05,0.21794494717703372,4.4,1.1575836902790224,0
610,0.7917638048282658,0.07821305346179491,0.05664097157171035,0.018704150382364594,0.0007146640560287699,0.00045553606549315185,100.0,0.0,62.8,3.171750305430741,1.125,0.3112474899497183,4.25,0.5361902647381804,0
611,0.7901473691789219,0.07997420735925745,0.057662496686350664,0.01853317787416121,0.0006857636208546694,0.0003734626392800206,100.0,0.0,63.1,3.40440890610984,1.1,0.3,4.4,0.7348469228349535,0
612,0.7822364447956419,0.07844698235383095,0.058793239859068945,0.017739795089794036,0.0007495492783103333,0.0004612994450095863,100.0,0.0,63.1,2.964793416074719,1.05,0.21794494717703372,4.4,0.9165151389911679,0
613,0.7897101530414803,0.07723100542881761,0.05864907237964077,0.016370693499523265,0.0006591726804417053,0.00042490414742202455,100.0,0.0,64.2,3.009983388658482,1.0,0.0,4.25,0.8874119674649424,0
614,0.7919945464928992,0.08008193388525409,0.05843544439151811,0.01716959088307522,0.0006291780235209188,0.0003428968430101022,100.0,0.0,63.05,3.0736785778607363,1.1,0.3,3.9,0.43588989435406733,0
615,0.7893333209422351,0.08080146426275027,0.058872792186856225,0.018344282804520377,0.0006157528119312315,0.00030570612773474,100.0,0.0,63.35,2.885740806101615,1.0,0.0,4.35,0.7921489758877431,0
616,0.7874193678621163,0.08037634524381258,0.05949231086433443,0.01759362637070385,0.0006329277940362984,0.0002385698659793972,100.0,0.0,63.5,3.8535697735995385,1.05,0.21794494717703372,4.4,0.5830951894845301,0
617,0.7883030308131923,0.07975273856581429,0.06052946421680113,0.0171703937682694,0.0005471000301871668,0.0001589371171574618,100.0,0.0,63.1,3.080584360149872,1.05,0.21794494717703367,4.5,0.7416198487095663,0
618,0.7786010540915147,0.08238502232991103,0.0605826199807971,0.017947184887279047,0.0006873781032234335,0.00025242237166486667,100.0,0.0,63.25,3.884263121880391,1.125,0.3112474899497183,4.35,0.7262919523166976,0
619,0.776259036147818,0.08093583689775578,0.06092416244059421,0.01735661149156292,0.0007022931070497317,0.0003061947855199355,100.0,0.0,63.45,2.5975950415721076,1.05,0.21794494717703372,4.25,0.6224949798994366,0
620,0.7760232763935403,0.07180956914188869,0.06121346595351036,0.014819207463207449,0.00072848727960417,0.00024489954525668895,100.0,0.0,63.05,2.8368115905008566,1.0,0.0,4.1,0.5385164807134504,0
621,0.7780098732329026,0.07000245686052421,0.06029379870748308,0.014908613327448294,0.0007557440810373111,0.00027823773763912906,100.0,0.0,63.45,2.5391927851189244,1.05,0.21794494717703372,4.2,0.5099019513592784,0
622,0.7852330269629638,0.06893771628538807,0.058011769981284475,0.014900933940539351,0.0007871696834442067,0.0003199339751685377,100.0,0.0,63.9,3.8845849199110063,1.2,0.4,3.95,0.49749371855331004,0
623,0.7943578684479731,0.07133697746449189,0.05758277026649801,0.015765246146356562,0.0006671234740247966,0.0002687162372010905,100.0,0.0,62.55,2.2688102609076854,1.075,0.23848480035423641,4.4,0.7348469228349535,0
624,0.7952193794770133,0.07222763985361652,0.056984372021439536,0.015562569197940523,0.0007070977440221975,0.00030527706974526546,100.0,0.0,63.7,3.179622619116929,1.1,0.3,4.3,0.5567764362830021,0
625,0.7959598718843016,0.07422819155065498,0.05518601837934182,0.016864684490676643,0.0007743231933776432,0.00034015888583592617,100.0,0.0,63.1,2.7730849247724096,1.1,0.3,4.55,0.8046738469715541,0
626,0.7938313011225031,0.0804488029861757,0.055941447676347136,0.017437657907435053,0.0007535306893459526,0.0003752144791929206,100.0,0.0,63.35,3.070423423568808,1.1,0.3,4.3,0.8426149773176358,0
627,0.7936081021075339,0.08249016300893024,0.0552070637821121,0.018037099213787884,0.0007888921058082979,0.00043440830394340436,100.0,0.0,62.65,2.815581645060217,1.275,0.40233692348577704,4.0,0.5477225575051661,0
628,0.7936334894484333,0.08404863037221748,0.054167940982039475,0.01959814023642564,0.0008348488516175938,0.0004394796781176869,100.0,0.0,63.35,4.210403781111736,1.15,0.3570714214271425,4.35,0.6538348415311012,0
629,0.7953494162853834,0.08051220708490461,0.053361927921978934,0.019330394592280007,0.0008506602285124215,0.000431373553222813,100.0,0.0,63.8,3.0594117081556704,1.025,0.10897247358851683,3.9,0.7000000000000001,0
630,0.7910300552186633,0.07802714912683276,0.053898822443540814,0.01886456716439786,0.0009069469353706978,0.0004366123147724497,100.0,0.0,62.9,3.0967725134404045,1.025,0.10897247358851683,4.35,0.7921489758877431,0
631,0.793262947862517,0.08147906466911109,0.05360679635340153,0.019409621071336106,0.0008793367510489811,0.0003725501792201057,100.0,0.0,63.75,2.9643717715563276,1.05,0.15,4.25,0.82915619758885,0
632,0.8021844177443759,0.07839387804945142,0.05169082462287746,0.018846650775801933,0.0008568095899778678,0.00042227396655955004,100.0,0.0,64.0,3.0,1.05,0.21794494717703372,3.95,0.6689544080129826,0
633,0.8037683385889622,0.07608615675563557,0.05220028817680135,0.017621342059680346,0.000835675989302263,0.00040932864369555696,100.0,0.0,63.95,2.9744747435471695,1.075,0.23848480035423641,4.1,0.9433981132056604,0
634,0.8028474906838182,0.07162189080752415,0.053012561831809024,0.017683630803205348,0.0007880775049068005,0.00033105055010568854,100.0,0.0,62.4,3.039736830714133,1.05,0.21794494717703372,4.25,0.6224949798994366,0
635,0.8028766046896706,0.0702842413452233,0.053224253004453284,0.01750670189788264,0.0007874066099069554,0.0003086311089316482,100.0,0.0,62.9,2.896549671592048,1.15,0.32015621187164245,4.25,0.7664854858377946,0
636,0.8074093829471563,0.06544050398091876,0.05309168393926119,0.016943494138938153,0.000725748470381137,0.00032654320328888865,100.0,0.0,64.65,2.725344014982329,1.0,0.0,4.3,1.0049875621120892,0
637,0.8104677402883993,0.06399725372951577,0.05089811223112889,0.018276421178371603,0.0007832872361110138,0.0003305045851875933,100.0,0.0,60.35,2.903015673398957,1.25,0.4330127018922193,4.45,0.9205976319760985,0
638,0.8138633972299335,0.0590309154767845,0.04821055580990126,0.01912502943880119,0.0008493134314994207,0.0002963201487371869,100.0,0.0,62.8,2.5019992006393608,1.1,0.3,4.15,0.7262919523166975,0
639,0.8161078619100562,0.061848861605455586,0.047339847719716194,0.018169430173379554,0.0009009939719154016,0.0003423367883015794,100.0,0.0,63.7,3.4073450074801643,1.05,0.21794494717703372,4.15,0.7262919523166976,0
640,0.8155695630719295,0.055921250335166595,0.047769547025852885,0.01768726746957162,0.0008752480177034039,0.00042693593488853186,100.0,0.0,62.9,3.448187929913334,1.0,0.0,4.35,0.6538348415311012,0
641,0.8171589074118707,0.05302751515639059,0.047680223467943,0.017791479485642803,0.0008455357599439795,0.0004329882666750073,100.0,0.0,63.85,2.197157254271983,1.0,0.0,4.2,0.6782329983125268,0
642,0.8267070986232008,0.056458522086547135,0.045597137882350446,0.01778825417658842,0.0008293041719587971,0.00030597637311432076,100.0,0.0,63.85,3.1507935508376304,1.025,0.10897247358851683,4.05,0.49749371855331,0
643,0.8302883849129625,0.055044116624541235,0.045444151174364414,0.016435552041826448,0.0008180085518813678,0.00028593839321545256,100.0,0.0,64.4,3.352610922848042,1.075,0.23848480035423641,4.4,0.9695359714832659,0
644,0.8387080707602598,0.051306440074067323,0.044721008165778585,0.014245313010391763,0.0007750810226409699,0.0002603585393751555,100.0,0.0,62.4,3.0724582991474434,1.05,0.21794494717703372,4.25,0.5361902647381804,0
645,0.8425964191284561,0.04960654386310755,0.04403182629308426,0.013849108370900004,0.000765059807961862,0.00027551828751297777,100.0,0.0,63.95,2.3553131426627756,1.05,0.21794494717703372,4.3,0.9539392014169457,0
646,0.8435749841258753,0.05131202428011502,0.04475863848948804,0.014278366210285248,0.0007054504581371185,0.00023211114055891446,100.0,0.0,62.45,2.4794152536434875,1.125,0.3112474899497183,4.2,0.6,0
647,0.8430400147143458,0.04910964643778666,0.04372696000840881,0.014427573702441597,0.0007693961057759738,0.0002456624081267837,100.0,0.0,64.4,3.3970575502926055,1.025,0.10897247358851683,4.25,0.5361902647381804,0
648,0.8433742379749013,0.04750876433905808,0.043047801521004535,0.013586565071819821,0.0008163220605377503,0.0003103113078276251,100.0,0.0,64.4,2.2891046284519194,1.05,0.21794494717703367,4.05,0.5894913061275798,0
649,0.8463715436926819,0.047862548641395865,0.043522424148455245,0.013190984852073059,0.0007535038479013123,0.00024747333547713387,100.0,0.0,62.95,3.4565155865408737,1.2,0.4,4.0,0.7071067811865476,0
650,0.8502791460084864,0.0431789843026295,0.0433095339360421,0.011634367986453094,0.0007289627006940782,0.00023195088076425236,100.0,0.0,64.65,2.9372606285449034,1.0,0.0,4.3,0.5567764362830022,0
651,0.8522756131706807,0.04068777921826061,0.04234921785781084,0.011697191836052714,0.0007327760217537043,0.0002598907508757767,100.0,0.0,63.7,2.5903667693977237,1.025,0.10897247358851683,4.1,0.6244997998398398,0
652,0.8604607102008618,0.037461370569212685,0.04149946908058892,0.01121444981169179,0.0006577921167801945,0.0002288861111466593,100.0,0.0,63.45,3.5563323804166562,1.075,0.23848480035423641,4.45,0.6689544080129827,0
653,0.8638448814388102,0.03436381930819202,0.04130922612339098,0.009303573785218011,0.0006465081789205191,0.00024169886007547396,100.0,0.0,63.6,3.7067505985701277,1.075,0.23848480035423641,4.3,0.6403124237432849,0
654,0.8660760813558378,0.03991044244816058,0.04100257474448332,0.011838571849691051,0.0006064599289940032,0.00024423090733686337,100.0,0.0,64.35,3.3507461855533016,1.05,0.21794494717703367,4.25,0.7664854858377946,0
655,0.8666732201886125,0.04280014572096101,0.041069162542756485,0.012646816864634489,0.0005853879739860419,0.0001870056301474393,100.0,0.0,63.65,3.8376425054973526,1.0,0.0,4.2,0.6,0
656,0.8671648592036719,0.04058390060070502,0.04078975097666006,0.011936152306413428,0.0005948261783757993,0.00022646412214084735,100.0,0.0,63.3,3.018277654557314,1.0,0.0,4.2,0.812403840463596,0
657,0.8600960119274206,0.04368206373157842,0.04087065783403206,0.012969784487870345,0.0006832589716328883,0.00026194825461997183,100.0,0.0,64.15,2.95423424934449,1.025,0.10897247358851683,4.35,0.7262919523166975,0
658,0.8540978873983889,0.05130978079237963,0.04241068749127839,0.012873320621282438,0.0007022918559573771,0.0003000427015295575,100.0,0.0,62.85,2.7436289836637897,1.1,0.2549509756796392,4.25,0.6224949798994366,0
659,0.8557512224548406,0.045195279785135954,0.040904624744813836,0.01389081477759003,0.0007261505855771245,0.00030399009795985433,100.0,0.0,63.9,3.5763109484495335,1.15,0.3570714214271425,3.85,0.852936105461599,0
660,0.8608727561230134,0.0466572187218727,0.04069090756430328,0.013667001387409946,0.000663067157628879,0.00025316760756336284,100.0,0.0,62.5,3.4713109915419564,1.2,0.4,4.05,0.804673846971554,0
661,0.8622686505332892,0.03974541403870471,0.04152946817846768,0.010827624072992746,0.000651370933626007,0.00018766275819586032,100.0,0.0,61.9,2.808914381037628,1.1,0.3,4.35,0.852936105461599,0
662,0.8590120714029201,0.04189709355403,0.04276268448925542,0.011413000007031637,0.0006464965718135918,0.00016742284833614173,100.0,0.0,62.25,2.56661255354212,1.0,0.0,4.4,0.9165151389911681,0
663,0.8525913246359027,0.0484383121118478,0.04420820606481005,0.012581694712441948,0.0006314788447093194,0.00015392795349974188,100.0,0.0,64.25,2.9979159427842537,1.1,0.3,4.25,0.82915619758885,0
664,0.8503725701905266,0.05000854258820139,0.043897099511504785,0.01171728074239431,0.0007010062295623838,0.00020198257194646994,100.0,0.0,63.0,2.16794833886788,1.1,0.3,4.0,0.4472135954999579,0
665,0.8509714261184479,0.05027971807784767,0.04377953949327656,0.011792038882827783,0.0006941021558122755,0.00022791061144316016,100.0,0.0,64.05,2.4591665254715873,1.0,0.0,4.05,0.4974937185533099,0
666,0.847691614651389,0.05106920000795879,0.042637361466933865,0.013156236178548582,0.0007735322845205271,0.00036886323706401684,100.0,0.0,64.0,2.8460498941515415,1.025,0.10897247358851683,4.3,0.714142842854285,0
667,0.8443089662603299,0.04915537044731833,0.044540458348112426,0.011524644005316453,0.0007369244327890013,0.0003071477253788034,100.0,0.0,63.7,3.6619666847201113,1.125,0.3112474899497183,3.95,0.6689544080129826,0
668,0.8452915613541508,0.04587846822685516,0.04469521205882122,0.01056883916564392,0.0007288585372579803,0.00039203314508600107,100.0,0.0,63.85,2.920188350089768,1.0,0.0,4.25,0.9937303457175896,0
669,0.8443435607823583,0.045950299370408856,0.044824447610407915,0.010714406350365585,0.0007322902773562307,0.0003169680816249079,100.0,0.0,63.8,2.767670500619609,1.0,0.0,4.45,0.6689544080129827,0
670,0.8489332966481792,0.0400737145804485,0.04313963687199017,0.00991917517492176,0.0007472554733007123,0.00036483483344959246,100.0,0.0,62.95,2.9236107812087435,1.05,0.21794494717703372,4.15,0.5722761571129799,0
671,0.8557235743295278,0.04453006047248125,0.042010485092385155,0.011358373357638993,0.0006963227806221847,0.00035871022455949447,100.0,0.0,63.0,2.23606797749979,1.0,0.0,4.25,0.6224949798994366,0
672,0.8510476777268204,0.05022508117340671,0.042148209053345875,0.014228718755497494,0.0007147156101153375,0.00034961312039384607,100.0,0.0,62.65,2.903015673398957,1.05,0.15,4.05,0.6689544080129826,0
673,0.8539352372693128,0.051606223671025624,0.04122829457558108,0.014978825743326407,0.0007140512204006182,0.00035519478491384,100.0,0.0,62.55,3.3981612675092396,1.1,0.3,4.35,0.5722761571129799,0
674,0.8580605780178854,0.04960998618654104,0.04060813981201326,0.014431020303787033,0.0006932548828528385,0.00035643258299397564,100.0,0.0,64.05,2.8543825952384165,1.05,0.21794494717703372,4.5,0.7416198487095663,0
675,0.8578844200351536,0.050965679823624,0.03954925143696364,0.014331281173123853,0.0007599624623360133,0.0005390887372920811,100.0,0.0,62.75,2.5074887836239665,1.125,0.3112474899497183,4.5,0.7416198487095663,0
676,0.8617123836828672,0.04622474187541765,0.03947150745956842,0.012920815790184382,0.0007229171340450863,0.0003231459053203253,100.0,0.0,63.15,2.5743931323712,1.0,0.0,4.45,0.7399324293474372,0
677,0.8616573547634871,0.04245293438816218,0.03874603545148301,0.012811288121125357,0.000750314654159958,0.0003016527171220848,100.0,0.0,63.1,2.773084924772409,1.1,0.2549509756796392,4.15,0.6538348415311009,0
678,0.8665064063338468,0.04172615070159994,0.037921275125139965,0.011886952973465205,0.0007253021471600588,0.0003241279128458345,100.0,0.0,63.1,2.6438608132804573,1.05,0.21794494717703372,4.15,0.7262919523166976,0
679,0.8699296057594402,0.03960931650716877,0.037085935590007765,0.012289501587687938,0.0007037848497146069,0.0002990273457371162,100.0,0.0,62.4,3.5693136595149495,1.15,0.32015621187164245,4.25,0.5361902647381804,0
680,0.8691970757030921,0.042085407789073694,0.036949455663913375,0.013138855542255311,0.0007030454744046874,0.00032274674967579643,100.0,0.0,64.8,3.249615361854384,1.0,0.0,4.15,0.9630680142129111,0
681,0.8688322141328382,0.040251519272193045,0.03716696604806667,0.012354427209949902,0.0007224728418151929,0.00029670660725983903,100.0,0.0,63.55,3.2630507198019467,1.05,0.21794494717703372,4.4,0.7348469228349535,0
682,0.8644869604890667,0.04019381632902165,0.03659427384434828,0.012447493082416711,0.0007904679093077817,0.00034535755175778136,100.0,0.0,63.75,3.3893214660164652,1.05,0.21794494717703372,4.45,0.9733961166965893,0
683,0.87243863834924,0.03927670917388683,0.0351458885737917,0.013329117795634504,0.0007343338734429508,0.00033149069875692015,100.0,0.0,63.7,2.685144316419511,1.0,0.0,4.35,0.7262919523166976,0
684,0.8745634870299032,0.038071045087988725,0.03424539828550549,0.011993721766367838,0.000756749584735827,0.000348763978737448,100.0,0.0,64.05,2.836811590500857,1.05,0.2179449471770337,4.15,0.7921489758877431,0
685,0.8795239919715291,0.04097176455516702,0.03308085240085,0.013041720759257207,0.000725759715320868,0.0003530067526175745,100.0,0.0,64.4,1.772004514666935,1.0,0.0,4.2,0.5099019513592784,0
686,0.8767551301529901,0.038491216689129464,0.03427449808024374,0.012314447791311288,0.0007304700546568263,0.0003546445099024871,100.0,0.0,64.25,2.930443652418521,1.025,0.10897247358851683,4.05,0.6689544080129826,0
687,0.8748344707630691,0.03722857370862822,0.03389587806747375,0.012882680704372778,0.0007623096544542332,0.00035511042872238063,100.0,0.0,63.4,2.956349099818897,1.0,0.0,4.4,1.0677078252031311,0
688,0.87770158237911,0.039121517058170546,0.03383763719517149,0.013025875377437044,0.0007286208166231493,0.000305753763178556,100.0,0.0,64.05,3.0409702399069936,1.025,0.10897247358851683,4.05,0.739932429347437,0
689,0.8730700167167555,0.04779900827113295,0.03410889794908187,0.014037710131535175,0.0007714533390679976,0.00034493019740718675,100.0,0.0,62.95,3.9303307748839664,1.075,0.23848480035423641,4.35,1.0136567466356647,0
690,0.8725146221199921,0.045876997963519406,0.035796812618680326,0.01236521233351083,0.0007436113253911735,0.0003188939863761517,100.0,0.0,63.7,2.72213151776324,1.05,0.21794494717703372,4.1,0.5385164807134504,0
691,0.8756572146234152,0.04267910486757883,0.03406564950052844,0.011901129044648379,0.0007682688969036522,0.00034836358180113534,100.0,0.0,63.2,3.5721142198983498,1.075,0.23848480035423641,4.25,0.9937303457175896,0
692,0.8741439638365816,0.03861822326902512,0.034048460705406125,0.011955087633700517,0.0007847682758799253,0.00031076427454128374,100.0,0.0,64.2,3.54400902933387,1.1,0.2549509756796392,4.05,0.804673846971554,0
693,0.8748703579568,0.039408856691408055,0.03316085588823446,0.013213290345854278,0.0007857612250642042,0.0002760014107568662,100.0,0.0,64.05,3.3087006513131403,1.05,0.2179449471770337,4.35,0.7921489758877431,0
694,0.8795510500676672,0.03610569130310335,0.03302707149846654,0.012571019504717144,0.000733390213418463,0.00026727316423550356,100.0,0.0,64.05,2.1324868112136124,1.0,0.0,3.9,0.5385164807134504,0
695,0.8805865338006319,0.039978118744677216,0.03146460373586658,0.01322359005501167,0.0007684013817417721,0.00025388607416716047,100.0,0.0,62.75,2.6052830940226053,1.075,0.23848480035423641,4.25,0.5361902647381804,0
696,0.8821642975849521,0.038333730075831525,0.02948824699286623,0.014163534381849986,0.0007926464829436508,0.0003279209879428406,100.0,0.0,62.8,3.3105890714493693,1.15,0.3570714214271425,4.05,0.6689544080129826,0
697,0.8835799223407286,0.03594989591025826,0.029777484184894436,0.01266791003835943,0.0007834476690364801,0.00035002978429924064,100.0,0.0,63.55,2.2017038856303994,1.1,0.3,4.15,0.6538348415311012,0
698,0.8818574564960493,0.034206835017147184,0.03153991973535318,0.013191270875820489,0.0007401611552728936,0.0003935805625075411,100.0,0.0,62.95,3.0409702399069936,1.025,0.10897247358851683,4.5,0.8660254037844386,0
699,0.8840723176322273,0.032953844026985805,0.03134933896247046,0.013686732589332434,0.0007175211486035358,0.0003204049829396194,100.0,0.0,63.5,3.0903074280724887,1.05,0.21794494717703372,4.0,0.8366600265340756,0
700,0.8832085070301894,0.03711814349402415,0.0319555602845341,0.013708442720462196,0.0007309826333405935,0.0003739953886316759,100.0,0.0,63.05,2.654712790491657,1.05,0.21794494717703372,4.4,0.7348469228349535,0
701,0.8897313688712231,0.03801221433076837,0.03151342006951749,0.0124685426134685,0.0006571407498899813,0.0003498478283912492,100.0,0.0,62.7,3.3331666624997918,1.1,0.3,4.35,0.8529361054615991,0
702,0.8827451568867314,0.0420118910196975,0.03124168166112277,0.01271927445109504,0.0007462517899514144,0.00032036094019150815,100.0,0.0,63.75,3.0639027399707057,1.0,0.0,4.35,1.0136567466356645,0
703,0.8801409570087534,0.03817965257226803,0.03171193489896176,0.012043545589093098,0.0007782344271585835,0.00035486651629878016,100.0,0.0,63.95,2.1788758569500923,1.0,0.0,4.0,0.6324555320336759,0
704,0.8842076424212507,0.03941803940281804,0.030436513777951413,0.012311743663533957,0.0007566083610535807,0.00034036490869244796,100.0,0.0,62.75,2.913331426391443,1.1,0.3,4.45,0.8645808232895291,0
705,0.8860653597300756,0.03830284820883074,0.030935444467751844,0.010881859958008354,0.0007324121545626858,0.0003080291825134915,100.0,0.0,62.75,2.7363296585024255,1.025,0.10897247358851683,4.35,0.5722761571129799,0
706,0.8879908460286968,0.03530091212373363,0.03057085399756295,0.011687209922198065,0.0007139721423321047,0.00027511709986627857,100.0,0.0,62.6,2.764054992217051,1.0,0.0,4.25,0.6224949798994366,0
707,0.8869689403659324,0.035699639598932645,0.03011464089938038,0.011565043967773489,0.0007421771672901685,0.00022912411320375248,100.0,0.0,63.25,3.418698582794336,1.1,0.3,4.1,0.6244997998398398,0
708,0.8896364695390249,0.03596195168647952,0.02929378779298424,0.0112000886103084,0.0007410862072256465,0.00025252164483463005,100.0,0.0,63.25,2.5074887836239665,1.1,0.3,4.2,0.6,0
709,0.8931154934080323,0.0400959504215087,0.027262950150031162,0.012355607106074454,0.000738850092973891,0.0002920700028521925,100.0,0.0,62.65,3.4967842369811724,1.1,0.3,4.1,0.7681145747868608,0
710,0.8872238872615625,0.04566086989053658,0.028627691844075376,0.014411327188301114,0.0007646550948161273,0.00027622461270603575,100.0,0.0,63.45,2.801338965566288,1.0,0.0,4.2,0.6,0
711,0.8884172941599455,0.04693598206030137,0.02729242100853967,0.014609628733731866,0.0007707968470002458,0.0003098373732002031,100.0,0.0,63.35,3.6093628246547893,1.1,0.3,4.1,0.7000000000000001,0
712,0.8930119983948579,0.04765427226618284,0.026351814979238535,0.015282656612958348,0.0007206487248981964,0.00028243064050058114,100.0,0.0,63.05,2.479415253643488,1.075,0.23848480035423641,4.3,0.8426149773176358,0
713,0.8903970675423707,0.049963456669094825,0.026512823311729865,0.014444534958713513,0.0007678090146155205,0.00036685375744318434,100.0,0.0,62.6,2.870540018881465,1.075,0.23848480035423641,4.25,0.7664854858377946,0
714,0.8909050080819142,0.049586073924290465,0.02554033162656626,0.01469268206670056,0.0007807755560241483,0.00037157390203110485,100.0,0.0,64.6,3.7067505985701277,1.05,0.21794494717703372,4.2,0.7483314773547883,0
715,0.8931031771582273,0.04755468204878666,0.025688411771563925,0.014813609629101054,0.0007496746048269864,0.0003767972872464504,100.0,0.0,64.1,2.4677925358506134,1.0,0.0,4.2,0.5099019513592784,0
716,0.8918700092634524,0.043591178828534756,0.025073299192103583,0.013443777973822171,0.0008000156378597032,0.0003702767706737716,100.0,0.0,63.9,2.364318083507378,1.025,0.10897247358851683,4.1,0.6244997998398398,0
717,0.8894463514449449,0.04283546365079669,0.02525543878565544,0.011854804157906048,0.0008539659955551171,0.0004092502603300795,100.0,0.0,62.75,2.913331426391443,1.05,0.21794494717703372,4.15,0.8529361054615991,0
718,0.8854938298178139,0.043667248095377774,0.02583588491265848,0.012190687034322096,0.0009305441084312144,0.00043606106139484386,100.0,0.0,63.45,2.3553131426627756,1.05,0.21794494717703372,3.9,0.7681145747868608,0
719,0.8885475039040539,0.03711068771724462,0.025814688267012175,0.011800845976900608,0.0008685872355884827,0.00037319880608065387,100.0,0.0,63.25,3.404041715373065,1.075,0.23848480035423641,4.2,0.5099019513592784,0
720,0.8892432063883794,0.04026146367288538,0.026571640194230063,0.012252184599149011,0.0008351910198510209,0.0003349338303774656,100.0,0.0,63.55,1.8020821290940099,1.0,0.0,4.25,0.5361902647381804,0
721,0.8933292014337433,0.04221525196176441,0.02577689876810287,0.013401638814293688,0.0007788021257577125,0.00030941248169190225,100.0,0.0,63.55,2.1788758569500923,1.025,0.10897247358851683,4.4,0.58309518948453,0
722,0.894756142600077,0.039927296751176906,0.026575328853118925,0.01320430235483316,0.000751310476948796,0.0002882469020414688,100.0,0.0,63.2,3.0757112998459397,1.05,0.21794494717703372,4.3,0.6403124237432849,0
723,0.8933883919637247,0.03942087242171906,0.027062184303711066,0.012435714930628564,0.000767644206747221,0.00033400133239967945,100.0,0.0,63.6,2.615339366124404,1.05,0.21794494717703372,4.35,0.7921489758877431,0
724,0.8991149619773898,0.03239740765391371,0.024891936067214605,0.012929330483815579,0.0007377079633702873,0.0002778185027813419,100.0,0.0,63.7,2.3895606290697042,1.1,0.3,4.2,0.9797958971132712,0
725,0.9017670465812125,0.03207923988228804,0.024278189700481234,0.012301882570982721,0.0007314308486529995,0.0002788243956274415,100.0,0.0,63.3,3.0675723300355937,1.075,0.23848480035423641,4.4,0.8602325267042626,0
726,0.902956431454094,0.04406338775854321,0.02489412735161049,0.01281132603265848,0.0007083928147830672,0.00038125715435093424,100.0,0.0,62.75,3.191786333700926,1.2,0.3674234614174767,4.05,0.6689544080129826,0
727,0.9037505497524669,0.04450811849485531,0.024070276638990272,0.013167330079791572,0.0007189934872713629,0.000392220654216566,100.0,0.0,62.6,2.8530685235374214,1.025,0.10897247358851683,4.05,0.739932429347437,0
728,0.9104807999819468,0.035166571310135,0.02239771770496664,0.012259840720329592,0.0006646363070349503,0.0003387997202493284,100.0,0.0,62.95,3.3537292675468007,1.075,0.23848480035423641,4.25,0.5361902647381804,0
729,0.908751321176959,0.03648505959357286,0.021809388792679414,0.011087284972817605,0.0007316078479492744,0.0004058013681392092,100.0,0.0,63.15,2.6509432283623124,1.075,0.23848480035423641,4.45,0.8046738469715541,0
730,0.9147183023496872,0.036978706088162824,0.02089111322029374,0.011328658677407497,0.0006758757540566143,0.0003756589451132006,100.0,0.0,63.3,2.8478061731796287,1.075,0.23848480035423641,4.3,0.9539392014169457,0
731,0.913559652361316,0.035099577820211905,0.02063375052227747,0.012117531785014108,0.0006894796140747813,0.0003629812749095619,100.0,0.0,63.45,2.9406631905065233,1.0,0.0,4.1,0.7681145747868608,0
732,0.9107697501611101,0.0369204145102365,0.020502171338308527,0.011752605568998858,0.0007325360299645511,0.00037124764599700253,100.0,0.0,63.55,3.0736785778607367,1.05,0.21794494717703372,4.05,0.6689544080129826,0
733,0.9119320905577268,0.035244971886877016,0.02166104517589478,0.01144513339644196,0.0006975460147268321,0.00035637613452169033,100.0,0.0,62.85,4.80910594601533,1.1,0.3,4.4,0.66332495807108,0
734,0.9143277785592971,0.036280874415650304,0.019766426008119283,0.01138664408179839,0.0007134095139396816,0.00040807299271453074,100.0,0.0,62.95,3.3686050525402944,1.0,0.0,4.35,0.7262919523166975,0
735,0.9195265448980476,0.03894084942603008,0.018454364932732715,0.010592495801706583,0.0006845234317822325,0.0004699810910583841,100.0,0.0,62.15,2.4753787588973126,1.225,0.40233692348577704,4.2,0.6782329983125269,0
736,0.918847535239029,0.032405170257604,0.020362070853507816,0.009132340253936447,0.000661458236040573,0.00038492760625656635,100.0,0.0,64.1,2.844292530665578,1.0,0.0,3.85,0.47696960070847283,0
737,0.9238412268714494,0.028083828160458405,0.01984334126693672,0.010499292848484927,0.0005946774124293691,0.0002675767254278,100.0,0.0,63.7,3.1480152477394387,1.025,0.10897247358851683,4.5,0.806225774829855,0
738,0.923380713220976,0.02444551686307193,0.01884914704831995,0.010000027637256027,0.0006252098697501065,0.00024460972804921593,100.0,0.0,63.65,3.1666228067138023,1.0,0.0,4.15,0.653834841531101,0
739,0.9243872545214928,0.027579144368807106,0.019568357536771157,0.010588403238599784,0.0005837027465653595,0.00023789849274287502,100.0,0.0,63.9,3.345145736735546,1.05,0.21794494717703372,4.15,0.9096702699330127,0
740,0.9238366567447844,0.029720988572137178,0.02041766570353345,0.009395072650430637,0.000585182986385036,0.0002581223312367578,100.0,0.0,64.4,2.8178005607210737,1.0,0.0,4.25,0.5361902647381804,0
741,0.9234243145391945,0.03111713984918312,0.02048320208745514,0.010356234394413636,0.0005874141097303231,0.0002750164956563579,100.0,0.0,63.6,3.8131351929875237,1.05,0.21794494717703372,4.55,0.7399324293474372,0
742,0.9288233365148445,0.033510985496045996,0.019409847619987486,0.010792139515556153,0.0005311704991478588,0.0003004097024931838,100.0,0.0,63.05,1.9868316486305526,1.075,0.23848480035423641,4.45,0.5894913061275798,0
743,0.9244973120870554,0.03384651721710478,0.018040742899543872,0.011343400003843852,0.0006081885182619706,0.00032571266699272226,100.0,0.0,64.8,2.803569153775237,1.0,0.0,4.3,0.9,0
744,0.9224221028607117,0.033360989453377114,0.019205524525332782,0.011005694125081934,0.0006219842559002542,0.0003216557451848465,100.0,0.0,62.95,2.6358110706194404,1.075,0.23848480035423641,4.3,0.714142842854285,0
745,0.9210224091490267,0.032803853235824146,0.02071861496417301,0.010942912880446182,0.0006165064180210676,0.00029562868407037623,100.0,0.0,63.75,3.0475399915341552,1.1,0.3,4.15,0.7262919523166975,0
746,0.9237411004202839,0.02991801325625607,0.019939529688336687,0.010014761408162627,0.0006056694723657539,0.00027133929481659556,100.0,0.0,63.4,2.4979991993593593,1.0,0.0,4.2,0.39999999999999997,0
747,0.9248031776413,0.02817931550660338,0.018801579335180306,0.009734203337921252,0.0006155462734984135,0.00026667030294471347,100.0,0.0,62.6,3.4698703145794947,1.0,0.0,4.65,0.9096702699330126,0
748,0.928251930789467,0.02835995388604379,0.019170300349843072,0.010551167555990436,0.0005497721891955451,0.00026134203839574916,100.0,0.0,62.35,3.1507935508376295,1.125,0.3112474899497183,4.45,0.7399324293474372,0
749,0.9289382489546458,0.02551784734344749,0.018479579856860395,0.008448734900042424,0.0005760641570344705,0.0002660617111817282,100.0,0.0,64.25,2.5074887836239665,1.0,0.0,4.25,0.5361902647381804,0
750,0.9286340558134609,0.02648496475978796,0.018357132892172542,0.009055037185593806,0.0005698814343832687,0.0002675623767381449,100.0,0.0,63.55,3.5422450508117027,1.125,0.3112474899497183,4.25,0.6224949798994366,0
751,0.926872799562006,0.02522990377395683,0.01893515739974943,0.009405522293466934,0.0005844989739439079,0.0002775834747648973,100.0,0.0,64.8,3.1240998703626612,1.05,0.21794494717703372,3.95,0.6689544080129827,0
752,0.9277006702599809,0.02581218801910607,0.018260199092105585,0.010131413116882943,0.000580957415127675,0.0002459777469053885,100.0,0.0,64.55,2.7834331319433563,1.0,0.0,4.2,0.5099019513592784,0
753,0.926326638682947,0.027146350138140322,0.018380356416762174,0.010374780046668239,0.0005968482903087807,0.0002580593843560088,100.0,0.0,62.7,3.0838287890218554,1.125,0.3112474899497183,4.0,0.7071067811865476,0
754,0.924723029974398,0.030581215291660947,0.017504078661514974,0.0099794040367587,0.0006339223825392033,0.0002789796670776118,100.0,0.0,63.2,3.6687872655688283,1.175,0.36314597615834876,4.4,1.0198039027185568,0
755,0.9259168075794845,0.028778657376306103,0.016692339977629027,0.009278258563512306,0.0006363888280790999,0.0002884251987438465,100.0,0.0,63.4,3.1048349392520045,1.0,0.0,4.3,0.6403124237432849,0
756,0.9275172415541866,0.02916142820067401,0.015629484199690034,0.010242351863064967,0.0006245429417975434,0.0002663949441380522,100.0,0.0,63.0,2.8809720581775866,1.0,0.0,4.6,0.8602325267042626,0
757,0.9256656559899271,0.03051042707859989,0.01574191275388995,0.009894242259052095,0.000649431960545851,0.0003340312842510866,100.0,0.0,63.85,2.7977669667075564,1.125,0.3112474899497183,4.0,0.7745966692414834,0
758,0.9233307841527513,0.030680984239522643,0.016755277435983387,0.008978154118216543,0.0006708368814399835,0.00033180808272462886,100.0,0.0,63.15,3.1348843678834477,1.15,0.32015621187164245,4.0,0.6324555320336759,0
759,0.9214298914576977,0.02960451564016978,0.01751594661103861,0.009596461824156733,0.0006822773685815964,0.00029376055163446375,100.0,0.0,64.05,2.5194245374688244,1.05,0.21794494717703367,4.2,1.0770329614269007,0
760,0.9276925255396558,0.0242502693755813,0.017531231273910677,0.007854116389905411,0.0006161862420644076,0.000282992376636832,100.0,0.0,63.55,3.089902911096076,1.075,0.23848480035423641,4.3,0.714142842854285,0
761,0.928722948546669,0.024066264232172906,0.015877246468110142,0.008517742330799747,0.0006301633728053103,0.0002833269677050987,100.0,0.0,62.05,4.684815898197067,1.175,0.36314597615834876,4.1,0.6244997998398398,0
762,0.9302388475347667,0.023786605212138188,0.015563161124498511,0.008168969310314427,0.0006200710002998833,0.0002529784952712436,100.0,0.0,62.25,3.7399866309921483,1.15,0.3570714214271425,4.1,0.8306623862918074,0
763,0.9310660029734127,0.023958980899228127,0.015500996990103108,0.008176528451310791,0.000612217235466403,0.0002130505171373522,100.0,0.0,63.75,3.476708213238494,1.15,0.3570714214271425,4.1,0.6244997998398398,0
764,0.9341866353750102,0.03041650343797769,0.016143514835129172,0.00874332376648578,0.0005561530785731328,0.00025541275017581817,100.0,0.0,63.05,2.1788758569500923,1.0,0.0,4.0,0.4472135954999579,0
765,0.9315733580733039,0.03206259313313263,0.014982556356688933,0.00973559472019463,0.0006006427948973674,0.000287778824615521,100.0,0.0,63.7,2.5709920264364885,1.0,0.0,4.05,0.5894913061275798,0
766,0.9347489260445825,0.029485709714555268,0.016219937546739026,0.009812891428225654,0.00054185683719184,0.0002294787983329839,100.0,0.0,63.55,2.3973944189473704,1.125,0.3112474899497183,4.15,0.5722761571129799,0
767,0.9323990185608778,0.030775515809664936,0.017068496855305766,0.01078281273611424,0.0005485965723070646,0.0001963150477572784,100.0,0.0,63.6,3.3376638536557275,1.1,0.3,4.25,0.698212002188447,0
768,0.9361343617374489,0.03273479224921988,0.016225113109681135,0.009230180069850574,0.000540744784035566,0.00028328892853281745,100.0,0.0,63.2,2.249444375840399,1.0,0.0,4.2,0.812403840463596,0
769,0.9396719007608608,0.029686338650272006,0.015547938065881162,0.008529549997026566,0.0005123627646993593,0.00025204126631165713,100.0,0.0,63.55,2.4387496796514396,1.0,0.0,4.4,0.7999999999999999,0
770,0.9421713711277245,0.02928143335009093,0.01597067609484958,0.008290874672403924,0.000476959214025618,0.00024249809402297686,100.0,0.0,63.55,3.4128433893163046,1.0,0.0,4.45,0.9205976319760985,0
771,0.9434562799997849,0.027751726315768666,0.015717378776271242,0.008521258088121434,0.0004615743764869208,0.00023972441816595214,100.0,0.0,64.1,3.6728735344413916,1.075,0.23848480035423641,4.3,0.8426149773176358,0
772,0.9417845755957123,0.03200739916755136,0.016071497352235425,0.009362512288622924,0.00047029848490022367,0.0002759617570495407,100.0,0.0,64.55,3.2011716605018234,1.075,0.23848480035423641,4.15,0.7921489758877431,0
773,0.9428282088412132,0.027597149584288168,0.015363645202337411,0.009114273573035571,0.0004705480075169477,0.0002876885231950791,100.0,0.0,63.4,3.903844259188627,1.1,0.3,4.3,0.7810249675906654,0
774,0.9399571888327234,0.02875008582649509,0.015114402886730466,0.007745716017783664,0.0005270506888952551,0.0003123043814788117,100.0,0.0,64.1,3.080584360149872,1.0,0.0,4.05,0.6689544080129826,0
775,0.940620796548958,0.027087155749006622,0.015354392553333707,0.007165173724430175,0.0005244481801687986,0.00027959489136887485,100.0,0.0,63.5,2.7838821814150108,1.0,0.0,4.1,0.6244997998398398,0
776,0.9432480177538967,0.027766052073905065,0.015400338060119983,0.007217065046805417,0.0004809697016846902,0.0002738947904793185,100.0,0.0,63.0,2.345207879911715,1.0,0.0,4.05,0.6689544080129826,0
777,0.9411942004997318,0.02582326617848325,0.016062672428452895,0.007383247404385673,0.0004929793319208523,0.00022501493538662614,100.0,0.0,62.6,3.1208973068654475,1.15,0.3570714214271425,4.6,0.7348469228349535,0
778,0.9435206189892732,0.029077604805876327,0.01741461661613858,0.008189501403403892,0.00043360528500710363,0.00026978386272156986,100.0,0.0,62.45,2.7654113618049667,1.125,0.3112474899497183,4.1,0.6244997998398398,0
779,0.9415869865975386,0.030213330969218837,0.01773137330784017,0.009275088012961409,0.00044311888697364253,0.00027882194591822364,100.0,0.0,64.25,2.342541355024496,1.05,0.21794494717703372,4.1,0.7681145747868608,0
780,0.939001867861138,0.029469991338465045,0.017725215466713677,0.008264604994380455,0.0004867982899603034,0.000315415011663765,100.0,0.0,63.65,3.424543765233553,1.1,0.3,4.2,0.6,0
781,0.9415608815850532,0.028034895036862146,0.016667241928562955,0.00793896861799474,0.00047706147592628507,0.0002854065814187138,100.0,0.0,63.6,3.1685959035509725,1.05,0.21794494717703372,4.1,0.7000000000000001,0
782,0.9383813064089672,0.028401275510854408,0.017060290242927736,0.007928561181467876,0.0005148540272492138,0.00029651331150376374,100.0,0.0,63.1,2.6057628441590768,1.0,0.0,4.4,0.66332495807108,0
783,0.9367511118306414,0.0299409817782152,0.018344507134361105,0.007857960303390062,0.0005126470102751843,0.00028531917003096725,100.0,0.0,63.3,3.4655446902326914,1.1,0.3,4.1,0.5385164807134504,0
784,0.937461317544491,0.03077629868846743,0.016751254706377457,0.008082335711669242,0.0005199190663901415,0.00031595721555913544,100.0,0.0,64.4,2.956349099818896,1.025,0.10897247358851683,3.95,0.6689544080129826,0
785,0.9353023668985463,0.031138023429818727,0.016839078019303646,0.00950226604342495,0.0005374380162395969,0.0003426001267849599,100.0,0.0,64.3,2.3473389188611007,1.0,0.0,4.15,0.6538348415311012,0
786,0.9374071098614241,0.031378377853063015,0.017281535412517587,0.009344225752204673,0.000504518359538828,0.0003071719666001658,100.0,0.0,62.65,3.1666228067138023,1.025,0.10897247358851683,4.4,0.6633249580710799,0
787,0.9345998942489654,0.030233636451689142,0.016504405656471207,0.009176529496233906,0.000553597370589315,0.00033250860809158546,100.0,0.0,63.95,2.0365411854416298,1.0,0.0,4.05,0.3840572873934304,0
788,0.9346749023955836,0.03167118829715801,0.016381256806119977,0.008841524084283606,0.0005601451279576698,0.00033714370865251827,100.0,0.0,64.6,2.4779023386727737,1.0,0.0,4.1,0.7,0
789,0.938793952545861,0.0287137138208162,0.015801833587399935,0.009550272964159268,0.0005086837022541576,0.000287236893358687,100.0,0.0,63.95,2.9236107812087435,1.025,0.10897247358851683,4.0,0.6324555320336759,0
790,0.9381206894442112,0.02802071179845755,0.015588442079271195,0.008355676396605026,0.0005344159819493015,0.0003101761169971103,100.0,0.0,64.35,3.118894034750139,1.075,0.23848480035423641,4.1,0.7681145747868608,0
791,0.9365882744739729,0.02962021439031134,0.015199474725903864,0.008927930083326076,0.0005602856636450434,0.0003063731787436498,100.0,0.0,62.95,2.7472713735632306,1.0,0.0,4.25,0.82915619758885,0
792,0.9313964033048157,0.02969629085477883,0.017025260077117958,0.009505380097786988,0.0005913156889621572,0.00028687215374550073,100.0,0.0,62.45,2.923610781208744,1.175,0.36314597615834876,4.35,0.9630680142129111,0
793,0.9367447813769421,0.02758332235874244,0.01710072338456276,0.00777794003326936,0.0005271345224870822,0.0002521789298927138,100.0,0.0,62.35,2.8857408061016154,1.15,0.3570714214271425,4.2,0.6782329983125269,0
794,0.9359447115411607,0.02907737529036696,0.016781635706493096,0.0073392478701157565,0.0005468255672832571,0.0002743662466471529,100.0,0.0,64.6,3.4698703145794942,1.15,0.3570714214271425,4.15,0.653834841531101,0
795,0.9366196263892494,0.024303810512785372,0.015270829034450022,0.007458583258105359,0.0005559371447904629,0.00023537108447473933,100.0,0.0,63.65,2.669737814842499,1.05,0.21794494717703372,4.3,0.5567764362830021,0
796,0.935780153380717,0.026724903746959038,0.017236645095496654,0.009241832728122396,0.0005207929479948521,0.0002198158828665795,100.0,0.0,64.15,4.304358256465184,1.1,0.3,4.2,0.6782329983125268,0
797,0.9353432149241592,0.026441827322437356,0.018467614390779548,0.010476641883819986,0.0004981164355070737,0.00019265827541796657,100.0,0.0,63.05,3.1855140872392953,1.1,0.3,4.55,0.8645808232895291,0
798,0.9351171206464228,0.02657736952719772,0.018843890028888102,0.010582695842276599,0.0004961904496723348,0.00020993445382992088,100.0,0.0,62.4,3.184336665618132,1.05,0.21794494717703372,4.75,0.7664854858377946,0
799,0.9367060202237987,0.025138872756694103,0.018838639865093633,0.010131391212998303,0.0004684149699923432,0.0002102726100232804,100.0,0.0,62.5,2.9410882339705484,1.05,0.21794494717703372,4.45,0.6689544080129827,0
800,0.9342538787473297,0.026587711053679165,0.02025560975204835,0.009273876710260634,0.000477795495259183,0.00019621743936029134,100.0,0.0,63.5,2.9916550603303182,1.025,0.10897247358851683,4.4,0.4898979485566356,0
801,0.9319348107277932,0.02630897523661563,0.02036689032616622,0.009926045128368243,0.0004938701857537303,0.00020554057098798938,100.0,0.0,63.05,2.4591665254715873,1.05,0.21794494717703372,4.15,0.6538348415311012,0
802,0.9325854359671283,0.02372343429364459,0.021225979615036396,0.009378336142887203,0.0004719775685952612,0.0002025599519871325,100.0,0.0,63.7,2.9342801502242426,1.1,0.3,4.1,0.8306623862918076,0
803,0.9277504809553767,0.02540875108442284,0.022779932511260523,0.00932293463454731,0.0005053525337803597,0.0002290984864940463,100.0,0.0,63.45,3.2935543110748915,1.075,0.17853571071357124,4.15,0.5722761571129799,0
804,0.9251574311071474,0.0213855709104338,0.023050864536255954,0.009250369353361999,0.0005239063913668309,0.00022835869143936408,100.0,0.0,63.65,3.395217224272992,1.125,0.3112474899497183,3.8,0.5099019513592784,0
805,0.9239844609004308,0.022764706163516536,0.02227158228437079,0.009850490929323951,0.0005461327941425358,0.00023679697835021652,100.0,0.0,62.9,3.3000000000000003,1.075,0.23848480035423641,4.45,1.0712142642814275,0
806,0.921747284329488,0.029237568098293955,0.02264786017843248,0.01131427780659119,0.0005593381164976049,0.00021127681942618605,100.0,0.0,64.05,3.278337993557101,1.05,0.21794494717703372,4.0,0.6324555320336759,0
807,0.9230164357850074,0.02878910541815321,0.02285772036577257,0.010505478784301308,0.0005355549927977906,0.00018732441479098034,100.0,0.0,63.75,2.8262165522125158,1.0,0.0,4.4,0.6633249580710799,0
808,0.9210246498200384,0.0325955039619399,0.023127769884093853,0.011146040792200424,0.0005428288720109234,0.00024651083100447993,100.0,0.0,63.4,2.4372115213907883,1.05,0.21794494717703372,4.15,0.7262919523166976,0
809,0.916524677120847,0.03346774220190935,0.025254362844364147,0.011033414306676082,0.0005700890383662771,0.000326488210490855,100.0,0.0,63.7,3.407345007480164,1.0,0.0,4.35,0.5722761571129799,0
810,0.9144879515416964,0.032683772144689316,0.026465414801422494,0.010730601619728988,0.0005481254941910708,0.000218592121995456,100.0,0.0,63.65,2.868361901852693,1.05,0.21794494717703372,4.25,0.8874119674649424,0
811,0.9187703256815363,0.03157094260362127,0.025775036064040236,0.009812887358703453,0.0005102668196284117,0.00023368263799668955,100.0,0.0,62.8,2.8913664589601917,1.0,0.0,4.25,0.7664854858377946,0
812,0.914733051380679,0.032059037692042214,0.02601611311833809,0.009839170859646007,0.0005563399996356718,0.00024980065761109524,100.0,0.0,64.4,3.6110940170535573,1.05,0.2179449471770337,4.15,0.8529361054615991,0
813,0.9130426603341073,0.03134155829840395,0.02668880862985263,0.009857651622881759,0.0005565684027926457,0.0002429311136171983,100.0,0.0,63.25,2.662235902394827,1.0,0.0,4.3,0.9539392014169457,0
814,0.9163176859743591,0.028762338084411632,0.027749796993136483,0.008791767339806269,0.0004961577506266079,0.000191840598043522,100.0,0.0,63.05,3.3537292675468007,1.05,0.21794494717703372,4.3,0.714142842854285,0
815,0.912601807088028,0.031544783092988825,0.029299681075610283,0.009504320424328265,0.00048553600261707865,0.00016208530847849193,100.0,0.0,63.85,2.8857408061016154,1.0,0.0,4.15,0.7921489758877431,0
816,0.9053684470398004,0.0376165808164699,0.029859710392257988,0.011024680404006781,0.0005437723721513811,0.0002053584827870634,100.0,0.0,64.75,2.5074887836239665,1.075,0.17853571071357124,3.95,0.5894913061275798,0
817,0.9008495319084739,0.04273881299313271,0.0304309907491724,0.01128188555809998,0.0005748584157438963,0.0002636045298677459,100.0,0.0,64.05,3.7745860700214533,1.125,0.3112474899497183,4.05,0.5894913061275798,0
818,0.898294272899259,0.04419456304778781,0.03000754632131255,0.011708284007596416,0.0006128757087195443,0.0002827466995020017,100.0,0.0,63.35,2.4550967394381837,1.0,0.0,3.95,0.49749371855331,0
819,0.8928665961132047,0.04051402502350069,0.03349436838019814,0.012385609738029315,0.0005547519726090869,0.00018344765925049813,100.0,0.0,62.25,2.913331426391443,1.05,0.21794494717703372,4.5,1.02469507659596,0
820,0.8915244019599811,0.03956782463888975,0.033758671446471294,0.012245914120505921,0.0005664411395205097,0.0001924212193988731,100.0,0.0,64.3,3.4365680554879163,1.05,0.21794494717703372,4.1,0.6244997998398398,0
821,0.8898709616260305,0.037629139062267954,0.034908747889109415,0.011643453577160361,0.0005585787809907728,0.00020677015556979142,100.0,0.0,62.65,3.08666486681013,1.05,0.21794494717703372,4.25,0.6224949798994366,0
822,0.8894863236258959,0.034707784671099716,0.03407869066528492,0.011156006786404805,0.0005912111049733776,0.00027944821241300685,100.0,0.0,63.7,2.703701166919155,1.15,0.32015621187164245,4.2,0.6782329983125268,0
823,0.8830481471993432,0.031749418567592586,0.03510139637336294,0.010109922343014647,0.0006442897383628932,0.00030158628183340455,100.0,0.0,63.05,3.3387872049593095,1.2,0.4,3.95,0.5894913061275798,0
824,0.8853447088772922,0.03133616679921765,0.03443119352215261,0.009417411952261307,0.0006445141593357446,0.00028426129075878495,100.0,0.0,62.7,3.287856444554719,1.05,0.21794494717703372,4.25,0.698212002188447,0
825,0.8844155277857985,0.032127116404806345,0.03598051430721366,0.009512118192804769,0.0005957630552211728,0.00026263773948605326,100.0,0.0,62.65,3.439113257803529,1.2,0.4,4.25,0.698212002188447,0
826,0.8822983768542484,0.03146032692680694,0.03619310651803463,0.009589445662444632,0.0006141311455492775,0.0002720452681454154,100.0,0.0,63.05,4.153010955921017,1.15,0.3570714214271425,4.2,0.812403840463596,0
827,0.8827309581912084,0.03436905553377293,0.0364884682902476,0.010838146501758529,0.0005930061007478878,0.0002964606089252262,100.0,0.0,63.8,2.1354156504062622,1.025,0.10897247358851683,4.35,0.6538348415311012,0
828,0.8814499411460076,0.0327898711376539,0.03568483933242474,0.01145016682087355,0.000630220624068273,0.0002699801611954501,100.0,0.0,63.15,3.08666486681013,1.025,0.10897247358851683,4.0,0.6324555320336759,0
829,0.878931001794664,0.031697099400151085,0.03638054308501394,0.010915291117224645,0.0006393261167083952,0.00023625160717977628,100.0,0.0,63.2,3.5721142198983498,1.15,0.3570714214271425,4.4,0.6633249580710799,0
830,0.8753990271029819,0.0394047818802772,0.03879049625404336,0.011592258401138629,0.0005827638130283562,0.00025906205434266487,100.0,0.0,62.6,2.8530685235374214,1.1,0.3,4.3,0.7810249675906654,0
831,0.8730365476937166,0.0420520330206116,0.03850526067832315,0.012758871979163334,0.0006182780495319686,0.0002577755263019665,100.0,0.0,63.6,2.973213749463701,1.025,0.10897247358851683,4.5,0.9219544457292888,0
832,0.8703740113941443,0.042403564474947406,0.039437015889220876,0.012656908051397724,0.0005974539995845056,0.00025056039524837823,100.0,0.0,62.9,2.5865034312755126,1.05,0.21794494717703372,4.45,0.7399324293474372,0
833,0.8662708454384477,0.041211625831860485,0.04021418325913465,0.01161128243314198,0.0006360287502456616,0.0002664694497251676,100.0,0.0,63.1,2.4677925358506134,1.0,0.0,4.4,0.7999999999999999,0
834,0.8651455783302289,0.04040313437086284,0.040177684081116764,0.011087776286131421,0.0006552024870619638,0.00025865589150077,100.0,0.0,63.55,3.4128433893163046,1.075,0.23848480035423641,3.95,0.6689544080129827,0
835,0.8649346352917877,0.0427299379112599,0.03973325576147898,0.011874649556177282,0.0006631227389172739,0.0002732073283125547,100.0,0.0,64.5,3.263433774416144,1.05,0.21794494717703372,4.3,0.714142842854285,0
836,0.8618698278434204,0.043095668011518456,0.03969415989662286,0.0120554823088105,0.0007192486068004384,0.00024035990494533923,100.0,0.0,63.25,3.222964473896664,1.0,0.0,4.25,0.6224949798994366,0
837,0.861170193145081,0.038786701626090506,0.041101053622086464,0.010656027827378919,0.0006777083551550527,0.00023004679563989953,100.0,0.0,63.1,2.0712315177207983,1.125,0.3112474899497183,4.15,0.7262919523166975,0
838,0.858696542917998,0.03792917882241198,0.04196982678458547,0.011357766619965473,0.0006562250114165774,0.00021918285445938013,100.0,0.0,63.25,2.9811910371527683,1.05,0.21794494717703372,4.15,0.5722761571129799,0
839,0.8568470040259564,0.03668470055743515,0.04235339580221577,0.010442152818475856,0.0006746028536184433,0.0002661241179535136,100.0,0.0,62.25,2.6433879775772606,1.1,0.3,4.35,0.7262919523166975,0
840,0.8529586484080829,0.03545319680235853,0.04166085282944816,0.009763155178352535,0.0007658526551433154,0.0003186765062319536,100.0,0.0,63.5,2.224859546128699,1.05,0.21794494717703372,4.35,0.5722761571129799,0
841,0.8527755293949953,0.028259052918918507,0.04097087648735556,0.008698952607064454,0.0007979840993327617,0.0003362946591848451,100.0,0.0,62.5,2.224859546128699,1.05,0.21794494717703367,4.3,0.714142842854285,0
842,0.8530604663673105,0.028382760506970108,0.042172536503693694,0.00801068289018919,0.0007387525573632483,0.0002771645070044164,100.0,0.0,62.95,4.09237095092808,1.15,0.3570714214271425,4.3,0.9,0
843,0.8505230781217072,0.030249074219079578,0.04210674422238187,0.007727880730512917,0.000784703912881396,0.00032595109072692255,100.0,0.0,63.1,3.1448370387032774,1.025,0.10897247358851683,4.3,0.7810249675906654,0
844,0.8508722842838026,0.026559283996723367,0.04256900712378269,0.006930236495034269,0.0007605331022449328,0.0003206859841334816,100.0,0.0,63.25,3.7399866309921483,1.15,0.3570714214271425,4.2,0.5099019513592784,0
845,0.8518783602650766,0.028036944743275873,0.0422065921822468,0.007863039641394946,0.0007590948294823895,0.00034720671717049657,100.0,0.0,63.45,2.4794152536434875,1.125,0.3112474899497183,3.95,0.7399324293474371,0
846,0.8438816706083191,0.029596949200404128,0.044522833247035244,0.007821828383350497,0.000760325160068966,0.00035394132506048843,100.0,0.0,63.8,2.6,1.05,0.21794494717703372,4.0,0.6324555320336759,0
847,0.844867308447327,0.02998875703362765,0.045314551667052165,0.007550207932291303,0.0007074253321322271,0.00029770606278141766,100.0,0.0,63.75,2.426417111710186,1.0,0.0,4.3,0.6403124237432849,0
848,0.8466693006457378,0.03560064945045516,0.04581737377351913,0.008711630738196939,0.0006569198178154757,0.0002865629703085879,100.0,0.0,63.8,2.9257477676655586,1.1,0.3,3.95,0.49749371855331004,0
849,0.84527779215235,0.032431427835485936,0.04542575926078852,0.009531923095929686,0.000683574818985667,0.0003190179235291093,100.0,0.0,62.9,2.7367864366808012,1.05,0.21794494717703372,4.55,0.8046738469715542,0
850,0.8434363468081287,0.03492557149953194,0.04462001372318941,0.010718886924619756,0.0007468704004530876,0.00032102562995334086,100.0,0.0,64.25,3.7798809505062456,1.0,0.0,4.1,0.7000000000000001,0
851,0.8450415206545155,0.03269779746244529,0.044975179390347245,0.010997730958427272,0.0006947291327269569,0.00028408962405611116,100.0,0.0,63.75,2.426417111710186,1.0,0.0,4.1,0.6244997998398398,0
852,0.8429498560322186,0.03905510661338217,0.0463368276708262,0.011211943449746747,0.0006549249609859657,0.00027963123375763767,100.0,0.0,63.5,3.442382895611701,1.0,0.0,4.2,0.6,0
853,0.8353896312996151,0.03552047872410083,0.04538476085181301,0.013407667974566077,0.0007743192688729938,0.00028044102699687916,100.0,0.0,64.4,2.0591260281974,1.0,0.0,4.0,0.5477225575051661,0
854,0.8371601819542256,0.04279560602831309,0.0446883278132036,0.014554835645105806,0.0007709568992111475,0.0002526062205086741,100.0,0.0,63.35,3.1666228067138023,1.1,0.3,3.95,0.9205976319760983,0
855,0.8387367213890908,0.046750097038552076,0.04533895628920306,0.0150492513634448,0.0007133666549550925,0.0002532689309735757,100.0,0.0,63.75,3.4478254016118624,1.1,0.3,4.15,0.6538348415311009,0
856,0.8397588705130877,0.047443502999232764,0.045226037341842176,0.01438720337641795,0.0007174449189948538,0.00034450900127852747,100.0,0.0,63.9,1.8681541692269403,1.0,0.0,4.05,0.49749371855331004,0
857,0.8349237742247038,0.053606338675591225,0.04609060042873576,0.015698523946168035,0.0007208845039265159,0.0003355447162200866,100.0,0.0,63.05,3.3087006513131403,1.1,0.3,4.1,0.6244997998398398,0
858,0.8308227883477347,0.05191994022618328,0.04766724649501972,0.014831244952055967,0.0007137622934332954,0.00029664970071761095,100.0,0.0,63.6,3.813135192987524,1.075,0.23848480035423641,4.1,0.5385164807134504,0
859,0.8295635303088892,0.055366385429084494,0.04805142102188567,0.014534152015201746,0.0007183039293784966,0.00027936283736727915,100.0,0.0,62.6,3.2619012860600183,1.1,0.3,4.3,0.8426149773176358,0
860,0.8273264331931731,0.052172211634442536,0.04842983562298557,0.014619583501923411,0.0007125850048152442,0.00031311790454119023,100.0,0.0,61.85,2.5743931323712,1.15,0.32015621187164245,4.4,1.019803902718557,0
861,0.8249644709248708,0.052401026030723864,0.04812476306369816,0.014991734817418131,0.0007655117885780073,0.0002804837420087545,100.0,0.0,63.4,3.2465366161495854,1.1,0.3,4.3,0.6403124237432849,0
862,0.8271529667053461,0.05360480738330039,0.04625866856990722,0.015509814824679257,0.0008088257791866688,0.0003752800421147976,100.0,0.0,63.45,2.3764469276632285,1.075,0.23848480035423641,4.05,0.739932429347437,0
863,0.8259121576850026,0.053142821829096534,0.04434654837922941,0.017237643130692787,0.0008929670804972357,0.0004083023336575328,100.0,0.0,63.5,2.5,1.05,0.21794494717703372,4.15,0.653834841531101,0
864,0.8255027301320632,0.058093866777679075,0.04742033032838004,0.014914483672554747,0.000785662422796593,0.0003103032833680004,100.0,0.0,63.9,2.7184554438136375,1.1,0.3,4.1,0.30000000000000004,0
865,0.8245899250643219,0.0582007174019541,0.04809612003643632,0.015525592086429925,0.000753959175510143,0.00030774360400853614,100.0,0.0,63.8,3.8026306683663087,1.05,0.21794494717703372,4.2,0.812403840463596,0
866,0.8260635399256493,0.059452565310563595,0.047090071489293686,0.01632434534614184,0.0007692794014204236,0.0002804659778101454,100.0,0.0,63.65,2.815581645060217,1.075,0.23848480035423641,4.35,0.963068014212911,0
867,0.8272421954809313,0.06045249239226178,0.04479911374484748,0.017421674272087462,0.0008540517278735246,0.0002504133053776801,100.0,0.0,64.0,2.449489742783178,1.0,0.0,4.0,0.5477225575051661,0
868,0.8265143712252246,0.06467559689325263,0.044784543737690315,0.01753403831471402,0.0009057359233433914,0.00030459159853699357,100.0,0.0,64.0,2.32379000772445,1.0,0.0,4.25,0.6224949798994366,0
869,0.8277449211722564,0.0694651371294293,0.04511469006600195,0.018037525707619052,0.0008487765724157382,0.000320177076801342,100.0,0.0,63.35,3.453621287865825,1.1,0.2549509756796392,4.35,0.8529361054615991,0
870,0.8290255507581467,0.07332780821304136,0.04536308574510011,0.01918415662195081,0.0008125098385660801,0.0003673080640274938,100.0,0.0,62.05,4.06786184622831,1.275,0.43229041164476456,4.2,0.7483314773547883,0
871,0.8345127760662976,0.07304327147319377,0.044756278713913245,0.01832037095804307,0.0007847067957664725,0.0003211443590007879,100.0,0.0,64.8,3.026549190084311,1.0,0.0,3.85,0.7262919523166975,0
872,0.8279851657528324,0.07123236554743358,0.04647958725463325,0.01769926312468814,0.0008016961479739163,0.0003698418158228319,100.0,0.0,62.9,2.8442925306655784,1.15,0.3570714214271425,4.15,0.5722761571129799,0
873,0.8357115489338952,0.07336259788608278,0.045300102872778525,0.01910203805354932,0.0007315354841091603,0.0003002129524324114,100.0,0.0,63.85,2.8508770580296865,1.05,0.21794494717703372,4.2,0.6782329983125269,0
874,0.8363770370256878,0.07363393596816915,0.044826497137340056,0.019340154903395263,0.0007386619094586325,0.00030161990708614934,100.0,0.0,64.35,3.365635155509284,1.025,0.10897247358851683,3.85,0.5722761571129799,0
875,0.8328027742209944,0.07718218636082326,0.04598854017594896,0.019576466299958198,0.000745176613619824,0.0003168077762716327,100.0,0.0,63.95,2.654712790491657,1.0,0.0,4.35,0.653834841531101,0
876,0.8314020237669612,0.07817094244064808,0.04513459047816849,0.01950241105938273,0.0008120434860554698,0.0003813453268760428,100.0,0.0,62.9,3.345145736735546,1.15,0.3570714214271425,4.2,0.7483314773547883,0
877,0.8390990657308428,0.07535700980977433,0.04368849826747831,0.019550075266647163,0.0007750621376891992,0.00038822568588685086,100.0,0.0,63.5,3.52845575287547,1.05,0.21794494717703372,4.35,0.6538348415311012,0
878,0.8433936844090029,0.07079206883326294,0.044553402622002566,0.018688183297946238,0.0006730117637745597,0.0003467408739922361,100.0,0.0,62.15,3.5535193822462827,1.1,0.3,4.6,0.66332495807108,0
879,0.8469926791911673,0.071784008735924,0.044449020900203876,0.01940176603131748,0.0006218323802477796,0.0003072529407879272,100.0,0.0,62.8,2.580697580112788,1.075,0.23848480035423641,4.6,1.0677078252031311,0
880,0.8483313610323929,0.06897406907383695,0.045132269758660144,0.017889396225533045,0.0005936538859496073,0.00021698134179707533,100.0,0.0,63.75,2.3637893307145625,1.05,0.21794494717703372,4.3,0.6403124237432849,0
881,0.842221717078373,0.06962755698873292,0.04671148136773263,0.018602729703211175,0.000583403027530038,0.00021669583044762303,100.0,0.0,63.15,3.1666228067138023,1.15,0.3570714214271425,4.4,0.9165151389911679,0
882,0.8345389825126455,0.06818255923784292,0.047272059109922056,0.01811198142154741,0.0006718238151995167,0.00019939378446204745,100.0,0.0,63.2,3.0594117081556704,1.075,0.23848480035423641,4.55,0.7399324293474372,0
883,0.8338616727227077,0.06416500227306839,0.04750619670382865,0.016303310194797475,0.000698478786380881,0.00022126674166836674,100.0,0.0,64.7,3.287856444554719,1.1,0.3,4.1,0.7,0
884,0.8371962987629882,0.06407366705588642,0.04640437317767276,0.016526497534598495,0.0006870454909459106,0.00024735997342518616,100.0,0.0,63.05,2.8892040426387333,1.05,0.21794494717703372,4.3,0.714142842854285,0
885,0.8334372313266452,0.061709744223074056,0.046618981253707156,0.01587770387491443,0.0007243903922886622,0.00031523290119833875,100.0,0.0,62.9,2.896549671592048,1.15,0.3570714214271425,4.15,0.47696960070847283,0
886,0.8303838596797165,0.0577796051051076,0.04623413344740713,0.01627114330744468,0.0007704115056508265,0.0003585981431483189,100.0,0.0,61.9,2.981610303175114,1.05,0.15,4.3,0.714142842854285,0
887,0.8285466775831747,0.055178769220721825,0.04601401221911651,0.014611436459937283,0.000828975734857154,0.0003864618573763091,100.0,0.0,63.7,3.479942528261063,1.075,0.23848480035423641,3.8,0.7483314773547883,0
888,0.828095323501271,0.051204338971338775,0.045536152943085495,0.014370034820307595,0.0008510109775898443,0.0004352399953874288,100.0,0.0,63.15,3.102821296820041,1.125,0.3112474899497183,3.95,0.5894913061275798,0
889,0.8217121520270906,0.05927904217912694,0.04760933340634298,0.015378615080884481,0.0008206249619407879,0.00035150304145248416,100.0,0.0,63.55,3.4274626183227737,1.1,0.3,4.35,0.6538348415311009,0
890,0.8156357383087519,0.05294233845056902,0.04867869607834471,0.013719728897640922,0.0008783528231263614,0.00035640223558147465,100.0,0.0,63.1,2.826658805020514,1.025,0.10897247358851683,4.4,0.4898979485566356,0
891,0.815186436790715,0.05329107657260022,0.04898726381627107,0.013829159376721925,0.000858539043730664,0.00028437101523818767,100.0,0.0,63.9,3.047950130825634,1.0,0.0,4.3,0.6403124237432849,0
892,0.8149699968662663,0.06176350587407983,0.04975322121699822,0.014555971264646788,0.0008338861412833301,0.0002867141845182078,100.0,0.0,64.55,3.6670833096617805,1.05,0.21794494717703372,4.2,0.7483314773547883,0
893,0.811489890020129,0.06543682613514855,0.050824194280037004,0.014051589981422022,0.0008503699503788238,0.0003412014228308862,100.0,0.0,63.25,2.2555487137279924,1.05,0.21794494717703372,4.2,0.5099019513592784,0
894,0.8089062747371816,0.0680790796718415,0.049746016399086865,0.013104684789031934,0.0009590423063835987,0.0004683459675140809,100.0,0.0,63.4,3.120897306865447,1.15,0.3570714214271425,4.2,0.7483314773547883,0
895,0.8114023413746304,0.07409138306904726,0.050141637878193326,0.013573193945187174,0.0009091259033955773,0.0004568401875192989,100.0,0.0,62.75,3.080178566252288,1.15,0.32015621187164245,3.95,0.739932429347437,0
896,0.8134320624383917,0.06695889976714711,0.048856578724910796,0.01374560787448798,0.0009344114079288823,0.00044940753350631294,100.0,0.0,63.5,3.5,1.075,0.23848480035423641,4.45,0.9733961166965893,0
897,0.8240380292416271,0.06206942142529548,0.0467595236194437,0.013495785142829385,0.0008839148468611426,0.0003969484545522308,100.0,0.0,63.2,3.5298725189445577,1.1,0.3,4.45,0.8645808232895291,0
898,0.8256133798532084,0.06313261193531611,0.0479438568639244,0.013609661016793569,0.0007989192458720637,0.0003746295426994049,100.0,0.0,63.8,3.295451410656816,1.05,0.21794494717703372,4.4,0.8602325267042626,0
899,0.8257282457981836,0.07053454095273554,0.047857313929697165,0.015750102315493803,0.0007843137195541328,0.00036567162522942767,100.0,0.0,63.55,3.4420197558991443,1.0,0.0,4.1,0.5385164807134504,0
900,0.8278640412764944,0.0652708962854951,0.048349502448856,0.015750336116542907,0.0007297230451121818,0.00027046855018078374,100.0,0.0,63.4,2.989983277545211,1.1,0.3,4.1,0.7681145747868608,0
901,0.824661287382314,0.06582888032871106,0.04916450256698078,0.015757509613332634,0.0007431821152445684,0.000322423791850544,100.0,0.0,64.2,2.6191601707417584,1.075,0.23848480035423641,4.15,0.5722761571129799,0
902,0.8210457936752695,0.06530897917206953,0.04991089968253292,0.016674235072787553,0.0007378383931007844,0.00030137288734159034,100.0,0.0,62.1,3.223352292257239,1.175,0.36314597615834876,4.3,0.5567764362830021,0
903,0.8248763516625477,0.06740892211657175,0.049062690623055454,0.01686174619993702,0.0007222901722997638,0.00035473266776107014,100.0,0.0,63.75,2.2332711434127295,1.025,0.10897247358851683,4.05,0.6689544080129826,0
904,0.8240802185343108,0.06956690352587228,0.050815179443084155,0.017001217610734632,0.0006451534384901254,0.00026260283393571797,100.0,0.0,63.7,4.026164427839479,1.15,0.3570714214271425,4.1,0.5385164807134504,0
905,0.824194410226019,0.07604083692297142,0.050957848391605276,0.017649784867882913,0.0006280201757670154,0.00027836285821516445,100.0,0.0,63.5,2.819574435974337,1.0,0.0,4.25,0.6224949798994366,0
906,0.8182042747058459,0.07577083650432585,0.052442134105022686,0.017425491197566513,0.0006239225796731739,0.0002585800099142519,100.0,0.0,62.7,2.934280150224242,1.05,0.21794494717703372,4.25,1.0897247358851685,0
907,0.8124075345501257,0.07661393212080113,0.053799887827241835,0.016718249368393782,0.0006319924033584356,0.00031028938622172463,100.0,0.0,63.15,2.669737814842499,1.05,0.21794494717703372,4.25,0.5361902647381804,0
908,0.8029510393125701,0.08102791541190459,0.05529995709605946,0.016056860358348555,0.0006847163888148808,0.00038333493606752377,100.0,0.0,62.65,2.7436289836637897,1.1,0.3,4.15,0.4769696007084728,0
909,0.8005619613776392,0.0755137620231427,0.055433271586742924,0.014377379962590994,0.0007270537838467109,0.00039177457180554286,100.0,0.0,62.45,3.308700651313141,1.125,0.3112474899497183,4.25,0.9420721840708386,0
910,0.7972400442800083,0.07311382011737459,0.05510735462850382,0.014298005159440061,0.0007923247477510402,0.0004143404962278858,100.0,0.0,62.4,3.839270764090493,1.225,0.40233692348577704,4.2,0.7483314773547882,0
911,0.7932494406260213,0.0679396234658388,0.05431149697148295,0.013672989618149965,0.0009024511991771289,0.0005027470493721689,100.0,0.0,62.25,3.222964473896664,1.025,0.10897247358851683,4.55,0.8046738469715541,0
912,0.791850760301472,0.0698189917744184,0.05291711858500482,0.01571405566494195,0.0009722854436305338,0.0005046995511965523,100.0,0.0,63.9,2.5278449319529077,1.05,0.21794494717703372,4.45,0.7399324293474372,0
913,0.7940836453364624,0.06244993081163683,0.05231754490789371,0.014466507693205274,0.000993902692293496,0.0004432396658942142,100.0,0.0,63.65,2.4550967394381837,1.0,0.0,4.55,0.8046738469715541,0
914,0.8032154221124215,0.056823063151248465,0.050759205216102256,0.014626174644302999,0.0009461373684252391,0.00041686499032070524,100.0,0.0,63.65,2.6697378148424984,1.05,0.21794494717703372,4.0,0.6324555320336759,0
915,0.8069519023542661,0.06431384019448376,0.04990493905347353,0.0171653055841081,0.000898137133084461,0.00041574897974148,100.0,0.0,62.9,2.773084924772409,1.1,0.3,4.25,1.0428326807307104,0
916,0.8073564618119848,0.06490238082056755,0.04991405044468548,0.017743513235610152,0.0008957662708539215,0.00037372635771689734,100.0,0.0,63.55,3.9808918598726084,1.05,0.21794494717703372,4.0,0.8366600265340756,0
917,0.8041854237831249,0.06937434578919353,0.051705418572019345,0.01868941687898921,0.0008262785967601462,0.00037235461534391236,100.0,0.0,63.8,2.8913664589601917,1.1,0.3,4.0,0.6324555320336759,0
918,0.7952782361172656,0.07283619184134162,0.05265910897284176,0.01914043571697103,0.0009036950395961358,0.0004503399581991644,100.0,0.0,63.05,3.323777970924051,1.1,0.3,4.35,0.5722761571129799,0
919,0.7921366062913975,0.07130806807239329,0.05417708725090875,0.018606496352249997,0.0008696360507351828,0.00041317185475052724,100.0,0.0,64.0,2.6832815729997477,1.0,0.0,4.3,0.6403124237432849,0
920,0.7879537183381218,0.06397320058112987,0.05589686318906907,0.016871262858987348,0.0008505595738432303,0.0004061455623266908,100.0,0.0,63.25,2.9979159427842537,1.025,0.10897247358851683,4.3,0.7810249675906654,0
921,0.793420991700106,0.06014858860217145,0.05416970404336828,0.01681675664360599,0.000875864729795129,0.00042920679565945223,100.0,0.0,62.95,3.840247387864485,1.1,0.3,4.3,0.8426149773176358,0
922,0.7948101986002852,0.05914111827536855,0.05468700686002058,0.015245907744618054,0.000847017162033607,0.0003801695860537907,100.0,0.0,62.35,2.7436289836637897,1.1,0.3,4.25,0.82915619758885,0
923,0.7901509921307832,0.06229302139154046,0.05662625117040003,0.016662416636522914,0.0007795427317728862,0.00031288952302557446,100.0,0.0,63.7,3.083828789021855,1.05,0.2179449471770337,3.95,0.3840572873934304,0
924,0.7942287735142417,0.06133107917621202,0.05582320548204733,0.0162797186172905,0.0007839490791721191,0.00032453249305413467,100.0,0.0,64.6,2.9899832775452104,1.0,0.0,4.1,0.6244997998398398,0
925,0.7991640068550696,0.06198602476567377,0.05564421478733095,0.016287790157664114,0.0007174800889899779,0.00031589700557713987,100.0,0.0,64.6,2.8705400188814645,1.05,0.21794494717703372,4.1,0.6244997998398398,0
926,0.7916831996720408,0.05943442723732865,0.05733099323470292,0.015519828191002333,0.0007425277074215848,0.0003245239495096371,100.0,0.0,63.3,2.98496231131986,1.0,0.0,4.1,0.6244997998398398,0
927,0.7905109996636663,0.06308406627610028,0.05699246973906048,0.015888451686785793,0.0007686168918287009,0.0003529580420100663,100.0,0.0,63.65,2.4550967394381837,1.025,0.10897247358851683,4.2,0.6782329983125268,0
928,0.7957022517107173,0.06772860043094853,0.05640844570980526,0.01647998148233196,0.000711109766703585,0.00032262186890181805,100.0,0.0,63.75,3.491060010942235,1.1,0.3,3.75,0.6224949798994366,0
929,0.7887849003504781,0.07296541728802913,0.057587835749036954,0.017182586229640622,0.0007241712180114883,0.00035114396885125253,100.0,0.0,63.75,2.7363296585024255,1.05,0.21794494717703372,4.2,0.6782329983125269,0
930,0.7894403547782917,0.07982749164851481,0.058573376821413656,0.017290679917824767,0.0006627147594623861,0.000326554769388298,100.0,0.0,62.6,3.1208973068654475,1.15,0.3570714214271425,4.1,0.6244997998398398,0
931,0.7903056776108326,0.08098913424486152,0.05862230593021167,0.017699892005682866,0.0006348507836188917,0.0003165540080236864,100.0,0.0,63.45,3.353729267546801,1.0,0.0,4.3,0.6403124237432849,0
932,0.7859600127265406,0.08114594731185086,0.05962094400588082,0.0182457862791398,0.0006206030461360526,0.00030716492185483787,100.0,0.0,63.25,3.207413287993925,1.05,0.21794494717703372,4.3,0.8426149773176358,0
933,0.7837310600556507,0.08583858024615579,0.060138096318011855,0.018580217179868647,0.000616468524619299,0.00029002999877679556,100.0,0.0,63.4,3.541186241925155,1.05,0.21794494717703372,4.35,0.5722761571129799,0
934,0.77903737749742,0.08967614341935883,0.06060213961014488,0.019161524756054354,0.0006835732535470442,0.0003166602369662531,100.0,0.0,62.4,3.2619012860600183,1.25,0.4330127018922193,4.2,0.6782329983125269,0
935,0.7759708848186756,0.08909435447371357,0.06183686552807387,0.01903325731588676,0.0006378439538693749,0.0003080612300560574,100.0,0.0,63.6,2.9563490998188966,1.1,0.3,4.5,0.7416198487095663,0
936,0.7691606188579762,0.09825439770990467,0.06332716720033313,0.01999922219879907,0.0006275496928751517,0.000245660283158084,100.0,0.0,63.5,3.248076353782343,1.125,0.3112474899497183,4.1,0.7681145747868608,0
937,0.7671473562647242,0.09847680459093286,0.06321615382790383,0.019732652583849226,0.0006804541608609702,0.0003371725699206111,100.0,0.0,63.3,3.333166662499792,1.05,0.21794494717703372,4.3,0.9539392014169458,0
938,0.76756550735121,0.09413203184432928,0.06228817310134419,0.019603471190588997,0.0007344996012034993,0.0003677479550849609,100.0,0.0,64.15,3.08666486681013,1.0,0.0,4.4,0.66332495807108,0
939,0.7682475953668011,0.09451682149740571,0.06218251760012701,0.020345527451738916,0.0007142147288989643,0.0003622102490520572,100.0,0.0,64.75,2.277608394786075,1.0,0.0,4.15,0.4769696007084728,0
940,0.7745907735512992,0.08949799972160707,0.060484231163530314,0.019688267705732468,0.0007250645954935617,0.0003081568041441397,100.0,0.0,63.25,2.947456530637899,1.0,0.0,4.2,0.7483314773547883,0
941,0.7763829235100398,0.09331937423392751,0.05996394754997092,0.02076748934752399,0.0007199058398773634,0.0002962147135353596,100.0,0.0,64.85,3.4391132578035286,1.1,0.3,4.0,0.7071067811865476,0
942,0.7750510043184649,0.09085141025051394,0.059960552603576335,0.020401748883257638,0.0007395342306692564,0.0003628976343807635,100.0,0.0,63.25,3.2996211903792836,1.05,0.21794494717703372,4.35,0.6538348415311012,0
943,0.7722948972761353,0.09219755613903591,0.05998842449358409,0.021240532440703046,0.0007664919962841602,0.0003969496366752205,100.0,0.0,63.3,2.6286878856189833,1.05,0.21794494717703372,4.4,0.8602325267042626,0
944,0.7762135232168224,0.0833979825018732,0.05956123650629321,0.01911073077851914,0.0007636678676471306,0.0003839574834617644,100.0,0.0,63.85,3.0866648668101306,1.1,0.3,4.2,0.6782329983125269,0
945,0.7754605198271514,0.08297707893265135,0.060472428487077554,0.018653381331363152,0.0007235691754938533,0.00030856184760808024,100.0,0.0,65.0,3.1304951684997055,1.05,0.21794494717703372,4.3,0.9539392014169458,0
946,0.7731870302522041,0.08719891514675883,0.06218422928257613,0.01862196112664467,0.0006859312879950538,0.00022814359303031833,100.0,0.0,63.5,2.9410882339705484,1.05,0.21794494717703372,4.05,0.6689544080129826,0
947,0.7716202599046638,0.08754151380366033,0.06273424325315242,0.0186550453242792,0.0006603630054030339,0.00020357770317222596,100.0,0.0,63.3,3.0182776545573144,1.075,0.23848480035423641,4.1,0.7681145747868608,0
948,0.7666960070645297,0.08664262041565221,0.06362655761861379,0.018075885511928312,0.0006900658435652293,0.00020440700893827732,100.0,0.0,62.4,2.4979991993593593,1.1,0.3,4.1,0.8306623862918076,0
949,0.7689492104606963,0.08440815857353036,0.06279433970067617,0.017001314141190056,0.0007281382221112492,0.0002965657753341846,100.0,0.0,62.7,3.536947836765479,1.05,0.21794494717703372,4.15,0.5722761571129799,0
950,0.7731214812761399,0.08041244605164054,0.06160190417921998,0.016855969163104383,0.0007349694637607618,0.0003661618107289696,100.0,0.0,62.3,3.083828789021855,1.15,0.3570714214271425,4.2,0.6782329983125269,0
951,0.7621212320119329,0.06866924980850408,0.0628609672570811,0.01490845587182875,0.0008257909985286763,0.00040655934443771736,100.0,0.0,63.95,2.8013389655662877,1.0,0.0,4.45,1.0712142642814273,0
952,0.7600694395704151,0.06359078970165956,0.06243005209072237,0.01489599920899111,0.0008682197105799921,0.00042610660966301245,100.0,0.0,63.85,3.259984662540608,1.075,0.23848480035423641,4.15,0.5722761571129799,0
953,0.7579935444073282,0.06618310791177683,0.062508940736396,0.015610346504675793,0.0008862281140071626,0.0004055105548494029,100.0,0.0,62.2,2.803569153775237,1.15,0.3570714214271425,4.4,0.7999999999999999,0
954,0.758563083143909,0.06310458179773926,0.06298192097728543,0.014867297618319737,0.0008439597264301149,0.0004017735886913212,100.0,0.0,63.35,2.9542342493444895,1.125,0.3112474899497183,4.35,1.061838029079765,0
955,0.7519522241700203,0.06288552327417557,0.06371533308030544,0.015733822536487058,0.0008800429824147164,0.000374691695218908,100.0,0.0,63.8,3.0430248109405875,1.1,0.3,4.2,0.5099019513592784,0
956,0.749358836206413,0.07342462853591346,0.06366765902738679,0.016239630402288884,0.0009252065625127521,0.0003700977142491613,100.0,0.0,63.55,2.6734808770589704,1.0,0.0,4.25,0.7664854858377946,0
957,0.7463436110307281,0.07118226946981494,0.0647398578293529,0.014210380634306507,0.0009383674205938943,0.0003857731232243734,100.0,0.0,63.65,2.4753787588973126,1.05,0.21794494717703367,4.2,0.7483314773547882,0
958,0.7547934527675686,0.06407014449445986,0.06267716557392913,0.01318211126448464,0.0009553228291470683,0.00041159048145365405,100.0,0.0,63.75,2.5273503912200224,1.05,0.21794494717703372,4.55,0.8046738469715541,0
959,0.7578994507255354,0.05751708666988433,0.061863665660749724,0.012109505533519705,0.0009750145559927119,0.00040518388725598964,100.0,0.0,63.35,3.8765319552404045,1.1,0.3,4.25,0.698212002188447,0
960,0.7570728717208437,0.057599789710955585,0.06222622698758139,0.012688845393281897,0.0009608944063858668,0.00041071668437923003,100.0,0.0,62.55,2.7106272336859605,1.05,0.21794494717703372,4.3,0.8426149773176358,0
961,0.7592911602313184,0.05410564730764007,0.06250728295804336,0.01202611325014418,0.0009114281790476204,0.0003833361927339458,100.0,0.0,63.85,2.632014437650371,1.1,0.3,4.35,0.7262919523166975,0
962,0.7588196187768386,0.04767538337658759,0.06188917426401436,0.011937688144071137,0.000958234731655411,0.0004452122014278518,100.0,0.0,62.9,2.0712315177207983,1.025,0.10897247358851683,4.15,0.6538348415311012,0
963,0.7690824754619952,0.05220385185935178,0.05991635190481524,0.012715479068013081,0.0009365832868217791,0.00039653879572471403,100.0,0.0,64.6,3.1208973068654466,1.1,0.3,4.1,0.7681145747868608,0
964,0.7746889985073306,0.06549679105215274,0.058248136030982854,0.016762116508751784,0.0008950471524529208,0.00037688552354746513,100.0,0.0,63.6,3.7067505985701277,1.1,0.3,4.4,0.9165151389911679,0
965,0.7775332058792432,0.07177977962364612,0.05804407605844843,0.01776348448629286,0.0008502628529195536,0.00033330367983900965,100.0,0.0,62.4,2.6907248094147422,1.1,0.3,4.1,0.7000000000000001,0
966,0.7772523287370257,0.07400415227665373,0.05887815083187755,0.018723122989423496,0.0007951098120708586,0.0002373891240589709,100.0,0.0,63.7,3.0512292604784714,1.075,0.23848480035423641,4.05,0.49749371855331004,0
967,0.7708542311082581,0.08154664646737672,0.06080675249631693,0.019003053963839844,0.0007450107070754189,0.0002736269641867225,100.0,0.0,63.15,3.2291639784935047,1.05,0.21794494717703372,4.15,0.8529361054615991,0
968,0.7684953781401928,0.08414695774252964,0.06194727094338239,0.01957052716208485,0.0007134699030453461,0.00027078893441301354,100.0,0.0,62.5,2.3345235059857505,1.0,0.0,4.15,0.7262919523166976,0
969,0.7644902406363636,0.0901850131108573,0.06217521636665542,0.020408317826854677,0.0007218962264614302,0.0002760986101321288,100.0,0.0,63.25,2.56661255354212,1.05,0.21794494717703372,4.35,0.7262919523166976,0
970,0.7638381644582652,0.100138580457125,0.06206094731870047,0.021772778036076877,0.0007269149286525066,0.00028612407246958726,100.0,0.0,64.2,3.6414282912066254,1.075,0.23848480035423641,4.15,0.6538348415311009,0
971,0.7564733483361903,0.09824143389234072,0.06374036753929156,0.02054709507232387,0.000750380686683025,0.00038978078773698886,100.0,0.0,62.85,2.9372606285449034,1.15,0.3570714214271425,4.4,0.66332495807108,0
972,0.7491555991801601,0.1008987856113764,0.06498657842113204,0.020421525879753485,0.0007932899856660635,0.0004297611424985595,100.0,0.0,64.15,3.070423423568808,1.025,0.10897247358851683,4.2,0.6782329983125268,0
973,0.7463447755100012,0.10200779447846581,0.06634486699102313,0.020410939799989175,0.0007561728297165319,0.0003730107568333157,100.0,0.0,62.5,2.819574435974337,1.025,0.10897247358851683,4.4,0.4898979485566356,0
974,0.7484002802444855,0.09858069429769825,0.06525337230293209,0.019862045157365258,0.0008217971610720825,0.00044071302121996477,100.0,0.0,64.3,2.7766886753829647,1.05,0.21794494717703372,4.2,0.8717797887081347,0
975,0.7427060594059113,0.09349859682149363,0.06587173473791567,0.01868381837071822,0.0008800928704867375,0.000461877769511019,100.0,0.0,63.5,2.5,1.05,0.2179449471770337,4.2,0.812403840463596,0
976,0.7460861610605422,0.09372158891046153,0.06563347912784687,0.01855697862077553,0.0008510009633409862,0.0004479373526253121,100.0,0.0,63.95,3.2167530212933664,1.0,0.0,4.4,0.7348469228349533,0
977,0.7497526613966138,0.08903326124132643,0.06532334037050452,0.01753133884076569,0.000806254805967495,0.0004384487347434851,100.0,0.0,62.9,2.861817604250837,1.075,0.23848480035423641,4.45,0.5894913061275798,0
978,0.7505588145529604,0.0840532563387329,0.06546963206539576,0.016925804878058375,0.0007730921340332737,0.00042382784216499507,100.0,0.0,63.15,3.91503512117069,1.1,0.3,4.1,0.5385164807134504,0
979,0.7499841088420447,0.08410378853290693,0.0665222888788145,0.016765069824283975,0.0007070026900757504,0.00037187705504602357,100.0,0.0,63.6,3.8131351929875237,1.1,0.3,4.3,0.6403124237432849,0
980,0.7375545708750568,0.08003815408972154,0.06939199482057047,0.015208882142224397,0.0007181985954812412,0.0003973654985595177,100.0,0.0,62.85,2.495495942693556,1.1,0.3,4.3,0.9,0
981,0.7277536882826603,0.07162650624573132,0.07099973927301717,0.013539957486190279,0.0007316198241114488,0.0003450269701505694,100.0,0.0,63.85,2.706935536727833,1.075,0.23848480035423641,4.2,0.6,0
982,0.7227490567358326,0.07441122051107249,0.07199133596458332,0.013157289877206086,0.000752312968611857,0.00027722747254531284,100.0,0.0,63.7,2.703701166919155,1.025,0.10897247358851683,4.35,0.7921489758877431,0
983,0.7216744015230873,0.07267477013854379,0.07212628624310558,0.013291430023010423,0.0007505979088609821,0.00035096658260349813,100.0,0.0,63.0,3.0,1.125,0.3112474899497183,4.25,0.7664854858377946,0
984,0.7203064426197655,0.07190672203788909,0.07089181402216543,0.014536197845990749,0.0008520251844808079,0.0003649466806650494,100.0,0.0,63.2,3.171750305430741,1.05,0.21794494717703372,4.25,0.8874119674649424,0
985,0.7129307625320969,0.07169852037392854,0.07289013236165437,0.013767031121162718,0.0008473126602666128,0.00033165940265706995,100.0,0.0,63.15,3.0376800358168077,1.1,0.2549509756796392,4.0,0.4472135954999579,0
986,0.7103015590744605,0.07587501153002586,0.07268251998706918,0.01508779739097719,0.000897353434892166,0.0003876993225448969,100.0,0.0,64.6,4.042276586281548,1.1,0.3,4.0,0.5477225575051661,0
987,0.706806230547213,0.07601036053834964,0.07295857183376873,0.01606582899594372,0.0008960011862708447,0.00037934462934178137,100.0,0.0,63.4,2.5961509971494343,1.1,0.3,4.35,0.7262919523166975,0
988,0.7049096697370747,0.07852781778431538,0.07306475744714634,0.016763654929545246,0.0009359839956230647,0.0004244051290084659,100.0,0.0,64.0,2.4289915602982237,1.0,0.0,4.1,0.7000000000000001,0
989,0.7111068439515246,0.08007734290281013,0.07200912019576852,0.016131037626431276,0.00093644722029786,0.000408696225043794,100.0,0.0,63.45,2.692118125194361,1.05,0.21794494717703372,4.35,0.7921489758877431,0
990,0.7165312037586395,0.08096258134367827,0.06995302676488682,0.018087800315609744,0.0009981178483089346,0.0004262436035746099,100.0,0.0,62.95,2.1558061137310096,1.0,0.0,4.15,0.8529361054615991,0
991,0.7250832577360679,0.08124711728555253,0.06883492255505365,0.017495376084987257,0.000929612585139312,0.00045261222078515277,100.0,0.0,63.3,3.333166662499792,1.075,0.23848480035423641,4.35,0.9096702699330127,0
992,0.7240313692601636,0.09000177997080784,0.06998663695337257,0.018532697573630866,0.0008864959293325588,0.000440440628781324,100.0,0.0,63.55,2.747271373563231,1.15,0.3570714214271425,4.3,0.714142842854285,0
993,0.7218780847399187,0.09144324954352638,0.07026375135935384,0.019135886179119793,0.0008983855992408272,0.0004681014262884625,100.0,0.0,63.65,3.305676935213119,1.0,0.0,4.35,0.9630680142129111,0
994,0.7255522539744985,0.08937427491987085,0.06933679896052146,0.018771926583809297,0.0009204847502308842,0.00045087904942564566,100.0,0.0,62.85,3.5110539728121526,1.125,0.3112474899497183,4.15,0.5722761571129799,0
995,0.7317093755509064,0.09773487174678905,0.06826301023517482,0.020471541826930593,0.0008718406627221417,0.0004590769280459247,100.0,0.0,64.0,3.605551275463989,1.025,0.10897247358851683,4.15,0.47696960070847283,0
996,0.7431292857143359,0.09752556019074803,0.06650245890657384,0.02126009785357227,0.0007844281747901768,0.0003485514828703824,100.0,0.0,63.2,3.2649655434629015,1.05,0.21794494717703372,4.25,0.5361902647381804,0
997,0.7489195571388156,0.09960399311862608,0.06529556774536452,0.021145123777075645,0.0007937479476915613,0.00039592680738865794,100.0,0.0,63.5,1.8303005217723127,1.0,0.0,4.05,0.6689544080129826,0
998,0.7557015458175382,0.10163521747947532,0.06446905674853301,0.022079646721131028,0.0007255433402925868,0.0004359148206766367,100.0,0.0,62.7,3.874274125562103,1.1,0.3,4.15,0.5722761571129799,0
999,0.7600899096919446,0.10664546601408935,0.06407350942253201,0.02236033126971655,0.0006836358560089876,0.0003904417453068168,100.0,0.0,63.15,3.2446109165815247,1.025,0.10897247358851683,4.2,0.7483314773547883,0
