generation,mean_fitness_mean,mean_fitness_std,distance_from_optimum_mean,distance_from_optimum_std,phenotype_variance_mean,phenotype_variance_std,population_size_mean,population_size_std,n_parents_mean,n_parents_std,median_offspring_mean,median_offspring_std,max_offspring_mean,max_offspring_std,extinct_count
0,0.6735759407880908,0.03327190827842945,0.01715038281164811,0.007381453416786999,0.004638958459681004,0.0006847424499837604,100.0,0.0,63.0,2.9154759474226504,1.15,0.3570714214271425,4.25,0.6224949798994366,0
1,0.7353799489459313,0.03328605532280402,0.018737886660454173,0.006972426112791338,0.00338615618819567,0.0004947965422191015,100.0,0.0,63.8,1.9899748742132402,1.0,0.0,4.35,0.6538348415311012,0
2,0.7793110667403685,0.036388164284098634,0.018228617495290218,0.008474291398479914,0.002624244652467294,0.0005035158832407363,100.0,0.0,63.75,2.947456530637899,1.05,0.2179449471770337,4.05,0.4974937185533099,0
3,0.818759136695349,0.04518445351545228,0.01838752727024126,0.007230899513933813,0.002012311995805303,0.0004973158488617589,100.0,0.0,62.2,3.1080540535840107,1.125,0.3112474899497183,4.2,0.6782329983125269,0
4,0.834235278308704,0.047776693518527834,0.01598531045694326,0.006687249478274279,0.0018168664642826203,0.0005566009422053941,100.0,0.0,63.1,2.3853720883753127,1.05,0.21794494717703372,4.2,0.9797958971132711,0
5,0.8526489348052907,0.04617363098823821,0.01359189877267821,0.00677792504047528,0.0016140012810784738,0.0005375885569960742,100.0,0.0,63.6,2.8530685235374214,1.05,0.21794494717703372,4.55,0.9733961166965892,0
6,0.8634832573624536,0.051088591401179155,0.013747733137541341,0.006343434615703689,0.0014683843591494518,0.0006122210862340468,100.0,0.0,63.55,2.4181604578687494,1.075,0.23848480035423641,4.15,0.6538348415311012,0
7,0.8693693631200402,0.04443543405111844,0.01462649422978245,0.006136802585315052,0.001377295537606889,0.0005341970425853094,100.0,0.0,64.05,2.9744747435471695,1.05,0.2179449471770337,4.0,0.5477225575051661,0
8,0.8780975655733568,0.042489426799256234,0.015063475602316998,0.007369716831969781,0.0012449431523887723,0.0005309908160557037,100.0,0.0,64.25,2.118372016431486,1.025,0.10897247358851683,4.3,0.9,0
9,0.8816585897446606,0.042662678304520474,0.014789149568504443,0.006527214789006356,0.0012288583047659872,0.0005397535277196194,100.0,0.0,63.7,2.5317977802344327,1.025,0.10897247358851683,4.4,0.9695359714832658,0
10,0.8807912712178861,0.03820666989592914,0.015881055050743307,0.009116288389967633,0.001205209674696023,0.00044485795236551794,100.0,0.0,63.1,2.681417535558384,1.125,0.3112474899497183,4.25,0.698212002188447,0
11,0.8889420177872402,0.03229155448410125,0.017199719873561232,0.008011367021443836,0.0010686405581233458,0.00038218384999830175,100.0,0.0,64.7,2.3473389188611007,1.0,0.0,4.25,1.0428326807307104,0
12,0.887377420411956,0.03732632725317071,0.015402018043940832,0.007267621471089132,0.001142103808737214,0.00049828670744408,100.0,0.0,63.15,3.902242944769072,1.2,0.3674234614174767,3.95,0.49749371855331004,0
13,0.8915325456382902,0.030359249429296027,0.015784385698527307,0.005918593359900999,0.001077099292954778,0.00039987055449928804,100.0,0.0,62.4,3.916631205513228,1.15,0.3570714214271425,4.45,0.5894913061275798,0
14,0.895536356353628,0.028648731977770025,0.017305672074565404,0.00739646271287183,0.0010002515664393858,0.00035472701354696725,100.0,0.0,62.5,3.427827300200522,1.075,0.23848480035423641,4.15,0.6538348415311012,0
15,0.9006203187147385,0.028030376590269346,0.01575129578871006,0.006968487351494765,0.0009559801071890377,0.0003724655737368662,100.0,0.0,62.7,2.8653097563788807,1.1,0.2549509756796392,4.4,0.6633249580710799,0
16,0.8960728942999386,0.03630446909182155,0.0166847602547652,0.008111875386199268,0.000991819157219509,0.00048664575265520554,100.0,0.0,64.15,3.2905166767545793,1.05,0.21794494717703372,4.0,0.8366600265340756,0
17,0.897672038484347,0.03211793053947164,0.017224703240120754,0.008655022201276494,0.0009694947998028023,0.00040963887192713925,100.0,0.0,63.65,2.5937424698685874,1.05,0.21794494717703372,3.85,0.3570714214271425,0
18,0.8987070334400235,0.03303694355593692,0.015629768876980664,0.008831315976327117,0.0009777880114511714,0.00047032510592214715,100.0,0.0,63.75,2.662235902394827,1.05,0.21794494717703372,4.2,0.8717797887081348,0
19,0.9036053543299781,0.02743767770714787,0.015495808448833786,0.009749916005596115,0.0008970586651100363,0.00037424439497394415,100.0,0.0,63.1,3.766961640367472,1.1,0.3,4.4,0.6633249580710799,0
20,0.9045057976568993,0.027645804854087724,0.01816279535315322,0.007802869802103183,0.0008730114724722973,0.0004009865785665097,100.0,0.0,62.5,2.5592967784139455,1.0,0.0,4.25,0.6224949798994366,0
21,0.9077386298522019,0.02526221441294208,0.01726623299098317,0.008138170723185525,0.0008451392005659466,0.00032268434698087817,100.0,0.0,64.4,2.615339366124404,1.025,0.10897247358851683,4.15,0.653834841531101,0
22,0.9088431236208414,0.026238360532674507,0.017429445579639817,0.006056022614000109,0.0008432420966797511,0.00034031151162373756,100.0,0.0,64.3,3.287856444554719,1.0,0.0,4.1,0.7000000000000001,0
23,0.9095005084848229,0.028951459771438155,0.015445221555070481,0.006970876406464541,0.000863443673329505,0.00039269925651083085,100.0,0.0,63.6,3.32264954516723,1.1,0.3,4.4,0.7999999999999999,0
24,0.914587214335494,0.025491106561244474,0.016392800825298384,0.00825945731806082,0.0007738012742998311,0.00027966776518524795,100.0,0.0,62.1,2.022374841615669,1.1,0.3,4.35,0.8529361054615991,0
25,0.913979928544326,0.02699852413184284,0.01789791143360655,0.008055823359545959,0.0007537768831634133,0.0003006999721385154,100.0,0.0,63.9,2.5475478405713994,1.05,0.21794494717703372,4.15,0.7262919523166976,0
26,0.9186918446545566,0.026652783828614145,0.0164046323419844,0.008825481702857674,0.0007197938312454623,0.0002881786109539653,100.0,0.0,64.15,2.4550967394381837,1.0,0.0,4.05,0.5894913061275798,0
27,0.9174066110772742,0.02730487035753175,0.016648677427428878,0.00845178525508407,0.0007383691571863977,0.0003249656569794978,100.0,0.0,63.0,1.8973665961010275,1.0,0.0,4.25,0.7664854858377946,0
28,0.9146280784167853,0.023687580044496673,0.01742227501010751,0.0089542379090733,0.0007537252338684921,0.00028333958069666894,100.0,0.0,63.45,3.0573681492420897,1.075,0.23848480035423641,4.05,0.49749371855331,0
29,0.9137102642821731,0.02230770768622749,0.017138008220719956,0.006463332302446872,0.0007845930740514321,0.0002696513790304997,100.0,0.0,63.55,3.169779172119093,1.0,0.0,4.4,0.7999999999999999,0
30,0.9118838747727042,0.024020812481983757,0.018157714451967497,0.0071213573696359035,0.0007925409883252337,0.00027259812683414516,100.0,0.0,63.85,2.7069355367278325,1.05,0.21794494717703372,4.3,0.6403124237432849,0
31,0.9158810795263514,0.02204026849133276,0.017689873159474245,0.007256800641782982,0.0007473159261858612,0.0002334012319296711,100.0,0.0,63.25,3.5899164335677787,1.05,0.15,4.1,0.8306623862918074,0
32,0.9169951274666742,0.024431562921982067,0.018283104696746343,0.006627648492064013,0.0007266635749509309,0.00026135523749716777,100.0,0.0,62.8,2.6381811916545836,1.05,0.21794494717703372,4.05,0.5894913061275798,0
33,0.9198457156422448,0.023021183179220125,0.017082692380757984,0.006217244033699475,0.0007153636726187436,0.0002654987386667543,100.0,0.0,63.9,3.8327535793473597,1.0,0.0,4.1,0.8888194417315588,0
34,0.9194085559434143,0.027890752019758523,0.017234698086977314,0.005722047204949125,0.0007224458348854557,0.000332069593781297,100.0,0.0,62.85,3.4536212878658255,1.075,0.23848480035423641,4.35,0.7262919523166975,0
35,0.9192812192313259,0.02612041959585711,0.0158885855919981,0.0077283773397873335,0.0007400719758652078,0.00030195111220110096,100.0,0.0,63.95,3.3537292675468007,1.075,0.23848480035423641,4.15,0.4769696007084728,0
36,0.9254007527122365,0.027372571311787677,0.016446897933527015,0.0069933169477625606,0.0006647063096258605,0.00029962103883203256,100.0,0.0,63.55,3.089902911096076,1.1,0.3,4.35,0.792148975887743,0
37,0.9284326409075261,0.02510524379422061,0.016629933184116878,0.007717691463753947,0.0006119816690092525,0.00024697482038024443,100.0,0.0,63.5,2.8548204847240397,1.125,0.3112474899497183,4.3,0.714142842854285,0
38,0.9266102898089368,0.029707366277367538,0.016560002939948255,0.007589110043545456,0.0006389949188700376,0.00030875018520889173,100.0,0.0,63.55,2.854382595238418,1.0,0.0,4.3,0.6403124237432849,0
39,0.9242221305346934,0.029156833225961132,0.016155824936391592,0.007813155588425349,0.0006734007219643902,0.0002993222660586329,100.0,0.0,63.5,2.5592967784139455,1.025,0.10897247358851683,4.15,0.653834841531101,0
40,0.9286666752597916,0.03137911523216141,0.016943191257797616,0.008830397379228713,0.000598073006480903,0.00030837373855180925,100.0,0.0,63.75,3.672533185690771,1.025,0.10897247358851683,3.9,0.6244997998398398,0
41,0.9267199038676018,0.025608516513730306,0.017364974761725886,0.008599304805006262,0.0006152951864823692,0.00026860382670037343,100.0,0.0,63.35,2.554897258208243,1.0,0.0,4.05,0.6689544080129826,0
42,0.9320586996408821,0.024041106328498946,0.01727082706038724,0.008542253474843334,0.0005519548670692716,0.00028746038593285644,100.0,0.0,62.85,3.5535193822462827,1.025,0.10897247358851683,4.15,0.7921489758877431,0
43,0.9298713795347002,0.023861050692723346,0.018338158822131467,0.00804031688164525,0.0005686718422227808,0.00024205550118217427,100.0,0.0,63.15,3.5252659474144643,1.05,0.21794494717703372,4.35,0.9096702699330126,0
44,0.9298779768869376,0.02190031317370233,0.017769909448385406,0.007939562521033927,0.0005785182798752146,0.00023909496053232314,100.0,0.0,64.35,3.4391132578035286,1.05,0.21794494717703372,4.2,1.0770329614269007,0
45,0.9271394455516179,0.02681911986776198,0.01822027325497991,0.008319218619247731,0.0006158420070057533,0.00036561984307755706,100.0,0.0,64.0,3.271085446759225,1.05,0.21794494717703372,4.4,0.66332495807108,0
46,0.9322798409664855,0.018131740056477594,0.017688686492893808,0.008987645784037749,0.0005423875271783458,0.00017957656493811127,100.0,0.0,64.0,2.32379000772445,1.025,0.10897247358851683,4.05,0.5894913061275798,0
47,0.9367474979714805,0.016945054941884176,0.01743433378360566,0.007425765523518569,0.0005126209496424132,0.0001783375564835595,100.0,0.0,62.95,3.3387872049593095,1.075,0.23848480035423641,4.25,0.7664854858377946,0
48,0.9356722670429051,0.019122179203498214,0.017745168034636775,0.00795908549622035,0.0005128503297245795,0.00018961380413908655,100.0,0.0,63.8,3.3406586176980126,1.05,0.21794494717703372,4.0,0.5477225575051661,0
49,0.9371306343925498,0.021377839640595545,0.017044300462823903,0.008866913025425693,0.0005067335710862108,0.00018842233272405113,100.0,0.0,63.2,2.6758176320519302,1.05,0.2179449471770337,4.1,0.6244997998398398,0
50,0.937170810282543,0.017435039499879745,0.01710591204448855,0.008503614058087297,0.0005035988946628311,0.0001656959184182069,100.0,0.0,64.4,2.8,1.05,0.15,4.0,0.8366600265340756,0
51,0.9336973059856458,0.017484815866227035,0.018339555654647146,0.008804665247554784,0.000525236883684592,0.000176632827924644,100.0,0.0,62.7,3.874274125562103,1.125,0.3112474899497183,4.5,0.5916079783099616,0
52,0.9350482252735342,0.02266187145318097,0.016650395831829604,0.00844859500220881,0.0005543738192879614,0.00020510975024619116,100.0,0.0,64.45,3.2935543110748915,1.0,0.0,4.5,0.9746794344808963,0
53,0.9364036620067855,0.024440044485379474,0.016818706508026346,0.0085783448629319,0.000521644517203633,0.0002145030474193508,100.0,0.0,62.95,2.376446927663229,1.075,0.23848480035423641,4.35,0.47696960070847283,0
54,0.9340910078143286,0.024370728826872974,0.01684182059086794,0.007667037686614064,0.0005548382774421328,0.00024071038352781472,100.0,0.0,62.55,3.5563323804166562,1.1,0.2549509756796392,4.55,0.5894913061275798,0
55,0.9328853734515397,0.027687532071662052,0.016883804289294754,0.007853928873176822,0.0005740744654630591,0.0002442855933877169,100.0,0.0,64.05,3.57036412708844,1.05,0.21794494717703372,4.1,0.6244997998398398,0
56,0.9317225079553744,0.030080318356533284,0.016212645340400914,0.007918182838485235,0.0006053551456875323,0.0003154110945617919,100.0,0.0,63.5,3.0083217912982647,1.0,0.0,3.95,0.3840572873934304,0
57,0.9338575265144223,0.030739831755196546,0.015951666836162077,0.006711002280913341,0.0005923018054869016,0.0003036134150866445,100.0,0.0,62.4,3.2619012860600183,1.075,0.23848480035423641,4.35,0.5722761571129799,0
58,0.937901417714657,0.025493806432459125,0.01597042743876597,0.005791168655640017,0.0005375771341943824,0.00024281644878202776,100.0,0.0,63.25,2.9979159427842537,1.125,0.3112474899497183,4.2,0.6,0
59,0.9368810618171117,0.019734055267121988,0.015821577084757427,0.006486791242794023,0.0005538147148539859,0.00019519628494161194,100.0,0.0,62.95,2.4181604578687494,1.1,0.3,4.35,0.7262919523166975,0
60,0.9399169928485577,0.020809860149104503,0.015068583514900874,0.00654568748794728,0.0005187496199161358,0.000208920445333407,100.0,0.0,64.3,2.685144316419511,1.05,0.2179449471770337,4.2,0.6,0
61,0.939288646412655,0.02038519558340119,0.015274572989229513,0.0070460848328158885,0.0005335368737487079,0.00022171413076000994,100.0,0.0,63.6,2.817800560721074,1.05,0.21794494717703372,4.1,0.5385164807134504,0
62,0.9388343388018393,0.023139566957968878,0.01525302396918556,0.0070128640659234505,0.0005294716949433861,0.00023977270960765494,100.0,0.0,63.85,2.7253440149823285,1.05,0.21794494717703372,4.05,0.739932429347437,0
63,0.9362472871248204,0.019871032054605598,0.015460679065319363,0.0070181667557247356,0.0005575528354402903,0.00022964602324583873,100.0,0.0,62.0,2.6457513110645907,1.1,0.3,4.5,1.0723805294763609,0
64,0.9358939903068968,0.022923323227293516,0.017021074116918455,0.007364454932174564,0.0005317577421435287,0.000226772892268944,100.0,0.0,63.1,3.576310948449533,1.0,0.0,4.25,0.7664854858377946,0
65,0.9338816962834333,0.022920180226554697,0.017751764807446967,0.0076680147031464386,0.0005412029733695373,0.0002081178413071623,100.0,0.0,63.95,2.8892040426387333,1.0,0.0,4.25,0.8874119674649424,0
66,0.9337155335432712,0.020035032564361545,0.018956944418576364,0.007170511380423698,0.0005274703760583362,0.00020262459203755187,100.0,0.0,63.45,2.5782746168707473,1.1,0.3,4.05,0.739932429347437,0
67,0.9344751439631261,0.02227351973190014,0.017799948008395954,0.00824235983287584,0.0005305884227347656,0.00023771297484685767,100.0,0.0,62.65,3.7719358425084595,1.1,0.3,4.1,0.5385164807134504,0
68,0.9356779422847381,0.021857143219407092,0.017107629473327952,0.008830261406423656,0.000518154906956955,0.0002266972147483062,100.0,0.0,63.15,2.7436289836637897,1.075,0.23848480035423641,4.25,0.6224949798994366,0
69,0.9382685414620779,0.021178488288222358,0.017284697596575464,0.00977507145473826,0.00047881563033285726,0.00018969432153258142,100.0,0.0,63.7,2.4919871588754225,1.05,0.21794494717703372,3.95,0.5894913061275798,0
70,0.9383933829021439,0.02252971655086329,0.01734072192522118,0.008520639954790075,0.00048744691758245495,0.00021055769246573322,100.0,0.0,64.6,3.3823069050575523,1.05,0.21794494717703372,4.1,0.8306623862918076,0
71,0.9398690987981648,0.021717756872463464,0.017745260944724485,0.007891974416747025,0.0004682484590525512,0.00022018845074020188,100.0,0.0,63.8,2.1587033144922905,1.0,0.0,4.2,0.7483314773547883,0
72,0.9357336073885577,0.023354633576723096,0.01738071820066122,0.008600438047590886,0.0005224210088685134,0.0002061888530158393,100.0,0.0,63.4,2.7459060435491964,1.075,0.23848480035423641,4.15,0.7262919523166976,0
73,0.9390856809425271,0.021219481716800163,0.01743330337598529,0.008924972669390317,0.0004653115197572502,0.00015196397000290078,100.0,0.0,62.95,2.747271373563231,1.1,0.3,4.5,0.806225774829855,0
74,0.9379130681219632,0.02236246039784562,0.016518862641291217,0.007645297890200316,0.0005099955000018557,0.00018617743737835398,100.0,0.0,63.7,1.8734993995195195,1.125,0.3112474899497183,4.15,0.5722761571129799,0
75,0.9358617349326895,0.026148951431811604,0.014862247293281958,0.008466731892595492,0.0005610746543982648,0.00028162637248354877,100.0,0.0,63.35,2.372235232855292,1.2,0.4,4.25,0.7664854858377946,0
76,0.9380389518241026,0.02398889151106397,0.013658325719284731,0.007873554432465202,0.0005604233701020002,0.0002658526302315735,100.0,0.0,63.85,3.1980462785894765,1.125,0.3112474899497183,4.05,0.49749371855331004,0
77,0.9378327286490388,0.019644097136199867,0.014516395121308931,0.008042275556958968,0.0005515208401163849,0.0002086279525041321,100.0,0.0,62.45,2.5975950415721076,1.025,0.10897247358851683,4.45,0.8046738469715541,0
78,0.9390377871067243,0.021482275651753247,0.014988659978579472,0.007343616824596004,0.0005308840933396442,0.00021950169433550908,100.0,0.0,63.4,3.2155870381627056,1.125,0.3112474899497183,4.25,0.698212002188447,0
79,0.9341543505668456,0.02451530469773275,0.014621324962763114,0.008766498779353581,0.0005874090803979997,0.00024021093691843368,100.0,0.0,62.65,3.7453304260105007,1.025,0.10897247358851683,4.25,0.698212002188447,0
80,0.9326984455631357,0.022386695155707275,0.014550938046441855,0.00822366933115561,0.0006086188958840633,0.0002107460939341867,100.0,0.0,62.65,3.785168424258028,1.05,0.21794494717703372,4.1,0.5385164807134504,0
81,0.9315805406901532,0.0266856454813591,0.014233747539238594,0.007909037139525447,0.0006332185460546272,0.0002589578053403377,100.0,0.0,63.4,3.1208973068654475,1.0,0.0,4.45,0.5894913061275798,0
82,0.9307038037727269,0.024142610173031046,0.013978520283319782,0.008182020692902347,0.0006508525388614799,0.0002668646431655104,100.0,0.0,63.35,3.1666228067138023,1.025,0.10897247358851683,4.3,0.9539392014169457,0
83,0.933481500933882,0.019738249277675025,0.012210527534326015,0.008987080180129257,0.0006168745887618487,0.00019952767167232246,100.0,0.0,62.5,3.170173496829472,1.0,0.0,4.45,0.6689544080129827,0
84,0.9320876076722444,0.025456135124768915,0.012659326304282431,0.008693402257569706,0.0006439675020210263,0.0003098198797473645,100.0,0.0,64.3,2.5709920264364885,1.025,0.10897247358851683,4.15,0.792148975887743,0
85,0.930181572804029,0.025668550008478046,0.013448337534728603,0.00784528220910064,0.000658181266382794,0.00031473822369370907,100.0,0.0,62.4,3.4263683398023628,1.125,0.3112474899497183,4.45,0.9205976319760985,0
86,0.9308150694731123,0.021663202842771238,0.013969074623744082,0.008089514286840271,0.0006435685174361041,0.0002813332461891749,100.0,0.0,64.35,2.95423424934449,1.0,0.0,4.15,1.0136567466356647,0
87,0.9251431265826797,0.020519425794741593,0.0139573278905936,0.008232211628620506,0.0007110437494034342,0.0002745264043995756,100.0,0.0,62.75,2.7179955849853767,1.0,0.0,4.25,0.698212002188447,0
88,0.9280734923220043,0.022372102046401977,0.014022975094173573,0.007682782846118928,0.0006767082410780968,0.00029734404337222937,100.0,0.0,63.5,2.9748949561287032,1.0,0.0,4.25,0.698212002188447,0
89,0.930447260617807,0.021865118079245852,0.015849298414273898,0.007665501680491589,0.0006176522406322074,0.00024113541360765988,100.0,0.0,64.35,2.393219588754864,1.05,0.21794494717703372,4.2,0.7483314773547883,0
90,0.9361694299760686,0.02141128980132811,0.015125443750883361,0.008053977147723684,0.0005556144262028802,0.0002118417451883645,100.0,0.0,65.3,3.1638584039112754,1.0,0.0,4.0,0.7745966692414834,0
91,0.9343479326042455,0.02362479633312216,0.015430721311961984,0.007286900807922483,0.0005793145228981572,0.00025259513797403627,100.0,0.0,62.15,3.811495769379785,1.2,0.3674234614174767,4.2,0.8717797887081347,0
92,0.9347279389841596,0.024785087911949447,0.016028864018971845,0.008756796734151733,0.0005609564380348146,0.00028316803974136616,100.0,0.0,63.3,3.116087290176577,1.025,0.10897247358851683,4.35,0.6538348415311012,0
93,0.9379066258230342,0.024230589353015853,0.015288811574477252,0.00786432122845635,0.0005333630296213397,0.000265025032818641,100.0,0.0,64.7,2.8478061731796287,1.05,0.21794494717703372,4.1,0.8306623862918074,0
94,0.9408048779649567,0.025838720967403292,0.01462580436719518,0.008916402374643542,0.0004969521445479435,0.0002620143033733428,100.0,0.0,62.3,3.0182776545573144,1.1,0.3,4.45,0.6689544080129827,0
95,0.9368111099482324,0.029632493282091412,0.015483457853675043,0.008184166822204715,0.0005422172975043123,0.00031708096402549037,100.0,0.0,63.65,2.903015673398957,1.0,0.0,4.3,0.5567764362830022,0
96,0.9368235108288305,0.025285625144591643,0.015905488364991928,0.007418298873390778,0.0005355212367053649,0.00027373173890338204,100.0,0.0,64.35,3.3507461855533016,1.075,0.23848480035423641,4.0,0.6324555320336759,0
97,0.9343815183772295,0.022043940652577282,0.014455019656520653,0.007993283280864216,0.0005869132758620786,0.0002530618913405219,100.0,0.0,63.7,3.3481338085566414,1.15,0.3570714214271425,4.4,0.7348469228349535,0
98,0.9340123871188215,0.022226087985091545,0.015004866679077508,0.007774146909527586,0.0005881177205823933,0.00024133296336492353,100.0,0.0,63.25,2.6995369973386176,1.1,0.2549509756796392,4.3,0.7810249675906654,0
99,0.9327919224972782,0.017054549416299743,0.014425224351032672,0.007381224802755485,0.0006137211059117221,0.00018163712003797856,100.0,0.0,62.7,3.536947836765479,1.2,0.4,4.1,0.7681145747868608,0
100,0.9296352439472981,0.024437355269410002,0.014744549723868391,0.00757556705098894,0.0006804706440193117,0.00039438481622080704,100.0,0.0,64.1,2.773084924772409,1.0,0.0,4.25,0.8874119674649424,0
101,0.9284401808357993,0.02251733271351773,0.015577429221835188,0.00748088729307472,0.0006703822158162146,0.000302926734628563,100.0,0.0,64.75,1.894069692487581,1.025,0.10897247358851683,4.1,0.7681145747868608,0
102,0.9242517647713203,0.023010736402365173,0.016490956803511668,0.008112187796797423,0.000699703074607748,0.000320412572201229,100.0,0.0,63.35,3.758656674930553,1.1,0.3,3.9,0.6244997998398398,0
103,0.9278336703444736,0.024720737924133023,0.015266542078474148,0.008270907730776655,0.0006668866579387539,0.00031810597912940446,100.0,0.0,63.95,3.0736785778607367,1.05,0.21794494717703372,4.2,0.6,0
104,0.931221185004708,0.02197311582026529,0.015047343101983385,0.008567397772180395,0.0006234838786815832,0.0003136494867053131,100.0,0.0,64.15,3.5815499438092444,1.15,0.3570714214271425,4.25,0.698212002188447,0
105,0.9306003065588472,0.02246964941388814,0.015853796263271613,0.007615962922475105,0.0006308891058904809,0.00030168971608551,100.0,0.0,64.3,2.3473389188611007,1.05,0.21794494717703372,4.05,0.804673846971554,0
106,0.9313699026944556,0.019729351770285144,0.01565785306801815,0.007186350025922938,0.0006262818993543828,0.00029240403298395586,100.0,0.0,62.15,1.8241436346954694,1.1,0.3,4.4,0.6633249580710799,0
107,0.9358156430618827,0.019391772780504905,0.01680559796755678,0.006959363465757918,0.0005451616248921545,0.00022526592443843492,100.0,0.0,64.3,3.6891733491393435,1.0,0.0,4.1,0.5385164807134504,0
108,0.9338141450635362,0.02111168238223551,0.01689389353579893,0.00791408424699001,0.0005573962499361392,0.00021244363801892037,100.0,0.0,63.05,3.4709508783617204,1.05,0.15,4.2,0.6,0
109,0.9373204559169721,0.020390878902400354,0.01735164565476533,0.009037919017877368,0.0004955294363257173,0.00018936455857847338,100.0,0.0,61.95,2.6358110706194404,1.025,0.10897247358851683,4.5,1.0723805294763609,0
110,0.9399587487739465,0.02134314798154761,0.016582818908477716,0.009539688697688108,0.00047628679253382917,0.00022266029153225137,100.0,0.0,63.9,2.754995462791182,1.05,0.21794494717703372,4.15,0.8529361054615991,0
111,0.9384311056232597,0.022243305312146917,0.017220929939012523,0.0079678762660205,0.0004961719244100974,0.00021964932396527885,100.0,0.0,63.2,3.325657829663178,1.025,0.10897247358851683,4.1,0.8306623862918076,0
112,0.9392812682636877,0.019672976528308975,0.016693716362215845,0.007572329083730349,0.0004920751446131128,0.00018686813515021527,100.0,0.0,64.15,3.118894034750139,1.05,0.21794494717703372,4.25,0.7664854858377946,0
113,0.942238862964371,0.021419241824971954,0.016172933924526435,0.007399890993428649,0.0004729872163829643,0.0001891719653327234,100.0,0.0,63.05,2.7290108097990378,1.125,0.3112474899497183,4.3,0.6403124237432849,0
114,0.938305707626727,0.021580620782654852,0.015950192215237323,0.007902350936358486,0.0005235782979023972,0.00017580654497679666,100.0,0.0,62.9,3.254228019054596,1.05,0.21794494717703372,4.35,0.7262919523166975,0
115,0.9402759491832956,0.01918203810509942,0.016267203858655176,0.00760002306964653,0.0004906090873987168,0.0001608727133031879,100.0,0.0,63.75,2.6433879775772606,1.025,0.10897247358851683,4.55,0.9733961166965892,0
116,0.9415981723431939,0.0207038216831731,0.01559032894974427,0.008433717943434156,0.0004765511939757904,0.00018002122055386056,100.0,0.0,63.4,2.7820855486487113,1.075,0.23848480035423641,4.15,0.5722761571129799,0
117,0.941211985206726,0.01648090573342497,0.01485803641080444,0.008067830908581342,0.0005112055079638363,0.00015969768319550238,100.0,0.0,63.55,2.957617284234051,1.05,0.21794494717703372,4.1,0.43588989435406733,0
118,0.9331473878020701,0.023838016150492553,0.016188277409447494,0.00876455891116819,0.0005857206114352742,0.00020574087036803,100.0,0.0,63.55,3.2167530212933664,1.075,0.23848480035423641,4.0,0.6324555320336759,0
119,0.9353889253367219,0.02298223121633247,0.015671784615943908,0.008215107820959062,0.0005554905228440248,0.0002431840083015436,100.0,0.0,62.95,2.246664193866097,1.025,0.10897247358851683,4.25,0.7664854858377946,0
120,0.9395733744770236,0.02137268972930981,0.015486364799514818,0.008080064172177642,0.0005119367603060455,0.0002159025581553601,100.0,0.0,63.1,3.176476034853718,1.075,0.23848480035423641,4.1,0.6244997998398398,0
121,0.9400424125935565,0.022100151789957098,0.015235887229701314,0.007432058661536382,0.0005237036037339245,0.00024602856594614127,100.0,0.0,62.85,2.5937424698685874,1.025,0.10897247358851683,4.4,0.58309518948453,0
122,0.9416081625633165,0.025906138894263412,0.015372480568993823,0.007247090634919106,0.0005066145003988767,0.00026508954963679054,100.0,0.0,63.95,2.3973944189473704,1.025,0.10897247358851683,4.05,0.5894913061275798,0
123,0.9410325053764497,0.02110577643702584,0.015289013712239332,0.006616767082365828,0.0005134300408684993,0.0002098553040673635,100.0,0.0,62.9,3.548238999842034,1.1,0.3,4.2,0.5099019513592784,0
124,0.9406826099952733,0.027179311706008964,0.015454171430931429,0.007268512876104887,0.0005250447786269948,0.0002784479244444267,100.0,0.0,64.0,3.8340579025361627,1.175,0.36314597615834876,4.0,0.6324555320336759,0
125,0.946309266627712,0.026002413128729123,0.014860492455834146,0.006702507803144783,0.000459466164526982,0.00023746307198100917,100.0,0.0,63.35,3.5535193822462823,1.15,0.3570714214271425,4.0,0.8366600265340756,0
126,0.9440686269538835,0.02205267939909577,0.015478686392313742,0.007508161776776021,0.0004695179713134573,0.00021343080037241499,100.0,0.0,62.85,3.7050641020095725,1.15,0.3570714214271425,4.05,0.739932429347437,0
127,0.9433912212771516,0.021258573773135895,0.014996607054714898,0.007849002280661559,0.0004780770820184672,0.00023385220634804916,100.0,0.0,63.55,3.2167530212933664,1.075,0.23848480035423641,3.95,0.49749371855331004,0
128,0.9448741611379958,0.01683702043517393,0.015341644214502181,0.0077476556016721956,0.0004549703835773584,0.00017123566015036072,100.0,0.0,63.95,2.9576172842340505,1.0,0.0,4.0,0.7071067811865476,0
129,0.9428020251973923,0.019342882039937694,0.01579104170206399,0.00887002253166018,0.0004688059609944973,0.0001736988719677792,100.0,0.0,63.8,2.541653005427767,1.05,0.21794494717703372,4.45,0.5894913061275798,0
130,0.9380194259952932,0.017343971541452986,0.016181920849707005,0.009608682795017557,0.0005161189363778196,0.0001611661864245274,100.0,0.0,63.1,2.6814175355583845,1.05,0.21794494717703372,4.3,0.7810249675906654,0
131,0.9376918429136893,0.02155523103416877,0.015534108420714315,0.0099206724083159,0.0005174129613642654,0.00018474131281066554,100.0,0.0,64.25,2.680951323690902,1.0,0.0,4.25,0.7664854858377946,0
132,0.9367777672683456,0.02471545207543388,0.014675521317544293,0.0098280350885737,0.0005469183749561293,0.0002653175887927645,100.0,0.0,62.5,2.5199206336708304,1.075,0.23848480035423641,4.55,0.8046738469715541,0
133,0.9398435139285928,0.02777463124674258,0.014354411488697006,0.009685404594762305,0.0005260594710822354,0.00024262391584845816,100.0,0.0,64.0,3.146426544510455,1.05,0.21794494717703372,3.9,0.7681145747868608,0
134,0.9423016241607008,0.026144407307250227,0.01339531340677214,0.009648994588274649,0.0005030811264510218,0.00020705489016170327,100.0,0.0,64.4,2.9899832775452104,1.05,0.15,4.05,0.804673846971554,0
135,0.940232585876017,0.027740036301003988,0.01349693891767736,0.009531540053097321,0.0005314856584747907,0.00024055075738619344,100.0,0.0,64.1,2.605762844159076,1.025,0.10897247358851683,4.2,0.6782329983125268,0
136,0.93773752422455,0.030112201913668597,0.014380506421584408,0.009303325469560414,0.0005513968471923624,0.00024179029183717666,100.0,0.0,63.8,2.3151673805580453,1.1,0.3,4.15,0.7262919523166975,0
137,0.9403995471579817,0.02957911183656568,0.012971941401877182,0.009522726466766843,0.0005330159439819835,0.00025591675708595363,100.0,0.0,64.35,3.7453304260105007,1.1,0.3,4.2,0.5099019513592785,0
138,0.9378664066824246,0.03309549356769959,0.013872921717606138,0.009633305669863966,0.0005540574170105142,0.0002409514326664289,100.0,0.0,63.6,2.353720459187964,1.0,0.0,4.15,0.7262919523166976,0
139,0.9349663474794925,0.027662615116059233,0.015153918203727034,0.00854164599469012,0.0005797634894167191,0.00023253685806817281,100.0,0.0,63.1,3.5482389998420345,1.05,0.15,4.35,0.9096702699330126,0
140,0.9320331834921978,0.03427224552194142,0.016221446023684798,0.009532770472701412,0.0005914577240319727,0.00023259967722786507,100.0,0.0,63.25,3.1284980421921316,1.025,0.10897247358851683,3.8,0.6,0
141,0.9362963546610896,0.02863175321448667,0.014298475208269382,0.009777987581235957,0.0005567762523596974,0.00020734873220635335,100.0,0.0,62.05,2.654712790491657,1.15,0.3570714214271425,4.5,0.7416198487095663,0
142,0.9377542738762757,0.030756245738880885,0.014561725944953415,0.010418967172080943,0.0005319078924770881,0.00021477349469177924,100.0,0.0,63.35,2.2197972880423116,1.05,0.21794494717703372,4.25,0.8874119674649424,0
143,0.9399313347207917,0.029897063806228003,0.014972735974445628,0.011112865686937179,0.00048746270672049243,0.00020762737329161813,100.0,0.0,62.7,3.3926390907374753,1.075,0.23848480035423641,4.55,0.5894913061275798,0
144,0.9353458130548369,0.027866326208331942,0.01575854433126123,0.01105885739686065,0.0005333061035880098,0.00022344212955372684,100.0,0.0,62.95,3.007906248539007,1.025,0.10897247358851683,4.3,0.714142842854285,0
145,0.9367114538591087,0.02714825094015546,0.014880118481188276,0.011015904274932903,0.0005310906053999716,0.00023322875607176835,100.0,0.0,63.25,3.2384409829422554,1.1,0.3,4.35,0.5722761571129799,0
146,0.9453101139314277,0.02159179847324437,0.01409379981792066,0.01086869707684293,0.00043577779258404574,0.00015792386853071336,100.0,0.0,62.75,2.56661255354212,1.0,0.0,4.25,0.698212002188447,0
147,0.944108347687812,0.023161005339389536,0.014161779598204718,0.010123841598910062,0.0004833097189724107,0.0002881041396527709,100.0,0.0,63.45,2.6167728216259047,1.05,0.15,4.0,0.8944271909999159,0
148,0.9447634434493548,0.02233304415930912,0.014082077801993267,0.009619963734172753,0.0004511927857852602,0.00017266456866838584,100.0,0.0,63.6,2.8000000000000003,1.0,0.0,4.25,0.6224949798994366,0
149,0.9443869485062283,0.02253598683403557,0.01573412901571938,0.009640899343319478,0.00043565955735552585,0.00015506573883175843,100.0,0.0,63.5,3.7349698793966195,1.05,0.15,4.2,0.5099019513592784,0
150,0.9448043336160314,0.02127562671595598,0.014445750240995018,0.009899137157347443,0.00044830641810443496,0.00013727791080050413,100.0,0.0,63.4,2.764054992217051,1.125,0.3112474899497183,4.25,0.8874119674649424,0
151,0.9430912985374729,0.02308834367329826,0.015393916352115577,0.009666685264481011,0.00046188406493519635,0.00017874396555488765,100.0,0.0,63.75,2.5273503912200224,1.1,0.3,4.05,0.804673846971554,0
152,0.9418124749226549,0.021736214700598246,0.016046642997771705,0.009357909417170998,0.000461596829549401,0.00018228036582057603,100.0,0.0,64.35,3.9909272105614755,1.05,0.21794494717703372,4.05,0.5894913061275798,0
153,0.9413071166890546,0.02172803495418196,0.015394648980033235,0.008318787126880087,0.0004928737299417987,0.00020683557630951077,100.0,0.0,62.75,2.6052830940226053,1.05,0.21794494717703372,4.15,0.7262919523166975,0
154,0.936403831017057,0.021745541785958344,0.016794063202927742,0.007033723840497999,0.0005386565144170181,0.00020121531432827739,100.0,0.0,63.55,2.3973944189473704,1.05,0.21794494717703372,4.15,0.6538348415311012,0
155,0.937586267127498,0.022371353244126146,0.01657028439831783,0.007944340739314215,0.0005197797157917868,0.00019406406985095068,100.0,0.0,63.2,2.5219040425836985,1.0,0.0,4.45,0.8645808232895291,0
156,0.9357461915284284,0.021520064805473527,0.01742878299916715,0.007945482853156662,0.0005339922637654256,0.00017869951013488224,100.0,0.0,62.8,3.370459909270543,1.1,0.2549509756796392,4.4,0.7348469228349533,0
157,0.9343131248065843,0.022595770017622342,0.01653349884803188,0.008810302598877771,0.0005711763355862728,0.00023848415036146302,100.0,0.0,63.0,2.8809720581775866,1.05,0.21794494717703372,4.35,0.5722761571129799,0
158,0.9369756929313706,0.01734306955736644,0.016002115915840404,0.006409056832064533,0.0005561036601882695,0.00019889001026192284,100.0,0.0,63.35,3.2446109165815247,1.025,0.10897247358851683,4.15,0.9096702699330127,0
159,0.9357710833589132,0.015275473603809273,0.015619619311469057,0.007028908691868559,0.0005676859916859559,0.00016721364399090622,100.0,0.0,63.25,3.031088913245535,1.1,0.2549509756796392,4.05,0.864580823289529,0
160,0.9297504751698729,0.02412749211796902,0.016080226506985533,0.00853182775666167,0.0006231171877018958,0.00025897130359430484,100.0,0.0,62.65,2.7436289836637897,1.1,0.3,4.25,0.5361902647381804,0
161,0.9290835924549304,0.018915893723274988,0.016188060058619662,0.008287180948915979,0.0006355337500039771,0.00022304694092986648,100.0,0.0,62.95,3.694252292413175,1.1,0.3,4.15,0.5722761571129799,0
162,0.9332062116315608,0.017344728390105695,0.015401054852411167,0.007826765083473386,0.0006044867270773612,0.00021875735352543238,100.0,0.0,63.9,3.6318039594669758,1.15,0.3570714214271425,4.1,0.7000000000000001,0
163,0.9352513659123177,0.016040799119286804,0.016216851427973945,0.007287565191549281,0.0005671938769695485,0.00017638964098207042,100.0,0.0,61.95,3.800986713999406,1.15,0.3570714214271425,4.2,0.6,0
164,0.937334995818204,0.020279042384009714,0.015891188522733905,0.0075436722017629045,0.0005501524561182991,0.00019895676592181514,100.0,0.0,64.05,3.1220986531498327,1.05,0.2179449471770337,4.2,0.7483314773547883,0
165,0.9390220204481559,0.015420182460501282,0.014927350718633253,0.007446449579956752,0.00054088975315743,0.00017917868086519525,100.0,0.0,63.05,2.692118125194361,1.1,0.3,4.3,0.6403124237432849,0
166,0.9384697885590262,0.016593588351505307,0.014043256613617938,0.007784922495132232,0.0005637202342865801,0.00018427658884611486,100.0,0.0,63.1,2.8442925306655784,1.025,0.10897247358851683,3.95,0.6689544080129826,0
167,0.9402737618688601,0.02117993851337551,0.01344611772181839,0.008606341434495544,0.000531946927294546,0.00017857449149564296,100.0,0.0,63.65,2.6129485260907837,1.05,0.21794494717703372,4.45,0.7399324293474372,0
168,0.9438503727810055,0.01991815530291314,0.013083867089050896,0.00721534301330789,0.0004986155831535416,0.00020031121364649145,100.0,0.0,62.05,3.232259271778797,1.125,0.3112474899497183,4.5,0.6708203932499369,0
169,0.9458357627721894,0.021611147015375743,0.012312239849984894,0.006435182810347043,0.0004967063857871293,0.00022965542860308832,100.0,0.0,64.25,2.1418449990603894,1.0,0.0,4.05,0.5894913061275798,0
170,0.9470583587552447,0.019976944769741038,0.012013791680843256,0.0066198861058757025,0.0004851054952180794,0.00021744829359589564,100.0,0.0,63.85,3.5954832776693593,1.025,0.10897247358851683,4.1,0.7000000000000001,0
171,0.9458582081003059,0.01659692811871386,0.012059129917923836,0.006607434348572151,0.0004995665474384087,0.00018213420695745004,100.0,0.0,66.3,2.98496231131986,1.0,0.0,4.15,0.7262919523166976,0
172,0.9480136443358012,0.015906632300348986,0.012875660325884719,0.006847873973173471,0.0004590863107029547,0.0001633697308924849,100.0,0.0,63.15,2.8857408061016154,1.05,0.21794494717703367,4.3,0.714142842854285,0
173,0.9491017094314195,0.018908821418042003,0.01358304941517322,0.006727026299202066,0.0004414852105440992,0.00017850462262883498,100.0,0.0,63.0,2.949576240750525,1.1,0.3,4.15,0.7262919523166975,0
174,0.9467324377251162,0.017632929591272512,0.012981867674907072,0.0054578691718151036,0.0004945931692671368,0.00019520498711385082,100.0,0.0,62.95,1.9615045245933032,1.125,0.3112474899497183,4.0,0.5477225575051661,0
175,0.9490051425019026,0.017491763412552503,0.012963585178406931,0.0051067750346235575,0.000468354685456282,0.00019120812014141218,100.0,0.0,63.75,3.3893214660164652,1.1,0.3,4.15,0.7921489758877431,0
176,0.944964349191679,0.017573025938038257,0.013300067000924856,0.005353581381601825,0.0005100694808334637,0.00020480989047805633,100.0,0.0,63.15,3.4245437652335533,1.05,0.21794494717703372,4.7,0.9539392014169457,0
177,0.9402869542810579,0.018996129939529968,0.012645667889645256,0.006701929402508685,0.000565359206276262,0.00021748752689439748,100.0,0.0,62.4,3.9799497484264803,1.2,0.4,4.35,0.7921489758877431,0
178,0.9394387859225786,0.023173900172135248,0.013453277167005262,0.006870347114698771,0.0005596275742465428,0.00028742764096305475,100.0,0.0,62.55,2.558808316384797,1.1,0.3,4.0,0.7745966692414834,0
179,0.935837923522144,0.022448879855412284,0.013753690538307748,0.0064502321147611305,0.0005959290140625949,0.0002791022136645953,100.0,0.0,63.85,3.0540956108150903,1.025,0.10897247358851683,4.15,0.7262919523166976,0
180,0.9360874425761011,0.02235046803166916,0.013835551391722855,0.007296802491165751,0.0005866125387977709,0.00025631299868221854,100.0,0.0,62.65,3.395217224272992,1.125,0.3112474899497183,4.25,0.7664854858377946,0
181,0.9368320177761229,0.027263728334618483,0.014544827258260997,0.007048675238610802,0.0005697454394494275,0.0002932330965001632,100.0,0.0,63.3,2.666458325194677,1.1,0.3,4.05,0.5894913061275797,0
182,0.9383230842706608,0.023622439760979164,0.013163915563905573,0.0061761739074594054,0.0005737383937128313,0.00023183247904432798,100.0,0.0,63.3,2.7766886753829643,1.0,0.0,4.3,0.7810249675906654,0
183,0.9395328882621765,0.024352109952391555,0.012651520165459881,0.0049549437102985126,0.0005847952576667037,0.0002593958874422324,100.0,0.0,63.0,3.3763886032268267,1.075,0.23848480035423641,4.3,0.7810249675906654,0
184,0.9358663318550512,0.022558500713763103,0.014099163769276635,0.007333912667288984,0.000590246905943115,0.00022797087357131403,100.0,0.0,63.65,2.5548972582082436,1.075,0.17853571071357124,3.8,0.6,0
185,0.9363818516532841,0.025386696201118244,0.01425628129248016,0.007038360673039068,0.0005831505080706651,0.00026725318097034864,100.0,0.0,63.75,3.4478254016118624,1.0,0.0,4.15,0.6538348415311009,0
186,0.9367988997381493,0.018087288851165454,0.014708682009178648,0.007313464477247013,0.000572882154458344,0.00016306323177351268,100.0,0.0,62.95,2.9236107812087435,1.05,0.2179449471770337,4.1,0.7000000000000001,0
187,0.9406425983001633,0.022106916130133505,0.014943415664459494,0.006341728899035259,0.0005168917090081546,0.00019404480157942882,100.0,0.0,63.4,2.3958297101421877,1.05,0.21794494717703372,4.2,0.7483314773547883,0
188,0.9378148358049391,0.024746074297833834,0.014199343944145116,0.007228232215106978,0.0005538663152455173,0.0002204838285902747,100.0,0.0,63.15,2.104162541250081,1.0,0.0,4.05,0.5894913061275797,0
189,0.9376414669386317,0.021521163482346558,0.013554321420778073,0.006994469849982149,0.0005699695552066917,0.00019064169105343875,100.0,0.0,64.3,3.303028912982749,1.1,0.3,3.8,0.6782329983125268,0
190,0.9365484894023707,0.025056927210502473,0.014031328273963717,0.006946104368038631,0.0005823449366048593,0.00024617063995260977,100.0,0.0,62.55,3.4128433893163046,1.1,0.3,4.05,0.49749371855331004,0
191,0.9324137138496319,0.023747522441322014,0.014395968520458071,0.006853494045849227,0.0006327768721659198,0.00021607010767752015,100.0,0.0,64.15,4.269367634673781,1.1,0.3,4.1,0.7,0
192,0.9304033453706652,0.028206028696880957,0.01451856133732265,0.006517118494481434,0.0006539525463223762,0.0002860287182220014,100.0,0.0,64.3,3.661966684720111,1.1,0.3,4.05,0.6689544080129826,0
193,0.931051322064836,0.03133961510851066,0.014237341645052448,0.00619926064732708,0.0006496317796191898,0.0003488828608066102,100.0,0.0,62.15,3.1823733281939126,1.05,0.21794494717703372,4.4,0.8,0
194,0.9357392527871914,0.02631911625405366,0.014241677468824123,0.007427772141096686,0.000583256899457738,0.0002492812739465286,100.0,0.0,63.9,3.014962686336267,1.025,0.10897247358851683,3.9,0.7681145747868608,0
195,0.9356702688358263,0.023868245090740998,0.015403639776813366,0.00899977496143261,0.0005573339918857497,0.0002298807555398657,100.0,0.0,63.25,3.686122624113311,1.1,0.3,4.15,0.852936105461599,0
196,0.9401230606386852,0.020805946726273703,0.015498696965812426,0.008885175352719887,0.0004938286061147827,0.00017994313142687647,100.0,0.0,63.45,2.991237202229205,1.0,0.0,4.55,0.8645808232895291,0
197,0.9389895782613792,0.020196392108087463,0.0169279733228137,0.00792042532945418,0.000492614906475821,0.00019272509583541774,100.0,0.0,63.85,3.2752862470324637,1.0,0.0,4.3,1.0049875621120892,0
198,0.9380041987915556,0.01952453565273422,0.01648537283434665,0.00799629484489958,0.0005111923249482414,0.00016537377489894464,100.0,0.0,63.2,2.5612496949731396,1.075,0.23848480035423641,4.15,0.9096702699330127,0
199,0.9339415325786152,0.02034062438722568,0.018571408375678715,0.008011909564188619,0.0005280601953496373,0.00017472624391176266,100.0,0.0,63.65,3.1823733281939126,1.0,0.0,4.4,0.7348469228349535,0
200,0.9332516545803916,0.018520690603989795,0.016786762417063044,0.00786219300632841,0.0005737126394858179,0.00022077550821758,100.0,0.0,63.4,2.7640549922170505,1.05,0.21794494717703372,4.2,0.7483314773547883,0
201,0.9344661698959265,0.020639616289205062,0.016992169244259392,0.0074219167177272845,0.0005587224869118737,0.00020040573124519936,100.0,0.0,63.05,2.2907422377910613,1.075,0.23848480035423641,4.15,0.5722761571129799,0
202,0.9340672386649255,0.021233442061935344,0.0167110089465641,0.006107570907962132,0.0005843899810630447,0.00023291288271631662,100.0,0.0,62.6,3.6523964735499352,1.15,0.3570714214271425,4.35,0.5722761571129799,0
203,0.9383983778192151,0.022195285594761787,0.01639927832060367,0.006688379880010557,0.0005310217217165772,0.00020103402885285516,100.0,0.0,64.15,3.259984662540608,1.05,0.21794494717703372,4.05,0.739932429347437,0
204,0.9413443452991906,0.022046139788815068,0.016107785526832605,0.006196269790003097,0.0004921145866076631,0.000189500629911509,100.0,0.0,63.6,3.1368774282716245,1.1,0.3,4.45,0.8046738469715541,0
205,0.9411707703797305,0.023845979341114504,0.015692260603517146,0.006408863968127957,0.000498688478548894,0.00022549146957181245,100.0,0.0,64.95,3.4565155865408737,1.05,0.15,4.15,0.3570714214271425,0
206,0.9417556816870872,0.024598602926347263,0.0139105957786364,0.006232983247057801,0.0005209664734768876,0.0002752111005628031,100.0,0.0,62.9,2.808914381037628,1.05,0.21794494717703372,4.35,0.963068014212911,0
207,0.9415771043234997,0.02331488468282668,0.013626045583991244,0.006537894597669391,0.0005275164648374552,0.0002605550301343008,100.0,0.0,63.3,2.471841418861655,1.0,0.0,4.25,0.4330127018922193,0
208,0.9402608912039992,0.025217923804164762,0.0146539723956677,0.006051198772874857,0.0005436932422217752,0.000296427901275539,100.0,0.0,62.65,2.669737814842499,1.1,0.3,4.35,0.653834841531101,0
209,0.9439281300113797,0.022698280118488432,0.013446225391145799,0.005461690672035894,0.0005089891892002076,0.0002583987603851561,100.0,0.0,62.5,2.1330729007701543,1.075,0.23848480035423641,4.05,0.6689544080129826,0
210,0.9415378045414741,0.0240662140794661,0.012839100216731403,0.0061489986862387856,0.0005351491011964416,0.0002559152831268833,100.0,0.0,62.6,2.1071307505705477,1.125,0.3112474899497183,4.4,0.58309518948453,0
211,0.9411907960766399,0.022028853401879055,0.014089489970653391,0.006803244314993556,0.0005197592106123917,0.00022493681828390615,100.0,0.0,63.6,2.5377155080899043,1.0,0.0,4.05,0.9733961166965892,0
212,0.9401964023059295,0.021187464822149907,0.013322081262608674,0.0059269552407871535,0.0005519696032438762,0.00021806079454889975,100.0,0.0,63.95,2.3339880033967613,1.0,0.0,4.0,0.6324555320336759,0
213,0.9372884284769316,0.024772948342092746,0.012976444560736022,0.006968458682788805,0.0005947730713875176,0.0002892464379436767,100.0,0.0,63.5,3.057776970284131,1.025,0.10897247358851683,4.35,0.8529361054615991,0
214,0.935604622109155,0.02473323253404364,0.012607292258353886,0.005938957192288992,0.0006150650340563418,0.00027440370972955686,100.0,0.0,62.9,1.8411952639521971,1.025,0.10897247358851683,4.2,0.812403840463596,0
215,0.9349734649500105,0.02427729499349228,0.012692300315356128,0.0059931676357225195,0.0006196006553747605,0.000262597881740602,100.0,0.0,63.65,3.6093628246547893,1.0,0.0,4.1,0.5385164807134504,0
216,0.9362505653047934,0.023982972716224408,0.013047138985182435,0.005688918246936383,0.0006026418397174942,0.00025145534845037536,100.0,0.0,62.75,3.476708213238494,1.05,0.21794494717703372,4.75,0.8874119674649424,0
217,0.9352005977994967,0.02151492445702602,0.01340560803270576,0.006270280872697058,0.0006243459931922265,0.00023191154881648334,100.0,0.0,62.55,2.5975950415721085,1.0,0.0,4.35,0.653834841531101,0
218,0.9396013496131861,0.018863334263237566,0.013175584011081001,0.004577646664223675,0.0005767805985062378,0.0002361814521746051,100.0,0.0,63.0,3.40587727318528,1.075,0.23848480035423641,4.25,0.6224949798994366,0
219,0.9382505746750125,0.0175026261201461,0.01282400697759079,0.005269621248660792,0.000603642069300784,0.0002187282157201445,100.0,0.0,63.0,3.924283374069717,1.1,0.3,4.05,0.9733961166965893,0
220,0.942419301102495,0.014948256285541616,0.012163729445281948,0.0057229676367658395,0.0005463092345428494,0.00019663015136498288,100.0,0.0,64.2,2.420743687382041,1.0,0.0,4.45,0.8645808232895292,0
221,0.9461566780984901,0.012325738830994934,0.01332896535687147,0.005309519315580171,0.00048161046131627055,0.00015300632834917334,100.0,0.0,62.85,2.7977669667075564,1.075,0.23848480035423641,4.05,0.6689544080129826,0
222,0.9461610804202539,0.015524249312093173,0.012817627840006448,0.005171678289341027,0.0004957194967636238,0.0001976666841457068,100.0,0.0,63.2,3.9949968710876362,1.15,0.3570714214271425,4.2,0.9273618495495703,0
223,0.9436935447606192,0.015624553897232748,0.013685758385442176,0.005208273531651415,0.0005122070756995219,0.00020046397891934644,100.0,0.0,63.85,3.2752862470324637,1.1,0.3,4.45,0.7399324293474372,0
224,0.9465752064050967,0.012832942424583079,0.013720656456454303,0.005541463784583672,0.0004674216691141423,0.000162670983538275,100.0,0.0,62.95,3.412843389316304,1.05,0.21794494717703372,4.0,0.7071067811865476,0
225,0.9467625498061635,0.01084143990010927,0.014197531627286708,0.0060491809513213935,0.0004561714979302885,0.00012495864079598644,100.0,0.0,64.2,2.694438717061496,1.025,0.10897247358851683,4.1,0.6244997998398398,0
226,0.9444728299947809,0.01650339496578817,0.01333688412748853,0.006775262711875264,0.0004961575939746091,0.0001960900508012523,100.0,0.0,63.35,3.6779749863205975,1.25,0.4330127018922193,4.3,0.7810249675906654,0
227,0.9427479009062033,0.017392207410209682,0.012756270352245528,0.006334789951432561,0.0005268738714327801,0.00021470768077778093,100.0,0.0,64.15,3.409912022325503,1.075,0.23848480035423641,4.2,0.9273618495495703,0
228,0.9419956839624468,0.016887967637025318,0.012026538595951635,0.005820492289325782,0.0005488448189843263,0.0001895681801808421,100.0,0.0,64.65,3.15079355083763,1.1,0.3,4.3,0.9,0
229,0.9405132813390826,0.020206379485175913,0.011277385942263385,0.0066015443385904985,0.0005739173189536793,0.00023509655424527266,100.0,0.0,64.15,3.539420856580918,1.075,0.23848480035423641,3.85,0.653834841531101,0
230,0.939124163462254,0.016424064415465678,0.010717488963321547,0.007142895468766528,0.0005914326394044822,0.00014107684438532795,100.0,0.0,62.75,2.56661255354212,1.1,0.3,4.2,0.6,0
231,0.9425699491120099,0.0200181859383922,0.011071845878068694,0.0057446502341026075,0.0005553723684364161,0.00020502611632245687,100.0,0.0,62.2,3.0757112998459393,1.075,0.23848480035423641,4.5,0.7416198487095663,0
232,0.9425019947957584,0.024603158239283055,0.011119139149028338,0.006062030854743044,0.0005601116206967387,0.00028951852785765993,100.0,0.0,63.65,3.320767983464066,1.05,0.21794494717703372,4.25,0.82915619758885,0
233,0.9418562188997894,0.024504316141934653,0.011657682744041897,0.0056015268917544835,0.000556785872528202,0.00028585329082648174,100.0,0.0,63.7,2.968164415931166,1.125,0.3112474899497183,4.1,0.7,0
234,0.9449556198215797,0.025453338493164897,0.01081415506500656,0.005626125116679547,0.0005342799819902586,0.0003138928897604552,100.0,0.0,63.8,3.2341923257592455,1.0,0.0,4.4,0.7348469228349535,0
235,0.9431605280285698,0.021550340039576565,0.010410956228212177,0.00612920042835065,0.0005531933957874945,0.00025083558842198023,100.0,0.0,63.05,3.2476914878109957,1.15,0.3570714214271425,4.2,0.6782329983125268,0
236,0.9387093370931281,0.02075486513095699,0.011759487913609996,0.006577001079779954,0.0005971793326413641,0.0002451561891081354,100.0,0.0,63.45,3.368605052540295,1.0,0.0,4.25,0.8874119674649424,0
237,0.9427620949070737,0.02149214448045563,0.011421875864183197,0.006751726527769077,0.0005443225459910461,0.0002620746051394449,100.0,0.0,62.2,2.5612496949731396,1.05,0.21794494717703372,4.0,0.6324555320336759,0
238,0.9418444426408092,0.019441310294180864,0.01108906513254768,0.006485111188061607,0.0005499715194627368,0.00022002451065656354,100.0,0.0,63.7,2.666458325194677,1.05,0.21794494717703372,4.15,0.5722761571129799,0
239,0.9413892030428886,0.01797724082764488,0.011477020996946563,0.006706282913469757,0.0005454805136573479,0.00019392242486706407,100.0,0.0,63.65,2.535251466817444,1.0,0.0,4.1,0.6244997998398398,0
240,0.9388759641430724,0.021400057933622485,0.01237539477412688,0.006747645736815514,0.0005737165121454966,0.0002482663731992999,100.0,0.0,63.75,3.0639027399707057,1.05,0.21794494717703372,4.15,0.7262919523166976,0
241,0.9384377194997404,0.021872126953544426,0.012406988009798666,0.006277202599349075,0.0005776591291093845,0.0002317566876400714,100.0,0.0,62.75,2.680951323690902,1.125,0.3112474899497183,4.25,0.6224949798994366,0
242,0.9411453980681694,0.02202440170383683,0.011855040225701618,0.007077193776340289,0.0005478907003549519,0.000207084282771561,100.0,0.0,64.1,2.913760456866693,1.0,0.0,4.45,0.8046738469715541,0
243,0.9357614834836232,0.025673563526350925,0.012188045711866578,0.00557088656490901,0.0006173427596844674,0.0002855720686030086,100.0,0.0,62.35,3.1823733281939126,1.05,0.21794494717703372,4.65,0.7921489758877431,0
244,0.9337511001554649,0.024968030147584575,0.011326749426310071,0.005412031291006849,0.000662454016925193,0.0002848363053022511,100.0,0.0,63.8,2.580697580112788,1.05,0.21794494717703372,3.9,0.6244997998398398,0
245,0.9341781720921123,0.023215470312431194,0.01010935853867643,0.006139893222868805,0.0006690287585894641,0.0002752973844635545,100.0,0.0,62.9,2.964793416074719,1.075,0.23848480035423641,4.3,0.8426149773176358,0
246,0.9374225782810006,0.02371789628068997,0.010595798518506781,0.006409176958974521,0.0006222598080054146,0.00028564842717813206,100.0,0.0,62.7,2.8301943396169813,1.1,0.3,4.35,0.9630680142129111,0
247,0.9377066855778289,0.024287454958293136,0.01202462810309784,0.00661517265862868,0.0005932248906857248,0.00027808238148267805,100.0,0.0,62.55,3.353729267546801,1.05,0.2179449471770337,4.15,0.6538348415311009,0
248,0.9376794612590146,0.02194822282225643,0.01249430536208223,0.006458117888147535,0.0005889013149690803,0.0002521170332510318,100.0,0.0,63.15,2.3932195887548637,1.05,0.21794494717703372,4.25,0.7664854858377946,0
249,0.9345409099749118,0.022082807815610103,0.012064446466716987,0.006367536855678958,0.0006524154435493736,0.0002597384369122166,100.0,0.0,63.65,2.885740806101615,1.075,0.23848480035423641,4.05,0.804673846971554,0
250,0.9374263480486068,0.022465136806081993,0.012776911790811436,0.005897845780485266,0.000625578851580471,0.0002647350537160034,100.0,0.0,63.0,1.8439088914585775,1.025,0.10897247358851683,4.35,0.7262919523166975,0
251,0.9388897637184531,0.019770531006303105,0.01252374689590976,0.005133677887663272,0.0005899025384862192,0.00021738341184806198,100.0,0.0,63.3,2.7766886753829643,1.05,0.2179449471770337,4.05,0.49749371855331004,0
252,0.9399397783826309,0.019377106719039264,0.012155953622935528,0.005385297556617341,0.0005819268129525189,0.0002038531412343146,100.0,0.0,63.6,3.2924155266308657,1.05,0.21794494717703372,4.35,0.7262919523166976,0
253,0.9420111076838458,0.02037368526229399,0.01225417192276488,0.004876237580104261,0.0005598898792381441,0.00022845182795616135,100.0,0.0,63.7,3.2572994949804666,1.075,0.23848480035423641,4.35,0.7262919523166976,0
254,0.9380236378346171,0.024367551395095156,0.012212193802949082,0.00597631034500625,0.0005942290714255717,0.0002703004962798523,100.0,0.0,63.15,2.632014437650371,1.025,0.10897247358851683,4.45,0.6689544080129827,0
255,0.9438562396322693,0.022821848547658116,0.011255411907707683,0.006043074228374788,0.0005361262352368181,0.0002588119872829082,100.0,0.0,64.7,3.241913015489466,1.025,0.10897247358851683,4.1,0.6244997998398398,0
256,0.9422675396629737,0.02661108845771245,0.012031750188209622,0.005714243188001151,0.0005459965411204945,0.00030834695385573754,100.0,0.0,63.15,3.0376800358168077,1.0,0.0,4.15,0.6538348415311012,0
257,0.9397396647072824,0.02774453337070844,0.012852426135357083,0.005578587730166257,0.0005764880659519649,0.0003356135509556239,100.0,0.0,62.8,3.370459909270543,1.1,0.2549509756796392,4.2,0.6782329983125269,0
258,0.9406378082122083,0.025259013733455366,0.012366351629318425,0.005743824738141894,0.0005737273500739197,0.00028330233473817704,100.0,0.0,63.95,2.558808316384797,1.0,0.0,4.15,0.6538348415311009,0
259,0.9414138885631056,0.029294516833979416,0.011938381423667814,0.005756303954355508,0.0005742528677338701,0.0003370172571274793,100.0,0.0,63.3,2.491987158875423,1.05,0.21794494717703372,3.95,0.5894913061275798,0
260,0.9413252623747059,0.025738926689202538,0.01244513173443593,0.006449199955907976,0.0005478768416949117,0.0002520744846635521,100.0,0.0,62.95,2.8892040426387333,1.0,0.0,4.45,0.8645808232895292,0
261,0.940243025061795,0.026666253170411394,0.012553499347166958,0.006413480723655046,0.0005548300178617203,0.00027393901692192177,100.0,0.0,62.15,3.0540956108150903,1.05,0.15,4.2,0.8717797887081347,0
262,0.9421524564680304,0.0266175413286929,0.01267654568874461,0.0071436329834300575,0.0005238476044089919,0.00024001303735579255,100.0,0.0,62.25,4.345975149491768,1.15,0.3570714214271425,4.1,0.7,0
263,0.9390433604761179,0.026151120782510945,0.01255354644878695,0.007186141591529038,0.0005683788102749567,0.00024060472288731715,100.0,0.0,63.75,2.7363296585024255,1.025,0.10897247358851683,3.95,0.6689544080129826,0
264,0.9392601116501342,0.029535072963384847,0.01264749534394222,0.00608750101194672,0.0005752725514994233,0.00029583581024078244,100.0,0.0,62.0,3.271085446759225,1.05,0.21794494717703372,4.3,1.004987562112089,0
265,0.9422776316130518,0.02579444754176429,0.012892441984438941,0.006344730213642007,0.0005294183146146256,0.00026816301336053975,100.0,0.0,63.2,2.7495454169735036,1.15,0.3570714214271425,4.35,1.0136567466356645,0
266,0.9439878010182842,0.02231251413186231,0.011964178529372092,0.006216340926524461,0.0005225851776493233,0.00023763793390271256,100.0,0.0,63.9,3.3451457367355464,1.025,0.10897247358851683,4.25,0.9937303457175896,0
267,0.9427013562423638,0.02206381170675804,0.012648394037637659,0.005638866364983257,0.0005334245062849271,0.0002405353551432705,100.0,0.0,64.25,2.6052830940226053,1.0,0.0,4.35,0.653834841531101,0
268,0.9414020842654489,0.025408490447916668,0.012712016737007772,0.005573403932809243,0.0005478476368627219,0.0002733534263451898,100.0,0.0,63.7,3.551056180912941,1.05,0.21794494717703372,4.15,0.4769696007084728,0
269,0.9428455969477622,0.023261202122312016,0.012012153429449569,0.005741670456020483,0.0005476977596926249,0.0002735362743648803,100.0,0.0,63.95,2.4181604578687494,1.1,0.3,4.1,0.5385164807134504,0
270,0.9424025905322116,0.02614826808343539,0.012754095537574223,0.006734394637942085,0.0005355927179442503,0.0002581506921673384,100.0,0.0,63.35,2.4550967394381837,1.05,0.21794494717703372,4.4,0.8602325267042626,0
271,0.9415326288234445,0.027478067273006324,0.012467776392466781,0.005100027225960116,0.0005593984542491721,0.00030507820755810175,100.0,0.0,64.4,3.4263683398023628,1.05,0.15,3.95,0.5894913061275798,0
272,0.93771005386841,0.03478415749779333,0.012794725531633869,0.0057111288586967745,0.0005993635922070261,0.0003779631085912157,100.0,0.0,63.8,3.558089374931439,1.075,0.23848480035423641,4.35,0.6538348415311012,0
273,0.9391558876465904,0.033601290248263006,0.012770329267754727,0.006583434690271511,0.0005819580935640896,0.00035561650775743224,100.0,0.0,64.4,2.5573423705088847,1.0,0.0,4.05,0.3840572873934304,0
274,0.9375316890470687,0.0308958906759526,0.013612648721688145,0.006018460184915617,0.0005974751784880389,0.00031359100295714375,100.0,0.0,63.15,2.4753787588973126,1.05,0.21794494717703372,4.4,0.9165151389911681,0
275,0.939614404734091,0.02684319703210815,0.0133262600199794,0.006537436525053324,0.0005661751687549576,0.000302387752368712,100.0,0.0,62.25,2.680951323690902,1.075,0.23848480035423641,4.25,0.698212002188447,0
276,0.9359761488776902,0.025210050548239063,0.014018081811534633,0.006565180275589424,0.000605030130964992,0.00031029799521096536,100.0,0.0,62.45,2.4591665254715873,1.1,0.2549509756796392,4.45,0.9205976319760986,0
277,0.9371645838960191,0.026001576129784345,0.013854131361349692,0.006212785050685858,0.0005907624397140331,0.0003158382953229873,100.0,0.0,64.1,3.0149626863362666,1.0,0.0,4.0,0.4472135954999579,0
278,0.9374972488554224,0.027446940403158142,0.0140972551984029,0.006100391629081308,0.0005815461447804656,0.00032057828803382234,100.0,0.0,64.75,3.533765696816924,1.05,0.21794494717703372,4.0,0.7071067811865476,0
279,0.9408697745186145,0.025567530115036527,0.014028403023150032,0.006109830545460936,0.0005331290070782751,0.0002725225831091212,100.0,0.0,62.95,2.9406631905065224,1.125,0.3112474899497183,4.0,0.6324555320336759,0
280,0.9410689153522984,0.024127604676310335,0.012833066372587848,0.006215610609876646,0.0005535701176207736,0.0002649853572278852,100.0,0.0,63.65,2.7436289836637897,1.05,0.21794494717703372,4.15,0.6538348415311012,0
281,0.9407580454481813,0.026560467464075734,0.013351094572983072,0.006319882570295941,0.0005637783331720722,0.00028106267372305906,100.0,0.0,63.7,2.6476404589747453,1.05,0.21794494717703372,4.25,0.7664854858377946,0
282,0.9400178042683338,0.02472222515211608,0.01451279176807115,0.005469346064276491,0.0005525926523344504,0.000284114893530183,100.0,0.0,63.35,3.1980462785894765,1.025,0.10897247358851683,4.25,0.698212002188447,0
283,0.9415487332803144,0.021206652769300824,0.013069054332133049,0.005321682522731007,0.0005514220865167377,0.00023295858693569326,100.0,0.0,62.4,2.7820855486487113,1.025,0.10897247358851683,4.15,0.3570714214271425,0
284,0.9375877195590478,0.021818855838127912,0.013349895075020832,0.006490201413828144,0.0005854339089502585,0.00025671054239157913,100.0,0.0,63.1,4.253234063627348,1.15,0.32015621187164245,4.05,0.6689544080129826,0
285,0.9369374130486332,0.022700266546965484,0.013537470810130342,0.007323932914083462,0.0005788063424981176,0.0002438627864942996,100.0,0.0,64.3,2.7766886753829643,1.05,0.21794494717703367,4.2,0.6782329983125268,0
286,0.9341801497364337,0.02455515482242038,0.015619968336665468,0.00808771644995026,0.000581253575694964,0.00021683499596744372,100.0,0.0,62.6,2.764054992217051,1.125,0.3112474899497183,4.25,1.0428326807307104,0
287,0.9395517500751683,0.024005807905384438,0.014816170569348627,0.006999831475776406,0.0005362317219476786,0.00021281481165887048,100.0,0.0,62.4,3.583294573433783,1.1,0.2549509756796392,4.1,0.7681145747868608,0
288,0.9391786846276521,0.025713225774159024,0.015095517928790558,0.007581322512700746,0.0005341798539547262,0.00024033075912485388,100.0,0.0,62.95,1.883480820183736,1.025,0.10897247358851683,4.0,0.7745966692414834,0
289,0.9393284506209774,0.022932037959447833,0.01409801014822897,0.0075684279039331705,0.0005439850824008526,0.0002034633211035594,100.0,0.0,64.0,3.2093613071762426,1.125,0.3112474899497183,4.4,0.9695359714832658,0
290,0.9414532140765116,0.01878745210280478,0.013251511142695346,0.0066815893429885065,0.0005391021478412373,0.0001817254089684139,100.0,0.0,64.1,3.4770677301427417,1.1,0.3,4.0,0.6324555320336759,0
291,0.9452872381197567,0.02125404866382702,0.011544597797952258,0.005833211817841968,0.0005207557935533609,0.00023229311589640722,100.0,0.0,63.35,2.8857408061016145,1.0,0.0,4.2,0.7483314773547883,0
292,0.9483180810681816,0.025406373254509954,0.012513365192446588,0.005636879321435552,0.0004671395884295229,0.00025666884326982825,100.0,0.0,64.6,2.3748684174075834,1.05,0.2179449471770337,4.4,0.9165151389911679,0
293,0.9511494572514861,0.025016333000730518,0.01192445940303541,0.007009343058509161,0.00043027755578033675,0.0002692081282903944,100.0,0.0,62.75,3.404041715373065,1.1,0.3,4.2,0.5099019513592784,0
294,0.9462479881681419,0.028589308506697005,0.01247483096949291,0.007067785658033867,0.00048756532774764757,0.0003093269620408551,100.0,0.0,63.95,2.4794152536434875,1.05,0.21794494717703372,3.9,0.5385164807134504,0
295,0.9439215314047376,0.02573095643962488,0.012989597820939633,0.00750859362390172,0.0005042868277084583,0.0002705715753696441,100.0,0.0,62.4,1.9078784028338913,1.1,0.3,4.45,0.9205976319760986,0
296,0.9420818703400771,0.02502475404472214,0.01284743500799761,0.007108862754734246,0.0005305668281128239,0.0002772086235726723,100.0,0.0,61.8,3.171750305430741,1.2,0.4,4.3,0.6403124237432849,0
297,0.9414054926568779,0.0248663554418597,0.01261817119312401,0.006813377018450221,0.0005415225272109511,0.0002718703645740366,100.0,0.0,63.45,2.765411361804967,1.075,0.23848480035423641,4.3,0.8426149773176358,0
298,0.9396373824841275,0.02605760314332825,0.012884216073736857,0.00759032047056424,0.0005503852220052417,0.00025096250947914927,100.0,0.0,65.05,2.4591665254715873,1.025,0.10897247358851683,4.0,0.5477225575051661,0
299,0.9414648963874586,0.02204106116621869,0.01252455924425283,0.007229162201151149,0.0005346151097500162,0.00021655056314651865,100.0,0.0,63.95,3.1220986531498327,1.0,0.0,4.35,0.7262919523166976,0
300,0.9385328152892081,0.021639319738532222,0.012433658811360828,0.007117785486031406,0.0005792260861882402,0.00020315768164533854,100.0,0.0,64.05,2.011839953873071,1.0,0.0,4.2,0.6782329983125269,0
301,0.9394949759922312,0.01975957642375385,0.013731571179315205,0.007556061790088949,0.0005451981636769406,0.00020031927400225263,100.0,0.0,63.0,2.4698178070456938,1.0,0.0,4.15,0.7262919523166975,0
302,0.9392612670056311,0.023123701117408104,0.014027320265322501,0.0068672179417125605,0.0005438030976454739,0.0002241543215083701,100.0,0.0,62.55,2.0365411854416298,1.15,0.3570714214271425,4.6,1.019803902718557,0
303,0.9356344739347995,0.02810990048254372,0.015699518431516304,0.008014045129355676,0.000551474999062674,0.00024925674480697017,100.0,0.0,62.05,4.06786184622831,1.175,0.36314597615834876,4.15,0.5722761571129799,0
304,0.9352887651830635,0.025124116532140015,0.016149609645274694,0.008027921588046345,0.0005484650434679917,0.0002087186166012167,100.0,0.0,65.0,3.082207001484488,1.0,0.0,4.0,0.9486832980505138,0
305,0.9375268764227632,0.022031078456086754,0.016040380943359727,0.007935238202239792,0.0005206560035252547,0.00017639564291924321,100.0,0.0,64.5,2.0371548787463363,1.05,0.21794494717703372,4.05,0.4974937185533099,0
306,0.936570067144294,0.02040967225374172,0.015735578746594682,0.00798826293750905,0.0005550699743837857,0.00015045659561911348,100.0,0.0,64.4,2.6532998322843193,1.0,0.0,4.3,0.714142842854285,0
307,0.9378172263312738,0.025302617305719324,0.016785532680062706,0.00833300380630704,0.0005120491524507159,0.0001958031102691899,100.0,0.0,62.75,2.7363296585024255,1.05,0.2179449471770337,4.2,0.6,0
308,0.9364326249218262,0.0244685394916374,0.017424557100997974,0.00795732296488892,0.0005212623098787984,0.00019478004680018187,100.0,0.0,62.9,3.1606961258558215,1.025,0.10897247358851683,4.2,0.7483314773547883,0
309,0.9344106329153024,0.025385191667820134,0.01714667801304151,0.007923676292646738,0.0005583978140343228,0.00025409462341076773,100.0,0.0,62.3,2.882707061079915,1.05,0.21794494717703372,4.75,0.82915619758885,0
310,0.9369143355000285,0.026437478074421185,0.015617852777177135,0.008728769235339228,0.0005430173560986607,0.000250900518151602,100.0,0.0,64.2,3.385262175962151,1.0,0.0,4.1,0.6244997998398398,0
311,0.9342814004072633,0.02550382452990997,0.01582908484262581,0.0073297540750317585,0.0005818006314705652,0.000267440193448507,100.0,0.0,64.45,2.15580611373101,1.0,0.0,4.1,0.6244997998398398,0
312,0.9350948096467798,0.021742877962516765,0.01479915518697177,0.007719273253985212,0.0005851477412348524,0.00025509135522888715,100.0,0.0,63.8,3.325657829663178,1.0,0.0,4.15,0.8529361054615991,0
313,0.9384738081870786,0.022027757324327893,0.014945319271106077,0.00847130336320571,0.0005387855294006889,0.00024275276708197,100.0,0.0,63.7,2.5317977802344327,1.075,0.23848480035423641,4.35,0.7262919523166976,0
314,0.9393729440833465,0.02440424108599489,0.014138949448713809,0.00858936324552102,0.0005414006611652457,0.00023870200115915557,100.0,0.0,63.15,3.9531632903283924,1.15,0.3570714214271425,4.2,0.812403840463596,0
315,0.9410012197859098,0.023202533683883808,0.014631212472012167,0.007848069371148217,0.0005153548879821237,0.00022377842686856876,100.0,0.0,63.15,2.286372673034735,1.075,0.23848480035423641,4.1,0.6244997998398398,0
316,0.9409381796853739,0.024124624750267252,0.014630861346934702,0.007313781703073369,0.0005205966128038643,0.00020132752123833313,100.0,0.0,63.55,2.8892040426387338,1.0,0.0,4.25,0.698212002188447,0
317,0.939870536421115,0.02227094879617995,0.015004765035010064,0.0063383200852736256,0.0005334575416468887,0.00018523304569419063,100.0,0.0,63.1,2.9137604568666933,1.025,0.10897247358851683,4.4,0.9165151389911679,0
318,0.9374225071416028,0.019986360263205088,0.015255051957219216,0.006498006926104927,0.0005575444813477094,0.00016065615465356807,100.0,0.0,63.75,2.878801834096956,1.0,0.0,4.35,0.5722761571129799,0
319,0.9386950811163018,0.021592982485269814,0.01534800326225993,0.006017082916613513,0.0005485011808996127,0.0001891088370613515,100.0,0.0,63.15,2.5548972582082436,1.05,0.2179449471770337,4.3,0.6403124237432849,0
320,0.9390887310188181,0.02098684650822146,0.014822869326255423,0.006352297922220077,0.0005399885834008702,0.00017435154643430573,100.0,0.0,62.9,2.2781571499789037,1.025,0.10897247358851683,4.45,0.9733961166965891,0
321,0.9352882885121723,0.018976394205799364,0.015933079815449138,0.006700500163362659,0.0005658917592004294,0.0001521833761125392,100.0,0.0,63.05,3.1220986531498327,1.125,0.3112474899497183,4.1,0.7,0
322,0.9374157113757453,0.023668406448544118,0.015592669975379428,0.007634065935821964,0.0005391227099973678,0.00019866353610104674,100.0,0.0,62.55,2.3973944189473704,1.05,0.21794494717703372,4.65,0.653834841531101,0
323,0.9378626290526111,0.025904819310617656,0.015951022099702665,0.007040136794515165,0.0005408817833284426,0.00023740248920423507,100.0,0.0,63.7,2.3895606290697042,1.075,0.23848480035423641,4.3,0.6403124237432849,0
324,0.938388635624897,0.026297676744632507,0.015712628582501286,0.007373181610105893,0.0005399157965239227,0.0002502567922487397,100.0,0.0,63.65,2.286372673034735,1.1,0.2549509756796392,4.2,0.6782329983125268,0
325,0.9348979934126614,0.030412614331573114,0.01483667554575122,0.0075304066016972405,0.0006060294372140971,0.0002991469150531704,100.0,0.0,63.15,2.372235232855292,1.05,0.21794494717703372,4.35,0.7921489758877431,0
326,0.9357367715767733,0.028548865011032043,0.013080623138963896,0.006907220572244286,0.0006065464500635064,0.0002804199651569878,100.0,0.0,63.5,2.958039891549808,1.1,0.3,4.0,0.6324555320336759,0
327,0.9329700372153079,0.028726068468596558,0.014036619404749323,0.006730998005471576,0.0006327627715786875,0.0002879175289051671,100.0,0.0,63.55,2.836811590500857,1.0,0.0,4.0,0.7071067811865476,0
328,0.9329545167162643,0.03545006208176916,0.014872497705555912,0.008582329794462834,0.0006159053811191877,0.00036507949444230685,100.0,0.0,62.95,2.67348087705897,1.075,0.23848480035423641,4.1,0.5385164807134504,0
329,0.9318157445946362,0.030757145567719208,0.015189072553987487,0.009535637969950314,0.0006211843147834789,0.00031042685543683854,100.0,0.0,63.65,4.2340878592679205,1.15,0.3570714214271425,4.25,0.6224949798994366,0
330,0.9298315966444978,0.026529720071950372,0.014177503813988954,0.008575202894210937,0.0006516156355041833,0.000258128615450621,100.0,0.0,63.9,2.947880594596735,1.025,0.10897247358851683,4.35,0.8529361054615991,0
331,0.9373160630131464,0.02029901848370146,0.014482746820966466,0.008159121726752268,0.0005604784328463494,0.0001914072458361628,100.0,0.0,63.45,2.801338965566288,1.1,0.3,4.35,0.5722761571129799,0
332,0.9354965493508807,0.022239213139496217,0.015274409056709543,0.008187134761189102,0.0005737740283366622,0.00022278731431582319,100.0,0.0,62.8,2.6191601707417593,1.025,0.10897247358851683,4.3,0.6403124237432849,0
333,0.9325537897593289,0.026222882938375183,0.014407451249157543,0.008971221134868828,0.0006147312178323846,0.00026840568986389956,100.0,0.0,63.7,2.7946377224964243,1.075,0.23848480035423641,4.3,0.8426149773176358,0
334,0.9362401256327264,0.02388398009681958,0.014293756573660731,0.00933532918745148,0.0005611460616092919,0.00017989322483552773,100.0,0.0,64.1,3.6041642581880198,1.0,0.0,4.4,1.0198039027185568,0
335,0.9319186269252091,0.02426389366509446,0.015523054354840346,0.00903846004389582,0.0006048708150854735,0.0002398547380674499,100.0,0.0,62.9,3.7403208418530087,1.175,0.36314597615834876,4.3,0.45825756949558405,0
336,0.9379262161308987,0.025985817211808905,0.015123865512109808,0.010161927737518726,0.000520278415833667,0.00024656242502814715,100.0,0.0,63.95,3.7212229172679243,1.175,0.36314597615834876,4.45,0.6689544080129827,0
337,0.9361776188846381,0.028342893831727643,0.01499960006191425,0.009714728278372553,0.0005493256861941214,0.00028590622891001176,100.0,0.0,64.6,2.9051678092667896,1.025,0.10897247358851683,4.15,0.6538348415311009,0
338,0.9340676999732859,0.0269633843549263,0.016215235559661714,0.00860327076907988,0.0005802905408548634,0.0002730270911446466,100.0,0.0,63.5,2.5199206336708304,1.0,0.0,4.2,0.6,0
339,0.9363291953985422,0.022640117097517162,0.016510830124998148,0.00860683575915675,0.0005367359888385757,0.0002145514355735485,100.0,0.0,64.15,2.688401011754013,1.025,0.10897247358851683,4.1,0.6244997998398398,0
340,0.9376866325759086,0.022272256800853447,0.016109857941533,0.009482386558556617,0.000514611331836162,0.00019084079469460947,100.0,0.0,62.75,2.8262165522125158,1.05,0.21794494717703372,4.05,0.6689544080129826,0
341,0.9387385206956139,0.02470634843286365,0.016336615030717337,0.009377270975727672,0.0005017366868862366,0.0002083461742148175,100.0,0.0,63.35,3.365635155509284,1.125,0.3112474899497183,4.25,0.7664854858377946,0
342,0.9403863424112704,0.028953614085939192,0.016578909696012976,0.009557130688480511,0.00047634732044992203,0.00023585695750667884,100.0,0.0,62.25,3.6314597615834874,1.1,0.3,4.25,0.7664854858377946,0
343,0.9413452608364127,0.029013491732809853,0.01577482919747592,0.009690359979805562,0.0004769068561582255,0.00022709135762077637,100.0,0.0,63.95,2.5782746168707478,1.025,0.10897247358851683,4.05,0.8645808232895291,0
344,0.9397941334982292,0.030206984103487874,0.01536991390004729,0.009504227732097017,0.0005094756207365389,0.0002723149717414497,100.0,0.0,62.4,2.4166091947189146,1.0,0.0,4.3,0.45825756949558405,0
345,0.9416366882983663,0.03025160169754074,0.015545748279548263,0.009127338157103454,0.0004843210233398975,0.00025062252762597046,100.0,0.0,63.15,3.48245602987317,1.1,0.3,4.4,0.8602325267042626,0
346,0.9438861653176529,0.028393387894726698,0.015412926371921048,0.009333014561801493,0.0004492661758030376,0.00021760750319182933,100.0,0.0,63.8,3.4727510708370675,1.15,0.3570714214271425,3.85,0.5722761571129799,0
347,0.9455004274801437,0.025948350315937542,0.01637032118108861,0.009888095129319754,0.00040901089558319416,0.0001503033052369019,100.0,0.0,64.1,3.064310689208912,1.0,0.0,4.3,0.7810249675906654,0
348,0.9416029236679956,0.02920388188575738,0.016300554445761242,0.00860373377842394,0.00047011996348084704,0.0002327158869466448,100.0,0.0,63.65,2.43464576478797,1.05,0.21794494717703372,4.05,0.5894913061275798,0
349,0.9386715030797681,0.03169047355054268,0.01612608000584552,0.008411179945427777,0.0005100091633536868,0.00030839928271291704,100.0,0.0,63.55,2.940663190506523,1.0,0.0,4.3,1.0049875621120892,0
350,0.9376379304537901,0.02938628323958786,0.016219940009993206,0.008360814319004326,0.000520228583249541,0.00026794196904899036,100.0,0.0,62.9,2.5278449319529077,1.05,0.21794494717703372,4.45,0.9205976319760986,0
351,0.9332179947590757,0.02946102057245077,0.016241170253908966,0.007284876887911189,0.0005891724142516553,0.0003284867636284834,100.0,0.0,63.1,1.9723082923316022,1.05,0.21794494717703372,4.2,0.8124038404635961,0
352,0.9374778023834265,0.02619493418078049,0.014836343321585104,0.007161170922603618,0.0005542340801387439,0.000266183148794329,100.0,0.0,63.8,3.171750305430741,1.075,0.23848480035423641,4.55,0.6689544080129827,0
353,0.9370812494053651,0.022668291028153393,0.01636425131362204,0.007126646796903157,0.0005389928086702841,0.0002523029549103105,100.0,0.0,63.9,3.047950130825634,1.025,0.10897247358851683,4.15,0.7262919523166975,0
354,0.9411039543330073,0.02360248276317837,0.016059768450262125,0.007390410751017542,0.0004913634958629281,0.00021666011554622846,100.0,0.0,63.0,2.9832867780352594,1.1,0.3,4.2,0.8124038404635961,0
355,0.9416331062503529,0.02510819382808922,0.016611181976104856,0.007482064904060341,0.00047518798540615215,0.00019698378519306537,100.0,0.0,63.1,2.930870177950569,1.05,0.21794494717703372,4.5,0.8660254037844386,0
356,0.9410578742565102,0.026174958506762117,0.015633388172341618,0.007325945881474293,0.0005084460342848811,0.00021389570521850254,100.0,0.0,63.35,2.903015673398957,1.05,0.21794494717703372,4.35,0.653834841531101,0
357,0.9391871035890877,0.025752948809843607,0.015594963349123308,0.0074325379476597245,0.0005366670315276945,0.00023981760148366924,100.0,0.0,63.1,2.3430749027719964,1.05,0.21794494717703372,4.3,0.5567764362830021,0
358,0.9389992297935736,0.028406796934273386,0.015238208176566601,0.0075891802123181345,0.000545977829797936,0.00025318379074535557,100.0,0.0,63.45,2.836811590500857,1.1,0.3,4.15,0.47696960070847283,0
359,0.9366755007579808,0.024346276264961653,0.01606290082048709,0.007991410765873867,0.0005489649405096276,0.00019937292166148022,100.0,0.0,62.95,2.3973944189473704,1.05,0.21794494717703372,4.1,0.6244997998398398,0
360,0.9360669869708064,0.028427452262855892,0.014842347735681332,0.008489250558715532,0.000571317229838107,0.0002558564023916684,100.0,0.0,64.2,2.0639767440550294,1.05,0.21794494717703372,4.0,0.6324555320336759,0
361,0.9348209982281814,0.02642411177010701,0.015227103479078763,0.00790924428768457,0.0005860219547538116,0.00024957820141144555,100.0,0.0,63.7,3.716180835212409,1.15,0.3570714214271425,4.05,0.804673846971554,0
362,0.9404398356856672,0.02968232621570386,0.01505871472922512,0.007094696282275117,0.0005246619622502503,0.00026614690246455934,100.0,0.0,62.5,2.247220505424423,1.025,0.10897247358851683,4.2,0.6,0
363,0.9383105801865703,0.033297829198034666,0.014734299657658784,0.008072738376615426,0.000552568760256418,0.0003475257638926359,100.0,0.0,62.3,3.7696153649941526,1.15,0.3570714214271425,4.05,0.5894913061275798,0
364,0.9383218786874421,0.026401809762218054,0.014511996906505998,0.007675019836072532,0.0005615854829475745,0.0002784318122882161,100.0,0.0,64.7,3.132091952673165,1.0,0.0,4.15,0.6538348415311012,0
365,0.9377509582984154,0.027104032855517442,0.01526245676020217,0.007827503677457577,0.0005497644234644292,0.00025813897725671065,100.0,0.0,63.45,2.9912372022292053,1.05,0.21794494717703372,4.45,0.8645808232895291,0
366,0.9317262327369861,0.030516635417712226,0.015014027796491289,0.008056593326759455,0.0006386232982429765,0.00031663803934280365,100.0,0.0,62.75,2.878801834096956,1.1,0.3,4.05,0.739932429347437,0
367,0.9329358850967612,0.03587167330920023,0.015073168220979,0.007947123359369741,0.0006186529487633753,0.00037381397779334723,100.0,0.0,63.75,3.2384409829422554,1.075,0.23848480035423641,4.1,0.7000000000000001,0
368,0.9396266333116425,0.02935030844532653,0.014811001815702034,0.007236694578150572,0.0005346972611440644,0.00031189573436078477,100.0,0.0,63.45,3.6670833096617805,1.075,0.23848480035423641,4.2,0.7483314773547883,0
369,0.9390842701640431,0.026456213242956477,0.01611851657953812,0.006893681952741715,0.00052581010726338,0.00029813657002566464,100.0,0.0,63.45,3.2011716605018234,1.05,0.2179449471770337,4.05,0.49749371855331004,0
370,0.937622771163342,0.030737668667192786,0.01581242716866302,0.007386086568027524,0.0005381451972779042,0.0003070884557227393,100.0,0.0,64.1,2.844292530665578,1.05,0.15,4.25,0.698212002188447,0
371,0.934972446719429,0.030395524343299358,0.016619203825036934,0.007571321312754663,0.0005580493298350862,0.00028716790848898165,100.0,0.0,63.85,3.1666228067138023,1.0,0.0,4.15,0.6538348415311009,0
372,0.9269893045806621,0.03036785140068096,0.018057486354308643,0.007895706672134456,0.0006313380827404297,0.0002738662733874124,100.0,0.0,63.75,1.8131464364468746,1.05,0.21794494717703372,3.95,0.5894913061275798,0
373,0.9302103773585392,0.03025083793493027,0.018850214293470124,0.008768286047548883,0.0005696462430015716,0.0002647990872001312,100.0,0.0,63.25,2.5273503912200224,1.05,0.21794494717703372,4.15,0.653834841531101,0
374,0.935821209008503,0.02531991421904515,0.01812557529521413,0.00740866219336616,0.0005194992617926232,0.00023268658521832407,100.0,0.0,64.4,3.307567081708245,1.05,0.21794494717703372,4.0,0.5477225575051661,0
375,0.938561609259391,0.025468759399794264,0.018066464723441342,0.007610452787788803,0.0004792376811268671,0.00021796455230702478,100.0,0.0,64.85,3.5252659474144643,1.075,0.23848480035423641,4.35,1.1947803145348521,0
376,0.9414946795378076,0.023532218857858514,0.016842138758474623,0.00815397192508003,0.00045857486561801656,0.00020012294686880562,100.0,0.0,63.8,3.2186953878862163,1.05,0.21794494717703372,4.15,0.7921489758877431,0
377,0.9362059795592652,0.023737419319340758,0.017938805344038043,0.008098348140002045,0.0005117234832971323,0.0001976554111757844,100.0,0.0,62.75,3.2384409829422554,1.025,0.10897247358851683,4.3,0.7810249675906654,0
378,0.9342617596327379,0.023018899785161754,0.017105424526610704,0.008511868972493923,0.0005432695285017303,0.0001863112260977128,100.0,0.0,64.05,3.667083309661781,1.05,0.21794494717703372,4.15,0.7262919523166975,0
379,0.9365358307516205,0.024051273664963752,0.016814167831434437,0.008317777784563706,0.0005155714616606811,0.00017579350000377568,100.0,0.0,63.95,3.3834154341434335,1.075,0.23848480035423641,4.3,0.8426149773176358,0
380,0.9364709163951254,0.02269708582511422,0.015788969075839702,0.008151795495895965,0.0005433413625254782,0.0002111400248416972,100.0,0.0,63.05,2.8543825952384165,1.0,0.0,4.2,0.7483314773547882,0
381,0.9379134582721568,0.024018430679020132,0.016511512308968912,0.008372206949731037,0.0005098767083314903,0.00019545148642762588,100.0,0.0,63.4,2.6720778431774774,1.15,0.3570714214271425,4.2,0.812403840463596,0
382,0.9392879338680645,0.019757276228293822,0.016025685495812868,0.00808922909973452,0.0004972728098191193,0.00019193801586769535,100.0,0.0,62.85,2.8155816450602176,1.075,0.23848480035423641,4.25,0.82915619758885,0
383,0.9371641975211885,0.02515812055437492,0.015398050873092387,0.008482740744421052,0.0005341447743910244,0.00024186295897966477,100.0,0.0,62.0,2.792848008753788,1.05,0.21794494717703372,4.25,0.7664854858377946,0
384,0.9369528577641368,0.022668333643079595,0.016488681039990644,0.008572300313404621,0.0005162676026563141,0.00023411732998209294,100.0,0.0,62.3,2.968164415931166,1.1,0.3,4.5,0.7416198487095663,0
385,0.9398441210434136,0.019134438411348733,0.016144328897506003,0.00824763184788447,0.0004910684973673651,0.00015750569565405428,100.0,0.0,64.1,3.491418050019218,1.15,0.3570714214271425,3.9,0.7681145747868608,0
386,0.9401755547748681,0.017376024032797612,0.017141756284132635,0.007512327544634728,0.0004859809231081881,0.00014740355348818679,100.0,0.0,63.25,3.222964473896664,1.1,0.3,4.25,0.82915619758885,0
387,0.9416870769087182,0.015153631566556724,0.016177151136872316,0.007434242290931652,0.0004824016032167035,0.00015609433998868108,100.0,0.0,63.95,2.4387496796514396,1.0,0.0,4.15,0.7262919523166976,0
388,0.9416325479656391,0.014709507298535004,0.015221164554571332,0.007495379664432611,0.0004952715045149597,0.00018595721408620864,100.0,0.0,63.5,2.80178514522438,1.05,0.21794494717703367,4.25,0.82915619758885,0
389,0.9431158717930697,0.013784313387837503,0.014762399312522049,0.006603978748821643,0.000489939077040366,0.00012894624340214933,100.0,0.0,63.75,2.7726341266023544,1.1,0.2549509756796392,4.35,0.5722761571129799,0
390,0.9411382450039542,0.016719062211225422,0.016063020590749093,0.006996234591702986,0.0004923763344905523,0.00014643175538792691,100.0,0.0,63.45,2.81913107180209,1.05,0.2179449471770337,4.1,0.6244997998398398,0
391,0.9440038772169972,0.019673797974672207,0.015257128029537648,0.007410528381352144,0.0004712666971110513,0.0001848025990678102,100.0,0.0,63.3,3.0512292604784714,1.0,0.0,4.35,0.6538348415311012,0
392,0.9444175960033879,0.02064987055963889,0.015015681064529454,0.007916282595029968,0.0004746401728390316,0.0001731456325193662,100.0,0.0,63.8,2.9933259094191524,1.1,0.3,4.1,1.1789826122551597,0
393,0.9454024081899753,0.021287878695277217,0.014934882996066115,0.007733702719357024,0.00046441393394420865,0.00018991019907034786,100.0,0.0,63.8,2.5999999999999996,1.05,0.21794494717703372,4.9,1.1789826122551597,0
394,0.9440846844647769,0.021375899742621107,0.014448962483023953,0.008402266634169904,0.00048414467589143965,0.00020773165975296676,100.0,0.0,63.05,3.761316258971054,1.05,0.15,4.15,0.7262919523166976,0
395,0.9417794974989431,0.023913652408677277,0.015258144794363982,0.00830448368402024,0.0004896083600841115,0.00023968869937516924,100.0,0.0,62.85,2.5937424698685874,1.125,0.3112474899497183,4.15,0.5722761571129799,0
396,0.9401475938773265,0.022285251357014736,0.01499522416868523,0.007983063651184374,0.0005219990800858301,0.000224390054510766,100.0,0.0,63.4,3.246536616149586,1.125,0.3112474899497183,4.35,0.6538348415311012,0
397,0.9441502460472613,0.022246671880183533,0.016044974705504804,0.007574875377089355,0.0004547180207852162,0.00021338453686487084,100.0,0.0,62.9,3.047950130825634,1.05,0.21794494717703372,4.65,0.7921489758877431,0
398,0.9439636077978288,0.02317828338395978,0.01652343530266049,0.00802632286936928,0.0004477606767876772,0.00020154120401044595,100.0,0.0,63.35,2.4550967394381837,1.05,0.21794494717703367,4.05,0.5894913061275798,0
399,0.9449426936013022,0.02120759590542427,0.01564470245803283,0.00887056348689064,0.00043815350488613463,0.00019018309348282323,100.0,0.0,62.85,2.4550967394381833,1.05,0.2179449471770337,4.4,0.8,0
400,0.9462526716069972,0.02038352352614907,0.016337008688241807,0.007620051930353696,0.00041752536312064366,0.00019438518821975577,100.0,0.0,62.55,3.0736785778607367,1.05,0.21794494717703372,4.2,0.5099019513592784,0
401,0.9449368740975148,0.016049666025845215,0.01574838863661186,0.006960936072498359,0.00044838252752047266,0.0001644216721049906,100.0,0.0,63.85,2.414021540914662,1.1,0.3,3.95,0.804673846971554,0
402,0.9437969410342388,0.01678744294032484,0.015354216360616981,0.007597652486237565,0.00047056749900209965,0.00017501797759771282,100.0,0.0,63.75,3.5899164335677787,1.1,0.3,4.15,0.9630680142129111,0
403,0.9465188217239943,0.015849877648482686,0.017067976446606906,0.007224031890195756,0.0004113773064003953,0.00013658510518369893,100.0,0.0,62.85,2.5352514668174435,1.1,0.3,4.15,0.4769696007084728,0
404,0.9480389728196812,0.015106475225028804,0.016914325909343185,0.006792668606826641,0.0004033706618564987,0.00015640087357194813,100.0,0.0,63.65,2.6884010117540127,1.05,0.21794494717703372,4.2,0.6,0
405,0.945479678119764,0.01684186051521867,0.017815355497109022,0.007885572188237567,0.0004053625758662552,0.00016150128761305768,100.0,0.0,63.4,2.8000000000000003,1.05,0.21794494717703372,4.15,0.7262919523166975,0
406,0.9411153104437455,0.01601535322569196,0.017399638981355988,0.007151528453485176,0.00047592001456641926,0.00018954106474732986,100.0,0.0,62.65,4.162631379308046,1.15,0.32015621187164245,4.1,0.8888194417315588,0
407,0.9407258466359163,0.02150747970027032,0.017823353738388545,0.007419543845534188,0.0004672303629097807,0.00021362169913384933,100.0,0.0,63.95,2.8892040426387333,1.0,0.0,4.35,0.7262919523166976,0
408,0.9432505918022679,0.025423984253654316,0.01711124766156637,0.007446462946742868,0.00045515595177135937,0.000279883507944038,100.0,0.0,63.05,3.0736785778607367,1.15,0.3570714214271425,4.25,0.4330127018922193,0
409,0.9456491236441729,0.020573667938103,0.0168497285322669,0.008032599934806513,0.00041162434844036546,0.0001941181528843833,100.0,0.0,63.25,3.031088913245535,1.075,0.23848480035423641,4.3,0.45825756949558405,0
410,0.9398412505788484,0.024111225369449905,0.0170079419766326,0.008647099313172335,0.00048099323347477205,0.00026357849861448243,100.0,0.0,64.15,2.7798381247835278,1.0,0.0,4.25,0.9420721840708386,0
411,0.9389872690376659,0.024088620718636846,0.016722125416838794,0.008644103600910794,0.000503726165673419,0.0002807063960883457,100.0,0.0,62.55,2.7290108097990378,1.15,0.3570714214271425,4.15,0.7262919523166975,0
412,0.9415637899608983,0.01871301299221808,0.016527861011371207,0.006834206606988412,0.0004844372345538762,0.00020055888146675423,100.0,0.0,62.95,3.0244834269673224,1.075,0.23848480035423641,4.2,0.8717797887081348,0
413,0.9375627209048494,0.02055744539973061,0.016644416945370832,0.0067971785910230335,0.0005393242233903855,0.0002047117771617787,100.0,0.0,64.65,2.903015673398957,1.0,0.0,4.3,0.5567764362830021,0
414,0.9417716500671396,0.02026673785822813,0.015621593612911887,0.005897209773177105,0.0004980705716853562,0.00023979226119548653,100.0,0.0,63.75,2.5074887836239665,1.0,0.0,4.35,0.7262919523166975,0
415,0.9379823086653264,0.026201980515784738,0.0173281672773545,0.005349899318475792,0.0005222996330530459,0.00029178635208850894,100.0,0.0,63.85,2.286372673034735,1.05,0.21794494717703367,4.2,0.5099019513592784,0
416,0.9356203533287291,0.02438758689678552,0.017505498644545422,0.005684392509399069,0.0005457334674063193,0.0003020273539740692,100.0,0.0,63.05,3.169779172119093,1.075,0.23848480035423641,4.25,0.698212002188447,0
417,0.93720588952111,0.022875239312151335,0.016928254571431656,0.006699573067387931,0.0005339614512964175,0.0002659953615779231,100.0,0.0,65.4,2.672077843177477,1.0,0.0,4.25,0.698212002188447,0
418,0.9408937881967534,0.021058555058595302,0.01607470907861326,0.006987436379280884,0.0004939599067943021,0.00020175261312044585,100.0,0.0,62.55,3.5843409436045564,1.05,0.21794494717703372,4.3,0.8426149773176358,0
419,0.9416395717097126,0.021688985005753093,0.017407384364823204,0.0068398784157208785,0.00046329276894741965,0.00020911429476081004,100.0,0.0,61.8,3.043024810940588,1.2,0.4,3.95,0.5894913061275798,0
420,0.9452736841459644,0.01943469990685726,0.016148501261886147,0.006160153605573854,0.00045403994111277234,0.000192422021169749,100.0,0.0,64.25,2.624404694402142,1.05,0.21794494717703372,4.05,0.6689544080129826,0
421,0.9393444647483233,0.018639154888988325,0.016664778298518288,0.006086814899377854,0.000525731971510665,0.00019104628972695025,100.0,0.0,63.75,2.299456457513384,1.0,0.0,4.25,0.5361902647381804,0
422,0.9380700356364733,0.01704569145598883,0.016279827810595005,0.006051337141000756,0.0005453496445936923,0.00019369099520460834,100.0,0.0,63.9,3.7403208418530087,1.125,0.3112474899497183,3.95,0.4974937185533099,0
423,0.937575573339978,0.020872745714632053,0.015446504308648126,0.007037963880942764,0.0005624556074056745,0.0002648197197186414,100.0,0.0,62.6,4.1521078984053394,1.2,0.4,4.15,0.9096702699330127,0
424,0.9362039568383851,0.021955164265822814,0.01602481679109455,0.006404469058182763,0.0005711867016728172,0.0002989039255749407,100.0,0.0,63.9,2.5670995305986875,1.025,0.10897247358851683,4.1,0.43588989435406733,0
425,0.9353389635657378,0.02264077164520015,0.015065805303490198,0.006093876286290535,0.0005861233366508966,0.0002856826481440626,100.0,0.0,62.5,3.0413812651491097,1.1,0.3,4.65,0.9096702699330126,0
426,0.9332833040957059,0.02332066254671498,0.015010569100569155,0.006001180280466418,0.0006112836469207016,0.0002767336158879619,100.0,0.0,63.0,2.569046515733026,1.05,0.15,4.1,0.7,0
427,0.937774666636661,0.023719866314727292,0.014800005456368375,0.005595031354389304,0.0005588886742795069,0.0002745001881783331,100.0,0.0,63.95,3.528101472463625,1.05,0.21794494717703372,4.25,0.5361902647381804,0
428,0.9400669142194902,0.023729075242719295,0.015233721284667864,0.006914361303165083,0.0005173507208469,0.00024580889584420066,100.0,0.0,63.6,3.023243291566195,1.05,0.21794494717703372,4.3,0.6403124237432849,0
429,0.9411737073517917,0.020972932816067626,0.014629994254780357,0.006529380279684401,0.0005185337424055771,0.00022781332086059503,100.0,0.0,62.45,2.836811590500857,1.15,0.3570714214271425,4.2,0.6782329983125269,0
430,0.9432727199290944,0.019575731603608166,0.014616302016915175,0.006567606139460129,0.00048780202680302244,0.00019425412679758812,100.0,0.0,63.55,2.132486811213612,1.1,0.2549509756796392,4.2,0.6782329983125268,0
431,0.9388139484426519,0.01815498371729875,0.013554432055256239,0.0072202677710157485,0.000551578609439045,0.000191270243779547,100.0,0.0,62.55,3.169779172119093,1.125,0.3112474899497183,4.1,0.5385164807134504,0
432,0.9371887093171946,0.020394693008140414,0.014260657331552984,0.007899617955845444,0.0005570631679051015,0.00019234518814742647,100.0,0.0,63.95,2.4994999499899975,1.05,0.21794494717703372,4.05,0.6689544080129826,0
433,0.9348088717560641,0.01967771908450455,0.014359818536831917,0.008104828808090566,0.0005874714935243904,0.0002036361748889359,100.0,0.0,63.4,3.6660605559646724,1.1,0.3,4.25,0.5361902647381804,0
434,0.9334581372451035,0.022897432956592238,0.014092643858194587,0.007212021690055739,0.0006189358719121781,0.0002669437768457719,100.0,0.0,63.2,3.3105890714493693,1.075,0.23848480035423641,4.15,0.6538348415311012,0
435,0.9347634736508172,0.024253450456122105,0.014394655471642282,0.00680452361628047,0.0006072300517597636,0.0002887389405308065,100.0,0.0,64.0,3.40587727318528,1.05,0.21794494717703372,4.15,0.6538348415311012,0
436,0.9355997776589191,0.024488622992873882,0.014899701443844785,0.007232949467851715,0.0005671155856810052,0.00023510513031322955,100.0,0.0,64.65,2.2863726730347356,1.05,0.21794494717703372,4.2,0.39999999999999997,0
437,0.9282464513357043,0.0263881451783925,0.015150879740521242,0.007648511348171403,0.0006561823118318046,0.00026948229030765983,100.0,0.0,62.75,3.1444395367060247,1.05,0.21794494717703372,4.3,0.7810249675906654,0
438,0.9311837882129401,0.024614965977398876,0.015667654334789203,0.008171751148524873,0.000613040781039376,0.00024960723810462765,100.0,0.0,63.1,2.826658805020514,1.0,0.0,4.55,0.6689544080129827,0
439,0.9343823056079235,0.019787236885442778,0.015662661322604944,0.008472792899834079,0.0005744081836616175,0.0001964195668342106,100.0,0.0,63.85,2.868361901852694,1.025,0.10897247358851683,4.25,0.5361902647381804,0
440,0.9316107652703414,0.02664918277033142,0.016240604562638546,0.008911469680979243,0.0005993325271205862,0.00028435357263568355,100.0,0.0,63.2,2.712931993250107,1.1,0.3,4.05,0.804673846971554,0
441,0.9336098660527707,0.027894229474137194,0.016811913392650646,0.008561484310745517,0.0005779703954062098,0.0003371994169231897,100.0,0.0,63.25,2.1880356487041066,1.025,0.10897247358851683,4.55,0.6689544080129827,0
442,0.9396995548377062,0.025437662832862723,0.015716565983656387,0.009064922511061491,0.000496972473301332,0.0002520694384450078,100.0,0.0,62.85,3.365635155509284,1.1,0.3,4.15,0.47696960070847283,0
443,0.9425893953928497,0.023728633794017316,0.01642403324726897,0.008040381981302065,0.00045774102561812113,0.00021544783165872405,100.0,0.0,62.15,3.335790760824186,1.1,0.25495097567963926,4.5,1.118033988749895,0
444,0.9439304220284301,0.02411374735987762,0.01575331785157323,0.008118033487083223,0.0004502843134846471,0.00023079555850752436,100.0,0.0,65.35,2.903015673398957,1.0,0.0,4.05,0.6689544080129826,0
445,0.9396568756857901,0.026552200082389208,0.015149640284347093,0.00798475090185446,0.0005187540377664752,0.0002723892269807316,100.0,0.0,62.85,3.5815499438092444,1.05,0.15,4.3,0.8426149773176358,0
446,0.9393618144714339,0.024791118379051964,0.01622323566931795,0.0081678086823503,0.0005055988358429015,0.00022763457593823685,100.0,0.0,62.95,2.9406631905065224,1.025,0.10897247358851683,4.3,0.5567764362830021,0
447,0.9429722251792834,0.021715255569601074,0.015464868205004364,0.007865341744465524,0.00046921950328616057,0.00016133936634619875,100.0,0.0,61.85,3.1348843678834477,1.125,0.3112474899497183,3.85,0.3570714214271425,0
448,0.9435474151585768,0.022025608514366257,0.014058173329563838,0.007940540551725658,0.00048455750830343265,0.00013371958102325197,100.0,0.0,64.05,3.3537292675468007,1.0,0.0,4.2,0.812403840463596,0
449,0.940535764488657,0.024490901913518017,0.013804227477568858,0.008383888464110447,0.0005289944790242151,0.00020191174847914714,100.0,0.0,62.85,2.8508770580296865,1.1,0.3,4.25,0.82915619758885,0
450,0.9388818004677548,0.022449981536065537,0.013784144404643447,0.008561750459356006,0.0005505131863603851,0.00016522378296467333,100.0,0.0,63.65,2.937260628544903,1.05,0.21794494717703372,4.2,0.812403840463596,0
451,0.9418103474657782,0.023366975584593504,0.013758030209627051,0.007847435152965236,0.0005203225444698046,0.00023695823349539216,100.0,0.0,62.55,2.923610781208744,1.025,0.10897247358851683,4.35,0.8529361054615991,0
452,0.942687420060014,0.027915288356196503,0.01460130928954714,0.00817863802560447,0.0004943372317704126,0.0003025790843975701,100.0,0.0,62.65,3.08666486681013,1.05,0.21794494717703372,4.35,0.9630680142129111,0
453,0.9414139700939879,0.027448843213040745,0.014912982472535169,0.008374161681408617,0.000497745581908367,0.0002896179445381017,100.0,0.0,64.05,3.201171660501823,1.05,0.21794494717703372,4.1,0.7000000000000001,0
454,0.9364230423878837,0.029562785580831346,0.016101924111016346,0.007783133019074703,0.0005606321387660738,0.00033690884909933394,100.0,0.0,63.55,2.97447474354717,1.0,0.0,3.95,0.5894913061275798,0
455,0.9381941320833859,0.026632174055802475,0.015325668682234367,0.007033942010734751,0.0005462125866003101,0.0003058768686920881,100.0,0.0,62.8,3.501428280002319,1.05,0.21794494717703372,4.4,0.9165151389911681,0
456,0.9364331850099881,0.02803421127663605,0.016103297369803055,0.0071242824947506354,0.0005531708194552636,0.00034828293270538775,100.0,0.0,62.55,2.7106272336859605,1.0,0.0,4.15,0.47696960070847283,0
457,0.9371531973395582,0.024265511468668618,0.015809333662831833,0.0070725827226983135,0.0005425717461818712,0.00025258256184890773,100.0,0.0,63.65,4.138538389335056,1.025,0.10897247358851683,4.35,0.7262919523166975,0
458,0.9360844274142501,0.020684867100263796,0.016412651736692395,0.007331223759932607,0.000550640341387347,0.00023850458172506727,100.0,0.0,62.65,3.118894034750139,1.05,0.21794494717703372,4.7,0.9539392014169458,0
459,0.9388213210577687,0.021874393741176418,0.016948834171206,0.006808401529859719,0.0005136484280639528,0.00027293354591951895,100.0,0.0,64.65,2.5743931323712004,1.0,0.0,4.25,0.82915619758885,0
460,0.9378246231889836,0.024825574735449826,0.017291830870628033,0.006658204520348836,0.0005235633649346274,0.0003228547054521285,100.0,0.0,63.65,3.380458548777074,1.025,0.10897247358851683,4.2,0.7483314773547883,0
461,0.9381097914466869,0.02363688093499487,0.017345983435232155,0.007072246954617587,0.0005243698065048792,0.000256188538506995,100.0,0.0,63.75,2.48746859276655,1.025,0.10897247358851683,4.2,0.7483314773547883,0
462,0.9407239340186331,0.02363356918843842,0.017095621909083335,0.007064832933537519,0.0004906140885384999,0.00024935292537128,100.0,0.0,64.15,3.380458548777074,1.1,0.3,4.05,0.6689544080129826,0
463,0.9384471245508367,0.024246614918774823,0.017561337169062666,0.007793698082529799,0.0005028439459440031,0.0002643038415188558,100.0,0.0,63.45,2.9064583258667245,1.1,0.3,4.05,0.6689544080129826,0
464,0.9368213941919514,0.02312474494035733,0.017787278118376722,0.007679610378594325,0.000518583583432405,0.0002170159337670197,100.0,0.0,65.25,3.222964473896664,1.05,0.21794494717703372,3.95,0.49749371855331004,0
465,0.9389766527832005,0.021988952137872646,0.017889929939810464,0.007381589665943859,0.00048368485306084274,0.00018895542406106324,100.0,0.0,65.2,2.976575213227443,1.0,0.0,4.0,1.0488088481701516,0
466,0.9402997401851577,0.024324901426382568,0.01764015288153062,0.007340320038046475,0.00046997383108238346,0.00020882709229035344,100.0,0.0,64.05,3.1220986531498327,1.075,0.23848480035423641,4.1,0.7000000000000001,0
467,0.9363074349799737,0.024218439913273288,0.017364660950258484,0.006834421762445823,0.0005281653165009953,0.00020573058299363522,100.0,0.0,63.15,3.8114957693797855,1.15,0.3570714214271425,4.15,0.7921489758877431,0
468,0.9373207342498484,0.02570224410515195,0.01731832408366854,0.007022080010493027,0.0005157559995463969,0.00021278730052541348,100.0,0.0,64.95,3.040970239906994,1.025,0.10897247358851683,4.0,0.5477225575051661,0
469,0.9316617952003824,0.02648651837134139,0.01748352210213034,0.00839281260440719,0.0005684261394364573,0.0002357591726511092,100.0,0.0,63.35,2.6509432283623124,1.05,0.2179449471770337,4.05,0.49749371855331004,0
470,0.9305314658928745,0.024272430898219295,0.017666206698918045,0.008465325777635209,0.0005847210244472605,0.0002688988199707644,100.0,0.0,62.45,2.7290108097990378,1.1,0.3,4.2,0.6,0
471,0.9290703359907762,0.0238015820339879,0.017785904449510982,0.00857127397618957,0.0005989071489528634,0.00025622416110281907,100.0,0.0,63.2,3.709447398198282,1.025,0.10897247358851683,4.45,0.9733961166965892,0
472,0.9333294998007938,0.02317401738999437,0.016298934833085293,0.007905666622426168,0.0005747293643507949,0.00024583438470374597,100.0,0.0,61.85,3.7719358425084595,1.075,0.23848480035423641,4.4,0.9695359714832658,0
473,0.9259319648107747,0.024887416804896964,0.017982729430839183,0.008569325325185539,0.0006387343069902185,0.0002847436476508832,100.0,0.0,63.55,3.2935543110748915,1.05,0.21794494717703372,4.15,0.47696960070847283,0
474,0.9276131939211989,0.027252006082360555,0.01819848963349381,0.008138781604632921,0.0006183032246588046,0.0002940138067106343,100.0,0.0,63.2,3.009983388658482,1.1,0.3,4.4,0.5830951894845301,0
475,0.9262493097047761,0.03296209697013253,0.017433608936045654,0.008070944935616544,0.0006423813691868854,0.00036941138072614667,100.0,0.0,63.8,3.443835071544512,1.0,0.0,4.35,0.7921489758877431,0
476,0.9300586550349124,0.031073815613985884,0.01716519548635801,0.007379248727306231,0.000606499355508016,0.00034699798692207644,100.0,0.0,64.5,3.263433774416144,1.025,0.10897247358851683,4.1,0.7681145747868608,0
477,0.9325143655610493,0.028586678324329103,0.01723365105187489,0.008321149543173105,0.0005671733151823184,0.00029771947378877986,100.0,0.0,63.25,3.207413287993925,1.05,0.21794494717703372,4.4,0.5830951894845301,0
478,0.9345730011568424,0.0282111273674354,0.017525788854605564,0.007841536282273217,0.0005504293075936146,0.0003163090770304936,100.0,0.0,63.9,2.7367864366808017,1.0,0.0,4.2,0.6,0
479,0.9365864508199333,0.02345752108765346,0.016422711113052442,0.0075369238758831525,0.0005410611090936729,0.0002554244730742073,100.0,0.0,63.55,2.7834331319433563,1.05,0.21794494717703372,4.45,0.8046738469715541,0
480,0.9372266038610328,0.023941687873337156,0.015271276588801064,0.008406589510754287,0.0005451083817429197,0.0002718050392742084,100.0,0.0,63.65,3.134884367883447,1.0,0.0,4.3,0.5567764362830022,0
481,0.9374415407375688,0.021082587494000913,0.01506045920124198,0.008268930200188072,0.000547114836849875,0.0002739892584908275,100.0,0.0,62.55,3.6534230524263136,1.15,0.3570714214271425,4.3,0.7810249675906654,0
482,0.9414102309663889,0.017623721861728656,0.014269440669682481,0.007482820542854864,0.0005188264682095628,0.00023857240266343034,100.0,0.0,63.2,2.803569153775237,1.025,0.10897247358851683,4.1,0.5385164807134504,0
483,0.9411554235617767,0.012908442036387944,0.01540275905498564,0.007506619695281842,0.0004922665295239889,0.00018184943848751874,100.0,0.0,63.9,3.2848135411313684,1.0,0.0,4.15,0.7921489758877431,0
484,0.9403384710776432,0.018232237159308485,0.01567666012020854,0.0073043320937753765,0.0004991306010358194,0.00022236990941970305,100.0,0.0,64.5,2.539685019840059,1.0,0.0,4.2,0.6782329983125269,0
485,0.9387502706002161,0.018277516843137647,0.015905319264060424,0.006094401821138181,0.0005238879678744288,0.0002333376196826251,100.0,0.0,63.35,3.4245437652335533,1.1,0.2549509756796392,4.1,0.8888194417315588,0
486,0.9376543509903608,0.017954188786240922,0.015051876700821098,0.006206149319136708,0.0005552939477741028,0.00023904642299518844,100.0,0.0,63.55,2.5782746168707473,1.05,0.21794494717703367,4.25,0.5361902647381804,0
487,0.9384569182204625,0.019044432143498845,0.014318779901132356,0.006419447181478307,0.0005523523879484622,0.00023440062636657924,100.0,0.0,63.55,3.694252292413175,1.1,0.3,4.15,0.5722761571129799,0
488,0.9346876670164587,0.02334231378875111,0.014665407959772444,0.006660080051017942,0.000602004855713602,0.00029400687253166365,100.0,0.0,62.4,3.786819245752298,1.05,0.15,4.45,1.2031209415515964,0
489,0.9389675746153596,0.016489778087410173,0.015041223642597223,0.006008914773181718,0.0005433967553180606,0.00020056108068223596,100.0,0.0,63.35,3.623189202898463,1.05,0.15,4.45,1.023474474522936,0
490,0.9375128027389028,0.01471727201715549,0.01455256744409949,0.007003272765690093,0.0005598291539703312,0.00018666007325030226,100.0,0.0,62.6,3.0397368307141326,1.075,0.23848480035423641,4.05,0.6689544080129826,0
491,0.940195160640745,0.01469618203472785,0.013924933951474821,0.006512385193071682,0.0005436492008307003,0.0001673412291976028,100.0,0.0,63.65,3.1666228067138023,1.0,0.0,4.25,0.6224949798994366,0
492,0.9439246201962348,0.016824905400457568,0.014210960535431671,0.005593894273951806,0.000502143296306661,0.00019580803273275995,100.0,0.0,64.3,2.5317977802344327,1.0,0.0,4.2,0.6,0
493,0.9464193941080685,0.018754539240903298,0.013373789355707908,0.005100322618725408,0.0004821606331457926,0.00020160029788230652,100.0,0.0,63.8,2.712931993250107,1.05,0.21794494717703372,4.15,0.7262919523166975,0
494,0.9432476051061874,0.01712991034253552,0.012781341433704898,0.005163433662567389,0.0005323173976616197,0.00017403655116022426,100.0,0.0,64.0,2.5298221281347035,1.05,0.21794494717703367,4.25,1.0428326807307104,0
495,0.9427710488235045,0.015835600949149885,0.013921332478613949,0.005102963395532783,0.0005151832108363987,0.00018173317685451872,100.0,0.0,64.15,2.2197972880423116,1.0,0.0,4.3,0.7810249675906654,0
496,0.9402270748058996,0.01745591864748815,0.01431610221401639,0.005559825940738045,0.0005366770505112029,0.00019740356730039012,100.0,0.0,63.45,2.871846096154876,1.1,0.3,4.05,0.6689544080129826,0
497,0.9448930326764439,0.015333484692616948,0.013052807127602869,0.00588554049238342,0.0004979592057395472,0.00017071432739865984,100.0,0.0,64.3,2.3259406699226015,1.0,0.0,4.3,0.7810249675906654,0
498,0.9450263732939342,0.01566320892664566,0.01325597127896574,0.005360945690110232,0.0004970120270036489,0.0001751009398109039,100.0,0.0,63.05,2.9744747435471695,1.1,0.3,4.5,1.02469507659596,0
499,0.9401596645026226,0.019340548397841436,0.015014942932233521,0.006246199967076867,0.0005407463904335528,0.00020033038126905263,100.0,0.0,62.5,3.2326459750489227,1.1,0.3,4.3,0.6403124237432849,0
500,0.9451574569085637,0.019940155466253266,0.013809723415658129,0.0070195892192567244,0.0004958816244033083,0.0002012616571873828,100.0,0.0,63.5,3.640054944640259,1.075,0.23848480035423641,4.2,0.7483314773547883,0
501,0.9463741967482001,0.02124023502397738,0.012877268893611349,0.006692485584456619,0.00048551099415140793,0.0002222204113012645,100.0,0.0,63.6,3.7202150475476548,1.15,0.3570714214271425,4.2,0.8124038404635961,0
502,0.9459698636325573,0.021451982525644963,0.013847010103865997,0.006112392684226792,0.0004847185595226981,0.0002226398540782009,100.0,0.0,63.55,2.836811590500857,1.075,0.23848480035423641,4.0,0.7071067811865476,0
503,0.9435539769432936,0.02122444175156375,0.012756963581107686,0.005255309633891639,0.0005270677763947191,0.00021942132701198346,100.0,0.0,62.3,2.282542442102666,1.1,0.3,4.25,0.8874119674649424,0
504,0.9408259488829209,0.021507599804650654,0.01267023917157277,0.006739824038760649,0.0005520303022602241,0.00021741342989522252,100.0,0.0,63.35,3.5954832776693593,1.1,0.3,4.2,0.8124038404635961,0
505,0.9390501875062418,0.022534319690964002,0.014480260775534081,0.008045976976455111,0.0005348403223168097,0.00019192768168355153,100.0,0.0,63.75,3.329789783154486,1.1,0.3,4.15,0.5722761571129799,0
506,0.9414064307852292,0.02065459686882279,0.01471832610686959,0.007362979260555978,0.0005053841080782622,0.0001865418012835431,100.0,0.0,63.8,2.9257477676655586,1.05,0.2179449471770337,4.35,0.5722761571129799,0
507,0.938285805527569,0.018127997462331187,0.014215126701967867,0.007540770244341243,0.0005445735980655026,0.00015266352457250556,100.0,0.0,63.6,3.120897306865447,1.1,0.3,4.35,1.1079259903080168,0
508,0.9354441308079924,0.023983991763426568,0.014932253918835365,0.007845134742048145,0.0005745365461348676,0.00021191103159309623,100.0,0.0,63.1,2.5670995305986875,1.075,0.23848480035423641,4.4,0.7348469228349535,0
509,0.9297789898765311,0.030403427786446294,0.015515270698021475,0.008197137361546055,0.000634516283803156,0.0003091715758869569,100.0,0.0,63.75,3.672533185690771,1.1,0.3,4.1,0.8888194417315588,0
510,0.93411413092386,0.026201576018828575,0.015222868111719492,0.0070966395845527075,0.0006053557343684101,0.00026748464371321984,100.0,0.0,62.45,2.9744747435471703,1.125,0.3112474899497183,4.25,0.6224949798994366,0
511,0.9397138704406371,0.01945324397738414,0.013333280721581967,0.006629807237866263,0.000560450147179407,0.0002217478258196463,100.0,0.0,63.45,3.456515586540874,1.05,0.15,4.2,0.6782329983125269,0
512,0.9400539189672947,0.01618209213504739,0.013463412977337899,0.006617450482088014,0.0005480704917784629,0.00018366082686832252,100.0,0.0,62.0,3.449637662132068,1.1,0.3,4.5,0.8660254037844386,0
513,0.9364042618588317,0.014521307189531327,0.012411614466827366,0.006071197342831327,0.0006123757717423019,0.0001759913454940251,100.0,0.0,63.75,1.9461500456028564,1.0,0.0,4.45,0.7399324293474372,0
514,0.9391970073778344,0.01527056920731595,0.013378429017984436,0.007003154802983744,0.0005540433021043337,0.000159614203141357,100.0,0.0,63.4,3.9924929555354263,1.05,0.21794494717703372,4.15,0.653834841531101,0
515,0.9380968071176629,0.018253547025766034,0.012386290095670629,0.006085448332106726,0.0006003243273513169,0.00021812696770945209,100.0,0.0,64.2,3.6276714294434105,1.1,0.3,4.3,0.6403124237432849,0
516,0.9420439176532801,0.0198951439516187,0.012508742372586557,0.005138057014992155,0.0005566887685252241,0.00023853563309595623,100.0,0.0,63.65,4.138538389335056,1.15,0.3570714214271425,4.15,0.7262919523166976,0
517,0.9396441282976324,0.017920076608906255,0.013334132065094434,0.004801923273901678,0.000569772815653539,0.00024773801108527,100.0,0.0,62.25,2.913331426391443,1.1,0.3,4.7,1.1,0
518,0.9405963078105044,0.01413864627142173,0.01483833255060738,0.005118734990122991,0.0005389697528928506,0.000181941451839861,100.0,0.0,62.9,3.2388269481403293,1.1,0.3,4.25,0.698212002188447,0
519,0.9409315300092593,0.01949461018098579,0.014627311744900798,0.005974859039518286,0.0005287890731167842,0.0002410153020810712,100.0,0.0,62.85,3.8506492958980307,1.05,0.21794494717703372,4.35,0.8529361054615991,0
520,0.9396364850308423,0.014409397252810582,0.014541158913376226,0.006070075407941994,0.0005427899747903288,0.00019214189559004703,100.0,0.0,63.05,2.7834331319433563,1.075,0.23848480035423641,4.25,0.7664854858377946,0
521,0.936646773521578,0.016591672832698894,0.01563084176226854,0.006262762240663783,0.0005569438009512288,0.00020855381846561665,100.0,0.0,63.25,3.897114317029974,1.025,0.10897247358851683,4.25,0.8874119674649424,0
522,0.9315883909974747,0.027664295078299424,0.015437356166504596,0.0074500266316545535,0.0006266300418880411,0.00033537697873278906,100.0,0.0,63.5,2.8722813232690143,1.0,0.0,4.35,0.7262919523166976,0
523,0.9384936990986935,0.023260380236031712,0.014768746296108382,0.007622907530737005,0.0005500812412370552,0.0002613115749349315,100.0,0.0,63.6,3.1368774282716245,1.075,0.23848480035423641,4.05,0.6689544080129826,0
524,0.9444327695451072,0.019264869694784956,0.014731813089128371,0.006565426277389304,0.000476404457425378,0.0001913816956907959,100.0,0.0,62.2,2.5806975801127883,1.15,0.3570714214271425,4.2,0.8124038404635961,0
525,0.941755546973521,0.020504355822408754,0.014836996472106992,0.005246005544308728,0.0005274087804094322,0.000228953005351102,100.0,0.0,62.15,2.515452245621053,1.175,0.36314597615834876,4.2,0.5099019513592784,0
526,0.9422241711970718,0.017244034817125484,0.014949916955819719,0.006115827024232151,0.0005057712433144329,0.00019589821310258136,100.0,0.0,63.45,3.0409702399069944,1.1,0.3,4.5,0.7416198487095663,0
527,0.9403167266812729,0.024761685516367392,0.014661542522893705,0.0068934495637178565,0.0005357524140559021,0.0002862486819374383,100.0,0.0,64.15,2.7617928959282954,1.025,0.10897247358851683,4.25,0.82915619758885,0
528,0.9416137178501449,0.022126337744788952,0.014314802832345208,0.007831831733255658,0.0005181761334022049,0.0002516994778889391,100.0,0.0,63.4,2.6343879744638983,1.05,0.21794494717703367,4.15,0.7262919523166976,0
529,0.9427966593722361,0.021822842791483138,0.013911718335471912,0.007115923166530352,0.000508643412996544,0.00021901255486696722,100.0,0.0,63.9,3.031501278244824,1.0,0.0,4.0,0.5477225575051661,0
530,0.9432718278906889,0.02118267128013264,0.012690431866898269,0.006585211781118573,0.0005231439006552672,0.0002481229825960081,100.0,0.0,63.35,3.5110539728121526,1.1,0.3,4.15,0.5722761571129799,0
531,0.9440429259889674,0.022840093812565406,0.01368722416334841,0.006906713799067697,0.0005019276402707253,0.0002640481722847108,100.0,0.0,63.25,3.6314597615834874,1.05,0.21794494717703367,4.85,1.107925990308017,0
532,0.9433604731464934,0.02017283571200214,0.014122049817536847,0.006488092080137389,0.0005039627346110486,0.00024675525362280817,100.0,0.0,63.3,2.5903667693977237,1.075,0.23848480035423641,3.95,0.6689544080129826,0
533,0.9395743708929469,0.02336249811227529,0.014574020158760862,0.0058955548732189025,0.0005487198842565838,0.00026385652522775504,100.0,0.0,63.6,2.90516780926679,1.1,0.3,4.1,0.6244997998398398,0
534,0.9384504270365281,0.02612065831516713,0.015354593084531614,0.006174366670359812,0.0005473924691842222,0.0002996968196507985,100.0,0.0,63.25,2.843853020111975,1.075,0.23848480035423641,4.2,0.6782329983125268,0
535,0.93612918555704,0.022702524996741826,0.014729293906815091,0.005615116250980581,0.0005988634420970907,0.0003149588912777051,100.0,0.0,61.7,2.9512709126747416,1.1,0.3,4.05,0.5894913061275798,0
536,0.9385761391058562,0.023259372201100303,0.014415848313852403,0.006373535800083082,0.0005690510466126384,0.00026175829040486396,100.0,0.0,63.25,2.7179955849853767,1.075,0.23848480035423641,4.05,0.5894913061275798,0
537,0.9394257900144547,0.026944992667220374,0.013965316225486548,0.007050753876596983,0.0005542764746129287,0.00027700956698886384,100.0,0.0,63.15,2.779838124783528,1.075,0.23848480035423641,4.0,0.7745966692414834,0
538,0.9429113114438918,0.024445587099420595,0.012285857910135407,0.006745952262558854,0.0005402743754407443,0.0002707516629712901,100.0,0.0,63.8,2.6381811916545836,1.05,0.21794494717703372,4.0,0.7071067811865476,0
539,0.9460420073131898,0.017162203295235105,0.011279665828015765,0.006806047984283343,0.0005160382965610111,0.00021274284842698695,100.0,0.0,62.6,3.0066592756745814,1.175,0.36314597615834876,4.5,0.806225774829855,0
540,0.9457780840736352,0.019112579224637993,0.012434626317292228,0.0061355685440327296,0.0005094088242827334,0.0002173001938987357,100.0,0.0,63.2,3.9319206502675,1.125,0.3112474899497183,4.25,0.698212002188447,0
541,0.9464584054399048,0.01919612216053501,0.01273816625861146,0.005815869669880179,0.0004864867215370309,0.0002063622999859301,100.0,0.0,65.15,3.4245437652335533,1.05,0.21794494717703372,4.2,0.6782329983125269,0
542,0.9427071942301175,0.022172882541928774,0.012472979608949495,0.006599024017728413,0.0005279571420488162,0.00025385258366078853,100.0,0.0,64.05,2.8718460961548757,1.05,0.21794494717703372,4.4,0.8,0
543,0.9437444257064177,0.02036443940419322,0.013558220828726517,0.005977137275105122,0.0005075399708914113,0.0002216392573110928,100.0,0.0,63.65,3.1666228067138023,1.0,0.0,4.3,0.714142842854285,0
544,0.9415105618400226,0.020838855013377733,0.01494997862234668,0.006282049752466938,0.000517541734797674,0.00023145051604277973,100.0,0.0,63.65,2.3081377775167584,1.0,0.0,4.3,0.6403124237432849,0
545,0.9387725604353149,0.020433664111858905,0.014138119357863202,0.006914892956872933,0.0005623860249657122,0.00022964364720395462,100.0,0.0,63.5,3.122498999199199,1.05,0.21794494717703372,4.2,0.6782329983125269,0
546,0.9369514751291128,0.02351587842395613,0.014394960437614623,0.006316755022476277,0.0005980123026856754,0.00025618668599813085,100.0,0.0,63.35,2.920188350089768,1.075,0.23848480035423641,4.25,0.82915619758885,0
547,0.9370292449051176,0.02400661325890195,0.014532789222854744,0.006382977334460269,0.0005758191002875864,0.0002424227682336198,100.0,0.0,63.75,3.672533185690771,1.025,0.10897247358851683,4.35,0.5722761571129799,0
548,0.9353695759919519,0.021109608432774755,0.014365968147934862,0.006235354363504645,0.0006015997161877245,0.0002220184307825322,100.0,0.0,64.25,2.5074887836239665,1.025,0.10897247358851683,4.1,0.7681145747868608,0
549,0.9332719748129129,0.022527870727111796,0.015292411050439342,0.006773272384265212,0.000606287074985649,0.00023932700769171216,100.0,0.0,63.45,2.635811070619441,1.025,0.10897247358851683,4.1,0.5385164807134504,0
550,0.9348970990269778,0.022348305708100393,0.014854706223487673,0.006904629755352846,0.0005891749864223988,0.000256315434293972,100.0,0.0,63.45,3.694252292413175,1.125,0.3112474899497183,4.05,0.804673846971554,0
551,0.934799516286463,0.01995350381494044,0.013480659265152167,0.0078266004651804,0.000619470803474646,0.0002674706398302021,100.0,0.0,64.4,3.307567081708245,1.05,0.21794494717703372,4.15,0.9096702699330127,0
552,0.9387669593185486,0.016681141360153074,0.0128797909068805,0.007134572369062413,0.000567054384098855,0.00018509779188175928,100.0,0.0,63.05,2.71062723368596,1.0,0.0,4.35,0.5722761571129799,0
553,0.9395669578484173,0.021367676558137264,0.011702212720432058,0.0070324669560732165,0.000581924201393213,0.0002784950202211381,100.0,0.0,63.0,3.8078865529319543,1.1,0.3,4.15,0.5722761571129799,0
554,0.9413310476549321,0.015881681880712376,0.012038524408824768,0.007540042301979129,0.000549421863513817,0.00020218053439790537,100.0,0.0,63.75,2.7179955849853767,1.0,0.0,4.3,0.714142842854285,0
555,0.9396497262937883,0.016564152931059378,0.012139544414889193,0.006834812075882024,0.0005723313837120901,0.00021701840198292254,100.0,0.0,62.9,2.487971060924946,1.075,0.23848480035423641,4.1,0.43588989435406733,0
556,0.9412117454379952,0.020998902785232268,0.013809796982147553,0.006478359151005007,0.0005258646548579529,0.00024500071632714055,100.0,0.0,63.7,3.4799425282610637,1.0,0.0,3.9,0.6244997998398398,0
557,0.9450953837264162,0.017121498900462898,0.01184695628785393,0.006328334783134504,0.0005070966784554801,0.00021998717107253783,100.0,0.0,63.0,3.082207001484488,1.075,0.23848480035423641,4.15,0.47696960070847283,0
558,0.9409169700596843,0.01715652243581979,0.012670379472526649,0.007128699689645151,0.0005378962664432461,0.00021199439052410694,100.0,0.0,63.85,3.6915443922564446,1.05,0.21794494717703372,4.35,0.792148975887743,0
559,0.9382095929517502,0.018020230455442477,0.0141293279188086,0.0068519591220255,0.0005571766197857259,0.00022889640280330067,100.0,0.0,62.85,3.4680686267719674,1.2,0.3674234614174767,4.0,0.6324555320336759,0
560,0.938719204740304,0.016265375634670516,0.013808644365271919,0.007218964864043788,0.000560035564460729,0.00022240687600343613,100.0,0.0,62.95,3.2935543110748906,1.1,0.3,4.25,0.698212002188447,0
561,0.9392361996382753,0.018021673740490813,0.01337048824096387,0.007906984138098034,0.00054571580093299,0.00023038501150812922,100.0,0.0,63.2,2.4617067250182343,1.0,0.0,4.6,0.5830951894845301,0
562,0.9411615136145193,0.017095474409231325,0.014046772746383617,0.007400364124369334,0.00051279168975266,0.00022024587620975985,100.0,0.0,64.7,3.8223029707232783,1.0,0.0,4.1,0.7681145747868608,0
563,0.9391163039202294,0.023403188769238584,0.014087526688805436,0.00737808637648371,0.0005511594663043218,0.00029016618255559495,100.0,0.0,63.25,3.1760824926314495,1.05,0.21794494717703372,4.15,0.7921489758877431,0
564,0.9434344246959527,0.016859443110216234,0.013023626760214685,0.006779143342905896,0.0005112216499197447,0.0001906642912322631,100.0,0.0,63.15,2.104162541250081,1.05,0.2179449471770337,4.2,0.5099019513592784,0
565,0.9438474993339607,0.02159120738996938,0.013342319754547517,0.006500722120204272,0.0004986673390964726,0.00026856045645735454,100.0,0.0,63.7,2.9171904291629644,1.1,0.3,4.3,0.8426149773176358,0
566,0.9429003565314511,0.02173291920843943,0.013995493318119154,0.007290770571699658,0.0004991396692823106,0.00026679785140795693,100.0,0.0,63.1,3.3600595232822887,1.1,0.3,4.4,0.7999999999999999,0
567,0.9435689494775044,0.019853896753556876,0.015020094599064188,0.008108855665822472,0.0004720324688019278,0.00021696426714140144,100.0,0.0,63.45,3.470950878361721,1.2,0.4,4.25,0.9420721840708386,0
568,0.9419612972398669,0.022769232851817384,0.014991553751047926,0.007741874254602079,0.0004998253769325593,0.00026057224633759636,100.0,0.0,62.5,2.202271554554524,1.0,0.0,4.4,0.8602325267042626,0
569,0.9402711770416781,0.020400927750659822,0.015457906743896938,0.006819069860948495,0.0005196828046129284,0.0002500827043643006,100.0,0.0,62.3,2.685144316419511,1.15,0.3570714214271425,4.15,0.7262919523166975,0
570,0.9439234161291082,0.023269589223743937,0.013770147248310086,0.007017241260556898,0.0005098693950836749,0.00028592937708389485,100.0,0.0,64.05,2.67348087705897,1.0,0.0,4.0,0.6324555320336759,0
571,0.9471122529805122,0.020690706652873165,0.014500401980592765,0.007561057720949028,0.0004577335004469538,0.00023022831723209174,100.0,0.0,63.35,2.937260628544903,1.05,0.21794494717703372,4.35,0.6538348415311012,0
572,0.9486125197377353,0.019042918515686385,0.01352252334105682,0.0074770457394173736,0.00045268352239730776,0.00020567235895914052,100.0,0.0,63.65,2.7617928959282954,1.05,0.21794494717703372,4.35,0.7262919523166975,0
573,0.9490275330149192,0.019810010936217884,0.013552387597163054,0.007541659018773532,0.00043999266625589973,0.00021941965844885893,100.0,0.0,63.85,3.66435533211505,1.1,0.3,4.1,0.8306623862918076,0
574,0.947433093788274,0.018693557667012535,0.013833718021761388,0.006826757271566668,0.0004558073315321559,0.00019275147988377913,100.0,0.0,63.7,3.579106033634656,1.05,0.21794494717703372,4.45,0.8645808232895291,0
575,0.9474199299172446,0.02052463641083512,0.014551932858816782,0.006799026555704388,0.00044344223876308835,0.0001913203003198949,100.0,0.0,63.2,2.694438717061496,1.05,0.21794494717703372,4.25,0.8874119674649424,0
576,0.9432185873379131,0.024380017079059048,0.014887528813105223,0.006362954188779663,0.000497957708557731,0.00025704488471718287,100.0,0.0,63.45,3.866199684444661,1.1,0.3,4.15,0.6538348415311012,0
577,0.942648913717553,0.020275546373826076,0.014582529270837691,0.006684824489034163,0.0005022011283993575,0.00020050493646894154,100.0,0.0,62.6,1.8547236990991405,1.0,0.0,4.05,0.5894913061275798,0
578,0.9467489594856524,0.016261163439748948,0.013945555236911183,0.006745809391187813,0.000461877573519356,0.00017004203758718342,100.0,0.0,62.5,2.819574435974337,1.1,0.3,4.4,0.9165151389911681,0
579,0.9422690350480071,0.014162362785745494,0.013493348403203861,0.006401656059083393,0.0005219352188933334,0.0001338175025358995,100.0,0.0,64.2,2.959729717389748,1.0,0.0,3.9,0.6244997998398398,0
580,0.9439799377536664,0.016095947425661956,0.013416502432178457,0.006345862737935053,0.0005011789800396291,0.00011561687942112742,100.0,0.0,63.1,3.4336569426778794,1.05,0.21794494717703367,4.2,0.5099019513592784,0
581,0.9410046722603882,0.015397315199510512,0.013368599781797236,0.005724417446195676,0.0005373701589973713,0.0001407760960932613,100.0,0.0,63.35,2.2643983748448506,1.05,0.2179449471770337,4.1,0.7,0
582,0.9410989813430423,0.015386297736314721,0.014269825581709635,0.005628870369985453,0.0005274751279394747,0.00014055682950449508,100.0,0.0,62.9,2.662705391138869,1.1,0.3,4.3,0.714142842854285,0
583,0.9409576523347374,0.018022043891888627,0.013931965225892762,0.005630676979495109,0.0005391427149878938,0.00018786586700810618,100.0,0.0,63.3,2.590366769397724,1.0,0.0,4.1,0.7000000000000001,0
584,0.9404700323183427,0.021443731350318743,0.012548817019779206,0.006534282273557936,0.0005504335525593277,0.00021899254980574105,100.0,0.0,63.0,2.0,1.05,0.15,4.3,0.5567764362830021,0
585,0.9403169370313554,0.022607065298511576,0.012737173489943299,0.007472100007797218,0.0005457912333563868,0.0002507994389603517,100.0,0.0,63.55,3.0899029110960754,1.075,0.23848480035423641,4.0,0.6324555320336759,0
586,0.9413705610219317,0.01737556066275166,0.012763735692546161,0.006876318711478295,0.0005382419629674616,0.00018884174514228365,100.0,0.0,64.0,3.286335345030997,1.0,0.0,3.95,0.5894913061275798,0
587,0.9428063895153798,0.016561880544531782,0.012443055395879222,0.006720985450177797,0.0005211353334405215,0.00018706554150767232,100.0,0.0,62.85,3.1188940347501393,1.075,0.23848480035423641,4.3,0.6403124237432849,0
588,0.9434963372597329,0.021945115161177763,0.012648127849930099,0.007199897357467958,0.0005052661335438869,0.0002250874806964861,100.0,0.0,63.5,2.7477263328068173,1.0,0.0,4.15,0.852936105461599,0
589,0.94415582422519,0.02138224844773227,0.0128350998291689,0.007102599657603211,0.0004976291712661029,0.00021521722371773387,100.0,0.0,63.25,3.6588932752951404,1.025,0.10897247358851683,4.25,0.9420721840708386,0
590,0.9423166710264168,0.023535167756873858,0.014274169424529849,0.0068742355892457375,0.0005037052343957523,0.0002305904461268345,100.0,0.0,62.55,2.765411361804967,1.075,0.23848480035423641,4.35,0.653834841531101,0
591,0.9449594515077155,0.019202677879581118,0.014493069879541302,0.006658067737412337,0.0004717897398188171,0.000171649930266096,100.0,0.0,62.65,2.688401011754013,1.175,0.36314597615834876,4.0,0.6324555320336759,0
592,0.9468630883236173,0.017024903215191838,0.014131054899245089,0.007007842934376533,0.00046165463042571167,0.00016127354732293516,100.0,0.0,62.1,3.9862262855989496,1.2,0.4,4.15,0.5722761571129799,0
593,0.9447041060828301,0.019717198691989575,0.014909398465383205,0.00671503979507284,0.00047716308858392585,0.00019613739158457941,100.0,0.0,62.25,3.6038174204584785,1.25,0.4330127018922193,4.3,0.5567764362830021,0
594,0.9455585824068067,0.019256271950366038,0.013457382747647208,0.006477129401883192,0.0004962523680793353,0.00019590663323507086,100.0,0.0,63.15,1.930673457630782,1.0,0.0,4.4,0.6633249580710799,0
595,0.9440152859926154,0.0225894948249969,0.012648552379053069,0.007192896532207103,0.0005195465384551256,0.00025421574568895407,100.0,0.0,62.85,2.351063589101749,1.05,0.21794494717703372,4.5,0.6708203932499369,0
596,0.9438587973955915,0.02542883492459697,0.01270156502199207,0.006770491792662383,0.0005177942111167029,0.0003106914177298727,100.0,0.0,64.25,2.5470571253900056,1.0,0.0,4.2,0.6,0
597,0.949043521016525,0.018161786584005274,0.012428267181518677,0.006545705323594091,0.00045656127460595405,0.00017885166114569543,100.0,0.0,62.65,3.2752862470324633,1.1,0.3,4.25,0.698212002188447,0
598,0.9431879826506648,0.022142096484022995,0.013691375707770351,0.006529450909241152,0.0005129506401976371,0.0002432165935194092,100.0,0.0,63.35,3.118894034750139,1.075,0.23848480035423641,4.35,0.9096702699330126,0
599,0.9451102417726067,0.02232695716190249,0.01239972302131301,0.007322899956769543,0.000499397572823691,0.0002567440441612141,100.0,0.0,64.45,3.0409702399069944,1.075,0.23848480035423641,4.1,0.7000000000000001,0
600,0.943469441007668,0.018842554741829432,0.012669119288866649,0.006532137835187024,0.0005203398139195947,0.00022055972456016648,100.0,0.0,63.45,2.4387496796514396,1.025,0.10897247358851683,4.05,0.6689544080129826,0
601,0.9465377858932584,0.01931218332214467,0.012483936626252736,0.006807242765225406,0.00047931369080526486,0.0002008814868989548,100.0,0.0,63.25,3.2384409829422554,1.05,0.21794494717703372,4.55,0.9205976319760985,0
602,0.9460586225608241,0.018361503063985603,0.011728552143817302,0.00639466644222209,0.0004980079454771486,0.00017838376342402233,100.0,0.0,62.6,3.4263683398023628,1.175,0.36314597615834876,4.35,0.7921489758877431,0
603,0.947726617396631,0.01726578155705463,0.011196158567604817,0.00711616835726411,0.0004887718372830667,0.00022891622599596743,100.0,0.0,64.7,3.4510867853474796,1.1,0.3,3.85,0.47696960070847283,0
604,0.9472917499063339,0.02148420914587557,0.010498164318235356,0.0064389396968352625,0.0005094564212091351,0.0002692440896271963,100.0,0.0,63.1,3.845776904605882,1.05,0.21794494717703372,4.25,0.698212002188447,0
605,0.9446786360637465,0.024297203396714723,0.011122524834990396,0.005473028642279595,0.0005365922482859257,0.000269814019726824,100.0,0.0,64.35,2.725344014982329,1.0,0.0,4.0,0.6324555320336759,0
606,0.9471575477446897,0.019620230724663408,0.012142462943684684,0.00581724189877534,0.000491763517149051,0.00020492814146843321,100.0,0.0,64.1,2.364318083507378,1.0,0.0,4.2,0.5099019513592784,0
607,0.9464814064131746,0.018292557399859223,0.01166243924243664,0.005640227086284869,0.000508646444285399,0.00020189886967196085,100.0,0.0,64.45,1.9868316486305526,1.0,0.0,4.05,0.5894913061275798,0
608,0.9477694857901222,0.016163605985040394,0.013345920342828591,0.004855284535528232,0.0004747420650921658,0.00017162761514441437,100.0,0.0,62.95,3.1697791721190924,1.175,0.36314597615834876,4.15,0.4769696007084728,0
609,0.9489978722387205,0.02103948688622674,0.01309907322662052,0.006065792040091456,0.00045684771556880226,0.00024190775136422442,100.0,0.0,64.65,3.395217224272992,1.05,0.21794494717703372,4.4,1.1575836902790224,0
610,0.9491374411585098,0.01802971373757278,0.013248574798320253,0.006385718396735767,0.00045358368906298595,0.0001750217076390627,100.0,0.0,62.8,3.171750305430741,1.125,0.3112474899497183,4.25,0.5361902647381804,0
611,0.9437147396601893,0.020882729293375802,0.014633112200124776,0.00745375056006396,0.0004870695483642766,0.00017965423561992593,100.0,0.0,63.1,3.40440890610984,1.1,0.3,4.4,0.7348469228349535,0
612,0.9418867696260763,0.02162069541358739,0.014553304137177633,0.007033084519726355,0.0005191937594832668,0.00019887469237749427,100.0,0.0,63.1,2.964793416074719,1.05,0.21794494717703372,4.4,0.9165151389911679,0
613,0.9446561095219217,0.021280746876461004,0.014398506077004675,0.007802623226014804,0.0004791659324918195,0.00016943074393455842,100.0,0.0,64.2,3.009983388658482,1.0,0.0,4.25,0.8874119674649424,0
614,0.9409369494601767,0.021718206708837735,0.014574151522209755,0.008187207602802787,0.0005216403700915592,0.00019374711586061353,100.0,0.0,63.05,3.0736785778607363,1.1,0.3,3.9,0.43588989435406733,0
615,0.9441534450144333,0.023374451866786727,0.01424965167967358,0.007996901116613291,0.00048467311935373504,0.00020588627507240432,100.0,0.0,63.35,2.885740806101615,1.0,0.0,4.35,0.7921489758877431,0
616,0.9430922230082871,0.02616384389821497,0.01438032985934265,0.008118707082674977,0.0004928032517507581,0.00021255682109469552,100.0,0.0,63.5,3.8535697735995385,1.05,0.21794494717703372,4.4,0.5830951894845301,0
617,0.9432316889808163,0.026991965078783955,0.015030409156845665,0.008326045715753872,0.00048331715762799506,0.00023495986647944407,100.0,0.0,63.1,3.080584360149872,1.05,0.21794494717703367,4.5,0.7416198487095663,0
618,0.9446616502182726,0.02336798294354597,0.014847759911699756,0.00801515187062976,0.0004696103308750515,0.00020014859904445335,100.0,0.0,63.25,3.884263121880391,1.125,0.3112474899497183,4.35,0.7262919523166976,0
619,0.94244860652903,0.023413512703332612,0.013938886586501373,0.008184811244524562,0.0005075573141003276,0.00024198394581176715,100.0,0.0,63.45,2.5975950415721076,1.05,0.21794494717703372,4.25,0.6224949798994366,0
620,0.943904382682781,0.021076607584454194,0.013830392597525904,0.0071052729862955705,0.0005066034650705128,0.0002515172868773942,100.0,0.0,63.05,2.8368115905008566,1.0,0.0,4.1,0.5385164807134504,0
621,0.9455409465796583,0.021938003311279184,0.013132775603659325,0.007311653013113325,0.000489313464525409,0.00025242865875255957,100.0,0.0,63.45,2.5391927851189244,1.05,0.21794494717703372,4.2,0.5099019513592784,0
622,0.9432694028172468,0.02389931152136474,0.015192373670631042,0.007249733473860453,0.0004887972111742335,0.00027053458945044327,100.0,0.0,63.9,3.8845849199110063,1.2,0.4,3.95,0.49749371855331004,0
623,0.943784693209429,0.02320476094985724,0.014715075588687102,0.006755153800523335,0.0004916241518877558,0.0002747457763631221,100.0,0.0,62.55,2.2688102609076854,1.075,0.23848480035423641,4.4,0.7348469228349535,0
624,0.9395969443962123,0.02658102358737981,0.01528289242534353,0.006935687953190326,0.0005346027266225561,0.0003026275182498653,100.0,0.0,63.7,3.179622619116929,1.1,0.3,4.3,0.5567764362830021,0
625,0.9418572707355258,0.03153219582607002,0.015126058920245497,0.006729511549147098,0.0005159373997316829,0.0003433982059115382,100.0,0.0,63.1,2.7730849247724096,1.1,0.3,4.55,0.8046738469715541,0
626,0.9486522097250567,0.021467040363575322,0.013793533687603225,0.006884729596037569,0.00044290967243713257,0.00021904297593899457,100.0,0.0,63.35,3.070423423568808,1.1,0.3,4.3,0.8426149773176358,0
627,0.949023721155925,0.021784142200263167,0.012239934415762878,0.0068566824483334305,0.0004560914239741932,0.00024107613858272598,100.0,0.0,62.65,2.815581645060217,1.275,0.40233692348577704,4.0,0.5477225575051661,0
628,0.9458501790936806,0.024364759318971946,0.011965143344090901,0.00720096712745034,0.0004961048821706508,0.0002960717888448569,100.0,0.0,63.35,4.210403781111736,1.15,0.3570714214271425,4.35,0.6538348415311012,0
629,0.9426699633553073,0.02186420999598993,0.012527238854146933,0.007740094616020277,0.0005186015098893485,0.00023952288005060117,100.0,0.0,63.8,3.0594117081556704,1.025,0.10897247358851683,3.9,0.7000000000000001,0
630,0.9399141489963766,0.022676014771940454,0.013740974363334314,0.007243589714798536,0.0005464048332183035,0.000270899069714674,100.0,0.0,62.9,3.0967725134404045,1.025,0.10897247358851683,4.35,0.7921489758877431,0
631,0.938858849785564,0.024097929088118843,0.014803035449857218,0.007338863625538646,0.0005392086703263113,0.000248242664023929,100.0,0.0,63.75,2.9643717715563276,1.05,0.15,4.25,0.82915619758885,0
632,0.9357802888479467,0.023148024507513004,0.014828609560070219,0.007036147278858617,0.0005864136337010468,0.00025730847667741383,100.0,0.0,64.0,3.0,1.05,0.21794494717703372,3.95,0.6689544080129826,0
633,0.936244370727548,0.020962419684880856,0.014943120476867269,0.007371325336361326,0.0005579264235407819,0.00021316256174483576,100.0,0.0,63.95,2.9744747435471695,1.075,0.23848480035423641,4.1,0.9433981132056604,0
634,0.9339741000637488,0.022157936401789192,0.015282945191073021,0.006672939371087755,0.0005895229788851996,0.0002547370781589216,100.0,0.0,62.4,3.039736830714133,1.05,0.21794494717703372,4.25,0.6224949798994366,0
635,0.9376438706405092,0.022605286630413675,0.015459648197027984,0.007049774747454697,0.0005365360444578338,0.0002295669076889504,100.0,0.0,62.9,2.896549671592048,1.15,0.32015621187164245,4.25,0.7664854858377946,0
636,0.93904163110001,0.022293910879282362,0.015789315771438356,0.0068864046158729035,0.0005134028625810745,0.0002133128279423297,100.0,0.0,64.65,2.725344014982329,1.0,0.0,4.3,1.0049875621120892,0
637,0.9388589164042027,0.02430125576314632,0.015106436715185804,0.006729161255616624,0.0005350983730775538,0.0002606337273130159,100.0,0.0,60.35,2.903015673398957,1.25,0.4330127018922193,4.45,0.9205976319760985,0
638,0.9368982026314573,0.028391587125750843,0.015428244610122613,0.006700834313939631,0.000559752148241997,0.00033879952097329085,100.0,0.0,62.8,2.5019992006393608,1.1,0.3,4.15,0.7262919523166975,0
639,0.9340189704815692,0.02012066321672033,0.01664133371370196,0.007400788140732175,0.0005777591596357182,0.00023854534133709262,100.0,0.0,63.7,3.4073450074801643,1.05,0.21794494717703372,4.15,0.7262919523166976,0
640,0.9339630195129522,0.022026429733045715,0.0157345139738262,0.007380514440721334,0.0005836783077491058,0.00026552609322626767,100.0,0.0,62.9,3.448187929913334,1.0,0.0,4.35,0.6538348415311012,0
641,0.9374264147089069,0.01815639126812845,0.014920050711581593,0.0073775771103077505,0.0005551821580055256,0.00023775951677440933,100.0,0.0,63.85,2.197157254271983,1.0,0.0,4.2,0.6782329983125268,0
642,0.9374101254360678,0.015377541695085288,0.014788823708478078,0.007289402584348103,0.0005555970981844093,0.00019201190540906807,100.0,0.0,63.85,3.1507935508376304,1.025,0.10897247358851683,4.05,0.49749371855331,0
643,0.9367594780744636,0.019504860807346248,0.015486730226515696,0.007061017882602466,0.0005602586805280507,0.0002488584580422914,100.0,0.0,64.4,3.352610922848042,1.075,0.23848480035423641,4.4,0.9695359714832659,0
644,0.9405663576302375,0.020890961568395178,0.015608646429369322,0.006986280972361992,0.0005096519471100552,0.00023332304484225558,100.0,0.0,62.4,3.0724582991474434,1.05,0.21794494717703372,4.25,0.5361902647381804,0
645,0.9390495023226249,0.021930914494180893,0.015773767199821806,0.0066029614817560795,0.0005259339254755686,0.00025775785140435105,100.0,0.0,63.95,2.3553131426627756,1.05,0.21794494717703372,4.3,0.9539392014169457,0
646,0.9427025785671972,0.019139677206167778,0.01507986476373874,0.00794988353947557,0.0004737868375373637,0.0001935513854636518,100.0,0.0,62.45,2.4794152536434875,1.125,0.3112474899497183,4.2,0.6,0
647,0.9384383863318824,0.017899144800083547,0.015389407602372687,0.008886309420286067,0.0005147149140174169,0.00017960293595968482,100.0,0.0,64.4,3.3970575502926055,1.025,0.10897247358851683,4.25,0.5361902647381804,0
648,0.9355694941674413,0.019321295400726596,0.016168729731757796,0.008494807266975794,0.0005415446706795713,0.00022674312447879018,100.0,0.0,64.4,2.2891046284519194,1.05,0.21794494717703367,4.05,0.5894913061275798,0
649,0.9369988276351237,0.02142928830552082,0.01667325980003944,0.008025467690927199,0.0005198766514069964,0.00022756799037694026,100.0,0.0,62.95,3.4565155865408737,1.2,0.4,4.0,0.7071067811865476,0
650,0.9379661175160561,0.022996853924289722,0.016306106599455892,0.007436028209084111,0.0005197398270200699,0.00026882876097857874,100.0,0.0,64.65,2.9372606285449034,1.0,0.0,4.3,0.5567764362830022,0
651,0.9337334722936179,0.021228254743116407,0.016383008553357302,0.0075804155554922625,0.0005679281759456937,0.0002488947139826585,100.0,0.0,63.7,2.5903667693977237,1.025,0.10897247358851683,4.1,0.6244997998398398,0
652,0.936702650781101,0.02109307528824606,0.01662733413288215,0.00774319720212844,0.0005325460427986038,0.0002138449479577538,100.0,0.0,63.45,3.5563323804166562,1.075,0.23848480035423641,4.45,0.6689544080129827,0
653,0.9345269064042003,0.024512135510361636,0.01651265072624787,0.007716460953968154,0.0005620729678968725,0.00025881117539726264,100.0,0.0,63.6,3.7067505985701277,1.075,0.23848480035423641,4.3,0.6403124237432849,0
654,0.9402416727654854,0.02469234388219804,0.01602114121491833,0.008211248070288526,0.0004907711610569925,0.00024249698090523486,100.0,0.0,64.35,3.3507461855533016,1.05,0.21794494717703367,4.25,0.7664854858377946,0
655,0.9380693255971206,0.023969635100418784,0.017265999781819395,0.008101920285507436,0.0005036008530872203,0.00023638827751557918,100.0,0.0,63.65,3.8376425054973526,1.0,0.0,4.2,0.6,0
656,0.9393725337396861,0.023253561834904474,0.01655021065984554,0.008571970868073764,0.0004956728534810767,0.00020489572251210982,100.0,0.0,63.3,3.018277654557314,1.0,0.0,4.2,0.812403840463596,0
657,0.9398176662526071,0.025144624661965955,0.0157032233175484,0.007817598420994932,0.0005116584203466695,0.00023944948737373252,100.0,0.0,64.15,2.95423424934449,1.025,0.10897247358851683,4.35,0.7262919523166975,0
658,0.9389744065461354,0.022324101003149684,0.01738205713360843,0.007388481519439134,0.0004962510904877957,0.0002340457177397499,100.0,0.0,62.85,2.7436289836637897,1.1,0.2549509756796392,4.25,0.6224949798994366,0
659,0.9370534771455535,0.02389002475942941,0.016709984724938006,0.007612441255261491,0.0005281301998586549,0.00023773193964003557,100.0,0.0,63.9,3.5763109484495335,1.15,0.3570714214271425,3.85,0.852936105461599,0
660,0.9309171473804625,0.025181881393730114,0.017449108025842937,0.00635566194293345,0.0006069993830142269,0.0002568344140113234,100.0,0.0,62.5,3.4713109915419564,1.2,0.4,4.05,0.804673846971554,0
661,0.9324981937144052,0.024288470922116123,0.01606550896958934,0.0065515392295421495,0.0006044735936041992,0.00027453152897038947,100.0,0.0,61.9,2.808914381037628,1.1,0.3,4.35,0.852936105461599,0
662,0.9344616560477459,0.022238871873267126,0.016246356016309603,0.006770040339762545,0.000576788666995157,0.0002730473884130569,100.0,0.0,62.25,2.56661255354212,1.0,0.0,4.4,0.9165151389911681,0
663,0.938672155348413,0.01978440195288069,0.015446977227467924,0.005942793330580422,0.0005351052142705832,0.0002250019706647142,100.0,0.0,64.25,2.9979159427842537,1.1,0.3,4.25,0.82915619758885,0
664,0.9401773806197277,0.014962073948590877,0.016553131002754285,0.005084726865773219,0.0005047058569730537,0.00014795723380206041,100.0,0.0,63.0,2.16794833886788,1.1,0.3,4.0,0.4472135954999579,0
665,0.9396434048633937,0.02046461435121004,0.016712328949910447,0.005798942811191773,0.0005078375200545101,0.00021480912270030873,100.0,0.0,64.05,2.4591665254715873,1.0,0.0,4.05,0.4974937185533099,0
666,0.938141591024331,0.0218108881704333,0.01653365161841699,0.006379293532192532,0.0005261802597204635,0.0002589000126279447,100.0,0.0,64.0,2.8460498941515415,1.025,0.10897247358851683,4.3,0.714142842854285,0
667,0.9367028207859894,0.02498706295032375,0.015404938048726438,0.006241959168387334,0.0005604583835299305,0.000301971430727826,100.0,0.0,63.7,3.6619666847201113,1.125,0.3112474899497183,3.95,0.6689544080129826,0
668,0.9374277173144663,0.02199206610216538,0.01510977396481345,0.008471085988774664,0.0005335129839385566,0.0002494849866275003,100.0,0.0,63.85,2.920188350089768,1.0,0.0,4.25,0.9937303457175896,0
669,0.9391767004698126,0.021997560497244602,0.01644475143567813,0.008425859075635686,0.0004949616000326457,0.0002122216339681733,100.0,0.0,63.8,2.767670500619609,1.0,0.0,4.45,0.6689544080129827,0
670,0.9364967520373483,0.02215473303253472,0.016004654232723292,0.009039675586702043,0.000540040119142763,0.00020906318040243355,100.0,0.0,62.95,2.9236107812087435,1.05,0.21794494717703372,4.15,0.5722761571129799,0
671,0.9406572173709982,0.021625772454927767,0.016101529916624578,0.007314183036878833,0.0004956160635761371,0.00019910810371633476,100.0,0.0,63.0,2.23606797749979,1.0,0.0,4.25,0.6224949798994366,0
672,0.9412022716238555,0.019632635612892996,0.016231151964707004,0.006607325559044115,0.0004965252305292707,0.00021927952663962496,100.0,0.0,62.65,2.903015673398957,1.05,0.15,4.05,0.6689544080129826,0
673,0.9395618048930029,0.029090963843503643,0.01560099555143088,0.007076334533359271,0.000522554281788046,0.00034075066228668254,100.0,0.0,62.55,3.3981612675092396,1.1,0.3,4.35,0.5722761571129799,0
674,0.937641181494271,0.02726725562958972,0.01679430715008589,0.006887879034235661,0.0005315165362466677,0.00028908520125390586,100.0,0.0,64.05,2.8543825952384165,1.05,0.21794494717703372,4.5,0.7416198487095663,0
675,0.9390506119126382,0.021555359033012162,0.015497297583331498,0.006573822164034338,0.0005328871772780637,0.00024838823354439747,100.0,0.0,62.75,2.5074887836239665,1.125,0.3112474899497183,4.5,0.7416198487095663,0
676,0.9354487116007334,0.01779349076276171,0.014194528142261381,0.0063809863797540155,0.0005987249272642347,0.00020877639238781122,100.0,0.0,63.15,2.5743931323712,1.0,0.0,4.45,0.7399324293474372,0
677,0.9361995967437021,0.01803881016246474,0.014564457560519994,0.007557222575399156,0.0005625908714293274,0.00019720226142706592,100.0,0.0,63.1,2.773084924772409,1.1,0.2549509756796392,4.15,0.6538348415311009,0
678,0.935553562245453,0.0186451171929245,0.015785203432280438,0.008037424440690685,0.0005513366897544878,0.00017706554922496093,100.0,0.0,63.1,2.6438608132804573,1.05,0.21794494717703372,4.15,0.7262919523166976,0
679,0.9371189354595609,0.019577660705029965,0.016465855405949782,0.006870254897993091,0.000531363889414379,0.00021424966683634178,100.0,0.0,62.4,3.5693136595149495,1.15,0.32015621187164245,4.25,0.5361902647381804,0
680,0.9353642359586397,0.019035291331001347,0.016330798116277245,0.007405655670138087,0.0005468149117213957,0.0001616624338163325,100.0,0.0,64.8,3.249615361854384,1.0,0.0,4.15,0.9630680142129111,0
681,0.9330427654887199,0.019593598430979083,0.01712781832228185,0.007136421696021792,0.0005750011747995872,0.0001927254443012614,100.0,0.0,63.55,3.2630507198019467,1.05,0.21794494717703372,4.4,0.7348469228349535,0
682,0.9324234561300638,0.022560328739335715,0.016718676642325042,0.007650365773327023,0.000588914579594824,0.00022957375980785038,100.0,0.0,63.75,3.3893214660164652,1.05,0.21794494717703372,4.45,0.9733961166965893,0
683,0.9278407631950198,0.027342414902406968,0.017995840541923127,0.00826428858422623,0.0006127962936517287,0.00029066325417952354,100.0,0.0,63.7,2.685144316419511,1.0,0.0,4.35,0.7262919523166976,0
684,0.9308200894409723,0.01958935619299445,0.016894837031716212,0.007264550394339216,0.0005951556121642132,0.0002159136325198112,100.0,0.0,64.05,2.836811590500857,1.05,0.2179449471770337,4.15,0.7921489758877431,0
685,0.9283833190753095,0.020232198283387928,0.016519968903347584,0.008785165652215914,0.0006324407362697904,0.00025191601018364123,100.0,0.0,64.4,1.772004514666935,1.0,0.0,4.2,0.5099019513592784,0
686,0.9285337336670535,0.022124771596771002,0.01758423107214888,0.00894486325015124,0.0005997547613213643,0.00022189285667518731,100.0,0.0,64.25,2.930443652418521,1.025,0.10897247358851683,4.05,0.6689544080129826,0
687,0.9343280203616524,0.021573491803408423,0.017509579012403808,0.007857848108226498,0.0005368940847929009,0.0001921099777008134,100.0,0.0,63.4,2.956349099818897,1.0,0.0,4.4,1.0677078252031311,0
688,0.9289940759293496,0.02622826909921309,0.01633685626322478,0.007609731824189387,0.000630504481619832,0.00027316361147468397,100.0,0.0,64.05,3.0409702399069936,1.025,0.10897247358851683,4.05,0.739932429347437,0
689,0.9311224807714844,0.02450877633933446,0.01633678787198729,0.007689505282984637,0.0006108199420896746,0.0002423049879008864,100.0,0.0,62.95,3.9303307748839664,1.075,0.23848480035423641,4.35,1.0136567466356647,0
690,0.9320974524854645,0.022752022749626576,0.016820511733662745,0.005959955984558918,0.0005900320203803969,0.00022417692021581458,100.0,0.0,63.7,2.72213151776324,1.05,0.21794494717703372,4.1,0.5385164807134504,0
691,0.9311994806574166,0.026477456293334582,0.016594100773105237,0.006007382689375764,0.0006130919302883448,0.0002899123560701706,100.0,0.0,63.2,3.5721142198983498,1.075,0.23848480035423641,4.25,0.9937303457175896,0
692,0.927613645421707,0.027105015639541225,0.015609677098959968,0.005613545405232741,0.0006753949865826811,0.0002855539568546551,100.0,0.0,64.2,3.54400902933387,1.1,0.2549509756796392,4.05,0.804673846971554,0
693,0.9335513156787606,0.02598731632099613,0.014134684892428962,0.007038525390618727,0.0006065541816490632,0.00023879861885271015,100.0,0.0,64.05,3.3087006513131403,1.05,0.2179449471770337,4.35,0.7921489758877431,0
694,0.9369946856593847,0.026984928195888092,0.013737558961500102,0.007627574124794282,0.000566242755719201,0.00024377456981601996,100.0,0.0,64.05,2.1324868112136124,1.0,0.0,3.9,0.5385164807134504,0
695,0.9365545875167303,0.024847873342356653,0.013673022082754473,0.0077796593724180005,0.0005816882684676775,0.00025154045074468037,100.0,0.0,62.75,2.6052830940226053,1.075,0.23848480035423641,4.25,0.5361902647381804,0
696,0.9348502018069998,0.022794669785932573,0.015504468135904151,0.007058355060909323,0.0005848729678018736,0.00025906027682873396,100.0,0.0,62.8,3.3105890714493693,1.15,0.3570714214271425,4.05,0.6689544080129826,0
697,0.9327076232023124,0.022336271447179017,0.01540255546532782,0.0069824986560182226,0.0006237493463014134,0.0002770022558656631,100.0,0.0,63.55,2.2017038856303994,1.1,0.3,4.15,0.6538348415311012,0
698,0.9363525984672527,0.020513770063045313,0.01441404203986867,0.007117528781833175,0.0005838809029483723,0.00020154721998252002,100.0,0.0,62.95,3.0409702399069936,1.025,0.10897247358851683,4.5,0.8660254037844386,0
699,0.9379681728382044,0.019117369747708123,0.014575989009016535,0.007785021224342632,0.0005430754399543259,0.0001903866955043063,100.0,0.0,63.5,3.0903074280724887,1.05,0.21794494717703372,4.0,0.8366600265340756,0
700,0.9375968866886708,0.022508894479679496,0.014729327124001716,0.007671879700816595,0.000547069183682092,0.00020686473313659428,100.0,0.0,63.05,2.654712790491657,1.05,0.21794494717703372,4.4,0.7348469228349535,0
701,0.9396544170487561,0.019488159387742964,0.014465246213173712,0.007458508466816178,0.0005231623409889503,0.0001541215826098658,100.0,0.0,62.7,3.3331666624997918,1.1,0.3,4.35,0.8529361054615991,0
702,0.9384634126596424,0.022613494071470352,0.013292832984787875,0.006813702465846717,0.0005655617248095586,0.00024183373095774217,100.0,0.0,63.75,3.0639027399707057,1.0,0.0,4.35,1.0136567466356645,0
703,0.9425527105507003,0.02234501759789101,0.01271634170787786,0.00693446570662236,0.0005226222091695236,0.00021198952965059275,100.0,0.0,63.95,2.1788758569500923,1.0,0.0,4.0,0.6324555320336759,0
704,0.9429073802658854,0.02009979820038535,0.011833919692960786,0.004790924314295605,0.0005386757108219911,0.0002388664472609452,100.0,0.0,62.75,2.913331426391443,1.1,0.3,4.45,0.8645808232895291,0
705,0.9427910962429488,0.022836174778378435,0.012159601859398197,0.0053657401879275545,0.0005345325258813242,0.00026898612049494223,100.0,0.0,62.75,2.7363296585024255,1.025,0.10897247358851683,4.35,0.5722761571129799,0
706,0.9397494574595241,0.024678875730076807,0.0115773120622769,0.005035650381139033,0.0005833244459511645,0.0002798178119005258,100.0,0.0,62.6,2.764054992217051,1.0,0.0,4.25,0.6224949798994366,0
707,0.9369644595448072,0.02268356420155218,0.012448867068743001,0.006059391716510175,0.0006007381411426663,0.0002499089520035075,100.0,0.0,63.25,3.418698582794336,1.1,0.3,4.1,0.6244997998398398,0
708,0.940473756746562,0.020395855901967592,0.01285647892762333,0.0056889499870579775,0.0005554819498539223,0.0002326439660139568,100.0,0.0,63.25,2.5074887836239665,1.1,0.3,4.2,0.6,0
709,0.9404020748670663,0.022348979398096405,0.012119205469514527,0.005081486350274105,0.0005720665622866385,0.00024338011472068268,100.0,0.0,62.65,3.4967842369811724,1.1,0.3,4.1,0.7681145747868608,0
710,0.9378120335973608,0.020041408888743204,0.013228619382342873,0.005134512175381722,0.0005980396598494234,0.00021557914557159252,100.0,0.0,63.45,2.801338965566288,1.0,0.0,4.2,0.6,0
711,0.9367309551018392,0.023039663079510456,0.014863465884162796,0.005843280359639939,0.0005844626791262268,0.00024039456517003992,100.0,0.0,63.35,3.6093628246547893,1.1,0.3,4.1,0.7000000000000001,0
712,0.9370344168607538,0.0260991605468102,0.013819871388809865,0.00529899888379852,0.0005919399600758061,0.00029104257956992,100.0,0.0,63.05,2.479415253643488,1.075,0.23848480035423641,4.3,0.8426149773176358,0
713,0.9417127473215308,0.0249104905077008,0.01357881678016789,0.006479802555227087,0.0005269564117402548,0.0002695896104367444,100.0,0.0,62.6,2.870540018881465,1.075,0.23848480035423641,4.25,0.7664854858377946,0
714,0.9448976978739694,0.01734103088506725,0.013653730298706316,0.006111667875977377,0.00048655982645336014,0.000183187554954579,100.0,0.0,64.6,3.7067505985701277,1.05,0.21794494717703372,4.2,0.7483314773547883,0
715,0.9439414432441133,0.01569339299538449,0.013163467307762845,0.006425982913475021,0.0005050360433709754,0.00015667878064038837,100.0,0.0,64.1,2.4677925358506134,1.0,0.0,4.2,0.5099019513592784,0
716,0.9424886959022156,0.016824231619866264,0.013973798493658351,0.006569560605065726,0.0005131988583898083,0.00019659532081186555,100.0,0.0,63.9,2.364318083507378,1.025,0.10897247358851683,4.1,0.6244997998398398,0
717,0.9413195610240764,0.019700153151304814,0.013488126106927425,0.0063724844192871504,0.0005348455169316363,0.0002484496102383803,100.0,0.0,62.75,2.913331426391443,1.05,0.21794494717703372,4.15,0.8529361054615991,0
718,0.9362416620597334,0.026479156504252106,0.014293847714144107,0.006657805441563694,0.0005947280021909555,0.00034944128938071934,100.0,0.0,63.45,2.3553131426627756,1.05,0.21794494717703372,3.9,0.7681145747868608,0
719,0.938665439228782,0.02484284555008212,0.015467347619006738,0.006587749079026144,0.0005470431685069876,0.0002895336094963731,100.0,0.0,63.25,3.404041715373065,1.075,0.23848480035423641,4.2,0.5099019513592784,0
720,0.9390170079749703,0.023021874554992373,0.016106713508128527,0.006236319098808083,0.0005429223218574872,0.0002637575013042635,100.0,0.0,63.55,1.8020821290940099,1.0,0.0,4.25,0.5361902647381804,0
721,0.9385474224697706,0.016993828537291058,0.016942538916087747,0.005181117525683413,0.0005229150459696922,0.00017594934284088893,100.0,0.0,63.55,2.1788758569500923,1.025,0.10897247358851683,4.4,0.58309518948453,0
722,0.9374421930403611,0.022617948710556685,0.016719859463007896,0.006189196049525344,0.0005430021731877156,0.0002336496314389529,100.0,0.0,63.2,3.0757112998459397,1.05,0.21794494717703372,4.3,0.6403124237432849,0
723,0.9380523386367864,0.024068850176550326,0.015622635638240128,0.005757275174893938,0.000555847462211246,0.0002543307257085888,100.0,0.0,63.6,2.615339366124404,1.05,0.21794494717703372,4.35,0.7921489758877431,0
724,0.9347870256300359,0.02536892522286083,0.015944776771695125,0.006475060630955067,0.0005865926650803012,0.000260339554702815,100.0,0.0,63.7,2.3895606290697042,1.1,0.3,4.2,0.9797958971132712,0
725,0.9347645255393664,0.02469766756613333,0.014468051925439748,0.005602159819955352,0.000623032355858159,0.0002581009104921321,100.0,0.0,63.3,3.0675723300355937,1.075,0.23848480035423641,4.4,0.8602325267042626,0
726,0.9397370521916326,0.026345028742672864,0.014188167503778654,0.006921087763214775,0.0005494482541507238,0.00028983083365314465,100.0,0.0,62.75,3.191786333700926,1.2,0.3674234614174767,4.05,0.6689544080129826,0
727,0.9417041323649809,0.025072919787754742,0.014444749055021088,0.006566398348777876,0.0005180639168490104,0.0002771090730598718,100.0,0.0,62.6,2.8530685235374214,1.025,0.10897247358851683,4.05,0.739932429347437,0
728,0.9437919014343438,0.020322734237419024,0.013642918979086035,0.00725103735315442,0.0004993816960123798,0.0002338938109315216,100.0,0.0,62.95,3.3537292675468007,1.075,0.23848480035423641,4.25,0.5361902647381804,0
729,0.9448611855551705,0.022596857987015963,0.012475652406352832,0.0074320245968186645,0.0005010269880312722,0.0002469787476817973,100.0,0.0,63.15,2.6509432283623124,1.075,0.23848480035423641,4.45,0.8046738469715541,0
730,0.9455071322658535,0.016297140484239532,0.012445725706331191,0.007274825171055755,0.0004951523943660307,0.00019174118128226686,100.0,0.0,63.3,2.8478061731796287,1.075,0.23848480035423641,4.3,0.9539392014169457,0
731,0.9461523110910941,0.019060753876389572,0.012972119025661016,0.00633853686712352,0.0004843345896164682,0.00019422111023123165,100.0,0.0,63.45,2.9406631905065233,1.0,0.0,4.1,0.7681145747868608,0
732,0.9431247991830265,0.01980373998393826,0.013802424824943763,0.005349983155823942,0.0005255297969390329,0.0002457226199378314,100.0,0.0,63.55,3.0736785778607367,1.05,0.21794494717703372,4.05,0.6689544080129826,0
733,0.940373272328304,0.025401970852898033,0.013445921362537649,0.005778504681284697,0.0005628203687190452,0.00033178411347947084,100.0,0.0,62.85,4.80910594601533,1.1,0.3,4.4,0.66332495807108,0
734,0.9406244051109697,0.02022677330990374,0.015357517864692086,0.005334240725402833,0.000526549739892514,0.00020567220687266977,100.0,0.0,62.95,3.3686050525402944,1.0,0.0,4.35,0.7262919523166975,0
735,0.9391509525316095,0.023856964959520947,0.01544667989856754,0.006195481375619575,0.0005458914658465003,0.0002713969038962834,100.0,0.0,62.15,2.4753787588973126,1.225,0.40233692348577704,4.2,0.6782329983125269,0
736,0.9427765829281359,0.021642394670070054,0.014955643800308236,0.006900924145280496,0.000498327507809688,0.0002531985065548476,100.0,0.0,64.1,2.844292530665578,1.0,0.0,3.85,0.47696960070847283,0
737,0.9471236546666993,0.020753795024226775,0.014316845283287147,0.006994338861330459,0.0004572260545328705,0.00023277828133848167,100.0,0.0,63.7,3.1480152477394387,1.025,0.10897247358851683,4.5,0.806225774829855,0
738,0.9435823781012695,0.020422002837375847,0.014746908263320414,0.006209564885717529,0.0004997457643148636,0.00023909761544462486,100.0,0.0,63.65,3.1666228067138023,1.0,0.0,4.15,0.653834841531101,0
739,0.944570747128451,0.016036825611644344,0.01415120831849225,0.006753905481822604,0.0004907132333730674,0.00018327246269302889,100.0,0.0,63.9,3.345145736735546,1.05,0.21794494717703372,4.15,0.9096702699330127,0
740,0.9449326541132403,0.017715167930303827,0.014498010696744246,0.00675976677818,0.0004865917899689187,0.00017971297477697797,100.0,0.0,64.4,2.8178005607210737,1.0,0.0,4.25,0.5361902647381804,0
741,0.9456333122567117,0.020841060310976513,0.014434347536545555,0.006806294045021306,0.0004761455089699054,0.0002731147645365367,100.0,0.0,63.6,3.8131351929875237,1.05,0.21794494717703372,4.55,0.7399324293474372,0
742,0.9432988162661291,0.02408105879032689,0.016304821516684775,0.007325120287762306,0.00047211263718129526,0.00025410543477063184,100.0,0.0,63.05,1.9868316486305526,1.075,0.23848480035423641,4.45,0.5894913061275798,0
743,0.9453609952950833,0.022765286775066604,0.015470326189516704,0.006188157045845136,0.0004756295605656724,0.00025030342284282575,100.0,0.0,64.8,2.803569153775237,1.0,0.0,4.3,0.9,0
744,0.9466736548662631,0.0192380074748918,0.014329547991552189,0.006483966834354457,0.00046588536377268074,0.00019572465073316783,100.0,0.0,62.95,2.6358110706194404,1.075,0.23848480035423641,4.3,0.714142842854285,0
745,0.9473797190648863,0.019319430567440624,0.013995988453578087,0.006848532983218096,0.0004556956217234206,0.0002029477125612598,100.0,0.0,63.75,3.0475399915341552,1.1,0.3,4.15,0.7262919523166975,0
746,0.9446318068383235,0.020228445930598003,0.012439752507676123,0.006876854936707251,0.0005171995959358351,0.0002263598322413273,100.0,0.0,63.4,2.4979991993593593,1.0,0.0,4.2,0.39999999999999997,0
747,0.9439772330620521,0.01729653811971882,0.014075621335636187,0.005178798175587781,0.0005084565050968937,0.0002286408788341822,100.0,0.0,62.6,3.4698703145794947,1.0,0.0,4.65,0.9096702699330126,0
748,0.9463168566839043,0.017095877716114687,0.014042882677593063,0.005993563747837956,0.0004709280352313882,0.00019536239342018687,100.0,0.0,62.35,3.1507935508376295,1.125,0.3112474899497183,4.45,0.7399324293474372,0
749,0.9478849167776918,0.01588709491910463,0.014439576069001647,0.005987621801083374,0.0004543585032647082,0.0001562774847667311,100.0,0.0,64.25,2.5074887836239665,1.0,0.0,4.25,0.5361902647381804,0
750,0.9493933110179638,0.017443092917391437,0.014059904641399487,0.005681825392418647,0.0004363611069129659,0.00017206753665657742,100.0,0.0,63.55,3.5422450508117027,1.125,0.3112474899497183,4.25,0.6224949798994366,0
751,0.943681500439995,0.018378054666453054,0.014575902372233445,0.005703515274663719,0.0004991236031190624,0.00019650876212644339,100.0,0.0,64.8,3.1240998703626612,1.05,0.21794494717703372,3.95,0.6689544080129827,0
752,0.9458940579810277,0.018665910634222845,0.01464061264019292,0.005109125072730573,0.00047103108155038283,0.00019505277711120747,100.0,0.0,64.55,2.7834331319433563,1.0,0.0,4.2,0.5099019513592784,0
753,0.9433033515822371,0.024209486904698024,0.014799437419506196,0.006904781247574956,0.0004903179021755223,0.00023473337479855912,100.0,0.0,62.7,3.0838287890218554,1.125,0.3112474899497183,4.0,0.7071067811865476,0
754,0.9451145666156613,0.02143232232647235,0.01400035399070576,0.007033590608887201,0.0004805824370305435,0.00020686663990218467,100.0,0.0,63.2,3.6687872655688283,1.175,0.36314597615834876,4.4,1.0198039027185568,0
755,0.9459365350597038,0.023501244570420684,0.014494459968633553,0.007342247106880726,0.0004598568755524009,0.00021533374020667203,100.0,0.0,63.4,3.1048349392520045,1.0,0.0,4.3,0.6403124237432849,0
756,0.943831724142909,0.020354112507356987,0.01506947357094203,0.006659083940743449,0.0004823254629465064,0.00018528894871458398,100.0,0.0,63.0,2.8809720581775866,1.0,0.0,4.6,0.8602325267042626,0
757,0.9463818432382787,0.021639802325211205,0.01505032175498217,0.007138051433779808,0.0004477245630142601,0.0002056271908302968,100.0,0.0,63.85,2.7977669667075564,1.125,0.3112474899497183,4.0,0.7745966692414834,0
758,0.9498437729469298,0.021240965783375927,0.014418005328877123,0.00699889987047658,0.00042062338225495286,0.00020303247096925312,100.0,0.0,63.15,3.1348843678834477,1.15,0.32015621187164245,4.0,0.6324555320336759,0
759,0.9477510565612655,0.01854772970147312,0.013837792673270576,0.006537520343726268,0.0004553873948196233,0.00018666732416820382,100.0,0.0,64.05,2.5194245374688244,1.05,0.21794494717703367,4.2,1.0770329614269007,0
760,0.9485204438835961,0.021562594230566844,0.014061424977046214,0.006484631502005376,0.00044575452212803165,0.0002098468291390948,100.0,0.0,63.55,3.089902911096076,1.075,0.23848480035423641,4.3,0.714142842854285,0
761,0.9481348036059283,0.022712655545741398,0.014779211117549354,0.006925640053415808,0.0004390314055555289,0.0002316795229818108,100.0,0.0,62.05,4.684815898197067,1.175,0.36314597615834876,4.1,0.6244997998398398,0
762,0.9425593875446378,0.02328704515354874,0.014313174527302486,0.006422345205766078,0.0005177176006585872,0.00024987984218693233,100.0,0.0,62.25,3.7399866309921483,1.15,0.3570714214271425,4.1,0.8306623862918074,0
763,0.9424750341400676,0.022728428970297965,0.014902169630690526,0.006138477415014276,0.0005060654245450972,0.00023577107930649525,100.0,0.0,63.75,3.476708213238494,1.15,0.3570714214271425,4.1,0.6244997998398398,0
764,0.9432606447322576,0.020259805961952922,0.014623928903218323,0.006092066124042836,0.000496297332829496,0.0001907816558810872,100.0,0.0,63.05,2.1788758569500923,1.0,0.0,4.0,0.4472135954999579,0
765,0.9411582682487205,0.025783839034941653,0.01355630854608394,0.006027353407818296,0.0005407487753292164,0.00025006916360266186,100.0,0.0,63.7,2.5709920264364885,1.0,0.0,4.05,0.5894913061275798,0
766,0.94419686652599,0.02139511997897162,0.012677258372259545,0.006820031281872307,0.0005048870424872464,0.00023272379060415425,100.0,0.0,63.55,2.3973944189473704,1.125,0.3112474899497183,4.15,0.5722761571129799,0
767,0.9416629866543668,0.022489251008038523,0.01127110580598882,0.006850503072955072,0.000559276224821306,0.00027328930061019496,100.0,0.0,63.6,3.3376638536557275,1.1,0.3,4.25,0.698212002188447,0
768,0.9430100849189265,0.023970802531425275,0.011368591725875472,0.006573532622080605,0.0005466722086994865,0.00030685523687245267,100.0,0.0,63.2,2.249444375840399,1.0,0.0,4.2,0.812403840463596,0
769,0.9401829886485654,0.02054901540216373,0.012666794932465452,0.007368986476903218,0.0005543559170910424,0.0002416817347417556,100.0,0.0,63.55,2.4387496796514396,1.0,0.0,4.4,0.7999999999999999,0
770,0.9392250262966588,0.01940620028091115,0.01345291072897573,0.007872230889180386,0.0005495954973434045,0.0002343126593166145,100.0,0.0,63.55,3.4128433893163046,1.0,0.0,4.45,0.9205976319760985,0
771,0.9370438998216365,0.027390410879903865,0.012611990391038533,0.008243487481671122,0.0005820111744296332,0.0002899340862732462,100.0,0.0,64.1,3.6728735344413916,1.075,0.23848480035423641,4.3,0.8426149773176358,0
772,0.9409617854797456,0.02568985873590646,0.011606226340871332,0.007614319543162313,0.0005532301858369858,0.00027309471788456536,100.0,0.0,64.55,3.2011716605018234,1.075,0.23848480035423641,4.15,0.7921489758877431,0
773,0.942330944175272,0.025681807950521947,0.011254679228164966,0.007670591377179215,0.0005457876447411186,0.0002471186077368912,100.0,0.0,63.4,3.903844259188627,1.1,0.3,4.3,0.7810249675906654,0
774,0.9403973876424876,0.025133766794638024,0.010699337774234798,0.007116630314465406,0.0005791705369100976,0.00026957816350992275,100.0,0.0,64.1,3.080584360149872,1.0,0.0,4.05,0.6689544080129826,0
775,0.9411879307569759,0.021637116521566142,0.012083691228622885,0.006264792477320946,0.0005598111714087537,0.00023225927247486736,100.0,0.0,63.5,2.7838821814150108,1.0,0.0,4.1,0.6244997998398398,0
776,0.9423759691505635,0.0292453765194995,0.011510071634754006,0.007247092944556008,0.0005505258394538651,0.00032726776764072216,100.0,0.0,63.0,2.345207879911715,1.0,0.0,4.05,0.6689544080129826,0
777,0.937502764925463,0.02551862893629872,0.01240310468793025,0.007458087055695025,0.0006096294296943051,0.0003109995475202822,100.0,0.0,62.6,3.1208973068654475,1.15,0.3570714214271425,4.6,0.7348469228349535,0
778,0.9412823654830726,0.02147209033919073,0.012238290549695104,0.007982589678377717,0.000555496054616514,0.00026293823511635477,100.0,0.0,62.45,2.7654113618049667,1.125,0.3112474899497183,4.1,0.6244997998398398,0
779,0.9444511819330218,0.024461707074844786,0.012141975472633581,0.007785863331474566,0.000512965815945615,0.000276849052088148,100.0,0.0,64.25,2.342541355024496,1.05,0.21794494717703372,4.1,0.7681145747868608,0
780,0.9454977203062276,0.025552995101777023,0.01084230677061649,0.00808433175588399,0.0005195973382436826,0.00027345459554375885,100.0,0.0,63.65,3.424543765233553,1.1,0.3,4.2,0.6,0
781,0.9449350280011423,0.024941424366856334,0.011015965369676032,0.007718187569835668,0.0005321069873384964,0.00028500057733658727,100.0,0.0,63.6,3.1685959035509725,1.05,0.21794494717703372,4.1,0.7000000000000001,0
782,0.9441221498546011,0.025810879120661826,0.01062077439895073,0.008008858288899488,0.0005411578483026016,0.00029228354166209013,100.0,0.0,63.1,2.6057628441590768,1.0,0.0,4.4,0.66332495807108,0
783,0.9414739123267395,0.028121414477203083,0.010775572916416804,0.006837033909029983,0.0005869966337011611,0.000351239712644395,100.0,0.0,63.3,3.4655446902326914,1.1,0.3,4.1,0.5385164807134504,0
784,0.9447546822493594,0.022778674037606333,0.012180309861973746,0.006754448762193415,0.0005188794672672422,0.0002490466010917255,100.0,0.0,64.4,2.956349099818896,1.025,0.10897247358851683,3.95,0.6689544080129826,0
785,0.9405402593869742,0.022397587067197113,0.012406694559516523,0.005663552369442954,0.0005737366263476582,0.00028418680981176297,100.0,0.0,64.3,2.3473389188611007,1.0,0.0,4.15,0.6538348415311012,0
786,0.939595469488727,0.024889377310772173,0.01285134079380897,0.006638853306624802,0.0005653574595565352,0.00026805705101378997,100.0,0.0,62.65,3.1666228067138023,1.025,0.10897247358851683,4.4,0.6633249580710799,0
787,0.9431904001793573,0.022630035229812568,0.012564665422765403,0.006279568131300095,0.0005250040566259253,0.0002713828272237521,100.0,0.0,63.95,2.0365411854416298,1.0,0.0,4.05,0.3840572873934304,0
788,0.9422361072919501,0.018865876027704905,0.012571546449300244,0.005554330553683102,0.0005458840927163595,0.00023006030352083043,100.0,0.0,64.6,2.4779023386727737,1.0,0.0,4.1,0.7,0
789,0.9410063990176061,0.019249788748931546,0.012713750700274737,0.005709195129385401,0.0005521474599431742,0.00023167523091782003,100.0,0.0,63.95,2.9236107812087435,1.025,0.10897247358851683,4.0,0.6324555320336759,0
790,0.9400344872035186,0.01929497343704332,0.01257450586689523,0.005593696227940719,0.0005663958247339453,0.00024290341492998747,100.0,0.0,64.35,3.118894034750139,1.075,0.23848480035423641,4.1,0.7681145747868608,0
791,0.9386546573380301,0.022465441367650028,0.011636407963875,0.0059867169672008745,0.0005881960210829862,0.0002658625700282047,100.0,0.0,62.95,2.7472713735632306,1.0,0.0,4.25,0.82915619758885,0
792,0.936437466700996,0.02040543776510905,0.012088880573015447,0.005968926596703674,0.0006136117481190887,0.00023425816537020748,100.0,0.0,62.45,2.923610781208744,1.175,0.36314597615834876,4.35,0.9630680142129111,0
793,0.9350275285533224,0.023799038193969252,0.01283417520065673,0.0067407611199312495,0.0006116652960346118,0.0002518352662155977,100.0,0.0,62.35,2.8857408061016154,1.15,0.3570714214271425,4.2,0.6782329983125269,0
794,0.9381342929851841,0.02169702044763554,0.01048698336699193,0.0060799529083081175,0.0006066995739928048,0.00022740369202860303,100.0,0.0,64.6,3.4698703145794942,1.15,0.3570714214271425,4.15,0.653834841531101,0
795,0.9396594483274503,0.019028281304489233,0.010140386521426601,0.006221684537644831,0.000594630518620049,0.00022598129854526416,100.0,0.0,63.65,2.669737814842499,1.05,0.21794494717703372,4.3,0.5567764362830021,0
796,0.9421851993667293,0.017540000757929327,0.010609377968576868,0.00562457401760237,0.0005649424097165557,0.00019778559267011347,100.0,0.0,64.15,4.304358256465184,1.1,0.3,4.2,0.6782329983125268,0
797,0.9423866320051484,0.020270969122230337,0.010948810033379216,0.0059755211054567286,0.0005538305972371008,0.00024378717766405022,100.0,0.0,63.05,3.1855140872392953,1.1,0.3,4.55,0.8645808232895291,0
798,0.9401896907109037,0.020606009174562658,0.011309548843668337,0.005849428244202613,0.0005898546454400962,0.0002300901564280875,100.0,0.0,62.4,3.184336665618132,1.05,0.21794494717703372,4.75,0.7664854858377946,0
799,0.9380105386215725,0.023876282726142766,0.010216770678956344,0.0049722635661539815,0.0006422033335994221,0.00027858971502173316,100.0,0.0,62.5,2.9410882339705484,1.05,0.21794494717703372,4.45,0.6689544080129827,0
800,0.9403156893668537,0.0251848200685639,0.009801203201235852,0.004965785728697121,0.0006079060661745591,0.00027868295398193337,100.0,0.0,63.5,2.9916550603303182,1.025,0.10897247358851683,4.4,0.4898979485566356,0
801,0.9375154198096217,0.02786892811668463,0.010347844884365404,0.006264397814165801,0.000627949453908728,0.0003317994568220917,100.0,0.0,63.05,2.4591665254715873,1.05,0.21794494717703372,4.15,0.6538348415311012,0
802,0.9394475074188074,0.028048180269809875,0.010943528653055016,0.006144491368569405,0.0005950498953266543,0.00031257519891553763,100.0,0.0,63.7,2.9342801502242426,1.1,0.3,4.1,0.8306623862918076,0
803,0.9376383442643739,0.028557254109031538,0.009314290657205716,0.004682075916548427,0.000642488878643483,0.0003327091652690823,100.0,0.0,63.45,3.2935543110748915,1.075,0.17853571071357124,4.15,0.5722761571129799,0
804,0.9385934476524336,0.029638699575769614,0.010534137233231244,0.005049523003470318,0.0006194654121367869,0.00030725218373965646,100.0,0.0,63.65,3.395217224272992,1.125,0.3112474899497183,3.8,0.5099019513592784,0
805,0.9381192428744602,0.02500970597799971,0.010802422816611116,0.006151350582955278,0.0006113352581430707,0.0002577475864632299,100.0,0.0,62.9,3.3000000000000003,1.075,0.23848480035423641,4.45,1.0712142642814275,0
806,0.9345331006976713,0.02217578336836029,0.01096247705864469,0.006172810200886413,0.0006524684594524806,0.0002415501212759649,100.0,0.0,64.05,3.278337993557101,1.05,0.21794494717703372,4.0,0.6324555320336759,0
807,0.9344422356151298,0.02065980844601578,0.010876241910800314,0.006417838840415515,0.0006511512357033308,0.00023375287285644052,100.0,0.0,63.75,2.8262165522125158,1.0,0.0,4.4,0.6633249580710799,0
808,0.9343099867617608,0.02328406609706897,0.012571503995270267,0.006169876261245018,0.0006317062790284081,0.0002536003308935851,100.0,0.0,63.4,2.4372115213907883,1.05,0.21794494717703372,4.15,0.7262919523166976,0
809,0.9319154109535651,0.02162769051517049,0.013720088109820033,0.006308718275616088,0.0006430777731254386,0.00022484715519150285,100.0,0.0,63.7,3.407345007480164,1.0,0.0,4.35,0.5722761571129799,0
810,0.9347028560349011,0.02150867478821701,0.013315480617653391,0.005173467564733724,0.0006237875827254226,0.0002147327304828224,100.0,0.0,63.65,2.868361901852693,1.05,0.21794494717703372,4.25,0.8874119674649424,0
811,0.9407569819034116,0.020138058709523468,0.013302335945999371,0.0055056153040263,0.0005573309796107118,0.0001893382119675038,100.0,0.0,62.8,2.8913664589601917,1.0,0.0,4.25,0.7664854858377946,0
812,0.941295869735014,0.02353138971491966,0.012722810818145375,0.006294399403000641,0.0005528147022750597,0.00021761313055364265,100.0,0.0,64.4,3.6110940170535573,1.05,0.2179449471770337,4.15,0.8529361054615991,0
813,0.9438517892997862,0.02449744827153071,0.012490539252512369,0.007820611103300892,0.0005081015385584739,0.00019255762168229992,100.0,0.0,63.25,2.662235902394827,1.0,0.0,4.3,0.9539392014169457,0
814,0.9449282450693335,0.022033664998098824,0.01214719395789058,0.007742582925618769,0.0005002360421068493,0.00016056339408412437,100.0,0.0,63.05,3.3537292675468007,1.05,0.21794494717703372,4.3,0.714142842854285,0
815,0.94268158661376,0.0259210720527811,0.012326837772453301,0.007893321519128887,0.0005234953167647094,0.00022486349924902385,100.0,0.0,63.85,2.8857408061016154,1.0,0.0,4.15,0.7921489758877431,0
816,0.9442729885135959,0.025330462958038546,0.01277608408192078,0.007004314818243887,0.0005057923799708359,0.00021859369193214382,100.0,0.0,64.75,2.5074887836239665,1.075,0.17853571071357124,3.95,0.5894913061275798,0
817,0.9477645987107778,0.024523291788697242,0.011630967273143382,0.007368884020151598,0.0004791921300877027,0.00022471477722428004,100.0,0.0,64.05,3.7745860700214533,1.125,0.3112474899497183,4.05,0.5894913061275798,0
818,0.9483092205734401,0.023234906414790906,0.012667550908087286,0.006905699835775905,0.0004672420663059835,0.0002251226371563807,100.0,0.0,63.35,2.4550967394381837,1.0,0.0,3.95,0.49749371855331,0
819,0.9457755274825447,0.02186868040370743,0.012015293413737554,0.007197747861227291,0.0004968838105005923,0.0002218202510205372,100.0,0.0,62.25,2.913331426391443,1.05,0.21794494717703372,4.5,1.02469507659596,0
820,0.945509513206113,0.02190098466132209,0.011996130139702441,0.006485006800589363,0.0005052770745551978,0.00023226396934545866,100.0,0.0,64.3,3.4365680554879163,1.05,0.21794494717703372,4.1,0.6244997998398398,0
821,0.9436708850031031,0.024375596943100604,0.012260094579769645,0.006182861277223922,0.0005308815468280747,0.00025651941176789384,100.0,0.0,62.65,3.08666486681013,1.05,0.21794494717703372,4.25,0.6224949798994366,0
822,0.9462950633113854,0.021617952879674045,0.01247387207264378,0.0060020139535524025,0.0005101095813129216,0.00025164970449844645,100.0,0.0,63.7,2.703701166919155,1.15,0.32015621187164245,4.2,0.6782329983125268,0
823,0.9452405345219613,0.025746405022210102,0.011304568437501328,0.006688531796597086,0.0005213634012259705,0.00027649572564495995,100.0,0.0,63.05,3.3387872049593095,1.2,0.4,3.95,0.5894913061275798,0
824,0.9447284830986611,0.0300107547089923,0.011082184414855645,0.008005786366793572,0.0005231490524382209,0.0003196907701165989,100.0,0.0,62.7,3.287856444554719,1.05,0.21794494717703372,4.25,0.698212002188447,0
825,0.9471212408727194,0.023324822386905416,0.012135351017189011,0.007026545936027452,0.00048710249029226946,0.00023105507615413422,100.0,0.0,62.65,3.439113257803529,1.2,0.4,4.25,0.698212002188447,0
826,0.9459949445089635,0.021018517350159856,0.011615212468573095,0.007476425012504662,0.0005027135365520326,0.00019249323808614158,100.0,0.0,63.05,4.153010955921017,1.15,0.3570714214271425,4.2,0.812403840463596,0
827,0.9494729631802296,0.0190497380744723,0.010898389885681096,0.00713083571712117,0.0004656403671636611,0.00018601967234770352,100.0,0.0,63.8,2.1354156504062622,1.025,0.10897247358851683,4.35,0.6538348415311012,0
828,0.947277940910638,0.020515250049914193,0.011727468769736757,0.006625011915272893,0.0004853388337219342,0.000215742002507709,100.0,0.0,63.15,3.08666486681013,1.025,0.10897247358851683,4.0,0.6324555320336759,0
829,0.945204788538906,0.020940728697901805,0.011825453213520108,0.005597339584036024,0.0005154987204764929,0.0002278000038876535,100.0,0.0,63.2,3.5721142198983498,1.15,0.3570714214271425,4.4,0.6633249580710799,0
830,0.9441317499348282,0.020600959718327327,0.012800429171967293,0.005104350317138106,0.0005206709659653623,0.00022712186691524548,100.0,0.0,62.6,2.8530685235374214,1.1,0.3,4.3,0.7810249675906654,0
831,0.9475147027056601,0.023422818267938284,0.011406058596527336,0.00470007499030731,0.0004932898501263399,0.000269496941921628,100.0,0.0,63.6,2.973213749463701,1.025,0.10897247358851683,4.5,0.9219544457292888,0
832,0.9513233738010859,0.026478822772215672,0.010975246002961526,0.005741045064335605,0.0004469861727460872,0.00030168941076765357,100.0,0.0,62.9,2.5865034312755126,1.05,0.21794494717703372,4.45,0.7399324293474372,0
833,0.9500025419205519,0.026182750343271898,0.010420823496991178,0.005226366350599405,0.0004802724162008056,0.0003035334986219448,100.0,0.0,63.1,2.4677925358506134,1.0,0.0,4.4,0.7999999999999999,0
834,0.9470160708184452,0.028861950674568475,0.010124739482987585,0.004626116541315042,0.0005213121980353858,0.00032491948394495465,100.0,0.0,63.55,3.4128433893163046,1.075,0.23848480035423641,3.95,0.6689544080129827,0
835,0.9434671000964119,0.029941836100511498,0.010817762649202636,0.004826976969254397,0.0005503356274996782,0.00031640730149598475,100.0,0.0,64.5,3.263433774416144,1.05,0.21794494717703372,4.3,0.714142842854285,0
836,0.9440139121384575,0.023858534606915165,0.010015952911451765,0.004812981059557245,0.0005540663480151582,0.00024736791737200396,100.0,0.0,63.25,3.222964473896664,1.0,0.0,4.25,0.6224949798994366,0
837,0.9489626721655121,0.02644287505348653,0.009609988602721829,0.004665041030309758,0.0005066127616662876,0.0003034787996494713,100.0,0.0,63.1,2.0712315177207983,1.125,0.3112474899497183,4.15,0.7262919523166975,0
838,0.9449967669168796,0.024639931255035583,0.010736981780608952,0.004516632799582759,0.0005401260210462317,0.00029029384495016936,100.0,0.0,63.25,2.9811910371527683,1.05,0.21794494717703372,4.15,0.5722761571129799,0
839,0.9497157880016873,0.02443428286440194,0.01047234333377022,0.004665694038042674,0.00048712601589049817,0.0002750788961247851,100.0,0.0,62.25,2.6433879775772606,1.1,0.3,4.35,0.7262919523166975,0
840,0.9442660458017075,0.029423431540550462,0.010557792017572622,0.004810536010828166,0.0005679459967355609,0.000370332629375098,100.0,0.0,63.5,2.224859546128699,1.05,0.21794494717703372,4.35,0.5722761571129799,0
841,0.9454523890418468,0.029956660799875457,0.011418110832450847,0.005641491677361888,0.0005305790468011944,0.00035257272746393447,100.0,0.0,62.5,2.224859546128699,1.05,0.21794494717703367,4.3,0.714142842854285,0
842,0.943509821298105,0.03135654657367616,0.011450851817079121,0.00578076057990367,0.0005489314470897473,0.0003537645206435237,100.0,0.0,62.95,4.09237095092808,1.15,0.3570714214271425,4.3,0.9,0
843,0.937436845594452,0.02735140126593792,0.013095571748357553,0.00571541961434796,0.0006008610246294888,0.00029710067844306595,100.0,0.0,63.1,3.1448370387032774,1.025,0.10897247358851683,4.3,0.7810249675906654,0
844,0.9400363565443188,0.023735965089982766,0.012329679093418311,0.005585796834552587,0.0005796399501374705,0.00025570463713669165,100.0,0.0,63.25,3.7399866309921483,1.15,0.3570714214271425,4.2,0.5099019513592784,0
845,0.9365913673045709,0.027459511674142425,0.013687815041456067,0.004985438840031267,0.0006055375827238511,0.0002979466234395602,100.0,0.0,63.45,2.4794152536434875,1.125,0.3112474899497183,3.95,0.7399324293474371,0
846,0.9389655876655846,0.028247728127384717,0.013761996069723701,0.004270425674374652,0.000572341205359635,0.0003187823973872717,100.0,0.0,63.8,2.6,1.05,0.21794494717703372,4.0,0.6324555320336759,0
847,0.9362045547662792,0.026716380920178525,0.01482172420263608,0.00484265592767871,0.0005841141677456333,0.0002927289828905444,100.0,0.0,63.75,2.426417111710186,1.0,0.0,4.3,0.6403124237432849,0
848,0.9402609277547909,0.024425859262350566,0.014371465472960424,0.005477204420249898,0.0005429416401865563,0.0002839685423149393,100.0,0.0,63.8,2.9257477676655586,1.1,0.3,3.95,0.49749371855331004,0
849,0.9420756049854292,0.021879639567409615,0.013222752290110436,0.006067922802484229,0.0005314944238262102,0.00022815005753777878,100.0,0.0,62.9,2.7367864366808012,1.05,0.21794494717703372,4.55,0.8046738469715542,0
850,0.9409297345276413,0.022064223469389427,0.013096293707486018,0.005823489006618534,0.0005450195584702698,0.00021370416857476076,100.0,0.0,64.25,3.7798809505062456,1.0,0.0,4.1,0.7000000000000001,0
851,0.9400238383552594,0.02041945073267862,0.012787370321085229,0.006637632182255108,0.0005571291327190394,0.00019275360637654028,100.0,0.0,63.75,2.426417111710186,1.0,0.0,4.1,0.6244997998398398,0
852,0.939174694982736,0.02362971382438775,0.012745164736429315,0.006330258234600481,0.0005692919434669413,0.00024122343885232117,100.0,0.0,63.5,3.442382895611701,1.0,0.0,4.2,0.6,0
853,0.9353830719603631,0.023797689564876986,0.01301534007744603,0.005767149944126229,0.0006171918469283609,0.0002573519926146568,100.0,0.0,64.4,2.0591260281974,1.0,0.0,4.0,0.5477225575051661,0
854,0.9352611166220031,0.02279597469862023,0.012730610968904757,0.006240448372684852,0.0006167836200931914,0.00023480696937999376,100.0,0.0,63.35,3.1666228067138023,1.1,0.3,3.95,0.9205976319760983,0
855,0.9333029962421318,0.024953147587828448,0.012730073238161044,0.006107407830853434,0.00064382637182783,0.00026849268926595356,100.0,0.0,63.75,3.4478254016118624,1.1,0.3,4.15,0.6538348415311009,0
856,0.9352065894182223,0.02149931816863049,0.013064258004303627,0.0060610121203165885,0.0006164241424828192,0.00024572174605434223,100.0,0.0,63.9,1.8681541692269403,1.0,0.0,4.05,0.49749371855331004,0
857,0.939251436201606,0.016903662727175413,0.013563337262694274,0.006052602906247267,0.0005564740984716537,0.00020783127132915991,100.0,0.0,63.05,3.3087006513131403,1.1,0.3,4.1,0.6244997998398398,0
858,0.9382951913432057,0.01899767124113366,0.013987487352069256,0.004801617467614322,0.0005717786990368929,0.00023641804168131545,100.0,0.0,63.6,3.813135192987524,1.075,0.23848480035423641,4.1,0.5385164807134504,0
859,0.9349071098094802,0.02194012981231802,0.013825272509323566,0.00416480033367721,0.0006226095418578293,0.00029519449438537024,100.0,0.0,62.6,3.2619012860600183,1.1,0.3,4.3,0.8426149773176358,0
860,0.937271368038086,0.021092899079883227,0.012976526862058076,0.004547993398064863,0.0006064465050492592,0.0002623318111670675,100.0,0.0,61.85,2.5743931323712,1.15,0.32015621187164245,4.4,1.019803902718557,0
861,0.9353142353836663,0.01745685165623778,0.01249665986414551,0.005885495444626784,0.0006305826802749069,0.00021006442680130232,100.0,0.0,63.4,3.2465366161495854,1.1,0.3,4.3,0.6403124237432849,0
862,0.9357386024424394,0.01877427896759279,0.011258896476979249,0.006178627587488416,0.0006349783657556368,0.00025428130842416476,100.0,0.0,63.45,2.3764469276632285,1.075,0.23848480035423641,4.05,0.739932429347437,0
863,0.9369998502641714,0.013667600335819369,0.012914055235426058,0.005638813047179265,0.0006102458031992557,0.00021220708326504206,100.0,0.0,63.5,2.5,1.05,0.21794494717703372,4.15,0.653834841531101,0
864,0.9382921626864041,0.01568680548469501,0.011936463455937636,0.005313457234514529,0.000602214096130135,0.00020495534242285203,100.0,0.0,63.9,2.7184554438136375,1.1,0.3,4.1,0.30000000000000004,0
865,0.944095219380557,0.013383149567877952,0.011707741802682086,0.0054974783872873845,0.000526629993845729,0.0001622389084397158,100.0,0.0,63.8,3.8026306683663087,1.05,0.21794494717703372,4.2,0.812403840463596,0
866,0.9418658314666326,0.014770882164080498,0.011613260268717033,0.005186604453623978,0.0005563762204223343,0.00016815739821322023,100.0,0.0,63.65,2.815581645060217,1.075,0.23848480035423641,4.35,0.963068014212911,0
867,0.9405089662150049,0.017434582840806487,0.011411651684924754,0.005081050725947856,0.0005776617512075023,0.00019991378774358122,100.0,0.0,64.0,2.449489742783178,1.0,0.0,4.0,0.5477225575051661,0
868,0.9388695415274443,0.019590952744376822,0.01225306411026656,0.006062117176675858,0.0005819289458580478,0.0001970818340661376,100.0,0.0,64.0,2.32379000772445,1.0,0.0,4.25,0.6224949798994366,0
869,0.9332459844892826,0.02352118034531872,0.013553718133390758,0.006544755828164139,0.0006312720727651688,0.0002515348101077575,100.0,0.0,63.35,3.453621287865825,1.1,0.2549509756796392,4.35,0.8529361054615991,0
870,0.9373606054039856,0.024222387660959972,0.013713338407657594,0.007738067649071237,0.0005673871227005817,0.0002335997689112476,100.0,0.0,62.05,4.06786184622831,1.275,0.43229041164476456,4.2,0.7483314773547883,0
871,0.9377901883519435,0.023562174484690123,0.014037402498343851,0.007056575565139342,0.0005693638296898004,0.0002304789533651975,100.0,0.0,64.8,3.026549190084311,1.0,0.0,3.85,0.7262919523166975,0
872,0.9349375151957462,0.02246872826401517,0.015092712229679848,0.00684809002835891,0.000587073700850912,0.0002513165036863145,100.0,0.0,62.9,2.8442925306655784,1.15,0.3570714214271425,4.15,0.5722761571129799,0
873,0.9351951571473041,0.022550149931447994,0.013720749016368394,0.005871379367786834,0.0006163207257567987,0.000249795052581821,100.0,0.0,63.85,2.8508770580296865,1.05,0.21794494717703372,4.2,0.6782329983125269,0
874,0.9362087727440483,0.023129241312714457,0.01383121058620886,0.005164533388014952,0.0006057588575014404,0.0002672247726065705,100.0,0.0,64.35,3.365635155509284,1.025,0.10897247358851683,3.85,0.5722761571129799,0
875,0.9362440493891035,0.017904545581594475,0.014999750104623902,0.005306891993303973,0.0005859687823355185,0.0002071188878189653,100.0,0.0,63.95,2.654712790491657,1.0,0.0,4.35,0.653834841531101,0
876,0.9314743827684693,0.022006079693694214,0.01563449877391956,0.007007956410645821,0.0006244159471151735,0.00020878183333365952,100.0,0.0,62.9,3.345145736735546,1.15,0.3570714214271425,4.2,0.7483314773547883,0
877,0.9344948077968986,0.019556624949766493,0.01532112942834368,0.007553401607958015,0.0005810715362952496,0.0001793675580133292,100.0,0.0,63.5,3.52845575287547,1.05,0.21794494717703372,4.35,0.6538348415311012,0
878,0.9412749083219223,0.018078972918218236,0.01431351125011513,0.005760100863735248,0.0005260382163964692,0.0001796316817635691,100.0,0.0,62.15,3.5535193822462827,1.1,0.3,4.6,0.66332495807108,0
879,0.936811514286742,0.02429183259815478,0.015058001576059219,0.005775851528354259,0.000576835098064212,0.0002659805997561093,100.0,0.0,62.8,2.580697580112788,1.075,0.23848480035423641,4.6,1.0677078252031311,0
880,0.9376566727091461,0.025967261990775318,0.014056096883711868,0.0058812630150139105,0.0005827782493495442,0.00029198244246739853,100.0,0.0,63.75,2.3637893307145625,1.05,0.21794494717703372,4.3,0.6403124237432849,0
881,0.9377604673690362,0.02841309530870324,0.014334367068370144,0.006058689509372699,0.0005700281812528737,0.00029964401154482353,100.0,0.0,63.15,3.1666228067138023,1.15,0.3570714214271425,4.4,0.9165151389911679,0
882,0.9318241994561358,0.029855472299607614,0.015128022719133508,0.007709295405465912,0.0006251628355524551,0.0003010616444639813,100.0,0.0,63.2,3.0594117081556704,1.075,0.23848480035423641,4.55,0.7399324293474372,0
883,0.93315117657112,0.033613922751867746,0.015479069818903471,0.007437730098224469,0.0005939224448658281,0.00032003308846102995,100.0,0.0,64.7,3.287856444554719,1.1,0.3,4.1,0.7,0
884,0.9337598791123632,0.034523946530809535,0.01553745713416135,0.008167830463164844,0.0005888925138147335,0.0003273380827981605,100.0,0.0,63.05,2.8892040426387333,1.05,0.21794494717703372,4.3,0.714142842854285,0
885,0.9317214550269848,0.03868296895729597,0.015260202103357847,0.007639076544133602,0.0006266532853662565,0.00040081353056063685,100.0,0.0,62.9,2.896549671592048,1.15,0.3570714214271425,4.15,0.47696960070847283,0
886,0.9298260756126109,0.04278482646022315,0.015772704480213305,0.008319626071037386,0.000638244950371164,0.0004662506735145388,100.0,0.0,61.9,2.981610303175114,1.05,0.15,4.3,0.714142842854285,0
887,0.9307075000122611,0.04581541754817098,0.015458716206420902,0.0090402776069498,0.0006192097132942617,0.0005074499887500265,100.0,0.0,63.7,3.479942528261063,1.075,0.23848480035423641,3.8,0.7483314773547883,0
888,0.9337838736548629,0.03829299764298264,0.016036596405012066,0.009945935793354652,0.0005541575178207304,0.00035064571297514725,100.0,0.0,63.15,3.102821296820041,1.125,0.3112474899497183,3.95,0.5894913061275798,0
889,0.9305193236341236,0.03590268987821044,0.01675694605668364,0.010217549791607767,0.0005862589954745933,0.00032021887316993603,100.0,0.0,63.55,3.4274626183227737,1.1,0.3,4.35,0.6538348415311009,0
890,0.9320840623594199,0.03548750626848153,0.016964619800288353,0.010956443964535772,0.0005777305293707286,0.0003097443522417445,100.0,0.0,63.1,2.826658805020514,1.025,0.10897247358851683,4.4,0.4898979485566356,0
891,0.937018576622463,0.03265370677166459,0.01694777170181033,0.009816620208479539,0.0005099545138645535,0.0002430030890474202,100.0,0.0,63.9,3.047950130825634,1.0,0.0,4.3,0.6403124237432849,0
892,0.9376753005795975,0.033771038495371115,0.016028250037092157,0.01005048571166554,0.000516685494138707,0.00027271803193061915,100.0,0.0,64.55,3.6670833096617805,1.05,0.21794494717703372,4.2,0.7483314773547883,0
893,0.9362617658766924,0.030747007548055736,0.017163910325018798,0.00827105583938697,0.000545849540057341,0.00031193327170930937,100.0,0.0,63.25,2.2555487137279924,1.05,0.21794494717703372,4.2,0.5099019513592784,0
894,0.9409685628367324,0.03368386057946045,0.016313690069902142,0.008123467755968235,0.0004896016540436078,0.0002705027940882981,100.0,0.0,63.4,3.120897306865447,1.15,0.3570714214271425,4.2,0.7483314773547883,0
895,0.9391896793412506,0.031442893884023874,0.01652250496475142,0.00913375082619857,0.0004978996861050199,0.0002508897007362281,100.0,0.0,62.75,3.080178566252288,1.15,0.32015621187164245,3.95,0.739932429347437,0
896,0.9382210164412184,0.030674226470192065,0.01593939165780641,0.007574296347396027,0.0005281492815356352,0.00027857873430593813,100.0,0.0,63.5,3.5,1.075,0.23848480035423641,4.45,0.9733961166965893,0
897,0.9391718288851006,0.030382345527905204,0.01592641838127231,0.008001728608354713,0.0005205982956957979,0.0002774374555442351,100.0,0.0,63.2,3.5298725189445577,1.1,0.3,4.45,0.8645808232895291,0
898,0.942024951266478,0.029575516790796688,0.014794595864217613,0.009382748933051207,0.0004874647256911939,0.0002277894602107958,100.0,0.0,63.8,3.295451410656816,1.05,0.21794494717703372,4.4,0.8602325267042626,0
899,0.9417615326669393,0.030983542868891076,0.01396180101452751,0.00888991088460855,0.0005077291732874682,0.0002491287976637391,100.0,0.0,63.55,3.4420197558991443,1.0,0.0,4.1,0.5385164807134504,0
900,0.9422115827289387,0.029414964336992065,0.01380196626699189,0.006831766227305769,0.0005182929501623735,0.0003006539546864579,100.0,0.0,63.4,2.989983277545211,1.1,0.3,4.1,0.7681145747868608,0
901,0.9361702943880215,0.027319599649641584,0.01352746716293283,0.005746355555034772,0.000617575400595965,0.0003085576847671653,100.0,0.0,64.2,2.6191601707417584,1.075,0.23848480035423641,4.15,0.5722761571129799,0
902,0.9394629800340679,0.027385585363345115,0.013930452702071616,0.007022499758680588,0.0005601201968492851,0.0002929134145150804,100.0,0.0,62.1,3.223352292257239,1.175,0.36314597615834876,4.3,0.5567764362830021,0
903,0.9407528206509002,0.02305153060227018,0.014719590372713762,0.006602573813522351,0.0005315759025004751,0.00025886326812947806,100.0,0.0,63.75,2.2332711434127295,1.025,0.10897247358851683,4.05,0.6689544080129826,0
904,0.9468511927025517,0.022961000313090188,0.013934461901035675,0.007246490384248792,0.00045631263819859055,0.00021302832784909155,100.0,0.0,63.7,4.026164427839479,1.15,0.3570714214271425,4.1,0.5385164807134504,0
905,0.9439489754216279,0.028193509373452906,0.014177503064778352,0.007856034884901088,0.00048289394490917974,0.00025484354751588694,100.0,0.0,63.5,2.819574435974337,1.0,0.0,4.25,0.6224949798994366,0
906,0.9428915289775652,0.02404805992328696,0.014128480352466218,0.007703004556445409,0.0005027017270323364,0.00023135017615336114,100.0,0.0,62.7,2.934280150224242,1.05,0.21794494717703372,4.25,1.0897247358851685,0
907,0.9395556250701554,0.023391589480895765,0.01447761630203026,0.00875348106393574,0.0005267841651798551,0.00022018880462438826,100.0,0.0,63.15,2.669737814842499,1.05,0.21794494717703372,4.25,0.5361902647381804,0
908,0.9377318249782715,0.02378426896807738,0.014766858852543991,0.008581525828808343,0.00054770243131403,0.0002768354628609583,100.0,0.0,62.65,2.7436289836637897,1.1,0.3,4.15,0.4769696007084728,0
909,0.9411252712448706,0.02137603006835797,0.014857059980592557,0.008120001490488124,0.0005068553385078054,0.00023406969803571454,100.0,0.0,62.45,3.308700651313141,1.125,0.3112474899497183,4.25,0.9420721840708386,0
910,0.9395884718832846,0.02357443188573996,0.013385012564888424,0.008296061691063247,0.0005464752215570927,0.00027391679912940525,100.0,0.0,62.4,3.839270764090493,1.225,0.40233692348577704,4.2,0.7483314773547882,0
911,0.9388778546021402,0.01977447074369767,0.013089857976966138,0.008691331093828396,0.0005549329647818322,0.00023870195005014502,100.0,0.0,62.25,3.222964473896664,1.025,0.10897247358851683,4.55,0.8046738469715541,0
912,0.9402536399311711,0.019904239188431514,0.013977324109198035,0.00955212360816935,0.0005171254982205988,0.00021356444439411983,100.0,0.0,63.9,2.5278449319529077,1.05,0.21794494717703372,4.45,0.7399324293474372,0
913,0.9391821873236313,0.01895099103356502,0.014471829090128199,0.010028842878675573,0.0005150603122161121,0.00018631141071904622,100.0,0.0,63.65,2.4550967394381837,1.0,0.0,4.55,0.8046738469715541,0
914,0.9374960095692634,0.02289159119533049,0.014387423317654482,0.009324366424812817,0.0005527781971281039,0.00024849488878514307,100.0,0.0,63.65,2.6697378148424984,1.05,0.21794494717703372,4.0,0.6324555320336759,0
915,0.942928526322088,0.023957926052914455,0.01347190205024707,0.00895101487897407,0.0005078721292169377,0.00025038283592672357,100.0,0.0,62.9,2.773084924772409,1.1,0.3,4.25,1.0428326807307104,0
916,0.9448531727454226,0.019661774898835385,0.013640258305850273,0.008000188592361594,0.0004791962803643181,0.00023919688429727696,100.0,0.0,63.55,3.9808918598726084,1.05,0.21794494717703372,4.0,0.8366600265340756,0
917,0.9460286510036413,0.018738897446839264,0.013174417818033505,0.007285830644848307,0.00047475573410208223,0.00024022767552141818,100.0,0.0,63.8,2.8913664589601917,1.1,0.3,4.0,0.6324555320336759,0
918,0.9449684010361663,0.017760924268880145,0.013517854886260516,0.007219970330821246,0.0004896480352583222,0.00020554889360110157,100.0,0.0,63.05,3.323777970924051,1.1,0.3,4.35,0.5722761571129799,0
919,0.9430170726746224,0.017764865837792698,0.0131955837367758,0.006848813942730618,0.000513342490670305,0.00017887552174842853,100.0,0.0,64.0,2.6832815729997477,1.0,0.0,4.3,0.6403124237432849,0
920,0.9409413880224274,0.017851606077686488,0.014085959754290894,0.007368568415498906,0.000521533628579384,0.00016065196849007329,100.0,0.0,63.25,2.9979159427842537,1.025,0.10897247358851683,4.3,0.7810249675906654,0
921,0.9380236185545094,0.016651289114098973,0.01429811990459226,0.00857893666629501,0.0005437972364162422,0.00015643225712834335,100.0,0.0,62.95,3.840247387864485,1.1,0.3,4.3,0.8426149773176358,0
922,0.9410657039292474,0.018071538230686274,0.014959190416525523,0.009568535901730358,0.0004891274061227939,0.00016818528881107532,100.0,0.0,62.35,2.7436289836637897,1.1,0.3,4.25,0.82915619758885,0
923,0.9430513371838154,0.018896274250116,0.01424972488832274,0.007795128888647741,0.0005005991329451886,0.0002605900670132324,100.0,0.0,63.7,3.083828789021855,1.05,0.2179449471770337,3.95,0.3840572873934304,0
924,0.9419428369203183,0.02006957999817706,0.013864982382080174,0.007585682451765424,0.0005168003220109191,0.0002651795336821572,100.0,0.0,64.6,2.9899832775452104,1.0,0.0,4.1,0.6244997998398398,0
925,0.9375524571999397,0.020652021544397388,0.014768125232770393,0.0074132743000018195,0.000554633192001458,0.00025663370823975003,100.0,0.0,64.6,2.8705400188814645,1.05,0.21794494717703372,4.1,0.6244997998398398,0
926,0.9373922751254795,0.01988496462847446,0.01421594844548534,0.007842955154554295,0.0005606760076042107,0.000259681214828896,100.0,0.0,63.3,2.98496231131986,1.0,0.0,4.1,0.6244997998398398,0
927,0.9343341618645862,0.020936982012402447,0.014781149830430792,0.008654207330351764,0.0005896959162928962,0.0002464888573682054,100.0,0.0,63.65,2.4550967394381837,1.025,0.10897247358851683,4.2,0.6782329983125268,0
928,0.9369021653330467,0.01969070298685789,0.01482022157164151,0.008773845897377022,0.0005590899432852793,0.00023086004841709078,100.0,0.0,63.75,3.491060010942235,1.1,0.3,3.75,0.6224949798994366,0
929,0.9393825351979626,0.020317772472593636,0.015218031199777705,0.007787843470842434,0.0005265088027181285,0.00024021315835643715,100.0,0.0,63.75,2.7363296585024255,1.05,0.21794494717703372,4.2,0.6782329983125269,0
930,0.9404946037478739,0.019956797029035227,0.01565573850920022,0.0069924297890801915,0.0005169813820118281,0.00025937471397520035,100.0,0.0,62.6,3.1208973068654475,1.15,0.3570714214271425,4.1,0.6244997998398398,0
931,0.9391511440754154,0.02385782600966801,0.015997330115476237,0.007520119011448506,0.0005273354560305987,0.0002839175279191554,100.0,0.0,63.45,3.353729267546801,1.0,0.0,4.3,0.6403124237432849,0
932,0.9427477114960874,0.01827004851841355,0.015122669504871534,0.006767231767804895,0.0004997973969116102,0.00021883213435241254,100.0,0.0,63.25,3.207413287993925,1.05,0.21794494717703372,4.3,0.8426149773176358,0
933,0.9473112588249218,0.020519890383479775,0.013609233558797026,0.007846103126797453,0.00045778420830801063,0.0002238044990165833,100.0,0.0,63.4,3.541186241925155,1.05,0.21794494717703372,4.35,0.5722761571129799,0
934,0.9389277316476663,0.02487301567034401,0.01454120557478276,0.007641438314244257,0.0005492291110199781,0.00027279632052560644,100.0,0.0,62.4,3.2619012860600183,1.25,0.4330127018922193,4.2,0.6782329983125269,0
935,0.9410887446570635,0.02564760573625792,0.01398095224349449,0.007845226429540038,0.000520306233432638,0.0002714935267425502,100.0,0.0,63.6,2.9563490998188966,1.1,0.3,4.5,0.7416198487095663,0
936,0.9428925373218429,0.02701748176259895,0.013743885795046026,0.007862023635844739,0.0004980495894250357,0.00028938206448162466,100.0,0.0,63.5,3.248076353782343,1.125,0.3112474899497183,4.1,0.7681145747868608,0
937,0.9358184263702102,0.02646284302406722,0.014358668605539632,0.007784232095404544,0.0005777824964315505,0.00030022151212458605,100.0,0.0,63.3,3.333166662499792,1.05,0.21794494717703372,4.3,0.9539392014169458,0
938,0.9371122648220094,0.025405212702196322,0.014168967573254244,0.006786136998347312,0.0005652872348243922,0.00027269475645326556,100.0,0.0,64.15,3.08666486681013,1.0,0.0,4.4,0.66332495807108,0
939,0.9349279814324294,0.023985504277861253,0.014967239841761033,0.00530761963881678,0.0005931601999380638,0.00026502049486831807,100.0,0.0,64.75,2.277608394786075,1.0,0.0,4.15,0.4769696007084728,0
940,0.9331425704580949,0.023777900425277023,0.015242556825364281,0.005702802002945085,0.0006045677473431048,0.00024961734224684506,100.0,0.0,63.25,2.947456530637899,1.0,0.0,4.2,0.7483314773547883,0
941,0.9324763488671028,0.02276270693146835,0.016150032448581583,0.005343133289461643,0.000604668928628808,0.0002615763574389578,100.0,0.0,64.85,3.4391132578035286,1.1,0.3,4.0,0.7071067811865476,0
942,0.9310140352939664,0.023752028151489895,0.016390210892778482,0.005525712914771259,0.0006141147880675006,0.0002615197512137884,100.0,0.0,63.25,3.2996211903792836,1.05,0.21794494717703372,4.35,0.6538348415311012,0
943,0.9315886196755944,0.023259149084687118,0.016358007805850203,0.0062291081309842145,0.0006006056509681505,0.0002114479870317097,100.0,0.0,63.3,2.6286878856189833,1.05,0.21794494717703372,4.4,0.8602325267042626,0
944,0.9324826472565164,0.024329337280993825,0.015256603388611793,0.006044022569597693,0.0006160620016870266,0.0002214264430801741,100.0,0.0,63.85,3.0866648668101306,1.1,0.3,4.2,0.6782329983125269,0
945,0.9334045888357336,0.02468823187048853,0.014649908840494552,0.007208568910759815,0.0006121048103449849,0.0002522349631780115,100.0,0.0,65.0,3.1304951684997055,1.05,0.21794494717703372,4.3,0.9539392014169458,0
946,0.9354678232536884,0.023442698000966176,0.014166373729600548,0.007305073322273313,0.0005980985330712409,0.000235414830010318,100.0,0.0,63.5,2.9410882339705484,1.05,0.21794494717703372,4.05,0.6689544080129826,0
947,0.9371377160283416,0.022242542285800512,0.014399540428382707,0.006402221039582226,0.0005729020620277906,0.00021381837529578412,100.0,0.0,63.3,3.0182776545573144,1.075,0.23848480035423641,4.1,0.7681145747868608,0
948,0.9384625524935789,0.02145699197971001,0.014643886228396722,0.005842922633212734,0.0005561628655011859,0.00022839999490531892,100.0,0.0,62.4,2.4979991993593593,1.1,0.3,4.1,0.8306623862918076,0
949,0.937491329228075,0.022818495609419155,0.014441070067242318,0.005774115802417053,0.000579023057479136,0.0002269750696253835,100.0,0.0,62.7,3.536947836765479,1.05,0.21794494717703372,4.15,0.5722761571129799,0
950,0.9373525934065366,0.021549845498140093,0.014276109108282822,0.00604031067703078,0.0005836925416561913,0.00019756556059616177,100.0,0.0,62.3,3.083828789021855,1.15,0.3570714214271425,4.2,0.6782329983125269,0
951,0.9375032486852017,0.023759079381212682,0.014909335543069582,0.0065829960540205205,0.0005642359979875479,0.00024094295515356406,100.0,0.0,63.95,2.8013389655662877,1.0,0.0,4.45,1.0712142642814273,0
952,0.9358643771245282,0.025777560077478178,0.01485538451360606,0.005912003186382058,0.0005862360930620704,0.00024816342517271694,100.0,0.0,63.85,3.259984662540608,1.075,0.23848480035423641,4.15,0.5722761571129799,0
953,0.9404900633468412,0.020091131853085222,0.014846043047513666,0.0056227637440252306,0.0005264170959225419,0.00019796175221853076,100.0,0.0,62.2,2.803569153775237,1.15,0.3570714214271425,4.4,0.7999999999999999,0
954,0.9434158629964532,0.020380199822325123,0.014551236525238116,0.006074175614500445,0.0004972757042070832,0.00024225755319029124,100.0,0.0,63.35,2.9542342493444895,1.125,0.3112474899497183,4.35,1.061838029079765,0
955,0.9437470832534066,0.015584717051194654,0.015121470865739358,0.006752135276719617,0.0004783879563901804,0.0001426813372412655,100.0,0.0,63.8,3.0430248109405875,1.1,0.3,4.2,0.5099019513592784,0
956,0.9401144418293936,0.02044723463243222,0.015055743776936928,0.007081936402753747,0.0005288965887941499,0.00020836865955591,100.0,0.0,63.55,2.6734808770589704,1.0,0.0,4.25,0.7664854858377946,0
957,0.9396991501314789,0.02218520196032573,0.01585426083107512,0.006676663201675096,0.0005158677193268301,0.00024974088263032357,100.0,0.0,63.65,2.4753787588973126,1.05,0.21794494717703367,4.2,0.7483314773547882,0
958,0.9435884908874215,0.017290373622151044,0.01421043951425359,0.006347987373040989,0.0004960589851169517,0.00021817036489796303,100.0,0.0,63.75,2.5273503912200224,1.05,0.21794494717703372,4.55,0.8046738469715541,0
959,0.9424778017865973,0.015514016186325105,0.015149384937510077,0.006392189212609796,0.000498718366886033,0.00019060841980358498,100.0,0.0,63.35,3.8765319552404045,1.1,0.3,4.25,0.698212002188447,0
960,0.9424307315635879,0.019169900353646574,0.015490637139019298,0.0066825021090265455,0.0004891943536543597,0.00019715653131006575,100.0,0.0,62.55,2.7106272336859605,1.05,0.21794494717703372,4.3,0.8426149773176358,0
961,0.9459639254013241,0.020388925090878834,0.01620002099556347,0.007467903605074083,0.0004295757734186855,0.00017041521507058608,100.0,0.0,63.85,2.632014437650371,1.1,0.3,4.35,0.7262919523166975,0
962,0.9439200815785981,0.022821925416077454,0.01663594731632327,0.008329001439452656,0.0004382439740389893,0.00017016078299846463,100.0,0.0,62.9,2.0712315177207983,1.025,0.10897247358851683,4.15,0.6538348415311012,0
963,0.9413205999474196,0.02467535113252753,0.017685028048557892,0.008911943127243029,0.00044948387601234923,0.00020811679710914,100.0,0.0,64.6,3.1208973068654466,1.1,0.3,4.1,0.7681145747868608,0
964,0.940431331501167,0.026022141572060235,0.018162205371798974,0.009058042640502043,0.00045391943246729803,0.0002294664717759623,100.0,0.0,63.6,3.7067505985701277,1.1,0.3,4.4,0.9165151389911679,0
965,0.9389651075911601,0.022769034395202833,0.01834803089765402,0.008922259763612604,0.00046830210791774823,0.0001691590209855588,100.0,0.0,62.4,2.6907248094147422,1.1,0.3,4.1,0.7000000000000001,0
966,0.9368076401596961,0.022540358663209047,0.018552393224434215,0.009073511227186165,0.00048359195744874264,0.0001704247837212378,100.0,0.0,63.7,3.0512292604784714,1.075,0.23848480035423641,4.05,0.49749371855331004,0
967,0.9375235845369116,0.022118513707354757,0.018776777848348226,0.008024787223117629,0.0004807367166862076,0.0002194076952545862,100.0,0.0,63.15,3.2291639784935047,1.05,0.21794494717703372,4.15,0.8529361054615991,0
968,0.9392795970343606,0.020927935837363416,0.017517307140746764,0.00746365212261367,0.0004914889481460411,0.00020386459382527503,100.0,0.0,62.5,2.3345235059857505,1.0,0.0,4.15,0.7262919523166976,0
969,0.9327323379195684,0.023012374124159407,0.017121862676854553,0.007190421540187794,0.0005875073286798722,0.00021162756535562382,100.0,0.0,63.25,2.56661255354212,1.05,0.21794494717703372,4.35,0.7262919523166976,0
970,0.9299586581591827,0.025144061463467784,0.017150969662288164,0.007888727710507906,0.0006310651366308818,0.0002874406294584428,100.0,0.0,64.2,3.6414282912066254,1.075,0.23848480035423641,4.15,0.6538348415311009,0
971,0.9335890880473972,0.02334284792037593,0.017338653421631066,0.007608210316005051,0.0005719643766516734,0.000204648742503102,100.0,0.0,62.85,2.9372606285449034,1.15,0.3570714214271425,4.4,0.66332495807108,0
972,0.9329550107074024,0.02447665963416128,0.01527758783270769,0.008632143843987299,0.000596903286961093,0.00021693572273044564,100.0,0.0,64.15,3.070423423568808,1.025,0.10897247358851683,4.2,0.6782329983125268,0
973,0.9356711217970062,0.02214062765530753,0.014075523674097961,0.007822385087690994,0.0005935562527562661,0.00026591162661314524,100.0,0.0,62.5,2.819574435974337,1.025,0.10897247358851683,4.4,0.4898979485566356,0
974,0.933808511581422,0.02441303855143415,0.01454142579450427,0.009219990545754604,0.0005879752819461213,0.0002424071983472845,100.0,0.0,64.3,2.7766886753829647,1.05,0.21794494717703372,4.2,0.8717797887081347,0
975,0.9337092553758817,0.022365005043463036,0.015234835401972402,0.008572981873656042,0.0005783002806059595,0.00021454336874529982,100.0,0.0,63.5,2.5,1.05,0.2179449471770337,4.2,0.812403840463596,0
976,0.9322385528123911,0.023318776319226478,0.015436994666662929,0.00823915711819734,0.0006066151677285522,0.00019026064794887883,100.0,0.0,63.95,3.2167530212933664,1.0,0.0,4.4,0.7348469228349533,0
977,0.9349666035058588,0.025529337720551222,0.016658056748902354,0.008956778808830348,0.0005465237705479044,0.00020920261600681695,100.0,0.0,62.9,2.861817604250837,1.075,0.23848480035423641,4.45,0.5894913061275798,0
978,0.9339320795253216,0.022737586855018248,0.015681981773603172,0.008963784305574925,0.0005704885889600201,0.00018913936050846396,100.0,0.0,63.15,3.91503512117069,1.1,0.3,4.1,0.5385164807134504,0
979,0.9335904511081006,0.021447541378827355,0.017702448656944925,0.00814057641633999,0.0005440480857959582,0.00017599336008552197,100.0,0.0,63.6,3.8131351929875237,1.1,0.3,4.3,0.6403124237432849,0
980,0.937416466115798,0.018790635629194526,0.01613745058218708,0.008229290540319345,0.0005218298267577345,0.0001795859171858434,100.0,0.0,62.85,2.495495942693556,1.1,0.3,4.3,0.9,0
981,0.9377091151991145,0.018620209142047806,0.01527221032125014,0.007942937482359276,0.0005358908983668317,0.00019274524402542882,100.0,0.0,63.85,2.706935536727833,1.075,0.23848480035423641,4.2,0.6,0
982,0.9405487217465518,0.023071996793790236,0.014846012754241805,0.008601634342093925,0.0005023575229658628,0.0002071032392370682,100.0,0.0,63.7,2.703701166919155,1.025,0.10897247358851683,4.35,0.7921489758877431,0
983,0.9390203082683909,0.024019755789771,0.015263496915179278,0.0075941005994352145,0.0005391322203955311,0.0002704572554202076,100.0,0.0,63.0,3.0,1.125,0.3112474899497183,4.25,0.7664854858377946,0
984,0.9332965290115787,0.02221352346008475,0.015472524122381828,0.007016666831403363,0.000610393572931777,0.00025364890413274955,100.0,0.0,63.2,3.171750305430741,1.05,0.21794494717703372,4.25,0.8874119674649424,0
985,0.9352033798600881,0.019631692762778274,0.015705500444755573,0.006472619097839517,0.0005721493764314874,0.00018764355485907994,100.0,0.0,63.15,3.0376800358168077,1.1,0.2549509756796392,4.0,0.4472135954999579,0
986,0.9373850907210167,0.01891318559928385,0.014089948309971201,0.005253458457941035,0.0005823345015062291,0.00020916672366210306,100.0,0.0,64.6,4.042276586281548,1.1,0.3,4.0,0.5477225575051661,0
987,0.9380305079012171,0.025240662370465225,0.01437072629675005,0.006582469695457712,0.0005643751424142335,0.0002504902715019761,100.0,0.0,63.4,2.5961509971494343,1.1,0.3,4.35,0.7262919523166975,0
988,0.9358076018905983,0.025570293167850387,0.013921357801723913,0.006066203946455345,0.0005998915170853096,0.0002730611695210294,100.0,0.0,64.0,2.4289915602982237,1.0,0.0,4.1,0.7000000000000001,0
989,0.9364010410523651,0.02624547227407767,0.01584897608783927,0.006097381946826796,0.0005734260101560166,0.00028535119101115756,100.0,0.0,63.45,2.692118125194361,1.05,0.21794494717703372,4.35,0.7921489758877431,0
990,0.9311864597757509,0.021393020805496724,0.01643811538124237,0.006229191892233444,0.0006188810378452816,0.00023350603036600355,100.0,0.0,62.95,2.1558061137310096,1.0,0.0,4.15,0.8529361054615991,0
991,0.9298665517340513,0.02790330513326949,0.015183781269810959,0.006176680322181782,0.0006561518250359289,0.00031781698814573517,100.0,0.0,63.3,3.333166662499792,1.075,0.23848480035423641,4.35,0.9096702699330127,0
992,0.932408950304888,0.027543120479996287,0.01452735141332932,0.006314162466264151,0.0006361733613256739,0.0002784173112223629,100.0,0.0,63.55,2.747271373563231,1.15,0.3570714214271425,4.3,0.714142842854285,0
993,0.93844864430267,0.025704001686684047,0.015512252528176968,0.00581889033624209,0.0005394550865754817,0.00024151188333341057,100.0,0.0,63.65,3.305676935213119,1.0,0.0,4.35,0.9630680142129111,0
994,0.9353214837221324,0.02421068628582352,0.01499283063904871,0.006483576112306205,0.0005818219588764187,0.0002352878865301567,100.0,0.0,62.85,3.5110539728121526,1.125,0.3112474899497183,4.15,0.5722761571129799,0
995,0.9332214797057597,0.02400796673499766,0.01436899555847151,0.006829973743510096,0.0006128922316957855,0.00023062668803111602,100.0,0.0,64.0,3.605551275463989,1.025,0.10897247358851683,4.15,0.47696960070847283,0
996,0.935304590874169,0.023014337872137053,0.01432668022762625,0.007090856354252532,0.0005932766973990177,0.00024032910722481926,100.0,0.0,63.2,3.2649655434629015,1.05,0.21794494717703372,4.25,0.5361902647381804,0
997,0.9391535628884785,0.020643040527382594,0.013825370585743388,0.006485780998001558,0.0005513107704085247,0.0001848102382312541,100.0,0.0,63.5,1.8303005217723127,1.0,0.0,4.05,0.6689544080129826,0
998,0.939102792784834,0.023226607573301576,0.014142167917125092,0.006149907349540226,0.0005621979306708843,0.00021690974957232383,100.0,0.0,62.7,3.874274125562103,1.1,0.3,4.15,0.5722761571129799,0
999,0.9424706034200435,0.020868884524262964,0.013370575326012402,0.006691176859871683,0.0005255969590859013,0.0002030879336300207,100.0,0.0,63.15,3.2446109165815247,1.025,0.10897247358851683,4.2,0.7483314773547883,0
